# Blender 5.0.1
# www.blender.org
mtllib cochellantaatrasder.mtl
g VWBeetle.004_Mesh
v -0.436284 -0.039801 -0.592933
v -0.426612 -0.244316 0.174620
v -0.434207 -0.237110 -0.619702
v -0.437752 0.144657 -0.517936
v -0.438521 0.304675 -0.399422
v -0.438541 0.430198 -0.244840
v -0.437812 0.513338 -0.063901
v -0.436379 0.548872 0.132025
v -0.434332 0.534568 0.330627
v -0.431800 0.471323 0.519427
v -0.428942 0.363112 0.686562
v -0.425938 0.216734 0.821528
v -0.422976 0.041386 0.915849
v -0.420242 -0.151913 0.963594
v -0.417909 -0.351018 0.961766
v -0.416122 -0.543418 0.910478
v -0.414995 -0.717025 0.812953
v -0.414597 -0.860931 0.675320
v -0.414955 -0.966092 0.506225
v -0.416045 -1.025900 0.316296
v -0.417798 -1.036600 0.117465
v -0.420106 -0.997516 -0.077776
v -0.422822 -0.911107 -0.257158
v -0.425777 -0.782801 -0.409409
v -0.428783 -0.620660 -0.524964
v -0.431654 -0.434871 -0.596561
v 0.157910 1.424246 0.014989
v 0.181847 1.736915 0.017594
v 0.170595 1.808737 0.018353
v 0.118189 1.887648 0.019570
v 0.010591 1.950758 0.021172
v -0.166242 1.975180 0.023084
v -0.342775 1.948498 0.024530
v -0.452336 1.887465 0.025024
v -0.507838 1.813015 0.024880
v -0.522196 1.746078 0.024410
v -0.510989 1.416349 0.021314
v 0.156254 1.412724 -0.174477
v 0.179812 1.722747 -0.215369
v 0.168471 1.793960 -0.224630
v 0.115970 1.872197 -0.234487
v 0.008293 1.934763 -0.241849
v -0.168573 1.958960 -0.243629
v -0.345075 1.932486 -0.238758
v -0.454563 1.871959 -0.229944
v -0.509976 1.798134 -0.219814
v -0.524253 1.731762 -0.210987
v -0.512645 1.404827 -0.168152
v 0.154941 1.374946 -0.360498
v 0.178198 1.676296 -0.444097
v 0.166788 1.745511 -0.463195
v 0.114209 1.821540 -0.483925
v 0.006470 1.882318 -0.500091
v -0.170421 1.905780 -0.505494
v -0.346900 1.879988 -0.497260
v -0.456330 1.821120 -0.480280
v -0.511672 1.749344 -0.460061
v -0.525884 1.684826 -0.442105
v -0.513958 1.367049 -0.354173
v 0.153996 1.311648 -0.539454
v 0.177036 1.598466 -0.664138
v 0.165576 1.664333 -0.692701
v 0.112942 1.736663 -0.723890
v 0.005158 1.794446 -0.748523
v -0.171751 1.816674 -0.757413
v -0.348213 1.792027 -0.745943
v -0.457602 1.735938 -0.721107
v -0.512892 1.667594 -0.691181
v -0.527058 1.606183 -0.664444
v -0.514902 1.303751 -0.533129
v 0.153438 1.224062 -0.707861
v 0.176349 1.490771 -0.871210
v 0.164860 1.552007 -0.908678
v 0.112193 1.619217 -0.949711
v 0.004383 1.672855 -0.982312
v -0.172537 1.693377 -0.994483
v -0.348988 1.670314 -0.979970
v -0.458353 1.618070 -0.947739
v -0.513613 1.554477 -0.908679
v -0.527752 1.497363 -0.873678
v -0.515461 1.216165 -0.701536
v 0.153277 1.113892 -0.862441
v 0.176151 1.355308 -1.061280
v 0.164653 1.410718 -1.106922
v 0.111977 1.471488 -1.156992
v 0.004160 1.519914 -1.196906
v -0.172763 1.538290 -1.212090
v -0.349212 1.517218 -1.194780
v -0.458570 1.469811 -1.155763
v -0.513821 1.412193 -1.108320
v -0.527952 1.360485 -1.065734
v -0.515622 1.105995 -0.856117
v 0.153517 0.983284 -1.000189
v 0.176446 1.194713 -1.230651
v 0.164960 1.243216 -1.283577
v 0.112299 1.296353 -1.341697
v 0.004492 1.338599 -1.388130
v -0.172426 1.354429 -1.405997
v -0.348879 1.335719 -1.386198
v -0.458247 1.294047 -1.341133
v -0.513512 1.243512 -1.286218
v -0.527654 1.198213 -1.236874
v -0.515382 0.975387 -0.993864
v 0.154152 0.834778 -1.118417
v 0.177227 1.012113 -1.376025
v 0.165775 1.052762 -1.435203
v 0.113150 1.097219 -1.500235
v 0.005374 1.132438 -1.552262
v -0.171532 1.145375 -1.572432
v -0.347997 1.129349 -1.550495
v -0.457392 1.094197 -1.500238
v -0.512692 1.051717 -1.438912
v -0.526865 1.013706 -1.383766
v -0.514747 0.826881 -1.112092
v 0.155171 0.671266 -1.214831
v 0.178480 0.811061 -1.494573
v 0.167082 0.843063 -1.558851
v 0.114517 0.877962 -1.629515
v 0.006788 0.905445 -1.686106
v -0.170098 0.915196 -1.708153
v -0.346581 0.902126 -1.684474
v -0.456021 0.874153 -1.629984
v -0.511376 0.840541 -1.563429
v -0.525599 0.810554 -1.503553
v -0.513728 0.663369 -1.208506
v 0.156553 0.495930 -1.287549
v 0.180179 0.595470 -1.583986
v 0.168855 0.618200 -1.652109
v 0.116370 0.642851 -1.727026
v 0.008707 0.662037 -1.787055
v -0.168152 0.668373 -1.810522
v -0.344660 0.658473 -1.785527
v -0.454161 0.638198 -1.727845
v -0.509591 0.614095 -1.657346
v -0.523882 0.592711 -1.593900
v -0.512346 0.488033 -1.281224
v 0.158272 0.312183 -1.335160
v 0.182293 0.369537 -1.642527
v 0.171060 0.382550 -1.713167
v 0.118675 0.396461 -1.790867
v 0.011094 0.406953 -1.853149
v -0.165732 0.409708 -1.877542
v -0.342271 0.403130 -1.851687
v -0.451848 0.390923 -1.791914
v -0.507370 0.376786 -1.718834
v -0.521746 0.364418 -1.653051
v -0.510627 0.304286 -1.328835
v 0.160295 0.123601 -1.356732
v 0.184780 0.137660 -1.669054
v 0.173653 0.140700 -1.740835
v 0.121387 0.143588 -1.819794
v 0.013902 0.145157 -1.883098
v -0.162885 0.144238 -1.907911
v -0.339460 0.141070 -1.881667
v -0.449126 0.137142 -1.820948
v -0.504758 0.133232 -1.746697
v -0.519233 0.130118 -1.679855
v -0.508604 0.115705 -1.350407
v 0.162581 -0.066145 -1.351851
v 0.187591 -0.095650 -1.663051
v 0.176585 -0.102644 -1.734574
v 0.124453 -0.110846 -1.813248
v 0.017075 -0.118255 -1.876320
v -0.159666 -0.122871 -1.901039
v -0.336283 -0.122609 -1.874882
v -0.446049 -0.118206 -1.814377
v -0.501806 -0.111825 -1.740391
v -0.516392 -0.105628 -1.673789
v -0.506318 -0.074042 -1.345526
v 0.165087 -0.253362 -1.320608
v 0.190672 -0.325849 -1.624635
v 0.179799 -0.342744 -1.694505
v 0.127813 -0.361889 -1.771355
v 0.020554 -0.378157 -1.832948
v -0.156139 -0.386420 -1.857057
v -0.332801 -0.382774 -1.831465
v -0.442677 -0.370151 -1.772333
v -0.498570 -0.353616 -1.700039
v -0.513279 -0.338232 -1.634973
v -0.503812 -0.261258 -1.314283
v 0.167763 -0.434406 -1.263612
v 0.193963 -0.548458 -1.554553
v 0.183231 -0.574927 -1.621410
v 0.131402 -0.604654 -1.694928
v 0.024269 -0.629489 -1.753824
v -0.152371 -0.641279 -1.776824
v -0.329082 -0.634360 -1.752262
v -0.439076 -0.613788 -1.695631
v -0.495113 -0.587434 -1.626430
v -0.509954 -0.563166 -1.564159
v -0.501136 -0.442302 -1.257287
v 0.170558 -0.605753 -1.181973
v 0.197399 -0.759145 -1.454171
v 0.186815 -0.794675 -1.516711
v 0.135149 -0.834417 -1.585457
v 0.028149 -0.867359 -1.640491
v -0.148437 -0.882488 -1.661899
v -0.325198 -0.872471 -1.638814
v -0.435314 -0.844377 -1.585767
v -0.491504 -0.808729 -1.520995
v -0.506482 -0.776053 -1.462729
v -0.498341 -0.613650 -1.175648
v 0.173417 -0.764068 -1.077281
v 0.200915 -0.953807 -1.325442
v 0.190482 -0.997709 -1.382445
v 0.138983 -1.046705 -1.445071
v 0.032118 -1.087138 -1.495152
v -0.144412 -1.105351 -1.514521
v -0.321225 -1.092472 -1.493328
v -0.431467 -1.057427 -1.444877
v -0.487811 -1.013193 -1.385783
v -0.502930 -0.972749 -1.332655
v -0.495482 -0.771965 -1.070956
v 0.176284 -0.906271 -0.951571
v 0.204440 -1.128657 -1.170872
v 0.194159 -1.180080 -1.221227
v 0.142828 -1.237387 -1.276505
v 0.036099 -1.284548 -1.320638
v -0.140376 -1.305532 -1.337557
v -0.317241 -1.290082 -1.318637
v -0.427608 -1.248794 -1.275705
v -0.484108 -1.196848 -1.223429
v -0.499367 -1.149426 -1.176469
v -0.492615 -0.914168 -0.945246
v 0.179105 -1.029592 -0.807291
v 0.207908 -1.280291 -0.993466
v 0.197776 -1.338235 -1.036193
v 0.146610 -1.402751 -1.083038
v 0.040014 -1.455747 -1.120342
v -0.136406 -1.479133 -1.134451
v -0.313322 -1.461454 -1.118139
v -0.423813 -1.414751 -1.081544
v -0.480466 -1.356117 -1.037092
v -0.495863 -1.302643 -0.997213
v -0.489795 -1.037489 -0.800966
v 0.181822 -1.131631 -0.647250
v 0.211250 -1.405758 -0.796683
v 0.201262 -1.469098 -0.830945
v 0.150254 -1.539577 -0.868435
v 0.043787 -1.597402 -0.898168
v -0.132580 -1.622776 -0.909159
v -0.309545 -1.603253 -0.895741
v -0.420156 -1.552069 -0.866172
v -0.476955 -1.487901 -0.830399
v -0.492486 -1.429420 -0.798373
v -0.487077 -1.139528 -0.640925
v 0.184385 -1.210403 -0.474563
v 0.214401 -1.502615 -0.584349
v 0.204548 -1.570121 -0.609478
v 0.153691 -1.645205 -0.636875
v 0.047345 -1.706756 -0.658437
v -0.128972 -1.733666 -0.666062
v -0.305983 -1.712718 -0.655767
v -0.416707 -1.658076 -0.633779
v -0.473645 -1.589636 -0.607372
v -0.489302 -1.527289 -0.583820
v -0.484514 -1.218300 -0.468238
v 0.186743 -1.264375 -0.292590
v 0.217300 -1.568977 -0.360597
v 0.207572 -1.639337 -0.376104
v 0.156853 -1.717576 -0.392864
v 0.050618 -1.781682 -0.405816
v -0.125653 -1.809643 -0.409896
v -0.302707 -1.787719 -0.402890
v -0.413534 -1.730707 -0.388892
v -0.470600 -1.659340 -0.372355
v -0.486373 -1.594345 -0.357732
v -0.482156 -1.272272 -0.286265
v 0.188850 -1.292496 -0.104873
v 0.219891 -1.603554 -0.129784
v 0.210274 -1.675401 -0.135364
v 0.159678 -1.755283 -0.141152
v 0.053543 -1.820719 -0.145222
v -0.122687 -1.849228 -0.145645
v -0.299779 -1.826796 -0.142031
v -0.410698 -1.768550 -0.136275
v -0.467879 -1.695657 -0.129918
v -0.483755 -1.629283 -0.124508
v -0.480049 -1.300393 -0.098548
v 0.190665 -1.294217 0.084933
v 0.222123 -1.605671 0.103599
v 0.212602 -1.677609 0.108058
v 0.162112 -1.757592 0.113364
v 0.056063 -1.823110 0.118273
v -0.120132 -1.851652 0.121549
v -0.297256 -1.829188 0.121731
v -0.408256 -1.770867 0.119153
v -0.465535 -1.697881 0.115216
v -0.481500 -1.631422 0.111313
v -0.478234 -1.302114 0.091258
v 0.192153 -1.269507 0.273135
v 0.223952 -1.575288 0.335009
v 0.214510 -1.645919 0.349420
v 0.164107 -1.724458 0.365725
v 0.058128 -1.788806 0.379541
v -0.118037 -1.816867 0.386483
v -0.295189 -1.794850 0.383263
v -0.406253 -1.737614 0.372423
v -0.463613 -1.665968 0.358278
v -0.479652 -1.600721 0.345140
v -0.476746 -1.277404 0.279460
v 0.193284 -1.218846 0.456069
v 0.225343 -1.512995 0.559942
v 0.215962 -1.580948 0.584028
v 0.165624 -1.656525 0.611025
v 0.059699 -1.718476 0.633496
v -0.116444 -1.745550 0.644004
v -0.293616 -1.724449 0.637475
v -0.404731 -1.669437 0.618603
v -0.462152 -1.600538 0.594537
v -0.478246 -1.537778 0.572422
v -0.475614 -1.226743 0.462394
v 0.194038 -1.143220 0.630173
v 0.226270 -1.420006 0.774020
v 0.216928 -1.483959 0.807312
v 0.166634 -1.555116 0.844486
v 0.060745 -1.613489 0.875198
v -0.115384 -1.639089 0.889095
v -0.292569 -1.619356 0.879419
v -0.403717 -1.567664 0.852904
v -0.461179 -1.502867 0.819395
v -0.477310 -1.443818 0.788737
v -0.474861 -1.151116 0.636498
v 0.194398 -1.044100 0.792063
v 0.226713 -1.298131 0.973076
v 0.217390 -1.356842 1.014929
v 0.167118 -1.422205 1.061566
v 0.061246 -1.475888 1.099936
v -0.114876 -1.499557 1.116989
v -0.292068 -1.481616 1.104387
v -0.403231 -1.434276 1.070762
v -0.460713 -1.374854 1.028473
v -0.476862 -1.320669 0.989872
v -0.474500 -1.051997 0.798388
v 0.194359 -0.923417 0.938583
v 0.226665 -1.149740 1.153235
v 0.217340 -1.202070 1.202837
v 0.167065 -1.260379 1.258037
v 0.061191 -1.308352 1.303341
v -0.114932 -1.329669 1.323247
v -0.292123 -1.313910 1.307997
v -0.403284 -1.271868 1.267940
v -0.460764 -1.218993 1.217703
v -0.476910 -1.170729 1.171913
v -0.474540 -0.931314 0.944908
v 0.193921 -0.783519 1.066883
v 0.226126 -0.977724 1.310992
v 0.216778 -1.022655 1.367378
v 0.166477 -1.072788 1.430078
v 0.060583 -1.114141 1.481451
v -0.115549 -1.132733 1.503859
v -0.292732 -1.119502 1.486288
v -0.403874 -1.083603 1.440598
v -0.461330 -1.038314 1.383404
v -0.477455 -0.996915 1.331317
v -0.474978 -0.791416 1.073207
v 0.193092 -0.627130 1.174466
v 0.225106 -0.785429 1.443275
v 0.215714 -0.822090 1.505350
v 0.165365 -0.863081 1.574339
v 0.059431 -0.897034 1.630803
v -0.116716 -0.912580 1.655305
v -0.293884 -0.902176 1.635791
v -0.404990 -0.873143 1.585378
v -0.462401 -0.836337 1.522347
v -0.478485 -0.802612 1.464981
v -0.475807 -0.635027 1.180791
v 0.191888 -0.457292 1.259238
v 0.223627 -0.576599 1.547510
v 0.214171 -0.604278 1.614068
v 0.163751 -0.635342 1.688012
v 0.057761 -0.661259 1.748487
v -0.118410 -0.673496 1.774642
v -0.295557 -0.666163 1.753593
v -0.406610 -0.644587 1.699459
v -0.463956 -0.616991 1.631832
v -0.479980 -0.591601 1.570305
v -0.477011 -0.465189 1.265563
v 0.190334 -0.277312 1.319550
v 0.221715 -0.355298 1.621667
v 0.212177 -0.373460 1.691416
v 0.161667 -0.394004 1.768883
v 0.055602 -0.411405 1.832213
v -0.120598 -0.420135 1.859542
v -0.297717 -0.416056 1.837404
v -0.408702 -0.402382 1.780620
v -0.465963 -0.384548 1.709724
v -0.481912 -0.367989 1.645238
v -0.478565 -0.285209 1.325875
v 0.188458 -0.090693 1.354226
v 0.219409 -0.125834 1.664304
v 0.209772 -0.134126 1.735886
v 0.159152 -0.143763 1.815383
v 0.052999 -0.152334 1.880351
v -0.123238 -0.157428 1.908357
v -0.300323 -0.156723 1.885590
v -0.411225 -0.151242 1.827285
v -0.468385 -0.143529 1.754507
v -0.484242 -0.136127 1.688322
v -0.480441 -0.098590 1.360551
v 0.186299 0.098933 1.362592
v 0.216754 0.107328 1.674591
v 0.207003 0.109064 1.746615
v 0.156256 0.110510 1.826600
v 0.050001 0.110912 1.891966
v -0.126278 0.109513 1.920134
v -0.303324 0.106790 1.897218
v -0.414132 0.103945 1.838545
v -0.471174 0.101373 1.765312
v -0.486925 0.099470 1.698714
v -0.482600 0.091036 1.368916
v 0.183897 0.287874 1.344486
v 0.213801 0.339648 1.652327
v 0.203922 0.351375 1.723394
v 0.153036 0.363865 1.802321
v 0.046667 0.373207 1.866829
v -0.129660 0.375489 1.894645
v -0.306662 0.369350 1.872055
v -0.417364 0.358210 1.814177
v -0.474276 0.345391 1.741927
v -0.489909 0.334216 1.676218
v -0.485002 0.279977 1.350811
v 0.181299 0.472455 1.300259
v 0.210607 0.566605 1.597947
v 0.200591 0.588094 1.666676
v 0.149553 0.611373 1.743015
v 0.043061 0.629448 1.805432
v -0.133316 0.635326 1.832384
v -0.310271 0.625850 1.810596
v -0.420859 0.606606 1.754660
v -0.477631 0.583777 1.684808
v -0.493136 0.563544 1.621270
v -0.487599 0.464558 1.306583
v 0.178557 0.649081 1.230772
v 0.207235 0.783782 1.512507
v 0.197074 0.814611 1.577561
v 0.145876 0.848214 1.649839
v 0.039254 0.874647 1.708967
v -0.137176 0.883966 1.734568
v -0.314082 0.871297 1.714034
v -0.424549 0.844298 1.661149
v -0.481172 0.811889 1.595066
v -0.496543 0.782990 1.534937
v -0.490342 0.641184 1.237097
v 0.175723 0.814314 1.137378
v 0.203751 0.986951 1.397671
v 0.193440 1.026518 1.457786
v 0.142076 1.069779 1.524606
v 0.035320 1.104030 1.579316
v -0.141165 1.116568 1.603096
v -0.318020 1.100912 1.584251
v -0.428363 1.066659 1.535467
v -0.484832 1.025288 1.474448
v -0.500064 0.988281 1.418902
v -0.493175 0.806418 1.143703
v 0.172853 0.964940 1.021896
v 0.200221 1.172159 1.255675
v 0.189759 1.219692 1.309682
v 0.138227 1.271756 1.369752
v 0.031336 1.313134 1.418998
v -0.145206 1.328607 1.440529
v -0.322008 1.310228 1.423771
v -0.432226 1.269361 1.380056
v -0.488539 1.219822 1.325302
v -0.503630 1.175423 1.275424
v -0.496046 0.957043 1.028221
v 0.170002 1.098026 0.886571
v 0.196716 1.335799 1.089282
v 0.186103 1.390370 1.136133
v 0.134404 1.450213 1.188294
v 0.027378 1.497888 1.231135
v -0.149219 1.515955 1.250029
v -0.325970 1.495170 1.235719
v -0.436062 1.448460 1.197947
v -0.492221 1.391702 1.150530
v -0.507172 1.340773 1.107292
v -0.498896 1.090129 0.892895
v 0.167227 1.210981 0.734040
v 0.193303 1.474687 0.901731
v 0.182543 1.535232 0.940517
v 0.130682 1.601677 0.983762
v 0.023525 1.654697 1.019386
v -0.153127 1.674964 1.035308
v -0.329827 1.652137 1.023754
v -0.439798 1.600468 0.992679
v -0.495806 1.537584 0.953537
v -0.510621 1.481112 0.917782
v -0.501672 1.203085 0.740365
v 0.164580 1.301608 0.567269
v 0.190049 1.586121 0.696672
v 0.179149 1.651458 0.726638
v 0.127133 1.723201 0.760136
v 0.019850 1.780508 0.787869
v -0.156853 1.802541 0.800541
v -0.333506 1.778076 0.792004
v -0.443360 1.722427 0.768249
v -0.499224 1.654628 0.738152
v -0.513909 1.593709 0.710581
v -0.504319 1.293711 0.573594
v 0.162113 1.368142 0.389505
v 0.187016 1.667930 0.478096
v 0.175986 1.736786 0.498662
v 0.123826 1.812417 0.521769
v 0.016427 1.872873 0.541091
v -0.160325 1.896202 0.550301
v -0.336933 1.870534 0.544976
v -0.446679 1.811965 0.529027
v -0.502409 1.740557 0.508570
v -0.516974 1.676373 0.489723
v -0.506786 1.360245 0.395830
v 0.159875 1.409288 0.204209
v 0.184264 1.718523 0.250260
v 0.173116 1.789554 0.261025
v 0.120825 1.867591 0.273302
v 0.013320 1.929994 0.283857
v -0.163475 1.954124 0.289456
v -0.340043 1.927712 0.287481
v -0.449690 1.867336 0.279668
v -0.505299 1.793697 0.269261
v -0.519754 1.727494 0.259506
v -0.509023 1.401391 0.210534
v 0.365104 0.382867 0.003691
v 0.321136 0.517793 0.005203
v 0.259648 0.651268 0.007001
v 0.189400 0.783912 0.008876
v 0.364474 0.374144 -0.073819
v 0.320245 0.505493 -0.104394
v 0.258495 0.635361 -0.134744
v 0.187988 0.764416 -0.164843
v 0.364107 0.347525 -0.145891
v 0.319717 0.467324 -0.207867
v 0.257813 0.585996 -0.268568
v 0.187151 0.703915 -0.328854
v 0.364012 0.304707 -0.209426
v 0.319584 0.405504 -0.299199
v 0.257640 0.506041 -0.386692
v 0.186939 0.605925 -0.473623
v 0.364198 0.246771 -0.262050
v 0.319852 0.323624 -0.373085
v 0.257986 0.400143 -0.482252
v 0.187364 0.476140 -0.590739
v 0.364658 0.178174 -0.299037
v 0.320506 0.226445 -0.425231
v 0.258833 0.274457 -0.549693
v 0.188401 0.322102 -0.673394
v 0.365349 0.104312 -0.318177
v 0.321508 0.119613 -0.452605
v 0.260129 0.136288 -0.585098
v 0.189990 0.152765 -0.716785
v 0.366249 0.027181 -0.319312
v 0.322801 0.009337 -0.453618
v 0.261800 -0.006336 -0.586408
v 0.192038 -0.022031 -0.718391
v 0.367312 -0.048813 -0.301787
v 0.324308 -0.097974 -0.428211
v 0.263750 -0.145125 -0.553546
v 0.194427 -0.192128 -0.678116
v 0.368444 -0.117054 -0.267289
v 0.325942 -0.196084 -0.377858
v 0.265864 -0.272014 -0.488425
v 0.197018 -0.347639 -0.598304
v 0.369624 -0.176321 -0.216520
v 0.327609 -0.279290 -0.305488
v 0.268019 -0.379627 -0.394825
v 0.199659 -0.479527 -0.483592
v 0.370791 -0.222751 -0.151022
v 0.329211 -0.342757 -0.215306
v 0.270091 -0.461711 -0.278190
v 0.202199 -0.580128 -0.340646
v 0.371805 -0.250814 -0.078788
v 0.330655 -0.382796 -0.112551
v 0.271959 -0.513496 -0.145295
v 0.204488 -0.643594 -0.177774
v 0.372647 -0.260745 -0.002220
v 0.331858 -0.397082 -0.003199
v 0.273514 -0.531972 -0.003865
v 0.206394 -0.666237 -0.004441
v 0.373261 -0.252548 0.073022
v 0.332749 -0.384783 0.106397
v 0.274667 -0.516065 0.137880
v 0.207807 -0.646742 0.169278
v 0.373641 -0.225809 0.146563
v 0.333277 -0.346614 0.209869
v 0.275349 -0.466700 0.271703
v 0.208643 -0.586241 0.333288
v 0.373739 -0.182190 0.211357
v 0.333410 -0.284793 0.301201
v 0.275522 -0.386745 0.389827
v 0.208855 -0.488251 0.478057
v 0.373544 -0.122968 0.264700
v 0.333142 -0.202914 0.375088
v 0.275176 -0.280847 0.485387
v 0.208431 -0.358466 0.595173
v 0.373077 -0.054185 0.301226
v 0.332488 -0.105734 0.427234
v 0.274330 -0.155161 0.552828
v 0.207394 -0.204428 0.677829
v 0.372364 0.021369 0.320106
v 0.331486 0.001098 0.454608
v 0.273033 -0.016992 0.588234
v 0.205805 -0.035091 0.721220
v 0.371466 0.097693 0.320488
v 0.330193 0.111374 0.455620
v 0.271362 0.125632 0.589544
v 0.203756 0.139705 0.722826
v 0.370404 0.173234 0.302415
v 0.328686 0.218685 0.430213
v 0.269413 0.264421 0.556682
v 0.201367 0.309802 0.682551
v 0.369220 0.243962 0.265505
v 0.327052 0.316794 0.379861
v 0.267299 0.391309 0.491560
v 0.198777 0.465313 0.602739
v 0.368071 0.300982 0.215192
v 0.325385 0.400000 0.307490
v 0.265143 0.498923 0.397961
v 0.196135 0.597201 0.488026
v 0.366969 0.344558 0.153080
v 0.323783 0.463467 0.217309
v 0.263071 0.581007 0.281325
v 0.193596 0.697802 0.345080
v 0.365943 0.372986 0.080061
v 0.322339 0.503507 0.114554
v 0.261203 0.632792 0.148431
v 0.191306 0.761268 0.182208
v 0.327518 0.115243 0.002316
v 0.324380 0.305517 -0.091954
v 0.324501 0.313421 -0.069309
v 0.324657 0.319055 -0.045737
v 0.324849 0.322377 -0.021367
v 0.325074 0.323340 0.003667
v 0.325320 0.321992 0.028019
v 0.325586 0.318422 0.051706
v 0.325871 0.312677 0.074607
v 0.326172 0.304800 0.096604
v 0.368241 0.115723 0.001931
v 0.365104 0.305998 -0.092339
v 0.365225 0.313901 -0.069694
v 0.365381 0.319536 -0.046122
v 0.365572 0.322857 -0.021752
v 0.365797 0.323821 0.003281
v 0.366044 0.322472 0.027634
v 0.366310 0.318903 0.051321
v 0.366594 0.313157 0.074222
v 0.366895 0.305280 0.096219
v 0.324443 0.193743 -0.224868
v 0.324265 0.228441 -0.200381
v 0.324190 0.258577 -0.170621
v 0.324221 0.283518 -0.136247
v 0.327660 0.073253 -0.035048
v 0.328364 0.072586 0.038542
v 0.326861 0.282063 0.141127
v 0.327448 0.258264 0.173512
v 0.328051 0.229835 0.201753
v 0.328657 0.197329 0.225315
v 0.329256 0.161293 0.243665
v 0.330868 -0.087935 0.102979
v 0.328701 0.043486 0.037867
v 0.328023 0.044130 -0.033057
v 0.328955 -0.087050 -0.098307
v 0.324723 0.155116 -0.243427
v 0.365167 0.194224 -0.225255
v 0.364988 0.228922 -0.200766
v 0.364914 0.259058 -0.171006
v 0.364945 0.283999 -0.136632
v 0.368384 0.073734 -0.035433
v 0.369088 0.073066 0.038157
v 0.367585 0.282544 0.140742
v 0.368172 0.258744 0.173126
v 0.368774 0.230316 0.201368
v 0.369381 0.197809 0.224930
v 0.369980 0.161774 0.243280
v 0.371592 -0.087454 0.102594
v 0.369425 0.043967 0.037482
v 0.368747 0.044611 -0.033442
v 0.369678 -0.086569 -0.098692
v 0.365447 0.155597 -0.243812
v 0.330252 0.091537 0.261820
v 0.330357 0.083365 0.262777
v 0.330461 0.075114 0.263417
v 0.330562 0.066792 0.263757
v 0.330662 0.058404 0.263817
v 0.330995 0.028623 0.261866
v 0.331286 -0.000153 0.256690
v 0.331534 -0.027742 0.248476
v 0.331738 -0.053958 0.237402
v 0.331978 -0.093292 0.213682
v 0.332100 -0.127687 0.183639
v 0.332102 -0.156345 0.148064
v 0.331982 -0.178467 0.107749
v 0.370975 0.092018 0.261435
v 0.371081 0.083845 0.262392
v 0.371184 0.075595 0.263032
v 0.371286 0.067272 0.263372
v 0.371385 0.058885 0.263432
v 0.371718 0.029104 0.261481
v 0.372009 0.000327 0.256305
v 0.372257 -0.027261 0.248091
v 0.372462 -0.053478 0.237017
v 0.372702 -0.092811 0.213297
v 0.372824 -0.127206 0.183254
v 0.372826 -0.155864 0.147679
v 0.372706 -0.177986 0.107364
v 0.331899 -0.185915 0.089688
v 0.331778 -0.192948 0.068070
v 0.331625 -0.197964 0.045651
v 0.331442 -0.200919 0.022539
v 0.331228 -0.201769 -0.001155
v 0.331000 -0.200592 -0.023800
v 0.330754 -0.197514 -0.045886
v 0.330494 -0.192585 -0.067324
v 0.330218 -0.185861 -0.088026
v 0.328905 -0.002870 0.001590
v 0.372623 -0.185434 0.089303
v 0.372502 -0.192468 0.067685
v 0.372349 -0.197484 0.045266
v 0.372165 -0.200438 0.022154
v 0.371951 -0.201288 -0.001540
v 0.371723 -0.200112 -0.024185
v 0.371478 -0.197033 -0.046272
v 0.371217 -0.192105 -0.067709
v 0.370942 -0.185380 -0.088411
v 0.369629 -0.002389 0.001205
v 0.329966 -0.178353 -0.105333
v 0.329448 -0.160927 -0.138409
v 0.328906 -0.139098 -0.168436
v 0.328350 -0.113300 -0.194999
v 0.327790 -0.083969 -0.217682
v 0.327222 -0.050867 -0.236387
v 0.326668 -0.015003 -0.250187
v 0.326137 0.023162 -0.258640
v 0.325640 0.063167 -0.261305
v 0.325551 0.070888 -0.261121
v 0.325464 0.078551 -0.260703
v 0.325381 0.086150 -0.260041
v 0.325300 0.093682 -0.259128
v 0.370690 -0.177872 -0.105718
v 0.370171 -0.160446 -0.138795
v 0.369630 -0.138617 -0.168822
v 0.369074 -0.112819 -0.195384
v 0.368513 -0.083487 -0.218067
v 0.367945 -0.050386 -0.236774
v 0.367392 -0.014522 -0.250572
v 0.366861 0.023643 -0.259025
v 0.366364 0.063648 -0.261690
v 0.366274 0.071369 -0.261506
v 0.366188 0.079031 -0.261088
v 0.366104 0.086631 -0.260426
v 0.366024 0.094162 -0.259513
v 0.191525 0.753685 0.008583
v 0.158172 0.887036 0.010112
v 0.119821 0.997806 0.011484
v 0.078137 1.093523 0.012751
v 0.034788 1.181714 0.013965
v 0.038042 1.258631 0.014632
v 0.068534 1.260306 0.014355
v 0.099926 1.272423 0.014165
v 0.112543 1.294366 0.014244
v 0.118424 1.326932 0.014483
v 0.116970 1.356880 0.014768
v 0.184438 1.358414 0.014137
v 0.183659 1.424902 0.014748
v -0.526332 1.416520 0.021461
v -0.525577 1.352110 0.020870
v -0.460245 1.354421 0.020266
v -0.452777 0.717204 0.014414
v -0.517052 0.624656 0.014189
v 0.190680 0.747807 -0.088076
v 0.157165 0.880025 -0.105170
v 0.118678 0.989853 -0.119286
v 0.076878 1.084756 -0.131417
v 0.033420 1.172195 -0.142552
v 0.036581 1.248462 -0.152591
v 0.067071 1.250126 -0.153050
v 0.098449 1.262142 -0.154876
v 0.111039 1.283901 -0.157833
v 0.116881 1.316192 -0.162119
v 0.115390 1.345886 -0.166007
v 0.182858 1.347414 -0.166740
v 0.181997 1.413339 -0.175389
v -0.527993 1.404957 -0.168675
v -0.527160 1.341093 -0.160296
v -0.461830 1.343391 -0.161115
v -0.453587 0.711571 -0.078224
v -0.517750 0.619799 -0.065668
v 0.190010 0.728534 -0.182978
v 0.156366 0.857038 -0.218358
v 0.117772 0.963779 -0.247680
v 0.075879 1.056010 -0.272962
v 0.032336 1.140987 -0.296227
v 0.035422 1.215119 -0.316776
v 0.065911 1.216746 -0.317415
v 0.097278 1.228437 -0.320847
v 0.109847 1.249591 -0.326783
v 0.115657 1.280979 -0.335512
v 0.114138 1.309841 -0.343495
v 0.181604 1.311348 -0.344329
v 0.180680 1.375427 -0.362071
v -0.529311 1.367045 -0.355357
v -0.528415 1.304970 -0.338171
v -0.463087 1.307225 -0.339199
v -0.454229 0.693099 -0.169180
v -0.518303 0.603876 -0.144074
v 0.189528 0.696241 -0.274277
v 0.155791 0.818524 -0.327246
v 0.117120 0.920090 -0.371196
v 0.075160 1.007845 -0.409133
v 0.031555 1.088696 -0.444064
v 0.034588 1.159251 -0.474723
v 0.065076 1.160818 -0.475537
v 0.096435 1.171962 -0.480512
v 0.108989 1.192102 -0.489315
v 0.114776 1.221978 -0.502317
v 0.113236 1.249446 -0.514241
v 0.180702 1.250919 -0.515174
v 0.179732 1.311905 -0.541660
v -0.530259 1.303523 -0.534947
v -0.529319 1.244444 -0.509288
v -0.463991 1.246628 -0.510520
v -0.454691 0.662150 -0.256680
v -0.518701 0.577197 -0.219503
v 0.189244 0.651557 -0.360193
v 0.155451 0.765230 -0.429716
v 0.116734 0.859637 -0.487432
v 0.074735 0.941200 -0.537277
v 0.031094 1.016340 -0.583186
v 0.034095 1.081947 -0.623362
v 0.064583 1.083428 -0.624337
v 0.095937 1.093817 -0.630766
v 0.108482 1.112554 -0.642266
v 0.114256 1.140338 -0.659292
v 0.112703 1.165877 -0.674926
v 0.180169 1.167303 -0.675947
v 0.179171 1.224008 -0.710665
v -0.530819 1.215626 -0.703951
v -0.529853 1.160694 -0.670320
v -0.464526 1.162779 -0.671741
v -0.454964 0.619325 -0.339023
v -0.518937 0.540280 -0.290484
v 0.189161 0.595352 -0.439055
v 0.155353 0.698196 -0.523774
v 0.116623 0.783597 -0.594125
v 0.074612 0.857370 -0.654900
v 0.030961 0.925328 -0.710887
v 0.033953 0.984710 -0.759797
v 0.064441 0.986085 -0.760920
v 0.095793 0.995522 -0.768685
v 0.108336 1.012495 -0.782661
v 0.114106 1.037648 -0.803377
v 0.112550 1.060761 -0.822416
v 0.180015 1.062127 -0.823522
v 0.179010 1.113448 -0.865794
v -0.530981 1.105065 -0.859081
v -0.530007 1.055349 -0.818131
v -0.464680 1.057309 -0.819728
v -0.455042 0.565457 -0.414606
v -0.519004 0.493845 -0.355639
v 0.189284 0.528719 -0.509329
v 0.155499 0.618725 -0.607586
v 0.116789 0.693450 -0.689199
v 0.074795 0.757987 -0.759713
v 0.031159 0.817431 -0.824679
v 0.034165 0.869433 -0.881373
v 0.064652 0.870682 -0.882630
v 0.096007 0.878992 -0.891583
v 0.108553 0.893872 -0.907767
v 0.114329 0.915906 -0.931773
v 0.112778 0.936143 -0.953843
v 0.180244 0.937438 -0.955025
v 0.179250 0.982376 -1.004028
v -0.530740 0.973994 -0.997314
v -0.529778 0.930461 -0.949844
v -0.464451 0.932273 -0.951596
v -0.454925 0.501596 -0.481957
v -0.518903 0.438795 -0.413698
v 0.189608 0.452956 -0.569647
v 0.155885 0.528365 -0.679526
v 0.117227 0.590950 -0.770803
v 0.075278 0.644987 -0.849677
v 0.031684 0.694749 -0.922349
v 0.034725 0.738361 -0.985724
v 0.065214 0.739466 -0.987095
v 0.096573 0.746494 -0.997069
v 0.109130 0.758995 -1.015146
v 0.114921 0.777483 -1.041975
v 0.113384 0.794449 -1.066651
v 0.180850 0.795663 -1.067896
v 0.179888 0.833343 -1.122678
v -0.530103 0.824961 -1.115964
v -0.529170 0.788460 -1.062895
v -0.463842 0.790104 -1.064781
v -0.454615 0.428984 -0.539765
v -0.518636 0.376201 -0.463528
v 0.190127 0.369536 -0.618834
v 0.156505 0.428873 -0.738190
v 0.117930 0.478093 -0.837347
v 0.076053 0.520568 -0.923038
v 0.032525 0.559671 -1.001997
v 0.035625 0.594043 -1.070818
v 0.066114 0.594991 -1.072282
v 0.097482 0.600607 -1.083090
v 0.110055 0.610489 -1.102710
v 0.115871 0.625072 -1.131842
v 0.114356 0.638437 -1.158642
v 0.181823 0.639563 -1.159938
v 0.180910 0.669251 -1.219431
v -0.529081 0.660869 -1.212718
v -0.528196 0.632109 -1.155084
v -0.462867 0.633568 -1.157082
v -0.454116 0.349035 -0.586905
v -0.518206 0.307282 -0.504165
v 0.190833 0.280085 -0.655932
v 0.157346 0.322187 -0.782437
v 0.118884 0.357074 -0.887537
v 0.077105 0.387152 -0.978371
v 0.033667 0.414824 -1.062071
v 0.036845 0.439290 -1.135000
v 0.067335 0.440068 -1.136536
v 0.098716 0.444171 -1.147969
v 0.111311 0.451245 -1.168755
v 0.117159 0.461639 -1.199625
v 0.115675 0.471143 -1.228024
v 0.183143 0.472174 -1.229360
v 0.182297 0.493294 -1.292408
v -0.527693 0.484912 -1.285695
v -0.526874 0.464452 -1.224619
v -0.461544 0.465713 -1.226696
v -0.453441 0.263304 -0.622461
v -0.517624 0.233380 -0.534815
v 0.191710 0.186343 -0.680221
v 0.158392 0.210383 -0.811405
v 0.120071 0.230250 -0.920398
v 0.078413 0.247335 -1.014598
v 0.035087 0.263029 -1.101402
v 0.038362 0.277113 -1.177021
v 0.068854 0.277713 -1.178603
v 0.100250 0.280230 -1.190447
v 0.112872 0.284360 -1.211995
v 0.118762 0.290367 -1.244003
v 0.117316 0.295824 -1.273451
v 0.184784 0.296755 -1.274814
v 0.184023 0.308895 -1.340187
v -0.525968 0.300513 -1.333473
v -0.525230 0.288753 -1.270144
v -0.459898 0.289805 -1.272276
v -0.452600 0.173461 -0.645740
v 0.192741 0.090134 -0.691228
v 0.159623 0.095638 -0.824532
v 0.121467 0.100090 -0.935289
v 0.079952 0.103840 -1.031014
v 0.036758 0.107240 -1.119224
v 0.040147 0.110669 -1.196063
v 0.070641 0.111087 -1.197665
v 0.102054 0.111975 -1.209696
v 0.114709 0.113085 -1.231589
v 0.120647 0.114588 -1.264111
v 0.119245 0.115892 -1.294035
v 0.186715 0.116721 -1.295410
v 0.186052 0.119644 -1.361837
v -0.523938 0.111262 -1.355124
v -0.523297 0.108430 -1.290773
v -0.457962 0.109270 -1.292929
v -0.451611 0.081254 -0.656288
v 0.193908 -0.006669 -0.688738
v 0.161014 -0.019816 -0.821562
v 0.123045 -0.030875 -0.931920
v 0.081692 -0.040541 -1.027299
v 0.038647 -0.049511 -1.115190
v 0.042165 -0.056803 -1.191753
v 0.072661 -0.056569 -1.193351
v 0.104094 -0.057318 -1.205340
v 0.116785 -0.059247 -1.227155
v 0.122778 -0.062276 -1.259561
v 0.121427 -0.065151 -1.289376
v 0.188897 -0.064425 -1.290748
v 0.188346 -0.070775 -1.356938
v -0.521644 -0.079157 -1.350225
v -0.521110 -0.073005 -1.286103
v -0.455773 -0.072381 -1.288254
v -0.450493 -0.011523 -0.653902
v 0.195186 -0.102182 -0.672799
v 0.162539 -0.133731 -0.802551
v 0.124774 -0.160094 -0.910354
v 0.083598 -0.182997 -1.003526
v 0.040717 -0.204172 -1.089380
v 0.044377 -0.222043 -1.164177
v 0.074875 -0.221989 -1.165745
v 0.106329 -0.224355 -1.177465
v 0.119061 -0.229283 -1.198779
v 0.125113 -0.236783 -1.230439
v 0.123818 -0.243781 -1.259566
v 0.191289 -0.243156 -1.260921
v 0.190861 -0.258656 -1.325584
v -0.519129 -0.267038 -1.318870
v -0.518714 -0.252023 -1.256229
v -0.453374 -0.251610 -1.258345
v -0.449268 -0.103062 -0.638626
v 0.196552 -0.194545 -0.643720
v 0.164167 -0.243890 -0.767872
v 0.126621 -0.285052 -0.871016
v 0.085635 -0.320757 -0.960157
v 0.042928 -0.353734 -1.042296
v 0.046739 -0.381834 -1.113873
v 0.077240 -0.381956 -1.115385
v 0.108717 -0.385884 -1.126612
v 0.121492 -0.393712 -1.147015
v 0.127608 -0.405536 -1.177313
v 0.126371 -0.416521 -1.205184
v 0.193844 -0.415994 -1.206509
v 0.193547 -0.440342 -1.268386
v -0.516444 -0.448724 -1.261673
v -0.516155 -0.425138 -1.201730
v -0.450812 -0.424930 -1.203781
v 0.197977 -0.281962 -0.602070
v 0.165868 -0.348149 -0.718196
v 0.128550 -0.403317 -0.814668
v 0.087761 -0.451138 -0.898037
v 0.045237 -0.495286 -0.974853
v 0.049205 -0.533067 -1.041818
v 0.079709 -0.533354 -1.043250
v 0.111211 -0.538761 -1.053774
v 0.124030 -0.549334 -1.072869
v 0.130213 -0.565251 -1.101216
v 0.129038 -0.580009 -1.127291
v 0.196513 -0.579575 -1.128570
v 0.196352 -0.612297 -1.186458
v -0.513639 -0.620679 -1.179745
v -0.513483 -0.588980 -1.123667
v -0.448136 -0.588966 -1.125625
v 0.199436 -0.362730 -0.548660
v 0.167607 -0.444479 -0.654494
v 0.130524 -0.512588 -0.742409
v 0.089937 -0.571603 -0.818374
v 0.047598 -0.626071 -0.888366
v 0.051729 -0.672798 -0.949414
v 0.082236 -0.673238 -0.950746
v 0.113762 -0.680012 -0.960366
v 0.126627 -0.693121 -0.977783
v 0.132878 -0.712818 -1.003629
v 0.131766 -0.731063 -1.027399
v 0.199242 -0.730715 -1.028622
v 0.199221 -0.771174 -1.081393
v -0.510770 -0.779556 -1.074679
v -0.510749 -0.740362 -1.023559
v -0.445399 -0.740527 -1.025399
v 0.200899 -0.435277 -0.484527
v 0.169352 -0.531004 -0.578004
v 0.132503 -0.610737 -0.655642
v 0.092119 -0.679807 -0.722719
v 0.049967 -0.743546 -0.784515
v 0.054260 -0.798307 -0.838461
v 0.084769 -0.798885 -0.839673
v 0.116320 -0.806886 -0.848207
v 0.129231 -0.822272 -0.863609
v 0.135551 -0.845366 -0.886454
v 0.134502 -0.866742 -0.907456
v 0.201980 -0.866472 -0.908611
v 0.202098 -0.913880 -0.955237
v -0.507892 -0.922262 -0.948524
v -0.508007 -0.876336 -0.903354
v -0.442654 -0.876662 -0.905053
v 0.202338 -0.498192 -0.410919
v 0.171068 -0.606041 -0.490215
v 0.134449 -0.695854 -0.556059
v 0.094265 -0.773644 -0.612935
v 0.052297 -0.845422 -0.665325
v 0.056749 -0.907151 -0.711118
v 0.087261 -0.907849 -0.712189
v 0.118836 -0.916915 -0.719478
v 0.131793 -0.934276 -0.732571
v 0.138180 -0.960315 -0.751971
v 0.137192 -0.984407 -0.769794
v 0.204672 -0.984204 -0.770871
v 0.204929 -1.037639 -0.810446
v -0.505062 -1.046021 -0.803732
v -0.505311 -0.994256 -0.765394
v -0.439954 -0.994722 -0.766928
v 0.203724 -0.550250 -0.329270
v 0.172722 -0.668128 -0.392836
v 0.136325 -0.766283 -0.445597
v 0.096333 -0.851288 -0.491157
v 0.054542 -0.929719 -0.533113
v 0.059148 -0.997213 -0.569865
v 0.089663 -0.998008 -0.570782
v 0.121261 -1.007955 -0.576688
v 0.134261 -1.026951 -0.587217
v 0.140713 -1.055428 -0.602795
v 0.139786 -1.081767 -0.617094
v 0.207267 -1.081618 -0.618084
v 0.207656 -1.140040 -0.649838
v -0.502334 -1.148422 -0.643125
v -0.502712 -1.091826 -0.612363
v -0.437352 -1.092408 -0.613716
v 0.205032 -0.590437 -0.241170
v 0.174281 -0.716058 -0.287762
v 0.138094 -0.820652 -0.326407
v 0.098283 -0.911227 -0.359756
v 0.056660 -0.994793 -0.390456
v 0.061410 -1.066738 -0.417449
v 0.091927 -1.067610 -0.418199
v 0.123548 -1.078236 -0.422616
v 0.136588 -1.098494 -0.430377
v 0.143102 -1.128852 -0.441832
v 0.142231 -1.156926 -0.452326
v 0.209713 -1.156820 -0.453223
v 0.210228 -1.219092 -0.476538
v -0.499762 -1.227474 -0.469824
v -0.500261 -1.167149 -0.447239
v -0.434899 -1.167819 -0.448396
v 0.206235 -0.617972 -0.148333
v 0.175716 -0.748898 -0.177037
v 0.139722 -0.857904 -0.200808
v 0.100077 -0.952295 -0.221288
v 0.058607 -1.039379 -0.240125
v 0.063491 -1.114374 -0.256839
v 0.094010 -1.115297 -0.257411
v 0.125652 -1.126390 -0.260257
v 0.138730 -1.147512 -0.265106
v 0.145300 -1.179159 -0.272211
v 0.144481 -1.208422 -0.278699
v 0.211964 -1.208345 -0.279498
v 0.212594 -1.273255 -0.293920
v -0.497396 -1.281637 -0.287207
v -0.498006 -1.218756 -0.273236
v -0.432642 -1.219488 -0.274188
v 0.207310 -0.632318 -0.052564
v 0.176998 -0.766009 -0.062818
v 0.141176 -0.877313 -0.071245
v 0.101680 -0.973692 -0.078452
v 0.060348 -1.062609 -0.085053
v 0.065350 -1.139193 -0.091158
v 0.095872 -1.140144 -0.091550
v 0.127531 -1.151479 -0.092775
v 0.140643 -1.173052 -0.094616
v 0.147264 -1.205371 -0.097239
v 0.146491 -1.235252 -0.099593
v 0.213976 -1.235191 -0.100290
v 0.214709 -1.301475 -0.105537
v -0.495282 -1.309857 -0.098824
v -0.495992 -1.245645 -0.093741
v -0.430625 -1.246409 -0.094480
v 0.208236 -0.633196 0.044268
v 0.178102 -0.767056 0.052672
v 0.142429 -0.878501 0.059762
v 0.103061 -0.975002 0.065974
v 0.061847 -1.064032 0.071749
v 0.066952 -1.140713 0.076367
v 0.097476 -1.141665 0.076159
v 0.129151 -1.153016 0.076572
v 0.142292 -1.174616 0.077771
v 0.148955 -1.206975 0.079680
v 0.148223 -1.236895 0.081506
v 0.215709 -1.236834 0.080913
v 0.216530 -1.303203 0.084942
v -0.493460 -1.311585 0.091655
v -0.494256 -1.247291 0.087753
v -0.428887 -1.248057 0.087228
v 0.208995 -0.620590 0.140284
v 0.179008 -0.752021 0.167187
v 0.143456 -0.861445 0.189660
v 0.104194 -0.956200 0.209179
v 0.063077 -1.043619 0.227223
v 0.068266 -1.118903 0.242476
v 0.098790 -1.119832 0.242449
v 0.130478 -1.130969 0.244487
v 0.143643 -1.152174 0.248701
v 0.150342 -1.183943 0.255105
v 0.149642 -1.213318 0.261075
v 0.217129 -1.213244 0.260585
v 0.218023 -1.278405 0.273812
v -0.491967 -1.286787 0.280525
v -0.492834 -1.223664 0.267711
v -0.427463 -1.224401 0.267401
v 0.209572 -0.594744 0.233611
v 0.179696 -0.721195 0.278496
v 0.144237 -0.826479 0.315922
v 0.105055 -0.917651 0.348378
v 0.064011 -1.001767 0.378347
v 0.069264 -1.074189 0.403935
v 0.099790 -1.075069 0.404085
v 0.131488 -1.085769 0.407703
v 0.144671 -1.106162 0.414845
v 0.151397 -1.136721 0.425620
v 0.150722 -1.164981 0.435618
v 0.218209 -1.164879 0.435226
v 0.219159 -1.227564 0.457394
v -0.490831 -1.235946 0.464107
v -0.491751 -1.175221 0.442632
v -0.426379 -1.175902 0.442528
v 0.209956 -0.556162 0.322435
v 0.180155 -0.675179 0.384433
v 0.144757 -0.774281 0.436091
v 0.105628 -0.860105 0.480858
v 0.064634 -0.939291 0.522176
v 0.069929 -1.007441 0.557603
v 0.100456 -1.008247 0.557922
v 0.132160 -1.018294 0.563041
v 0.145355 -1.037476 0.572973
v 0.152099 -1.066229 0.587905
v 0.151441 -1.092823 0.601738
v 0.218929 -1.092681 0.601440
v 0.219915 -1.151669 0.632117
v -0.490075 -1.160051 0.638831
v -0.491031 -1.102907 0.609113
v -0.425658 -1.103502 0.609206
v 0.210140 -0.505594 0.405026
v 0.180374 -0.614868 0.482936
v 0.145006 -0.705868 0.547828
v 0.105902 -0.784684 0.604041
v 0.064932 -0.857408 0.655914
v 0.070248 -0.919957 0.700487
v 0.100774 -0.920668 0.700962
v 0.132482 -0.929859 0.707480
v 0.145683 -0.947453 0.720005
v 0.152435 -0.973839 0.738803
v 0.151785 -0.998250 0.756202
v 0.219273 -0.998054 0.755991
v 0.220277 -1.052199 0.794579
v -0.489714 -1.060581 0.801293
v -0.490686 -1.008129 0.763912
v -0.425313 -1.008611 0.764187
v 0.210120 -0.444025 0.479776
v 0.180350 -0.541437 0.572089
v 0.144978 -0.622572 0.648958
v 0.105872 -0.692854 0.715531
v 0.064899 -0.757711 0.776956
v 0.070213 -0.813441 0.829808
v 0.100740 -0.814035 0.830424
v 0.132447 -0.822185 0.838206
v 0.145647 -0.837845 0.853079
v 0.152399 -0.861349 0.875376
v 0.151748 -0.883103 0.896002
v 0.219235 -0.882841 0.895871
v 0.220238 -0.931088 0.941619
v -0.489753 -0.939470 0.948333
v -0.490724 -0.892731 0.904014
v -0.425350 -0.893077 0.904456
v 0.209897 -0.372653 0.545232
v 0.180083 -0.456314 0.650156
v 0.144676 -0.526013 0.737512
v 0.105539 -0.586403 0.813157
v 0.064537 -0.642140 0.882946
v 0.069826 -0.689965 0.943047
v 0.100352 -0.690424 0.943787
v 0.132056 -0.697366 0.952677
v 0.145249 -0.710787 0.969604
v 0.151990 -0.730949 0.994967
v 0.151329 -0.749622 1.018417
v 0.218817 -0.749284 1.018356
v 0.219798 -0.790694 1.070374
v -0.490193 -0.799076 1.077088
v -0.491143 -0.758961 1.026696
v -0.425770 -0.759148 1.027282
v 0.209474 -0.292867 0.600117
v 0.179579 -0.361156 0.715617
v 0.144104 -0.418071 0.811766
v 0.104908 -0.467404 0.895019
v 0.063852 -0.512945 0.971822
v 0.069094 -0.551934 1.038001
v 0.099620 -0.552242 1.038845
v 0.131316 -0.557834 1.048664
v 0.144496 -0.568749 1.067315
v 0.151217 -0.585176 1.095245
v 0.150538 -0.600405 1.121066
v 0.218025 -0.599983 1.121064
v 0.218966 -0.633749 1.178339
v -0.491025 -0.642131 1.185053
v -0.491936 -0.609421 1.129567
v -0.426564 -0.609431 1.130276
v 0.208860 -0.206221 0.643365
v 0.178847 -0.257816 0.767197
v 0.143273 -0.300848 0.870277
v 0.103992 -0.338171 0.959524
v 0.062858 -0.372641 1.041852
v 0.068032 -0.402034 1.112822
v 0.098556 -0.402177 1.113748
v 0.130242 -0.406303 1.124299
v 0.143403 -0.414497 1.144308
v 0.150096 -0.426868 1.174263
v 0.149390 -0.438357 1.201951
v 0.216876 -0.437843 1.201994
v 0.217758 -0.463309 1.263413
v -0.492233 -0.471691 1.270127
v -0.493087 -0.447021 1.210627
v -0.427716 -0.446839 1.211432
v 0.208067 -0.114401 0.674135
v 0.177901 -0.148304 0.803894
v 0.142200 -0.176624 0.911905
v 0.102809 -0.201222 1.005415
v 0.061574 -0.223958 1.091676
v 0.066660 -0.243182 1.166053
v 0.097183 -0.243151 1.167038
v 0.128855 -0.245724 1.178108
v 0.141991 -0.251035 1.199083
v 0.148647 -0.259108 1.230479
v 0.147907 -0.266633 1.259495
v 0.215392 -0.266021 1.259571
v 0.216198 -0.282691 1.323937
v -0.493793 -0.291073 1.330651
v -0.494573 -0.274924 1.268296
v -0.429204 -0.274539 1.269169
v 0.207110 -0.019193 0.691825
v 0.176760 -0.034753 0.824993
v 0.140905 -0.047818 0.935838
v 0.101382 -0.059220 1.031801
v 0.060024 -0.069790 1.120323
v 0.065005 -0.078469 1.196658
v 0.095526 -0.078259 1.197676
v 0.127182 -0.079220 1.209047
v 0.140288 -0.081543 1.230577
v 0.146899 -0.085158 1.262801
v 0.146117 -0.088573 1.292580
v 0.213602 -0.087860 1.292675
v 0.214316 -0.095410 1.358737
v -0.495675 -0.103792 1.365450
v -0.496366 -0.096478 1.301453
v -0.431000 -0.095882 1.302366
v 0.206008 0.077549 0.696094
v 0.175446 0.080628 0.830084
v 0.139415 0.083064 0.941613
v 0.099739 0.085070 1.038167
v 0.058240 0.086862 1.127233
v 0.063099 0.088896 1.204042
v 0.093618 0.089291 1.205069
v 0.125255 0.089966 1.216511
v 0.138326 0.090681 1.238175
v 0.144886 0.091594 1.270599
v 0.144057 0.092355 1.300563
v 0.211540 0.093171 1.300662
v 0.212148 0.094889 1.367133
v -0.497842 0.086506 1.373847
v -0.498431 0.084843 1.309454
v -0.433067 0.085654 1.310375
v 0.204783 0.173941 0.686856
v 0.173984 0.195592 0.819066
v 0.137757 0.213473 0.929116
v 0.097911 0.228839 1.024389
v 0.056256 0.242948 1.112276
v 0.060979 0.255658 1.188061
v 0.091495 0.256235 1.189070
v 0.123112 0.258541 1.200356
v 0.136145 0.262283 1.221730
v 0.142647 0.267709 1.253722
v 0.141765 0.272631 1.283287
v 0.209247 0.273549 1.283376
v 0.209738 0.284500 1.348962
v -0.500252 0.276118 1.355675
v -0.500728 0.265509 1.292140
v -0.435366 0.266534 1.293041
v 0.203458 0.268109 0.664292
v 0.172404 0.307903 0.792156
v 0.135964 0.340872 0.898590
v 0.095935 0.369289 0.990736
v 0.054111 0.395431 1.075739
v 0.058686 0.418571 1.149027
v 0.089200 0.419326 1.149992
v 0.120795 0.423226 1.160896
v 0.133786 0.429924 1.181563
v 0.140226 0.439758 1.212498
v 0.139287 0.448745 1.241088
v 0.206768 0.449763 1.241154
v 0.207132 0.469735 1.304578
v -0.502859 0.461353 1.311291
v -0.503211 0.442005 1.249850
v -0.437853 0.443239 1.250700
v 0.202059 0.358218 0.628842
v 0.170735 0.415374 0.749876
v 0.134071 0.462780 0.850629
v 0.093848 0.503687 0.937862
v 0.051845 0.541343 1.018335
v 0.056266 0.574463 1.087697
v 0.086777 0.575389 1.088595
v 0.118348 0.580813 1.098900
v 0.131295 0.590340 1.118453
v 0.137670 0.604393 1.147728
v 0.136670 0.617269 1.174789
v 0.204150 0.618383 1.174816
v 0.204380 0.646988 1.234845
v -0.505611 0.638606 1.241558
v -0.505834 0.610896 1.183406
v -0.440478 0.612329 1.184179
v 0.200613 0.442516 0.581196
v 0.169011 0.515913 0.693049
v 0.132116 0.576826 0.786168
v 0.091692 0.629416 0.866798
v 0.049504 0.677844 0.941183
v 0.053765 0.720299 1.005266
v 0.084273 0.721385 1.006075
v 0.115820 0.728236 1.015573
v 0.128722 0.740410 1.033630
v 0.135028 0.758409 1.060676
v 0.133967 0.774924 1.085678
v 0.201444 0.776128 1.085656
v 0.201536 0.812807 1.141121
v -0.508455 0.804425 1.147834
v -0.508543 0.768892 1.094103
v -0.443191 0.770513 1.094769
v 0.199149 0.519361 0.522280
v 0.167264 0.607564 0.622782
v 0.130135 0.680789 0.706461
v 0.089508 0.744030 0.778924
v 0.047133 0.802278 0.845781
v 0.051231 0.853243 0.903340
v 0.081737 0.854475 0.904037
v 0.113259 0.862626 0.912539
v 0.126115 0.877212 0.928746
v 0.132353 0.898809 0.953033
v 0.131228 0.918641 0.975493
v 0.198704 0.919926 0.975407
v 0.198655 0.963967 1.025228
v -0.511335 0.955585 1.031941
v -0.511288 0.912921 0.983678
v -0.445939 0.914712 0.984214
v -0.445471 0.492627 0.506742
v 0.197694 0.587257 0.453242
v 0.165530 0.688542 0.540440
v 0.128167 0.772646 0.613058
v 0.087339 0.845297 0.675954
v 0.044778 0.912221 0.733989
v 0.048715 0.970707 0.783902
v 0.079219 0.972066 0.784467
v 0.110715 0.981366 0.791801
v 0.123526 0.998085 0.805840
v 0.129696 1.022859 0.826895
v 0.128508 1.045623 0.846376
v 0.195983 1.046980 0.846216
v 0.195794 1.097525 0.889423
v -0.514196 1.089143 0.896137
v -0.514014 1.040178 0.854281
v -0.448668 1.042120 0.854664
v -0.446864 0.557699 0.440575
v 0.196278 0.644884 0.375423
v 0.163841 0.757271 0.447631
v 0.126251 0.850609 0.507780
v 0.085227 0.931247 0.559891
v 0.042485 1.005534 0.607981
v 0.046265 1.070402 0.649276
v 0.076766 1.071871 0.649694
v 0.108239 1.082146 0.655711
v 0.121005 1.100674 0.667307
v 0.127108 1.128146 0.684719
v 0.125859 1.153397 0.700840
v 0.193333 1.154815 0.700599
v 0.193009 1.210881 0.736351
v -0.516982 1.202499 0.743064
v -0.516668 1.148186 0.708430
v -0.451325 1.150256 0.708640
v -0.448222 0.612929 0.365995
v 0.194928 0.691119 0.290341
v 0.162230 0.812415 0.346157
v 0.124424 0.913160 0.392674
v 0.083213 1.000206 0.432992
v 0.040298 1.080402 0.470211
v 0.043929 1.150390 0.502081
v 0.074427 1.151947 0.502339
v 0.105877 1.163004 0.506916
v 0.118601 1.182984 0.515841
v 0.124641 1.212620 0.529270
v 0.123334 1.239867 0.541718
v 0.190806 1.241335 0.541386
v 0.190352 1.301829 0.568989
v -0.519638 1.293447 0.575702
v -0.519199 1.234844 0.548962
v -0.453859 1.237016 0.548985
v -0.449516 0.657241 0.284453
v -0.514241 0.572965 0.246970
v 0.193669 0.725063 0.199652
v 0.160730 0.852898 0.237993
v 0.122722 0.959083 0.269979
v 0.081336 1.050833 0.297728
v 0.038261 1.135366 0.323359
v 0.041752 1.209114 0.345185
v 0.072248 1.210735 0.345272
v 0.103677 1.222367 0.348313
v 0.116361 1.243411 0.354391
v 0.122342 1.274637 0.363574
v 0.120981 1.303349 0.372108
v 0.188451 1.304853 0.371681
v 0.187877 1.368600 0.390594
v -0.522113 1.360217 0.397307
v -0.521557 1.298464 0.378985
v -0.456220 1.300712 0.378805
v -0.450722 0.689773 0.197535
v -0.515280 0.601009 0.172045
v 0.192528 0.746054 0.105120
v 0.159368 0.877934 0.125248
v 0.121178 0.987482 0.142087
v 0.079633 1.082142 0.156734
v 0.036412 1.169357 0.170283
v 0.039777 1.245430 0.181641
v 0.070271 1.247090 0.181547
v 0.101680 1.259077 0.182992
v 0.114328 1.280781 0.186101
v 0.120256 1.312990 0.190860
v 0.118846 1.342608 0.195313
v 0.186315 1.344134 0.194784
v 0.185632 1.409891 0.204641
v -0.524359 1.401509 0.211355
v -0.523697 1.337808 0.201804
v -0.458363 1.340102 0.201415
v -0.451816 0.709891 0.106934
v -0.516223 0.618351 0.093945
v 0.235767 -1.176840 -0.009353
v 0.235879 -1.180120 -0.001631
v 0.236000 -1.187899 0.001508
v 0.236061 -1.195621 -0.001773
v 0.236024 -1.198761 -0.009554
v 0.235912 -1.195480 -0.017274
v 0.235791 -1.187701 -0.020413
v 0.235731 -1.179980 -0.017132
v 0.216512 -1.180123 -0.009199
v 0.217614 -1.183234 -0.001485
v 0.220126 -1.190606 0.001636
v 0.222576 -1.197920 -0.001665
v 0.223530 -1.200891 -0.009454
v 0.222428 -1.197779 -0.017166
v 0.219917 -1.190408 -0.020286
v 0.217466 -1.183094 -0.016985
v 0.199213 -1.189196 -0.009115
v 0.201205 -1.191841 -0.001406
v 0.205864 -1.198086 0.001704
v 0.210463 -1.204273 -0.001607
v 0.212306 -1.206778 -0.009400
v 0.210314 -1.204132 -0.017108
v 0.205655 -1.197887 -0.020218
v 0.201056 -1.191700 -0.016906
v 0.185565 -1.203170 -0.009112
v 0.188258 -1.205096 -0.001402
v 0.194612 -1.209607 0.001707
v 0.200904 -1.214059 -0.001604
v 0.203450 -1.215845 -0.009398
v 0.200756 -1.213918 -0.017105
v 0.194402 -1.209408 -0.020214
v 0.188109 -1.204956 -0.016903
v 0.176901 -1.220677 -0.009188
v 0.180040 -1.221703 -0.001474
v 0.187470 -1.224040 0.001645
v 0.194838 -1.226319 -0.001658
v 0.197828 -1.227205 -0.009447
v 0.194689 -1.226178 -0.017158
v 0.187260 -1.223841 -0.020277
v 0.179892 -1.221563 -0.016975
v 0.174072 -1.240004 -0.009336
v 0.177356 -1.240036 -0.001615
v 0.185137 -1.239974 0.001522
v 0.192856 -1.239853 -0.001762
v 0.195992 -1.239745 -0.009543
v 0.192708 -1.239713 -0.017262
v 0.184927 -1.239775 -0.020399
v 0.177208 -1.239896 -0.017115
v 0.185032 -1.239874 -0.009440
v 0.297849 -1.179389 -0.002217
v 0.297737 -1.176108 -0.009939
v 0.297971 -1.187168 0.000922
v 0.298031 -1.194889 -0.002359
v 0.297994 -1.198029 -0.010140
v 0.297883 -1.194748 -0.017860
v 0.297761 -1.186969 -0.020999
v 0.297701 -1.179248 -0.017717
v 0.298017 -1.187286 0.005732
v 0.297879 -1.177958 0.002795
v 0.297736 -1.172138 -0.005065
v 0.297643 -1.172049 -0.014844
v 0.297635 -1.177726 -0.022809
v 0.297715 -1.186999 -0.025917
v 0.297853 -1.196328 -0.022980
v 0.297996 -1.202148 -0.015120
v 0.298089 -1.202237 -0.005342
v 0.298097 -1.196560 0.002624
v 0.323306 -1.186959 0.002328
v 0.323195 -1.179496 -0.000022
v 0.323081 -1.174840 -0.006309
v 0.323006 -1.174769 -0.014134
v 0.322999 -1.179310 -0.020506
v 0.323064 -1.186729 -0.022991
v 0.323174 -1.194192 -0.020642
v 0.323288 -1.198848 -0.014355
v 0.323363 -1.198919 -0.006530
v 0.323370 -1.194378 -0.000159
v 0.323185 -1.186844 -0.010331
v -1.142905 0.826517 -3.177365
vn 0.9999 0.0118 -0.0095
vn 0.9971 -0.0763 -0.0082
vn 0.9991 0.0396 -0.0119
vn 0.9991 0.0390 -0.0157
vn 0.9972 -0.0752 0.0041
vn 0.9320 0.3624 -0.0104
vn 0.9315 0.3588 -0.0593
vn 0.6872 0.7265 -0.0037
vn 0.6863 0.7199 -0.1037
vn 0.3278 0.9448 0.0039
vn 0.3266 0.9366 -0.1271
vn -0.0063 0.9999 0.0091
vn -0.0076 0.9915 -0.1301
vn -0.3232 0.9462 0.0130
vn -0.3243 0.9384 -0.1193
vn -0.6588 0.7522 0.0164
vn -0.6597 0.7462 -0.0895
vn -0.9106 0.4130 0.0171
vn -0.9111 0.4100 -0.0420
vn -0.9960 0.0884 0.0132
vn -0.9961 0.0880 -0.0008
vn -0.9994 -0.0341 0.0087
vn -0.9994 -0.0339 0.0120
vn 0.9991 0.0378 -0.0195
vn 0.9972 -0.0725 0.0160
vn 0.9312 0.3484 -0.1072
vn 0.6856 0.6994 -0.2018
vn 0.3257 0.9103 -0.2557
vn -0.0085 0.9637 -0.2668
vn -0.3252 0.9122 -0.2493
vn -0.6604 0.7255 -0.1935
vn -0.9115 0.3989 -0.1001
vn -0.9962 0.0856 -0.0145
vn -0.9993 -0.0334 0.0147
vn 0.9991 0.0362 -0.0230
vn 0.9973 -0.0682 0.0275
vn 0.9310 0.3314 -0.1532
vn 0.6851 0.6655 -0.2961
vn 0.3250 0.8663 -0.3794
vn -0.0092 0.9172 -0.3984
vn -0.3259 0.8682 -0.3743
vn -0.6610 0.6906 -0.2936
vn -0.9118 0.3798 -0.1560
vn -0.9963 0.0813 -0.0279
vn -0.9993 -0.0324 0.0179
vn 0.9991 0.0341 -0.0263
vn 0.9973 -0.0622 0.0383
vn 0.9308 0.3082 -0.1964
vn 0.6848 0.6188 -0.3848
vn 0.3247 0.8055 -0.4957
vn -0.0096 0.8528 -0.5221
vn -0.3262 0.8072 -0.4920
vn -0.6613 0.6421 -0.3879
vn -0.9120 0.3531 -0.2088
vn -0.9963 0.0752 -0.0405
vn -0.9993 -0.0310 0.0208
vn 0.9991 0.0315 -0.0292
vn 0.9973 -0.0549 0.0481
vn 0.9308 0.2792 -0.2359
vn 0.6847 0.5602 -0.4661
vn 0.3245 0.7292 -0.6025
vn -0.0097 0.7718 -0.6357
vn -0.3264 0.7304 -0.6000
vn -0.6614 0.5809 -0.4744
vn -0.9121 0.3193 -0.2573
vn -0.9964 0.0674 -0.0521
vn -0.9993 -0.0292 0.0233
vn 0.9991 0.0286 -0.0318
vn 0.9973 -0.0462 0.0568
vn 0.9309 0.2450 -0.2710
vn 0.6849 0.4909 -0.5385
vn 0.3247 0.6387 -0.6976
vn -0.0096 0.6759 -0.7370
vn -0.3262 0.6393 -0.6963
vn -0.6612 0.5083 -0.5517
vn -0.9120 0.2791 -0.3006
vn -0.9964 0.0581 -0.0625
vn -0.9993 -0.0272 0.0255
vn 0.9991 0.0253 -0.0339
vn 0.9973 -0.0365 0.0642
vn 0.9311 0.2062 -0.3010
vn 0.6852 0.4122 -0.6005
vn 0.3252 0.5358 -0.7792
vn -0.0091 0.5667 -0.8239
vn -0.3258 0.5357 -0.7790
vn -0.6609 0.4256 -0.6181
vn -0.9118 0.2332 -0.3379
vn -0.9963 0.0474 -0.0715
vn -0.9993 -0.0247 0.0276
vn 0.9991 0.0218 -0.0355
vn 0.9972 -0.0257 0.0702
vn 0.9313 0.1637 -0.3253
vn 0.6858 0.3256 -0.6509
vn 0.3259 0.4227 -0.8457
vn -0.0083 0.4465 -0.8947
vn -0.3251 0.4217 -0.8465
vn -0.6603 0.3345 -0.6724
vn -0.9115 0.1826 -0.3685
vn -0.9962 0.0356 -0.0790
vn -0.9993 -0.0217 0.0294
vn 0.9992 0.0181 -0.0367
vn 0.9971 -0.0142 0.0747
vn 0.9317 0.1181 -0.3435
vn 0.6865 0.2328 -0.6888
vn 0.3269 0.3013 -0.8957
vn -0.0073 0.3177 -0.9482
vn -0.3241 0.2993 -0.8974
vn -0.6596 0.2367 -0.7134
vn -0.9111 0.1283 -0.3918
vn -0.9961 0.0228 -0.0847
vn -0.9994 -0.0189 0.0306
vn 0.9992 0.0142 -0.0373
vn 0.9970 -0.0023 0.0775
vn 0.9321 0.0705 -0.3551
vn 0.6874 0.1357 -0.7135
vn 0.3280 0.1743 -0.9285
vn -0.0061 0.1826 -0.9832
vn -0.3229 0.1710 -0.9308
vn -0.6586 0.1342 -0.7404
vn -0.9106 0.0712 -0.4072
vn -0.9960 0.0094 -0.0886
vn -0.9994 -0.0162 0.0313
vn 0.9992 0.0103 -0.0373
vn 0.9969 0.0098 0.0786
vn 0.9327 0.0217 -0.3601
vn 0.6885 0.0361 -0.7243
vn 0.3295 0.0438 -0.9432
vn -0.0046 0.0440 -0.9990
vn -0.3215 0.0394 -0.9461
vn -0.6575 0.0290 -0.7529
vn -0.9099 0.0125 -0.4146
vn -0.9959 -0.0045 -0.0906
vn -0.9994 -0.0134 0.0317
vn 0.9993 0.0065 -0.0369
vn 0.9967 0.0222 0.0780
vn 0.9333 -0.0272 -0.3581
vn 0.6897 -0.0641 -0.7212
vn 0.3310 -0.0874 -0.9396
vn -0.0029 -0.0954 -0.9954
vn -0.3199 -0.0931 -0.9429
vn -0.6562 -0.0770 -0.7506
vn -0.9092 -0.0466 -0.4137
vn -0.9957 -0.0185 -0.0906
vn -0.9994 -0.0100 0.0316
vn 0.9994 0.0027 -0.0358
vn 0.9965 0.0343 0.0757
vn 0.9339 -0.0755 -0.3494
vn 0.6910 -0.1628 -0.7042
vn 0.3328 -0.2168 -0.9177
vn -0.0011 -0.2330 -0.9725
vn -0.3182 -0.2238 -0.9212
vn -0.6548 -0.1817 -0.7336
vn -0.9085 -0.1050 -0.4046
vn -0.9955 -0.0323 -0.0887
vn -0.9995 -0.0071 0.0312
vn 0.9994 -0.0009 -0.0343
vn 0.9964 0.0459 0.0717
vn 0.9346 -0.1220 -0.3341
vn 0.6925 -0.2583 -0.6737
vn 0.3346 -0.3420 -0.8781
vn 0.0009 -0.3661 -0.9306
vn -0.3163 -0.3503 -0.8816
vn -0.6534 -0.2829 -0.7022
vn -0.9076 -0.1616 -0.3874
vn -0.9953 -0.0458 -0.0849
vn -0.9995 -0.0040 0.0303
vn 0.9995 -0.0042 -0.0323
vn 0.9962 0.0568 0.0662
vn 0.9353 -0.1660 -0.3124
vn 0.6939 -0.3485 -0.6301
vn 0.3366 -0.4603 -0.8215
vn 0.0030 -0.4920 -0.8706
vn -0.3144 -0.4701 -0.8248
vn -0.6518 -0.3788 -0.6570
vn -0.9068 -0.2152 -0.3626
vn -0.9951 -0.0586 -0.0792
vn -0.9996 -0.0013 0.0291
vn 0.9995 -0.0073 -0.0299
vn 0.9960 0.0669 0.0592
vn 0.9361 -0.2065 -0.2848
vn 0.6954 -0.4318 -0.5744
vn 0.3385 -0.5697 -0.7489
vn 0.0051 -0.6084 -0.7936
vn -0.3124 -0.5807 -0.7518
vn -0.6502 -0.4675 -0.5989
vn -0.9059 -0.2649 -0.3305
vn -0.9949 -0.0705 -0.0719
vn -0.9996 0.0017 0.0271
vn 0.9996 -0.0099 -0.0270
vn 0.9958 0.0759 0.0509
vn 0.9368 -0.2428 -0.2518
vn 0.6970 -0.5065 -0.5076
vn 0.3405 -0.6679 -0.6618
vn 0.0072 -0.7129 -0.7012
vn -0.3104 -0.6801 -0.6642
vn -0.6486 -0.5472 -0.5290
vn -0.9050 -0.3096 -0.2919
vn -0.9947 -0.0812 -0.0629
vn -0.9997 0.0037 0.0254
vn 0.9996 -0.0121 -0.0238
vn 0.9956 0.0837 0.0414
vn 0.9376 -0.2741 -0.2141
vn 0.6984 -0.5713 -0.4311
vn 0.3425 -0.7530 -0.5619
vn 0.0092 -0.8035 -0.5952
vn -0.3083 -0.7664 -0.5635
vn -0.6470 -0.6164 -0.4488
vn -0.9041 -0.3485 -0.2473
vn -0.9945 -0.0906 -0.0525
vn -0.9997 0.0058 0.0231
vn 0.9997 -0.0139 -0.0203
vn 0.9955 0.0900 0.0309
vn 0.9382 -0.2999 -0.1724
vn 0.6999 -0.6247 -0.3463
vn 0.3443 -0.8234 -0.4512
vn 0.0112 -0.8785 -0.4776
vn -0.3064 -0.8378 -0.4519
vn -0.6455 -0.6738 -0.3596
vn -0.9032 -0.3808 -0.1978
vn -0.9943 -0.0984 -0.0410
vn -0.9998 0.0078 0.0201
vn 0.9997 -0.0152 -0.0167
vn 0.9953 0.0949 0.0195
vn 0.9389 -0.3197 -0.1276
vn 0.7012 -0.6658 -0.2549
vn 0.3461 -0.8776 -0.3316
vn 0.0131 -0.9364 -0.3507
vn -0.3047 -0.8930 -0.3314
vn -0.6441 -0.7182 -0.2633
vn -0.9024 -0.4059 -0.1443
vn -0.9941 -0.1046 -0.0284
vn -0.9998 0.0089 0.0176
vn 0.9998 -0.0159 -0.0128
vn 0.9951 0.0981 0.0077
vn 0.9395 -0.3330 -0.0804
vn 0.7025 -0.6938 -0.1587
vn 0.3477 -0.9147 -0.2057
vn 0.0149 -0.9761 -0.2169
vn -0.3031 -0.9308 -0.2044
vn -0.6427 -0.7488 -0.1618
vn -0.9017 -0.4234 -0.0878
vn -0.9939 -0.1090 -0.0151
vn -0.9998 0.0098 0.0147
vn 0.9998 -0.0161 -0.0089
vn 0.9950 0.0996 -0.0044
vn 0.9400 -0.3396 -0.0318
vn 0.7036 -0.7081 -0.0595
vn 0.3492 -0.9340 -0.0759
vn 0.0164 -0.9967 -0.0790
vn -0.3015 -0.9506 -0.0733
vn -0.6416 -0.7649 -0.0571
vn -0.9010 -0.4328 -0.0295
vn -0.9938 -0.1114 -0.0013
vn -0.9999 0.0103 0.0118
vn 0.9999 -0.0158 -0.0051
vn 0.9949 0.0995 -0.0168
vn 0.9405 -0.3393 0.0172
vn 0.7045 -0.7085 0.0407
vn 0.3504 -0.9349 0.0554
vn 0.0177 -0.9980 0.0605
vn -0.3003 -0.9520 0.0592
vn -0.6405 -0.7664 0.0490
vn -0.9005 -0.4339 0.0296
vn -0.9936 -0.1119 0.0126
vn -0.9999 0.0104 0.0081
vn 0.9999 -0.0149 -0.0013
vn 0.9948 0.0976 -0.0289
vn 0.9409 -0.3323 0.0657
vn 0.7053 -0.6950 0.1400
vn 0.3514 -0.9177 0.1854
vn 0.0188 -0.9798 0.1989
vn -0.2992 -0.9349 0.1907
vn -0.6397 -0.7530 0.1541
vn -0.9000 -0.4269 0.0883
vn -0.9935 -0.1105 0.0265
vn -0.9999 0.0101 0.0054
vn 0.9999 -0.0135 0.0024
vn 0.9947 0.0941 -0.0406
vn 0.9412 -0.3186 0.1128
vn 0.7059 -0.6677 0.2364
vn 0.3523 -0.8824 0.3119
vn 0.0197 -0.9426 0.3333
vn -0.2985 -0.8997 0.3184
vn -0.6390 -0.7252 0.2565
vn -0.8996 -0.4117 0.1455
vn -0.9934 -0.1072 0.0401
vn -1.0000 0.0093 0.0025
vn 0.9999 -0.0116 0.0058
vn 0.9947 0.0889 -0.0518
vn 0.9414 -0.2984 0.1575
vn 0.7063 -0.6273 0.3281
vn 0.3528 -0.8299 0.4322
vn 0.0202 -0.8870 0.4613
vn -0.2979 -0.8471 0.4401
vn -0.6386 -0.6833 0.3538
vn -0.8994 -0.3887 0.2000
vn -0.9934 -0.1020 0.0531
vn -1.0000 0.0082 -0.0003
vn 0.9999 -0.0093 0.0089
vn 0.9947 0.0823 -0.0621
vn 0.9414 -0.2723 0.1989
vn 0.7065 -0.5745 0.4133
vn 0.3530 -0.7612 0.5440
vn 0.0205 -0.8142 0.5802
vn -0.2977 -0.7780 0.5532
vn -0.6384 -0.6284 0.4445
vn -0.8993 -0.3584 0.2507
vn -0.9933 -0.0950 0.0652
vn -1.0000 0.0065 -0.0032
vn 0.9999 -0.0065 0.0116
vn 0.9947 0.0742 -0.0714
vn 0.9414 -0.2406 0.2363
vn 0.7064 -0.5104 0.4903
vn 0.3530 -0.6775 0.6452
vn 0.0205 -0.7255 0.6879
vn -0.2977 -0.6939 0.6557
vn -0.6385 -0.5613 0.5266
vn -0.8993 -0.3213 0.2968
vn -0.9933 -0.0864 0.0763
vn -1.0000 0.0046 -0.0056
vn 0.9999 -0.0034 0.0140
vn 0.9947 0.0650 -0.0796
vn 0.9413 -0.2040 0.2690
vn 0.7062 -0.4362 0.5577
vn 0.3527 -0.5807 0.7338
vn 0.0201 -0.6227 0.7822
vn -0.2981 -0.5964 0.7453
vn -0.6387 -0.4835 0.5987
vn -0.8994 -0.2782 0.3372
vn -0.9934 -0.0764 0.0860
vn -1.0000 0.0021 -0.0080
vn 0.9999 -0.0000 0.0159
vn 0.9948 0.0547 -0.0863
vn 0.9411 -0.1633 0.2962
vn 0.7058 -0.3533 0.6141
vn 0.3521 -0.4724 0.8080
vn 0.0195 -0.5077 0.8613
vn -0.2986 -0.4872 0.8206
vn -0.6391 -0.3964 0.6591
vn -0.8996 -0.2298 0.3712
vn -0.9934 -0.0651 0.0943
vn -1.0000 -0.0001 -0.0095
vn 0.9998 0.0036 0.0173
vn 0.9949 0.0437 -0.0915
vn 0.9407 -0.1191 0.3175
vn 0.7051 -0.2634 0.6583
vn 0.3513 -0.3549 0.8664
vn 0.0186 -0.3829 0.9236
vn -0.2994 -0.3687 0.8800
vn -0.6398 -0.3017 0.7068
vn -0.9000 -0.1772 0.3982
vn -0.9935 -0.0528 0.1009
vn -0.9999 -0.0028 -0.0109
vn 0.9998 0.0074 0.0181
vn 0.9950 0.0318 -0.0951
vn 0.9403 -0.0724 0.3325
vn 0.7043 -0.1683 0.6897
vn 0.3502 -0.2304 0.9079
vn 0.0175 -0.2506 0.9679
vn -0.3005 -0.2431 0.9223
vn -0.6407 -0.2013 0.7409
vn -0.9005 -0.1214 0.4176
vn -0.9936 -0.0396 0.1057
vn -0.9999 -0.0059 -0.0120
vn 0.9998 0.0113 0.0185
vn 0.9951 0.0197 -0.0971
vn 0.9398 -0.0241 0.3407
vn 0.7033 -0.0696 0.7075
vn 0.3489 -0.1013 0.9317
vn 0.0161 -0.1135 0.9934
vn -0.3018 -0.1129 0.9467
vn -0.6417 -0.0972 0.7608
vn -0.9011 -0.0634 0.4290
vn -0.9937 -0.0260 0.1086
vn -0.9999 -0.0088 -0.0126
vn 0.9997 0.0152 0.0182
vn 0.9952 0.0075 -0.0973
vn 0.9393 0.0249 0.3422
vn 0.7021 0.0305 0.7114
vn 0.3474 0.0299 0.9372
vn 0.0145 0.0259 0.9996
vn -0.3033 0.0196 0.9527
vn -0.6429 0.0087 0.7659
vn -0.9017 -0.0043 0.4323
vn -0.9939 -0.0120 0.1097
vn -0.9998 -0.0119 -0.0128
vn 0.9997 0.0191 0.0175
vn 0.9954 -0.0048 -0.0959
vn 0.9387 0.0736 0.3369
vn 0.7009 0.1302 0.7013
vn 0.3457 0.1605 0.9245
vn 0.0128 0.1648 0.9863
vn -0.3050 0.1515 0.9402
vn -0.6443 0.1143 0.7562
vn -0.9025 0.0546 0.4273
vn -0.9941 0.0019 0.1087
vn -0.9998 -0.0150 -0.0126
vn 0.9996 0.0227 0.0163
vn 0.9956 -0.0166 -0.0927
vn 0.9380 0.1211 0.3248
vn 0.6995 0.2275 0.6775
vn 0.3439 0.2881 0.8937
vn 0.0109 0.3004 0.9537
vn -0.3068 0.2804 0.9095
vn -0.6457 0.2175 0.7320
vn -0.9033 0.1122 0.4141
vn -0.9943 0.0156 0.1058
vn -0.9998 -0.0182 -0.0119
vn 0.9996 0.0262 0.0145
vn 0.9957 -0.0280 -0.0880
vn 0.9373 0.1665 0.3063
vn 0.6980 0.3206 0.6403
vn 0.3420 0.4101 0.8455
vn 0.0088 0.4302 0.9027
vn -0.3087 0.4038 0.8612
vn -0.6472 0.3163 0.6936
vn -0.9041 0.1674 0.3931
vn -0.9945 0.0288 0.1011
vn -0.9997 -0.0211 -0.0108
vn 0.9995 0.0294 0.0122
vn 0.9959 -0.0385 -0.0817
vn 0.9365 0.2088 0.2816
vn 0.6965 0.4076 0.5905
vn 0.3400 0.5243 0.7807
vn 0.0068 0.5517 0.8340
vn -0.3107 0.5193 0.7961
vn -0.6488 0.4089 0.6418
vn -0.9050 0.2192 0.3646
vn -0.9947 0.0412 0.0946
vn -0.9997 -0.0238 -0.0093
vn 0.9994 0.0322 0.0096
vn 0.9961 -0.0481 -0.0740
vn 0.9358 0.2473 0.2512
vn 0.6950 0.4868 0.5291
vn 0.3381 0.6283 0.7007
vn 0.0046 0.6624 0.7492
vn -0.3127 0.6246 0.7156
vn -0.6504 0.4932 0.5777
vn -0.9059 0.2665 0.3291
vn -0.9949 0.0525 0.0864
vn -0.9996 -0.0261 -0.0076
vn 0.9994 0.0347 0.0066
vn 0.9963 -0.0564 -0.0651
vn 0.9351 0.2812 0.2158
vn 0.6935 0.5567 0.4573
vn 0.3361 0.7202 0.6070
vn 0.0026 0.7602 0.6497
vn -0.3147 0.7176 0.6213
vn -0.6520 0.5679 0.5024
vn -0.9068 0.3084 0.2874
vn -0.9951 0.0626 0.0767
vn -0.9996 -0.0285 -0.0053
vn 0.9993 0.0367 0.0032
vn 0.9965 -0.0635 -0.0551
vn 0.9343 0.3099 0.1760
vn 0.6921 0.6159 0.3765
vn 0.3342 0.7981 0.5014
vn 0.0005 0.8432 0.5376
vn -0.3166 0.7967 0.5149
vn -0.6536 0.6313 0.4175
vn -0.9077 0.3441 0.2403
vn -0.9953 0.0712 0.0657
vn -0.9995 -0.0306 -0.0025
vn 0.9993 0.0382 -0.0004
vn 0.9966 -0.0691 -0.0441
vn 0.9337 0.3327 0.1327
vn 0.6907 0.6633 0.2882
vn 0.3324 0.8606 0.3859
vn -0.0014 0.9098 0.4150
vn -0.3185 0.8601 0.3985
vn -0.6550 0.6824 0.3245
vn -0.9085 0.3729 0.1886
vn -0.9955 0.0782 0.0536
vn -0.9995 -0.0319 -0.0002
vn 0.9992 0.0392 -0.0041
vn 0.9968 -0.0732 -0.0325
vn 0.9330 0.3492 0.0865
vn 0.6894 0.6979 0.1942
vn 0.3307 0.9064 0.2629
vn -0.0032 0.9587 0.2844
vn -0.3202 0.9067 0.2744
vn -0.6564 0.7200 0.2254
vn -0.9093 0.3942 0.1335
vn -0.9957 0.0835 0.0407
vn -0.9995 -0.0330 0.0027
vn 0.9992 0.0397 -0.0080
vn 0.9969 -0.0756 -0.0205
vn 0.9325 0.3592 0.0385
vn 0.6882 0.7191 0.0962
vn 0.3291 0.9346 0.1347
vn -0.0049 0.9889 0.1482
vn -0.3218 0.9356 0.1451
vn -0.6576 0.7434 0.1220
vn -0.9100 0.4077 0.0759
vn -0.9958 0.0869 0.0271
vn -0.9994 -0.0338 0.0062
vn 0.9506 0.3099 -0.0185
vn 0.9310 0.3649 -0.0078
vn 0.9304 0.3547 -0.0925
vn 0.9500 0.2990 -0.0896
vn 0.8963 0.4435 -0.0055
vn 0.8954 0.4316 -0.1092
vn 0.8837 0.4678 0.0143
vn 0.8828 0.4599 -0.0958
vn 0.9300 0.3247 -0.1723
vn 0.9497 0.2714 -0.1559
vn 0.8949 0.3953 -0.2070
vn 0.8822 0.4259 -0.2008
vn 0.9299 0.2764 -0.2425
vn 0.9498 0.2288 -0.2135
vn 0.8948 0.3366 -0.2933
vn 0.8820 0.3678 -0.2947
vn 0.9302 0.2128 -0.2991
vn 0.9500 0.1735 -0.2596
vn 0.8950 0.2590 -0.3631
vn 0.8822 0.2889 -0.3719
vn 0.9307 0.1374 -0.3390
vn 0.9505 0.1088 -0.2912
vn 0.8957 0.1668 -0.4121
vn 0.8828 0.1938 -0.4280
vn 0.9315 0.0548 -0.3596
vn 0.9512 0.0388 -0.3062
vn 0.8966 0.0657 -0.4378
vn 0.8837 0.0881 -0.4597
vn 0.9325 -0.0303 -0.3598
vn 0.9521 -0.0328 -0.3041
vn 0.8979 -0.0386 -0.4385
vn 0.8850 -0.0222 -0.4651
vn 0.9337 -0.1130 -0.3397
vn 0.9531 -0.1021 -0.2850
vn 0.8993 -0.1401 -0.4143
vn 0.8864 -0.1305 -0.4441
vn 0.9350 -0.1885 -0.3003
vn 0.9542 -0.1646 -0.2499
vn 0.9008 -0.2328 -0.3664
vn 0.8881 -0.2307 -0.3977
vn 0.9363 -0.2524 -0.2441
vn 0.9554 -0.2171 -0.2004
vn 0.9024 -0.3114 -0.2978
vn 0.8897 -0.3168 -0.3287
vn 0.9375 -0.3012 -0.1740
vn 0.9564 -0.2566 -0.1394
vn 0.9040 -0.3712 -0.2123
vn 0.8914 -0.3839 -0.2410
vn 0.9386 -0.3319 -0.0944
vn 0.9573 -0.2802 -0.0711
vn 0.9053 -0.4089 -0.1150
vn 0.8928 -0.4281 -0.1399
vn 0.9395 -0.3424 -0.0098
vn 0.9580 -0.2869 0.0001
vn 0.9064 -0.4222 -0.0115
vn 0.8941 -0.4468 -0.0311
vn 0.9402 -0.3323 0.0746
vn 0.9585 -0.2762 0.0706
vn 0.9073 -0.4103 0.0922
vn 0.8950 -0.4390 0.0790
vn 0.9406 -0.3024 0.1543
vn 0.9588 -0.2487 0.1372
vn 0.9078 -0.3740 0.1900
vn 0.8956 -0.4050 0.1840
vn 0.9407 -0.2543 0.2247
vn 0.9589 -0.2057 0.1954
vn 0.9079 -0.3152 0.2763
vn 0.8958 -0.3468 0.2779
vn 0.9404 -0.1905 0.2815
vn 0.9587 -0.1499 0.2419
vn 0.9077 -0.2376 0.3460
vn 0.8956 -0.2679 0.3551
vn 0.9399 -0.1151 0.3216
vn 0.9581 -0.0848 0.2734
vn 0.9070 -0.1456 0.3951
vn 0.8950 -0.1728 0.4112
vn 0.9391 -0.0323 0.3422
vn 0.9574 -0.0144 0.2885
vn 0.9061 -0.0444 0.4208
vn 0.8941 -0.0671 0.4429
vn 0.9380 0.0529 0.3425
vn 0.9565 0.0572 0.2861
vn 0.9048 0.0599 0.4215
vn 0.8928 0.0431 0.4483
vn 0.9369 0.1357 0.3223
vn 0.9555 0.1267 0.2663
vn 0.9034 0.1614 0.3972
vn 0.8914 0.1515 0.4272
vn 0.9356 0.2115 0.2827
vn 0.9544 0.1897 0.2305
vn 0.9019 0.2541 0.3494
vn 0.8897 0.2516 0.3809
vn 0.9343 0.2755 0.2263
vn 0.9533 0.2417 0.1814
vn 0.9003 0.3327 0.2807
vn 0.8881 0.3378 0.3118
vn 0.9331 0.3239 0.1565
vn 0.9522 0.2802 0.1214
vn 0.8988 0.3925 0.1952
vn 0.8864 0.4049 0.2242
vn 0.9320 0.3543 0.0768
vn 0.9513 0.3036 0.0533
vn 0.8974 0.4302 0.0980
vn 0.8850 0.4491 0.1231
vn 0.0032 0.4440 0.8960
vn 0.0143 -0.9441 0.3294
vn 0.0139 -0.9641 0.2650
vn 0.0141 -0.9546 0.2974
vn 0.0132 -0.9858 0.1676
vn 0.0135 -0.9797 0.2001
vn 0.0124 -0.9974 0.0706
vn 0.0127 -0.9946 0.1028
vn 0.0116 -0.9996 -0.0242
vn 0.0119 -0.9999 0.0071
vn 0.0106 -0.9930 -0.1180
vn 0.0109 -0.9962 -0.0867
vn 0.0095 -0.9772 -0.2122
vn 0.0099 -0.9835 -0.1808
vn 0.0083 -0.9519 -0.3063
vn 0.0087 -0.9614 -0.2750
vn 0.0079 -0.9414 -0.3372
vn -0.0137 0.4452 -0.8953
vn 0.0143 -0.5303 0.8477
vn 0.0149 -0.6625 0.7489
vn 0.0148 -0.6204 0.7841
vn 0.0140 -0.4823 0.8759
vn 0.0151 -0.7760 0.6305
vn 0.0151 -0.7404 0.6720
vn 0.0151 -0.8093 0.5872
vn -0.0034 -0.4337 -0.9010
vn 0.0117 -0.9999 -0.0092
vn 0.0137 -0.4397 0.8980
vn 0.0039 -0.8058 -0.5922
vn 0.0024 -0.7404 -0.6722
vn 0.0032 -0.7741 -0.6330
vn 0.0001 -0.6278 -0.7783
vn 0.0008 -0.6672 -0.7448
vn -0.0023 -0.4995 -0.8663
vn -0.0015 -0.5440 -0.8391
vn -0.0031 -0.4538 -0.8911
vn -0.0140 0.4915 -0.8708
vn -0.0117 0.9999 0.0092
vn 0.0020 0.5141 0.8578
vn 0.0136 -0.4329 0.9013
vn -0.0080 -0.1164 -0.9932
vn -0.0083 -0.0905 -0.9959
vn -0.0082 -0.1034 -0.9946
vn -0.0088 -0.0532 -0.9985
vn -0.0087 -0.0653 -0.9978
vn -0.0092 -0.0185 -0.9998
vn -0.0091 -0.0297 -0.9995
vn -0.0099 0.0411 -0.9991
vn -0.0097 0.0170 -0.9998
vn -0.0110 0.1399 -0.9901
vn -0.0106 0.1026 -0.9947
vn -0.0121 0.2494 -0.9683
vn -0.0118 0.2133 -0.9769
vn -0.0130 0.3549 -0.9348
vn -0.0127 0.3203 -0.9472
vn -0.0139 0.4749 -0.8799
vn -0.0136 0.4324 -0.9016
vn -0.0147 0.6127 -0.7902
vn -0.0145 0.5654 -0.8247
vn -0.0151 0.7409 -0.6715
vn -0.0150 0.7004 -0.7136
vn -0.0150 0.8469 -0.5316
vn -0.0151 0.8141 -0.5805
vn -0.0149 0.8766 -0.4810
vn 0.0141 -0.4955 0.8685
vn -0.0142 0.9509 -0.3093
vn -0.0138 0.9685 -0.2488
vn -0.0140 0.9601 -0.2792
vn -0.0131 0.9874 -0.1574
vn -0.0134 0.9821 -0.1879
vn -0.0124 0.9977 -0.0661
vn -0.0127 0.9953 -0.0964
vn -0.0116 0.9997 0.0227
vn -0.0119 0.9999 -0.0065
vn -0.0107 0.9939 0.1095
vn -0.0110 0.9967 0.0808
vn -0.0097 0.9806 0.1956
vn -0.0101 0.9859 0.1670
vn -0.0087 0.9597 0.2810
vn -0.0090 0.9675 0.2527
vn -0.0083 0.9510 0.3090
vn -0.0060 0.8847 0.4662
vn -0.0047 0.8360 0.5487
vn -0.0054 0.8614 0.5080
vn -0.0026 0.7495 0.6620
vn -0.0033 0.7800 0.6257
vn -0.0005 0.6484 0.7613
vn -0.0012 0.6837 0.7298
vn 0.0017 0.5331 0.8460
vn 0.0010 0.5732 0.8194
vn 0.0039 0.4044 0.9146
vn 0.0032 0.4488 0.8936
vn 0.0060 0.2646 0.9643
vn 0.0053 0.3123 0.9500
vn 0.0080 0.1168 0.9931
vn 0.0074 0.1668 0.9860
vn 0.0094 0.0064 0.9999
vn 0.0090 0.0365 0.9993
vn 0.0100 -0.0441 0.9990
vn 0.0099 -0.0340 0.9994
vn 0.0103 -0.0759 0.9971
vn 0.0102 -0.0652 0.9978
vn 0.0107 -0.1090 0.9940
vn 0.0106 -0.0979 0.9951
vn 0.0108 -0.1202 0.9927
vn -0.0024 -0.4922 -0.8705
vn 0.9999 0.0118 -0.0088
vn 0.9999 0.0118 -0.0106
vn 0.9999 0.0118 -0.0061
vn 0.9700 0.2428 -0.0124
vn 0.9584 0.2853 -0.0076
vn 0.9581 0.2828 -0.0457
vn 0.9697 0.2401 -0.0446
vn 0.9315 0.3636 -0.0064
vn 0.9311 0.3605 -0.0555
vn 0.9073 0.4204 -0.0053
vn 0.9068 0.4169 -0.0624
vn 0.8975 0.4411 0.0054
vn 0.8969 0.4388 -0.0546
vn 0.9991 -0.0422 -0.0087
vn 0.9990 -0.0422 -0.0112
vn 0.9991 -0.0419 -0.0036
vn 0.9991 -0.0416 -0.0012
vn 0.0549 -0.9984 0.0137
vn 0.2100 -0.9776 -0.0116
vn 0.2113 -0.9694 0.1249
vn 0.0561 -0.9867 0.1526
vn 0.3597 -0.9325 -0.0337
vn 0.3609 -0.9276 0.0969
vn 0.8669 -0.4984 -0.0010
vn 0.9392 -0.3430 -0.0159
vn 0.9397 -0.3405 0.0335
vn 0.8675 -0.4925 0.0697
vn 0.9978 -0.0649 -0.0128
vn 0.9979 -0.0646 -0.0021
vn 0.9988 0.0486 -0.0084
vn 0.9987 0.0484 -0.0136
vn 0.0228 -0.9996 0.0140
vn 0.0224 -0.9992 -0.0326
vn 0.0237 -0.9940 0.1068
vn 0.0240 -0.9879 0.1530
vn -0.0119 0.9998 -0.0141
vn -0.0115 0.9994 0.0325
vn -0.0127 0.9942 -0.1069
vn -0.0131 0.9881 -0.1531
vn -0.9999 -0.0118 0.0095
vn 0.0354 -0.9993 0.0139
vn 0.0350 -0.9989 -0.0327
vn 0.0363 -0.9936 0.1067
vn 0.0366 -0.9876 0.1529
vn -0.8214 0.5704 -0.0005
vn -0.8211 0.5702 0.0265
vn -0.8218 0.5671 -0.0543
vn -0.8220 0.5636 -0.0811
vn 0.9578 0.2751 -0.0831
vn 0.9695 0.2329 -0.0761
vn 0.9307 0.3507 -0.1037
vn 0.9064 0.4054 -0.1184
vn 0.8965 0.4282 -0.1138
vn 0.9992 -0.0405 0.0039
vn 0.9992 -0.0399 0.0062
vn 0.2121 -0.9423 0.2589
vn 0.0570 -0.9558 0.2885
vn 0.3618 -0.9045 0.2256
vn 0.9400 -0.3312 0.0820
vn 0.8680 -0.4767 0.1389
vn 0.9980 -0.0628 0.0085
vn 0.9987 0.0474 -0.0186
vn 0.0247 -0.9694 0.2442
vn 0.0249 -0.9570 0.2890
vn -0.0138 0.9696 -0.2443
vn -0.0140 0.9572 -0.2892
vn 0.0373 -0.9691 0.2440
vn 0.0375 -0.9566 0.2888
vn -0.8224 0.5529 -0.1340
vn -0.8226 0.5457 -0.1600
vn 0.9576 0.2622 -0.1191
vn 0.9694 0.2214 -0.1063
vn 0.9305 0.3341 -0.1500
vn 0.9062 0.3862 -0.1722
vn 0.8962 0.4095 -0.1708
vn 0.9992 -0.0382 0.0110
vn 0.9992 -0.0372 0.0132
vn 0.2127 -0.8968 0.3878
vn 0.0577 -0.9063 0.4188
vn 0.3625 -0.8638 0.3499
vn 0.9403 -0.3152 0.1287
vn 0.8683 -0.4515 0.2053
vn 0.9980 -0.0596 0.0187
vn 0.9987 0.0459 -0.0233
vn 0.0254 -0.9260 0.3767
vn 0.0256 -0.9074 0.4194
vn -0.0145 0.9262 -0.3768
vn -0.0147 0.9076 -0.4196
vn 0.0380 -0.9256 0.3765
vn 0.0382 -0.9071 0.4192
vn -0.8228 0.5277 -0.2109
vn -0.8229 0.5169 -0.2357
vn 0.9575 0.2444 -0.1530
vn 0.9693 0.2059 -0.1345
vn 0.9304 0.3112 -0.1936
vn 0.9060 0.3599 -0.2229
vn 0.8960 0.3830 -0.2248
vn 0.9992 -0.0349 0.0177
vn 0.9992 -0.0336 0.0198
vn 0.2133 -0.8338 0.5092
vn 0.0580 -0.8391 0.5409
vn 0.3629 -0.8062 0.4672
vn 0.9404 -0.2929 0.1728
vn 0.8685 -0.4173 0.2675
vn 0.9981 -0.0550 0.0284
vn 0.9987 0.0436 -0.0280
vn 0.0258 -0.8645 0.5020
vn 0.0259 -0.8402 0.5417
vn -0.0150 0.8647 -0.5021
vn -0.0150 0.8404 -0.5418
vn 0.0385 -0.8642 0.5017
vn 0.0385 -0.8399 0.5414
vn -0.8231 0.4920 -0.2836
vn -0.8232 0.4779 -0.3066
vn 0.9575 0.2222 -0.1840
vn 0.9693 0.1866 -0.1603
vn 0.9303 0.2826 -0.2336
vn 0.9059 0.3266 -0.2694
vn 0.8959 0.3493 -0.2745
vn 0.9992 -0.0307 0.0239
vn 0.9992 -0.0291 0.0258
vn 0.2134 -0.7545 0.6206
vn 0.0581 -0.7556 0.6525
vn 0.3631 -0.7328 0.5754
vn 0.9405 -0.2646 0.2133
vn 0.8685 -0.3748 0.3243
vn 0.9981 -0.0491 0.0373
vn 0.9987 0.0407 -0.0322
vn 0.0260 -0.7862 0.6174
vn 0.0260 -0.7566 0.6534
vn -0.0151 0.7864 -0.6175
vn -0.0151 0.7568 -0.6535
vn 0.0386 -0.7859 0.6172
vn 0.0386 -0.7563 0.6531
vn -0.8232 0.4466 -0.3506
vn -0.8232 0.4294 -0.3714
vn 0.9576 0.1957 -0.2116
vn 0.9693 0.1638 -0.1832
vn 0.9304 0.2487 -0.2692
vn 0.9060 0.2872 -0.3108
vn 0.8960 0.3090 -0.3191
vn 0.9992 -0.0256 0.0295
vn 0.9992 -0.0238 0.0312
vn 0.2132 -0.6605 0.7199
vn 0.0578 -0.6573 0.7514
vn 0.3630 -0.6451 0.6724
vn 0.9404 -0.2310 0.2495
vn 0.8684 -0.3247 0.3746
vn 0.9981 -0.0420 0.0453
vn 0.9987 0.0372 -0.0360
vn 0.0259 -0.6926 0.7209
vn 0.0258 -0.6583 0.7523
vn -0.0150 0.6928 -0.7210
vn -0.0149 0.6585 -0.7525
vn 0.0385 -0.6923 0.7206
vn 0.0384 -0.6580 0.7520
vn -0.8231 0.3923 -0.4106
vn -0.8231 0.3724 -0.4288
vn 0.9577 0.1658 -0.2353
vn 0.9694 0.1381 -0.2028
vn 0.9306 0.2101 -0.2998
vn 0.9062 0.2426 -0.3464
vn 0.8961 0.2629 -0.3576
vn 0.9992 -0.0197 0.0344
vn 0.9992 -0.0178 0.0357
vn 0.2127 -0.5536 0.8051
vn 0.0573 -0.5463 0.8356
vn 0.3626 -0.5448 0.7562
vn 0.9403 -0.1927 0.2807
vn 0.8682 -0.2683 0.4175
vn 0.9981 -0.0339 0.0523
vn 0.9987 0.0332 -0.0394
vn 0.0255 -0.5855 0.8102
vn 0.0253 -0.5472 0.8366
vn -0.0146 0.5857 -0.8104
vn -0.0144 0.5473 -0.8368
vn 0.0381 -0.5852 0.8100
vn 0.0379 -0.5469 0.8363
vn -0.8229 0.3302 -0.4625
vn -0.8228 0.3079 -0.4778
vn 0.9579 0.1328 -0.2546
vn 0.9696 0.1099 -0.2185
vn 0.9308 0.1677 -0.3247
vn 0.9065 0.1933 -0.3754
vn 0.8964 0.2118 -0.3893
vn 0.9992 -0.0133 0.0384
vn 0.9992 -0.0112 0.0394
vn 0.2119 -0.4359 0.8747
vn 0.0565 -0.4246 0.9036
vn 0.3619 -0.4337 0.8252
vn 0.9400 -0.1504 0.3063
vn 0.8678 -0.2063 0.4522
vn 0.9980 -0.0248 0.0580
vn 0.9987 0.0288 -0.0421
vn 0.0248 -0.4670 0.8839
vn 0.0245 -0.4254 0.9047
vn -0.0139 0.4672 -0.8840
vn -0.0136 0.4255 -0.9048
vn 0.0374 -0.4668 0.8836
vn 0.0371 -0.4251 0.9044
vn -0.8225 0.2614 -0.5052
vn -0.8223 0.2373 -0.5172
vn 0.9582 0.0974 -0.2691
vn 0.9699 0.0798 -0.2302
vn 0.9312 0.1222 -0.3433
vn 0.9069 0.1405 -0.3972
vn 0.8969 0.1569 -0.4136
vn 0.9991 -0.0064 0.0414
vn 0.9991 -0.0043 0.0421
vn 0.2109 -0.3096 0.9272
vn 0.0555 -0.2947 0.9540
vn 0.3610 -0.3141 0.8781
vn 0.9396 -0.1050 0.3257
vn 0.8672 -0.1401 0.4778
vn 0.9979 -0.0151 0.0624
vn 0.9987 0.0243 -0.0440
vn 0.0238 -0.3394 0.9403
vn 0.0234 -0.2953 0.9551
vn -0.0129 0.3396 -0.9405
vn -0.0125 0.2954 -0.9553
vn 0.0364 -0.3392 0.9400
vn 0.0360 -0.2951 0.9548
vn -0.8213 0.2253 -0.5241
vn -0.8290 0.2083 -0.5190
vn 0.9585 0.0604 -0.2786
vn 0.9702 0.0484 -0.2375
vn 0.9317 0.0746 -0.3556
vn 0.9074 0.0851 -0.4115
vn 0.8974 0.0991 -0.4300
vn 0.9991 0.0008 0.0434
vn 0.9990 0.0031 0.0438
vn 0.2098 -0.1773 0.9615
vn 0.0542 -0.1590 0.9858
vn 0.3598 -0.1884 0.9138
vn 0.9392 -0.0573 0.3386
vn 0.8666 -0.0710 0.4940
vn 0.9978 -0.0049 0.0655
vn 0.9988 0.0192 -0.0455
vn 0.0226 -0.2053 0.9784
vn 0.0221 -0.1595 0.9870
vn -0.0117 0.2054 -0.9786
vn -0.0112 0.1596 -0.9871
vn 0.0352 -0.2051 0.9781
vn 0.0347 -0.1593 0.9866
vn 0.9589 0.0224 -0.2828
vn 0.9705 0.0163 -0.2405
vn 0.9322 0.0257 -0.3611
vn 0.9080 0.0283 -0.4179
vn 0.8980 0.0396 -0.4382
vn 0.9990 0.0082 0.0444
vn 0.9990 0.0105 0.0445
vn 0.2084 -0.0414 0.9772
vn 0.0527 -0.0202 0.9984
vn 0.3585 -0.0589 0.9317
vn 0.9387 -0.0083 0.3447
vn 0.8658 -0.0003 0.5004
vn 0.9977 0.0057 0.0671
vn 0.9988 0.0142 -0.0462
vn 0.0211 -0.0671 0.9975
vn 0.0206 -0.0206 0.9996
vn -0.0102 0.0672 -0.9977
vn -0.0097 0.0207 -0.9997
vn 0.0337 -0.0669 0.9972
vn 0.0332 -0.0204 0.9992
vn 0.9594 -0.0157 -0.2818
vn 0.9709 -0.0159 -0.2389
vn 0.9327 -0.0234 -0.3598
vn 0.9087 -0.0288 -0.4164
vn 0.8987 -0.0205 -0.4381
vn 0.9989 0.0157 0.0444
vn 0.9989 0.0181 0.0442
vn 0.2067 0.0952 0.9738
vn 0.0510 0.1191 0.9916
vn 0.3569 0.0719 0.9314
vn 0.9381 0.0411 0.3439
vn 0.8649 0.0705 0.4969
vn 0.9976 0.0165 0.0672
vn 0.9989 0.0092 -0.0462
vn 0.0195 0.0724 0.9972
vn 0.0189 0.1188 0.9927
vn -0.0086 -0.0723 -0.9973
vn -0.0080 -0.1187 -0.9929
vn 0.0321 0.0726 0.9968
vn 0.0315 0.1189 0.9924
vn 0.9599 -0.0535 -0.2753
vn 0.9714 -0.0476 -0.2328
vn 0.9334 -0.0719 -0.3515
vn 0.9095 -0.0852 -0.4069
vn 0.8995 -0.0800 -0.4295
vn 0.9988 0.0232 0.0433
vn 0.9988 0.0256 0.0427
vn 0.2049 0.2301 0.9513
vn 0.0491 0.2559 0.9654
vn 0.3553 0.2013 0.9128
vn 0.9374 0.0899 0.3363
vn 0.8640 0.1402 0.4836
vn 0.9975 0.0271 0.0658
vn 0.9990 0.0040 -0.0454
vn 0.0177 0.2105 0.9774
vn 0.0170 0.2558 0.9666
vn -0.0068 -0.2104 -0.9776
vn -0.0061 -0.2557 -0.9667
vn 0.0303 0.2106 0.9771
vn 0.0296 0.2559 0.9663
vn 0.9604 -0.0899 -0.2636
vn 0.9718 -0.0782 -0.2224
vn 0.9341 -0.1188 -0.3366
vn 0.9103 -0.1397 -0.3897
vn 0.9003 -0.1376 -0.4129
vn 0.9987 0.0305 0.0412
vn 0.9987 0.0328 0.0403
vn 0.2030 0.3606 0.9104
vn 0.0471 0.3879 0.9205
vn 0.3534 0.3269 0.8765
vn 0.9368 0.1372 0.3220
vn 0.8630 0.2074 0.4607
vn 0.9973 0.0374 0.0630
vn 0.9990 -0.0010 -0.0439
vn 0.0157 0.3445 0.9387
vn 0.0151 0.3878 0.9216
vn -0.0048 -0.3444 -0.9388
vn -0.0041 -0.3877 -0.9218
vn 0.0283 0.3446 0.9383
vn 0.0276 0.3879 0.9213
vn 0.9610 -0.1243 -0.2471
vn 0.9723 -0.1070 -0.2079
vn 0.9348 -0.1632 -0.3153
vn 0.9112 -0.1912 -0.3649
vn 0.9012 -0.1925 -0.3883
vn 0.9986 0.0373 0.0381
vn 0.9985 0.0393 0.0370
vn 0.2009 0.4840 0.8517
vn 0.0450 0.5123 0.8576
vn 0.3515 0.4461 0.8230
vn 0.9360 0.1820 0.3012
vn 0.8619 0.2707 0.4288
vn 0.9972 0.0472 0.0586
vn 0.9991 -0.0057 -0.0418
vn 0.0137 0.4718 0.8816
vn 0.0130 0.5123 0.8587
vn -0.0028 -0.4717 -0.8818
vn -0.0021 -0.5122 -0.8588
vn 0.0263 0.4718 0.8813
vn 0.0256 0.5124 0.8584
vn 0.9616 -0.1561 -0.2258
vn 0.9728 -0.1335 -0.1895
vn 0.9355 -0.2041 -0.2882
vn 0.9120 -0.2389 -0.3334
vn 0.9021 -0.2433 -0.3563
vn 0.9985 0.0438 0.0341
vn 0.9984 0.0456 0.0326
vn 0.1989 0.5981 0.7764
vn 0.0429 0.6267 0.7781
vn 0.3496 0.5568 0.7535
vn 0.9353 0.2235 0.2744
vn 0.8608 0.3290 0.3883
vn 0.9970 0.0563 0.0531
vn 0.9992 -0.0099 -0.0392
vn 0.0116 0.5899 0.8074
vn 0.0109 0.6268 0.7791
vn -0.0007 -0.5898 -0.8075
vn -0.0000 -0.6268 -0.7792
vn 0.0242 0.5899 0.8071
vn 0.0235 0.6269 0.7788
vn 0.9621 -0.1846 -0.2005
vn 0.9733 -0.1571 -0.1675
vn 0.9363 -0.2409 -0.2554
vn 0.9129 -0.2816 -0.2955
vn 0.9030 -0.2893 -0.3176
vn 0.9984 0.0494 0.0293
vn 0.9983 0.0511 0.0275
vn 0.1968 0.7006 0.6858
vn 0.0409 0.7289 0.6834
vn 0.3476 0.6568 0.6692
vn 0.9345 0.2608 0.2421
vn 0.8598 0.3810 0.3400
vn 0.9968 0.0646 0.0462
vn 0.9993 -0.0138 -0.0359
vn 0.0095 0.6965 0.7175
vn 0.0088 0.7292 0.6843
vn 0.0014 -0.6964 -0.7176
vn 0.0021 -0.7291 -0.6844
vn 0.0221 0.6965 0.7172
vn 0.0214 0.7292 0.6840
vn 0.9627 -0.2094 -0.1713
vn 0.9737 -0.1776 -0.1425
vn 0.9370 -0.2728 -0.2180
vn 0.9138 -0.3187 -0.2520
vn 0.9039 -0.3294 -0.2729
vn 0.9982 0.0545 0.0236
vn 0.9982 0.0559 0.0217
vn 0.1948 0.7895 0.5820
vn 0.0388 0.8170 0.5754
vn 0.3456 0.7440 0.5718
vn 0.9338 0.2933 0.2049
vn 0.8587 0.4259 0.2850
vn 0.9967 0.0718 0.0383
vn 0.9993 -0.0173 -0.0320
vn 0.0074 0.7896 0.6136
vn 0.0067 0.8173 0.5762
vn 0.0035 -0.7895 -0.6137
vn 0.0042 -0.8172 -0.5763
vn 0.0200 0.7896 0.6133
vn 0.0193 0.8173 0.5759
vn 0.9633 -0.2298 -0.1390
vn 0.9742 -0.1942 -0.1149
vn 0.9378 -0.2991 -0.1765
vn 0.9146 -0.3494 -0.2038
vn 0.9048 -0.3628 -0.2229
vn 0.9981 0.0587 0.0173
vn 0.9981 0.0597 0.0154
vn 0.1927 0.8631 0.4668
vn 0.0368 0.8892 0.4561
vn 0.3437 0.8168 0.4633
vn 0.9331 0.3203 0.1636
vn 0.8577 0.4626 0.2243
vn 0.9965 0.0779 0.0295
vn 0.9994 -0.0203 -0.0275
vn 0.0054 0.8673 0.4977
vn 0.0047 0.8896 0.4568
vn 0.0055 -0.8672 -0.4979
vn 0.0062 -0.8895 -0.4569
vn 0.0180 0.8673 0.4975
vn 0.0173 0.8895 0.4566
vn 0.9638 -0.2456 -0.1043
vn 0.9746 -0.2070 -0.0853
vn 0.9384 -0.3194 -0.1317
vn 0.9153 -0.3731 -0.1519
vn 0.9056 -0.3890 -0.1689
vn 0.9980 0.0619 0.0107
vn 0.9980 0.0628 0.0083
vn 0.1909 0.9199 0.3425
vn 0.0349 0.9440 0.3280
vn 0.3419 0.8738 0.3456
vn 0.9324 0.3413 0.1188
vn 0.8568 0.4906 0.1591
vn 0.9964 0.0827 0.0199
vn 0.9995 -0.0224 -0.0231
vn 0.0035 0.9281 0.3722
vn 0.0029 0.9445 0.3286
vn 0.0074 -0.9281 -0.3723
vn 0.0080 -0.9444 -0.3287
vn 0.0161 0.9281 0.3720
vn 0.0155 0.9444 0.3284
vn 0.9642 -0.2563 -0.0676
vn 0.9750 -0.2154 -0.0541
vn 0.9390 -0.3333 -0.0845
vn 0.9160 -0.3892 -0.0970
vn 0.9064 -0.4075 -0.1117
vn 0.9979 0.0642 0.0034
vn 0.9979 0.0647 0.0011
vn 0.1892 0.9589 0.2114
vn 0.0332 0.9805 0.1935
vn 0.3403 0.9139 0.2212
vn 0.9318 0.3558 0.0716
vn 0.8559 0.5092 0.0906
vn 0.9962 0.0861 0.0098
vn 0.9995 -0.0240 -0.0182
vn 0.0017 0.9709 0.2394
vn 0.0012 0.9810 0.1940
vn 0.0092 -0.9708 -0.2396
vn 0.0097 -0.9809 -0.1941
vn 0.0143 0.9709 0.2393
vn 0.0138 0.9809 0.1938
vn 0.9647 -0.2618 -0.0297
vn 0.9754 -0.2194 -0.0221
vn 0.9396 -0.3404 -0.0358
vn 0.9167 -0.3976 -0.0405
vn 0.9071 -0.4177 -0.0525
vn 0.9978 0.0655 -0.0039
vn 0.9978 0.0657 -0.0064
vn 0.1877 0.9793 0.0762
vn 0.0317 0.9980 0.0552
vn 0.3388 0.9363 0.0924
vn 0.9312 0.3637 0.0229
vn 0.8551 0.5180 0.0202
vn 0.9961 0.0881 -0.0007
vn 0.9996 -0.0248 -0.0131
vn 0.0001 0.9948 0.1020
vn -0.0004 0.9985 0.0556
vn 0.0108 -0.9947 -0.1021
vn 0.0113 -0.9984 -0.0557
vn 0.0127 0.9947 0.1018
vn 0.0123 0.9984 0.0554
vn 0.9650 -0.2620 0.0085
vn 0.9757 -0.2190 0.0102
vn 0.9401 -0.3408 0.0134
vn 0.9172 -0.3981 0.0167
vn 0.9076 -0.4197 0.0075
vn 0.9978 0.0657 -0.0115
vn 0.9977 0.0656 -0.0140
vn 0.1865 0.9806 -0.0606
vn 0.0304 0.9960 -0.0841
vn 0.3375 0.9405 -0.0383
vn 0.9308 0.3647 -0.0265
vn 0.8545 0.5170 -0.0508
vn 0.9960 0.0885 -0.0114
vn 0.9997 -0.0250 -0.0079
vn -0.0012 0.9993 -0.0374
vn -0.0017 0.9965 -0.0839
vn 0.0122 -0.9992 0.0373
vn 0.0125 -0.9964 0.0838
vn 0.0114 0.9992 -0.0375
vn 0.0110 0.9964 -0.0840
vn 0.9653 -0.2569 0.0463
vn 0.9759 -0.2141 0.0421
vn 0.9404 -0.3342 0.0621
vn 0.9176 -0.3907 0.0733
vn 0.9081 -0.4132 0.0673
vn 0.9977 0.0649 -0.0191
vn 0.9977 0.0644 -0.0214
vn 0.1853 0.9629 -0.1961
vn 0.0294 0.9746 -0.2219
vn 0.3365 0.9265 -0.1683
vn 0.9304 0.3587 -0.0756
vn 0.8539 0.5062 -0.1209
vn 0.9959 0.0875 -0.0221
vn 0.9997 -0.0244 -0.0030
vn -0.0024 0.9844 -0.1761
vn -0.0027 0.9751 -0.2218
vn 0.0133 -0.9843 0.1760
vn 0.0136 -0.9750 0.2217
vn 0.0102 0.9843 -0.1762
vn 0.0099 0.9750 -0.2218
vn 0.9656 -0.2466 0.0832
vn 0.9761 -0.2047 0.0729
vn 0.9407 -0.3211 0.1095
vn 0.9180 -0.3753 0.1284
vn 0.9085 -0.3986 0.1256
vn 0.9977 0.0631 -0.0263
vn 0.9977 0.0623 -0.0286
vn 0.1846 0.9265 -0.3280
vn 0.0286 0.9343 -0.3553
vn 0.3356 0.8946 -0.2950
vn 0.9301 0.3461 -0.1233
vn 0.8535 0.4856 -0.1888
vn 0.9959 0.0850 -0.0325
vn 0.9997 -0.0232 0.0020
vn -0.0033 0.9503 -0.3114
vn -0.0035 0.9347 -0.3553
vn 0.0142 -0.9502 0.3113
vn 0.0144 -0.9347 0.3552
vn 0.0094 0.9502 -0.3115
vn 0.0091 0.9347 -0.3553
vn 0.9657 -0.2311 0.1182
vn 0.9762 -0.1912 0.1022
vn 0.9409 -0.3013 0.1545
vn 0.9182 -0.3525 0.1808
vn 0.9088 -0.3759 0.1812
vn 0.9976 0.0602 -0.0333
vn 0.9976 0.0592 -0.0353
vn 0.1840 0.8721 -0.4534
vn 0.0281 0.8758 -0.4818
vn 0.3351 0.8453 -0.4161
vn 0.9299 0.3269 -0.1688
vn 0.8533 0.4559 -0.2532
vn 0.9958 0.0810 -0.0425
vn 0.9998 -0.0213 0.0067
vn -0.0039 0.8977 -0.4406
vn -0.0040 0.8762 -0.4819
vn 0.0148 -0.8976 0.4405
vn 0.0149 -0.8761 0.4819
vn 0.0088 0.8976 -0.4406
vn 0.0086 0.8762 -0.4819
vn 0.9658 -0.2112 0.1507
vn 0.9763 -0.1737 0.1294
vn 0.9410 -0.2756 0.1964
vn 0.9183 -0.3226 0.2295
vn 0.9089 -0.3457 0.2332
vn 0.9976 0.0565 -0.0397
vn 0.9976 0.0550 -0.0418
vn 0.1837 0.8008 -0.5701
vn 0.0279 0.8003 -0.5990
vn 0.3348 0.7797 -0.5292
vn 0.9298 0.3015 -0.2112
vn 0.8532 0.4174 -0.3129
vn 0.9958 0.0758 -0.0518
vn 0.9998 -0.0187 0.0112
vn -0.0042 0.8276 -0.5613
vn -0.0042 0.8006 -0.5992
vn 0.0151 -0.8276 0.5612
vn 0.0151 -0.8005 0.5991
vn 0.0084 0.8276 -0.5613
vn 0.0084 0.8006 -0.5992
vn 0.9658 -0.1867 0.1801
vn 0.9762 -0.1526 0.1538
vn 0.9410 -0.2442 0.2343
vn 0.9183 -0.2862 0.2736
vn 0.9089 -0.3087 0.2804
vn 0.9976 0.0518 -0.0457
vn 0.9976 0.0501 -0.0475
vn 0.1837 0.7140 -0.6757
vn 0.0279 0.7092 -0.7045
vn 0.3348 0.6989 -0.6320
vn 0.9298 0.2705 -0.2497
vn 0.8532 0.3710 -0.3666
vn 0.9958 0.0693 -0.0603
vn 0.9998 -0.0156 0.0152
vn -0.0042 0.7415 -0.6710
vn -0.0041 0.7094 -0.7048
vn 0.0151 -0.7414 0.6709
vn 0.0150 -0.7093 0.7047
vn 0.0084 0.7415 -0.6709
vn 0.0085 0.7094 -0.7047
vn 0.9657 -0.1585 0.2058
vn 0.9762 -0.1283 0.1751
vn 0.9409 -0.2078 0.2675
vn 0.9182 -0.2440 0.3121
vn 0.9088 -0.2653 0.3221
vn 0.9976 0.0463 -0.0510
vn 0.9976 0.0445 -0.0524
vn 0.1841 0.6132 -0.7681
vn 0.0283 0.6043 -0.7963
vn 0.3350 0.6046 -0.7226
vn 0.9299 0.2345 -0.2835
vn 0.8534 0.3176 -0.4134
vn 0.9958 0.0616 -0.0678
vn 0.9998 -0.0118 0.0188
vn -0.0039 0.6409 -0.7676
vn -0.0038 0.6044 -0.7967
vn 0.0148 -0.6408 0.7676
vn 0.0147 -0.6044 0.7966
vn 0.0087 0.6409 -0.7676
vn 0.0088 0.6045 -0.7966
vn 0.9655 -0.1269 0.2274
vn 0.9760 -0.1013 0.1927
vn 0.9407 -0.1673 0.2953
vn 0.9179 -0.1969 0.3445
vn 0.9085 -0.2166 0.3572
vn 0.9977 0.0402 -0.0553
vn 0.9977 0.0381 -0.0566
vn 0.1847 0.5006 -0.8457
vn 0.0290 0.4877 -0.8726
vn 0.3356 0.4987 -0.7992
vn 0.9301 0.1941 -0.3119
vn 0.8537 0.2582 -0.4522
vn 0.9958 0.0530 -0.0742
vn 0.9997 -0.0075 0.0219
vn -0.0034 0.5278 -0.8494
vn -0.0031 0.4877 -0.8730
vn 0.0143 -0.5277 0.8493
vn 0.0140 -0.4876 0.8730
vn 0.0093 0.5279 -0.8493
vn 0.0095 0.4878 -0.8729
vn 0.9652 -0.0927 0.2443
vn 0.9758 -0.0721 0.2065
vn 0.9403 -0.1233 0.3172
vn 0.9175 -0.1458 0.3701
vn 0.9082 -0.1635 0.3853
vn 0.9977 0.0337 -0.0588
vn 0.9977 0.0314 -0.0597
vn 0.1856 0.3783 -0.9069
vn 0.0299 0.3615 -0.9319
vn 0.3364 0.3831 -0.8603
vn 0.9304 0.1501 -0.3344
vn 0.8542 0.1940 -0.4824
vn 0.9959 0.0436 -0.0793
vn 0.9997 -0.0031 0.0242
vn -0.0025 0.4045 -0.9145
vn -0.0022 0.3615 -0.9324
vn 0.0134 -0.4044 0.9145
vn 0.0131 -0.3614 0.9323
vn 0.0101 0.4045 -0.9145
vn 0.0104 0.3615 -0.9323
vn 0.9649 -0.0564 0.2564
vn 0.9755 -0.0413 0.2160
vn 0.9399 -0.0766 0.3327
vn 0.9171 -0.0915 0.3880
vn 0.9077 -0.1070 0.4057
vn 0.9978 0.0265 -0.0614
vn 0.9978 0.0242 -0.0620
vn 0.1867 0.2487 -0.9504
vn 0.0311 0.2284 -0.9731
vn 0.3374 0.2601 -0.9047
vn 0.9308 0.1035 -0.3506
vn 0.8548 0.1262 -0.5034
vn 0.9960 0.0336 -0.0830
vn 0.9997 0.0019 0.0260
vn -0.0014 0.2733 -0.9619
vn -0.0010 0.2282 -0.9736
vn 0.0123 -0.2732 0.9619
vn 0.0119 -0.2281 0.9736
vn 0.0112 0.2734 -0.9618
vn 0.0116 0.2283 -0.9735
vn 0.9646 -0.0188 0.2632
vn 0.9752 -0.0094 0.2212
vn 0.9395 -0.0281 0.3415
vn 0.9165 -0.0354 0.3986
vn 0.9071 -0.0482 0.4181
vn 0.9978 0.0191 -0.0629
vn 0.9979 0.0167 -0.0632
vn 0.1880 0.1143 -0.9755
vn 0.0325 0.0908 -0.9953
vn 0.3386 0.1322 -0.9316
vn 0.9313 0.0550 -0.3602
vn 0.8555 0.0562 -0.5147
vn 0.9961 0.0231 -0.0853
vn 0.9996 0.0068 0.0270
vn -0.0001 0.1368 -0.9906
vn 0.0004 0.0905 -0.9959
vn 0.0110 -0.1366 0.9906
vn 0.0105 -0.0904 0.9959
vn 0.0125 0.1369 -0.9905
vn 0.0130 0.0906 -0.9958
vn 0.9641 0.0194 0.2647
vn 0.9748 0.0228 0.2218
vn 0.9389 0.0210 0.3435
vn 0.9159 0.0218 0.4009
vn 0.9065 0.0118 0.4221
vn 0.9979 0.0115 -0.0634
vn 0.9979 0.0091 -0.0634
vn 0.1896 -0.0223 -0.9816
vn 0.0341 -0.0485 -0.9982
vn 0.3401 0.0017 -0.9404
vn 0.9318 0.0057 -0.3629
vn 0.8563 -0.0148 -0.5162
vn 0.9962 0.0124 -0.0862
vn 0.9996 0.0120 0.0274
vn 0.0015 -0.0024 -1.0000
vn 0.0020 -0.0490 -0.9988
vn 0.0094 0.0025 1.0000
vn 0.0089 0.0491 0.9988
vn 0.0141 -0.0023 -0.9999
vn 0.0146 -0.0488 -0.9987
vn 0.9637 0.0575 0.2609
vn 0.9744 0.0549 0.2180
vn 0.9383 0.0699 0.3387
vn 0.9151 0.0787 0.3954
vn 0.9057 0.0716 0.4178
vn 0.9980 0.0041 -0.0629
vn 0.9980 0.0018 -0.0625
vn 0.1913 -0.1584 -0.9687
vn 0.0359 -0.1869 -0.9817
vn 0.3417 -0.1287 -0.9310
vn 0.9324 -0.0436 -0.3587
vn 0.8573 -0.0853 -0.5078
vn 0.9963 0.0017 -0.0855
vn 0.9995 0.0171 0.0270
vn 0.0032 -0.1415 -0.9899
vn 0.0038 -0.1875 -0.9823
vn 0.0077 0.1417 0.9899
vn 0.0071 0.1876 0.9822
vn 0.0158 -0.1414 -0.9898
vn 0.0164 -0.1873 -0.9822
vn 0.9631 0.0946 0.2518
vn 0.9740 0.0861 0.2098
vn 0.9376 0.1177 0.3272
vn 0.9144 0.1343 0.3820
vn 0.9049 0.1304 0.4051
vn 0.9981 -0.0033 -0.0613
vn 0.9981 -0.0055 -0.0606
vn 0.1931 -0.2914 -0.9369
vn 0.0378 -0.3217 -0.9461
vn 0.3435 -0.2565 -0.9035
vn 0.9331 -0.0917 -0.3477
vn 0.8582 -0.1539 -0.4896
vn 0.9965 -0.0087 -0.0834
vn 0.9994 0.0221 0.0259
vn 0.0051 -0.2779 -0.9606
vn 0.0058 -0.3224 -0.9466
vn 0.0058 0.2781 0.9605
vn 0.0051 0.3225 0.9466
vn 0.0177 -0.2777 -0.9605
vn 0.0184 -0.3221 -0.9465
vn 0.9626 0.1301 0.2378
vn 0.9735 0.1158 0.1972
vn 0.9369 0.1635 0.3090
vn 0.9135 0.1874 0.3610
vn 0.9040 0.1868 0.3845
vn 0.9982 -0.0103 -0.0587
vn 0.9983 -0.0125 -0.0577
vn 0.1951 -0.4186 -0.8870
vn 0.0398 -0.4501 -0.8921
vn 0.3454 -0.3792 -0.8584
vn 0.9338 -0.1379 -0.3301
vn 0.8593 -0.2193 -0.4621
vn 0.9966 -0.0188 -0.0798
vn 0.9993 0.0268 0.0241
vn 0.0071 -0.4089 -0.9126
vn 0.0078 -0.4509 -0.8925
vn 0.0038 0.4090 0.9125
vn 0.0031 0.4511 0.8925
vn 0.0197 -0.4086 -0.9125
vn 0.0204 -0.4507 -0.8925
vn 0.9620 0.1633 0.2189
vn 0.9730 0.1436 0.1807
vn 0.9362 0.2062 0.2847
vn 0.9127 0.2371 0.3328
vn 0.9032 0.2398 0.3561
vn 0.9983 -0.0170 -0.0551
vn 0.9984 -0.0189 -0.0538
vn 0.1972 -0.5377 -0.8197
vn 0.0420 -0.5699 -0.8207
vn 0.3473 -0.4945 -0.7968
vn 0.9346 -0.1811 -0.3062
vn 0.8603 -0.2802 -0.4258
vn 0.9968 -0.0283 -0.0749
vn 0.9993 0.0314 0.0217
vn 0.0092 -0.5319 -0.8468
vn 0.0099 -0.5707 -0.8211
vn 0.0017 0.5320 0.8467
vn 0.0010 0.5709 0.8210
vn 0.0218 -0.5316 -0.8467
vn 0.0225 -0.5704 -0.8210
vn 0.9614 0.1935 0.1955
vn 0.9725 0.1687 0.1605
vn 0.9354 0.2452 0.2547
vn 0.9118 0.2824 0.2980
vn 0.9022 0.2883 0.3207
vn 0.9984 -0.0231 -0.0507
vn 0.9985 -0.0249 -0.0491
vn 0.1992 -0.6463 -0.7367
vn 0.0441 -0.6784 -0.7333
vn 0.3493 -0.6000 -0.7197
vn 0.9353 -0.2206 -0.2766
vn 0.8614 -0.3355 -0.3813
vn 0.9970 -0.0370 -0.0686
vn 0.9992 0.0356 0.0186
vn 0.0113 -0.6445 -0.7645
vn 0.0120 -0.6794 -0.7337
vn -0.0004 0.6447 0.7644
vn -0.0011 0.6796 0.7336
vn 0.0239 -0.6442 -0.7645
vn 0.0246 -0.6791 -0.7336
vn 0.9608 0.2202 0.1682
vn 0.9720 0.1907 0.1370
vn 0.9347 0.2796 0.2197
vn 0.9110 0.3225 0.2572
vn 0.9013 0.3314 0.2788
vn 0.9986 -0.0285 -0.0454
vn 0.9986 -0.0300 -0.0436
vn 0.2013 -0.7422 -0.6392
vn 0.0461 -0.7738 -0.6317
vn 0.3512 -0.6939 -0.6286
vn 0.9361 -0.2556 -0.2418
vn 0.8625 -0.3841 -0.3296
vn 0.9971 -0.0448 -0.0613
vn 0.9991 0.0392 0.0152
vn 0.0134 -0.7446 -0.6673
vn 0.0141 -0.7749 -0.6319
vn -0.0025 0.7448 0.6673
vn -0.0032 0.7751 0.6319
vn 0.0260 -0.7443 -0.6673
vn 0.0267 -0.7746 -0.6319
vn 0.9603 0.2429 0.1374
vn 0.9716 0.2094 0.1106
vn 0.9339 0.3088 0.1800
vn 0.9101 0.3564 0.2112
vn 0.9005 0.3683 0.2314
vn 0.9987 -0.0331 -0.0395
vn 0.9987 -0.0344 -0.0374
vn 0.2032 -0.8236 -0.5294
vn 0.0482 -0.8541 -0.5178
vn 0.3532 -0.7741 -0.5254
vn 0.9368 -0.2855 -0.2024
vn 0.8635 -0.4250 -0.2716
vn 0.9973 -0.0515 -0.0529
vn 0.9990 0.0425 0.0109
vn 0.0154 -0.8302 -0.5572
vn 0.0161 -0.8553 -0.5180
vn -0.0045 0.8304 0.5572
vn -0.0052 0.8554 0.5179
vn 0.0280 -0.8299 -0.5572
vn 0.0287 -0.8549 -0.5180
vn 0.9598 0.2610 0.1037
vn 0.9711 0.2241 0.0819
vn 0.9333 0.3321 0.1367
vn 0.9094 0.3836 0.1610
vn 0.8996 0.3982 0.1793
vn 0.9988 -0.0368 -0.0329
vn 0.9988 -0.0378 -0.0308
vn 0.2052 -0.8890 -0.4094
vn 0.0501 -0.9178 -0.3938
vn 0.3550 -0.8392 -0.4120
vn 0.9375 -0.3095 -0.1592
vn 0.8645 -0.4574 -0.2085
vn 0.9974 -0.0569 -0.0437
vn 0.9990 0.0449 0.0067
vn 0.0174 -0.8997 -0.4362
vn 0.0180 -0.9190 -0.3939
vn -0.0065 0.8998 0.4362
vn -0.0071 0.9192 0.3938
vn 0.0300 -0.8993 -0.4363
vn 0.0306 -0.9186 -0.3939
vn -0.8166 0.5080 0.2740
vn -0.8124 0.5290 0.2451
vn -0.8186 0.5236 0.2362
vn 0.9593 0.2742 0.0679
vn 0.9707 0.2347 0.0514
vn 0.9326 0.3492 0.0906
vn 0.9086 0.4036 0.1074
vn 0.8988 0.4205 0.1236
vn 0.9989 -0.0396 -0.0260
vn 0.9989 -0.0403 -0.0236
vn 0.2070 -0.9370 -0.2813
vn 0.0519 -0.9636 -0.2622
vn 0.3567 -0.8878 -0.2907
vn 0.9381 -0.3273 -0.1132
vn 0.8654 -0.4807 -0.1415
vn 0.9976 -0.0610 -0.0338
vn 0.9989 0.0469 0.0017
vn 0.0192 -0.9516 -0.3068
vn 0.0198 -0.9648 -0.2621
vn -0.0083 0.9518 0.3067
vn -0.0089 0.9650 0.2620
vn 0.0318 -0.9512 -0.3068
vn 0.0324 -0.9645 -0.2622
vn -0.8193 0.5425 0.1856
vn -0.8196 0.5502 0.1597
vn 0.9588 0.2824 0.0306
vn 0.9703 0.2410 0.0198
vn 0.9321 0.3598 0.0426
vn 0.9079 0.4160 0.0517
vn 0.8981 0.4349 0.0652
vn 0.9990 -0.0414 -0.0186
vn 0.9990 -0.0418 -0.0163
vn 0.2086 -0.9668 -0.1479
vn 0.0535 -0.9907 -0.1255
vn 0.3583 -0.9191 -0.1638
vn 0.9387 -0.3385 -0.0651
vn 0.8662 -0.4945 -0.0718
vn 0.9977 -0.0637 -0.0234
vn 0.9988 0.0481 -0.0032
vn 0.0209 -0.9850 -0.1713
vn 0.0214 -0.9919 -0.1253
vn -0.0100 0.9852 0.1712
vn -0.0105 0.9921 0.1252
vn 0.0335 -0.9846 -0.1714
vn 0.0340 -0.9915 -0.1254
vn -0.8202 0.5619 0.1070
vn -0.8205 0.5659 0.0803
vn -0.0902 0.9959 0.0091
vn -0.2047 0.6671 0.7163
vn -0.3201 0.9473 0.0116
vn -0.0495 0.6989 0.7135
vn 0.0303 -0.0021 0.9995
vn 0.0205 -0.0088 0.9998
vn 0.2472 -0.6701 0.6999
vn 0.0783 -0.7104 0.6995
vn 0.3201 -0.9473 -0.0117
vn 0.0902 -0.9959 -0.0092
vn 0.2047 -0.6670 -0.7164
vn 0.0495 -0.6989 -0.7135
vn -0.0303 0.0021 -0.9995
vn -0.0205 0.0089 -0.9998
vn -0.2472 0.6701 -0.6999
vn -0.0783 0.7103 -0.6995
vn -0.4025 0.5687 0.7173
vn -0.5972 0.8020 0.0129
vn 0.0271 0.0040 0.9996
vn 0.4405 -0.5633 0.6990
vn 0.5972 -0.8020 -0.0130
vn 0.4024 -0.5687 -0.7174
vn -0.0271 -0.0040 -0.9996
vn -0.4405 0.5633 -0.6990
vn -0.5602 0.4141 0.7174
vn -0.8158 0.5782 0.0130
vn 0.0222 0.0087 0.9997
vn 0.5914 -0.4020 0.6990
vn 0.8158 -0.5782 -0.0131
vn 0.5601 -0.4141 -0.7175
vn -0.0222 -0.0088 -0.9997
vn -0.5914 0.4020 -0.6991
vn -0.6624 0.2183 0.7167
vn -0.9546 0.2978 0.0118
vn 0.0161 0.0118 0.9998
vn 0.6850 -0.2020 0.7000
vn 0.9546 -0.2978 -0.0119
vn 0.6623 -0.2183 -0.7167
vn -0.0161 -0.0118 -0.9998
vn -0.6850 0.2020 -0.6999
vn -0.7856 0.1103 0.6088
vn -0.9816 0.1447 -0.1245
vn -0.1275 0.0111 0.9918
vn 0.6084 -0.0951 0.7879
vn 0.9816 -0.1447 0.1243
vn 0.7856 -0.1104 -0.6089
vn 0.1275 -0.0111 -0.9918
vn -0.6084 0.0951 -0.7879
vn -0.0103 0.9893 0.1458
vn 0.0005 0.5965 0.8026
vn 0.0111 -0.1457 0.9893
vn 0.0151 -0.8026 0.5964
vn 0.0103 -0.9893 -0.1459
vn -0.0005 -0.5965 -0.8026
vn -0.0111 0.1457 -0.9893
vn -0.0151 0.8025 -0.5964
vn 0.1314 0.0993 0.9863
vn 0.1257 0.4871 0.8642
vn 0.1340 -0.1142 0.9844
vn 0.1225 0.6610 0.7403
vn 0.1166 0.9030 0.4136
vn 0.1139 0.9708 0.2110
vn 0.1100 0.9745 -0.1955
vn 0.1088 0.9103 -0.3993
vn 0.1084 0.6744 -0.7304
vn 0.1093 0.5027 -0.8575
vn 0.1126 0.1172 -0.9867
vn 0.1151 -0.0964 -0.9887
vn 0.1209 -0.4842 -0.8666
vn 0.1241 -0.6582 -0.7426
vn 0.1300 -0.9001 -0.4159
vn 0.1328 -0.9679 -0.2134
vn 0.1366 -0.9716 0.1931
vn 0.1378 -0.9074 0.3970
vn 0.1381 -0.6715 0.7280
vn 0.1373 -0.4998 0.8552
vt 0.000000 0.000000
vt 11.901930 28.000000
vt 12.143000 28.000000
vt 12.125190 30.446779
vt 11.881950 30.434561
vt 12.269240 28.000000
vt 12.252580 30.453400
vt -1.000000 21.250000
vt -0.925770 21.250000
vt -0.925770 23.141300
vt -1.000000 23.141411
vt -0.771690 21.250000
vt -0.771690 23.141220
vt -0.517130 21.250000
vt -0.517130 23.141180
vt -0.262130 21.250000
vt -0.262130 23.141211
vt -0.103120 21.250000
vt -0.103120 23.141291
vt -0.021830 21.250000
vt -0.021830 23.141390
vt 15.695660 28.000000
vt 15.838250 28.000000
vt 15.855890 30.447741
vt 15.712000 30.455210
vt 16.223881 28.000000
vt 16.244961 30.426029
vt 12.070060 32.891201
vt 11.820130 32.866169
vt 12.201000 32.904732
vt -0.925770 25.032551
vt -1.000000 25.032770
vt -0.771690 25.032391
vt -0.517130 25.032320
vt -0.262130 25.032379
vt -0.103120 25.032539
vt -0.021830 25.032730
vt 15.910490 32.893169
vt 15.762590 32.908421
vt 16.310160 32.848789
vt 11.972090 35.330601
vt 11.710370 35.291451
vt 12.109290 35.351620
vt -0.925770 26.923710
vt -1.000000 26.924030
vt -0.771690 26.923470
vt -0.517130 26.923380
vt -0.262130 26.923460
vt -0.103120 26.923691
vt -0.021830 26.923981
vt 16.007540 35.333672
vt 15.852550 35.357361
vt 16.425859 35.264561
vt 11.820550 37.761501
vt 11.540860 37.706051
vt 11.967310 37.791031
vt -0.925770 28.814730
vt -1.000000 28.815149
vt -0.771690 28.814421
vt -0.517130 28.814301
vt -0.262130 28.814409
vt -0.103120 28.814699
vt -0.021830 28.815081
vt 16.157669 37.765831
vt 15.991840 37.799080
vt 16.604361 37.668510
vt 11.596440 40.178879
vt 11.290840 40.103699
vt 11.757070 40.218521
vt -0.925770 30.705570
vt -1.000000 30.706079
vt -0.771690 30.705191
vt -0.517130 30.705050
vt -0.262130 30.705179
vt -0.103120 30.705530
vt -0.021840 30.705999
vt 16.379730 40.184711
vt 16.198179 40.229301
vt 16.867220 40.053749
vt 11.266060 42.574661
vt 10.923830 42.474388
vt 11.446470 42.626949
vt -0.925770 32.596199
vt -1.000000 32.596790
vt -0.771690 32.595760
vt -0.517130 32.595589
vt -0.262130 32.595749
vt -0.103120 32.596149
vt -0.021840 32.596691
vt 16.707199 42.582390
vt 16.503189 42.641151
vt 17.252119 42.409229
vt 10.766720 44.934380
vt 10.373070 44.800411
vt 10.975320 45.003479
vt -0.925770 34.486568
vt -1.000000 34.487221
vt -0.771690 34.486080
vt -0.517130 34.485889
vt -0.262130 34.486069
vt -0.103120 34.486519
vt -0.021840 34.487122
vt 17.202400 44.944630
vt 16.966330 45.022209
vt 17.827271 44.715599
vt 9.972500 47.228851
vt 9.508340 47.046810
vt 10.220950 47.321930
vt -0.925770 36.376671
vt -1.000000 36.377380
vt -0.771690 36.376141
vt -0.517130 36.375931
vt -0.262130 36.376122
vt -0.103120 36.376610
vt -0.021840 36.377258
vt 17.990820 47.242710
vt 17.709209 47.347130
vt 18.723610 46.935070
vt 8.605650 49.390331
vt 8.057740 49.135590
vt 8.905170 49.520279
vt -0.925770 38.266460
vt -1.000000 38.267208
vt -0.771690 38.265900
vt -0.517130 38.265678
vt -0.262130 38.265881
vt -0.103120 38.266399
vt -0.021840 38.267090
vt 19.350401 49.409729
vt 19.009741 49.555550
vt 20.206390 48.985100
vt 6.024150 51.235710
vt 5.460650 50.871960
vt 6.345460 51.423599
vt -0.925770 40.155930
vt -1.000000 40.156700
vt -0.771690 40.155350
vt -0.517130 40.155121
vt -0.262130 40.155331
vt -0.103120 40.155861
vt -0.021840 40.156582
vt 21.929270 51.263691
vt 21.561100 51.475101
vt 22.790661 50.667931
vt 1.260650 52.265411
vt 1.072360 51.796700
vt 1.362620 52.512772
vt -0.925770 42.045059
vt -1.000000 42.045849
vt -0.771690 42.044479
vt -0.517130 42.044250
vt -0.262130 42.044460
vt -0.103120 42.044998
vt -0.021840 42.045731
vt 26.724211 52.302040
vt 26.607460 52.581600
vt 26.990120 51.548191
vt -4.276280 51.827259
vt -3.871720 51.394932
vt -4.537840 52.048130
vt -0.925770 43.933861
vt -1.000000 43.934650
vt -0.771690 43.933281
vt -0.517130 43.933048
vt -0.262130 43.933262
vt -0.103120 43.933800
vt -0.021840 43.934521
vt 32.312599 51.860359
vt 32.616631 52.108791
vt 31.669630 51.168240
vt 52.128281 51.394932
vt 51.723721 51.827259
vt 48.290298 50.249550
vt 48.823990 49.926830
vt 51.462158 52.048130
vt 47.978569 50.406319
vt -0.925770 45.822330
vt -1.000000 45.823101
vt -0.771690 45.821758
vt -0.517130 45.821541
vt -0.262130 45.821751
vt -0.103120 45.822269
vt -0.021840 45.822971
vt 35.754471 50.273449
vt 36.111622 50.448471
vt 34.906090 49.756371
vt 46.510941 48.196949
vt 46.986431 47.958549
vt 46.245590 48.309040
vt -0.925770 47.710468
vt -1.000000 47.711201
vt -0.771690 47.709930
vt -0.517130 47.709709
vt -0.262130 47.709911
vt -0.103120 47.710419
vt -0.021840 47.711090
vt -0.000000 45.823662
vt -0.000000 47.711750
vt 36.767559 47.833229
vt 37.527710 48.214230
vt 45.518421 45.957920
vt 45.923611 45.776669
vt 45.297180 46.041328
vt -0.925770 49.598301
vt -1.000000 49.598980
vt -0.771690 49.597790
vt -0.517130 49.597599
vt -0.262130 49.597771
vt -0.103120 49.598251
vt -0.021840 49.598881
vt -0.000000 49.599491
vt 37.864239 45.682510
vt 38.514011 45.970871
vt 44.912949 43.634521
vt 45.263279 43.493931
vt 44.723862 43.698200
vt -0.925770 51.485840
vt -1.000000 51.486462
vt -0.771690 51.485371
vt -0.517130 51.485199
vt -0.262130 51.485359
vt -0.103120 51.485790
vt -0.021840 51.486359
vt -0.000000 51.486919
vt 38.552139 43.421940
vt 39.114868 43.644470
vt 44.519489 41.267658
vt 44.829861 41.158081
vt 44.353081 41.316669
vt -0.925770 53.373119
vt -1.000000 53.373661
vt -0.771690 53.372711
vt -0.517130 53.372551
vt -0.262130 53.372700
vt -0.103120 53.373070
vt -0.021840 53.373569
vt -0.000000 53.374069
vt 39.006050 41.102749
vt 39.505051 41.275360
vt 44.254261 38.876301
vt 44.535980 38.791908
vt 44.103840 38.913670
vt -0.925770 55.260151
vt -1.000000 55.260620
vt -0.771690 55.259811
vt -0.517130 55.259670
vt -0.262130 55.259800
vt -0.103120 55.260120
vt -0.021840 55.260540
vt -0.000000 55.260960
vt 39.314789 38.749828
vt 39.767941 38.882191
vt 44.073540 36.470322
vt 44.334999 36.407501
vt 43.934311 36.497921
vt -0.925770 57.146999
vt -1.000000 57.147369
vt -0.771690 57.146721
vt -0.517130 57.146610
vt -0.262130 57.146709
vt -0.103120 57.146969
vt -0.021840 57.147308
vt -0.000000 57.147640
vt 39.526329 36.376499
vt 39.947021 36.474682
vt 43.953049 34.055401
vt 44.200699 34.011879
vt 43.821400 34.074421
vt -0.925770 59.033691
vt -1.000000 59.033958
vt -0.771690 59.033489
vt -0.517130 59.033409
vt -0.262130 59.033482
vt -0.103120 59.033661
vt -0.021840 59.033909
vt -0.000000 59.034149
vt 39.667870 33.990570
vt 40.066399 34.058411
vt 43.878941 31.635139
vt 44.117981 31.609520
vt 43.751991 31.646290
vt -0.925770 60.920261
vt -1.000000 60.920422
vt -0.771690 60.920139
vt -0.517130 60.920090
vt -0.262130 60.920132
vt -0.103120 60.920250
vt -0.021840 60.920391
vt -0.000000 60.920540
vt 39.755112 31.597059
vt 40.139820 31.636909
vt 43.843590 29.212009
vt 44.078480 29.203560
vt 43.718891 29.215691
vt -0.925770 62.806759
vt -1.000000 62.806820
vt -0.771690 62.806721
vt -0.517130 62.806702
vt -0.262130 62.806721
vt -0.103120 62.806759
vt -0.021840 62.806801
vt -0.000000 62.806850
vt 39.796780 29.199450
vt 40.174839 29.212601
vt 43.843590 26.787979
vt 44.078480 26.796440
vt 43.718891 26.784309
vt -0.925770 64.693237
vt -1.000000 64.693176
vt -0.771690 64.693283
vt -0.517130 64.693298
vt -0.262130 64.693283
vt -0.103120 64.693237
vt -0.021840 64.693192
vt -0.000000 64.693153
vt 39.796780 26.800550
vt 40.174839 26.787399
vt 43.878941 24.364861
vt 44.117981 24.390480
vt 43.751991 24.353710
vt -0.925770 66.579742
vt -1.000000 66.579567
vt -0.771690 66.579857
vt -0.517130 66.579910
vt -0.262130 66.579857
vt -0.103120 66.579750
vt -0.021840 66.579613
vt -0.000000 66.579453
vt 39.755112 24.402950
vt 40.139820 24.363091
vt 43.953049 21.944599
vt 44.200699 21.988119
vt 43.821400 21.925579
vt -0.925770 68.466309
vt -1.000000 68.466042
vt -0.771690 68.466507
vt -0.517130 68.466591
vt -0.262130 68.466522
vt -0.103120 68.466331
vt -0.021840 68.466087
vt 40.283390 24.350809
vt 40.066399 21.941589
vt 40.215321 21.920641
vt 39.667870 22.009430
vt 44.073540 19.529680
vt 44.334999 19.592501
vt 43.934311 19.502081
vt -0.925770 70.352997
vt -1.000000 70.352631
vt -0.771690 70.353279
vt -0.517130 70.353394
vt -0.262130 70.353287
vt -0.103120 70.353027
vt -0.021840 70.352692
vt 39.947021 19.525320
vt 40.104542 19.494890
vt 39.526329 19.623501
vt 44.254261 17.123699
vt 44.535980 17.208090
vt 44.103840 17.086330
vt -0.925770 72.239853
vt -1.000000 72.239380
vt -0.771690 72.240189
vt -0.517130 72.240334
vt -0.262130 72.240196
vt -0.103120 72.239883
vt -0.021840 72.239464
vt 39.767941 17.117809
vt 39.938160 17.076580
vt 39.314789 17.250170
vt 44.519489 14.732330
vt 44.829861 14.841910
vt 44.353081 14.683320
vt -0.925770 74.126877
vt -1.000000 74.126343
vt -0.771690 74.127289
vt -0.517130 74.127449
vt -0.262130 74.127296
vt -0.103120 74.126923
vt -0.021840 74.126419
vt 39.505039 14.724640
vt 39.693459 14.670500
vt 39.006050 14.897250
vt 44.912949 12.365470
vt 45.263279 12.506070
vt 44.723862 12.301800
vt -0.925770 76.014153
vt -1.000000 76.013527
vt -0.771690 76.014633
vt -0.517130 76.014801
vt -0.262130 76.014633
vt -0.103120 76.014214
vt -0.021840 76.013634
vt 39.114868 12.355530
vt 39.329159 12.285080
vt 38.552139 12.578070
vt 45.518421 10.042080
vt 45.923599 10.223330
vt 45.297180 9.958670
vt -0.925770 77.901703
vt -1.000000 77.901016
vt -0.771690 77.902206
vt -0.517130 77.902397
vt -0.262130 77.902222
vt -0.103120 77.901749
vt -0.021840 77.901123
vt 38.514011 10.029120
vt 38.765121 9.936660
vt 37.864239 10.317490
vt 46.510941 7.803050
vt 46.986431 8.041440
vt 46.245590 7.690950
vt -0.925770 79.789528
vt -1.000000 79.788803
vt -0.771690 79.790077
vt -0.517130 79.790283
vt -0.262130 79.790092
vt -0.103120 79.789581
vt -0.021840 79.788918
vt 37.527710 7.785770
vt 37.829769 7.661170
vt 36.767559 8.166770
vt 48.290298 5.750450
vt 48.823978 6.073160
vt 47.978569 5.593680
vt -0.925770 81.677658
vt -1.000000 81.676903
vt -0.771690 81.678230
vt -0.517130 81.678459
vt -0.262130 81.678253
vt -0.103120 81.677719
vt -0.021840 81.677017
vt 35.754471 5.726550
vt 36.111610 5.551520
vt 34.906090 6.243620
vt 51.723721 4.172740
vt 52.128269 4.605060
vt 51.462170 3.951870
vt -0.925770 83.566132
vt -1.000000 83.565353
vt -0.771690 83.566719
vt -0.517130 83.566948
vt -0.262130 83.566727
vt -0.103120 83.566193
vt -0.021840 83.565468
vt 32.312599 4.139640
vt 32.616631 3.891220
vt 31.669630 4.831760
vt -3.871730 4.605060
vt -4.276280 4.172740
vt 1.260660 3.734580
vt 1.072370 4.203300
vt -4.537830 3.951870
vt 1.362640 3.487230
vt -1.000000 -1.434650
vt -0.925770 -1.433870
vt -0.925770 0.454940
vt -1.000000 0.454150
vt -0.771690 -1.433280
vt -0.771690 0.455530
vt -0.517120 -1.433050
vt -0.517120 0.455760
vt -0.262130 -1.433270
vt -0.262130 0.455540
vt -0.103120 -1.433810
vt -0.103120 0.455000
vt -0.021830 -1.434530
vt -0.021830 0.454280
vt 26.724199 3.697960
vt 26.607450 3.418400
vt 26.990120 4.451810
vt 6.024150 4.764290
vt 5.460650 5.128030
vt 6.345470 4.576400
vt -0.925770 2.344070
vt -1.000000 2.343300
vt -0.771690 2.344650
vt -0.517120 2.344880
vt -0.262130 2.344670
vt -0.103120 2.344130
vt -0.021830 2.343420
vt 21.929279 4.736310
vt 21.561110 4.524900
vt 22.790661 5.332070
vt 8.605650 6.609670
vt 8.057740 6.864400
vt 8.905180 6.479730
vt -0.925770 4.233540
vt -1.000000 4.232790
vt -0.771690 4.234110
vt -0.517120 4.234320
vt -0.262130 4.234120
vt -0.103120 4.233600
vt -0.021830 4.232910
vt 19.350401 6.590270
vt 19.009741 6.444450
vt 20.206400 7.014900
vt 9.972500 8.771150
vt 9.508350 8.953190
vt 10.220950 8.678080
vt -0.925770 6.123340
vt -1.000000 6.122630
vt -0.771690 6.123870
vt -0.517120 6.124070
vt -0.262130 6.123880
vt -0.103120 6.123390
vt -0.021830 6.122740
vt 17.990820 8.757290
vt 17.709209 8.652870
vt 18.723610 9.064930
vt 10.766720 11.065620
vt 10.373070 11.199590
vt 10.975320 10.996520
vt -0.925770 8.013430
vt -1.000000 8.012770
vt -0.771690 8.013920
vt -0.517120 8.014110
vt -0.262130 8.013930
vt -0.103120 8.013480
vt -0.021830 8.012880
vt 17.202400 11.055370
vt 16.966339 10.977790
vt 17.827271 11.284390
vt 11.266060 13.425340
vt 10.923830 13.525610
vt 11.446470 13.373050
vt -0.925770 9.903800
vt -1.000000 9.903220
vt -0.771690 9.904240
vt -0.517120 9.904410
vt -0.262130 9.904250
vt -0.103120 9.903850
vt -0.021830 9.903310
vt 16.707199 13.417610
vt 16.503201 13.358860
vt 17.252119 13.590760
vt 11.596440 15.821120
vt 11.290850 15.896300
vt 11.757070 15.781480
vt -0.925770 11.794430
vt -1.000000 11.793920
vt -0.771690 11.794810
vt -0.517120 11.794960
vt -0.262130 11.794820
vt -0.103120 11.794470
vt -0.021830 11.794000
vt 16.379730 15.815290
vt 16.198179 15.770700
vt 16.867229 15.946250
vt 11.820550 18.238501
vt 11.540860 18.293949
vt 11.967310 18.208969
vt -0.925770 13.685270
vt -1.000000 13.684850
vt -0.771690 13.685580
vt -0.517120 13.685700
vt -0.262130 13.685590
vt -0.103120 13.685300
vt -0.021830 13.684910
vt 16.157669 18.234171
vt 15.991840 18.200920
vt 16.604361 18.331480
vt 11.972090 20.669399
vt 11.710370 20.708549
vt 12.109290 20.648380
vt -0.925770 15.576290
vt -1.000000 15.575970
vt -0.771690 15.576530
vt -0.517120 15.576630
vt -0.262130 15.576540
vt -0.103120 15.576320
vt -0.021830 15.576020
vt 16.007540 20.666330
vt 15.852550 20.642639
vt 16.425859 20.735451
vt 12.070060 23.108801
vt 11.820130 23.133829
vt 12.201000 23.095280
vt -0.925770 17.467449
vt -1.000000 17.467230
vt -0.771690 17.467621
vt -0.517120 17.467680
vt -0.262130 17.467621
vt -0.103120 17.467470
vt -0.021830 17.467270
vt 15.910490 23.106831
vt 15.762590 23.091579
vt 16.310160 23.151211
vt 12.125190 25.553221
vt 11.881950 25.565430
vt 12.252580 25.546600
vt -0.925770 19.358700
vt -1.000000 19.358589
vt -0.771690 19.358780
vt -0.517130 19.358810
vt -0.262130 19.358780
vt -0.103120 19.358709
vt -0.021830 19.358610
vt 15.855890 25.552259
vt 15.712000 25.544790
vt 16.244961 25.573971
s 3
g off
g VWBeetle.004_crome
usemtl crome
f 522/1/497 527/1/499 523/1/498
f 522/1/497 526/1/500 527/1/499
f 523/1/498 528/1/502 524/1/501
f 523/1/498 527/1/499 528/1/502
f 524/1/501 529/1/504 525/1/503
f 524/1/501 528/1/502 529/1/504
f 526/1/500 531/1/505 527/1/499
f 526/1/500 530/1/506 531/1/505
f 527/1/499 532/1/507 528/1/502
f 527/1/499 531/1/505 532/1/507
f 528/1/502 533/1/508 529/1/504
f 528/1/502 532/1/507 533/1/508
f 530/1/506 535/1/509 531/1/505
f 530/1/506 534/1/510 535/1/509
f 531/1/505 536/1/511 532/1/507
f 531/1/505 535/1/509 536/1/511
f 532/1/507 537/1/512 533/1/508
f 532/1/507 536/1/511 537/1/512
f 534/1/510 539/1/513 535/1/509
f 534/1/510 538/1/514 539/1/513
f 535/1/509 540/1/515 536/1/511
f 535/1/509 539/1/513 540/1/515
f 536/1/511 541/1/516 537/1/512
f 536/1/511 540/1/515 541/1/516
f 538/1/514 543/1/517 539/1/513
f 538/1/514 542/1/518 543/1/517
f 539/1/513 544/1/519 540/1/515
f 539/1/513 543/1/517 544/1/519
f 540/1/515 545/1/520 541/1/516
f 540/1/515 544/1/519 545/1/520
f 542/1/518 547/1/521 543/1/517
f 542/1/518 546/1/522 547/1/521
f 543/1/517 548/1/523 544/1/519
f 543/1/517 547/1/521 548/1/523
f 544/1/519 549/1/524 545/1/520
f 544/1/519 548/1/523 549/1/524
f 546/1/522 551/1/525 547/1/521
f 546/1/522 550/1/526 551/1/525
f 547/1/521 552/1/527 548/1/523
f 547/1/521 551/1/525 552/1/527
f 548/1/523 553/1/528 549/1/524
f 548/1/523 552/1/527 553/1/528
f 550/1/526 555/1/529 551/1/525
f 550/1/526 554/1/530 555/1/529
f 551/1/525 556/1/531 552/1/527
f 551/1/525 555/1/529 556/1/531
f 552/1/527 557/1/532 553/1/528
f 552/1/527 556/1/531 557/1/532
f 554/1/530 559/1/533 555/1/529
f 554/1/530 558/1/534 559/1/533
f 555/1/529 560/1/535 556/1/531
f 555/1/529 559/1/533 560/1/535
f 556/1/531 561/1/536 557/1/532
f 556/1/531 560/1/535 561/1/536
f 558/1/534 563/1/537 559/1/533
f 558/1/534 562/1/538 563/1/537
f 559/1/533 564/1/539 560/1/535
f 559/1/533 563/1/537 564/1/539
f 560/1/535 565/1/540 561/1/536
f 560/1/535 564/1/539 565/1/540
f 562/1/538 567/1/541 563/1/537
f 562/1/538 566/1/542 567/1/541
f 563/1/537 568/1/543 564/1/539
f 563/1/537 567/1/541 568/1/543
f 564/1/539 569/1/544 565/1/540
f 564/1/539 568/1/543 569/1/544
f 566/1/542 571/1/545 567/1/541
f 566/1/542 570/1/546 571/1/545
f 567/1/541 572/1/547 568/1/543
f 567/1/541 571/1/545 572/1/547
f 568/1/543 573/1/548 569/1/544
f 568/1/543 572/1/547 573/1/548
f 570/1/546 575/1/549 571/1/545
f 570/1/546 574/1/550 575/1/549
f 571/1/545 576/1/551 572/1/547
f 571/1/545 575/1/549 576/1/551
f 572/1/547 577/1/552 573/1/548
f 572/1/547 576/1/551 577/1/552
f 574/1/550 579/1/553 575/1/549
f 574/1/550 578/1/554 579/1/553
f 575/1/549 580/1/555 576/1/551
f 575/1/549 579/1/553 580/1/555
f 576/1/551 581/1/556 577/1/552
f 576/1/551 580/1/555 581/1/556
f 578/1/554 583/1/557 579/1/553
f 578/1/554 582/1/558 583/1/557
f 579/1/553 584/1/559 580/1/555
f 579/1/553 583/1/557 584/1/559
f 580/1/555 585/1/560 581/1/556
f 580/1/555 584/1/559 585/1/560
f 582/1/558 587/1/561 583/1/557
f 582/1/558 586/1/562 587/1/561
f 583/1/557 588/1/563 584/1/559
f 583/1/557 587/1/561 588/1/563
f 584/1/559 589/1/564 585/1/560
f 584/1/559 588/1/563 589/1/564
f 586/1/562 591/1/565 587/1/561
f 586/1/562 590/1/566 591/1/565
f 587/1/561 592/1/567 588/1/563
f 587/1/561 591/1/565 592/1/567
f 588/1/563 593/1/568 589/1/564
f 588/1/563 592/1/567 593/1/568
f 590/1/566 595/1/569 591/1/565
f 590/1/566 594/1/570 595/1/569
f 591/1/565 596/1/571 592/1/567
f 591/1/565 595/1/569 596/1/571
f 592/1/567 597/1/572 593/1/568
f 592/1/567 596/1/571 597/1/572
f 594/1/570 599/1/573 595/1/569
f 594/1/570 598/1/574 599/1/573
f 595/1/569 600/1/575 596/1/571
f 595/1/569 599/1/573 600/1/575
f 596/1/571 601/1/576 597/1/572
f 596/1/571 600/1/575 601/1/576
f 598/1/574 603/1/577 599/1/573
f 598/1/574 602/1/578 603/1/577
f 599/1/573 604/1/579 600/1/575
f 599/1/573 603/1/577 604/1/579
f 600/1/575 605/1/580 601/1/576
f 600/1/575 604/1/579 605/1/580
f 602/1/578 607/1/581 603/1/577
f 602/1/578 606/1/582 607/1/581
f 603/1/577 608/1/583 604/1/579
f 603/1/577 607/1/581 608/1/583
f 604/1/579 609/1/584 605/1/580
f 604/1/579 608/1/583 609/1/584
f 606/1/582 611/1/585 607/1/581
f 606/1/582 610/1/586 611/1/585
f 607/1/581 612/1/587 608/1/583
f 607/1/581 611/1/585 612/1/587
f 608/1/583 613/1/588 609/1/584
f 608/1/583 612/1/587 613/1/588
f 610/1/586 615/1/589 611/1/585
f 610/1/586 614/1/590 615/1/589
f 611/1/585 616/1/591 612/1/587
f 611/1/585 615/1/589 616/1/591
f 612/1/587 617/1/592 613/1/588
f 612/1/587 616/1/591 617/1/592
f 614/1/590 619/1/593 615/1/589
f 614/1/590 618/1/594 619/1/593
f 615/1/589 620/1/595 616/1/591
f 615/1/589 619/1/593 620/1/595
f 616/1/591 621/1/596 617/1/592
f 616/1/591 620/1/595 621/1/596
f 618/1/594 623/1/597 619/1/593
f 618/1/594 622/1/598 623/1/597
f 619/1/593 624/1/599 620/1/595
f 619/1/593 623/1/597 624/1/599
f 620/1/595 625/1/600 621/1/596
f 620/1/595 624/1/599 625/1/600
f 622/1/598 523/1/498 623/1/597
f 622/1/598 522/1/497 523/1/498
f 623/1/597 524/1/501 624/1/599
f 623/1/597 523/1/498 524/1/501
f 624/1/599 525/1/503 625/1/600
f 624/1/599 524/1/501 525/1/503
s 4
f 626/1/601 637/1/601 627/1/601
f 626/1/601 636/1/601 637/1/601
s 5
f 627/1/602 638/1/604 628/1/603
f 627/1/602 637/1/602 638/1/604
f 628/1/603 639/1/606 629/1/605
f 628/1/603 638/1/604 639/1/606
f 629/1/605 640/1/608 630/1/607
f 629/1/605 639/1/606 640/1/608
f 630/1/607 641/1/610 631/1/609
f 630/1/607 640/1/608 641/1/610
f 631/1/609 642/1/612 632/1/611
f 631/1/609 641/1/610 642/1/612
f 632/1/611 643/1/614 633/1/613
f 632/1/611 642/1/612 643/1/614
f 633/1/613 644/1/616 634/1/615
f 633/1/613 643/1/614 644/1/616
f 634/1/615 645/1/617 635/1/617
f 634/1/615 644/1/616 645/1/617
s 6
f 635/1/618 636/1/618 626/1/618
f 635/1/618 645/1/618 636/1/618
s 7
f 646/1/619 663/1/621 647/1/620
f 646/1/619 662/1/622 663/1/621
f 647/1/620 664/1/624 648/1/623
f 647/1/620 663/1/621 664/1/624
f 648/1/623 665/1/625 649/1/625
f 648/1/623 664/1/624 665/1/625
s 8
f 649/1/626 666/1/626 650/1/626
f 649/1/626 665/1/626 666/1/626
s 9
f 650/1/627 667/1/627 651/1/627
f 650/1/627 666/1/627 667/1/627
s 10
f 651/1/628 668/1/628 652/1/628
f 651/1/628 667/1/628 668/1/628
s 11
f 652/1/629 669/1/631 653/1/630
f 652/1/629 668/1/629 669/1/631
f 653/1/630 670/1/633 654/1/632
f 653/1/630 669/1/631 670/1/633
f 654/1/632 671/1/635 655/1/634
f 654/1/632 670/1/633 671/1/635
f 655/1/634 672/1/636 656/1/636
f 655/1/634 671/1/635 672/1/636
s 12
f 656/1/637 673/1/637 657/1/637
f 656/1/637 672/1/637 673/1/637
s 13
f 657/1/601 674/1/601 658/1/601
f 657/1/601 673/1/601 674/1/601
s 14
f 658/1/638 675/1/638 659/1/638
f 658/1/638 674/1/638 675/1/638
s 15
f 659/1/618 676/1/618 660/1/618
f 659/1/618 675/1/618 676/1/618
s 16
f 660/1/639 677/1/639 661/1/639
f 660/1/639 676/1/639 677/1/639
s 7
f 661/1/640 662/1/622 646/1/619
f 661/1/640 677/1/640 662/1/622
s 17
f 678/1/641 692/1/643 679/1/642
f 678/1/641 691/1/641 692/1/643
f 679/1/642 693/1/645 680/1/644
f 679/1/642 692/1/643 693/1/645
f 680/1/644 694/1/647 681/1/646
f 680/1/644 693/1/645 694/1/647
f 681/1/646 695/1/649 682/1/648
f 681/1/646 694/1/647 695/1/649
f 682/1/648 696/1/651 683/1/650
f 682/1/648 695/1/649 696/1/651
f 683/1/650 697/1/653 684/1/652
f 683/1/650 696/1/651 697/1/653
f 684/1/652 698/1/655 685/1/654
f 684/1/652 697/1/653 698/1/655
f 685/1/654 699/1/657 686/1/656
f 685/1/654 698/1/655 699/1/657
f 686/1/656 700/1/659 687/1/658
f 686/1/656 699/1/657 700/1/659
f 687/1/658 701/1/661 688/1/660
f 687/1/658 700/1/659 701/1/661
f 688/1/660 702/1/663 689/1/662
f 688/1/660 701/1/661 702/1/663
f 689/1/662 703/1/664 690/1/664
f 689/1/662 702/1/663 703/1/664
s 18
f 690/1/665 691/1/665 678/1/665
f 690/1/665 703/1/665 691/1/665
s 19
f 704/1/666 715/1/668 705/1/667
f 704/1/666 714/1/666 715/1/668
f 705/1/667 716/1/670 706/1/669
f 705/1/667 715/1/668 716/1/670
f 706/1/669 717/1/672 707/1/671
f 706/1/669 716/1/670 717/1/672
f 707/1/671 718/1/674 708/1/673
f 707/1/671 717/1/672 718/1/674
f 708/1/673 719/1/676 709/1/675
f 708/1/673 718/1/674 719/1/676
f 709/1/675 720/1/678 710/1/677
f 709/1/675 719/1/676 720/1/678
f 710/1/677 721/1/680 711/1/679
f 710/1/677 720/1/678 721/1/680
f 711/1/679 722/1/681 712/1/681
f 711/1/679 721/1/680 722/1/681
s 20
f 712/1/628 723/1/628 713/1/628
f 712/1/628 722/1/628 723/1/628
s 21
f 713/1/626 714/1/626 704/1/626
f 713/1/626 723/1/626 714/1/626
s 22
f 724/1/682 738/1/684 725/1/683
f 724/1/682 737/1/682 738/1/684
f 725/1/683 739/1/686 726/1/685
f 725/1/683 738/1/684 739/1/686
f 726/1/685 740/1/688 727/1/687
f 726/1/685 739/1/686 740/1/688
f 727/1/687 741/1/690 728/1/689
f 727/1/687 740/1/688 741/1/690
f 728/1/689 742/1/692 729/1/691
f 728/1/689 741/1/690 742/1/692
f 729/1/691 743/1/694 730/1/693
f 729/1/691 742/1/692 743/1/694
f 730/1/693 744/1/696 731/1/695
f 730/1/693 743/1/694 744/1/696
f 731/1/695 745/1/698 732/1/697
f 731/1/695 744/1/696 745/1/698
f 732/1/697 746/1/700 733/1/699
f 732/1/697 745/1/698 746/1/700
f 733/1/699 747/1/702 734/1/701
f 733/1/699 746/1/700 747/1/702
f 734/1/701 748/1/704 735/1/703
f 734/1/701 747/1/702 748/1/704
f 735/1/703 749/1/705 736/1/705
f 735/1/703 748/1/704 749/1/705
s 23
f 736/1/706 737/1/706 724/1/706
f 736/1/706 749/1/706 737/1/706
s 24
f 703/1/1 673/1/1 691/1/1
f 672/1/1 691/1/1 673/1/1
f 602/1/1 691/1/1 672/1/1
f 645/1/1 614/1/1 610/1/1
f 645/1/1 618/1/1 614/1/1
f 672/1/1 606/1/1 602/1/1
f 602/1/1 692/1/1 691/1/1
f 645/1/1 622/1/1 618/1/1
f 644/1/1 622/1/1 645/1/1
f 602/1/1 693/1/1 692/1/1
f 602/1/1 694/1/1 693/1/1
f 672/1/1 610/1/1 606/1/1
f 671/1/1 610/1/1 672/1/1
f 670/1/1 610/1/1 671/1/1
f 602/1/1 695/1/1 694/1/1
f 643/1/1 622/1/1 644/1/1
f 643/1/1 522/1/1 622/1/1
f 642/1/1 522/1/1 643/1/1
f 641/1/1 522/1/1 642/1/1
f 641/1/1 526/1/1 522/1/1
f 640/1/1 526/1/1 641/1/1
f 639/1/1 526/1/1 640/1/1
f 638/1/1 526/1/1 639/1/1
f 638/1/1 530/1/1 526/1/1
f 637/1/1 530/1/1 638/1/1
f 598/1/1 695/1/1 602/1/1
f 598/1/1 696/1/1 695/1/1
f 594/1/1 696/1/1 598/1/1
f 594/1/1 697/1/1 696/1/1
f 594/1/1 698/1/1 697/1/1
f 590/1/1 698/1/1 594/1/1
f 590/1/1 699/1/1 698/1/1
f 590/1/1 700/1/1 699/1/1
f 586/1/1 700/1/1 590/1/1
f 586/1/1 701/1/1 700/1/1
f 586/1/1 702/1/1 701/1/1
f 582/1/1 702/1/1 586/1/1
f 582/1/1 703/1/1 702/1/1
f 578/1/1 703/1/1 582/1/1
f 578/1/1 714/1/1 703/1/1
f 578/1/1 715/1/1 714/1/1
f 578/1/1 716/1/1 715/1/1
f 574/1/1 716/1/1 578/1/1
f 574/1/1 717/1/1 716/1/1
f 574/1/1 718/1/1 717/1/1
f 570/1/1 718/1/1 574/1/1
f 570/1/1 719/1/1 718/1/1
f 570/1/1 720/1/1 719/1/1
f 570/1/1 721/1/1 720/1/1
f 566/1/1 721/1/1 570/1/1
f 566/1/1 722/1/1 721/1/1
f 566/1/1 737/1/1 722/1/1
f 566/1/1 738/1/1 737/1/1
f 562/1/1 738/1/1 566/1/1
f 562/1/1 739/1/1 738/1/1
f 562/1/1 740/1/1 739/1/1
f 558/1/1 740/1/1 562/1/1
f 558/1/1 741/1/1 740/1/1
f 554/1/1 741/1/1 558/1/1
f 554/1/1 742/1/1 741/1/1
f 554/1/1 743/1/1 742/1/1
f 550/1/1 743/1/1 554/1/1
f 550/1/1 744/1/1 743/1/1
f 550/1/1 745/1/1 744/1/1
f 546/1/1 745/1/1 550/1/1
f 546/1/1 746/1/1 745/1/1
f 546/1/1 747/1/1 746/1/1
f 546/1/1 748/1/1 747/1/1
f 546/1/1 749/1/1 748/1/1
f 542/1/1 749/1/1 546/1/1
f 737/1/1 723/1/1 722/1/1
f 723/1/1 703/1/1 714/1/1
f 723/1/1 673/1/1 703/1/1
f 723/1/1 674/1/1 673/1/1
f 723/1/1 675/1/1 674/1/1
f 723/1/1 676/1/1 675/1/1
f 737/1/1 676/1/1 723/1/1
f 749/1/1 676/1/1 737/1/1
f 749/1/1 677/1/1 676/1/1
f 542/1/1 677/1/1 749/1/1
f 538/1/1 677/1/1 542/1/1
f 538/1/1 662/1/1 677/1/1
f 538/1/1 663/1/1 662/1/1
f 534/1/1 663/1/1 538/1/1
f 534/1/1 664/1/1 663/1/1
f 530/1/1 664/1/1 534/1/1
f 530/1/1 665/1/1 664/1/1
f 637/1/1 665/1/1 530/1/1
f 636/1/1 665/1/1 637/1/1
f 636/1/1 666/1/1 665/1/1
f 636/1/1 667/1/1 666/1/1
f 636/1/1 668/1/1 667/1/1
f 645/1/1 668/1/1 636/1/1
f 610/1/1 668/1/1 645/1/1
f 610/1/1 669/1/1 668/1/1
f 670/1/1 669/1/1 610/1/1
s 25
f 627/1/1 635/1/1 626/1/1
f 628/1/1 635/1/1 627/1/1
f 629/1/1 635/1/1 628/1/1
f 630/1/1 635/1/1 629/1/1
f 631/1/1 635/1/1 630/1/1
f 632/1/1 635/1/1 631/1/1
f 633/1/1 635/1/1 632/1/1
f 634/1/1 635/1/1 633/1/1
s 26
f 658/1/1 656/1/1 657/1/1
f 661/1/1 659/1/1 660/1/1
f 650/1/1 648/1/1 649/1/1
f 653/1/1 651/1/1 652/1/1
f 654/1/1 651/1/1 653/1/1
f 650/1/1 647/1/1 648/1/1
f 655/1/1 651/1/1 654/1/1
f 650/1/1 646/1/1 647/1/1
f 656/1/1 651/1/1 655/1/1
f 658/1/1 651/1/1 656/1/1
f 650/1/1 661/1/1 646/1/1
f 650/1/1 659/1/1 661/1/1
f 651/1/1 659/1/1 650/1/1
f 651/1/1 658/1/1 659/1/1
s 27
f 678/1/1 689/1/1 690/1/1
f 678/1/1 688/1/1 689/1/1
f 678/1/1 687/1/1 688/1/1
f 678/1/1 686/1/1 687/1/1
f 678/1/1 685/1/1 686/1/1
f 678/1/1 684/1/1 685/1/1
f 678/1/1 683/1/1 684/1/1
f 678/1/1 682/1/1 683/1/1
f 678/1/1 681/1/707 682/1/1
f 678/1/1 680/1/708 681/1/707
f 678/1/1 679/1/709 680/1/708
s 28
f 704/1/1 712/1/1 713/1/1
f 704/1/1 711/1/1 712/1/1
f 704/1/1 710/1/1 711/1/1
f 704/1/1 709/1/1 710/1/1
f 704/1/1 708/1/1 709/1/1
f 704/1/1 707/1/1 708/1/1
f 704/1/1 706/1/1 707/1/1
f 704/1/1 705/1/1 706/1/1
s 29
f 725/1/1 736/1/1 724/1/1
f 726/1/1 736/1/1 725/1/1
f 727/1/1 736/1/1 726/1/1
f 728/1/1 736/1/1 727/1/1
f 729/1/1 736/1/1 728/1/1
f 730/1/1 736/1/1 729/1/1
f 731/1/1 736/1/1 730/1/1
f 732/1/1 736/1/1 731/1/1
f 733/1/1 736/1/1 732/1/1
f 734/1/1 736/1/1 733/1/1
f 735/1/1 736/1/1 734/1/1
s 1
g VWBeetle.004_Black
usemtl Black
f 2/1/1 3/1/1 1/1/1
f 2/1/1 1/1/1 4/1/1
f 2/1/1 4/1/1 5/1/1
f 2/1/1 5/1/1 6/1/1
f 2/1/1 6/1/1 7/1/1
f 2/1/1 7/1/1 8/1/1
f 2/1/1 8/1/1 9/1/1
f 2/1/1 9/1/1 10/1/1
f 2/1/1 10/1/1 11/1/1
f 2/1/1 11/1/1 12/1/1
f 2/1/1 12/1/1 13/1/1
f 2/1/1 13/1/1 14/1/1
f 2/1/1 14/1/1 15/1/1
f 2/1/1 15/1/1 16/1/1
f 2/1/1 16/1/1 17/1/1
f 2/1/1 17/1/1 18/1/1
f 2/1/1 18/1/1 19/1/1
f 2/1/1 19/1/1 20/1/1
f 2/1/1 20/1/1 21/1/1
f 2/1/1 21/1/1 22/1/1
f 2/1/1 22/1/1 23/1/1
f 2/1/1 23/1/1 24/1/1
f 2/1/1 24/1/1 25/1/1
f 2/1/1 25/1/1 26/1/1
f 2/1/1 26/1/1 3/1/1
s 2
g VWBeetle.004_Grey
usemtl Grey
f 27/2/2 39/4/4 28/3/3
f 27/2/2 38/5/5 39/4/4
f 28/3/3 40/7/7 29/6/6
f 28/3/3 39/4/4 40/7/7
f 35/22/18 47/24/21 36/23/20
f 35/22/18 46/25/19 47/24/21
f 36/23/20 48/27/23 37/26/22
f 36/23/20 47/24/21 48/27/23
f 38/5/5 50/28/24 39/4/4
f 38/5/5 49/29/25 50/28/24
f 39/4/4 51/30/26 40/7/7
f 39/4/4 50/28/24 51/30/26
f 46/25/19 58/38/33 47/24/21
f 46/25/19 57/39/32 58/38/33
f 47/24/21 59/40/34 48/27/23
f 47/24/21 58/38/33 59/40/34
f 49/29/25 61/41/35 50/28/24
f 49/29/25 60/42/36 61/41/35
f 50/28/24 62/43/37 51/30/26
f 50/28/24 61/41/35 62/43/37
f 57/39/32 69/51/44 58/38/33
f 57/39/32 68/52/43 69/51/44
f 58/38/33 70/53/45 59/40/34
f 58/38/33 69/51/44 70/53/45
f 60/42/36 72/54/46 61/41/35
f 60/42/36 71/55/47 72/54/46
f 61/41/35 73/56/48 62/43/37
f 61/41/35 72/54/46 73/56/48
f 68/52/43 80/64/55 69/51/44
f 68/52/43 79/65/54 80/64/55
f 69/51/44 81/66/56 70/53/45
f 69/51/44 80/64/55 81/66/56
f 71/55/47 83/67/57 72/54/46
f 71/55/47 82/68/58 83/67/57
f 72/54/46 84/69/59 73/56/48
f 72/54/46 83/67/57 84/69/59
f 79/65/54 91/77/66 80/64/55
f 79/65/54 90/78/65 91/77/66
f 80/64/55 92/79/67 81/66/56
f 80/64/55 91/77/66 92/79/67
f 82/68/58 94/80/68 83/67/57
f 82/68/58 93/81/69 94/80/68
f 83/67/57 95/82/70 84/69/59
f 83/67/57 94/80/68 95/82/70
f 90/78/65 102/90/77 91/77/66
f 90/78/65 101/91/76 102/90/77
f 91/77/66 103/92/78 92/79/67
f 91/77/66 102/90/77 103/92/78
f 93/81/69 105/93/79 94/80/68
f 93/81/69 104/94/80 105/93/79
f 94/80/68 106/95/81 95/82/70
f 94/80/68 105/93/79 106/95/81
f 101/91/76 113/103/88 102/90/77
f 101/91/76 112/104/87 113/103/88
f 102/90/77 114/105/89 103/92/78
f 102/90/77 113/103/88 114/105/89
f 104/94/80 116/106/90 105/93/79
f 104/94/80 115/107/91 116/106/90
f 105/93/79 117/108/92 106/95/81
f 105/93/79 116/106/90 117/108/92
f 112/104/87 124/116/99 113/103/88
f 112/104/87 123/117/98 124/116/99
f 113/103/88 125/118/100 114/105/89
f 113/103/88 124/116/99 125/118/100
f 115/107/91 127/119/101 116/106/90
f 115/107/91 126/120/102 127/119/101
f 116/106/90 128/121/103 117/108/92
f 116/106/90 127/119/101 128/121/103
f 123/117/98 135/129/110 124/116/99
f 123/117/98 134/130/109 135/129/110
f 124/116/99 136/131/111 125/118/100
f 124/116/99 135/129/110 136/131/111
f 126/120/102 138/132/112 127/119/101
f 126/120/102 137/133/113 138/132/112
f 127/119/101 139/134/114 128/121/103
f 127/119/101 138/132/112 139/134/114
f 134/130/109 146/142/121 135/129/110
f 134/130/109 145/143/120 146/142/121
f 135/129/110 147/144/122 136/131/111
f 135/129/110 146/142/121 147/144/122
f 137/133/113 149/145/123 138/132/112
f 137/133/113 148/146/124 149/145/123
f 138/132/112 150/147/125 139/134/114
f 138/132/112 149/145/123 150/147/125
f 145/143/120 157/155/132 146/142/121
f 145/143/120 156/156/131 157/155/132
f 146/142/121 158/157/133 147/144/122
f 146/142/121 157/155/132 158/157/133
f 148/146/124 160/158/134 149/145/123
f 148/146/124 159/159/135 160/158/134
f 149/145/123 161/160/136 150/147/125
f 149/145/123 160/158/134 161/160/136
f 156/156/131 168/168/143 157/155/132
f 156/156/131 167/169/142 168/168/143
f 157/155/132 169/170/144 158/157/133
f 157/155/132 168/168/143 169/170/144
f 159/171/135 171/173/145 160/172/134
f 159/171/135 170/174/146 171/173/145
f 160/172/134 172/176/147 161/175/136
f 160/172/134 171/173/145 172/176/147
f 167/169/142 179/184/154 168/168/143
f 167/169/142 178/185/153 179/184/154
f 168/168/143 180/186/155 169/170/144
f 168/168/143 179/184/154 180/186/155
f 170/174/146 182/187/156 171/173/145
f 170/174/146 181/188/157 182/187/156
f 171/173/145 183/189/158 172/176/147
f 171/173/145 182/187/156 183/189/158
f 179/184/154 191/199/166 180/186/155
f 179/184/154 190/200/165 191/199/166
f 181/188/157 193/201/167 182/187/156
f 181/188/157 192/202/168 193/201/167
f 182/187/156 194/203/169 183/189/158
f 182/187/156 193/201/167 194/203/169
f 190/200/165 202/212/177 191/199/166
f 190/200/165 201/213/176 202/212/177
f 192/202/168 204/214/178 193/201/167
f 192/202/168 203/215/179 204/214/178
f 193/201/167 205/216/180 194/203/169
f 193/201/167 204/214/178 205/216/180
f 201/213/176 213/225/188 202/212/177
f 201/213/176 212/226/187 213/225/188
f 203/215/179 215/227/189 204/214/178
f 203/215/179 214/228/190 215/227/189
f 204/214/178 216/229/191 205/216/180
f 204/214/178 215/227/189 216/229/191
f 212/226/187 224/238/199 213/225/188
f 212/226/187 223/239/198 224/238/199
f 214/228/190 226/240/200 215/227/189
f 214/228/190 225/241/201 226/240/200
f 215/227/189 227/242/202 216/229/191
f 215/227/189 226/240/200 227/242/202
f 223/239/198 235/251/210 224/238/199
f 223/239/198 234/252/209 235/251/210
f 225/241/201 237/253/211 226/240/200
f 225/241/201 236/254/212 237/253/211
f 226/240/200 238/255/213 227/242/202
f 226/240/200 237/253/211 238/255/213
f 234/252/209 246/264/221 235/251/210
f 234/252/209 245/265/220 246/264/221
f 236/254/212 248/266/222 237/253/211
f 236/254/212 247/267/223 248/266/222
f 237/253/211 249/268/224 238/255/213
f 237/253/211 248/266/222 249/268/224
f 245/265/220 257/277/232 246/264/221
f 245/265/220 256/278/231 257/277/232
f 247/267/223 259/279/233 248/266/222
f 247/267/223 258/280/234 259/279/233
f 248/266/222 260/281/235 249/268/224
f 248/266/222 259/279/233 260/281/235
f 256/278/231 268/290/243 257/277/232
f 256/278/231 267/291/242 268/290/243
f 258/280/234 270/292/244 259/279/233
f 258/280/234 269/293/245 270/292/244
f 259/279/233 271/294/246 260/281/235
f 259/279/233 270/292/244 271/294/246
f 267/291/242 279/303/254 268/290/243
f 267/291/242 278/304/253 279/303/254
f 269/293/245 281/305/255 270/292/244
f 269/293/245 280/306/256 281/305/255
f 270/292/244 282/307/257 271/294/246
f 270/292/244 281/305/255 282/307/257
f 278/304/253 290/316/265 279/303/254
f 278/304/253 289/317/264 290/316/265
f 280/306/256 292/318/266 281/305/255
f 280/306/256 291/319/267 292/318/266
f 281/305/255 293/320/268 282/307/257
f 281/305/255 292/318/266 293/320/268
f 289/317/264 301/329/276 290/316/265
f 289/317/264 300/330/275 301/329/276
f 291/319/267 303/331/277 292/318/266
f 291/319/267 302/332/278 303/331/277
f 292/318/266 304/333/279 293/320/268
f 292/318/266 303/331/277 304/333/279
f 299/341/274 311/342/286 300/330/275
f 299/341/274 310/343/285 311/342/286
f 300/330/275 312/344/287 301/329/276
f 300/330/275 311/342/286 312/344/287
f 302/332/278 314/345/288 303/331/277
f 302/332/278 313/346/289 314/345/288
f 303/331/277 315/347/290 304/333/279
f 303/331/277 314/345/288 315/347/290
f 310/343/285 322/355/297 311/342/286
f 310/343/285 321/356/296 322/355/297
f 311/342/286 323/357/298 312/344/287
f 311/342/286 322/355/297 323/357/298
f 313/346/289 325/358/299 314/345/288
f 313/346/289 324/359/300 325/358/299
f 314/345/288 326/360/301 315/347/290
f 314/345/288 325/358/299 326/360/301
f 321/356/296 333/368/308 322/355/297
f 321/356/296 332/369/307 333/368/308
f 322/355/297 334/370/309 323/357/298
f 322/355/297 333/368/308 334/370/309
f 324/359/300 336/371/310 325/358/299
f 324/359/300 335/372/311 336/371/310
f 325/358/299 337/373/312 326/360/301
f 325/358/299 336/371/310 337/373/312
f 332/369/307 344/381/319 333/368/308
f 332/369/307 343/382/318 344/381/319
f 333/368/308 345/383/320 334/370/309
f 333/368/308 344/381/319 345/383/320
f 335/372/311 347/384/321 336/371/310
f 335/372/311 346/385/322 347/384/321
f 336/371/310 348/386/323 337/373/312
f 336/371/310 347/384/321 348/386/323
f 343/382/318 355/394/330 344/381/319
f 343/382/318 354/395/329 355/394/330
f 344/381/319 356/396/331 345/383/320
f 344/381/319 355/394/330 356/396/331
f 346/385/322 358/397/332 347/384/321
f 346/385/322 357/398/333 358/397/332
f 347/384/321 359/399/334 348/386/323
f 347/384/321 358/397/332 359/399/334
f 354/395/329 366/407/341 355/394/330
f 354/395/329 365/408/340 366/407/341
f 355/394/330 367/409/342 356/396/331
f 355/394/330 366/407/341 367/409/342
f 357/398/333 369/410/343 358/397/332
f 357/398/333 368/411/344 369/410/343
f 358/397/332 370/412/345 359/399/334
f 358/397/332 369/410/343 370/412/345
f 365/408/340 377/420/352 366/407/341
f 365/408/340 376/421/351 377/420/352
f 366/407/341 378/422/353 367/409/342
f 366/407/341 377/420/352 378/422/353
f 368/411/344 380/423/354 369/410/343
f 368/411/344 379/424/355 380/423/354
f 369/410/343 381/425/356 370/412/345
f 369/410/343 380/423/354 381/425/356
f 376/421/351 388/433/363 377/420/352
f 376/421/351 387/434/362 388/433/363
f 377/420/352 389/435/364 378/422/353
f 377/420/352 388/433/363 389/435/364
f 379/424/355 391/436/365 380/423/354
f 379/424/355 390/437/366 391/436/365
f 380/423/354 392/438/367 381/425/356
f 380/423/354 391/436/365 392/438/367
f 387/434/362 399/446/374 388/433/363
f 387/434/362 398/447/373 399/446/374
f 388/433/363 400/448/375 389/435/364
f 388/433/363 399/446/374 400/448/375
f 390/449/366 402/451/376 391/450/365
f 390/449/366 401/452/377 402/451/376
f 391/450/365 403/454/378 392/453/367
f 391/450/365 402/451/376 403/454/378
f 398/447/373 410/469/385 399/446/374
f 398/447/373 409/470/384 410/469/385
f 399/446/374 411/471/386 400/448/375
f 399/446/374 410/469/385 411/471/386
f 401/452/377 413/472/387 402/451/376
f 401/452/377 412/473/388 413/472/387
f 402/451/376 414/474/389 403/454/378
f 402/451/376 413/472/387 414/474/389
f 409/470/384 421/482/396 410/469/385
f 409/470/384 420/483/395 421/482/396
f 410/469/385 422/484/397 411/471/386
f 410/469/385 421/482/396 422/484/397
f 412/473/388 424/485/398 413/472/387
f 412/473/388 423/486/399 424/485/398
f 413/472/387 425/487/400 414/474/389
f 413/472/387 424/485/398 425/487/400
f 420/483/395 432/495/407 421/482/396
f 420/483/395 431/496/406 432/495/407
f 421/482/396 433/497/408 422/484/397
f 421/482/396 432/495/407 433/497/408
f 423/486/399 435/498/409 424/485/398
f 423/486/399 434/499/410 435/498/409
f 424/485/398 436/500/411 425/487/400
f 424/485/398 435/498/409 436/500/411
f 431/496/406 443/508/418 432/495/407
f 431/496/406 442/509/417 443/508/418
f 432/495/407 444/510/419 433/497/408
f 432/495/407 443/508/418 444/510/419
f 434/499/410 446/511/420 435/498/409
f 434/499/410 445/512/421 446/511/420
f 435/498/409 447/513/422 436/500/411
f 435/498/409 446/511/420 447/513/422
f 442/509/417 454/521/429 443/508/418
f 442/509/417 453/522/428 454/521/429
f 443/508/418 455/523/430 444/510/419
f 443/508/418 454/521/429 455/523/430
f 445/512/421 457/524/431 446/511/420
f 445/512/421 456/525/432 457/524/431
f 446/511/420 458/526/433 447/513/422
f 446/511/420 457/524/431 458/526/433
f 453/522/428 465/534/440 454/521/429
f 453/522/428 464/535/439 465/534/440
f 454/521/429 466/536/441 455/523/430
f 454/521/429 465/534/440 466/536/441
f 456/525/432 468/537/442 457/524/431
f 456/525/432 467/538/443 468/537/442
f 457/524/431 469/539/444 458/526/433
f 457/524/431 468/537/442 469/539/444
f 464/535/439 476/547/451 465/534/440
f 464/535/439 475/548/450 476/547/451
f 465/534/440 477/549/452 466/536/441
f 465/534/440 476/547/451 477/549/452
f 467/538/443 479/550/453 468/537/442
f 467/538/443 478/551/454 479/550/453
f 468/537/442 480/552/455 469/539/444
f 468/537/442 479/550/453 480/552/455
f 475/548/450 487/560/462 476/547/451
f 475/548/450 486/561/461 487/560/462
f 476/547/451 488/562/463 477/549/452
f 476/547/451 487/560/462 488/562/463
f 478/551/454 490/563/464 479/550/453
f 478/551/454 489/564/465 490/563/464
f 479/550/453 491/565/466 480/552/455
f 479/550/453 490/563/464 491/565/466
f 486/561/461 498/573/473 487/560/462
f 486/561/461 497/574/472 498/573/473
f 487/560/462 499/575/474 488/562/463
f 487/560/462 498/573/473 499/575/474
f 489/564/465 501/576/475 490/563/464
f 489/564/465 500/577/476 501/576/475
f 490/563/464 502/578/477 491/565/466
f 490/563/464 501/576/475 502/578/477
f 497/574/472 509/586/484 498/573/473
f 497/574/472 508/587/483 509/586/484
f 498/573/473 510/588/485 499/575/474
f 498/573/473 509/586/484 510/588/485
f 500/577/476 512/589/486 501/576/475
f 500/577/476 511/590/487 512/589/486
f 501/576/475 513/591/488 502/578/477
f 501/576/475 512/589/486 513/591/488
f 508/587/483 520/599/495 509/586/484
f 508/587/483 519/600/494 520/599/495
f 509/586/484 521/601/496 510/588/485
f 509/586/484 520/599/495 521/601/496
f 511/590/487 28/3/3 512/589/486
f 511/590/487 27/2/2 28/3/3
f 512/589/486 29/6/6 513/591/488
f 512/589/486 28/3/3 29/6/6
f 519/600/494 36/23/20 520/599/495
f 519/600/494 35/22/18 36/23/20
f 520/599/495 37/26/22 521/601/496
f 520/599/495 36/23/20 37/26/22
g VWBeetle.004_Picture
usemtl Picture
f 29/8/6 41/10/9 30/9/8
f 29/8/6 40/11/7 41/10/9
f 30/9/8 42/13/11 31/12/10
f 30/9/8 41/10/9 42/13/11
f 31/12/10 43/15/13 32/14/12
f 31/12/10 42/13/11 43/15/13
f 32/14/12 44/17/15 33/16/14
f 32/14/12 43/15/13 44/17/15
f 33/16/14 45/19/17 34/18/16
f 33/16/14 44/17/15 45/19/17
f 34/18/16 46/21/19 35/20/18
f 34/18/16 45/19/17 46/21/19
f 40/11/7 52/31/27 41/10/9
f 40/11/7 51/32/26 52/31/27
f 41/10/9 53/33/28 42/13/11
f 41/10/9 52/31/27 53/33/28
f 42/13/11 54/34/29 43/15/13
f 42/13/11 53/33/28 54/34/29
f 43/15/13 55/35/30 44/17/15
f 43/15/13 54/34/29 55/35/30
f 44/17/15 56/36/31 45/19/17
f 44/17/15 55/35/30 56/36/31
f 45/19/17 57/37/32 46/21/19
f 45/19/17 56/36/31 57/37/32
f 51/32/26 63/44/38 52/31/27
f 51/32/26 62/45/37 63/44/38
f 52/31/27 64/46/39 53/33/28
f 52/31/27 63/44/38 64/46/39
f 53/33/28 65/47/40 54/34/29
f 53/33/28 64/46/39 65/47/40
f 54/34/29 66/48/41 55/35/30
f 54/34/29 65/47/40 66/48/41
f 55/35/30 67/49/42 56/36/31
f 55/35/30 66/48/41 67/49/42
f 56/36/31 68/50/43 57/37/32
f 56/36/31 67/49/42 68/50/43
f 62/45/37 74/57/49 63/44/38
f 62/45/37 73/58/48 74/57/49
f 63/44/38 75/59/50 64/46/39
f 63/44/38 74/57/49 75/59/50
f 64/46/39 76/60/51 65/47/40
f 64/46/39 75/59/50 76/60/51
f 65/47/40 77/61/52 66/48/41
f 65/47/40 76/60/51 77/61/52
f 66/48/41 78/62/53 67/49/42
f 66/48/41 77/61/52 78/62/53
f 67/49/42 79/63/54 68/50/43
f 67/49/42 78/62/53 79/63/54
f 73/58/48 85/70/60 74/57/49
f 73/58/48 84/71/59 85/70/60
f 74/57/49 86/72/61 75/59/50
f 74/57/49 85/70/60 86/72/61
f 75/59/50 87/73/62 76/60/51
f 75/59/50 86/72/61 87/73/62
f 76/60/51 88/74/63 77/61/52
f 76/60/51 87/73/62 88/74/63
f 77/61/52 89/75/64 78/62/53
f 77/61/52 88/74/63 89/75/64
f 78/62/53 90/76/65 79/63/54
f 78/62/53 89/75/64 90/76/65
f 84/71/59 96/83/71 85/70/60
f 84/71/59 95/84/70 96/83/71
f 85/70/60 97/85/72 86/72/61
f 85/70/60 96/83/71 97/85/72
f 86/72/61 98/86/73 87/73/62
f 86/72/61 97/85/72 98/86/73
f 87/73/62 99/87/74 88/74/63
f 87/73/62 98/86/73 99/87/74
f 88/74/63 100/88/75 89/75/64
f 88/74/63 99/87/74 100/88/75
f 89/75/64 101/89/76 90/76/65
f 89/75/64 100/88/75 101/89/76
f 95/84/70 107/96/82 96/83/71
f 95/84/70 106/97/81 107/96/82
f 96/83/71 108/98/83 97/85/72
f 96/83/71 107/96/82 108/98/83
f 97/85/72 109/99/84 98/86/73
f 97/85/72 108/98/83 109/99/84
f 98/86/73 110/100/85 99/87/74
f 98/86/73 109/99/84 110/100/85
f 99/87/74 111/101/86 100/88/75
f 99/87/74 110/100/85 111/101/86
f 100/88/75 112/102/87 101/89/76
f 100/88/75 111/101/86 112/102/87
f 106/97/81 118/109/93 107/96/82
f 106/97/81 117/110/92 118/109/93
f 107/96/82 119/111/94 108/98/83
f 107/96/82 118/109/93 119/111/94
f 108/98/83 120/112/95 109/99/84
f 108/98/83 119/111/94 120/112/95
f 109/99/84 121/113/96 110/100/85
f 109/99/84 120/112/95 121/113/96
f 110/100/85 122/114/97 111/101/86
f 110/100/85 121/113/96 122/114/97
f 111/101/86 123/115/98 112/102/87
f 111/101/86 122/114/97 123/115/98
f 117/110/92 129/122/104 118/109/93
f 117/110/92 128/123/103 129/122/104
f 118/109/93 130/124/105 119/111/94
f 118/109/93 129/122/104 130/124/105
f 119/111/94 131/125/106 120/112/95
f 119/111/94 130/124/105 131/125/106
f 120/112/95 132/126/107 121/113/96
f 120/112/95 131/125/106 132/126/107
f 121/113/96 133/127/108 122/114/97
f 121/113/96 132/126/107 133/127/108
f 122/114/97 134/128/109 123/115/98
f 122/114/97 133/127/108 134/128/109
f 128/123/103 140/135/115 129/122/104
f 128/123/103 139/136/114 140/135/115
f 129/122/104 141/137/116 130/124/105
f 129/122/104 140/135/115 141/137/116
f 130/124/105 142/138/117 131/125/106
f 130/124/105 141/137/116 142/138/117
f 131/125/106 143/139/118 132/126/107
f 131/125/106 142/138/117 143/139/118
f 132/126/107 144/140/119 133/127/108
f 132/126/107 143/139/118 144/140/119
f 133/127/108 145/141/120 134/128/109
f 133/127/108 144/140/119 145/141/120
f 139/136/114 151/148/126 140/135/115
f 139/136/114 150/149/125 151/148/126
f 140/135/115 152/150/127 141/137/116
f 140/135/115 151/148/126 152/150/127
f 141/137/116 153/151/128 142/138/117
f 141/137/116 152/150/127 153/151/128
f 142/138/117 154/152/129 143/139/118
f 142/138/117 153/151/128 154/152/129
f 143/139/118 155/153/130 144/140/119
f 143/139/118 154/152/129 155/153/130
f 144/140/119 156/154/131 145/141/120
f 144/140/119 155/153/130 156/154/131
f 150/149/125 162/161/137 151/148/126
f 150/149/125 161/162/136 162/161/137
f 151/148/126 163/163/138 152/150/127
f 151/148/126 162/161/137 163/163/138
f 152/150/127 164/164/139 153/151/128
f 152/150/127 163/163/138 164/164/139
f 153/151/128 165/165/140 154/152/129
f 153/151/128 164/164/139 165/165/140
f 154/152/129 166/166/141 155/153/130
f 154/152/129 165/165/140 166/166/141
f 155/153/130 167/167/142 156/154/131
f 155/153/130 166/166/141 167/167/142
f 161/162/136 173/177/148 162/161/137
f 161/162/136 172/178/147 173/177/148
f 162/161/137 174/179/149 163/163/138
f 162/161/137 173/177/148 174/179/149
f 163/163/138 175/180/150 164/164/139
f 163/163/138 174/179/149 175/180/150
f 164/164/139 176/181/151 165/165/140
f 164/164/139 175/180/150 176/181/151
f 165/165/140 177/182/152 166/166/141
f 165/165/140 176/181/151 177/182/152
f 166/166/141 178/183/153 167/167/142
f 166/166/141 177/182/152 178/183/153
f 172/178/147 184/190/159 173/177/148
f 172/178/147 183/191/158 184/190/159
f 173/177/148 185/192/160 174/179/149
f 173/177/148 184/190/159 185/192/160
f 174/179/149 186/193/161 175/180/150
f 174/179/149 185/192/160 186/193/161
f 175/180/150 187/194/162 176/181/151
f 175/180/150 186/193/161 187/194/162
f 176/181/151 188/195/163 177/182/152
f 176/181/151 187/194/162 188/195/163
f 177/182/152 189/196/164 178/183/153
f 177/182/152 188/195/163 189/196/164
f 178/183/153 190/198/165 179/197/154
f 178/183/153 189/196/164 190/198/165
f 183/191/158 195/204/170 184/190/159
f 183/191/158 194/205/169 195/204/170
f 184/190/159 196/206/171 185/192/160
f 184/190/159 195/204/170 196/206/171
f 185/192/160 197/207/172 186/193/161
f 185/192/160 196/206/171 197/207/172
f 186/193/161 198/208/173 187/194/162
f 186/193/161 197/207/172 198/208/173
f 187/194/162 199/209/174 188/195/163
f 187/194/162 198/208/173 199/209/174
f 188/195/163 200/210/175 189/196/164
f 188/195/163 199/209/174 200/210/175
f 189/196/164 201/211/176 190/198/165
f 189/196/164 200/210/175 201/211/176
f 194/205/169 206/217/181 195/204/170
f 194/205/169 205/218/180 206/217/181
f 195/204/170 207/219/182 196/206/171
f 195/204/170 206/217/181 207/219/182
f 196/206/171 208/220/183 197/207/172
f 196/206/171 207/219/182 208/220/183
f 197/207/172 209/221/184 198/208/173
f 197/207/172 208/220/183 209/221/184
f 198/208/173 210/222/185 199/209/174
f 198/208/173 209/221/184 210/222/185
f 199/209/174 211/223/186 200/210/175
f 199/209/174 210/222/185 211/223/186
f 200/210/175 212/224/187 201/211/176
f 200/210/175 211/223/186 212/224/187
f 205/218/180 217/230/192 206/217/181
f 205/218/180 216/231/191 217/230/192
f 206/217/181 218/232/193 207/219/182
f 206/217/181 217/230/192 218/232/193
f 207/219/182 219/233/194 208/220/183
f 207/219/182 218/232/193 219/233/194
f 208/220/183 220/234/195 209/221/184
f 208/220/183 219/233/194 220/234/195
f 209/221/184 221/235/196 210/222/185
f 209/221/184 220/234/195 221/235/196
f 210/222/185 222/236/197 211/223/186
f 210/222/185 221/235/196 222/236/197
f 211/223/186 223/237/198 212/224/187
f 211/223/186 222/236/197 223/237/198
f 216/231/191 228/243/203 217/230/192
f 216/231/191 227/244/202 228/243/203
f 217/230/192 229/245/204 218/232/193
f 217/230/192 228/243/203 229/245/204
f 218/232/193 230/246/205 219/233/194
f 218/232/193 229/245/204 230/246/205
f 219/233/194 231/247/206 220/234/195
f 219/233/194 230/246/205 231/247/206
f 220/234/195 232/248/207 221/235/196
f 220/234/195 231/247/206 232/248/207
f 221/235/196 233/249/208 222/236/197
f 221/235/196 232/248/207 233/249/208
f 222/236/197 234/250/209 223/237/198
f 222/236/197 233/249/208 234/250/209
f 227/244/202 239/256/214 228/243/203
f 227/244/202 238/257/213 239/256/214
f 228/243/203 240/258/215 229/245/204
f 228/243/203 239/256/214 240/258/215
f 229/245/204 241/259/216 230/246/205
f 229/245/204 240/258/215 241/259/216
f 230/246/205 242/260/217 231/247/206
f 230/246/205 241/259/216 242/260/217
f 231/247/206 243/261/218 232/248/207
f 231/247/206 242/260/217 243/261/218
f 232/248/207 244/262/219 233/249/208
f 232/248/207 243/261/218 244/262/219
f 233/249/208 245/263/220 234/250/209
f 233/249/208 244/262/219 245/263/220
f 238/257/213 250/269/225 239/256/214
f 238/257/213 249/270/224 250/269/225
f 239/256/214 251/271/226 240/258/215
f 239/256/214 250/269/225 251/271/226
f 240/258/215 252/272/227 241/259/216
f 240/258/215 251/271/226 252/272/227
f 241/259/216 253/273/228 242/260/217
f 241/259/216 252/272/227 253/273/228
f 242/260/217 254/274/229 243/261/218
f 242/260/217 253/273/228 254/274/229
f 243/261/218 255/275/230 244/262/219
f 243/261/218 254/274/229 255/275/230
f 244/262/219 256/276/231 245/263/220
f 244/262/219 255/275/230 256/276/231
f 249/270/224 261/282/236 250/269/225
f 249/270/224 260/283/235 261/282/236
f 250/269/225 262/284/237 251/271/226
f 250/269/225 261/282/236 262/284/237
f 251/271/226 263/285/238 252/272/227
f 251/271/226 262/284/237 263/285/238
f 252/272/227 264/286/239 253/273/228
f 252/272/227 263/285/238 264/286/239
f 253/273/228 265/287/240 254/274/229
f 253/273/228 264/286/239 265/287/240
f 254/274/229 266/288/241 255/275/230
f 254/274/229 265/287/240 266/288/241
f 255/275/230 267/289/242 256/276/231
f 255/275/230 266/288/241 267/289/242
f 260/283/235 272/295/247 261/282/236
f 260/283/235 271/296/246 272/295/247
f 261/282/236 273/297/248 262/284/237
f 261/282/236 272/295/247 273/297/248
f 262/284/237 274/298/249 263/285/238
f 262/284/237 273/297/248 274/298/249
f 263/285/238 275/299/250 264/286/239
f 263/285/238 274/298/249 275/299/250
f 264/286/239 276/300/251 265/287/240
f 264/286/239 275/299/250 276/300/251
f 265/287/240 277/301/252 266/288/241
f 265/287/240 276/300/251 277/301/252
f 266/288/241 278/302/253 267/289/242
f 266/288/241 277/301/252 278/302/253
f 271/296/246 283/308/258 272/295/247
f 271/296/246 282/309/257 283/308/258
f 272/295/247 284/310/259 273/297/248
f 272/295/247 283/308/258 284/310/259
f 273/297/248 285/311/260 274/298/249
f 273/297/248 284/310/259 285/311/260
f 274/298/249 286/312/261 275/299/250
f 274/298/249 285/311/260 286/312/261
f 275/299/250 287/313/262 276/300/251
f 275/299/250 286/312/261 287/313/262
f 276/300/251 288/314/263 277/301/252
f 276/300/251 287/313/262 288/314/263
f 277/301/252 289/315/264 278/302/253
f 277/301/252 288/314/263 289/315/264
f 282/309/257 294/321/269 283/308/258
f 282/309/257 293/322/268 294/321/269
f 283/308/258 295/323/270 284/310/259
f 283/308/258 294/321/269 295/323/270
f 284/310/259 296/324/271 285/311/260
f 284/310/259 295/323/270 296/324/271
f 285/311/260 297/325/272 286/312/261
f 285/311/260 296/324/271 297/325/272
f 286/312/261 298/326/273 287/313/262
f 286/312/261 297/325/272 298/326/273
f 287/313/262 299/327/274 288/314/263
f 287/313/262 298/326/273 299/327/274
f 288/314/263 300/328/275 289/315/264
f 288/314/263 299/327/274 300/328/275
f 293/322/268 305/334/280 294/321/269
f 293/322/268 304/335/279 305/334/280
f 294/321/269 306/336/281 295/323/270
f 294/321/269 305/334/280 306/336/281
f 295/323/270 307/337/282 296/324/271
f 295/323/270 306/336/281 307/337/282
f 296/324/271 308/338/283 297/325/272
f 296/324/271 307/337/282 308/338/283
f 297/325/272 309/339/284 298/326/273
f 297/325/272 308/338/283 309/339/284
f 298/326/273 310/340/285 299/327/274
f 298/326/273 309/339/284 310/340/285
f 304/335/279 316/348/291 305/334/280
f 304/335/279 315/349/290 316/348/291
f 305/334/280 317/350/292 306/336/281
f 305/334/280 316/348/291 317/350/292
f 306/336/281 318/351/293 307/337/282
f 306/336/281 317/350/292 318/351/293
f 307/337/282 319/352/294 308/338/283
f 307/337/282 318/351/293 319/352/294
f 308/338/283 320/353/295 309/339/284
f 308/338/283 319/352/294 320/353/295
f 309/339/284 321/354/296 310/340/285
f 309/339/284 320/353/295 321/354/296
f 315/349/290 327/361/302 316/348/291
f 315/349/290 326/362/301 327/361/302
f 316/348/291 328/363/303 317/350/292
f 316/348/291 327/361/302 328/363/303
f 317/350/292 329/364/304 318/351/293
f 317/350/292 328/363/303 329/364/304
f 318/351/293 330/365/305 319/352/294
f 318/351/293 329/364/304 330/365/305
f 319/352/294 331/366/306 320/353/295
f 319/352/294 330/365/305 331/366/306
f 320/353/295 332/367/307 321/354/296
f 320/353/295 331/366/306 332/367/307
f 326/362/301 338/374/313 327/361/302
f 326/362/301 337/375/312 338/374/313
f 327/361/302 339/376/314 328/363/303
f 327/361/302 338/374/313 339/376/314
f 328/363/303 340/377/315 329/364/304
f 328/363/303 339/376/314 340/377/315
f 329/364/304 341/378/316 330/365/305
f 329/364/304 340/377/315 341/378/316
f 330/365/305 342/379/317 331/366/306
f 330/365/305 341/378/316 342/379/317
f 331/366/306 343/380/318 332/367/307
f 331/366/306 342/379/317 343/380/318
f 337/375/312 349/387/324 338/374/313
f 337/375/312 348/388/323 349/387/324
f 338/374/313 350/389/325 339/376/314
f 338/374/313 349/387/324 350/389/325
f 339/376/314 351/390/326 340/377/315
f 339/376/314 350/389/325 351/390/326
f 340/377/315 352/391/327 341/378/316
f 340/377/315 351/390/326 352/391/327
f 341/378/316 353/392/328 342/379/317
f 341/378/316 352/391/327 353/392/328
f 342/379/317 354/393/329 343/380/318
f 342/379/317 353/392/328 354/393/329
f 348/388/323 360/400/335 349/387/324
f 348/388/323 359/401/334 360/400/335
f 349/387/324 361/402/336 350/389/325
f 349/387/324 360/400/335 361/402/336
f 350/389/325 362/403/337 351/390/326
f 350/389/325 361/402/336 362/403/337
f 351/390/326 363/404/338 352/391/327
f 351/390/326 362/403/337 363/404/338
f 352/391/327 364/405/339 353/392/328
f 352/391/327 363/404/338 364/405/339
f 353/392/328 365/406/340 354/393/329
f 353/392/328 364/405/339 365/406/340
f 359/401/334 371/413/346 360/400/335
f 359/401/334 370/414/345 371/413/346
f 360/400/335 372/415/347 361/402/336
f 360/400/335 371/413/346 372/415/347
f 361/402/336 373/416/348 362/403/337
f 361/402/336 372/415/347 373/416/348
f 362/403/337 374/417/349 363/404/338
f 362/403/337 373/416/348 374/417/349
f 363/404/338 375/418/350 364/405/339
f 363/404/338 374/417/349 375/418/350
f 364/405/339 376/419/351 365/406/340
f 364/405/339 375/418/350 376/419/351
f 370/414/345 382/426/357 371/413/346
f 370/414/345 381/427/356 382/426/357
f 371/413/346 383/428/358 372/415/347
f 371/413/346 382/426/357 383/428/358
f 372/415/347 384/429/359 373/416/348
f 372/415/347 383/428/358 384/429/359
f 373/416/348 385/430/360 374/417/349
f 373/416/348 384/429/359 385/430/360
f 374/417/349 386/431/361 375/418/350
f 374/417/349 385/430/360 386/431/361
f 375/418/350 387/432/362 376/419/351
f 375/418/350 386/431/361 387/432/362
f 381/427/356 393/439/368 382/426/357
f 381/427/356 392/440/367 393/439/368
f 382/426/357 394/441/369 383/428/358
f 382/426/357 393/439/368 394/441/369
f 383/428/358 395/442/370 384/429/359
f 383/428/358 394/441/369 395/442/370
f 384/429/359 396/443/371 385/430/360
f 384/429/359 395/442/370 396/443/371
f 385/430/360 397/444/372 386/431/361
f 385/430/360 396/443/371 397/444/372
f 386/431/361 398/445/373 387/432/362
f 386/431/361 397/444/372 398/445/373
f 392/455/367 404/457/379 393/456/368
f 392/455/367 403/458/378 404/457/379
f 393/456/368 405/460/380 394/459/369
f 393/456/368 404/457/379 405/460/380
f 394/459/369 406/462/381 395/461/370
f 394/459/369 405/460/380 406/462/381
f 395/461/370 407/464/382 396/463/371
f 395/461/370 406/462/381 407/464/382
f 396/463/371 408/466/383 397/465/372
f 396/463/371 407/464/382 408/466/383
f 397/465/372 409/468/384 398/467/373
f 397/465/372 408/466/383 409/468/384
f 403/458/378 415/475/390 404/457/379
f 403/458/378 414/476/389 415/475/390
f 404/457/379 416/477/391 405/460/380
f 404/457/379 415/475/390 416/477/391
f 405/460/380 417/478/392 406/462/381
f 405/460/380 416/477/391 417/478/392
f 406/462/381 418/479/393 407/464/382
f 406/462/381 417/478/392 418/479/393
f 407/464/382 419/480/394 408/466/383
f 407/464/382 418/479/393 419/480/394
f 408/466/383 420/481/395 409/468/384
f 408/466/383 419/480/394 420/481/395
f 414/476/389 426/488/401 415/475/390
f 414/476/389 425/489/400 426/488/401
f 415/475/390 427/490/402 416/477/391
f 415/475/390 426/488/401 427/490/402
f 416/477/391 428/491/403 417/478/392
f 416/477/391 427/490/402 428/491/403
f 417/478/392 429/492/404 418/479/393
f 417/478/392 428/491/403 429/492/404
f 418/479/393 430/493/405 419/480/394
f 418/479/393 429/492/404 430/493/405
f 419/480/394 431/494/406 420/481/395
f 419/480/394 430/493/405 431/494/406
f 425/489/400 437/501/412 426/488/401
f 425/489/400 436/502/411 437/501/412
f 426/488/401 438/503/413 427/490/402
f 426/488/401 437/501/412 438/503/413
f 427/490/402 439/504/414 428/491/403
f 427/490/402 438/503/413 439/504/414
f 428/491/403 440/505/415 429/492/404
f 428/491/403 439/504/414 440/505/415
f 429/492/404 441/506/416 430/493/405
f 429/492/404 440/505/415 441/506/416
f 430/493/405 442/507/417 431/494/406
f 430/493/405 441/506/416 442/507/417
f 436/502/411 448/514/423 437/501/412
f 436/502/411 447/515/422 448/514/423
f 437/501/412 449/516/424 438/503/413
f 437/501/412 448/514/423 449/516/424
f 438/503/413 450/517/425 439/504/414
f 438/503/413 449/516/424 450/517/425
f 439/504/414 451/518/426 440/505/415
f 439/504/414 450/517/425 451/518/426
f 440/505/415 452/519/427 441/506/416
f 440/505/415 451/518/426 452/519/427
f 441/506/416 453/520/428 442/507/417
f 441/506/416 452/519/427 453/520/428
f 447/515/422 459/527/434 448/514/423
f 447/515/422 458/528/433 459/527/434
f 448/514/423 460/529/435 449/516/424
f 448/514/423 459/527/434 460/529/435
f 449/516/424 461/530/436 450/517/425
f 449/516/424 460/529/435 461/530/436
f 450/517/425 462/531/437 451/518/426
f 450/517/425 461/530/436 462/531/437
f 451/518/426 463/532/438 452/519/427
f 451/518/426 462/531/437 463/532/438
f 452/519/427 464/533/439 453/520/428
f 452/519/427 463/532/438 464/533/439
f 458/528/433 470/540/445 459/527/434
f 458/528/433 469/541/444 470/540/445
f 459/527/434 471/542/446 460/529/435
f 459/527/434 470/540/445 471/542/446
f 460/529/435 472/543/447 461/530/436
f 460/529/435 471/542/446 472/543/447
f 461/530/436 473/544/448 462/531/437
f 461/530/436 472/543/447 473/544/448
f 462/531/437 474/545/449 463/532/438
f 462/531/437 473/544/448 474/545/449
f 463/532/438 475/546/450 464/533/439
f 463/532/438 474/545/449 475/546/450
f 469/541/444 481/553/456 470/540/445
f 469/541/444 480/554/455 481/553/456
f 470/540/445 482/555/457 471/542/446
f 470/540/445 481/553/456 482/555/457
f 471/542/446 483/556/458 472/543/447
f 471/542/446 482/555/457 483/556/458
f 472/543/447 484/557/459 473/544/448
f 472/543/447 483/556/458 484/557/459
f 473/544/448 485/558/460 474/545/449
f 473/544/448 484/557/459 485/558/460
f 474/545/449 486/559/461 475/546/450
f 474/545/449 485/558/460 486/559/461
f 480/554/455 492/566/467 481/553/456
f 480/554/455 491/567/466 492/566/467
f 481/553/456 493/568/468 482/555/457
f 481/553/456 492/566/467 493/568/468
f 482/555/457 494/569/469 483/556/458
f 482/555/457 493/568/468 494/569/469
f 483/556/458 495/570/470 484/557/459
f 483/556/458 494/569/469 495/570/470
f 484/557/459 496/571/471 485/558/460
f 484/557/459 495/570/470 496/571/471
f 485/558/460 497/572/472 486/559/461
f 485/558/460 496/571/471 497/572/472
f 491/567/466 503/579/478 492/566/467
f 491/567/466 502/580/477 503/579/478
f 492/566/467 504/581/479 493/568/468
f 492/566/467 503/579/478 504/581/479
f 493/568/468 505/582/480 494/569/469
f 493/568/468 504/581/479 505/582/480
f 494/569/469 506/583/481 495/570/470
f 494/569/469 505/582/480 506/583/481
f 495/570/470 507/584/482 496/571/471
f 495/570/470 506/583/481 507/584/482
f 496/571/471 508/585/483 497/572/472
f 496/571/471 507/584/482 508/585/483
f 502/580/477 514/592/489 503/579/478
f 502/580/477 513/593/488 514/592/489
f 503/579/478 515/594/490 504/581/479
f 503/579/478 514/592/489 515/594/490
f 504/581/479 516/595/491 505/582/480
f 504/581/479 515/594/490 516/595/491
f 505/582/480 517/596/492 506/583/481
f 505/582/480 516/595/491 517/596/492
f 506/583/481 518/597/493 507/584/482
f 506/583/481 517/596/492 518/597/493
f 507/584/482 519/598/494 508/585/483
f 507/584/482 518/597/493 519/598/494
f 513/593/488 30/9/8 514/592/489
f 513/593/488 29/8/6 30/9/8
f 514/592/489 31/12/10 515/594/490
f 514/592/489 30/9/8 31/12/10
f 515/594/490 32/14/12 516/595/491
f 515/594/490 31/12/10 32/14/12
f 516/595/491 33/16/14 517/596/492
f 516/595/491 32/14/12 33/16/14
f 517/596/492 34/18/16 518/597/493
f 517/596/492 33/16/14 34/18/16
f 518/597/493 35/20/18 519/598/494
f 518/597/493 34/18/16 35/20/18
s 30
g VWBeetle.004_white
usemtl white
f 750/1/710 769/1/712 751/1/711
f 750/1/710 768/1/713 769/1/712
f 751/1/711 770/1/715 752/1/714
f 751/1/711 769/1/712 770/1/715
f 752/1/714 771/1/717 753/1/716
f 752/1/714 770/1/715 771/1/717
f 753/1/716 772/1/719 754/1/718
f 753/1/716 771/1/717 772/1/719
s 31
f 754/1/720 773/1/722 755/1/721
f 754/1/720 772/1/723 773/1/722
s 32
f 755/1/724 774/1/726 756/1/725
f 755/1/724 773/1/727 774/1/726
f 756/1/725 775/1/729 757/1/728
f 756/1/725 774/1/726 775/1/729
s 33
f 757/1/730 776/1/732 758/1/731
f 757/1/730 775/1/733 776/1/732
f 758/1/731 777/1/735 759/1/734
f 758/1/731 776/1/732 777/1/735
f 759/1/734 778/1/737 760/1/736
f 759/1/734 777/1/735 778/1/737
s 34
f 760/1/738 779/1/740 761/1/739
f 760/1/738 778/1/741 779/1/740
s 35
f 761/1/1 780/1/1 762/1/1
f 761/1/1 779/1/1 780/1/1
s 36
f 762/1/742 781/1/744 763/1/743
f 762/1/742 780/1/745 781/1/744
s 37
f 763/1/746 782/1/746 764/1/746
f 763/1/746 781/1/746 782/1/746
s 38
f 764/1/747 783/1/749 765/1/748
f 764/1/747 782/1/750 783/1/749
s 39
f 765/1/746 784/1/746 766/1/746
f 765/1/746 783/1/746 784/1/746
s 40
f 766/1/751 785/1/753 767/1/752
f 766/1/751 784/1/754 785/1/753
s 30
f 768/1/713 787/1/755 769/1/712
f 768/1/713 786/1/756 787/1/755
f 769/1/712 788/1/757 770/1/715
f 769/1/712 787/1/755 788/1/757
f 770/1/715 789/1/758 771/1/717
f 770/1/715 788/1/757 789/1/758
f 771/1/717 790/1/759 772/1/719
f 771/1/717 789/1/758 790/1/759
s 31
f 772/1/723 791/1/760 773/1/722
f 772/1/723 790/1/761 791/1/760
s 32
f 773/1/727 792/1/762 774/1/726
f 773/1/727 791/1/763 792/1/762
f 774/1/726 793/1/764 775/1/729
f 774/1/726 792/1/762 793/1/764
s 33
f 775/1/733 794/1/765 776/1/732
f 775/1/733 793/1/766 794/1/765
f 776/1/732 795/1/767 777/1/735
f 776/1/732 794/1/765 795/1/767
f 777/1/735 796/1/768 778/1/737
f 777/1/735 795/1/767 796/1/768
s 34
f 778/1/741 797/1/769 779/1/740
f 778/1/741 796/1/770 797/1/769
s 35
f 779/1/1 798/1/1 780/1/1
f 779/1/1 797/1/1 798/1/1
s 36
f 780/1/745 799/1/771 781/1/744
f 780/1/745 798/1/772 799/1/771
s 37
f 781/1/746 800/1/746 782/1/746
f 781/1/746 799/1/746 800/1/746
s 38
f 782/1/750 801/1/773 783/1/749
f 782/1/750 800/1/774 801/1/773
s 39
f 783/1/746 802/1/746 784/1/746
f 783/1/746 801/1/746 802/1/746
s 40
f 784/1/754 803/1/775 785/1/753
f 784/1/754 802/1/776 803/1/775
s 30
f 786/1/756 805/1/777 787/1/755
f 786/1/756 804/1/778 805/1/777
f 787/1/755 806/1/779 788/1/757
f 787/1/755 805/1/777 806/1/779
f 788/1/757 807/1/780 789/1/758
f 788/1/757 806/1/779 807/1/780
f 789/1/758 808/1/781 790/1/759
f 789/1/758 807/1/780 808/1/781
s 31
f 790/1/761 809/1/782 791/1/760
f 790/1/761 808/1/783 809/1/782
s 32
f 791/1/763 810/1/784 792/1/762
f 791/1/763 809/1/785 810/1/784
f 792/1/762 811/1/786 793/1/764
f 792/1/762 810/1/784 811/1/786
s 33
f 793/1/766 812/1/787 794/1/765
f 793/1/766 811/1/788 812/1/787
f 794/1/765 813/1/789 795/1/767
f 794/1/765 812/1/787 813/1/789
f 795/1/767 814/1/790 796/1/768
f 795/1/767 813/1/789 814/1/790
s 34
f 796/1/770 815/1/791 797/1/769
f 796/1/770 814/1/792 815/1/791
s 35
f 797/1/1 816/1/1 798/1/1
f 797/1/1 815/1/1 816/1/1
s 36
f 798/1/772 817/1/793 799/1/771
f 798/1/772 816/1/794 817/1/793
s 37
f 799/1/746 818/1/746 800/1/746
f 799/1/746 817/1/746 818/1/746
s 38
f 800/1/774 819/1/795 801/1/773
f 800/1/774 818/1/796 819/1/795
s 39
f 801/1/746 820/1/746 802/1/746
f 801/1/746 819/1/746 820/1/746
s 40
f 802/1/776 821/1/797 803/1/775
f 802/1/776 820/1/798 821/1/797
s 30
f 804/1/778 823/1/799 805/1/777
f 804/1/778 822/1/800 823/1/799
f 805/1/777 824/1/801 806/1/779
f 805/1/777 823/1/799 824/1/801
f 806/1/779 825/1/802 807/1/780
f 806/1/779 824/1/801 825/1/802
f 807/1/780 826/1/803 808/1/781
f 807/1/780 825/1/802 826/1/803
s 31
f 808/1/783 827/1/804 809/1/782
f 808/1/783 826/1/805 827/1/804
s 32
f 809/1/785 828/1/806 810/1/784
f 809/1/785 827/1/807 828/1/806
f 810/1/784 829/1/808 811/1/786
f 810/1/784 828/1/806 829/1/808
s 33
f 811/1/788 830/1/809 812/1/787
f 811/1/788 829/1/810 830/1/809
f 812/1/787 831/1/811 813/1/789
f 812/1/787 830/1/809 831/1/811
f 813/1/789 832/1/812 814/1/790
f 813/1/789 831/1/811 832/1/812
s 34
f 814/1/792 833/1/813 815/1/791
f 814/1/792 832/1/814 833/1/813
s 35
f 815/1/1 834/1/1 816/1/1
f 815/1/1 833/1/1 834/1/1
s 36
f 816/1/794 835/1/815 817/1/793
f 816/1/794 834/1/816 835/1/815
s 37
f 817/1/746 836/1/746 818/1/746
f 817/1/746 835/1/746 836/1/746
s 38
f 818/1/796 837/1/817 819/1/795
f 818/1/796 836/1/818 837/1/817
s 39
f 819/1/746 838/1/746 820/1/746
f 819/1/746 837/1/746 838/1/746
s 40
f 820/1/798 839/1/819 821/1/797
f 820/1/798 838/1/820 839/1/819
s 30
f 822/1/800 841/1/821 823/1/799
f 822/1/800 840/1/822 841/1/821
f 823/1/799 842/1/823 824/1/801
f 823/1/799 841/1/821 842/1/823
f 824/1/801 843/1/824 825/1/802
f 824/1/801 842/1/823 843/1/824
f 825/1/802 844/1/825 826/1/803
f 825/1/802 843/1/824 844/1/825
s 31
f 826/1/805 845/1/826 827/1/804
f 826/1/805 844/1/827 845/1/826
s 32
f 827/1/807 846/1/828 828/1/806
f 827/1/807 845/1/829 846/1/828
f 828/1/806 847/1/830 829/1/808
f 828/1/806 846/1/828 847/1/830
s 33
f 829/1/810 848/1/831 830/1/809
f 829/1/810 847/1/832 848/1/831
f 830/1/809 849/1/833 831/1/811
f 830/1/809 848/1/831 849/1/833
f 831/1/811 850/1/834 832/1/812
f 831/1/811 849/1/833 850/1/834
s 34
f 832/1/814 851/1/835 833/1/813
f 832/1/814 850/1/836 851/1/835
s 35
f 833/1/1 852/1/1 834/1/1
f 833/1/1 851/1/1 852/1/1
s 36
f 834/1/816 853/1/837 835/1/815
f 834/1/816 852/1/838 853/1/837
s 37
f 835/1/746 854/1/746 836/1/746
f 835/1/746 853/1/746 854/1/746
s 38
f 836/1/818 855/1/839 837/1/817
f 836/1/818 854/1/840 855/1/839
s 39
f 837/1/746 856/1/746 838/1/746
f 837/1/746 855/1/746 856/1/746
s 40
f 838/1/820 857/1/841 839/1/819
f 838/1/820 856/1/842 857/1/841
s 30
f 840/1/822 859/1/843 841/1/821
f 840/1/822 858/1/844 859/1/843
f 841/1/821 860/1/845 842/1/823
f 841/1/821 859/1/843 860/1/845
f 842/1/823 861/1/846 843/1/824
f 842/1/823 860/1/845 861/1/846
f 843/1/824 862/1/847 844/1/825
f 843/1/824 861/1/846 862/1/847
s 31
f 844/1/827 863/1/848 845/1/826
f 844/1/827 862/1/849 863/1/848
s 32
f 845/1/829 864/1/850 846/1/828
f 845/1/829 863/1/851 864/1/850
f 846/1/828 865/1/852 847/1/830
f 846/1/828 864/1/850 865/1/852
s 33
f 847/1/832 866/1/853 848/1/831
f 847/1/832 865/1/854 866/1/853
f 848/1/831 867/1/855 849/1/833
f 848/1/831 866/1/853 867/1/855
f 849/1/833 868/1/856 850/1/834
f 849/1/833 867/1/855 868/1/856
s 34
f 850/1/836 869/1/857 851/1/835
f 850/1/836 868/1/858 869/1/857
s 35
f 851/1/1 870/1/1 852/1/1
f 851/1/1 869/1/1 870/1/1
s 36
f 852/1/838 871/1/859 853/1/837
f 852/1/838 870/1/860 871/1/859
s 37
f 853/1/746 872/1/746 854/1/746
f 853/1/746 871/1/746 872/1/746
s 38
f 854/1/840 873/1/861 855/1/839
f 854/1/840 872/1/862 873/1/861
s 39
f 855/1/746 874/1/746 856/1/746
f 855/1/746 873/1/746 874/1/746
s 40
f 856/1/842 875/1/863 857/1/841
f 856/1/842 874/1/864 875/1/863
s 30
f 858/1/844 877/1/865 859/1/843
f 858/1/844 876/1/866 877/1/865
f 859/1/843 878/1/867 860/1/845
f 859/1/843 877/1/865 878/1/867
f 860/1/845 879/1/868 861/1/846
f 860/1/845 878/1/867 879/1/868
f 861/1/846 880/1/869 862/1/847
f 861/1/846 879/1/868 880/1/869
s 31
f 862/1/849 881/1/870 863/1/848
f 862/1/849 880/1/871 881/1/870
s 32
f 863/1/851 882/1/872 864/1/850
f 863/1/851 881/1/873 882/1/872
f 864/1/850 883/1/874 865/1/852
f 864/1/850 882/1/872 883/1/874
s 33
f 865/1/854 884/1/875 866/1/853
f 865/1/854 883/1/876 884/1/875
f 866/1/853 885/1/877 867/1/855
f 866/1/853 884/1/875 885/1/877
f 867/1/855 886/1/878 868/1/856
f 867/1/855 885/1/877 886/1/878
s 34
f 868/1/858 887/1/879 869/1/857
f 868/1/858 886/1/880 887/1/879
s 35
f 869/1/1 888/1/1 870/1/1
f 869/1/1 887/1/1 888/1/1
s 36
f 870/1/860 889/1/881 871/1/859
f 870/1/860 888/1/882 889/1/881
s 37
f 871/1/746 890/1/746 872/1/746
f 871/1/746 889/1/746 890/1/746
s 38
f 872/1/862 891/1/883 873/1/861
f 872/1/862 890/1/884 891/1/883
s 39
f 873/1/746 892/1/746 874/1/746
f 873/1/746 891/1/746 892/1/746
s 40
f 874/1/864 893/1/885 875/1/863
f 874/1/864 892/1/886 893/1/885
s 30
f 876/1/866 895/1/887 877/1/865
f 876/1/866 894/1/888 895/1/887
f 877/1/865 896/1/889 878/1/867
f 877/1/865 895/1/887 896/1/889
f 878/1/867 897/1/890 879/1/868
f 878/1/867 896/1/889 897/1/890
f 879/1/868 898/1/891 880/1/869
f 879/1/868 897/1/890 898/1/891
s 31
f 880/1/871 899/1/892 881/1/870
f 880/1/871 898/1/893 899/1/892
s 32
f 881/1/873 900/1/894 882/1/872
f 881/1/873 899/1/895 900/1/894
f 882/1/872 901/1/896 883/1/874
f 882/1/872 900/1/894 901/1/896
s 33
f 883/1/876 902/1/897 884/1/875
f 883/1/876 901/1/898 902/1/897
f 884/1/875 903/1/899 885/1/877
f 884/1/875 902/1/897 903/1/899
f 885/1/877 904/1/900 886/1/878
f 885/1/877 903/1/899 904/1/900
s 34
f 886/1/880 905/1/901 887/1/879
f 886/1/880 904/1/902 905/1/901
s 35
f 887/1/1 906/1/1 888/1/1
f 887/1/1 905/1/1 906/1/1
s 36
f 888/1/882 907/1/903 889/1/881
f 888/1/882 906/1/904 907/1/903
s 37
f 889/1/746 908/1/746 890/1/746
f 889/1/746 907/1/746 908/1/746
s 38
f 890/1/884 909/1/905 891/1/883
f 890/1/884 908/1/906 909/1/905
s 39
f 891/1/746 910/1/746 892/1/746
f 891/1/746 909/1/746 910/1/746
s 40
f 892/1/886 911/1/907 893/1/885
f 892/1/886 910/1/908 911/1/907
s 30
f 894/1/888 913/1/909 895/1/887
f 894/1/888 912/1/910 913/1/909
f 895/1/887 914/1/911 896/1/889
f 895/1/887 913/1/909 914/1/911
f 896/1/889 915/1/912 897/1/890
f 896/1/889 914/1/911 915/1/912
f 897/1/890 916/1/913 898/1/891
f 897/1/890 915/1/912 916/1/913
s 31
f 898/1/893 917/1/914 899/1/892
f 898/1/893 916/1/915 917/1/914
s 32
f 899/1/895 918/1/916 900/1/894
f 899/1/895 917/1/917 918/1/916
f 900/1/894 919/1/918 901/1/896
f 900/1/894 918/1/916 919/1/918
s 33
f 901/1/898 920/1/919 902/1/897
f 901/1/898 919/1/920 920/1/919
f 902/1/897 921/1/921 903/1/899
f 902/1/897 920/1/919 921/1/921
f 903/1/899 922/1/922 904/1/900
f 903/1/899 921/1/921 922/1/922
s 34
f 904/1/902 923/1/923 905/1/901
f 904/1/902 922/1/924 923/1/923
s 35
f 905/1/1 924/1/1 906/1/1
f 905/1/1 923/1/1 924/1/1
s 36
f 906/1/904 925/1/925 907/1/903
f 906/1/904 924/1/926 925/1/925
s 37
f 907/1/746 926/1/746 908/1/746
f 907/1/746 925/1/746 926/1/746
s 38
f 908/1/906 927/1/927 909/1/905
f 908/1/906 926/1/928 927/1/927
s 39
f 909/1/746 928/1/746 910/1/746
f 909/1/746 927/1/746 928/1/746
s 40
f 910/1/908 929/1/929 911/1/907
f 910/1/908 928/1/930 929/1/929
s 30
f 912/1/910 931/1/931 913/1/909
f 912/1/910 930/1/932 931/1/931
f 913/1/909 932/1/933 914/1/911
f 913/1/909 931/1/931 932/1/933
f 914/1/911 933/1/934 915/1/912
f 914/1/911 932/1/933 933/1/934
f 915/1/912 934/1/935 916/1/913
f 915/1/912 933/1/934 934/1/935
s 31
f 916/1/915 935/1/936 917/1/914
f 916/1/915 934/1/937 935/1/936
s 32
f 917/1/917 936/1/938 918/1/916
f 917/1/917 935/1/939 936/1/938
f 918/1/916 937/1/940 919/1/918
f 918/1/916 936/1/938 937/1/940
s 33
f 919/1/920 938/1/941 920/1/919
f 919/1/920 937/1/942 938/1/941
f 920/1/919 939/1/943 921/1/921
f 920/1/919 938/1/941 939/1/943
f 921/1/921 940/1/944 922/1/922
f 921/1/921 939/1/943 940/1/944
s 34
f 922/1/924 941/1/945 923/1/923
f 922/1/924 940/1/946 941/1/945
s 35
f 923/1/1 942/1/1 924/1/1
f 923/1/1 941/1/1 942/1/1
s 36
f 924/1/926 943/1/947 925/1/925
f 924/1/926 942/1/948 943/1/947
s 37
f 925/1/746 944/1/746 926/1/746
f 925/1/746 943/1/746 944/1/746
s 38
f 926/1/928 945/1/949 927/1/927
f 926/1/928 944/1/950 945/1/949
s 39
f 927/1/746 946/1/746 928/1/746
f 927/1/746 945/1/746 946/1/746
s 30
f 930/1/932 948/1/951 931/1/931
f 930/1/932 947/1/952 948/1/951
f 931/1/931 949/1/953 932/1/933
f 931/1/931 948/1/951 949/1/953
f 932/1/933 950/1/954 933/1/934
f 932/1/933 949/1/953 950/1/954
f 933/1/934 951/1/955 934/1/935
f 933/1/934 950/1/954 951/1/955
s 31
f 934/1/937 952/1/956 935/1/936
f 934/1/937 951/1/957 952/1/956
s 32
f 935/1/939 953/1/958 936/1/938
f 935/1/939 952/1/959 953/1/958
f 936/1/938 954/1/960 937/1/940
f 936/1/938 953/1/958 954/1/960
s 33
f 937/1/942 955/1/961 938/1/941
f 937/1/942 954/1/962 955/1/961
f 938/1/941 956/1/963 939/1/943
f 938/1/941 955/1/961 956/1/963
f 939/1/943 957/1/964 940/1/944
f 939/1/943 956/1/963 957/1/964
s 34
f 940/1/946 958/1/965 941/1/945
f 940/1/946 957/1/966 958/1/965
s 35
f 941/1/1 959/1/1 942/1/1
f 941/1/1 958/1/1 959/1/1
s 36
f 942/1/948 960/1/967 943/1/947
f 942/1/948 959/1/968 960/1/967
s 37
f 943/1/746 961/1/746 944/1/746
f 943/1/746 960/1/746 961/1/746
s 38
f 944/1/950 962/1/969 945/1/949
f 944/1/950 961/1/970 962/1/969
s 39
f 945/1/746 963/1/746 946/1/746
f 945/1/746 962/1/746 963/1/746
s 30
f 947/1/952 965/1/971 948/1/951
f 947/1/952 964/1/972 965/1/971
f 948/1/951 966/1/973 949/1/953
f 948/1/951 965/1/971 966/1/973
f 949/1/953 967/1/974 950/1/954
f 949/1/953 966/1/973 967/1/974
f 950/1/954 968/1/975 951/1/955
f 950/1/954 967/1/974 968/1/975
s 31
f 951/1/957 969/1/976 952/1/956
f 951/1/957 968/1/977 969/1/976
s 32
f 952/1/959 970/1/978 953/1/958
f 952/1/959 969/1/979 970/1/978
f 953/1/958 971/1/980 954/1/960
f 953/1/958 970/1/978 971/1/980
s 33
f 954/1/962 972/1/981 955/1/961
f 954/1/962 971/1/982 972/1/981
f 955/1/961 973/1/983 956/1/963
f 955/1/961 972/1/981 973/1/983
f 956/1/963 974/1/984 957/1/964
f 956/1/963 973/1/983 974/1/984
s 34
f 957/1/966 975/1/985 958/1/965
f 957/1/966 974/1/986 975/1/985
s 35
f 958/1/1 976/1/1 959/1/1
f 958/1/1 975/1/1 976/1/1
s 36
f 959/1/968 977/1/987 960/1/967
f 959/1/968 976/1/988 977/1/987
s 37
f 960/1/746 978/1/746 961/1/746
f 960/1/746 977/1/746 978/1/746
s 38
f 961/1/970 979/1/989 962/1/969
f 961/1/970 978/1/990 979/1/989
s 39
f 962/1/746 980/1/746 963/1/746
f 962/1/746 979/1/746 980/1/746
s 30
f 964/1/972 982/1/991 965/1/971
f 964/1/972 981/1/992 982/1/991
f 965/1/971 983/1/993 966/1/973
f 965/1/971 982/1/991 983/1/993
f 966/1/973 984/1/994 967/1/974
f 966/1/973 983/1/993 984/1/994
f 967/1/974 985/1/995 968/1/975
f 967/1/974 984/1/994 985/1/995
s 31
f 968/1/977 986/1/996 969/1/976
f 968/1/977 985/1/997 986/1/996
s 32
f 969/1/979 987/1/998 970/1/978
f 969/1/979 986/1/999 987/1/998
f 970/1/978 988/1/1000 971/1/980
f 970/1/978 987/1/998 988/1/1000
s 33
f 971/1/982 989/1/1001 972/1/981
f 971/1/982 988/1/1002 989/1/1001
f 972/1/981 990/1/1003 973/1/983
f 972/1/981 989/1/1001 990/1/1003
f 973/1/983 991/1/1004 974/1/984
f 973/1/983 990/1/1003 991/1/1004
s 34
f 974/1/986 992/1/1005 975/1/985
f 974/1/986 991/1/1006 992/1/1005
s 35
f 975/1/1 993/1/1 976/1/1
f 975/1/1 992/1/1 993/1/1
s 36
f 976/1/988 994/1/1007 977/1/987
f 976/1/988 993/1/1008 994/1/1007
s 37
f 977/1/746 995/1/746 978/1/746
f 977/1/746 994/1/746 995/1/746
s 38
f 978/1/990 996/1/1009 979/1/989
f 978/1/990 995/1/1010 996/1/1009
s 39
f 979/1/746 997/1/746 980/1/746
f 979/1/746 996/1/746 997/1/746
s 30
f 981/1/992 999/1/1011 982/1/991
f 981/1/992 998/1/1012 999/1/1011
f 982/1/991 1000/1/1013 983/1/993
f 982/1/991 999/1/1011 1000/1/1013
f 983/1/993 1001/1/1014 984/1/994
f 983/1/993 1000/1/1013 1001/1/1014
f 984/1/994 1002/1/1015 985/1/995
f 984/1/994 1001/1/1014 1002/1/1015
s 31
f 985/1/997 1003/1/1016 986/1/996
f 985/1/997 1002/1/1017 1003/1/1016
s 32
f 986/1/999 1004/1/1018 987/1/998
f 986/1/999 1003/1/1019 1004/1/1018
f 987/1/998 1005/1/1020 988/1/1000
f 987/1/998 1004/1/1018 1005/1/1020
s 33
f 988/1/1002 1006/1/1021 989/1/1001
f 988/1/1002 1005/1/1022 1006/1/1021
f 989/1/1001 1007/1/1023 990/1/1003
f 989/1/1001 1006/1/1021 1007/1/1023
f 990/1/1003 1008/1/1024 991/1/1004
f 990/1/1003 1007/1/1023 1008/1/1024
s 34
f 991/1/1006 1009/1/1025 992/1/1005
f 991/1/1006 1008/1/1026 1009/1/1025
s 35
f 992/1/1 1010/1/1 993/1/1
f 992/1/1 1009/1/1 1010/1/1
s 36
f 993/1/1008 1011/1/1027 994/1/1007
f 993/1/1008 1010/1/1028 1011/1/1027
s 37
f 994/1/746 1012/1/746 995/1/746
f 994/1/746 1011/1/746 1012/1/746
s 38
f 995/1/1010 1013/1/1029 996/1/1009
f 995/1/1010 1012/1/1030 1013/1/1029
s 30
f 998/1/1012 1015/1/1031 999/1/1011
f 998/1/1012 1014/1/1032 1015/1/1031
f 999/1/1011 1016/1/1033 1000/1/1013
f 999/1/1011 1015/1/1031 1016/1/1033
f 1000/1/1013 1017/1/1034 1001/1/1014
f 1000/1/1013 1016/1/1033 1017/1/1034
f 1001/1/1014 1018/1/1035 1002/1/1015
f 1001/1/1014 1017/1/1034 1018/1/1035
s 31
f 1002/1/1017 1019/1/1036 1003/1/1016
f 1002/1/1017 1018/1/1037 1019/1/1036
s 32
f 1003/1/1019 1020/1/1038 1004/1/1018
f 1003/1/1019 1019/1/1039 1020/1/1038
f 1004/1/1018 1021/1/1040 1005/1/1020
f 1004/1/1018 1020/1/1038 1021/1/1040
s 33
f 1005/1/1022 1022/1/1041 1006/1/1021
f 1005/1/1022 1021/1/1042 1022/1/1041
f 1006/1/1021 1023/1/1043 1007/1/1023
f 1006/1/1021 1022/1/1041 1023/1/1043
f 1007/1/1023 1024/1/1044 1008/1/1024
f 1007/1/1023 1023/1/1043 1024/1/1044
s 34
f 1008/1/1026 1025/1/1045 1009/1/1025
f 1008/1/1026 1024/1/1046 1025/1/1045
s 35
f 1009/1/1 1026/1/1 1010/1/1
f 1009/1/1 1025/1/1 1026/1/1
s 36
f 1010/1/1028 1027/1/1047 1011/1/1027
f 1010/1/1028 1026/1/1048 1027/1/1047
s 37
f 1011/1/746 1028/1/746 1012/1/746
f 1011/1/746 1027/1/746 1028/1/746
s 38
f 1012/1/1030 1029/1/1049 1013/1/1029
f 1012/1/1030 1028/1/1050 1029/1/1049
s 30
f 1014/1/1032 1031/1/1051 1015/1/1031
f 1014/1/1032 1030/1/1052 1031/1/1051
f 1015/1/1031 1032/1/1053 1016/1/1033
f 1015/1/1031 1031/1/1051 1032/1/1053
f 1016/1/1033 1033/1/1054 1017/1/1034
f 1016/1/1033 1032/1/1053 1033/1/1054
f 1017/1/1034 1034/1/1055 1018/1/1035
f 1017/1/1034 1033/1/1054 1034/1/1055
s 31
f 1018/1/1037 1035/1/1056 1019/1/1036
f 1018/1/1037 1034/1/1057 1035/1/1056
s 32
f 1019/1/1039 1036/1/1058 1020/1/1038
f 1019/1/1039 1035/1/1059 1036/1/1058
f 1020/1/1038 1037/1/1060 1021/1/1040
f 1020/1/1038 1036/1/1058 1037/1/1060
s 33
f 1021/1/1042 1038/1/1061 1022/1/1041
f 1021/1/1042 1037/1/1062 1038/1/1061
f 1022/1/1041 1039/1/1063 1023/1/1043
f 1022/1/1041 1038/1/1061 1039/1/1063
f 1023/1/1043 1040/1/1064 1024/1/1044
f 1023/1/1043 1039/1/1063 1040/1/1064
s 34
f 1024/1/1046 1041/1/1065 1025/1/1045
f 1024/1/1046 1040/1/1066 1041/1/1065
s 35
f 1025/1/1 1042/1/1 1026/1/1
f 1025/1/1 1041/1/1 1042/1/1
s 36
f 1026/1/1048 1043/1/1067 1027/1/1047
f 1026/1/1048 1042/1/1068 1043/1/1067
s 37
f 1027/1/746 1044/1/746 1028/1/746
f 1027/1/746 1043/1/746 1044/1/746
s 38
f 1028/1/1050 1045/1/1069 1029/1/1049
f 1028/1/1050 1044/1/1070 1045/1/1069
s 30
f 1030/1/1052 1047/1/1071 1031/1/1051
f 1030/1/1052 1046/1/1072 1047/1/1071
f 1031/1/1051 1048/1/1073 1032/1/1053
f 1031/1/1051 1047/1/1071 1048/1/1073
f 1032/1/1053 1049/1/1074 1033/1/1054
f 1032/1/1053 1048/1/1073 1049/1/1074
f 1033/1/1054 1050/1/1075 1034/1/1055
f 1033/1/1054 1049/1/1074 1050/1/1075
s 31
f 1034/1/1057 1051/1/1076 1035/1/1056
f 1034/1/1057 1050/1/1077 1051/1/1076
s 32
f 1035/1/1059 1052/1/1078 1036/1/1058
f 1035/1/1059 1051/1/1079 1052/1/1078
f 1036/1/1058 1053/1/1080 1037/1/1060
f 1036/1/1058 1052/1/1078 1053/1/1080
s 33
f 1037/1/1062 1054/1/1081 1038/1/1061
f 1037/1/1062 1053/1/1082 1054/1/1081
f 1038/1/1061 1055/1/1083 1039/1/1063
f 1038/1/1061 1054/1/1081 1055/1/1083
f 1039/1/1063 1056/1/1084 1040/1/1064
f 1039/1/1063 1055/1/1083 1056/1/1084
s 34
f 1040/1/1066 1057/1/1085 1041/1/1065
f 1040/1/1066 1056/1/1086 1057/1/1085
s 35
f 1041/1/1 1058/1/1 1042/1/1
f 1041/1/1 1057/1/1 1058/1/1
s 36
f 1042/1/1068 1059/1/1087 1043/1/1067
f 1042/1/1068 1058/1/1088 1059/1/1087
s 37
f 1043/1/746 1060/1/746 1044/1/746
f 1043/1/746 1059/1/746 1060/1/746
s 38
f 1044/1/1070 1061/1/1089 1045/1/1069
f 1044/1/1070 1060/1/1090 1061/1/1089
s 30
f 1046/1/1072 1063/1/1091 1047/1/1071
f 1046/1/1072 1062/1/1092 1063/1/1091
f 1047/1/1071 1064/1/1093 1048/1/1073
f 1047/1/1071 1063/1/1091 1064/1/1093
f 1048/1/1073 1065/1/1094 1049/1/1074
f 1048/1/1073 1064/1/1093 1065/1/1094
f 1049/1/1074 1066/1/1095 1050/1/1075
f 1049/1/1074 1065/1/1094 1066/1/1095
s 31
f 1050/1/1077 1067/1/1096 1051/1/1076
f 1050/1/1077 1066/1/1097 1067/1/1096
s 32
f 1051/1/1079 1068/1/1098 1052/1/1078
f 1051/1/1079 1067/1/1099 1068/1/1098
f 1052/1/1078 1069/1/1100 1053/1/1080
f 1052/1/1078 1068/1/1098 1069/1/1100
s 33
f 1053/1/1082 1070/1/1101 1054/1/1081
f 1053/1/1082 1069/1/1102 1070/1/1101
f 1054/1/1081 1071/1/1103 1055/1/1083
f 1054/1/1081 1070/1/1101 1071/1/1103
f 1055/1/1083 1072/1/1104 1056/1/1084
f 1055/1/1083 1071/1/1103 1072/1/1104
s 34
f 1056/1/1086 1073/1/1105 1057/1/1085
f 1056/1/1086 1072/1/1106 1073/1/1105
s 35
f 1057/1/1 1074/1/1 1058/1/1
f 1057/1/1 1073/1/1 1074/1/1
s 36
f 1058/1/1088 1075/1/1107 1059/1/1087
f 1058/1/1088 1074/1/1108 1075/1/1107
s 37
f 1059/1/746 1076/1/746 1060/1/746
f 1059/1/746 1075/1/746 1076/1/746
s 38
f 1060/1/1090 1077/1/1109 1061/1/1089
f 1060/1/1090 1076/1/1110 1077/1/1109
s 30
f 1062/1/1092 1079/1/1111 1063/1/1091
f 1062/1/1092 1078/1/1112 1079/1/1111
f 1063/1/1091 1080/1/1113 1064/1/1093
f 1063/1/1091 1079/1/1111 1080/1/1113
f 1064/1/1093 1081/1/1114 1065/1/1094
f 1064/1/1093 1080/1/1113 1081/1/1114
f 1065/1/1094 1082/1/1115 1066/1/1095
f 1065/1/1094 1081/1/1114 1082/1/1115
s 31
f 1066/1/1097 1083/1/1116 1067/1/1096
f 1066/1/1097 1082/1/1117 1083/1/1116
s 32
f 1067/1/1099 1084/1/1118 1068/1/1098
f 1067/1/1099 1083/1/1119 1084/1/1118
f 1068/1/1098 1085/1/1120 1069/1/1100
f 1068/1/1098 1084/1/1118 1085/1/1120
s 33
f 1069/1/1102 1086/1/1121 1070/1/1101
f 1069/1/1102 1085/1/1122 1086/1/1121
f 1070/1/1101 1087/1/1123 1071/1/1103
f 1070/1/1101 1086/1/1121 1087/1/1123
f 1071/1/1103 1088/1/1124 1072/1/1104
f 1071/1/1103 1087/1/1123 1088/1/1124
s 34
f 1072/1/1106 1089/1/1125 1073/1/1105
f 1072/1/1106 1088/1/1126 1089/1/1125
s 35
f 1073/1/1 1090/1/1 1074/1/1
f 1073/1/1 1089/1/1 1090/1/1
s 36
f 1074/1/1108 1091/1/1127 1075/1/1107
f 1074/1/1108 1090/1/1128 1091/1/1127
s 37
f 1075/1/746 1092/1/746 1076/1/746
f 1075/1/746 1091/1/746 1092/1/746
s 38
f 1076/1/1110 1093/1/1129 1077/1/1109
f 1076/1/1110 1092/1/1130 1093/1/1129
s 30
f 1078/1/1112 1095/1/1131 1079/1/1111
f 1078/1/1112 1094/1/1132 1095/1/1131
f 1079/1/1111 1096/1/1133 1080/1/1113
f 1079/1/1111 1095/1/1131 1096/1/1133
f 1080/1/1113 1097/1/1134 1081/1/1114
f 1080/1/1113 1096/1/1133 1097/1/1134
f 1081/1/1114 1098/1/1135 1082/1/1115
f 1081/1/1114 1097/1/1134 1098/1/1135
s 31
f 1082/1/1117 1099/1/1136 1083/1/1116
f 1082/1/1117 1098/1/1137 1099/1/1136
s 32
f 1083/1/1119 1100/1/1138 1084/1/1118
f 1083/1/1119 1099/1/1139 1100/1/1138
f 1084/1/1118 1101/1/1140 1085/1/1120
f 1084/1/1118 1100/1/1138 1101/1/1140
s 33
f 1085/1/1122 1102/1/1141 1086/1/1121
f 1085/1/1122 1101/1/1142 1102/1/1141
f 1086/1/1121 1103/1/1143 1087/1/1123
f 1086/1/1121 1102/1/1141 1103/1/1143
f 1087/1/1123 1104/1/1144 1088/1/1124
f 1087/1/1123 1103/1/1143 1104/1/1144
s 34
f 1088/1/1126 1105/1/1145 1089/1/1125
f 1088/1/1126 1104/1/1146 1105/1/1145
s 35
f 1089/1/1 1106/1/1 1090/1/1
f 1089/1/1 1105/1/1 1106/1/1
s 36
f 1090/1/1128 1107/1/1147 1091/1/1127
f 1090/1/1128 1106/1/1148 1107/1/1147
s 37
f 1091/1/746 1108/1/746 1092/1/746
f 1091/1/746 1107/1/746 1108/1/746
s 38
f 1092/1/1130 1109/1/1149 1093/1/1129
f 1092/1/1130 1108/1/1150 1109/1/1149
s 30
f 1094/1/1132 1111/1/1151 1095/1/1131
f 1094/1/1132 1110/1/1152 1111/1/1151
f 1095/1/1131 1112/1/1153 1096/1/1133
f 1095/1/1131 1111/1/1151 1112/1/1153
f 1096/1/1133 1113/1/1154 1097/1/1134
f 1096/1/1133 1112/1/1153 1113/1/1154
f 1097/1/1134 1114/1/1155 1098/1/1135
f 1097/1/1134 1113/1/1154 1114/1/1155
s 31
f 1098/1/1137 1115/1/1156 1099/1/1136
f 1098/1/1137 1114/1/1157 1115/1/1156
s 32
f 1099/1/1139 1116/1/1158 1100/1/1138
f 1099/1/1139 1115/1/1159 1116/1/1158
f 1100/1/1138 1117/1/1160 1101/1/1140
f 1100/1/1138 1116/1/1158 1117/1/1160
s 33
f 1101/1/1142 1118/1/1161 1102/1/1141
f 1101/1/1142 1117/1/1162 1118/1/1161
f 1102/1/1141 1119/1/1163 1103/1/1143
f 1102/1/1141 1118/1/1161 1119/1/1163
f 1103/1/1143 1120/1/1164 1104/1/1144
f 1103/1/1143 1119/1/1163 1120/1/1164
s 34
f 1104/1/1146 1121/1/1165 1105/1/1145
f 1104/1/1146 1120/1/1166 1121/1/1165
s 35
f 1105/1/1 1122/1/1 1106/1/1
f 1105/1/1 1121/1/1 1122/1/1
s 36
f 1106/1/1148 1123/1/1167 1107/1/1147
f 1106/1/1148 1122/1/1168 1123/1/1167
s 37
f 1107/1/746 1124/1/746 1108/1/746
f 1107/1/746 1123/1/746 1124/1/746
s 38
f 1108/1/1150 1125/1/1169 1109/1/1149
f 1108/1/1150 1124/1/1170 1125/1/1169
s 30
f 1110/1/1152 1127/1/1171 1111/1/1151
f 1110/1/1152 1126/1/1172 1127/1/1171
f 1111/1/1151 1128/1/1173 1112/1/1153
f 1111/1/1151 1127/1/1171 1128/1/1173
f 1112/1/1153 1129/1/1174 1113/1/1154
f 1112/1/1153 1128/1/1173 1129/1/1174
f 1113/1/1154 1130/1/1175 1114/1/1155
f 1113/1/1154 1129/1/1174 1130/1/1175
s 31
f 1114/1/1157 1131/1/1176 1115/1/1156
f 1114/1/1157 1130/1/1177 1131/1/1176
s 32
f 1115/1/1159 1132/1/1178 1116/1/1158
f 1115/1/1159 1131/1/1179 1132/1/1178
f 1116/1/1158 1133/1/1180 1117/1/1160
f 1116/1/1158 1132/1/1178 1133/1/1180
s 33
f 1117/1/1162 1134/1/1181 1118/1/1161
f 1117/1/1162 1133/1/1182 1134/1/1181
f 1118/1/1161 1135/1/1183 1119/1/1163
f 1118/1/1161 1134/1/1181 1135/1/1183
f 1119/1/1163 1136/1/1184 1120/1/1164
f 1119/1/1163 1135/1/1183 1136/1/1184
s 34
f 1120/1/1166 1137/1/1185 1121/1/1165
f 1120/1/1166 1136/1/1186 1137/1/1185
s 35
f 1121/1/1 1138/1/1 1122/1/1
f 1121/1/1 1137/1/1 1138/1/1
s 36
f 1122/1/1168 1139/1/1187 1123/1/1167
f 1122/1/1168 1138/1/1188 1139/1/1187
s 37
f 1123/1/746 1140/1/746 1124/1/746
f 1123/1/746 1139/1/746 1140/1/746
s 38
f 1124/1/1170 1141/1/1189 1125/1/1169
f 1124/1/1170 1140/1/1190 1141/1/1189
s 30
f 1126/1/1172 1143/1/1191 1127/1/1171
f 1126/1/1172 1142/1/1192 1143/1/1191
f 1127/1/1171 1144/1/1193 1128/1/1173
f 1127/1/1171 1143/1/1191 1144/1/1193
f 1128/1/1173 1145/1/1194 1129/1/1174
f 1128/1/1173 1144/1/1193 1145/1/1194
f 1129/1/1174 1146/1/1195 1130/1/1175
f 1129/1/1174 1145/1/1194 1146/1/1195
s 31
f 1130/1/1177 1147/1/1196 1131/1/1176
f 1130/1/1177 1146/1/1197 1147/1/1196
s 32
f 1131/1/1179 1148/1/1198 1132/1/1178
f 1131/1/1179 1147/1/1199 1148/1/1198
f 1132/1/1178 1149/1/1200 1133/1/1180
f 1132/1/1178 1148/1/1198 1149/1/1200
s 33
f 1133/1/1182 1150/1/1201 1134/1/1181
f 1133/1/1182 1149/1/1202 1150/1/1201
f 1134/1/1181 1151/1/1203 1135/1/1183
f 1134/1/1181 1150/1/1201 1151/1/1203
f 1135/1/1183 1152/1/1204 1136/1/1184
f 1135/1/1183 1151/1/1203 1152/1/1204
s 34
f 1136/1/1186 1153/1/1205 1137/1/1185
f 1136/1/1186 1152/1/1206 1153/1/1205
s 35
f 1137/1/1 1154/1/1 1138/1/1
f 1137/1/1 1153/1/1 1154/1/1
s 36
f 1138/1/1188 1155/1/1207 1139/1/1187
f 1138/1/1188 1154/1/1208 1155/1/1207
s 37
f 1139/1/746 1156/1/746 1140/1/746
f 1139/1/746 1155/1/746 1156/1/746
s 38
f 1140/1/1190 1157/1/1209 1141/1/1189
f 1140/1/1190 1156/1/1210 1157/1/1209
s 30
f 1142/1/1192 1159/1/1211 1143/1/1191
f 1142/1/1192 1158/1/1212 1159/1/1211
f 1143/1/1191 1160/1/1213 1144/1/1193
f 1143/1/1191 1159/1/1211 1160/1/1213
f 1144/1/1193 1161/1/1214 1145/1/1194
f 1144/1/1193 1160/1/1213 1161/1/1214
f 1145/1/1194 1162/1/1215 1146/1/1195
f 1145/1/1194 1161/1/1214 1162/1/1215
s 31
f 1146/1/1197 1163/1/1216 1147/1/1196
f 1146/1/1197 1162/1/1217 1163/1/1216
s 32
f 1147/1/1199 1164/1/1218 1148/1/1198
f 1147/1/1199 1163/1/1219 1164/1/1218
f 1148/1/1198 1165/1/1220 1149/1/1200
f 1148/1/1198 1164/1/1218 1165/1/1220
s 33
f 1149/1/1202 1166/1/1221 1150/1/1201
f 1149/1/1202 1165/1/1222 1166/1/1221
f 1150/1/1201 1167/1/1223 1151/1/1203
f 1150/1/1201 1166/1/1221 1167/1/1223
f 1151/1/1203 1168/1/1224 1152/1/1204
f 1151/1/1203 1167/1/1223 1168/1/1224
s 34
f 1152/1/1206 1169/1/1225 1153/1/1205
f 1152/1/1206 1168/1/1226 1169/1/1225
s 35
f 1153/1/1 1170/1/1 1154/1/1
f 1153/1/1 1169/1/1 1170/1/1
s 36
f 1154/1/1208 1171/1/1227 1155/1/1207
f 1154/1/1208 1170/1/1228 1171/1/1227
s 37
f 1155/1/746 1172/1/746 1156/1/746
f 1155/1/746 1171/1/746 1172/1/746
s 38
f 1156/1/1210 1173/1/1229 1157/1/1209
f 1156/1/1210 1172/1/1230 1173/1/1229
s 30
f 1158/1/1212 1175/1/1231 1159/1/1211
f 1158/1/1212 1174/1/1232 1175/1/1231
f 1159/1/1211 1176/1/1233 1160/1/1213
f 1159/1/1211 1175/1/1231 1176/1/1233
f 1160/1/1213 1177/1/1234 1161/1/1214
f 1160/1/1213 1176/1/1233 1177/1/1234
f 1161/1/1214 1178/1/1235 1162/1/1215
f 1161/1/1214 1177/1/1234 1178/1/1235
s 31
f 1162/1/1217 1179/1/1236 1163/1/1216
f 1162/1/1217 1178/1/1237 1179/1/1236
s 32
f 1163/1/1219 1180/1/1238 1164/1/1218
f 1163/1/1219 1179/1/1239 1180/1/1238
f 1164/1/1218 1181/1/1240 1165/1/1220
f 1164/1/1218 1180/1/1238 1181/1/1240
s 33
f 1165/1/1222 1182/1/1241 1166/1/1221
f 1165/1/1222 1181/1/1242 1182/1/1241
f 1166/1/1221 1183/1/1243 1167/1/1223
f 1166/1/1221 1182/1/1241 1183/1/1243
f 1167/1/1223 1184/1/1244 1168/1/1224
f 1167/1/1223 1183/1/1243 1184/1/1244
s 34
f 1168/1/1226 1185/1/1245 1169/1/1225
f 1168/1/1226 1184/1/1246 1185/1/1245
s 35
f 1169/1/1 1186/1/1 1170/1/1
f 1169/1/1 1185/1/1 1186/1/1
s 36
f 1170/1/1228 1187/1/1247 1171/1/1227
f 1170/1/1228 1186/1/1248 1187/1/1247
s 37
f 1171/1/746 1188/1/746 1172/1/746
f 1171/1/746 1187/1/746 1188/1/746
s 38
f 1172/1/1230 1189/1/1249 1173/1/1229
f 1172/1/1230 1188/1/1250 1189/1/1249
s 30
f 1174/1/1232 1191/1/1251 1175/1/1231
f 1174/1/1232 1190/1/1252 1191/1/1251
f 1175/1/1231 1192/1/1253 1176/1/1233
f 1175/1/1231 1191/1/1251 1192/1/1253
f 1176/1/1233 1193/1/1254 1177/1/1234
f 1176/1/1233 1192/1/1253 1193/1/1254
f 1177/1/1234 1194/1/1255 1178/1/1235
f 1177/1/1234 1193/1/1254 1194/1/1255
s 31
f 1178/1/1237 1195/1/1256 1179/1/1236
f 1178/1/1237 1194/1/1257 1195/1/1256
s 32
f 1179/1/1239 1196/1/1258 1180/1/1238
f 1179/1/1239 1195/1/1259 1196/1/1258
f 1180/1/1238 1197/1/1260 1181/1/1240
f 1180/1/1238 1196/1/1258 1197/1/1260
s 33
f 1181/1/1242 1198/1/1261 1182/1/1241
f 1181/1/1242 1197/1/1262 1198/1/1261
f 1182/1/1241 1199/1/1263 1183/1/1243
f 1182/1/1241 1198/1/1261 1199/1/1263
f 1183/1/1243 1200/1/1264 1184/1/1244
f 1183/1/1243 1199/1/1263 1200/1/1264
s 34
f 1184/1/1246 1201/1/1265 1185/1/1245
f 1184/1/1246 1200/1/1266 1201/1/1265
s 35
f 1185/1/1 1202/1/1 1186/1/1
f 1185/1/1 1201/1/1 1202/1/1
s 36
f 1186/1/1248 1203/1/1267 1187/1/1247
f 1186/1/1248 1202/1/1268 1203/1/1267
s 37
f 1187/1/746 1204/1/746 1188/1/746
f 1187/1/746 1203/1/746 1204/1/746
s 38
f 1188/1/1250 1205/1/1269 1189/1/1249
f 1188/1/1250 1204/1/1270 1205/1/1269
s 30
f 1190/1/1252 1207/1/1271 1191/1/1251
f 1190/1/1252 1206/1/1272 1207/1/1271
f 1191/1/1251 1208/1/1273 1192/1/1253
f 1191/1/1251 1207/1/1271 1208/1/1273
f 1192/1/1253 1209/1/1274 1193/1/1254
f 1192/1/1253 1208/1/1273 1209/1/1274
f 1193/1/1254 1210/1/1275 1194/1/1255
f 1193/1/1254 1209/1/1274 1210/1/1275
s 31
f 1194/1/1257 1211/1/1276 1195/1/1256
f 1194/1/1257 1210/1/1277 1211/1/1276
s 32
f 1195/1/1259 1212/1/1278 1196/1/1258
f 1195/1/1259 1211/1/1279 1212/1/1278
f 1196/1/1258 1213/1/1280 1197/1/1260
f 1196/1/1258 1212/1/1278 1213/1/1280
s 33
f 1197/1/1262 1214/1/1281 1198/1/1261
f 1197/1/1262 1213/1/1282 1214/1/1281
f 1198/1/1261 1215/1/1283 1199/1/1263
f 1198/1/1261 1214/1/1281 1215/1/1283
f 1199/1/1263 1216/1/1284 1200/1/1264
f 1199/1/1263 1215/1/1283 1216/1/1284
s 34
f 1200/1/1266 1217/1/1285 1201/1/1265
f 1200/1/1266 1216/1/1286 1217/1/1285
s 35
f 1201/1/1 1218/1/1 1202/1/1
f 1201/1/1 1217/1/1 1218/1/1
s 36
f 1202/1/1268 1219/1/1287 1203/1/1267
f 1202/1/1268 1218/1/1288 1219/1/1287
s 37
f 1203/1/746 1220/1/746 1204/1/746
f 1203/1/746 1219/1/746 1220/1/746
s 38
f 1204/1/1270 1221/1/1289 1205/1/1269
f 1204/1/1270 1220/1/1290 1221/1/1289
s 30
f 1206/1/1272 1223/1/1291 1207/1/1271
f 1206/1/1272 1222/1/1292 1223/1/1291
f 1207/1/1271 1224/1/1293 1208/1/1273
f 1207/1/1271 1223/1/1291 1224/1/1293
f 1208/1/1273 1225/1/1294 1209/1/1274
f 1208/1/1273 1224/1/1293 1225/1/1294
f 1209/1/1274 1226/1/1295 1210/1/1275
f 1209/1/1274 1225/1/1294 1226/1/1295
s 31
f 1210/1/1277 1227/1/1296 1211/1/1276
f 1210/1/1277 1226/1/1297 1227/1/1296
s 32
f 1211/1/1279 1228/1/1298 1212/1/1278
f 1211/1/1279 1227/1/1299 1228/1/1298
f 1212/1/1278 1229/1/1300 1213/1/1280
f 1212/1/1278 1228/1/1298 1229/1/1300
s 33
f 1213/1/1282 1230/1/1301 1214/1/1281
f 1213/1/1282 1229/1/1302 1230/1/1301
f 1214/1/1281 1231/1/1303 1215/1/1283
f 1214/1/1281 1230/1/1301 1231/1/1303
f 1215/1/1283 1232/1/1304 1216/1/1284
f 1215/1/1283 1231/1/1303 1232/1/1304
s 34
f 1216/1/1286 1233/1/1305 1217/1/1285
f 1216/1/1286 1232/1/1306 1233/1/1305
s 35
f 1217/1/1 1234/1/1 1218/1/1
f 1217/1/1 1233/1/1 1234/1/1
s 36
f 1218/1/1288 1235/1/1307 1219/1/1287
f 1218/1/1288 1234/1/1308 1235/1/1307
s 37
f 1219/1/746 1236/1/746 1220/1/746
f 1219/1/746 1235/1/746 1236/1/746
s 38
f 1220/1/1290 1237/1/1309 1221/1/1289
f 1220/1/1290 1236/1/1310 1237/1/1309
s 30
f 1222/1/1292 1239/1/1311 1223/1/1291
f 1222/1/1292 1238/1/1312 1239/1/1311
f 1223/1/1291 1240/1/1313 1224/1/1293
f 1223/1/1291 1239/1/1311 1240/1/1313
f 1224/1/1293 1241/1/1314 1225/1/1294
f 1224/1/1293 1240/1/1313 1241/1/1314
f 1225/1/1294 1242/1/1315 1226/1/1295
f 1225/1/1294 1241/1/1314 1242/1/1315
s 31
f 1226/1/1297 1243/1/1316 1227/1/1296
f 1226/1/1297 1242/1/1317 1243/1/1316
s 32
f 1227/1/1299 1244/1/1318 1228/1/1298
f 1227/1/1299 1243/1/1319 1244/1/1318
f 1228/1/1298 1245/1/1320 1229/1/1300
f 1228/1/1298 1244/1/1318 1245/1/1320
s 33
f 1229/1/1302 1246/1/1321 1230/1/1301
f 1229/1/1302 1245/1/1322 1246/1/1321
f 1230/1/1301 1247/1/1323 1231/1/1303
f 1230/1/1301 1246/1/1321 1247/1/1323
f 1231/1/1303 1248/1/1324 1232/1/1304
f 1231/1/1303 1247/1/1323 1248/1/1324
s 34
f 1232/1/1306 1249/1/1325 1233/1/1305
f 1232/1/1306 1248/1/1326 1249/1/1325
s 35
f 1233/1/1 1250/1/1 1234/1/1
f 1233/1/1 1249/1/1 1250/1/1
s 36
f 1234/1/1308 1251/1/1327 1235/1/1307
f 1234/1/1308 1250/1/1328 1251/1/1327
s 37
f 1235/1/746 1252/1/746 1236/1/746
f 1235/1/746 1251/1/746 1252/1/746
s 38
f 1236/1/1310 1253/1/1329 1237/1/1309
f 1236/1/1310 1252/1/1330 1253/1/1329
s 30
f 1238/1/1312 1255/1/1331 1239/1/1311
f 1238/1/1312 1254/1/1332 1255/1/1331
f 1239/1/1311 1256/1/1333 1240/1/1313
f 1239/1/1311 1255/1/1331 1256/1/1333
f 1240/1/1313 1257/1/1334 1241/1/1314
f 1240/1/1313 1256/1/1333 1257/1/1334
f 1241/1/1314 1258/1/1335 1242/1/1315
f 1241/1/1314 1257/1/1334 1258/1/1335
s 31
f 1242/1/1317 1259/1/1336 1243/1/1316
f 1242/1/1317 1258/1/1337 1259/1/1336
s 32
f 1243/1/1319 1260/1/1338 1244/1/1318
f 1243/1/1319 1259/1/1339 1260/1/1338
f 1244/1/1318 1261/1/1340 1245/1/1320
f 1244/1/1318 1260/1/1338 1261/1/1340
s 33
f 1245/1/1322 1262/1/1341 1246/1/1321
f 1245/1/1322 1261/1/1342 1262/1/1341
f 1246/1/1321 1263/1/1343 1247/1/1323
f 1246/1/1321 1262/1/1341 1263/1/1343
f 1247/1/1323 1264/1/1344 1248/1/1324
f 1247/1/1323 1263/1/1343 1264/1/1344
s 34
f 1248/1/1326 1265/1/1345 1249/1/1325
f 1248/1/1326 1264/1/1346 1265/1/1345
s 35
f 1249/1/1 1266/1/1 1250/1/1
f 1249/1/1 1265/1/1 1266/1/1
s 36
f 1250/1/1328 1267/1/1347 1251/1/1327
f 1250/1/1328 1266/1/1348 1267/1/1347
s 37
f 1251/1/746 1268/1/746 1252/1/746
f 1251/1/746 1267/1/746 1268/1/746
s 38
f 1252/1/1330 1269/1/1349 1253/1/1329
f 1252/1/1330 1268/1/1350 1269/1/1349
s 30
f 1254/1/1332 1271/1/1351 1255/1/1331
f 1254/1/1332 1270/1/1352 1271/1/1351
f 1255/1/1331 1272/1/1353 1256/1/1333
f 1255/1/1331 1271/1/1351 1272/1/1353
f 1256/1/1333 1273/1/1354 1257/1/1334
f 1256/1/1333 1272/1/1353 1273/1/1354
f 1257/1/1334 1274/1/1355 1258/1/1335
f 1257/1/1334 1273/1/1354 1274/1/1355
s 31
f 1258/1/1337 1275/1/1356 1259/1/1336
f 1258/1/1337 1274/1/1357 1275/1/1356
s 32
f 1259/1/1339 1276/1/1358 1260/1/1338
f 1259/1/1339 1275/1/1359 1276/1/1358
f 1260/1/1338 1277/1/1360 1261/1/1340
f 1260/1/1338 1276/1/1358 1277/1/1360
s 33
f 1261/1/1342 1278/1/1361 1262/1/1341
f 1261/1/1342 1277/1/1362 1278/1/1361
f 1262/1/1341 1279/1/1363 1263/1/1343
f 1262/1/1341 1278/1/1361 1279/1/1363
f 1263/1/1343 1280/1/1364 1264/1/1344
f 1263/1/1343 1279/1/1363 1280/1/1364
s 34
f 1264/1/1346 1281/1/1365 1265/1/1345
f 1264/1/1346 1280/1/1366 1281/1/1365
s 35
f 1265/1/1 1282/1/1 1266/1/1
f 1265/1/1 1281/1/1 1282/1/1
s 36
f 1266/1/1348 1283/1/1367 1267/1/1347
f 1266/1/1348 1282/1/1368 1283/1/1367
s 37
f 1267/1/746 1284/1/746 1268/1/746
f 1267/1/746 1283/1/746 1284/1/746
s 38
f 1268/1/1350 1285/1/1369 1269/1/1349
f 1268/1/1350 1284/1/1370 1285/1/1369
s 30
f 1270/1/1352 1287/1/1371 1271/1/1351
f 1270/1/1352 1286/1/1372 1287/1/1371
f 1271/1/1351 1288/1/1373 1272/1/1353
f 1271/1/1351 1287/1/1371 1288/1/1373
f 1272/1/1353 1289/1/1374 1273/1/1354
f 1272/1/1353 1288/1/1373 1289/1/1374
f 1273/1/1354 1290/1/1375 1274/1/1355
f 1273/1/1354 1289/1/1374 1290/1/1375
s 31
f 1274/1/1357 1291/1/1376 1275/1/1356
f 1274/1/1357 1290/1/1377 1291/1/1376
s 32
f 1275/1/1359 1292/1/1378 1276/1/1358
f 1275/1/1359 1291/1/1379 1292/1/1378
f 1276/1/1358 1293/1/1380 1277/1/1360
f 1276/1/1358 1292/1/1378 1293/1/1380
s 33
f 1277/1/1362 1294/1/1381 1278/1/1361
f 1277/1/1362 1293/1/1382 1294/1/1381
f 1278/1/1361 1295/1/1383 1279/1/1363
f 1278/1/1361 1294/1/1381 1295/1/1383
f 1279/1/1363 1296/1/1384 1280/1/1364
f 1279/1/1363 1295/1/1383 1296/1/1384
s 34
f 1280/1/1366 1297/1/1385 1281/1/1365
f 1280/1/1366 1296/1/1386 1297/1/1385
s 35
f 1281/1/1 1298/1/1 1282/1/1
f 1281/1/1 1297/1/1 1298/1/1
s 36
f 1282/1/1368 1299/1/1387 1283/1/1367
f 1282/1/1368 1298/1/1388 1299/1/1387
s 37
f 1283/1/746 1300/1/746 1284/1/746
f 1283/1/746 1299/1/746 1300/1/746
s 38
f 1284/1/1370 1301/1/1389 1285/1/1369
f 1284/1/1370 1300/1/1390 1301/1/1389
s 30
f 1286/1/1372 1303/1/1391 1287/1/1371
f 1286/1/1372 1302/1/1392 1303/1/1391
f 1287/1/1371 1304/1/1393 1288/1/1373
f 1287/1/1371 1303/1/1391 1304/1/1393
f 1288/1/1373 1305/1/1394 1289/1/1374
f 1288/1/1373 1304/1/1393 1305/1/1394
f 1289/1/1374 1306/1/1395 1290/1/1375
f 1289/1/1374 1305/1/1394 1306/1/1395
s 31
f 1290/1/1377 1307/1/1396 1291/1/1376
f 1290/1/1377 1306/1/1397 1307/1/1396
s 32
f 1291/1/1379 1308/1/1398 1292/1/1378
f 1291/1/1379 1307/1/1399 1308/1/1398
f 1292/1/1378 1309/1/1400 1293/1/1380
f 1292/1/1378 1308/1/1398 1309/1/1400
s 33
f 1293/1/1382 1310/1/1401 1294/1/1381
f 1293/1/1382 1309/1/1402 1310/1/1401
f 1294/1/1381 1311/1/1403 1295/1/1383
f 1294/1/1381 1310/1/1401 1311/1/1403
f 1295/1/1383 1312/1/1404 1296/1/1384
f 1295/1/1383 1311/1/1403 1312/1/1404
s 34
f 1296/1/1386 1313/1/1405 1297/1/1385
f 1296/1/1386 1312/1/1406 1313/1/1405
s 35
f 1297/1/1 1314/1/1 1298/1/1
f 1297/1/1 1313/1/1 1314/1/1
s 36
f 1298/1/1388 1315/1/1407 1299/1/1387
f 1298/1/1388 1314/1/1408 1315/1/1407
s 37
f 1299/1/746 1316/1/746 1300/1/746
f 1299/1/746 1315/1/746 1316/1/746
s 38
f 1300/1/1390 1317/1/1409 1301/1/1389
f 1300/1/1390 1316/1/1410 1317/1/1409
s 30
f 1302/1/1392 1319/1/1411 1303/1/1391
f 1302/1/1392 1318/1/1412 1319/1/1411
f 1303/1/1391 1320/1/1413 1304/1/1393
f 1303/1/1391 1319/1/1411 1320/1/1413
f 1304/1/1393 1321/1/1414 1305/1/1394
f 1304/1/1393 1320/1/1413 1321/1/1414
f 1305/1/1394 1322/1/1415 1306/1/1395
f 1305/1/1394 1321/1/1414 1322/1/1415
s 31
f 1306/1/1397 1323/1/1416 1307/1/1396
f 1306/1/1397 1322/1/1417 1323/1/1416
s 32
f 1307/1/1399 1324/1/1418 1308/1/1398
f 1307/1/1399 1323/1/1419 1324/1/1418
f 1308/1/1398 1325/1/1420 1309/1/1400
f 1308/1/1398 1324/1/1418 1325/1/1420
s 33
f 1309/1/1402 1326/1/1421 1310/1/1401
f 1309/1/1402 1325/1/1422 1326/1/1421
f 1310/1/1401 1327/1/1423 1311/1/1403
f 1310/1/1401 1326/1/1421 1327/1/1423
f 1311/1/1403 1328/1/1424 1312/1/1404
f 1311/1/1403 1327/1/1423 1328/1/1424
s 34
f 1312/1/1406 1329/1/1425 1313/1/1405
f 1312/1/1406 1328/1/1426 1329/1/1425
s 35
f 1313/1/1 1330/1/1 1314/1/1
f 1313/1/1 1329/1/1 1330/1/1
s 36
f 1314/1/1408 1331/1/1427 1315/1/1407
f 1314/1/1408 1330/1/1428 1331/1/1427
s 37
f 1315/1/746 1332/1/746 1316/1/746
f 1315/1/746 1331/1/746 1332/1/746
s 38
f 1316/1/1410 1333/1/1429 1317/1/1409
f 1316/1/1410 1332/1/1430 1333/1/1429
s 30
f 1318/1/1412 1335/1/1431 1319/1/1411
f 1318/1/1412 1334/1/1432 1335/1/1431
f 1319/1/1411 1336/1/1433 1320/1/1413
f 1319/1/1411 1335/1/1431 1336/1/1433
f 1320/1/1413 1337/1/1434 1321/1/1414
f 1320/1/1413 1336/1/1433 1337/1/1434
f 1321/1/1414 1338/1/1435 1322/1/1415
f 1321/1/1414 1337/1/1434 1338/1/1435
s 31
f 1322/1/1417 1339/1/1436 1323/1/1416
f 1322/1/1417 1338/1/1437 1339/1/1436
s 32
f 1323/1/1419 1340/1/1438 1324/1/1418
f 1323/1/1419 1339/1/1439 1340/1/1438
f 1324/1/1418 1341/1/1440 1325/1/1420
f 1324/1/1418 1340/1/1438 1341/1/1440
s 33
f 1325/1/1422 1342/1/1441 1326/1/1421
f 1325/1/1422 1341/1/1442 1342/1/1441
f 1326/1/1421 1343/1/1443 1327/1/1423
f 1326/1/1421 1342/1/1441 1343/1/1443
f 1327/1/1423 1344/1/1444 1328/1/1424
f 1327/1/1423 1343/1/1443 1344/1/1444
s 34
f 1328/1/1426 1345/1/1445 1329/1/1425
f 1328/1/1426 1344/1/1446 1345/1/1445
s 35
f 1329/1/1 1346/1/1 1330/1/1
f 1329/1/1 1345/1/1 1346/1/1
s 36
f 1330/1/1428 1347/1/1447 1331/1/1427
f 1330/1/1428 1346/1/1448 1347/1/1447
s 37
f 1331/1/746 1348/1/746 1332/1/746
f 1331/1/746 1347/1/746 1348/1/746
s 38
f 1332/1/1430 1349/1/1449 1333/1/1429
f 1332/1/1430 1348/1/1450 1349/1/1449
s 30
f 1334/1/1432 1351/1/1451 1335/1/1431
f 1334/1/1432 1350/1/1452 1351/1/1451
f 1335/1/1431 1352/1/1453 1336/1/1433
f 1335/1/1431 1351/1/1451 1352/1/1453
f 1336/1/1433 1353/1/1454 1337/1/1434
f 1336/1/1433 1352/1/1453 1353/1/1454
f 1337/1/1434 1354/1/1455 1338/1/1435
f 1337/1/1434 1353/1/1454 1354/1/1455
s 31
f 1338/1/1437 1355/1/1456 1339/1/1436
f 1338/1/1437 1354/1/1457 1355/1/1456
s 32
f 1339/1/1439 1356/1/1458 1340/1/1438
f 1339/1/1439 1355/1/1459 1356/1/1458
f 1340/1/1438 1357/1/1460 1341/1/1440
f 1340/1/1438 1356/1/1458 1357/1/1460
s 33
f 1341/1/1442 1358/1/1461 1342/1/1441
f 1341/1/1442 1357/1/1462 1358/1/1461
f 1342/1/1441 1359/1/1463 1343/1/1443
f 1342/1/1441 1358/1/1461 1359/1/1463
f 1343/1/1443 1360/1/1464 1344/1/1444
f 1343/1/1443 1359/1/1463 1360/1/1464
s 34
f 1344/1/1446 1361/1/1465 1345/1/1445
f 1344/1/1446 1360/1/1466 1361/1/1465
s 35
f 1345/1/1 1362/1/1 1346/1/1
f 1345/1/1 1361/1/1 1362/1/1
s 36
f 1346/1/1448 1363/1/1467 1347/1/1447
f 1346/1/1448 1362/1/1468 1363/1/1467
s 37
f 1347/1/746 1364/1/746 1348/1/746
f 1347/1/746 1363/1/746 1364/1/746
s 38
f 1348/1/1450 1365/1/1469 1349/1/1449
f 1348/1/1450 1364/1/1470 1365/1/1469
s 30
f 1350/1/1452 1367/1/1471 1351/1/1451
f 1350/1/1452 1366/1/1472 1367/1/1471
f 1351/1/1451 1368/1/1473 1352/1/1453
f 1351/1/1451 1367/1/1471 1368/1/1473
f 1352/1/1453 1369/1/1474 1353/1/1454
f 1352/1/1453 1368/1/1473 1369/1/1474
f 1353/1/1454 1370/1/1475 1354/1/1455
f 1353/1/1454 1369/1/1474 1370/1/1475
s 31
f 1354/1/1457 1371/1/1476 1355/1/1456
f 1354/1/1457 1370/1/1477 1371/1/1476
s 32
f 1355/1/1459 1372/1/1478 1356/1/1458
f 1355/1/1459 1371/1/1479 1372/1/1478
f 1356/1/1458 1373/1/1480 1357/1/1460
f 1356/1/1458 1372/1/1478 1373/1/1480
s 33
f 1357/1/1462 1374/1/1481 1358/1/1461
f 1357/1/1462 1373/1/1482 1374/1/1481
f 1358/1/1461 1375/1/1483 1359/1/1463
f 1358/1/1461 1374/1/1481 1375/1/1483
f 1359/1/1463 1376/1/1484 1360/1/1464
f 1359/1/1463 1375/1/1483 1376/1/1484
s 34
f 1360/1/1466 1377/1/1485 1361/1/1465
f 1360/1/1466 1376/1/1486 1377/1/1485
s 35
f 1361/1/1 1378/1/1 1362/1/1
f 1361/1/1 1377/1/1 1378/1/1
s 36
f 1362/1/1468 1379/1/1487 1363/1/1467
f 1362/1/1468 1378/1/1488 1379/1/1487
s 37
f 1363/1/746 1380/1/746 1364/1/746
f 1363/1/746 1379/1/746 1380/1/746
s 38
f 1364/1/1470 1381/1/1489 1365/1/1469
f 1364/1/1470 1380/1/1490 1381/1/1489
s 30
f 1366/1/1472 1383/1/1491 1367/1/1471
f 1366/1/1472 1382/1/1492 1383/1/1491
f 1367/1/1471 1384/1/1493 1368/1/1473
f 1367/1/1471 1383/1/1491 1384/1/1493
f 1368/1/1473 1385/1/1494 1369/1/1474
f 1368/1/1473 1384/1/1493 1385/1/1494
f 1369/1/1474 1386/1/1495 1370/1/1475
f 1369/1/1474 1385/1/1494 1386/1/1495
s 31
f 1370/1/1477 1387/1/1496 1371/1/1476
f 1370/1/1477 1386/1/1497 1387/1/1496
s 32
f 1371/1/1479 1388/1/1498 1372/1/1478
f 1371/1/1479 1387/1/1499 1388/1/1498
f 1372/1/1478 1389/1/1500 1373/1/1480
f 1372/1/1478 1388/1/1498 1389/1/1500
s 33
f 1373/1/1482 1390/1/1501 1374/1/1481
f 1373/1/1482 1389/1/1502 1390/1/1501
f 1374/1/1481 1391/1/1503 1375/1/1483
f 1374/1/1481 1390/1/1501 1391/1/1503
f 1375/1/1483 1392/1/1504 1376/1/1484
f 1375/1/1483 1391/1/1503 1392/1/1504
s 34
f 1376/1/1486 1393/1/1505 1377/1/1485
f 1376/1/1486 1392/1/1506 1393/1/1505
s 35
f 1377/1/1 1394/1/1 1378/1/1
f 1377/1/1 1393/1/1 1394/1/1
s 36
f 1378/1/1488 1395/1/1507 1379/1/1487
f 1378/1/1488 1394/1/1508 1395/1/1507
s 37
f 1379/1/746 1396/1/746 1380/1/746
f 1379/1/746 1395/1/746 1396/1/746
s 38
f 1380/1/1490 1397/1/1509 1381/1/1489
f 1380/1/1490 1396/1/1510 1397/1/1509
s 30
f 1382/1/1492 1399/1/1511 1383/1/1491
f 1382/1/1492 1398/1/1512 1399/1/1511
f 1383/1/1491 1400/1/1513 1384/1/1493
f 1383/1/1491 1399/1/1511 1400/1/1513
f 1384/1/1493 1401/1/1514 1385/1/1494
f 1384/1/1493 1400/1/1513 1401/1/1514
f 1385/1/1494 1402/1/1515 1386/1/1495
f 1385/1/1494 1401/1/1514 1402/1/1515
s 31
f 1386/1/1497 1403/1/1516 1387/1/1496
f 1386/1/1497 1402/1/1517 1403/1/1516
s 32
f 1387/1/1499 1404/1/1518 1388/1/1498
f 1387/1/1499 1403/1/1519 1404/1/1518
f 1388/1/1498 1405/1/1520 1389/1/1500
f 1388/1/1498 1404/1/1518 1405/1/1520
s 33
f 1389/1/1502 1406/1/1521 1390/1/1501
f 1389/1/1502 1405/1/1522 1406/1/1521
f 1390/1/1501 1407/1/1523 1391/1/1503
f 1390/1/1501 1406/1/1521 1407/1/1523
f 1391/1/1503 1408/1/1524 1392/1/1504
f 1391/1/1503 1407/1/1523 1408/1/1524
s 34
f 1392/1/1506 1409/1/1525 1393/1/1505
f 1392/1/1506 1408/1/1526 1409/1/1525
s 35
f 1393/1/1 1410/1/1 1394/1/1
f 1393/1/1 1409/1/1 1410/1/1
s 36
f 1394/1/1508 1411/1/1527 1395/1/1507
f 1394/1/1508 1410/1/1528 1411/1/1527
s 37
f 1395/1/746 1412/1/746 1396/1/746
f 1395/1/746 1411/1/746 1412/1/746
s 38
f 1396/1/1510 1413/1/1529 1397/1/1509
f 1396/1/1510 1412/1/1530 1413/1/1529
s 39
f 1397/1/746 1413/1/746 1414/1/746
s 30
f 1398/1/1512 1416/1/1531 1399/1/1511
f 1398/1/1512 1415/1/1532 1416/1/1531
f 1399/1/1511 1417/1/1533 1400/1/1513
f 1399/1/1511 1416/1/1531 1417/1/1533
f 1400/1/1513 1418/1/1534 1401/1/1514
f 1400/1/1513 1417/1/1533 1418/1/1534
f 1401/1/1514 1419/1/1535 1402/1/1515
f 1401/1/1514 1418/1/1534 1419/1/1535
s 31
f 1402/1/1517 1420/1/1536 1403/1/1516
f 1402/1/1517 1419/1/1537 1420/1/1536
s 32
f 1403/1/1519 1421/1/1538 1404/1/1518
f 1403/1/1519 1420/1/1539 1421/1/1538
f 1404/1/1518 1422/1/1540 1405/1/1520
f 1404/1/1518 1421/1/1538 1422/1/1540
s 33
f 1405/1/1522 1423/1/1541 1406/1/1521
f 1405/1/1522 1422/1/1542 1423/1/1541
f 1406/1/1521 1424/1/1543 1407/1/1523
f 1406/1/1521 1423/1/1541 1424/1/1543
f 1407/1/1523 1425/1/1544 1408/1/1524
f 1407/1/1523 1424/1/1543 1425/1/1544
s 34
f 1408/1/1526 1426/1/1545 1409/1/1525
f 1408/1/1526 1425/1/1546 1426/1/1545
s 35
f 1409/1/1 1427/1/1 1410/1/1
f 1409/1/1 1426/1/1 1427/1/1
s 36
f 1410/1/1528 1428/1/1547 1411/1/1527
f 1410/1/1528 1427/1/1548 1428/1/1547
s 37
f 1411/1/746 1429/1/746 1412/1/746
f 1411/1/746 1428/1/746 1429/1/746
s 38
f 1412/1/1530 1430/1/1549 1413/1/1529
f 1412/1/1530 1429/1/1550 1430/1/1549
s 39
f 1413/1/746 1431/1/746 1414/1/746
f 1413/1/746 1430/1/746 1431/1/746
s 30
f 1415/1/1532 1433/1/1551 1416/1/1531
f 1415/1/1532 1432/1/1552 1433/1/1551
f 1416/1/1531 1434/1/1553 1417/1/1533
f 1416/1/1531 1433/1/1551 1434/1/1553
f 1417/1/1533 1435/1/1554 1418/1/1534
f 1417/1/1533 1434/1/1553 1435/1/1554
f 1418/1/1534 1436/1/1555 1419/1/1535
f 1418/1/1534 1435/1/1554 1436/1/1555
s 31
f 1419/1/1537 1437/1/1556 1420/1/1536
f 1419/1/1537 1436/1/1557 1437/1/1556
s 32
f 1420/1/1539 1438/1/1558 1421/1/1538
f 1420/1/1539 1437/1/1559 1438/1/1558
f 1421/1/1538 1439/1/1560 1422/1/1540
f 1421/1/1538 1438/1/1558 1439/1/1560
s 33
f 1422/1/1542 1440/1/1561 1423/1/1541
f 1422/1/1542 1439/1/1562 1440/1/1561
f 1423/1/1541 1441/1/1563 1424/1/1543
f 1423/1/1541 1440/1/1561 1441/1/1563
f 1424/1/1543 1442/1/1564 1425/1/1544
f 1424/1/1543 1441/1/1563 1442/1/1564
s 34
f 1425/1/1546 1443/1/1565 1426/1/1545
f 1425/1/1546 1442/1/1566 1443/1/1565
s 35
f 1426/1/1 1444/1/1 1427/1/1
f 1426/1/1 1443/1/1 1444/1/1
s 36
f 1427/1/1548 1445/1/1567 1428/1/1547
f 1427/1/1548 1444/1/1568 1445/1/1567
s 37
f 1428/1/746 1446/1/746 1429/1/746
f 1428/1/746 1445/1/746 1446/1/746
s 38
f 1429/1/1550 1447/1/1569 1430/1/1549
f 1429/1/1550 1446/1/1570 1447/1/1569
s 39
f 1430/1/746 1448/1/746 1431/1/746
f 1430/1/746 1447/1/746 1448/1/746
s 30
f 1432/1/1552 1450/1/1571 1433/1/1551
f 1432/1/1552 1449/1/1572 1450/1/1571
f 1433/1/1551 1451/1/1573 1434/1/1553
f 1433/1/1551 1450/1/1571 1451/1/1573
f 1434/1/1553 1452/1/1574 1435/1/1554
f 1434/1/1553 1451/1/1573 1452/1/1574
f 1435/1/1554 1453/1/1575 1436/1/1555
f 1435/1/1554 1452/1/1574 1453/1/1575
s 31
f 1436/1/1557 1454/1/1576 1437/1/1556
f 1436/1/1557 1453/1/1577 1454/1/1576
s 32
f 1437/1/1559 1455/1/1578 1438/1/1558
f 1437/1/1559 1454/1/1579 1455/1/1578
f 1438/1/1558 1456/1/1580 1439/1/1560
f 1438/1/1558 1455/1/1578 1456/1/1580
s 33
f 1439/1/1562 1457/1/1581 1440/1/1561
f 1439/1/1562 1456/1/1582 1457/1/1581
f 1440/1/1561 1458/1/1583 1441/1/1563
f 1440/1/1561 1457/1/1581 1458/1/1583
f 1441/1/1563 1459/1/1584 1442/1/1564
f 1441/1/1563 1458/1/1583 1459/1/1584
s 34
f 1442/1/1566 1460/1/1585 1443/1/1565
f 1442/1/1566 1459/1/1586 1460/1/1585
s 35
f 1443/1/1 1461/1/1 1444/1/1
f 1443/1/1 1460/1/1 1461/1/1
s 36
f 1444/1/1568 1462/1/1587 1445/1/1567
f 1444/1/1568 1461/1/1588 1462/1/1587
s 37
f 1445/1/746 1463/1/746 1446/1/746
f 1445/1/746 1462/1/746 1463/1/746
s 38
f 1446/1/1570 1464/1/1589 1447/1/1569
f 1446/1/1570 1463/1/1590 1464/1/1589
s 39
f 1447/1/746 1465/1/746 1448/1/746
f 1447/1/746 1464/1/746 1465/1/746
s 40
f 1448/1/1591 1465/1/1593 1466/1/1592
s 30
f 1449/1/1572 1468/1/1594 1450/1/1571
f 1449/1/1572 1467/1/1595 1468/1/1594
f 1450/1/1571 1469/1/1596 1451/1/1573
f 1450/1/1571 1468/1/1594 1469/1/1596
f 1451/1/1573 1470/1/1597 1452/1/1574
f 1451/1/1573 1469/1/1596 1470/1/1597
f 1452/1/1574 1471/1/1598 1453/1/1575
f 1452/1/1574 1470/1/1597 1471/1/1598
s 31
f 1453/1/1577 1472/1/1599 1454/1/1576
f 1453/1/1577 1471/1/1600 1472/1/1599
s 32
f 1454/1/1579 1473/1/1601 1455/1/1578
f 1454/1/1579 1472/1/1602 1473/1/1601
f 1455/1/1578 1474/1/1603 1456/1/1580
f 1455/1/1578 1473/1/1601 1474/1/1603
s 33
f 1456/1/1582 1475/1/1604 1457/1/1581
f 1456/1/1582 1474/1/1605 1475/1/1604
f 1457/1/1581 1476/1/1606 1458/1/1583
f 1457/1/1581 1475/1/1604 1476/1/1606
f 1458/1/1583 1477/1/1607 1459/1/1584
f 1458/1/1583 1476/1/1606 1477/1/1607
s 34
f 1459/1/1586 1478/1/1608 1460/1/1585
f 1459/1/1586 1477/1/1609 1478/1/1608
s 35
f 1460/1/1 1479/1/1 1461/1/1
f 1460/1/1 1478/1/1 1479/1/1
s 36
f 1461/1/1588 1480/1/1610 1462/1/1587
f 1461/1/1588 1479/1/1611 1480/1/1610
s 37
f 1462/1/746 1481/1/746 1463/1/746
f 1462/1/746 1480/1/746 1481/1/746
s 38
f 1463/1/1590 1482/1/1612 1464/1/1589
f 1463/1/1590 1481/1/1613 1482/1/1612
s 39
f 1464/1/746 1483/1/746 1465/1/746
f 1464/1/746 1482/1/746 1483/1/746
s 40
f 1465/1/1593 1484/1/1614 1466/1/1592
f 1465/1/1593 1483/1/1615 1484/1/1614
s 30
f 1467/1/1595 1486/1/1616 1468/1/1594
f 1467/1/1595 1485/1/1617 1486/1/1616
f 1468/1/1594 1487/1/1618 1469/1/1596
f 1468/1/1594 1486/1/1616 1487/1/1618
f 1469/1/1596 1488/1/1619 1470/1/1597
f 1469/1/1596 1487/1/1618 1488/1/1619
f 1470/1/1597 1489/1/1620 1471/1/1598
f 1470/1/1597 1488/1/1619 1489/1/1620
s 31
f 1471/1/1600 1490/1/1621 1472/1/1599
f 1471/1/1600 1489/1/1622 1490/1/1621
s 32
f 1472/1/1602 1491/1/1623 1473/1/1601
f 1472/1/1602 1490/1/1624 1491/1/1623
f 1473/1/1601 1492/1/1625 1474/1/1603
f 1473/1/1601 1491/1/1623 1492/1/1625
s 33
f 1474/1/1605 1493/1/1626 1475/1/1604
f 1474/1/1605 1492/1/1627 1493/1/1626
f 1475/1/1604 1494/1/1628 1476/1/1606
f 1475/1/1604 1493/1/1626 1494/1/1628
f 1476/1/1606 1495/1/1629 1477/1/1607
f 1476/1/1606 1494/1/1628 1495/1/1629
s 34
f 1477/1/1609 1496/1/1630 1478/1/1608
f 1477/1/1609 1495/1/1631 1496/1/1630
s 35
f 1478/1/1 1497/1/1 1479/1/1
f 1478/1/1 1496/1/1 1497/1/1
s 36
f 1479/1/1611 1498/1/1632 1480/1/1610
f 1479/1/1611 1497/1/1633 1498/1/1632
s 37
f 1480/1/746 1499/1/746 1481/1/746
f 1480/1/746 1498/1/746 1499/1/746
s 38
f 1481/1/1613 1500/1/1634 1482/1/1612
f 1481/1/1613 1499/1/1635 1500/1/1634
s 39
f 1482/1/746 1501/1/746 1483/1/746
f 1482/1/746 1500/1/746 1501/1/746
s 40
f 1483/1/1615 1502/1/1636 1484/1/1614
f 1483/1/1615 1501/1/1637 1502/1/1636
s 30
f 1485/1/1617 751/1/711 1486/1/1616
f 1485/1/1617 750/1/710 751/1/711
f 1486/1/1616 752/1/714 1487/1/1618
f 1486/1/1616 751/1/711 752/1/714
f 1487/1/1618 753/1/716 1488/1/1619
f 1487/1/1618 752/1/714 753/1/716
f 1488/1/1619 754/1/718 1489/1/1620
f 1488/1/1619 753/1/716 754/1/718
s 31
f 1489/1/1622 755/1/721 1490/1/1621
f 1489/1/1622 754/1/720 755/1/721
s 32
f 1490/1/1624 756/1/725 1491/1/1623
f 1490/1/1624 755/1/724 756/1/725
f 1491/1/1623 757/1/728 1492/1/1625
f 1491/1/1623 756/1/725 757/1/728
s 33
f 1492/1/1627 758/1/731 1493/1/1626
f 1492/1/1627 757/1/730 758/1/731
f 1493/1/1626 759/1/734 1494/1/1628
f 1493/1/1626 758/1/731 759/1/734
f 1494/1/1628 760/1/736 1495/1/1629
f 1494/1/1628 759/1/734 760/1/736
s 34
f 1495/1/1631 761/1/739 1496/1/1630
f 1495/1/1631 760/1/738 761/1/739
s 35
f 1496/1/1 762/1/1 1497/1/1
f 1496/1/1 761/1/1 762/1/1
s 36
f 1497/1/1633 763/1/743 1498/1/1632
f 1497/1/1633 762/1/742 763/1/743
s 37
f 1498/1/746 764/1/746 1499/1/746
f 1498/1/746 763/1/746 764/1/746
s 38
f 1499/1/1635 765/1/748 1500/1/1634
f 1499/1/1635 764/1/747 765/1/748
s 39
f 1500/1/746 766/1/746 1501/1/746
f 1500/1/746 765/1/746 766/1/746
s 40
f 1501/1/1637 767/1/752 1502/1/1636
f 1501/1/1637 766/1/751 767/1/752
s 41
g VWBeetle.004_tube
usemtl tube
f 1503/1/1638 1511/1/1640 1512/1/1639
f 1503/1/1638 1512/1/1639 1504/1/1641
f 1504/1/1641 1512/1/1639 1513/1/1642
f 1504/1/1641 1513/1/1642 1505/1/1643
f 1505/1/1643 1513/1/1642 1514/1/1644
f 1505/1/1643 1514/1/1644 1506/1/1645
f 1506/1/1645 1514/1/1644 1515/1/1646
f 1506/1/1645 1515/1/1646 1507/1/1647
f 1507/1/1647 1515/1/1646 1516/1/1648
f 1507/1/1647 1516/1/1648 1508/1/1649
f 1508/1/1649 1516/1/1648 1517/1/1650
f 1508/1/1649 1517/1/1650 1509/1/1651
f 1509/1/1651 1517/1/1650 1518/1/1652
f 1509/1/1651 1518/1/1652 1510/1/1653
f 1510/1/1653 1518/1/1652 1511/1/1640
f 1510/1/1653 1511/1/1640 1503/1/1638
f 1511/1/1640 1519/1/1655 1520/1/1654
f 1511/1/1640 1520/1/1654 1512/1/1639
f 1512/1/1639 1520/1/1654 1521/1/1656
f 1512/1/1639 1521/1/1656 1513/1/1642
f 1513/1/1642 1521/1/1656 1522/1/1657
f 1513/1/1642 1522/1/1657 1514/1/1644
f 1514/1/1644 1522/1/1657 1523/1/1658
f 1514/1/1644 1523/1/1658 1515/1/1646
f 1515/1/1646 1523/1/1658 1524/1/1659
f 1515/1/1646 1524/1/1659 1516/1/1648
f 1516/1/1648 1524/1/1659 1525/1/1660
f 1516/1/1648 1525/1/1660 1517/1/1650
f 1517/1/1650 1525/1/1660 1526/1/1661
f 1517/1/1650 1526/1/1661 1518/1/1652
f 1518/1/1652 1526/1/1661 1519/1/1655
f 1518/1/1652 1519/1/1655 1511/1/1640
f 1519/1/1655 1527/1/1663 1528/1/1662
f 1519/1/1655 1528/1/1662 1520/1/1654
f 1520/1/1654 1528/1/1662 1529/1/1664
f 1520/1/1654 1529/1/1664 1521/1/1656
f 1521/1/1656 1529/1/1664 1530/1/1665
f 1521/1/1656 1530/1/1665 1522/1/1657
f 1522/1/1657 1530/1/1665 1531/1/1666
f 1522/1/1657 1531/1/1666 1523/1/1658
f 1523/1/1658 1531/1/1666 1532/1/1667
f 1523/1/1658 1532/1/1667 1524/1/1659
f 1524/1/1659 1532/1/1667 1533/1/1668
f 1524/1/1659 1533/1/1668 1525/1/1660
f 1525/1/1660 1533/1/1668 1534/1/1669
f 1525/1/1660 1534/1/1669 1526/1/1661
f 1526/1/1661 1534/1/1669 1527/1/1663
f 1526/1/1661 1527/1/1663 1519/1/1655
f 1527/1/1663 1535/1/1671 1536/1/1670
f 1527/1/1663 1536/1/1670 1528/1/1662
f 1528/1/1662 1536/1/1670 1537/1/1672
f 1528/1/1662 1537/1/1672 1529/1/1664
f 1529/1/1664 1537/1/1672 1538/1/1673
f 1529/1/1664 1538/1/1673 1530/1/1665
f 1530/1/1665 1538/1/1673 1539/1/1674
f 1530/1/1665 1539/1/1674 1531/1/1666
f 1531/1/1666 1539/1/1674 1540/1/1675
f 1531/1/1666 1540/1/1675 1532/1/1667
f 1532/1/1667 1540/1/1675 1541/1/1676
f 1532/1/1667 1541/1/1676 1533/1/1668
f 1533/1/1668 1541/1/1676 1542/1/1677
f 1533/1/1668 1542/1/1677 1534/1/1669
f 1534/1/1669 1542/1/1677 1535/1/1671
f 1534/1/1669 1535/1/1671 1527/1/1663
f 1535/1/1671 1543/1/1679 1544/1/1678
f 1535/1/1671 1544/1/1678 1536/1/1670
f 1536/1/1670 1544/1/1678 1545/1/1680
f 1536/1/1670 1545/1/1680 1537/1/1672
f 1537/1/1672 1545/1/1680 1546/1/1681
f 1537/1/1672 1546/1/1681 1538/1/1673
f 1538/1/1673 1546/1/1681 1547/1/1682
f 1538/1/1673 1547/1/1682 1539/1/1674
f 1539/1/1674 1547/1/1682 1548/1/1683
f 1539/1/1674 1548/1/1683 1540/1/1675
f 1540/1/1675 1548/1/1683 1549/1/1684
f 1540/1/1675 1549/1/1684 1541/1/1676
f 1541/1/1676 1549/1/1684 1550/1/1685
f 1541/1/1676 1550/1/1685 1542/1/1677
f 1542/1/1677 1550/1/1685 1543/1/1679
f 1542/1/1677 1543/1/1679 1535/1/1671
s 42
f 1551/1/627 1544/1/627 1543/1/627
f 1551/1/627 1545/1/627 1544/1/627
f 1551/1/627 1546/1/627 1545/1/627
f 1551/1/627 1547/1/627 1546/1/627
f 1551/1/627 1548/1/627 1547/1/627
f 1551/1/627 1549/1/627 1548/1/627
f 1551/1/627 1550/1/627 1549/1/627
f 1551/1/627 1543/1/627 1550/1/627
s 41
f 1504/1/1641 1553/1/1686 1503/1/1638
f 1553/1/1686 1504/1/1641 1552/1/1687
f 1505/1/1643 1552/1/1687 1504/1/1641
f 1552/1/1687 1505/1/1643 1554/1/1688
f 1506/1/1645 1554/1/1688 1505/1/1643
f 1554/1/1688 1506/1/1645 1555/1/1689
f 1507/1/1647 1555/1/1689 1506/1/1645
f 1555/1/1689 1507/1/1647 1556/1/1690
f 1508/1/1649 1556/1/1690 1507/1/1647
f 1556/1/1690 1508/1/1649 1557/1/1691
f 1509/1/1651 1557/1/1691 1508/1/1649
f 1557/1/1691 1509/1/1651 1558/1/1692
f 1510/1/1653 1558/1/1692 1509/1/1651
f 1558/1/1692 1510/1/1653 1559/1/1693
f 1503/1/1638 1559/1/1693 1510/1/1653
f 1559/1/1693 1503/1/1638 1553/1/1686
s 43
g VWBeetle.004_black1
usemtl black1
f 1560/1/1694 1570/1/1696 1571/1/1695
f 1560/1/1694 1571/1/1695 1561/1/1697
f 1561/1/1697 1571/1/1695 1572/1/1698
f 1561/1/1697 1572/1/1698 1562/1/1699
f 1562/1/1699 1572/1/1698 1573/1/1700
f 1562/1/1699 1573/1/1700 1563/1/1701
f 1563/1/1701 1573/1/1700 1574/1/1702
f 1563/1/1701 1574/1/1702 1564/1/1703
f 1564/1/1703 1574/1/1702 1575/1/1704
f 1564/1/1703 1575/1/1704 1565/1/1705
f 1565/1/1705 1575/1/1704 1576/1/1706
f 1565/1/1705 1576/1/1706 1566/1/1707
f 1566/1/1707 1576/1/1706 1577/1/1708
f 1566/1/1707 1577/1/1708 1567/1/1709
f 1567/1/1709 1577/1/1708 1578/1/1710
f 1567/1/1709 1578/1/1710 1568/1/1711
f 1568/1/1711 1578/1/1710 1579/1/1712
f 1568/1/1711 1579/1/1712 1569/1/1713
f 1569/1/1713 1579/1/1712 1570/1/1696
f 1569/1/1713 1570/1/1696 1560/1/1694
s 44
f 1580/1/1 1571/1/1 1570/1/1
f 1580/1/1 1572/1/1 1571/1/1
f 1580/1/1 1573/1/1 1572/1/1
f 1580/1/1 1574/1/1 1573/1/1
f 1580/1/1 1575/1/1 1574/1/1
f 1580/1/1 1576/1/1 1575/1/1
f 1580/1/1 1577/1/1 1576/1/1
f 1580/1/1 1578/1/1 1577/1/1
f 1580/1/1 1579/1/1 1578/1/1
f 1580/1/1 1570/1/1 1579/1/1
