# Blender 5.0.1
# www.blender.org
mtllib cochellantadelanteder.mtl
g VWBeetle.003_Mesh
v 0.167523 1.427818 0.011231
v 0.191461 1.740486 0.013838
v 0.180208 1.812308 0.014597
v 0.127803 1.891219 0.015814
v 0.020204 1.954330 0.017415
v -0.156629 1.978752 0.019328
v -0.333161 1.952069 0.020774
v -0.442722 1.891037 0.021268
v -0.498225 1.816586 0.021123
v -0.512583 1.749650 0.020653
v -0.501376 1.419921 0.017556
v 0.165868 1.416295 -0.178234
v 0.189426 1.726319 -0.219126
v 0.178085 1.797532 -0.228387
v 0.125583 1.875769 -0.238243
v 0.017906 1.938334 -0.245606
v -0.158959 1.962532 -0.247387
v -0.335461 1.936058 -0.242515
v -0.444950 1.875531 -0.233702
v -0.500363 1.801705 -0.223571
v -0.514640 1.735334 -0.214744
v -0.503031 1.408399 -0.171909
v 0.164555 1.378518 -0.364255
v 0.187811 1.679868 -0.447854
v 0.176401 1.749083 -0.466952
v 0.123823 1.825112 -0.487683
v 0.016084 1.885890 -0.503848
v -0.160807 1.909351 -0.509252
v -0.337286 1.883560 -0.501017
v -0.446717 1.824692 -0.484037
v -0.502059 1.752916 -0.463817
v -0.516271 1.688398 -0.445861
v -0.504344 1.370621 -0.357930
v 0.163610 1.315220 -0.543211
v 0.186649 1.602037 -0.667896
v 0.175189 1.667905 -0.696458
v 0.122556 1.740235 -0.727647
v 0.014772 1.798018 -0.752280
v -0.162137 1.820246 -0.761170
v -0.338599 1.795599 -0.749700
v -0.447988 1.739510 -0.724864
v -0.503279 1.671166 -0.694937
v -0.517445 1.609755 -0.668201
v -0.505289 1.307323 -0.536886
v 0.163052 1.227634 -0.711617
v 0.185963 1.494343 -0.874967
v 0.174473 1.555579 -0.912436
v 0.121807 1.622789 -0.953468
v 0.013997 1.676427 -0.986069
v -0.162923 1.696949 -0.998241
v -0.339375 1.673886 -0.983726
v -0.448740 1.621642 -0.951496
v -0.504000 1.558049 -0.912436
v -0.518138 1.500935 -0.877435
v -0.505847 1.219737 -0.705293
v 0.162891 1.117464 -0.866199
v 0.185765 1.358880 -1.065037
v 0.174267 1.414289 -1.110680
v 0.121591 1.475060 -1.160749
v 0.013773 1.523486 -1.200663
v -0.163150 1.541861 -1.215847
v -0.339599 1.520790 -1.198537
v -0.448956 1.473383 -1.159520
v -0.504208 1.415765 -1.112078
v -0.518338 1.364057 -1.069491
v -0.506008 1.109567 -0.859874
v 0.163130 0.986856 -1.003945
v 0.186059 1.198285 -1.234408
v 0.174574 1.246788 -1.287334
v 0.121912 1.299924 -1.345454
v 0.014106 1.342170 -1.391888
v -0.162813 1.358001 -1.409754
v -0.339266 1.339290 -1.389955
v -0.448634 1.297618 -1.344890
v -0.503899 1.247084 -1.289975
v -0.518041 1.201785 -1.240631
v -0.505769 0.978959 -0.997620
v 0.163766 0.838350 -1.122175
v 0.186840 1.015685 -1.379782
v 0.175389 1.056334 -1.438961
v 0.122764 1.100791 -1.503992
v 0.014988 1.136010 -1.556018
v -0.161918 1.148947 -1.576189
v -0.338383 1.132921 -1.554252
v -0.447779 1.097769 -1.503995
v -0.503078 1.055289 -1.442669
v -0.517251 1.017277 -1.387524
v -0.505133 0.830453 -1.115850
v 0.164784 0.674838 -1.218588
v 0.188093 0.814632 -1.498330
v 0.176696 0.846635 -1.562608
v 0.124130 0.881534 -1.633273
v 0.016402 0.909016 -1.689863
v -0.160484 0.918768 -1.711910
v -0.336967 0.905698 -1.688231
v -0.446408 0.877725 -1.633742
v -0.501762 0.844113 -1.567186
v -0.515986 0.814125 -1.507310
v -0.504115 0.666941 -1.212263
v 0.166167 0.499502 -1.291306
v 0.189793 0.599042 -1.587743
v 0.178469 0.621772 -1.655866
v 0.125984 0.646423 -1.730784
v 0.018321 0.665609 -1.790812
v -0.158538 0.671944 -1.814278
v -0.335046 0.662044 -1.789285
v -0.444547 0.641769 -1.731602
v -0.499977 0.617666 -1.661104
v -0.514268 0.596283 -1.597658
v -0.502732 0.491605 -1.284981
v 0.167886 0.315755 -1.338917
v 0.191907 0.373109 -1.646284
v 0.180673 0.386122 -1.716924
v 0.128289 0.400033 -1.794623
v 0.020708 0.410525 -1.856906
v -0.156118 0.413280 -1.881299
v -0.332657 0.406702 -1.855444
v -0.442234 0.394495 -1.795671
v -0.497757 0.380357 -1.722591
v -0.512132 0.367990 -1.656809
v -0.501013 0.307858 -1.332592
v 0.169908 0.127173 -1.360490
v 0.194393 0.141231 -1.672810
v 0.183267 0.144272 -1.744592
v 0.131001 0.147160 -1.823552
v 0.023515 0.148729 -1.886856
v -0.153271 0.147810 -1.911669
v -0.329847 0.144641 -1.885424
v -0.439512 0.140713 -1.824705
v -0.495145 0.136804 -1.750454
v -0.509619 0.133690 -1.683612
v -0.498991 0.119276 -1.354165
v 0.172195 -0.062573 -1.355608
v 0.197205 -0.092078 -1.666809
v 0.186199 -0.099072 -1.738331
v 0.134067 -0.107274 -1.817005
v 0.026689 -0.114683 -1.880077
v -0.150053 -0.119299 -1.904796
v -0.326669 -0.119038 -1.878639
v -0.436436 -0.114634 -1.818134
v -0.492192 -0.108253 -1.744148
v -0.506779 -0.102056 -1.677547
v -0.496704 -0.070470 -1.349283
v 0.174700 -0.249790 -1.324365
v 0.200286 -0.322277 -1.628392
v 0.189412 -0.339172 -1.698262
v 0.137427 -0.358317 -1.775112
v 0.030167 -0.374585 -1.836705
v -0.146525 -0.382848 -1.860815
v -0.323187 -0.379202 -1.835223
v -0.433064 -0.366579 -1.776091
v -0.488956 -0.350044 -1.703797
v -0.503666 -0.334660 -1.638730
v -0.494199 -0.257687 -1.318040
v 0.177377 -0.430834 -1.267369
v 0.203576 -0.544887 -1.558310
v 0.192845 -0.571355 -1.625168
v 0.141015 -0.601083 -1.698685
v 0.033883 -0.625917 -1.757582
v -0.142758 -0.637707 -1.780581
v -0.319468 -0.630788 -1.756020
v -0.429462 -0.610216 -1.699389
v -0.485500 -0.583862 -1.630187
v -0.500341 -0.559594 -1.567917
v -0.491522 -0.438731 -1.261044
v 0.180172 -0.602181 -1.185730
v 0.207013 -0.755573 -1.457929
v 0.196429 -0.791103 -1.520468
v 0.144763 -0.830845 -1.589214
v 0.037763 -0.863787 -1.644248
v -0.138823 -0.878916 -1.665656
v -0.315585 -0.868899 -1.642571
v -0.425701 -0.840804 -1.589525
v -0.481890 -0.805158 -1.524752
v -0.496868 -0.772482 -1.466486
v -0.488728 -0.610078 -1.179405
v 0.183031 -0.760497 -1.081038
v 0.210528 -0.950235 -1.329200
v 0.200095 -0.994138 -1.386202
v 0.148597 -1.043133 -1.448828
v 0.041732 -1.083566 -1.498909
v -0.134799 -1.101779 -1.518278
v -0.311612 -1.088901 -1.497085
v -0.421853 -1.053855 -1.448635
v -0.478198 -1.009621 -1.389540
v -0.493316 -0.969177 -1.336412
v -0.485869 -0.768394 -1.074713
v 0.185898 -0.902699 -0.955328
v 0.214054 -1.125085 -1.174629
v 0.203773 -1.176508 -1.224984
v 0.152442 -1.233815 -1.280262
v 0.045712 -1.280976 -1.324395
v -0.130762 -1.301961 -1.341314
v -0.307627 -1.286511 -1.322394
v -0.417995 -1.245222 -1.279462
v -0.474494 -1.193276 -1.227187
v -0.489753 -1.145854 -1.180226
v -0.483001 -0.910596 -0.949003
v 0.188718 -1.026020 -0.811048
v 0.217522 -1.276719 -0.997223
v 0.207390 -1.334663 -1.039950
v 0.156223 -1.399179 -1.086795
v 0.049628 -1.452175 -1.124100
v -0.126792 -1.475562 -1.138208
v -0.303708 -1.457883 -1.121897
v -0.414199 -1.411180 -1.085301
v -0.470852 -1.352545 -1.040849
v -0.486250 -1.299071 -1.000970
v -0.480181 -1.033917 -0.804723
v 0.191436 -1.128060 -0.651006
v 0.220864 -1.402186 -0.800440
v 0.210875 -1.465526 -0.834702
v 0.159868 -1.536006 -0.872192
v 0.053401 -1.593830 -0.901925
v -0.122966 -1.619205 -0.912916
v -0.299931 -1.599681 -0.899498
v -0.410542 -1.548498 -0.869929
v -0.467342 -1.484329 -0.834156
v -0.482873 -1.425849 -0.802131
v -0.477463 -1.135957 -0.644682
v 0.193999 -1.206832 -0.478320
v 0.224015 -1.499043 -0.588105
v 0.214162 -1.566549 -0.613235
v 0.163304 -1.641633 -0.640633
v 0.056959 -1.703185 -0.662195
v -0.119359 -1.730094 -0.669819
v -0.296370 -1.709146 -0.659523
v -0.407093 -1.654505 -0.637536
v -0.464032 -1.586064 -0.611129
v -0.479689 -1.523718 -0.587577
v -0.474900 -1.214729 -0.471995
v 0.196356 -1.260803 -0.296347
v 0.226914 -1.565406 -0.364354
v 0.217186 -1.635766 -0.379861
v 0.166466 -1.714004 -0.396621
v 0.060232 -1.778110 -0.409573
v -0.116039 -1.806071 -0.413653
v -0.293093 -1.784147 -0.406647
v -0.403920 -1.727136 -0.392649
v -0.460987 -1.655768 -0.376112
v -0.476759 -1.590773 -0.361489
v -0.472542 -1.268700 -0.290022
v 0.198463 -1.288924 -0.108630
v 0.229504 -1.599982 -0.133540
v 0.219888 -1.671829 -0.139120
v 0.169291 -1.751712 -0.144908
v 0.063157 -1.817147 -0.148979
v -0.113073 -1.845656 -0.149402
v -0.290165 -1.823224 -0.145788
v -0.401085 -1.764978 -0.140032
v -0.458265 -1.692085 -0.133676
v -0.474142 -1.625711 -0.128264
v -0.470435 -1.296821 -0.102305
v 0.200279 -1.290646 0.081176
v 0.231736 -1.602100 0.099842
v 0.222216 -1.674037 0.104300
v 0.171725 -1.754020 0.109606
v 0.065676 -1.819538 0.114516
v -0.110518 -1.848080 0.117793
v -0.287643 -1.825617 0.117974
v -0.398642 -1.767295 0.115396
v -0.455921 -1.694309 0.111459
v -0.471887 -1.627850 0.107556
v -0.468620 -1.298543 0.087501
v 0.201766 -1.265935 0.269378
v 0.233566 -1.571716 0.331252
v 0.224124 -1.642347 0.345664
v 0.173720 -1.720886 0.361968
v 0.067742 -1.785234 0.375785
v -0.108424 -1.813295 0.382727
v -0.285575 -1.791278 0.379506
v -0.396640 -1.734042 0.368666
v -0.454000 -1.662396 0.354521
v -0.470038 -1.597149 0.341384
v -0.467132 -1.273832 0.275703
v 0.202898 -1.215274 0.452312
v 0.234957 -1.509424 0.556185
v 0.225575 -1.577376 0.580271
v 0.175238 -1.652954 0.607268
v 0.069313 -1.714905 0.629740
v -0.106831 -1.741978 0.640247
v -0.284003 -1.720878 0.633718
v -0.395117 -1.665865 0.614846
v -0.452538 -1.596967 0.590780
v -0.468632 -1.534206 0.568665
v -0.466001 -1.223171 0.458637
v 0.203651 -1.139648 0.626417
v 0.235883 -1.416434 0.770263
v 0.226541 -1.480387 0.803555
v 0.176248 -1.551545 0.840730
v 0.070359 -1.609917 0.871440
v -0.105770 -1.635517 0.885338
v -0.282956 -1.615784 0.875662
v -0.394103 -1.564093 0.849147
v -0.451565 -1.499295 0.815638
v -0.467696 -1.440246 0.784980
v -0.465247 -1.147545 0.632742
v 0.204012 -1.040529 0.788306
v 0.236327 -1.294559 0.969319
v 0.227004 -1.353270 1.011172
v 0.176731 -1.418634 1.057809
v 0.070859 -1.472316 1.096179
v -0.105263 -1.495986 1.113232
v -0.282455 -1.478044 1.100629
v -0.393618 -1.430704 1.067005
v -0.451099 -1.371283 1.024716
v -0.467248 -1.317097 0.986115
v -0.464887 -1.048426 0.794630
v 0.203973 -0.919846 0.934826
v 0.236278 -1.146169 1.149478
v 0.226953 -1.198498 1.199080
v 0.176678 -1.256808 1.254281
v 0.070805 -1.304780 1.299584
v -0.105318 -1.326098 1.319491
v -0.282509 -1.310338 1.304240
v -0.393671 -1.268297 1.264182
v -0.451150 -1.215421 1.213946
v -0.467297 -1.167157 1.168156
v -0.464926 -0.927743 0.941151
v 0.203534 -0.779948 1.063125
v 0.235739 -0.974152 1.307235
v 0.226391 -1.019083 1.363621
v 0.176091 -1.069216 1.426321
v 0.070196 -1.110569 1.477695
v -0.105935 -1.129161 1.500102
v -0.283119 -1.115930 1.482531
v -0.394261 -1.080031 1.436841
v -0.451717 -1.034743 1.379647
v -0.467842 -0.993344 1.327560
v -0.465365 -0.787845 1.069450
v 0.202705 -0.623558 1.170710
v 0.234720 -0.781857 1.439517
v 0.225328 -0.818518 1.501593
v 0.174979 -0.859510 1.570582
v 0.069045 -0.893463 1.627046
v -0.107102 -0.909008 1.651549
v -0.284271 -0.898604 1.632033
v -0.395376 -0.869572 1.581621
v -0.452787 -0.832765 1.518590
v -0.468872 -0.799040 1.461225
v -0.466194 -0.631455 1.177035
v 0.201502 -0.453720 1.255481
v 0.233240 -0.573027 1.543753
v 0.223784 -0.600706 1.610311
v 0.173365 -0.631770 1.684255
v 0.067374 -0.657688 1.744731
v -0.108797 -0.669924 1.770884
v -0.285943 -0.662591 1.749836
v -0.396996 -0.641015 1.695701
v -0.454342 -0.613420 1.628075
v -0.470367 -0.588029 1.566548
v -0.467397 -0.461617 1.261806
v 0.199947 -0.273740 1.315793
v 0.231329 -0.351727 1.617911
v 0.221791 -0.369888 1.687659
v 0.171281 -0.390433 1.765126
v 0.065216 -0.407834 1.828455
v -0.110985 -0.416563 1.855785
v -0.288103 -0.412484 1.833647
v -0.399088 -0.398810 1.776863
v -0.456349 -0.380976 1.705966
v -0.472298 -0.364417 1.641482
v -0.468952 -0.281638 1.322118
v 0.198072 -0.087121 1.350469
v 0.229023 -0.122262 1.660547
v 0.219386 -0.130554 1.732130
v 0.168766 -0.140191 1.811625
v 0.062613 -0.148762 1.876593
v -0.113625 -0.153856 1.904600
v -0.290709 -0.153151 1.881834
v -0.401612 -0.147670 1.823528
v -0.458771 -0.139957 1.750751
v -0.474628 -0.132556 1.684564
v -0.470827 -0.095018 1.356794
v 0.195912 0.102505 1.358835
v 0.226367 0.110900 1.670835
v 0.216616 0.112635 1.742859
v 0.165870 0.114082 1.822842
v 0.059615 0.114484 1.888208
v -0.116665 0.113084 1.916377
v -0.293711 0.110361 1.893460
v -0.404518 0.107516 1.834788
v -0.461560 0.104945 1.761556
v -0.477311 0.103042 1.694958
v -0.472987 0.094608 1.365160
v 0.193510 0.291446 1.340729
v 0.223414 0.343219 1.648571
v 0.213536 0.354947 1.719637
v 0.162649 0.367437 1.798563
v 0.056280 0.376779 1.863072
v -0.120046 0.379060 1.890887
v -0.297048 0.372922 1.868298
v -0.407750 0.361781 1.810420
v -0.464662 0.348963 1.738171
v -0.480296 0.337788 1.672462
v -0.475388 0.283549 1.347054
v 0.190913 0.476027 1.296501
v 0.220220 0.570177 1.594191
v 0.210205 0.591666 1.662919
v 0.159167 0.614944 1.739258
v 0.052675 0.633020 1.801676
v -0.123702 0.638898 1.828628
v -0.300658 0.629422 1.806839
v -0.411246 0.610178 1.750903
v -0.468017 0.587348 1.681052
v -0.483523 0.567116 1.617512
v -0.477986 0.468130 1.302826
v 0.188171 0.652653 1.227016
v 0.216849 0.787354 1.508751
v 0.206688 0.818183 1.573804
v 0.155489 0.851786 1.646082
v 0.048868 0.878218 1.705210
v -0.127563 0.887538 1.730811
v -0.304468 0.874869 1.710278
v -0.414936 0.847870 1.657392
v -0.471558 0.815461 1.591309
v -0.486930 0.786562 1.531180
v -0.480728 0.644756 1.233341
v 0.185337 0.817886 1.133621
v 0.213364 0.990523 1.393915
v 0.203054 1.030090 1.454029
v 0.151689 1.073350 1.520849
v 0.044934 1.107601 1.575559
v -0.131552 1.120140 1.599339
v -0.308406 1.104484 1.580494
v -0.418750 1.070230 1.531710
v -0.475218 1.028860 1.470691
v -0.490450 0.991853 1.415146
v -0.483562 0.809989 1.139946
v 0.182467 0.968512 1.018139
v 0.209835 1.175730 1.251919
v 0.199373 1.223263 1.305926
v 0.147841 1.275328 1.365996
v 0.040949 1.316706 1.415242
v -0.135592 1.332179 1.436772
v -0.312395 1.313800 1.420015
v -0.422612 1.272933 1.376300
v -0.478925 1.223393 1.321545
v -0.494017 1.178995 1.271667
v -0.486432 0.960615 1.024464
v 0.179616 1.101598 0.882814
v 0.206330 1.339371 1.085526
v 0.195717 1.393942 1.132377
v 0.144018 1.453785 1.184537
v 0.036992 1.501460 1.227379
v -0.139605 1.519526 1.246272
v -0.316356 1.498741 1.231962
v -0.426448 1.452031 1.194190
v -0.482607 1.395274 1.146774
v -0.497558 1.344345 1.103536
v -0.489283 1.093701 0.889139
v 0.176840 1.214553 0.730283
v 0.202917 1.478259 0.897974
v 0.192157 1.538804 0.936760
v 0.140296 1.605249 0.980005
v 0.033138 1.658269 1.015629
v -0.143513 1.678536 1.031551
v -0.320214 1.655709 1.019998
v -0.430184 1.604039 0.988923
v -0.486192 1.541155 0.949780
v -0.501007 1.484684 0.914026
v -0.492059 1.206656 0.736608
v 0.174193 1.305180 0.563512
v 0.199662 1.589693 0.692916
v 0.188762 1.655030 0.722880
v 0.136747 1.726772 0.756379
v 0.029464 1.784080 0.784112
v -0.147239 1.806113 0.796785
v -0.323892 1.781647 0.788247
v -0.433746 1.725999 0.764492
v -0.489610 1.658200 0.734395
v -0.504296 1.597281 0.706825
v -0.494706 1.297283 0.569836
v 0.171727 1.371714 0.385748
v 0.196629 1.671502 0.474340
v 0.185599 1.740358 0.494905
v 0.133440 1.815989 0.518012
v 0.026040 1.876445 0.537334
v -0.150711 1.899774 0.546544
v -0.327319 1.874106 0.541219
v -0.437065 1.815536 0.525270
v -0.492796 1.744129 0.504813
v -0.507360 1.679945 0.485966
v -0.497172 1.363817 0.392073
v 0.169489 1.412860 0.200452
v 0.193878 1.722095 0.246503
v 0.182729 1.793126 0.257268
v 0.130439 1.871162 0.269546
v 0.022933 1.933565 0.280100
v -0.153861 1.957696 0.285699
v -0.330429 1.931284 0.283724
v -0.440077 1.870908 0.275911
v -0.495686 1.797269 0.265504
v -0.510140 1.731066 0.255750
v -0.499410 1.404963 0.206777
v 0.374718 0.386438 -0.000066
v 0.330750 0.521364 0.001445
v 0.269261 0.654840 0.003244
v 0.199014 0.787483 0.005119
v 0.374088 0.377716 -0.077576
v 0.329859 0.509065 -0.108151
v 0.268109 0.638933 -0.138501
v 0.197601 0.767988 -0.168600
v 0.373721 0.351096 -0.149648
v 0.329331 0.470896 -0.211623
v 0.267426 0.589567 -0.272325
v 0.196765 0.707487 -0.332611
v 0.373625 0.308279 -0.213183
v 0.329197 0.409075 -0.302956
v 0.267253 0.509613 -0.390449
v 0.196553 0.609497 -0.477380
v 0.373812 0.250342 -0.265808
v 0.329465 0.327196 -0.376842
v 0.267600 0.403715 -0.486009
v 0.196977 0.479711 -0.594496
v 0.374272 0.181746 -0.302794
v 0.330119 0.230016 -0.428989
v 0.268446 0.278029 -0.553450
v 0.198014 0.325674 -0.677151
v 0.374963 0.107884 -0.321934
v 0.331122 0.123184 -0.456362
v 0.269743 0.139859 -0.588855
v 0.199603 0.156337 -0.720543
v 0.375863 0.030753 -0.323069
v 0.332414 0.012908 -0.457375
v 0.271414 -0.002764 -0.590165
v 0.201652 -0.018460 -0.722148
v 0.376926 -0.045241 -0.305543
v 0.333921 -0.094402 -0.431968
v 0.273363 -0.141553 -0.557303
v 0.204041 -0.188556 -0.681874
v 0.378058 -0.113482 -0.271046
v 0.335556 -0.192512 -0.381615
v 0.275477 -0.268442 -0.492181
v 0.206631 -0.344067 -0.602061
v 0.379237 -0.172749 -0.220276
v 0.337222 -0.275718 -0.309245
v 0.277633 -0.376055 -0.398583
v 0.209273 -0.475955 -0.487349
v 0.380405 -0.219179 -0.154779
v 0.338824 -0.339185 -0.219063
v 0.279704 -0.458140 -0.281946
v 0.211812 -0.576556 -0.344403
v 0.381419 -0.247243 -0.082545
v 0.340269 -0.379225 -0.116309
v 0.281572 -0.509924 -0.149052
v 0.214102 -0.640022 -0.181531
v 0.382260 -0.257173 -0.005977
v 0.341471 -0.393510 -0.006957
v 0.283128 -0.528400 -0.007622
v 0.216008 -0.662666 -0.008199
v 0.382875 -0.248976 0.069265
v 0.342362 -0.381211 0.102639
v 0.284280 -0.512493 0.134123
v 0.217420 -0.643171 0.165521
v 0.383255 -0.222237 0.142806
v 0.342890 -0.343042 0.206112
v 0.284963 -0.463128 0.267947
v 0.218257 -0.582670 0.329532
v 0.383352 -0.178618 0.207599
v 0.343024 -0.281221 0.297444
v 0.285136 -0.383173 0.386071
v 0.218469 -0.484679 0.474301
v 0.383158 -0.119396 0.260944
v 0.342756 -0.199342 0.371331
v 0.284789 -0.277276 0.481631
v 0.218044 -0.354894 0.591417
v 0.382691 -0.050614 0.297470
v 0.342102 -0.102162 0.423477
v 0.283943 -0.151590 0.549072
v 0.217007 -0.200856 0.674072
v 0.381977 0.024940 0.316349
v 0.341099 0.004670 0.450850
v 0.282647 -0.013420 0.584477
v 0.215418 -0.031519 0.717463
v 0.381080 0.101265 0.316730
v 0.339807 0.114946 0.451863
v 0.280975 0.129204 0.585787
v 0.213370 0.143277 0.719069
v 0.380017 0.176806 0.298659
v 0.338300 0.222256 0.426457
v 0.279026 0.267993 0.552925
v 0.210981 0.313374 0.678794
v 0.378833 0.247534 0.261748
v 0.336665 0.320366 0.376104
v 0.276912 0.394881 0.487803
v 0.208390 0.468885 0.598982
v 0.377684 0.304554 0.211435
v 0.334999 0.403572 0.303733
v 0.274757 0.502495 0.394204
v 0.205749 0.600773 0.484269
v 0.376583 0.348130 0.149323
v 0.333397 0.467039 0.213551
v 0.272685 0.584579 0.277568
v 0.203209 0.701374 0.341323
v 0.375557 0.376558 0.076305
v 0.331953 0.507079 0.110797
v 0.270817 0.636364 0.144674
v 0.200920 0.764840 0.178451
v 0.337131 0.118814 -0.001441
v 0.333994 0.309089 -0.095712
v 0.334115 0.316992 -0.073066
v 0.334271 0.322627 -0.049494
v 0.334462 0.325948 -0.025124
v 0.334687 0.326912 -0.000090
v 0.334934 0.325563 0.024261
v 0.335200 0.321994 0.047949
v 0.335484 0.316248 0.070850
v 0.335785 0.308371 0.092848
v 0.377855 0.119295 -0.001827
v 0.374717 0.309569 -0.096097
v 0.374838 0.317473 -0.073451
v 0.374994 0.323108 -0.049879
v 0.375186 0.326429 -0.025509
v 0.375411 0.327393 -0.000475
v 0.375657 0.326044 0.023876
v 0.375923 0.322474 0.047564
v 0.376208 0.316729 0.070465
v 0.376509 0.308852 0.092463
v 0.334056 0.197315 -0.228625
v 0.333878 0.232013 -0.204138
v 0.333804 0.262149 -0.174378
v 0.333835 0.287090 -0.140004
v 0.337274 0.076825 -0.038805
v 0.337978 0.076157 0.034785
v 0.336475 0.285635 0.137370
v 0.337062 0.261835 0.169754
v 0.337664 0.233407 0.197996
v 0.338271 0.200901 0.221558
v 0.338870 0.164865 0.239909
v 0.340482 -0.084363 0.099222
v 0.338315 0.047058 0.034110
v 0.337637 0.047702 -0.036814
v 0.338568 -0.083478 -0.102064
v 0.334337 0.158688 -0.247184
v 0.374780 0.197795 -0.229012
v 0.374602 0.232493 -0.204524
v 0.374528 0.262630 -0.174763
v 0.374558 0.287571 -0.140389
v 0.377997 0.077306 -0.039190
v 0.378701 0.076638 0.034399
v 0.377198 0.286116 0.136985
v 0.377785 0.262316 0.169369
v 0.378388 0.233888 0.197611
v 0.378995 0.201381 0.221173
v 0.379593 0.165345 0.239524
v 0.381206 -0.083882 0.098837
v 0.379038 0.047539 0.033725
v 0.378360 0.048182 -0.037199
v 0.379292 -0.082998 -0.102449
v 0.375061 0.159169 -0.247569
v 0.339865 0.095108 0.258063
v 0.339971 0.086936 0.259020
v 0.340074 0.078686 0.259660
v 0.340176 0.070363 0.260001
v 0.340275 0.061976 0.260060
v 0.340608 0.032195 0.258108
v 0.340899 0.003418 0.252934
v 0.341147 -0.024170 0.244719
v 0.341352 -0.050386 0.233645
v 0.341592 -0.089720 0.209925
v 0.341714 -0.124115 0.179882
v 0.341716 -0.152773 0.144307
v 0.341596 -0.174895 0.103993
v 0.380589 0.095589 0.257678
v 0.380694 0.087417 0.258635
v 0.380798 0.079167 0.259275
v 0.380899 0.070844 0.259616
v 0.380999 0.062456 0.259675
v 0.381332 0.032676 0.257723
v 0.381623 0.003899 0.252549
v 0.381871 -0.023690 0.244334
v 0.382075 -0.049906 0.233259
v 0.382316 -0.089240 0.209540
v 0.382438 -0.123635 0.179497
v 0.382439 -0.152293 0.143922
v 0.382319 -0.174415 0.103608
v 0.341513 -0.182343 0.085931
v 0.341392 -0.189377 0.064313
v 0.341239 -0.194393 0.041893
v 0.341055 -0.197347 0.018783
v 0.340841 -0.198197 -0.004912
v 0.340613 -0.197021 -0.027557
v 0.340368 -0.193942 -0.049642
v 0.340107 -0.189014 -0.071081
v 0.339832 -0.182289 -0.091783
v 0.338519 0.000702 -0.002168
v 0.382237 -0.181863 0.085546
v 0.382115 -0.188896 0.063928
v 0.381962 -0.193912 0.041508
v 0.381779 -0.196867 0.018398
v 0.381565 -0.197717 -0.005298
v 0.381337 -0.196540 -0.027942
v 0.381092 -0.193461 -0.050029
v 0.380831 -0.188533 -0.071466
v 0.380556 -0.181808 -0.092168
v 0.379243 0.001183 -0.002553
v 0.339580 -0.174781 -0.109090
v 0.339061 -0.157355 -0.142166
v 0.338520 -0.135526 -0.172193
v 0.337964 -0.109729 -0.198756
v 0.337403 -0.080397 -0.221439
v 0.336835 -0.047296 -0.240144
v 0.336282 -0.011432 -0.253944
v 0.335751 0.026734 -0.262397
v 0.335254 0.066739 -0.265063
v 0.335164 0.074460 -0.264878
v 0.335078 0.082122 -0.264460
v 0.334994 0.089722 -0.263798
v 0.334914 0.097253 -0.262885
v 0.380303 -0.174300 -0.109475
v 0.379785 -0.156874 -0.142553
v 0.379243 -0.135045 -0.172579
v 0.378687 -0.109247 -0.199141
v 0.378127 -0.079915 -0.221824
v 0.377559 -0.046814 -0.240531
v 0.377005 -0.010950 -0.254329
v 0.376475 0.027215 -0.262782
v 0.375977 0.067220 -0.265448
v 0.375888 0.074941 -0.265263
v 0.375801 0.082603 -0.264845
v 0.375718 0.090202 -0.264183
v 0.375637 0.097734 -0.263270
v 0.201138 0.757257 0.004826
v 0.167785 0.890607 0.006355
v 0.129434 1.001378 0.007726
v 0.087751 1.097095 0.008993
v 0.044402 1.185285 0.010208
v 0.047656 1.262203 0.010875
v 0.078148 1.263878 0.010598
v 0.109540 1.275994 0.010408
v 0.122156 1.297938 0.010486
v 0.128037 1.330504 0.010726
v 0.126584 1.360451 0.011011
v 0.194052 1.361985 0.010380
v 0.193272 1.428474 0.010990
v -0.516718 1.420092 0.017704
v -0.515963 1.355682 0.017112
v -0.450631 1.357993 0.016509
v -0.443164 0.720776 0.010656
v -0.507438 0.628227 0.010432
v -0.500718 0.054808 0.005165
v 0.200294 0.751379 -0.091833
v 0.166778 0.883596 -0.108927
v 0.128292 0.993425 -0.123043
v 0.086491 1.088327 -0.135174
v 0.043034 1.175767 -0.146309
v 0.046195 1.252033 -0.156348
v 0.076685 1.253697 -0.156807
v 0.108063 1.265714 -0.158633
v 0.120653 1.287473 -0.161590
v 0.126494 1.319764 -0.165877
v 0.125004 1.349458 -0.169763
v 0.192471 1.350985 -0.170497
v 0.191611 1.416910 -0.179146
v -0.518380 1.408529 -0.172433
v -0.517546 1.344664 -0.164053
v -0.452216 1.346963 -0.164872
v -0.443973 0.715142 -0.081981
v -0.508136 0.623371 -0.069425
v 0.199624 0.732105 -0.186735
v 0.165979 0.860610 -0.222115
v 0.127385 0.967350 -0.251437
v 0.085492 1.059582 -0.276719
v 0.041949 1.144558 -0.299983
v 0.045036 1.218690 -0.320533
v 0.075525 1.220318 -0.321172
v 0.106891 1.232008 -0.324604
v 0.119460 1.253162 -0.330540
v 0.125271 1.284551 -0.339268
v 0.123751 1.313413 -0.347253
v 0.191218 1.314920 -0.348086
v 0.190293 1.378999 -0.365827
v -0.519697 1.370617 -0.359114
v -0.518802 1.308541 -0.341928
v -0.453473 1.310797 -0.342956
v -0.444615 0.696671 -0.172936
v -0.508689 0.607448 -0.147831
v 0.199142 0.699813 -0.278034
v 0.165404 0.822095 -0.331003
v 0.126733 0.923662 -0.374953
v 0.084773 1.011417 -0.412890
v 0.041169 1.092267 -0.447821
v 0.044202 1.162823 -0.478480
v 0.074690 1.164389 -0.479294
v 0.106048 1.175533 -0.484268
v 0.118602 1.195673 -0.493072
v 0.124390 1.225550 -0.506074
v 0.122850 1.253018 -0.517998
v 0.190316 1.254491 -0.518931
v 0.189345 1.315476 -0.545417
v -0.520645 1.307094 -0.538703
v -0.519705 1.248016 -0.513045
v -0.454378 1.250200 -0.514277
v -0.445077 0.665721 -0.260437
v -0.509088 0.580768 -0.223259
v 0.198857 0.655129 -0.363950
v 0.165065 0.768802 -0.433473
v 0.126348 0.863209 -0.491188
v 0.084348 0.944771 -0.541034
v 0.040708 1.019912 -0.586943
v 0.043709 1.085519 -0.627118
v 0.074197 1.087000 -0.628094
v 0.105550 1.097388 -0.634523
v 0.118095 1.116125 -0.646024
v 0.123869 1.143910 -0.663049
v 0.122317 1.169449 -0.678682
v 0.189783 1.170875 -0.679704
v 0.188785 1.227580 -0.714422
v -0.521206 1.219198 -0.707708
v -0.520239 1.164266 -0.674077
v -0.454912 1.166350 -0.675498
v -0.445350 0.622896 -0.342779
v -0.509323 0.543852 -0.294241
v 0.198775 0.598924 -0.442813
v 0.164967 0.701768 -0.527531
v 0.126237 0.787169 -0.597883
v 0.084226 0.860942 -0.658657
v 0.040575 0.928900 -0.714644
v 0.043567 0.988282 -0.763554
v 0.074054 0.989657 -0.764678
v 0.105407 0.999094 -0.772442
v 0.117949 1.016066 -0.786418
v 0.123719 1.041220 -0.807134
v 0.122163 1.064333 -0.826173
v 0.189629 1.065699 -0.827279
v 0.188623 1.117019 -0.869551
v -0.521367 1.108637 -0.862838
v -0.520393 1.058921 -0.821889
v -0.455066 1.060881 -0.823485
v -0.445429 0.569029 -0.418363
v -0.509391 0.497416 -0.359395
v 0.198897 0.532291 -0.513086
v 0.165112 0.622297 -0.611343
v 0.126402 0.697022 -0.692957
v 0.084408 0.761559 -0.763470
v 0.040772 0.821003 -0.828436
v 0.043778 0.873005 -0.885130
v 0.074266 0.874254 -0.886388
v 0.105620 0.882564 -0.895340
v 0.118167 0.897444 -0.911524
v 0.123943 0.919478 -0.935530
v 0.122392 0.939715 -0.957600
v 0.189858 0.941010 -0.958782
v 0.188864 0.985947 -1.007785
v -0.521127 0.977565 -1.001072
v -0.520164 0.934033 -0.953601
v -0.454837 0.935845 -0.955353
v -0.445312 0.505168 -0.485714
v -0.509290 0.442366 -0.417454
v 0.199221 0.456527 -0.573404
v 0.165499 0.531936 -0.683284
v 0.126841 0.594522 -0.774560
v 0.084892 0.648559 -0.853434
v 0.041297 0.698321 -0.926107
v 0.044339 0.741933 -0.989481
v 0.074827 0.743038 -0.990852
v 0.106187 0.750066 -1.000826
v 0.118744 0.762567 -1.018904
v 0.124535 0.781055 -1.045732
v 0.122998 0.798021 -1.070408
v 0.190464 0.799235 -1.071654
v 0.189501 0.836915 -1.126435
v -0.520489 0.828533 -1.119722
v -0.519557 0.792031 -1.066652
v -0.454229 0.793675 -1.068539
v -0.445001 0.432556 -0.543522
v -0.509022 0.379773 -0.467286
v 0.199741 0.373108 -0.622591
v 0.166119 0.432445 -0.741947
v 0.127544 0.481665 -0.841104
v 0.085667 0.524140 -0.926795
v 0.042139 0.563243 -1.005754
v 0.045238 0.597615 -1.074575
v 0.075727 0.598563 -1.076040
v 0.107096 0.604179 -1.086847
v 0.119669 0.614061 -1.106467
v 0.125484 0.628643 -1.135600
v 0.123970 0.642009 -1.162399
v 0.191437 0.643135 -1.163695
v 0.190524 0.672823 -1.223188
v -0.519467 0.664441 -1.216475
v -0.518582 0.635681 -1.158842
v -0.453253 0.637140 -1.160839
v -0.444503 0.352607 -0.590662
v -0.508593 0.310854 -0.507922
v 0.200446 0.283657 -0.659689
v 0.166960 0.325759 -0.786194
v 0.128498 0.360646 -0.891294
v 0.086719 0.390723 -0.982128
v 0.043281 0.418396 -1.065828
v 0.046458 0.442862 -1.138758
v 0.076949 0.443640 -1.140294
v 0.108329 0.447742 -1.151726
v 0.120924 0.454816 -1.172513
v 0.126773 0.465211 -1.203382
v 0.125289 0.474715 -1.231781
v 0.192756 0.475746 -1.233118
v 0.191911 0.496865 -1.296166
v -0.518080 0.488483 -1.289452
v -0.517261 0.468024 -1.228376
v -0.451930 0.469285 -1.230454
v -0.443827 0.266876 -0.626218
v -0.508010 0.236952 -0.538573
v 0.201323 0.189914 -0.683978
v 0.168006 0.213955 -0.815163
v 0.129684 0.233822 -0.924156
v 0.088027 0.250907 -1.018355
v 0.044701 0.266601 -1.105159
v 0.047976 0.280685 -1.180778
v 0.078468 0.281285 -1.182360
v 0.109863 0.283801 -1.194204
v 0.122486 0.287932 -1.215752
v 0.128376 0.293938 -1.247760
v 0.126929 0.299396 -1.277208
v 0.194398 0.300327 -1.278571
v 0.193636 0.312467 -1.343944
v -0.516354 0.304084 -1.337230
v -0.515617 0.292325 -1.273902
v -0.450284 0.293377 -1.276033
v -0.442986 0.177033 -0.649498
v -0.507286 0.159504 -0.558640
v 0.202355 0.093705 -0.694986
v 0.169237 0.099210 -0.828289
v 0.131080 0.103662 -0.939046
v 0.089566 0.107412 -1.034772
v 0.046372 0.110812 -1.122981
v 0.049761 0.114241 -1.199821
v 0.080255 0.114658 -1.201422
v 0.111668 0.115547 -1.213453
v 0.124323 0.116657 -1.235346
v 0.130261 0.118160 -1.267868
v 0.128859 0.119464 -1.297792
v 0.196328 0.120293 -1.299166
v 0.195666 0.123216 -1.365595
v -0.514325 0.114834 -1.358881
v -0.513683 0.112002 -1.294530
v -0.448348 0.112841 -1.296686
v -0.441998 0.084826 -0.660045
v -0.506433 0.080019 -0.567734
v 0.203521 -0.003098 -0.692495
v 0.170628 -0.016244 -0.825320
v 0.132658 -0.027303 -0.935677
v 0.091305 -0.036969 -1.031056
v 0.048260 -0.045939 -1.118947
v 0.051779 -0.053231 -1.195510
v 0.082275 -0.052997 -1.197108
v 0.113707 -0.053746 -1.209097
v 0.126399 -0.055675 -1.230912
v 0.132392 -0.058705 -1.263319
v 0.131040 -0.061579 -1.293133
v 0.198511 -0.060853 -1.294506
v 0.197960 -0.067203 -1.360695
v -0.512031 -0.075585 -1.353982
v -0.511497 -0.069433 -1.289861
v -0.446159 -0.068809 -1.292011
v -0.440880 -0.007951 -0.657659
v -0.505469 0.000043 -0.565675
v 0.204800 -0.098610 -0.676556
v 0.172152 -0.130160 -0.806308
v 0.134388 -0.156522 -0.914111
v 0.093212 -0.179426 -1.007283
v 0.050330 -0.200601 -1.093137
v 0.053990 -0.218471 -1.167934
v 0.084489 -0.218417 -1.169502
v 0.115943 -0.220783 -1.181222
v 0.128675 -0.225711 -1.202536
v 0.134727 -0.233212 -1.234197
v 0.133431 -0.240209 -1.263324
v 0.200903 -0.239584 -1.264678
v 0.200475 -0.255084 -1.329340
v -0.509516 -0.263466 -1.322627
v -0.509101 -0.248451 -1.259986
v -0.443761 -0.248038 -1.262103
v -0.439655 -0.099491 -0.642383
v -0.504413 -0.078867 -0.552508
v 0.206165 -0.190974 -0.647478
v 0.173781 -0.240319 -0.771629
v 0.136235 -0.281480 -0.874773
v 0.095248 -0.317185 -0.963914
v 0.052541 -0.350162 -1.046054
v 0.056352 -0.378262 -1.117630
v 0.086854 -0.378384 -1.119143
v 0.118331 -0.382312 -1.130369
v 0.131105 -0.390140 -1.150772
v 0.137222 -0.401964 -1.181070
v 0.135985 -0.412949 -1.208941
v 0.203458 -0.412422 -1.210267
v 0.203160 -0.436770 -1.272143
v -0.506830 -0.445152 -1.265430
v -0.506542 -0.421566 -1.205487
v -0.441198 -0.421358 -1.207537
v -0.438346 -0.188012 -0.614514
v -0.503285 -0.155175 -0.528484
v 0.207591 -0.278390 -0.605828
v 0.175481 -0.344578 -0.721953
v 0.138164 -0.399745 -0.818426
v 0.097375 -0.447566 -0.901794
v 0.054850 -0.491714 -0.978610
v 0.058819 -0.529495 -1.045575
v 0.089323 -0.529782 -1.047008
v 0.120824 -0.535190 -1.057531
v 0.133644 -0.545763 -1.076625
v 0.139827 -0.561679 -1.104973
v 0.138651 -0.576437 -1.131048
v 0.206126 -0.576003 -1.132327
v 0.205965 -0.608725 -1.190215
v -0.504025 -0.617107 -1.183502
v -0.503869 -0.585408 -1.127424
v -0.438523 -0.585395 -1.129382
v -0.436979 -0.271792 -0.574598
v -0.502107 -0.227396 -0.494073
v 0.209050 -0.359158 -0.552417
v 0.177221 -0.440907 -0.658251
v 0.140137 -0.509016 -0.746166
v 0.099550 -0.568031 -0.822131
v 0.057212 -0.622500 -0.892123
v 0.061342 -0.669226 -0.953171
v 0.091849 -0.669666 -0.954503
v 0.123375 -0.676440 -0.964123
v 0.136240 -0.689549 -0.981540
v 0.142492 -0.709247 -1.007387
v 0.141379 -0.727491 -1.031157
v 0.208856 -0.727143 -1.032379
v 0.208834 -0.767602 -1.085150
v -0.501156 -0.775984 -1.078436
v -0.501136 -0.736790 -1.027316
v -0.435786 -0.736955 -1.029157
v -0.435582 -0.349201 -0.523408
v -0.500902 -0.294125 -0.449948
v 0.210513 -0.431706 -0.488283
v 0.178966 -0.527432 -0.581762
v 0.142116 -0.607165 -0.659399
v 0.101732 -0.676235 -0.726476
v 0.059581 -0.739974 -0.788273
v 0.063873 -0.794735 -0.842218
v 0.094383 -0.795313 -0.843430
v 0.125934 -0.803315 -0.851964
v 0.138845 -0.818701 -0.867366
v 0.145164 -0.841795 -0.890211
v 0.144115 -0.863171 -0.911213
v 0.211593 -0.862900 -0.912369
v 0.211712 -0.910309 -0.958995
v -0.498279 -0.918691 -0.952281
v -0.498394 -0.872765 -0.907112
v -0.433041 -0.873091 -0.908810
v -0.434179 -0.418731 -0.461942
v -0.499694 -0.354061 -0.396961
v 0.211951 -0.494620 -0.414677
v 0.180682 -0.602469 -0.493972
v 0.144063 -0.692282 -0.559816
v 0.103878 -0.770072 -0.616692
v 0.061911 -0.841851 -0.669082
v 0.066362 -0.903580 -0.714876
v 0.096875 -0.904276 -0.715947
v 0.128450 -0.913343 -0.723235
v 0.141406 -0.930704 -0.736329
v 0.147793 -0.956744 -0.755728
v 0.146806 -0.980835 -0.773551
v 0.214285 -0.980631 -0.774628
v 0.214542 -1.034067 -0.814203
v -0.495448 -1.042449 -0.807490
v -0.495697 -0.990685 -0.769151
v -0.430341 -0.991150 -0.770686
v -0.432801 -0.479028 -0.391395
v -0.498505 -0.406040 -0.336148
v 0.213338 -0.546678 -0.333027
v 0.182335 -0.664557 -0.396593
v 0.145939 -0.762711 -0.449354
v 0.105946 -0.847716 -0.494914
v 0.064156 -0.926147 -0.536870
v 0.068761 -0.993641 -0.573622
v 0.099276 -0.994436 -0.574539
v 0.130875 -1.004383 -0.580445
v 0.143874 -1.023380 -0.590974
v 0.150327 -1.051856 -0.606552
v 0.149399 -1.078195 -0.620851
v 0.216880 -1.078046 -0.621841
v 0.217270 -1.136468 -0.653596
v -0.492721 -1.144850 -0.646882
v -0.493098 -1.088255 -0.616120
v -0.427739 -1.088836 -0.617473
v -0.431472 -0.528921 -0.313144
v -0.497359 -0.449049 -0.268695
v 0.214645 -0.586865 -0.244927
v 0.183895 -0.712487 -0.291519
v 0.147708 -0.817080 -0.330164
v 0.107897 -0.907655 -0.363513
v 0.066273 -0.991221 -0.394213
v 0.071023 -1.063166 -0.421206
v 0.101541 -1.064038 -0.421956
v 0.133161 -1.074665 -0.426372
v 0.146202 -1.094923 -0.434135
v 0.152715 -1.125280 -0.445588
v 0.151845 -1.153354 -0.456083
v 0.219327 -1.153248 -0.456980
v 0.219842 -1.215520 -0.480295
v -0.490149 -1.223902 -0.473582
v -0.490648 -1.163577 -0.450996
v -0.425285 -1.164248 -0.452153
v -0.430218 -0.567437 -0.228708
v -0.496279 -0.482250 -0.195908
v 0.215848 -0.614400 -0.152091
v 0.185329 -0.745326 -0.180794
v 0.149335 -0.854332 -0.204564
v 0.109691 -0.948723 -0.225046
v 0.068221 -1.035807 -0.243883
v 0.073104 -1.110802 -0.260595
v 0.103624 -1.111726 -0.261168
v 0.135265 -1.122819 -0.264013
v 0.148343 -1.143941 -0.268863
v 0.154913 -1.175588 -0.275968
v 0.154094 -1.204850 -0.282456
v 0.221578 -1.204773 -0.283255
v 0.222208 -1.269683 -0.297677
v -0.487783 -1.278065 -0.290964
v -0.488393 -1.215185 -0.276992
v -0.423028 -1.215917 -0.277945
v -0.429066 -0.593826 -0.139732
v -0.495285 -0.504999 -0.119207
v 0.216923 -0.628746 -0.056321
v 0.186612 -0.762437 -0.066575
v 0.150789 -0.873741 -0.075002
v 0.111294 -0.970120 -0.082209
v 0.069962 -1.059038 -0.088810
v 0.074964 -1.135622 -0.094915
v 0.105486 -1.136572 -0.095307
v 0.137145 -1.147908 -0.096532
v 0.150257 -1.169481 -0.098374
v 0.156877 -1.201799 -0.100997
v 0.156105 -1.231680 -0.103351
v 0.223589 -1.231619 -0.104047
v 0.224322 -1.297903 -0.109294
v -0.485668 -1.306285 -0.102580
v -0.486378 -1.242073 -0.097498
v -0.421011 -1.242837 -0.098238
v -0.428035 -0.607575 -0.047948
v -0.494397 -0.516851 -0.040088
v 0.217849 -0.629625 0.040511
v 0.187716 -0.763484 0.048915
v 0.152042 -0.874929 0.056005
v 0.112675 -0.971430 0.062217
v 0.071461 -1.060460 0.067993
v 0.076566 -1.137141 0.072611
v 0.107089 -1.138093 0.072402
v 0.138764 -1.149444 0.072815
v 0.151906 -1.171044 0.074014
v 0.158569 -1.203404 0.075923
v 0.157836 -1.233323 0.077749
v 0.225322 -1.233263 0.077156
v 0.226144 -1.299631 0.081185
v -0.483847 -1.308013 0.087898
v -0.484643 -1.243720 0.083996
v -0.419273 -1.244485 0.083472
v -0.427148 -0.608417 0.044857
v -0.493632 -0.517577 0.039913
v 0.218608 -0.617018 0.136527
v 0.188621 -0.748449 0.163430
v 0.153069 -0.857874 0.185902
v 0.113807 -0.952628 0.205423
v 0.072690 -1.040047 0.223466
v 0.077879 -1.115331 0.238719
v 0.108404 -1.116260 0.238692
v 0.140092 -1.127398 0.240729
v 0.153257 -1.148602 0.244944
v 0.159956 -1.180371 0.251347
v 0.159256 -1.209747 0.257318
v 0.226743 -1.209672 0.256828
v 0.227637 -1.274833 0.270055
v -0.482354 -1.283215 0.276768
v -0.483220 -1.220092 0.263954
v -0.417849 -1.220830 0.263643
v -0.426420 -0.596335 0.136878
v -0.493005 -0.507162 0.119239
v 0.219186 -0.591173 0.229854
v 0.189310 -0.717624 0.274740
v 0.153850 -0.822907 0.312166
v 0.114668 -0.914079 0.344621
v 0.073625 -0.998195 0.374591
v 0.078878 -1.070618 0.400179
v 0.109404 -1.071497 0.400328
v 0.141102 -1.082197 0.403946
v 0.154285 -1.102590 0.411089
v 0.161011 -1.133149 0.421863
v 0.160336 -1.161409 0.431862
v 0.227823 -1.161308 0.431470
v 0.228773 -1.223993 0.453637
v -0.481218 -1.232375 0.460351
v -0.482138 -1.171649 0.438875
v -0.416766 -1.172330 0.438771
v -0.425867 -0.571564 0.226325
v -0.492528 -0.485808 0.196344
v 0.219570 -0.552590 0.318678
v 0.189768 -0.671607 0.380675
v 0.154370 -0.770709 0.432334
v 0.115242 -0.856534 0.477101
v 0.074247 -0.935719 0.518419
v 0.079543 -1.003869 0.553845
v 0.110069 -1.004675 0.554165
v 0.141774 -1.014722 0.559284
v 0.154969 -1.033904 0.569216
v 0.161713 -1.062657 0.584149
v 0.161055 -1.089252 0.597982
v 0.228542 -1.089109 0.597684
v 0.229529 -1.148098 0.628361
v -0.480462 -1.156480 0.635074
v -0.481417 -1.099335 0.605356
v -0.416044 -1.099930 0.605449
v -0.425499 -0.534587 0.311454
v -0.492211 -0.453933 0.269727
v 0.219754 -0.502022 0.401269
v 0.189988 -0.611297 0.479179
v 0.154619 -0.702296 0.544071
v 0.115516 -0.781112 0.600284
v 0.074545 -0.853837 0.652157
v 0.079861 -0.916385 0.696731
v 0.110388 -0.917096 0.697205
v 0.142095 -0.926287 0.703723
v 0.155296 -0.943881 0.716248
v 0.162049 -0.970267 0.735047
v 0.161399 -0.994679 0.752445
v 0.228886 -0.994482 0.752234
v 0.229891 -1.048627 0.790822
v -0.480100 -1.057009 0.797536
v -0.481073 -1.004557 0.760155
v -0.415699 -1.005039 0.760430
v -0.425322 -0.486122 0.390609
v -0.492059 -0.412155 0.337961
v 0.219734 -0.440453 0.476020
v 0.189964 -0.537865 0.568332
v 0.154592 -0.619000 0.645201
v 0.115486 -0.689282 0.711774
v 0.074513 -0.754139 0.773199
v 0.079826 -0.809869 0.826050
v 0.110353 -0.810463 0.826667
v 0.142060 -0.818613 0.834449
v 0.155261 -0.834274 0.849322
v 0.162012 -0.857777 0.871619
v 0.161361 -0.879531 0.892245
v 0.228849 -0.879269 0.892114
v 0.229851 -0.927516 0.937863
v -0.480139 -0.935898 0.944576
v -0.481110 -0.889160 0.900257
v -0.415737 -0.889506 0.900699
v -0.425342 -0.427114 0.462250
v -0.492075 -0.361289 0.399718
v 0.219510 -0.369081 0.541475
v 0.189697 -0.452742 0.646398
v 0.154289 -0.522441 0.733755
v 0.115152 -0.582832 0.809400
v 0.074151 -0.638568 0.879190
v 0.079439 -0.686394 0.939290
v 0.109966 -0.686853 0.940030
v 0.141669 -0.693794 0.948920
v 0.154862 -0.707214 0.965848
v 0.161604 -0.727377 0.991209
v 0.160943 -0.746050 1.014660
v 0.228430 -0.745712 1.014599
v 0.229411 -0.787122 1.066618
v -0.480579 -0.795504 1.073331
v -0.481530 -0.755389 1.022939
v -0.416157 -0.755577 1.023525
v -0.425556 -0.358711 0.524982
v -0.492260 -0.302323 0.453795
v 0.219087 -0.289296 0.596360
v 0.189192 -0.357584 0.711860
v 0.153717 -0.414499 0.808010
v 0.114522 -0.463832 0.891262
v 0.073466 -0.509373 0.968065
v 0.078708 -0.548362 1.034245
v 0.109233 -0.548670 1.035088
v 0.140929 -0.554262 1.044907
v 0.154109 -0.565177 1.063558
v 0.160831 -0.581604 1.091489
v 0.160152 -0.596833 1.117308
v 0.227639 -0.596411 1.117306
v 0.228579 -0.630177 1.174583
v -0.481411 -0.638560 1.181296
v -0.482322 -0.605849 1.125810
v -0.416950 -0.605859 1.126519
v -0.425961 -0.282245 0.577585
v -0.492609 -0.236406 0.499141
v 0.218473 -0.202649 0.639609
v 0.188460 -0.254244 0.763440
v 0.152886 -0.297276 0.866520
v 0.113606 -0.334599 0.955767
v 0.072471 -0.369069 1.038096
v 0.077645 -0.398462 1.109065
v 0.108170 -0.398605 1.109991
v 0.139856 -0.402731 1.120542
v 0.153016 -0.410926 1.140551
v 0.159709 -0.423297 1.170506
v 0.159003 -0.434785 1.198193
v 0.226490 -0.434271 1.198237
v 0.227371 -0.459737 1.259656
v -0.482619 -0.468119 1.266370
v -0.483473 -0.443449 1.206870
v -0.418102 -0.443267 1.207675
v -0.426550 -0.199202 0.619035
v -0.493117 -0.164821 0.534872
v 0.217680 -0.110829 0.670377
v 0.187514 -0.144732 0.800138
v 0.151813 -0.173053 0.908148
v 0.112423 -0.197650 1.001658
v 0.071187 -0.220386 1.087919
v 0.076273 -0.239610 1.162296
v 0.106796 -0.239579 1.163281
v 0.138469 -0.242152 1.174352
v 0.151605 -0.247463 1.195326
v 0.158260 -0.255536 1.226723
v 0.157520 -0.263061 1.255738
v 0.225006 -0.262449 1.255814
v 0.225811 -0.279119 1.320181
v -0.484179 -0.287501 1.326894
v -0.484960 -0.271352 1.264539
v -0.419591 -0.270967 1.265412
v -0.427310 -0.111201 0.648524
v -0.493772 -0.088962 0.560293
v 0.216723 -0.015621 0.688068
v 0.186373 -0.031181 0.821237
v 0.150519 -0.044246 0.932081
v 0.110996 -0.055648 1.028044
v 0.069638 -0.066218 1.116565
v 0.074618 -0.074898 1.192902
v 0.105139 -0.074687 1.193920
v 0.136796 -0.075648 1.205290
v 0.149901 -0.077971 1.226820
v 0.156512 -0.081586 1.259044
v 0.155731 -0.085001 1.288823
v 0.223216 -0.084288 1.288918
v 0.223929 -0.091838 1.354980
v -0.486061 -0.100220 1.361694
v -0.486753 -0.092907 1.297697
v -0.421386 -0.092310 1.298609
v -0.428227 -0.019954 0.665479
v -0.494562 -0.010304 0.574907
v 0.215622 0.081121 0.692336
v 0.185059 0.084200 0.826328
v 0.149028 0.086635 0.937856
v 0.109353 0.088642 1.034410
v 0.067854 0.090433 1.123476
v 0.072712 0.092468 1.200286
v 0.103231 0.092862 1.201311
v 0.134869 0.093538 1.212755
v 0.147940 0.094253 1.234418
v 0.154499 0.095166 1.266843
v 0.153670 0.095927 1.296806
v 0.221154 0.096743 1.296905
v 0.221762 0.098460 1.363376
v -0.488228 0.090078 1.370089
v -0.488818 0.088414 1.305696
v -0.423453 0.089226 1.306618
v -0.429283 0.072764 0.669569
v -0.495473 0.069622 0.578435
v 0.214396 0.177513 0.683099
v 0.183598 0.199164 0.815310
v 0.147370 0.217044 0.925358
v 0.107525 0.232410 1.020632
v 0.065870 0.246519 1.108519
v 0.070592 0.259230 1.184304
v 0.101109 0.259807 1.185313
v 0.132726 0.262113 1.196600
v 0.145759 0.265854 1.217973
v 0.152260 0.271280 1.249965
v 0.151379 0.276202 1.279530
v 0.218861 0.277120 1.279619
v 0.219352 0.288072 1.345205
v -0.490639 0.279690 1.351919
v -0.491114 0.269080 1.288383
v -0.425753 0.270106 1.289284
v -0.430457 0.165147 0.660716
v -0.496485 0.149259 0.570803
v 0.213071 0.271681 0.660535
v 0.182017 0.311475 0.788399
v 0.145578 0.344443 0.894833
v 0.105549 0.372861 0.986979
v 0.063724 0.399003 1.071983
v 0.068300 0.422142 1.145269
v 0.098814 0.422897 1.146235
v 0.130408 0.426797 1.157140
v 0.143400 0.433495 1.177806
v 0.149839 0.443330 1.208741
v 0.148900 0.452316 1.237331
v 0.216381 0.453334 1.237397
v 0.216745 0.473307 1.300821
v -0.493245 0.464925 1.307534
v -0.493598 0.445577 1.246092
v -0.428239 0.446811 1.246943
v -0.431727 0.255398 0.639091
v -0.497580 0.227057 0.552160
v 0.211672 0.361790 0.625085
v 0.180349 0.418946 0.746119
v 0.143685 0.466352 0.846872
v 0.103462 0.507259 0.934105
v 0.061459 0.544915 1.014579
v 0.065879 0.578034 1.083940
v 0.096391 0.578960 1.084838
v 0.127962 0.584385 1.095143
v 0.140909 0.593912 1.114697
v 0.147283 0.607965 1.143972
v 0.146284 0.620841 1.171032
v 0.213763 0.621955 1.171060
v 0.213993 0.650559 1.231087
v -0.495997 0.642177 1.237801
v -0.496220 0.614467 1.179649
v -0.430865 0.615901 1.180422
v -0.433068 0.341759 0.605116
v -0.498736 0.301503 0.522872
v 0.210226 0.446087 0.577439
v 0.178624 0.519485 0.689292
v 0.141729 0.580398 0.782411
v 0.101306 0.632988 0.863041
v 0.059118 0.681416 0.937426
v 0.063378 0.723871 1.001509
v 0.093887 0.724957 1.002318
v 0.125433 0.731808 1.011817
v 0.138335 0.743982 1.029874
v 0.144642 0.761980 1.056919
v 0.143580 0.778496 1.081922
v 0.211058 0.779699 1.081898
v 0.211149 0.816379 1.137363
v -0.498841 0.807997 1.144077
v -0.498930 0.772464 1.090347
v -0.433578 0.774085 1.091013
v -0.434454 0.422550 0.559451
v -0.499930 0.371147 0.483508
v 0.208762 0.522932 0.518523
v 0.176878 0.611136 0.619026
v 0.139748 0.684361 0.702705
v 0.099122 0.747601 0.775168
v 0.056747 0.805849 0.842025
v 0.060845 0.856815 0.899583
v 0.091351 0.858046 0.900280
v 0.122873 0.866198 0.908782
v 0.135728 0.880784 0.924989
v 0.141966 0.902380 0.949276
v 0.140842 0.922213 0.971736
v 0.208318 0.923498 0.971651
v 0.208269 0.967539 1.021470
v -0.501722 0.959157 1.028184
v -0.501674 0.916493 0.979921
v -0.436325 0.918284 0.980458
v -0.435857 0.496199 0.502985
v -0.501140 0.434635 0.434833
v 0.207308 0.590829 0.449484
v 0.175143 0.692114 0.536684
v 0.137781 0.776218 0.609302
v 0.096953 0.848869 0.672198
v 0.054391 0.915793 0.730231
v 0.058329 0.974278 0.780145
v 0.088832 0.975638 0.780711
v 0.120329 0.984938 0.788044
v 0.133139 1.001656 0.802083
v 0.139309 1.026431 0.823139
v 0.138122 1.049195 0.842618
v 0.205596 1.050552 0.842460
v 0.205408 1.101097 0.885667
v -0.504583 1.092715 0.892380
v -0.504400 1.043750 0.850524
v -0.439054 1.045692 0.850907
v -0.437251 0.561271 0.436818
v -0.502341 0.490729 0.377797
v 0.205892 0.648456 0.371666
v 0.173454 0.760843 0.443874
v 0.135865 0.854181 0.504023
v 0.094840 0.934818 0.556134
v 0.052098 1.009106 0.604224
v 0.055879 1.073974 0.645518
v 0.086379 1.075443 0.645937
v 0.117852 1.085718 0.651954
v 0.130618 1.104246 0.663550
v 0.136722 1.131718 0.680963
v 0.135473 1.156969 0.697083
v 0.202946 1.158387 0.696842
v 0.202622 1.214453 0.732594
v -0.507368 1.206071 0.739307
v -0.507055 1.151758 0.704673
v -0.441712 1.153828 0.704883
v -0.438608 0.616501 0.362239
v -0.503511 0.538339 0.313506
v 0.204541 0.694691 0.286584
v 0.171844 0.815987 0.342401
v 0.134038 0.916732 0.388917
v 0.092826 1.003778 0.429235
v 0.049912 1.083974 0.466454
v 0.053543 1.153962 0.498325
v 0.084041 1.155519 0.498581
v 0.115491 1.166576 0.503159
v 0.128214 1.186555 0.512085
v 0.134255 1.216192 0.525513
v 0.132948 1.243439 0.537961
v 0.200419 1.244906 0.537629
v 0.199966 1.305401 0.565232
v -0.510024 1.297019 0.571945
v -0.509585 1.238416 0.545206
v -0.444246 1.240588 0.545228
v -0.439902 0.660812 0.280696
v -0.504627 0.576537 0.243213
v 0.203283 0.728635 0.195895
v 0.170343 0.856470 0.234236
v 0.132336 0.962655 0.266222
v 0.090950 1.054405 0.293971
v 0.047874 1.138938 0.319602
v 0.051366 1.212686 0.341428
v 0.081862 1.214306 0.341515
v 0.113290 1.225938 0.344557
v 0.125974 1.246983 0.350634
v 0.131956 1.278209 0.359818
v 0.130594 1.306921 0.368351
v 0.198065 1.308425 0.367924
v 0.197491 1.372171 0.386837
v -0.512500 1.363789 0.393551
v -0.511944 1.302036 0.375228
v -0.446607 1.304283 0.375049
v -0.441108 0.693344 0.193779
v -0.505666 0.604580 0.168289
v 0.202141 0.749626 0.101363
v 0.168982 0.881506 0.121491
v 0.130791 0.991054 0.138330
v 0.089247 1.085713 0.152978
v 0.046026 1.172929 0.166527
v 0.049391 1.249001 0.177884
v 0.079885 1.250662 0.177791
v 0.111294 1.262649 0.179234
v 0.123942 1.284353 0.182344
v 0.129870 1.316562 0.187103
v 0.128459 1.346180 0.191555
v 0.195928 1.347706 0.191026
v 0.195245 1.413463 0.200885
v -0.514745 1.405081 0.207598
v -0.514084 1.341380 0.198048
v -0.448749 1.343674 0.197659
v -0.442202 0.713463 0.103177
v -0.506610 0.621923 0.090188
v 0.245381 -1.173268 -0.013109
v 0.245492 -1.176549 -0.005388
v 0.245614 -1.184328 -0.002248
v 0.245674 -1.192049 -0.005530
v 0.245638 -1.195189 -0.013311
v 0.245526 -1.191908 -0.021031
v 0.245404 -1.184129 -0.024171
v 0.245344 -1.176408 -0.020889
v 0.226126 -1.176551 -0.012955
v 0.227228 -1.179663 -0.005241
v 0.229740 -1.187035 -0.002121
v 0.232190 -1.194348 -0.005422
v 0.233144 -1.197319 -0.013211
v 0.232042 -1.194207 -0.020923
v 0.229530 -1.186836 -0.024043
v 0.227079 -1.179522 -0.020742
v 0.208827 -1.185624 -0.012872
v 0.210818 -1.188269 -0.005162
v 0.215478 -1.194514 -0.002052
v 0.220076 -1.200701 -0.005364
v 0.221919 -1.203206 -0.013157
v 0.219928 -1.200561 -0.020865
v 0.215268 -1.194315 -0.023975
v 0.210670 -1.188128 -0.020663
v 0.195178 -1.199598 -0.012868
v 0.197871 -1.201524 -0.005159
v 0.204225 -1.206035 -0.002049
v 0.210518 -1.210487 -0.005361
v 0.213063 -1.212273 -0.013154
v 0.210370 -1.210346 -0.020862
v 0.204016 -1.205836 -0.023972
v 0.197723 -1.201384 -0.020660
v 0.186515 -1.217105 -0.012944
v 0.189654 -1.218132 -0.005231
v 0.197083 -1.220468 -0.002112
v 0.204451 -1.222747 -0.005414
v 0.207442 -1.223633 -0.013203
v 0.204303 -1.222607 -0.020915
v 0.196873 -1.220269 -0.024034
v 0.189505 -1.217991 -0.020732
v 0.183685 -1.236432 -0.013092
v 0.186970 -1.236465 -0.005371
v 0.194751 -1.236402 -0.002234
v 0.202470 -1.236282 -0.005518
v 0.205606 -1.236173 -0.013300
v 0.202322 -1.236141 -0.021019
v 0.194541 -1.236203 -0.024157
v 0.186822 -1.236324 -0.020873
v 0.194646 -1.236303 -0.013196
v 0.307463 -1.175817 -0.005974
v 0.307351 -1.172536 -0.013695
v 0.307584 -1.183596 -0.002834
v 0.307644 -1.191317 -0.006116
v 0.307608 -1.194457 -0.013897
v 0.307496 -1.191177 -0.021617
v 0.307375 -1.183397 -0.024756
v 0.307315 -1.175676 -0.021475
v 0.307631 -1.183715 0.001974
v 0.307493 -1.174386 -0.000963
v 0.307350 -1.168566 -0.008822
v 0.307256 -1.168477 -0.018601
v 0.307248 -1.174154 -0.026566
v 0.307328 -1.183428 -0.029674
v 0.307466 -1.192757 -0.026737
v 0.307609 -1.198577 -0.018878
v 0.307703 -1.198665 -0.009099
v 0.307711 -1.192989 -0.001133
v 0.332919 -1.183387 -0.001429
v 0.332809 -1.175925 -0.003779
v 0.332694 -1.171268 -0.010067
v 0.332620 -1.171197 -0.017891
v 0.332613 -1.175739 -0.024263
v 0.332677 -1.183158 -0.026748
v 0.332787 -1.190621 -0.024399
v 0.332902 -1.195276 -0.018112
v 0.332977 -1.195347 -0.010288
v 0.332983 -1.190806 -0.003915
v 0.332798 -1.183272 -0.014088
vn 0.9971 -0.0763 -0.0082
vn 0.9991 0.0396 -0.0119
vn 0.9991 0.0390 -0.0157
vn 0.9972 -0.0752 0.0041
vn 0.9320 0.3624 -0.0104
vn 0.9315 0.3588 -0.0593
vn 0.6872 0.7265 -0.0037
vn 0.6863 0.7199 -0.1037
vn 0.3278 0.9448 0.0039
vn 0.3266 0.9366 -0.1271
vn -0.0063 0.9999 0.0091
vn -0.0076 0.9915 -0.1301
vn -0.3232 0.9462 0.0130
vn -0.3243 0.9384 -0.1193
vn -0.6588 0.7522 0.0164
vn -0.6597 0.7462 -0.0895
vn -0.9106 0.4130 0.0171
vn -0.9111 0.4100 -0.0420
vn -0.9960 0.0884 0.0132
vn -0.9961 0.0880 -0.0008
vn -0.9994 -0.0341 0.0087
vn -0.9994 -0.0339 0.0120
vn 0.9991 0.0378 -0.0195
vn 0.9972 -0.0725 0.0160
vn 0.9312 0.3484 -0.1072
vn 0.6856 0.6994 -0.2018
vn 0.3257 0.9103 -0.2557
vn -0.0085 0.9637 -0.2668
vn -0.3252 0.9122 -0.2493
vn -0.6604 0.7255 -0.1935
vn -0.9115 0.3989 -0.1001
vn -0.9962 0.0856 -0.0146
vn -0.9993 -0.0334 0.0148
vn 0.9991 0.0362 -0.0230
vn 0.9973 -0.0681 0.0275
vn 0.9310 0.3314 -0.1532
vn 0.6851 0.6655 -0.2961
vn 0.3250 0.8663 -0.3794
vn -0.0092 0.9172 -0.3984
vn -0.3259 0.8682 -0.3742
vn -0.6610 0.6906 -0.2936
vn -0.9118 0.3798 -0.1560
vn -0.9963 0.0813 -0.0279
vn -0.9993 -0.0324 0.0179
vn 0.9991 0.0341 -0.0263
vn 0.9973 -0.0622 0.0383
vn 0.9308 0.3082 -0.1964
vn 0.6848 0.6188 -0.3848
vn 0.3247 0.8055 -0.4957
vn -0.0096 0.8528 -0.5221
vn -0.3263 0.8072 -0.4919
vn -0.6613 0.6421 -0.3879
vn -0.9120 0.3531 -0.2088
vn -0.9963 0.0752 -0.0405
vn -0.9993 -0.0310 0.0208
vn 0.9991 0.0315 -0.0292
vn 0.9973 -0.0549 0.0481
vn 0.9308 0.2792 -0.2359
vn 0.6847 0.5602 -0.4661
vn 0.3246 0.7291 -0.6025
vn -0.0097 0.7718 -0.6357
vn -0.3264 0.7304 -0.6000
vn -0.6614 0.5809 -0.4744
vn -0.9121 0.3193 -0.2573
vn -0.9964 0.0674 -0.0521
vn -0.9993 -0.0293 0.0232
vn 0.9991 0.0286 -0.0318
vn 0.9973 -0.0462 0.0568
vn 0.9309 0.2450 -0.2710
vn 0.6849 0.4909 -0.5385
vn 0.3248 0.6387 -0.6976
vn -0.0096 0.6759 -0.7370
vn -0.3262 0.6393 -0.6963
vn -0.6613 0.5083 -0.5517
vn -0.9120 0.2791 -0.3006
vn -0.9964 0.0581 -0.0625
vn -0.9993 -0.0272 0.0255
vn 0.9991 0.0253 -0.0339
vn 0.9973 -0.0364 0.0643
vn 0.9311 0.2062 -0.3010
vn 0.6852 0.4122 -0.6005
vn 0.3252 0.5358 -0.7792
vn -0.0091 0.5667 -0.8239
vn -0.3258 0.5357 -0.7790
vn -0.6609 0.4256 -0.6181
vn -0.9118 0.2332 -0.3379
vn -0.9963 0.0474 -0.0715
vn -0.9993 -0.0247 0.0276
vn 0.9991 0.0218 -0.0355
vn 0.9972 -0.0257 0.0702
vn 0.9313 0.1637 -0.3253
vn 0.6858 0.3256 -0.6509
vn 0.3259 0.4227 -0.8457
vn -0.0083 0.4465 -0.8947
vn -0.3250 0.4217 -0.8465
vn -0.6603 0.3345 -0.6724
vn -0.9115 0.1826 -0.3686
vn -0.9962 0.0356 -0.0790
vn -0.9993 -0.0217 0.0294
vn 0.9992 0.0181 -0.0367
vn 0.9971 -0.0143 0.0747
vn 0.9317 0.1181 -0.3435
vn 0.6865 0.2328 -0.6888
vn 0.3269 0.3013 -0.8957
vn -0.0073 0.3177 -0.9482
vn -0.3241 0.2993 -0.8974
vn -0.6596 0.2368 -0.7134
vn -0.9111 0.1283 -0.3918
vn -0.9961 0.0228 -0.0847
vn -0.9994 -0.0192 0.0304
vn 0.9992 0.0142 -0.0373
vn 0.9970 -0.0023 0.0775
vn 0.9321 0.0705 -0.3551
vn 0.6874 0.1357 -0.7135
vn 0.3280 0.1742 -0.9285
vn -0.0061 0.1826 -0.9832
vn -0.3229 0.1710 -0.9308
vn -0.6586 0.1342 -0.7404
vn -0.9105 0.0712 -0.4073
vn -0.9960 0.0094 -0.0886
vn -0.9994 -0.0163 0.0312
vn 0.9993 0.0103 -0.0373
vn 0.9969 0.0098 0.0786
vn 0.9327 0.0217 -0.3601
vn 0.6885 0.0361 -0.7243
vn 0.3295 0.0438 -0.9432
vn -0.0046 0.0440 -0.9990
vn -0.3215 0.0394 -0.9461
vn -0.6575 0.0290 -0.7529
vn -0.9099 0.0125 -0.4146
vn -0.9959 -0.0045 -0.0906
vn -0.9994 -0.0133 0.0317
vn 0.9993 0.0065 -0.0369
vn 0.9967 0.0222 0.0780
vn 0.9333 -0.0272 -0.3581
vn 0.6897 -0.0641 -0.7212
vn 0.3310 -0.0874 -0.9396
vn -0.0029 -0.0954 -0.9954
vn -0.3199 -0.0931 -0.9429
vn -0.6562 -0.0770 -0.7506
vn -0.9092 -0.0466 -0.4137
vn -0.9957 -0.0185 -0.0906
vn -0.9995 -0.0097 0.0316
vn 0.9994 0.0027 -0.0358
vn 0.9965 0.0343 0.0757
vn 0.9339 -0.0755 -0.3494
vn 0.6910 -0.1628 -0.7042
vn 0.3328 -0.2168 -0.9177
vn -0.0011 -0.2330 -0.9725
vn -0.3182 -0.2239 -0.9212
vn -0.6549 -0.1817 -0.7336
vn -0.9085 -0.1050 -0.4046
vn -0.9955 -0.0323 -0.0887
vn -0.9995 -0.0069 0.0312
vn 0.9994 -0.0009 -0.0343
vn 0.9964 0.0459 0.0717
vn 0.9346 -0.1220 -0.3341
vn 0.6925 -0.2583 -0.6737
vn 0.3346 -0.3420 -0.8781
vn 0.0009 -0.3661 -0.9306
vn -0.3163 -0.3503 -0.8816
vn -0.6534 -0.2829 -0.7022
vn -0.9076 -0.1616 -0.3874
vn -0.9953 -0.0458 -0.0849
vn -0.9995 -0.0041 0.0303
vn 0.9995 -0.0042 -0.0323
vn 0.9962 0.0569 0.0662
vn 0.9353 -0.1660 -0.3124
vn 0.6939 -0.3485 -0.6301
vn 0.3366 -0.4603 -0.8215
vn 0.0030 -0.4920 -0.8706
vn -0.3144 -0.4701 -0.8248
vn -0.6518 -0.3788 -0.6570
vn -0.9068 -0.2152 -0.3626
vn -0.9951 -0.0586 -0.0792
vn -0.9996 -0.0013 0.0291
vn 0.9995 -0.0073 -0.0299
vn 0.9960 0.0669 0.0592
vn 0.9361 -0.2065 -0.2848
vn 0.6954 -0.4318 -0.5744
vn 0.3385 -0.5697 -0.7489
vn 0.0051 -0.6084 -0.7936
vn -0.3124 -0.5807 -0.7518
vn -0.6502 -0.4675 -0.5989
vn -0.9059 -0.2649 -0.3305
vn -0.9949 -0.0705 -0.0719
vn -0.9996 0.0015 0.0273
vn 0.9996 -0.0099 -0.0270
vn 0.9958 0.0759 0.0509
vn 0.9368 -0.2428 -0.2518
vn 0.6970 -0.5065 -0.5076
vn 0.3405 -0.6679 -0.6618
vn 0.0072 -0.7129 -0.7012
vn -0.3103 -0.6801 -0.6642
vn -0.6486 -0.5472 -0.5290
vn -0.9050 -0.3096 -0.2919
vn -0.9947 -0.0812 -0.0629
vn -0.9997 0.0037 0.0254
vn 0.9996 -0.0121 -0.0238
vn 0.9956 0.0837 0.0413
vn 0.9376 -0.2741 -0.2141
vn 0.6984 -0.5713 -0.4311
vn 0.3425 -0.7530 -0.5619
vn 0.0092 -0.8035 -0.5952
vn -0.3083 -0.7664 -0.5635
vn -0.6470 -0.6164 -0.4488
vn -0.9041 -0.3485 -0.2473
vn -0.9945 -0.0906 -0.0525
vn -0.9997 0.0059 0.0230
vn 0.9997 -0.0139 -0.0203
vn 0.9955 0.0901 0.0309
vn 0.9382 -0.2999 -0.1724
vn 0.6999 -0.6247 -0.3463
vn 0.3443 -0.8234 -0.4512
vn 0.0112 -0.8785 -0.4776
vn -0.3064 -0.8378 -0.4519
vn -0.6455 -0.6738 -0.3596
vn -0.9032 -0.3808 -0.1978
vn -0.9943 -0.0984 -0.0410
vn -0.9998 0.0078 0.0201
vn 0.9997 -0.0152 -0.0167
vn 0.9953 0.0949 0.0196
vn 0.9389 -0.3197 -0.1276
vn 0.7012 -0.6658 -0.2549
vn 0.3461 -0.8776 -0.3316
vn 0.0131 -0.9364 -0.3507
vn -0.3047 -0.8930 -0.3314
vn -0.6441 -0.7182 -0.2633
vn -0.9024 -0.4059 -0.1443
vn -0.9941 -0.1046 -0.0284
vn -0.9998 0.0090 0.0173
vn 0.9998 -0.0159 -0.0128
vn 0.9951 0.0981 0.0077
vn 0.9395 -0.3330 -0.0804
vn 0.7025 -0.6938 -0.1587
vn 0.3477 -0.9148 -0.2058
vn 0.0149 -0.9761 -0.2169
vn -0.3031 -0.9308 -0.2044
vn -0.6427 -0.7488 -0.1618
vn -0.9017 -0.4234 -0.0878
vn -0.9939 -0.1090 -0.0151
vn -0.9998 0.0098 0.0147
vn 0.9998 -0.0161 -0.0089
vn 0.9950 0.0996 -0.0045
vn 0.9400 -0.3396 -0.0318
vn 0.7036 -0.7081 -0.0595
vn 0.3492 -0.9340 -0.0759
vn 0.0164 -0.9967 -0.0790
vn -0.3015 -0.9506 -0.0733
vn -0.6416 -0.7649 -0.0571
vn -0.9010 -0.4327 -0.0295
vn -0.9938 -0.1114 -0.0013
vn -0.9999 0.0103 0.0117
vn 0.9999 -0.0158 -0.0051
vn 0.9949 0.0995 -0.0168
vn 0.9405 -0.3393 0.0172
vn 0.7045 -0.7085 0.0407
vn 0.3504 -0.9349 0.0554
vn 0.0177 -0.9980 0.0605
vn -0.3003 -0.9520 0.0592
vn -0.6405 -0.7664 0.0490
vn -0.9005 -0.4339 0.0296
vn -0.9936 -0.1119 0.0126
vn -0.9999 0.0104 0.0084
vn 0.9999 -0.0149 -0.0013
vn 0.9948 0.0976 -0.0289
vn 0.9409 -0.3323 0.0657
vn 0.7053 -0.6950 0.1400
vn 0.3515 -0.9176 0.1855
vn 0.0188 -0.9798 0.1989
vn -0.2992 -0.9349 0.1907
vn -0.6397 -0.7530 0.1542
vn -0.9000 -0.4269 0.0883
vn -0.9935 -0.1105 0.0265
vn -0.9999 0.0101 0.0054
vn 0.9999 -0.0135 0.0024
vn 0.9947 0.0941 -0.0406
vn 0.9412 -0.3186 0.1128
vn 0.7059 -0.6677 0.2364
vn 0.3523 -0.8824 0.3119
vn 0.0197 -0.9426 0.3333
vn -0.2985 -0.8997 0.3184
vn -0.6390 -0.7252 0.2565
vn -0.8996 -0.4117 0.1455
vn -0.9934 -0.1072 0.0401
vn -1.0000 0.0093 0.0025
vn 0.9999 -0.0116 0.0058
vn 0.9947 0.0889 -0.0518
vn 0.9414 -0.2984 0.1575
vn 0.7063 -0.6273 0.3281
vn 0.3527 -0.8299 0.4322
vn 0.0202 -0.8870 0.4613
vn -0.2979 -0.8471 0.4401
vn -0.6386 -0.6833 0.3539
vn -0.8994 -0.3887 0.2000
vn -0.9934 -0.1020 0.0531
vn -1.0000 0.0082 -0.0004
vn 0.9999 -0.0093 0.0089
vn 0.9947 0.0822 -0.0622
vn 0.9414 -0.2723 0.1989
vn 0.7065 -0.5745 0.4133
vn 0.3530 -0.7612 0.5440
vn 0.0205 -0.8142 0.5802
vn -0.2977 -0.7780 0.5532
vn -0.6384 -0.6284 0.4445
vn -0.8993 -0.3584 0.2507
vn -0.9933 -0.0950 0.0652
vn -1.0000 0.0065 -0.0032
vn 0.9999 -0.0065 0.0116
vn 0.9947 0.0742 -0.0714
vn 0.9414 -0.2406 0.2363
vn 0.7064 -0.5104 0.4903
vn 0.3530 -0.6776 0.6452
vn 0.0205 -0.7255 0.6879
vn -0.2977 -0.6939 0.6556
vn -0.6384 -0.5613 0.5267
vn -0.8993 -0.3213 0.2968
vn -0.9933 -0.0864 0.0763
vn -1.0000 0.0046 -0.0056
vn 0.9999 -0.0034 0.0140
vn 0.9947 0.0650 -0.0795
vn 0.9413 -0.2040 0.2690
vn 0.7062 -0.4362 0.5577
vn 0.3526 -0.5807 0.7338
vn 0.0201 -0.6227 0.7822
vn -0.2980 -0.5963 0.7454
vn -0.6387 -0.4835 0.5987
vn -0.8994 -0.2782 0.3372
vn -0.9934 -0.0764 0.0860
vn -1.0000 0.0021 -0.0080
vn 0.9999 -0.0000 0.0159
vn 0.9948 0.0547 -0.0863
vn 0.9411 -0.1633 0.2962
vn 0.7058 -0.3533 0.6141
vn 0.3521 -0.4724 0.8080
vn 0.0195 -0.5077 0.8613
vn -0.2986 -0.4872 0.8207
vn -0.6391 -0.3964 0.6591
vn -0.8996 -0.2298 0.3712
vn -0.9934 -0.0651 0.0943
vn -1.0000 -0.0001 -0.0095
vn 0.9998 0.0036 0.0173
vn 0.9949 0.0437 -0.0915
vn 0.9407 -0.1191 0.3175
vn 0.7051 -0.2634 0.6583
vn 0.3513 -0.3549 0.8664
vn 0.0186 -0.3829 0.9236
vn -0.2994 -0.3687 0.8800
vn -0.6398 -0.3017 0.7068
vn -0.9000 -0.1772 0.3982
vn -0.9935 -0.0528 0.1009
vn -0.9999 -0.0028 -0.0109
vn 0.9998 0.0074 0.0181
vn 0.9950 0.0318 -0.0951
vn 0.9403 -0.0724 0.3325
vn 0.7043 -0.1683 0.6897
vn 0.3502 -0.2304 0.9079
vn 0.0175 -0.2506 0.9679
vn -0.3005 -0.2431 0.9223
vn -0.6406 -0.2013 0.7410
vn -0.9005 -0.1214 0.4176
vn -0.9936 -0.0396 0.1057
vn -0.9999 -0.0059 -0.0120
vn 0.9998 0.0113 0.0185
vn 0.9951 0.0197 -0.0971
vn 0.9398 -0.0241 0.3407
vn 0.7033 -0.0696 0.7075
vn 0.3488 -0.1013 0.9317
vn 0.0161 -0.1135 0.9934
vn -0.3018 -0.1128 0.9467
vn -0.6417 -0.0972 0.7608
vn -0.9011 -0.0634 0.4290
vn -0.9937 -0.0260 0.1087
vn -0.9999 -0.0088 -0.0126
vn 0.9997 0.0152 0.0183
vn 0.9952 0.0075 -0.0973
vn 0.9393 0.0249 0.3422
vn 0.7021 0.0305 0.7114
vn 0.3474 0.0298 0.9373
vn 0.0145 0.0259 0.9996
vn -0.3033 0.0196 0.9527
vn -0.6429 0.0087 0.7659
vn -0.9017 -0.0043 0.4323
vn -0.9939 -0.0120 0.1097
vn -0.9998 -0.0119 -0.0128
vn 0.9997 0.0190 0.0175
vn 0.9954 -0.0047 -0.0959
vn 0.9387 0.0736 0.3369
vn 0.7009 0.1302 0.7013
vn 0.3457 0.1605 0.9245
vn 0.0128 0.1648 0.9863
vn -0.3050 0.1515 0.9402
vn -0.6443 0.1143 0.7562
vn -0.9025 0.0546 0.4273
vn -0.9941 0.0020 0.1087
vn -0.9998 -0.0150 -0.0126
vn 0.9996 0.0227 0.0163
vn 0.9956 -0.0166 -0.0927
vn 0.9380 0.1211 0.3248
vn 0.6995 0.2275 0.6775
vn 0.3439 0.2881 0.8937
vn 0.0109 0.3004 0.9537
vn -0.3068 0.2804 0.9095
vn -0.6457 0.2175 0.7320
vn -0.9033 0.1122 0.4141
vn -0.9943 0.0156 0.1059
vn -0.9998 -0.0180 -0.0119
vn 0.9996 0.0262 0.0145
vn 0.9957 -0.0280 -0.0880
vn 0.9373 0.1665 0.3063
vn 0.6980 0.3206 0.6403
vn 0.3420 0.4101 0.8455
vn 0.0088 0.4302 0.9027
vn -0.3087 0.4038 0.8612
vn -0.6472 0.3163 0.6936
vn -0.9041 0.1674 0.3931
vn -0.9945 0.0288 0.1011
vn -0.9997 -0.0211 -0.0108
vn 0.9995 0.0294 0.0122
vn 0.9959 -0.0385 -0.0817
vn 0.9365 0.2088 0.2816
vn 0.6965 0.4076 0.5905
vn 0.3401 0.5243 0.7807
vn 0.0068 0.5517 0.8340
vn -0.3108 0.5193 0.7961
vn -0.6488 0.4088 0.6418
vn -0.9050 0.2192 0.3646
vn -0.9947 0.0412 0.0946
vn -0.9997 -0.0238 -0.0093
vn 0.9994 0.0322 0.0096
vn 0.9961 -0.0481 -0.0740
vn 0.9358 0.2473 0.2512
vn 0.6950 0.4868 0.5291
vn 0.3381 0.6283 0.7007
vn 0.0046 0.6624 0.7492
vn -0.3127 0.6246 0.7156
vn -0.6504 0.4932 0.5777
vn -0.9059 0.2665 0.3291
vn -0.9949 0.0525 0.0864
vn -0.9996 -0.0261 -0.0076
vn 0.9994 0.0347 0.0066
vn 0.9963 -0.0564 -0.0651
vn 0.9351 0.2812 0.2158
vn 0.6935 0.5567 0.4573
vn 0.3361 0.7202 0.6069
vn 0.0026 0.7602 0.6497
vn -0.3147 0.7177 0.6213
vn -0.6520 0.5679 0.5024
vn -0.9068 0.3084 0.2874
vn -0.9951 0.0626 0.0767
vn -0.9996 -0.0284 -0.0054
vn 0.9993 0.0367 0.0032
vn 0.9965 -0.0636 -0.0550
vn 0.9343 0.3099 0.1760
vn 0.6921 0.6159 0.3765
vn 0.3342 0.7981 0.5013
vn 0.0005 0.8432 0.5376
vn -0.3166 0.7967 0.5149
vn -0.6536 0.6313 0.4175
vn -0.9077 0.3441 0.2403
vn -0.9953 0.0712 0.0657
vn -0.9995 -0.0306 -0.0025
vn 0.9993 0.0382 -0.0004
vn 0.9966 -0.0692 -0.0441
vn 0.9337 0.3327 0.1327
vn 0.6907 0.6633 0.2882
vn 0.3324 0.8606 0.3859
vn -0.0014 0.9098 0.4150
vn -0.3185 0.8601 0.3985
vn -0.6550 0.6823 0.3245
vn -0.9085 0.3729 0.1886
vn -0.9955 0.0782 0.0536
vn -0.9995 -0.0319 -0.0002
vn 0.9992 0.0392 -0.0041
vn 0.9968 -0.0732 -0.0325
vn 0.9330 0.3492 0.0865
vn 0.6894 0.6979 0.1942
vn 0.3307 0.9064 0.2629
vn -0.0032 0.9587 0.2844
vn -0.3202 0.9067 0.2744
vn -0.6564 0.7200 0.2254
vn -0.9093 0.3942 0.1335
vn -0.9957 0.0835 0.0406
vn -0.9995 -0.0330 0.0027
vn 0.9992 0.0397 -0.0080
vn 0.9969 -0.0756 -0.0205
vn 0.9325 0.3592 0.0385
vn 0.6882 0.7191 0.0962
vn 0.3291 0.9346 0.1348
vn -0.0049 0.9889 0.1482
vn -0.3218 0.9356 0.1451
vn -0.6576 0.7434 0.1220
vn -0.9100 0.4077 0.0759
vn -0.9958 0.0869 0.0271
vn -0.9994 -0.0338 0.0062
vn 0.9506 0.3099 -0.0185
vn 0.9310 0.3649 -0.0078
vn 0.9304 0.3547 -0.0925
vn 0.9500 0.2990 -0.0896
vn 0.8963 0.4434 -0.0056
vn 0.8954 0.4316 -0.1092
vn 0.8837 0.4678 0.0143
vn 0.8828 0.4599 -0.0958
vn 0.9300 0.3247 -0.1723
vn 0.9497 0.2714 -0.1559
vn 0.8950 0.3952 -0.2070
vn 0.8822 0.4259 -0.2008
vn 0.9299 0.2764 -0.2425
vn 0.9498 0.2288 -0.2135
vn 0.8948 0.3366 -0.2933
vn 0.8820 0.3678 -0.2947
vn 0.9302 0.2128 -0.2991
vn 0.9500 0.1735 -0.2596
vn 0.8950 0.2590 -0.3631
vn 0.8822 0.2889 -0.3719
vn 0.9307 0.1374 -0.3390
vn 0.9505 0.1088 -0.2912
vn 0.8957 0.1668 -0.4121
vn 0.8828 0.1938 -0.4280
vn 0.9315 0.0548 -0.3596
vn 0.9512 0.0388 -0.3063
vn 0.8966 0.0657 -0.4378
vn 0.8837 0.0881 -0.4597
vn 0.9325 -0.0303 -0.3598
vn 0.9521 -0.0328 -0.3041
vn 0.8979 -0.0386 -0.4385
vn 0.8850 -0.0222 -0.4651
vn 0.9337 -0.1130 -0.3397
vn 0.9531 -0.1021 -0.2850
vn 0.8993 -0.1401 -0.4143
vn 0.8864 -0.1305 -0.4441
vn 0.9350 -0.1885 -0.3003
vn 0.9542 -0.1646 -0.2499
vn 0.9008 -0.2328 -0.3664
vn 0.8881 -0.2307 -0.3977
vn 0.9363 -0.2524 -0.2441
vn 0.9554 -0.2171 -0.2004
vn 0.9024 -0.3114 -0.2978
vn 0.8897 -0.3168 -0.3287
vn 0.9375 -0.3012 -0.1740
vn 0.9564 -0.2566 -0.1394
vn 0.9040 -0.3712 -0.2123
vn 0.8914 -0.3839 -0.2410
vn 0.9386 -0.3318 -0.0944
vn 0.9573 -0.2802 -0.0711
vn 0.9053 -0.4089 -0.1150
vn 0.8928 -0.4281 -0.1399
vn 0.9395 -0.3424 -0.0098
vn 0.9580 -0.2869 0.0001
vn 0.9064 -0.4222 -0.0115
vn 0.8941 -0.4468 -0.0311
vn 0.9402 -0.3324 0.0746
vn 0.9585 -0.2762 0.0706
vn 0.9073 -0.4103 0.0922
vn 0.8950 -0.4390 0.0790
vn 0.9406 -0.3024 0.1543
vn 0.9588 -0.2487 0.1372
vn 0.9078 -0.3739 0.1900
vn 0.8956 -0.4050 0.1840
vn 0.9407 -0.2543 0.2247
vn 0.9589 -0.2057 0.1954
vn 0.9079 -0.3153 0.2763
vn 0.8958 -0.3468 0.2779
vn 0.9404 -0.1905 0.2815
vn 0.9587 -0.1499 0.2419
vn 0.9076 -0.2377 0.3460
vn 0.8956 -0.2679 0.3551
vn 0.9399 -0.1151 0.3215
vn 0.9581 -0.0847 0.2735
vn 0.9070 -0.1456 0.3951
vn 0.8950 -0.1728 0.4112
vn 0.9391 -0.0323 0.3422
vn 0.9574 -0.0144 0.2885
vn 0.9061 -0.0444 0.4208
vn 0.8941 -0.0671 0.4429
vn 0.9380 0.0529 0.3425
vn 0.9565 0.0572 0.2861
vn 0.9048 0.0599 0.4215
vn 0.8928 0.0431 0.4483
vn 0.9369 0.1357 0.3223
vn 0.9555 0.1266 0.2663
vn 0.9034 0.1614 0.3973
vn 0.8914 0.1515 0.4273
vn 0.9356 0.2115 0.2827
vn 0.9544 0.1897 0.2305
vn 0.9019 0.2541 0.3493
vn 0.8897 0.2516 0.3809
vn 0.9343 0.2755 0.2264
vn 0.9533 0.2417 0.1814
vn 0.9003 0.3327 0.2807
vn 0.8881 0.3378 0.3118
vn 0.9331 0.3239 0.1564
vn 0.9522 0.2802 0.1214
vn 0.8988 0.3925 0.1952
vn 0.8864 0.4049 0.2242
vn 0.9320 0.3543 0.0768
vn 0.9513 0.3036 0.0533
vn 0.8974 0.4302 0.0980
vn 0.8850 0.4491 0.1231
vn 0.0032 0.4440 0.8960
vn 0.0143 -0.9441 0.3294
vn 0.0139 -0.9641 0.2650
vn 0.0141 -0.9546 0.2974
vn 0.0132 -0.9858 0.1676
vn 0.0135 -0.9797 0.2001
vn 0.0124 -0.9974 0.0706
vn 0.0127 -0.9946 0.1028
vn 0.0116 -0.9996 -0.0242
vn 0.0119 -0.9999 0.0071
vn 0.0106 -0.9930 -0.1180
vn 0.0109 -0.9962 -0.0867
vn 0.0095 -0.9772 -0.2122
vn 0.0099 -0.9835 -0.1808
vn 0.0083 -0.9519 -0.3063
vn 0.0087 -0.9614 -0.2750
vn 0.0079 -0.9414 -0.3372
vn -0.0137 0.4452 -0.8953
vn 0.0143 -0.5303 0.8477
vn 0.0149 -0.6625 0.7489
vn 0.0147 -0.6204 0.7842
vn 0.0140 -0.4823 0.8759
vn 0.0151 -0.7760 0.6305
vn 0.0151 -0.7404 0.6720
vn 0.0151 -0.8093 0.5872
vn -0.0034 -0.4337 -0.9010
vn 0.0117 -0.9999 -0.0092
vn 0.0137 -0.4397 0.8980
vn 0.0039 -0.8058 -0.5922
vn 0.0024 -0.7404 -0.6722
vn 0.0031 -0.7742 -0.6330
vn 0.0001 -0.6279 -0.7783
vn 0.0008 -0.6672 -0.7449
vn -0.0023 -0.4995 -0.8663
vn -0.0015 -0.5440 -0.8391
vn -0.0031 -0.4538 -0.8911
vn -0.0140 0.4915 -0.8708
vn -0.0117 0.9999 0.0092
vn 0.0020 0.5141 0.8578
vn 0.0137 -0.4329 0.9013
vn 0.0136 -0.4329 0.9013
vn -0.0080 -0.1164 -0.9932
vn -0.0083 -0.0904 -0.9959
vn -0.0082 -0.1035 -0.9946
vn -0.0088 -0.0531 -0.9985
vn -0.0087 -0.0653 -0.9978
vn -0.0092 -0.0185 -0.9998
vn -0.0091 -0.0297 -0.9995
vn -0.0099 0.0411 -0.9991
vn -0.0097 0.0170 -0.9998
vn -0.0110 0.1398 -0.9901
vn -0.0106 0.1026 -0.9947
vn -0.0121 0.2495 -0.9683
vn -0.0118 0.2133 -0.9769
vn -0.0130 0.3549 -0.9348
vn -0.0127 0.3203 -0.9472
vn -0.0139 0.4749 -0.8799
vn -0.0136 0.4324 -0.9016
vn -0.0147 0.6127 -0.7902
vn -0.0145 0.5654 -0.8247
vn -0.0151 0.7409 -0.6715
vn -0.0150 0.7004 -0.7136
vn -0.0150 0.8469 -0.5316
vn -0.0151 0.8141 -0.5805
vn -0.0149 0.8766 -0.4810
vn 0.0141 -0.4955 0.8685
vn -0.0142 0.9509 -0.3093
vn -0.0138 0.9685 -0.2488
vn -0.0140 0.9601 -0.2792
vn -0.0132 0.9874 -0.1574
vn -0.0134 0.9821 -0.1879
vn -0.0124 0.9977 -0.0661
vn -0.0127 0.9953 -0.0964
vn -0.0116 0.9997 0.0227
vn -0.0119 0.9999 -0.0065
vn -0.0107 0.9939 0.1096
vn -0.0110 0.9967 0.0808
vn -0.0097 0.9806 0.1957
vn -0.0101 0.9859 0.1670
vn -0.0087 0.9597 0.2810
vn -0.0090 0.9675 0.2527
vn -0.0083 0.9510 0.3090
vn -0.0060 0.8847 0.4662
vn -0.0047 0.8360 0.5487
vn -0.0054 0.8614 0.5080
vn -0.0026 0.7495 0.6620
vn -0.0033 0.7801 0.6257
vn -0.0005 0.6484 0.7613
vn -0.0012 0.6837 0.7298
vn 0.0017 0.5331 0.8460
vn 0.0010 0.5731 0.8195
vn 0.0039 0.4044 0.9146
vn 0.0032 0.4488 0.8936
vn 0.0060 0.2646 0.9643
vn 0.0053 0.3123 0.9500
vn 0.0080 0.1168 0.9931
vn 0.0074 0.1668 0.9860
vn 0.0094 0.0064 0.9999
vn 0.0090 0.0365 0.9993
vn 0.0100 -0.0441 0.9990
vn 0.0099 -0.0340 0.9994
vn 0.0103 -0.0759 0.9971
vn 0.0102 -0.0651 0.9978
vn 0.0107 -0.1091 0.9940
vn 0.0106 -0.0979 0.9951
vn 0.0108 -0.1202 0.9927
vn -0.0024 -0.4922 -0.8705
vn 0.9999 0.0118 -0.0095
vn 0.9999 0.0118 -0.0094
vn 0.9999 0.0118 -0.0096
vn 0.9999 0.0118 -0.0091
vn 0.9999 0.0118 -0.0109
vn 0.9999 0.0118 -0.0066
vn 0.9700 0.2428 -0.0124
vn 0.9584 0.2853 -0.0076
vn 0.9581 0.2828 -0.0457
vn 0.9697 0.2401 -0.0446
vn 0.9316 0.3636 -0.0065
vn 0.9311 0.3605 -0.0555
vn 0.9073 0.4204 -0.0053
vn 0.9068 0.4169 -0.0624
vn 0.8975 0.4411 0.0055
vn 0.8969 0.4388 -0.0546
vn 0.9991 -0.0422 -0.0087
vn 0.9990 -0.0422 -0.0112
vn 0.9991 -0.0419 -0.0036
vn 0.9991 -0.0416 -0.0012
vn 0.0549 -0.9984 0.0137
vn 0.2100 -0.9776 -0.0116
vn 0.2112 -0.9694 0.1249
vn 0.0561 -0.9867 0.1526
vn 0.3597 -0.9325 -0.0337
vn 0.3609 -0.9276 0.0969
vn 0.8669 -0.4984 -0.0010
vn 0.9392 -0.3430 -0.0159
vn 0.9397 -0.3405 0.0335
vn 0.8675 -0.4925 0.0697
vn 0.9978 -0.0649 -0.0128
vn 0.9979 -0.0646 -0.0021
vn 0.9988 0.0486 -0.0084
vn 0.9987 0.0484 -0.0135
vn 0.0228 -0.9996 0.0140
vn 0.0224 -0.9992 -0.0326
vn 0.0237 -0.9940 0.1068
vn 0.0240 -0.9879 0.1530
vn -0.0119 0.9998 -0.0141
vn -0.0115 0.9994 0.0325
vn -0.0128 0.9942 -0.1069
vn -0.0131 0.9881 -0.1531
vn -0.9999 -0.0118 0.0095
vn 0.0354 -0.9993 0.0139
vn 0.0350 -0.9989 -0.0327
vn 0.0363 -0.9936 0.1067
vn 0.0366 -0.9876 0.1529
vn -0.8214 0.5704 -0.0005
vn -0.8211 0.5702 0.0265
vn -0.8218 0.5672 -0.0543
vn -0.8220 0.5636 -0.0811
vn 0.9578 0.2751 -0.0831
vn 0.9695 0.2329 -0.0761
vn 0.9307 0.3507 -0.1037
vn 0.9064 0.4055 -0.1183
vn 0.8965 0.4282 -0.1138
vn 0.9992 -0.0406 0.0038
vn 0.9992 -0.0399 0.0062
vn 0.2121 -0.9423 0.2589
vn 0.0570 -0.9558 0.2885
vn 0.3618 -0.9045 0.2256
vn 0.9400 -0.3312 0.0820
vn 0.8680 -0.4767 0.1389
vn 0.9980 -0.0628 0.0085
vn 0.9987 0.0474 -0.0186
vn 0.0247 -0.9694 0.2442
vn 0.0249 -0.9570 0.2890
vn -0.0138 0.9696 -0.2443
vn -0.0140 0.9572 -0.2892
vn 0.0373 -0.9691 0.2440
vn 0.0375 -0.9566 0.2888
vn -0.8224 0.5529 -0.1340
vn -0.8226 0.5457 -0.1600
vn 0.9576 0.2622 -0.1191
vn 0.9694 0.2214 -0.1062
vn 0.9305 0.3340 -0.1500
vn 0.9061 0.3863 -0.1722
vn 0.8962 0.4095 -0.1708
vn 0.9992 -0.0382 0.0110
vn 0.9992 -0.0373 0.0131
vn 0.2127 -0.8968 0.3878
vn 0.0577 -0.9063 0.4188
vn 0.3625 -0.8638 0.3498
vn 0.9403 -0.3152 0.1287
vn 0.8683 -0.4515 0.2053
vn 0.9980 -0.0596 0.0187
vn 0.9987 0.0459 -0.0233
vn 0.0254 -0.9260 0.3767
vn 0.0256 -0.9074 0.4194
vn -0.0145 0.9262 -0.3768
vn -0.0147 0.9076 -0.4196
vn 0.0380 -0.9256 0.3765
vn 0.0382 -0.9071 0.4192
vn -0.8228 0.5277 -0.2109
vn -0.8229 0.5169 -0.2357
vn 0.9575 0.2444 -0.1530
vn 0.9693 0.2059 -0.1345
vn 0.9304 0.3112 -0.1936
vn 0.9060 0.3599 -0.2229
vn 0.8960 0.3831 -0.2247
vn 0.9992 -0.0348 0.0178
vn 0.9992 -0.0336 0.0198
vn 0.2132 -0.8338 0.5092
vn 0.0580 -0.8391 0.5409
vn 0.3629 -0.8062 0.4672
vn 0.9404 -0.2929 0.1728
vn 0.8685 -0.4173 0.2675
vn 0.9981 -0.0550 0.0284
vn 0.9987 0.0436 -0.0280
vn 0.0258 -0.8645 0.5020
vn 0.0259 -0.8402 0.5417
vn -0.0150 0.8647 -0.5021
vn -0.0150 0.8404 -0.5418
vn 0.0385 -0.8642 0.5017
vn 0.0385 -0.8399 0.5414
vn -0.8231 0.4920 -0.2836
vn -0.8232 0.4779 -0.3066
vn 0.9575 0.2222 -0.1840
vn 0.9693 0.1865 -0.1603
vn 0.9303 0.2826 -0.2336
vn 0.9060 0.3266 -0.2694
vn 0.8959 0.3493 -0.2745
vn 0.9992 -0.0307 0.0239
vn 0.9992 -0.0291 0.0258
vn 0.2134 -0.7545 0.6206
vn 0.0581 -0.7556 0.6525
vn 0.3631 -0.7328 0.5754
vn 0.9405 -0.2646 0.2133
vn 0.8685 -0.3748 0.3243
vn 0.9981 -0.0491 0.0373
vn 0.9987 0.0407 -0.0322
vn 0.0260 -0.7862 0.6174
vn 0.0260 -0.7566 0.6534
vn -0.0151 0.7864 -0.6175
vn -0.0151 0.7568 -0.6535
vn 0.0386 -0.7859 0.6172
vn 0.0386 -0.7563 0.6531
vn -0.8232 0.4466 -0.3506
vn -0.8232 0.4294 -0.3714
vn 0.9576 0.1957 -0.2116
vn 0.9693 0.1638 -0.1833
vn 0.9304 0.2487 -0.2692
vn 0.9060 0.2872 -0.3108
vn 0.8960 0.3090 -0.3190
vn 0.9992 -0.0256 0.0295
vn 0.9992 -0.0238 0.0312
vn 0.2132 -0.6605 0.7199
vn 0.0579 -0.6573 0.7514
vn 0.3630 -0.6451 0.6724
vn 0.9404 -0.2310 0.2495
vn 0.8684 -0.3248 0.3746
vn 0.9981 -0.0420 0.0453
vn 0.9987 0.0372 -0.0361
vn 0.0259 -0.6926 0.7209
vn 0.0258 -0.6583 0.7523
vn -0.0150 0.6928 -0.7210
vn -0.0149 0.6585 -0.7525
vn 0.0385 -0.6923 0.7206
vn 0.0384 -0.6580 0.7520
vn -0.8231 0.3923 -0.4106
vn -0.8231 0.3724 -0.4288
vn 0.9576 0.1659 -0.2354
vn 0.9694 0.1381 -0.2028
vn 0.9306 0.2101 -0.2998
vn 0.9062 0.2425 -0.3464
vn 0.8961 0.2629 -0.3576
vn 0.9992 -0.0197 0.0344
vn 0.9992 -0.0178 0.0357
vn 0.2126 -0.5537 0.8051
vn 0.0573 -0.5463 0.8356
vn 0.3626 -0.5448 0.7562
vn 0.9403 -0.1927 0.2807
vn 0.8682 -0.2683 0.4175
vn 0.9981 -0.0339 0.0523
vn 0.9987 0.0332 -0.0394
vn 0.0255 -0.5855 0.8103
vn 0.0253 -0.5472 0.8366
vn -0.0146 0.5857 -0.8104
vn -0.0144 0.5473 -0.8368
vn 0.0381 -0.5852 0.8100
vn 0.0379 -0.5469 0.8363
vn -0.8229 0.3302 -0.4625
vn -0.8228 0.3079 -0.4778
vn 0.9579 0.1328 -0.2546
vn 0.9696 0.1099 -0.2185
vn 0.9308 0.1677 -0.3247
vn 0.9065 0.1933 -0.3754
vn 0.8964 0.2118 -0.3893
vn 0.9992 -0.0133 0.0383
vn 0.9992 -0.0112 0.0394
vn 0.2119 -0.4359 0.8747
vn 0.0565 -0.4246 0.9036
vn 0.3619 -0.4337 0.8252
vn 0.9400 -0.1504 0.3062
vn 0.8678 -0.2063 0.4521
vn 0.9980 -0.0248 0.0580
vn 0.9987 0.0288 -0.0421
vn 0.0248 -0.4670 0.8839
vn 0.0245 -0.4254 0.9047
vn -0.0139 0.4672 -0.8840
vn -0.0136 0.4255 -0.9048
vn 0.0374 -0.4668 0.8836
vn 0.0371 -0.4251 0.9044
vn -0.8225 0.2614 -0.5052
vn -0.8223 0.2373 -0.5172
vn 0.9582 0.0974 -0.2691
vn 0.9699 0.0799 -0.2302
vn 0.9312 0.1222 -0.3433
vn 0.9069 0.1404 -0.3972
vn 0.8969 0.1569 -0.4136
vn 0.9991 -0.0064 0.0414
vn 0.9991 -0.0043 0.0421
vn 0.2110 -0.3096 0.9272
vn 0.0555 -0.2947 0.9540
vn 0.3610 -0.3141 0.8781
vn 0.9396 -0.1050 0.3257
vn 0.8672 -0.1401 0.4778
vn 0.9979 -0.0151 0.0624
vn 0.9987 0.0242 -0.0441
vn 0.0238 -0.3394 0.9403
vn 0.0234 -0.2953 0.9551
vn -0.0129 0.3396 -0.9405
vn -0.0125 0.2954 -0.9553
vn 0.0364 -0.3392 0.9400
vn 0.0360 -0.2951 0.9548
vn -0.8219 0.1874 -0.5379
vn -0.8217 0.1618 -0.5465
vn 0.9585 0.0604 -0.2786
vn 0.9702 0.0484 -0.2375
vn 0.9316 0.0746 -0.3556
vn 0.9074 0.0851 -0.4115
vn 0.8974 0.0991 -0.4300
vn 0.9991 0.0009 0.0434
vn 0.9990 0.0032 0.0438
vn 0.2098 -0.1773 0.9615
vn 0.0542 -0.1590 0.9858
vn 0.3598 -0.1884 0.9138
vn 0.9392 -0.0573 0.3386
vn 0.8666 -0.0710 0.4940
vn 0.9978 -0.0049 0.0655
vn 0.9988 0.0193 -0.0455
vn 0.0226 -0.2053 0.9784
vn 0.0221 -0.1595 0.9870
vn -0.0117 0.2054 -0.9786
vn -0.0112 0.1596 -0.9871
vn 0.0352 -0.2051 0.9781
vn 0.0347 -0.1593 0.9866
vn -0.8212 0.1095 -0.5600
vn -0.8209 0.0830 -0.5650
vn 0.9589 0.0224 -0.2828
vn 0.9705 0.0163 -0.2405
vn 0.9322 0.0258 -0.3611
vn 0.9080 0.0284 -0.4180
vn 0.8980 0.0396 -0.4382
vn 0.9990 0.0083 0.0444
vn 0.9990 0.0105 0.0445
vn 0.2084 -0.0414 0.9772
vn 0.0527 -0.0202 0.9984
vn 0.3585 -0.0589 0.9317
vn 0.9387 -0.0083 0.3447
vn 0.8658 -0.0004 0.5004
vn 0.9977 0.0058 0.0671
vn 0.9988 0.0143 -0.0462
vn 0.0211 -0.0671 0.9975
vn 0.0206 -0.0206 0.9996
vn -0.0102 0.0672 -0.9977
vn -0.0097 0.0207 -0.9997
vn 0.0337 -0.0669 0.9972
vn 0.0332 -0.0204 0.9992
vn -0.8204 0.0294 -0.5711
vn -0.8201 0.0024 -0.5723
vn 0.9594 -0.0158 -0.2817
vn 0.9709 -0.0159 -0.2389
vn 0.9327 -0.0234 -0.3598
vn 0.9088 -0.0288 -0.4163
vn 0.8987 -0.0205 -0.4381
vn 0.9989 0.0158 0.0444
vn 0.9989 0.0181 0.0442
vn 0.2066 0.0952 0.9738
vn 0.0510 0.1191 0.9916
vn 0.3569 0.0719 0.9314
vn 0.9381 0.0411 0.3440
vn 0.8649 0.0705 0.4970
vn 0.9976 0.0165 0.0672
vn 0.9989 0.0090 -0.0461
vn 0.0195 0.0724 0.9972
vn 0.0189 0.1188 0.9927
vn -0.0086 -0.0723 -0.9973
vn -0.0080 -0.1187 -0.9929
vn 0.0321 0.0726 0.9968
vn 0.0315 0.1189 0.9924
vn -0.8194 -0.0516 -0.5709
vn -0.8191 -0.0784 -0.5683
vn 0.9599 -0.0535 -0.2753
vn 0.9714 -0.0476 -0.2328
vn 0.9334 -0.0720 -0.3515
vn 0.9095 -0.0852 -0.4069
vn 0.8995 -0.0800 -0.4295
vn 0.9988 0.0232 0.0433
vn 0.9988 0.0256 0.0428
vn 0.2049 0.2301 0.9513
vn 0.0491 0.2559 0.9654
vn 0.3553 0.2013 0.9128
vn 0.9374 0.0899 0.3363
vn 0.8640 0.1402 0.4836
vn 0.9975 0.0271 0.0658
vn 0.9990 0.0040 -0.0454
vn 0.0177 0.2105 0.9774
vn 0.0170 0.2558 0.9666
vn -0.0067 -0.2104 -0.9776
vn -0.0061 -0.2557 -0.9667
vn 0.0303 0.2106 0.9771
vn 0.0296 0.2559 0.9663
vn -0.8183 -0.1317 -0.5594
vn -0.8180 -0.1579 -0.5531
vn 0.9604 -0.0899 -0.2636
vn 0.9718 -0.0782 -0.2224
vn 0.9341 -0.1188 -0.3365
vn 0.9103 -0.1397 -0.3897
vn 0.9003 -0.1377 -0.4128
vn 0.9987 0.0305 0.0412
vn 0.9987 0.0327 0.0403
vn 0.2029 0.3606 0.9104
vn 0.0471 0.3879 0.9205
vn 0.3534 0.3269 0.8765
vn 0.9367 0.1372 0.3220
vn 0.8630 0.2074 0.4608
vn 0.9973 0.0374 0.0629
vn 0.9990 -0.0009 -0.0440
vn 0.0157 0.3445 0.9387
vn 0.0151 0.3878 0.9216
vn -0.0048 -0.3444 -0.9388
vn -0.0041 -0.3877 -0.9218
vn 0.0283 0.3446 0.9383
vn 0.0276 0.3879 0.9213
vn -0.8172 -0.2094 -0.5369
vn -0.8168 -0.2345 -0.5270
vn 0.9610 -0.1243 -0.2471
vn 0.9723 -0.1070 -0.2079
vn 0.9348 -0.1632 -0.3153
vn 0.9112 -0.1912 -0.3649
vn 0.9012 -0.1925 -0.3883
vn 0.9986 0.0373 0.0382
vn 0.9985 0.0394 0.0370
vn 0.2010 0.4840 0.8517
vn 0.0450 0.5123 0.8576
vn 0.3515 0.4461 0.8230
vn 0.9360 0.1820 0.3012
vn 0.8619 0.2707 0.4288
vn 0.9972 0.0472 0.0586
vn 0.9991 -0.0057 -0.0418
vn 0.0137 0.4718 0.8816
vn 0.0130 0.5123 0.8587
vn -0.0028 -0.4717 -0.8818
vn -0.0021 -0.5122 -0.8588
vn 0.0263 0.4718 0.8813
vn 0.0256 0.5124 0.8584
vn -0.8160 -0.2833 -0.5038
vn -0.8156 -0.3068 -0.4906
vn 0.9616 -0.1561 -0.2259
vn 0.9728 -0.1335 -0.1895
vn 0.9355 -0.2041 -0.2882
vn 0.9120 -0.2389 -0.3334
vn 0.9021 -0.2433 -0.3563
vn 0.9985 0.0437 0.0341
vn 0.9984 0.0456 0.0326
vn 0.1989 0.5981 0.7763
vn 0.0429 0.6267 0.7781
vn 0.3496 0.5568 0.7535
vn 0.9353 0.2235 0.2744
vn 0.8608 0.3290 0.3883
vn 0.9970 0.0563 0.0531
vn 0.9992 -0.0100 -0.0391
vn 0.0116 0.5899 0.8074
vn 0.0109 0.6268 0.7791
vn -0.0007 -0.5898 -0.8075
vn -0.0000 -0.6268 -0.7792
vn 0.0242 0.5899 0.8071
vn 0.0235 0.6269 0.7788
vn -0.8148 -0.3518 -0.4608
vn -0.8144 -0.3732 -0.4444
vn 0.9621 -0.1846 -0.2005
vn 0.9733 -0.1572 -0.1675
vn 0.9363 -0.2409 -0.2554
vn 0.9129 -0.2816 -0.2955
vn 0.9030 -0.2893 -0.3176
vn 0.9983 0.0494 0.0293
vn 0.9983 0.0511 0.0276
vn 0.1968 0.7006 0.6858
vn 0.0409 0.7289 0.6834
vn 0.3476 0.6568 0.6692
vn 0.9345 0.2608 0.2421
vn 0.8598 0.3810 0.3400
vn 0.9968 0.0646 0.0462
vn 0.9993 -0.0140 -0.0357
vn 0.0095 0.6965 0.7175
vn 0.0088 0.7292 0.6843
vn 0.0014 -0.6964 -0.7176
vn 0.0021 -0.7291 -0.6844
vn 0.0221 0.6965 0.7172
vn 0.0214 0.7292 0.6840
vn -0.8136 -0.4137 -0.4086
vn -0.8132 -0.4326 -0.3894
vn 0.9627 -0.2094 -0.1714
vn 0.9737 -0.1775 -0.1425
vn 0.9370 -0.2728 -0.2180
vn 0.9137 -0.3187 -0.2521
vn 0.9039 -0.3293 -0.2729
vn 0.9982 0.0545 0.0236
vn 0.9982 0.0559 0.0217
vn 0.1947 0.7895 0.5820
vn 0.0388 0.8170 0.5754
vn 0.3456 0.7440 0.5718
vn 0.9338 0.2933 0.2049
vn 0.8587 0.4259 0.2850
vn 0.9967 0.0718 0.0383
vn 0.9993 -0.0173 -0.0320
vn 0.0074 0.7896 0.6136
vn 0.0067 0.8173 0.5762
vn 0.0035 -0.7895 -0.6137
vn 0.0042 -0.8172 -0.5763
vn 0.0200 0.7896 0.6133
vn 0.0193 0.8173 0.5759
vn -0.8124 -0.4676 -0.3483
vn -0.8120 -0.4837 -0.3266
vn 0.9633 -0.2298 -0.1391
vn 0.9742 -0.1942 -0.1149
vn 0.9378 -0.2991 -0.1765
vn 0.9146 -0.3493 -0.2038
vn 0.9048 -0.3628 -0.2229
vn 0.9981 0.0587 0.0173
vn 0.9981 0.0597 0.0154
vn 0.1927 0.8631 0.4668
vn 0.0368 0.8892 0.4561
vn 0.3437 0.8168 0.4633
vn 0.9331 0.3203 0.1636
vn 0.8577 0.4626 0.2243
vn 0.9965 0.0779 0.0295
vn 0.9994 -0.0202 -0.0276
vn 0.0054 0.8673 0.4977
vn 0.0047 0.8895 0.4568
vn 0.0055 -0.8672 -0.4979
vn 0.0062 -0.8895 -0.4569
vn 0.0180 0.8673 0.4975
vn 0.0173 0.8895 0.4566
vn -0.8112 -0.5127 -0.2811
vn -0.8108 -0.5256 -0.2574
vn 0.9638 -0.2456 -0.1043
vn 0.9746 -0.2070 -0.0853
vn 0.9384 -0.3194 -0.1317
vn 0.9153 -0.3731 -0.1518
vn 0.9056 -0.3890 -0.1689
vn 0.9980 0.0619 0.0106
vn 0.9980 0.0628 0.0083
vn 0.1909 0.9199 0.3425
vn 0.0349 0.9440 0.3280
vn 0.3419 0.8738 0.3456
vn 0.9324 0.3413 0.1188
vn 0.8568 0.4906 0.1591
vn 0.9964 0.0827 0.0199
vn 0.9995 -0.0224 -0.0232
vn 0.0035 0.9281 0.3722
vn 0.0029 0.9445 0.3286
vn 0.0074 -0.9281 -0.3723
vn 0.0080 -0.9444 -0.3287
vn 0.0161 0.9281 0.3720
vn 0.0155 0.9444 0.3284
vn -0.8101 -0.5480 -0.2083
vn -0.8098 -0.5575 -0.1830
vn 0.9642 -0.2563 -0.0675
vn 0.9750 -0.2154 -0.0541
vn 0.9390 -0.3333 -0.0845
vn 0.9160 -0.3893 -0.0970
vn 0.9064 -0.4074 -0.1117
vn 0.9979 0.0642 0.0034
vn 0.9979 0.0647 0.0011
vn 0.1892 0.9589 0.2114
vn 0.0332 0.9805 0.1935
vn 0.3403 0.9139 0.2212
vn 0.9318 0.3558 0.0716
vn 0.8559 0.5092 0.0906
vn 0.9962 0.0861 0.0098
vn 0.9995 -0.0240 -0.0182
vn 0.0017 0.9709 0.2394
vn 0.0012 0.9810 0.1940
vn 0.0092 -0.9708 -0.2396
vn 0.0097 -0.9809 -0.1941
vn 0.0143 0.9709 0.2393
vn 0.0138 0.9809 0.1938
vn -0.8091 -0.5728 -0.1313
vn -0.8088 -0.5787 -0.1049
vn 0.9647 -0.2618 -0.0298
vn 0.9754 -0.2195 -0.0221
vn 0.9396 -0.3405 -0.0359
vn 0.9166 -0.3977 -0.0405
vn 0.9070 -0.4177 -0.0525
vn 0.9978 0.0655 -0.0039
vn 0.9978 0.0657 -0.0065
vn 0.1877 0.9793 0.0762
vn 0.0317 0.9980 0.0552
vn 0.3388 0.9363 0.0924
vn 0.9312 0.3637 0.0229
vn 0.8551 0.5180 0.0202
vn 0.9961 0.0881 -0.0007
vn 0.9996 -0.0248 -0.0131
vn 0.0001 0.9948 0.1020
vn -0.0004 0.9985 0.0556
vn 0.0108 -0.9947 -0.1021
vn 0.0113 -0.9984 -0.0557
vn 0.0127 0.9947 0.1018
vn 0.0123 0.9984 0.0554
vn -0.8082 -0.5867 -0.0515
vn -0.8079 -0.5888 -0.0246
vn 0.9650 -0.2620 0.0085
vn 0.9757 -0.2190 0.0102
vn 0.9401 -0.3408 0.0134
vn 0.9172 -0.3980 0.0167
vn 0.9076 -0.4197 0.0076
vn 0.9978 0.0657 -0.0115
vn 0.9977 0.0656 -0.0140
vn 0.1865 0.9806 -0.0606
vn 0.0304 0.9960 -0.0841
vn 0.3375 0.9405 -0.0383
vn 0.9308 0.3647 -0.0265
vn 0.8545 0.5170 -0.0508
vn 0.9960 0.0885 -0.0114
vn 0.9997 -0.0250 -0.0079
vn -0.0012 0.9993 -0.0374
vn -0.0016 0.9965 -0.0839
vn 0.0121 -0.9992 0.0373
vn 0.0125 -0.9964 0.0838
vn 0.0114 0.9992 -0.0375
vn 0.0110 0.9964 -0.0840
vn -0.8074 -0.5893 0.0294
vn -0.8071 -0.5877 0.0563
vn 0.9653 -0.2569 0.0463
vn 0.9759 -0.2141 0.0421
vn 0.9404 -0.3342 0.0621
vn 0.9176 -0.3906 0.0733
vn 0.9081 -0.4132 0.0673
vn 0.9977 0.0649 -0.0191
vn 0.9977 0.0644 -0.0213
vn 0.1854 0.9629 -0.1961
vn 0.0294 0.9746 -0.2219
vn 0.3365 0.9265 -0.1683
vn 0.9304 0.3587 -0.0756
vn 0.8539 0.5061 -0.1209
vn 0.9959 0.0875 -0.0221
vn 0.9997 -0.0244 -0.0030
vn -0.0024 0.9844 -0.1761
vn -0.0027 0.9751 -0.2218
vn 0.0133 -0.9843 0.1760
vn 0.0136 -0.9750 0.2217
vn 0.0102 0.9843 -0.1762
vn 0.0099 0.9750 -0.2218
vn -0.8067 -0.5806 0.1098
vn -0.8065 -0.5753 0.1363
vn 0.9655 -0.2466 0.0831
vn 0.9761 -0.2047 0.0730
vn 0.9407 -0.3210 0.1095
vn 0.9180 -0.3753 0.1284
vn 0.9085 -0.3986 0.1256
vn 0.9977 0.0631 -0.0263
vn 0.9977 0.0623 -0.0286
vn 0.1847 0.9265 -0.3280
vn 0.0286 0.9343 -0.3553
vn 0.3357 0.8946 -0.2950
vn 0.9301 0.3461 -0.1233
vn 0.8535 0.4856 -0.1888
vn 0.9959 0.0850 -0.0325
vn 0.9997 -0.0232 0.0020
vn -0.0033 0.9503 -0.3114
vn -0.0035 0.9347 -0.3553
vn 0.0142 -0.9502 0.3113
vn 0.0144 -0.9347 0.3552
vn 0.0094 0.9502 -0.3115
vn 0.0091 0.9347 -0.3553
vn -0.8062 -0.5609 0.1883
vn -0.8061 -0.5519 0.2138
vn 0.9657 -0.2312 0.1181
vn 0.9762 -0.1912 0.1022
vn 0.9409 -0.3013 0.1545
vn 0.9182 -0.3525 0.1808
vn 0.9088 -0.3759 0.1812
vn 0.9976 0.0602 -0.0333
vn 0.9976 0.0592 -0.0353
vn 0.1840 0.8721 -0.4534
vn 0.0281 0.8758 -0.4818
vn 0.3351 0.8453 -0.4161
vn 0.9299 0.3269 -0.1688
vn 0.8533 0.4559 -0.2532
vn 0.9958 0.0810 -0.0425
vn 0.9998 -0.0212 0.0068
vn -0.0039 0.8977 -0.4406
vn -0.0040 0.8762 -0.4819
vn 0.0148 -0.8976 0.4405
vn 0.0149 -0.8761 0.4819
vn 0.0088 0.8976 -0.4406
vn 0.0086 0.8762 -0.4819
vn -0.8059 -0.5304 0.2633
vn -0.8058 -0.5179 0.2872
vn 0.9658 -0.2111 0.1507
vn 0.9763 -0.1737 0.1294
vn 0.9410 -0.2755 0.1964
vn 0.9183 -0.3226 0.2295
vn 0.9089 -0.3457 0.2332
vn 0.9976 0.0564 -0.0398
vn 0.9976 0.0550 -0.0418
vn 0.1838 0.8008 -0.5701
vn 0.0279 0.8003 -0.5990
vn 0.3348 0.7797 -0.5292
vn 0.9298 0.3015 -0.2112
vn 0.8532 0.4174 -0.3129
vn 0.9958 0.0758 -0.0518
vn 0.9998 -0.0187 0.0112
vn -0.0042 0.8276 -0.5613
vn -0.0042 0.8006 -0.5992
vn 0.0151 -0.8276 0.5612
vn 0.0151 -0.8005 0.5991
vn 0.0084 0.8276 -0.5613
vn 0.0084 0.8006 -0.5992
vn -0.8057 -0.4897 0.3333
vn -0.8057 -0.4740 0.3553
vn 0.9658 -0.1867 0.1801
vn 0.9762 -0.1526 0.1538
vn 0.9410 -0.2442 0.2343
vn 0.9183 -0.2862 0.2736
vn 0.9089 -0.3087 0.2804
vn 0.9976 0.0518 -0.0457
vn 0.9976 0.0501 -0.0475
vn 0.1837 0.7140 -0.6757
vn 0.0280 0.7092 -0.7045
vn 0.3348 0.6989 -0.6320
vn 0.9298 0.2705 -0.2497
vn 0.8532 0.3710 -0.3666
vn 0.9958 0.0693 -0.0603
vn 0.9998 -0.0154 0.0153
vn -0.0042 0.7415 -0.6710
vn -0.0041 0.7094 -0.7048
vn 0.0151 -0.7414 0.6709
vn 0.0150 -0.7093 0.7047
vn 0.0084 0.7415 -0.6709
vn 0.0085 0.7094 -0.7047
vn -0.8057 -0.4397 0.3969
vn -0.8057 -0.4211 0.4165
vn 0.9657 -0.1585 0.2058
vn 0.9762 -0.1283 0.1750
vn 0.9409 -0.2078 0.2675
vn 0.9182 -0.2440 0.3121
vn 0.9088 -0.2653 0.3220
vn 0.9976 0.0463 -0.0509
vn 0.9976 0.0445 -0.0524
vn 0.1841 0.6132 -0.7682
vn 0.0283 0.6043 -0.7963
vn 0.3350 0.6046 -0.7226
vn 0.9299 0.2345 -0.2835
vn 0.8534 0.3176 -0.4134
vn 0.9958 0.0616 -0.0678
vn 0.9998 -0.0116 0.0190
vn -0.0039 0.6409 -0.7676
vn -0.0038 0.6045 -0.7966
vn 0.0148 -0.6408 0.7676
vn 0.0147 -0.6044 0.7966
vn 0.0087 0.6409 -0.7676
vn 0.0088 0.6045 -0.7966
vn -0.8058 -0.3814 0.4530
vn -0.8059 -0.3602 0.4698
vn 0.9655 -0.1269 0.2274
vn 0.9760 -0.1013 0.1927
vn 0.9407 -0.1673 0.2953
vn 0.9179 -0.1969 0.3445
vn 0.9085 -0.2166 0.3572
vn 0.9977 0.0402 -0.0553
vn 0.9977 0.0381 -0.0566
vn 0.1846 0.5007 -0.8457
vn 0.0290 0.4877 -0.8726
vn 0.3356 0.4987 -0.7992
vn 0.9301 0.1941 -0.3119
vn 0.8537 0.2582 -0.4522
vn 0.9958 0.0530 -0.0741
vn 0.9997 -0.0076 0.0219
vn -0.0033 0.5278 -0.8494
vn -0.0031 0.4877 -0.8730
vn 0.0143 -0.5277 0.8493
vn 0.0140 -0.4876 0.8730
vn 0.0093 0.5278 -0.8493
vn 0.0095 0.4878 -0.8729
vn -0.8062 -0.3158 0.5004
vn -0.8063 -0.2925 0.5141
vn 0.9653 -0.0927 0.2443
vn 0.9758 -0.0721 0.2065
vn 0.9403 -0.1233 0.3172
vn 0.9176 -0.1457 0.3699
vn 0.9082 -0.1635 0.3853
vn 0.9977 0.0336 -0.0588
vn 0.9977 0.0314 -0.0597
vn 0.1856 0.3783 -0.9069
vn 0.0299 0.3615 -0.9319
vn 0.3364 0.3831 -0.8603
vn 0.9304 0.1501 -0.3344
vn 0.8542 0.1940 -0.4824
vn 0.9959 0.0436 -0.0793
vn 0.9997 -0.0030 0.0242
vn -0.0025 0.4045 -0.9145
vn -0.0022 0.3614 -0.9324
vn 0.0134 -0.4044 0.9145
vn 0.0131 -0.3614 0.9323
vn 0.0101 0.4045 -0.9145
vn 0.0104 0.3615 -0.9323
vn -0.8066 -0.2442 0.5382
vn -0.8068 -0.2193 0.5486
vn 0.9649 -0.0564 0.2564
vn 0.9755 -0.0413 0.2160
vn 0.9399 -0.0766 0.3327
vn 0.9171 -0.0915 0.3881
vn 0.9077 -0.1070 0.4057
vn 0.9978 0.0266 -0.0614
vn 0.9978 0.0242 -0.0620
vn 0.1866 0.2488 -0.9504
vn 0.0311 0.2284 -0.9731
vn 0.3374 0.2601 -0.9047
vn 0.9308 0.1034 -0.3506
vn 0.8548 0.1262 -0.5034
vn 0.9960 0.0336 -0.0830
vn 0.9997 0.0019 0.0260
vn -0.0014 0.2733 -0.9619
vn -0.0010 0.2282 -0.9736
vn 0.0123 -0.2732 0.9619
vn 0.0119 -0.2281 0.9736
vn 0.0112 0.2734 -0.9618
vn 0.0116 0.2283 -0.9735
vn -0.8073 -0.1681 0.5657
vn -0.8075 -0.1419 0.5725
vn 0.9646 -0.0188 0.2632
vn 0.9752 -0.0094 0.2212
vn 0.9395 -0.0281 0.3415
vn 0.9165 -0.0353 0.3985
vn 0.9071 -0.0482 0.4181
vn 0.9978 0.0191 -0.0629
vn 0.9979 0.0167 -0.0632
vn 0.1880 0.1144 -0.9755
vn 0.0325 0.0908 -0.9953
vn 0.3386 0.1322 -0.9316
vn 0.9313 0.0550 -0.3602
vn 0.8555 0.0562 -0.5147
vn 0.9961 0.0231 -0.0853
vn 0.9996 0.0067 0.0270
vn -0.0001 0.1368 -0.9906
vn 0.0004 0.0905 -0.9959
vn 0.0110 -0.1366 0.9906
vn 0.0105 -0.0904 0.9959
vn 0.0125 0.1369 -0.9905
vn 0.0130 0.0906 -0.9958
vn -0.8081 -0.0889 0.5824
vn -0.8083 -0.0621 0.5854
vn 0.9641 0.0194 0.2647
vn 0.9748 0.0229 0.2218
vn 0.9389 0.0210 0.3435
vn 0.9159 0.0218 0.4009
vn 0.9065 0.0118 0.4221
vn 0.9979 0.0115 -0.0634
vn 0.9979 0.0091 -0.0634
vn 0.1897 -0.0223 -0.9816
vn 0.0341 -0.0485 -0.9982
vn 0.3401 0.0017 -0.9404
vn 0.9318 0.0057 -0.3629
vn 0.8563 -0.0148 -0.5162
vn 0.9962 0.0124 -0.0862
vn 0.9996 0.0120 0.0273
vn 0.0015 -0.0024 -1.0000
vn 0.0020 -0.0490 -0.9988
vn 0.0094 0.0025 1.0000
vn 0.0089 0.0491 0.9988
vn 0.0141 -0.0023 -0.9999
vn 0.0146 -0.0488 -0.9987
vn -0.8090 -0.0081 0.5878
vn -0.8093 0.0189 0.5871
vn 0.9636 0.0574 0.2609
vn 0.9744 0.0549 0.2180
vn 0.9383 0.0699 0.3387
vn 0.9151 0.0787 0.3954
vn 0.9057 0.0716 0.4178
vn 0.9980 0.0041 -0.0629
vn 0.9980 0.0018 -0.0625
vn 0.1913 -0.1584 -0.9687
vn 0.0359 -0.1869 -0.9817
vn 0.3417 -0.1287 -0.9310
vn 0.9324 -0.0436 -0.3587
vn 0.8573 -0.0853 -0.5078
vn 0.9963 0.0018 -0.0856
vn 0.9995 0.0171 0.0270
vn 0.0032 -0.1416 -0.9899
vn 0.0038 -0.1875 -0.9823
vn 0.0077 0.1417 0.9899
vn 0.0071 0.1876 0.9822
vn 0.0158 -0.1414 -0.9898
vn 0.0164 -0.1873 -0.9822
vn -0.8100 0.0726 0.5820
vn -0.8103 0.0992 0.5775
vn 0.9631 0.0946 0.2519
vn 0.9740 0.0861 0.2098
vn 0.9376 0.1177 0.3272
vn 0.9144 0.1343 0.3819
vn 0.9049 0.1304 0.4051
vn 0.9981 -0.0033 -0.0613
vn 0.9981 -0.0056 -0.0606
vn 0.1932 -0.2914 -0.9369
vn 0.0378 -0.3217 -0.9461
vn 0.3435 -0.2565 -0.9035
vn 0.9331 -0.0917 -0.3477
vn 0.8582 -0.1539 -0.4896
vn 0.9965 -0.0087 -0.0834
vn 0.9994 0.0220 0.0259
vn 0.0051 -0.2779 -0.9606
vn 0.0058 -0.3223 -0.9466
vn 0.0058 0.2781 0.9605
vn 0.0051 0.3225 0.9466
vn 0.0177 -0.2777 -0.9605
vn 0.0184 -0.3221 -0.9465
vn -0.8111 0.1517 0.5649
vn -0.8114 0.1775 0.5568
vn 0.9626 0.1301 0.2378
vn 0.9735 0.1158 0.1972
vn 0.9369 0.1635 0.3091
vn 0.9135 0.1874 0.3611
vn 0.9040 0.1868 0.3844
vn 0.9982 -0.0103 -0.0587
vn 0.9983 -0.0125 -0.0577
vn 0.1951 -0.4186 -0.8870
vn 0.0399 -0.4501 -0.8921
vn 0.3454 -0.3792 -0.8585
vn 0.9338 -0.1379 -0.3301
vn 0.8593 -0.2193 -0.4621
vn 0.9966 -0.0188 -0.0798
vn 0.9993 0.0269 0.0241
vn 0.0071 -0.4089 -0.9126
vn 0.0078 -0.4509 -0.8925
vn 0.0038 0.4090 0.9125
vn 0.0031 0.4511 0.8925
vn 0.0197 -0.4086 -0.9125
vn 0.0204 -0.4507 -0.8925
vn -0.8122 0.2277 0.5371
vn -0.8126 0.2521 0.5255
vn 0.9620 0.1633 0.2189
vn 0.9730 0.1436 0.1807
vn 0.9362 0.2062 0.2847
vn 0.9127 0.2371 0.3328
vn 0.9032 0.2398 0.3561
vn 0.9983 -0.0170 -0.0551
vn 0.9984 -0.0190 -0.0538
vn 0.1971 -0.5377 -0.8198
vn 0.0420 -0.5698 -0.8207
vn 0.3473 -0.4945 -0.7968
vn 0.9346 -0.1811 -0.3062
vn 0.8603 -0.2803 -0.4258
vn 0.9968 -0.0283 -0.0749
vn 0.9993 0.0314 0.0217
vn 0.0092 -0.5319 -0.8468
vn 0.0099 -0.5707 -0.8211
vn 0.0017 0.5320 0.8467
vn 0.0010 0.5709 0.8210
vn 0.0218 -0.5316 -0.8467
vn 0.0225 -0.5704 -0.8210
vn -0.8134 0.2990 0.4989
vn -0.8138 0.3216 0.4840
vn 0.9614 0.1935 0.1955
vn 0.9725 0.1687 0.1605
vn 0.9354 0.2452 0.2547
vn 0.9118 0.2824 0.2980
vn 0.9022 0.2883 0.3207
vn 0.9984 -0.0231 -0.0507
vn 0.9985 -0.0249 -0.0491
vn 0.1993 -0.6463 -0.7366
vn 0.0441 -0.6784 -0.7333
vn 0.3493 -0.6000 -0.7197
vn 0.9353 -0.2206 -0.2766
vn 0.8614 -0.3355 -0.3813
vn 0.9970 -0.0370 -0.0686
vn 0.9992 0.0357 0.0186
vn 0.0113 -0.6445 -0.7645
vn 0.0120 -0.6794 -0.7337
vn -0.0004 0.6447 0.7644
vn -0.0011 0.6796 0.7336
vn 0.0239 -0.6442 -0.7645
vn 0.0246 -0.6791 -0.7336
vn -0.8146 0.3644 0.4512
vn -0.8151 0.3846 0.4333
vn 0.9608 0.2202 0.1682
vn 0.9720 0.1907 0.1370
vn 0.9347 0.2796 0.2196
vn 0.9109 0.3225 0.2574
vn 0.9013 0.3314 0.2789
vn 0.9986 -0.0285 -0.0453
vn 0.9986 -0.0300 -0.0436
vn 0.2014 -0.7422 -0.6392
vn 0.0461 -0.7738 -0.6317
vn 0.3512 -0.6939 -0.6286
vn 0.9361 -0.2557 -0.2418
vn 0.8625 -0.3841 -0.3296
vn 0.9971 -0.0448 -0.0613
vn 0.9991 0.0392 0.0151
vn 0.0134 -0.7446 -0.6673
vn 0.0141 -0.7749 -0.6320
vn -0.0025 0.7448 0.6673
vn -0.0032 0.7751 0.6319
vn 0.0260 -0.7443 -0.6673
vn 0.0267 -0.7746 -0.6319
vn -0.8159 0.4225 0.3948
vn -0.8163 0.4400 0.3743
vn 0.9603 0.2428 0.1374
vn 0.9716 0.2094 0.1106
vn 0.9340 0.3087 0.1800
vn 0.9101 0.3564 0.2112
vn 0.9005 0.3683 0.2314
vn 0.9987 -0.0330 -0.0396
vn 0.9987 -0.0343 -0.0375
vn 0.2033 -0.8236 -0.5294
vn 0.0482 -0.8541 -0.5178
vn 0.3532 -0.7741 -0.5254
vn 0.9368 -0.2855 -0.2024
vn 0.8635 -0.4250 -0.2716
vn 0.9973 -0.0515 -0.0529
vn 0.9990 0.0425 0.0108
vn 0.0154 -0.8302 -0.5572
vn 0.0161 -0.8553 -0.5180
vn -0.0045 0.8304 0.5571
vn -0.0052 0.8554 0.5179
vn 0.0280 -0.8299 -0.5572
vn 0.0287 -0.8549 -0.5180
vn -0.8171 0.4721 0.3309
vn -0.8174 0.4867 0.3082
vn 0.9598 0.2610 0.1037
vn 0.9711 0.2241 0.0819
vn 0.9333 0.3321 0.1368
vn 0.9093 0.3837 0.1610
vn 0.8996 0.3982 0.1793
vn 0.9988 -0.0368 -0.0329
vn 0.9988 -0.0378 -0.0308
vn 0.2052 -0.8890 -0.4094
vn 0.0501 -0.9178 -0.3938
vn 0.3550 -0.8392 -0.4120
vn 0.9375 -0.3095 -0.1592
vn 0.8645 -0.4574 -0.2084
vn 0.9974 -0.0569 -0.0437
vn 0.9990 0.0449 0.0067
vn 0.0174 -0.8997 -0.4362
vn 0.0180 -0.9190 -0.3939
vn -0.0065 0.8998 0.4362
vn -0.0071 0.9192 0.3938
vn 0.0300 -0.8993 -0.4363
vn 0.0306 -0.9186 -0.3939
vn -0.8182 0.5124 0.2607
vn -0.8186 0.5236 0.2362
vn 0.9592 0.2743 0.0679
vn 0.9707 0.2347 0.0514
vn 0.9326 0.3492 0.0906
vn 0.9086 0.4036 0.1074
vn 0.8988 0.4205 0.1236
vn 0.9989 -0.0396 -0.0260
vn 0.9989 -0.0403 -0.0236
vn 0.2070 -0.9370 -0.2813
vn 0.0519 -0.9636 -0.2622
vn 0.3567 -0.8878 -0.2907
vn 0.9381 -0.3273 -0.1132
vn 0.8654 -0.4807 -0.1414
vn 0.9976 -0.0610 -0.0338
vn 0.9989 0.0469 0.0016
vn 0.0192 -0.9516 -0.3068
vn 0.0198 -0.9648 -0.2621
vn -0.0083 0.9518 0.3067
vn -0.0089 0.9650 0.2620
vn 0.0318 -0.9512 -0.3068
vn 0.0324 -0.9645 -0.2622
vn -0.8193 0.5425 0.1856
vn -0.8196 0.5502 0.1597
vn 0.9588 0.2824 0.0306
vn 0.9703 0.2410 0.0198
vn 0.9321 0.3598 0.0426
vn 0.9079 0.4160 0.0516
vn 0.8981 0.4349 0.0652
vn 0.9990 -0.0414 -0.0186
vn 0.9990 -0.0418 -0.0162
vn 0.2087 -0.9667 -0.1478
vn 0.0535 -0.9907 -0.1255
vn 0.3583 -0.9191 -0.1638
vn 0.9387 -0.3385 -0.0651
vn 0.8662 -0.4945 -0.0718
vn 0.9977 -0.0637 -0.0234
vn 0.9988 0.0481 -0.0032
vn 0.0209 -0.9850 -0.1713
vn 0.0214 -0.9919 -0.1253
vn -0.0100 0.9852 0.1712
vn -0.0105 0.9921 0.1252
vn 0.0335 -0.9846 -0.1714
vn 0.0340 -0.9915 -0.1254
vn -0.8202 0.5619 0.1070
vn -0.8205 0.5659 0.0803
vn -0.0902 0.9959 0.0092
vn -0.2047 0.6670 0.7163
vn -0.3201 0.9473 0.0116
vn -0.0495 0.6989 0.7135
vn 0.0303 -0.0021 0.9995
vn 0.0205 -0.0088 0.9998
vn 0.2472 -0.6701 0.6999
vn 0.0783 -0.7104 0.6995
vn 0.3201 -0.9473 -0.0117
vn 0.0902 -0.9959 -0.0092
vn 0.2047 -0.6670 -0.7164
vn 0.0495 -0.6989 -0.7135
vn -0.0303 0.0021 -0.9995
vn -0.0205 0.0089 -0.9998
vn -0.2472 0.6701 -0.6999
vn -0.0783 0.7103 -0.6995
vn -0.4025 0.5687 0.7173
vn -0.5972 0.8020 0.0130
vn 0.0271 0.0040 0.9996
vn 0.4405 -0.5633 0.6990
vn 0.5972 -0.8020 -0.0130
vn 0.4024 -0.5687 -0.7174
vn -0.0271 -0.0040 -0.9996
vn -0.4405 0.5633 -0.6991
vn -0.5602 0.4141 0.7174
vn -0.8158 0.5782 0.0130
vn 0.0222 0.0088 0.9997
vn 0.5914 -0.4020 0.6990
vn 0.8158 -0.5782 -0.0131
vn 0.5601 -0.4141 -0.7175
vn -0.0222 -0.0088 -0.9997
vn -0.5914 0.4020 -0.6991
vn -0.6624 0.2183 0.7166
vn -0.9546 0.2978 0.0118
vn 0.0161 0.0118 0.9998
vn 0.6850 -0.2020 0.7000
vn 0.9546 -0.2978 -0.0119
vn 0.6624 -0.2183 -0.7167
vn -0.0161 -0.0118 -0.9998
vn -0.6850 0.2020 -0.7000
vn -0.7856 0.1104 0.6088
vn -0.9816 0.1446 -0.1244
vn -0.1275 0.0111 0.9918
vn 0.6084 -0.0951 0.7879
vn 0.9816 -0.1447 0.1244
vn 0.7856 -0.1103 -0.6089
vn 0.1275 -0.0110 -0.9918
vn -0.6084 0.0951 -0.7879
vn -0.0103 0.9893 0.1458
vn 0.0005 0.5965 0.8026
vn 0.0111 -0.1456 0.9893
vn 0.0151 -0.8025 0.5964
vn 0.0103 -0.9893 -0.1459
vn -0.0005 -0.5965 -0.8026
vn -0.0111 0.1456 -0.9893
vn -0.0151 0.8025 -0.5965
vn 0.1315 0.0993 0.9863
vn 0.1257 0.4871 0.8642
vn 0.1340 -0.1143 0.9844
vn 0.1225 0.6611 0.7402
vn 0.1166 0.9030 0.4136
vn 0.1139 0.9708 0.2110
vn 0.1100 0.9745 -0.1955
vn 0.1088 0.9103 -0.3993
vn 0.1085 0.6744 -0.7303
vn 0.1093 0.5026 -0.8576
vn 0.1126 0.1173 -0.9867
vn 0.1152 -0.0964 -0.9887
vn 0.1209 -0.4841 -0.8666
vn 0.1241 -0.6582 -0.7426
vn 0.1300 -0.9000 -0.4160
vn 0.1328 -0.9679 -0.2134
vn 0.1366 -0.9716 0.1932
vn 0.1378 -0.9074 0.3970
vn 0.1381 -0.6715 0.7280
vn 0.1373 -0.4998 0.8552
vt 11.901930 28.000000
vt 12.143000 28.000000
vt 12.125190 30.446779
vt 11.881950 30.434561
vt 12.269240 28.000000
vt 12.252580 30.453400
vt -1.000000 21.250000
vt -0.925770 21.250000
vt -0.925770 23.141300
vt -1.000000 23.141411
vt -0.771690 21.250000
vt -0.771690 23.141220
vt -0.517130 21.250000
vt -0.517130 23.141180
vt -0.262130 21.250000
vt -0.262130 23.141211
vt -0.103120 21.250000
vt -0.103120 23.141291
vt -0.021830 21.250000
vt -0.021830 23.141390
vt 15.695660 28.000000
vt 15.838250 28.000000
vt 15.855890 30.447741
vt 15.712000 30.455210
vt 16.223881 28.000000
vt 16.244961 30.426029
vt 12.070060 32.891201
vt 11.820130 32.866169
vt 12.201000 32.904732
vt -0.925770 25.032551
vt -1.000000 25.032770
vt -0.771690 25.032391
vt -0.517130 25.032320
vt -0.262130 25.032379
vt -0.103120 25.032539
vt -0.021830 25.032730
vt 15.910490 32.893169
vt 15.762590 32.908421
vt 16.310160 32.848789
vt 11.972090 35.330601
vt 11.710370 35.291451
vt 12.109290 35.351620
vt -0.925770 26.923710
vt -1.000000 26.924030
vt -0.771690 26.923470
vt -0.517130 26.923380
vt -0.262130 26.923460
vt -0.103120 26.923691
vt -0.021830 26.923981
vt 16.007540 35.333672
vt 15.852550 35.357361
vt 16.425859 35.264561
vt 11.820550 37.761501
vt 11.540860 37.706051
vt 11.967310 37.791031
vt -0.925770 28.814730
vt -1.000000 28.815149
vt -0.771690 28.814421
vt -0.517130 28.814301
vt -0.262130 28.814409
vt -0.103120 28.814699
vt -0.021830 28.815081
vt 16.157669 37.765831
vt 15.991840 37.799080
vt 16.604361 37.668510
vt 11.596440 40.178879
vt 11.290840 40.103699
vt 11.757070 40.218521
vt -0.925770 30.705570
vt -1.000000 30.706079
vt -0.771690 30.705191
vt -0.517130 30.705050
vt -0.262130 30.705179
vt -0.103120 30.705530
vt -0.021840 30.705999
vt 16.379730 40.184711
vt 16.198179 40.229301
vt 16.867220 40.053749
vt 11.266060 42.574661
vt 10.923830 42.474388
vt 11.446470 42.626949
vt -0.925770 32.596199
vt -1.000000 32.596790
vt -0.771690 32.595760
vt -0.517130 32.595589
vt -0.262130 32.595749
vt -0.103120 32.596149
vt -0.021840 32.596691
vt 16.707199 42.582390
vt 16.503189 42.641151
vt 17.252119 42.409229
vt 10.766720 44.934380
vt 10.373070 44.800411
vt 10.975320 45.003479
vt -0.925770 34.486568
vt -1.000000 34.487221
vt -0.771690 34.486080
vt -0.517130 34.485889
vt -0.262130 34.486069
vt -0.103120 34.486519
vt -0.021840 34.487122
vt 17.202400 44.944630
vt 16.966330 45.022209
vt 17.827271 44.715599
vt 9.972500 47.228851
vt 9.508340 47.046810
vt 10.220950 47.321930
vt -0.925770 36.376671
vt -1.000000 36.377380
vt -0.771690 36.376141
vt -0.517130 36.375931
vt -0.262130 36.376122
vt -0.103120 36.376610
vt -0.021840 36.377258
vt 17.990820 47.242710
vt 17.709209 47.347130
vt 18.723610 46.935070
vt 8.605650 49.390331
vt 8.057740 49.135590
vt 8.905170 49.520279
vt -0.925770 38.266460
vt -1.000000 38.267208
vt -0.771690 38.265900
vt -0.517130 38.265678
vt -0.262130 38.265881
vt -0.103120 38.266399
vt -0.021840 38.267090
vt 19.350401 49.409729
vt 19.009741 49.555550
vt 20.206390 48.985100
vt 6.024150 51.235710
vt 5.460650 50.871960
vt 6.345460 51.423599
vt -0.925770 40.155930
vt -1.000000 40.156700
vt -0.771690 40.155350
vt -0.517130 40.155121
vt -0.262130 40.155331
vt -0.103120 40.155861
vt -0.021840 40.156582
vt 21.929270 51.263691
vt 21.561100 51.475101
vt 22.790661 50.667931
vt 1.260650 52.265411
vt 1.072360 51.796700
vt 1.362620 52.512772
vt -0.925770 42.045059
vt -1.000000 42.045849
vt -0.771690 42.044479
vt -0.517130 42.044250
vt -0.262130 42.044460
vt -0.103120 42.044998
vt -0.021840 42.045731
vt 26.724211 52.302040
vt 26.607460 52.581600
vt 26.990120 51.548191
vt -4.276280 51.827259
vt -3.871720 51.394932
vt -4.537840 52.048130
vt -0.925770 43.933861
vt -1.000000 43.934650
vt -0.771690 43.933281
vt -0.517130 43.933048
vt -0.262130 43.933262
vt -0.103120 43.933800
vt -0.021840 43.934521
vt 32.312599 51.860359
vt 32.616631 52.108791
vt 31.669630 51.168240
vt 52.128281 51.394932
vt 51.723721 51.827259
vt 48.290298 50.249550
vt 48.823990 49.926830
vt 51.462158 52.048130
vt 47.978569 50.406319
vt -0.925770 45.822330
vt -1.000000 45.823101
vt -0.771690 45.821758
vt -0.517130 45.821541
vt -0.262130 45.821751
vt -0.103120 45.822269
vt -0.021840 45.822971
vt 35.754471 50.273449
vt 36.111622 50.448471
vt 34.906090 49.756371
vt 46.510941 48.196949
vt 46.986431 47.958549
vt 46.245590 48.309040
vt -0.925770 47.710468
vt -1.000000 47.711201
vt -0.771690 47.709930
vt -0.517130 47.709709
vt -0.262130 47.709911
vt -0.103120 47.710419
vt -0.021840 47.711090
vt -0.000000 45.823662
vt -0.000000 47.711750
vt 36.767559 47.833229
vt 37.527710 48.214230
vt 45.518421 45.957920
vt 45.923611 45.776669
vt 45.297180 46.041328
vt -0.925770 49.598301
vt -1.000000 49.598980
vt -0.771690 49.597790
vt -0.517130 49.597599
vt -0.262130 49.597771
vt -0.103120 49.598251
vt -0.021840 49.598881
vt -0.000000 49.599491
vt 37.864239 45.682510
vt 38.514011 45.970871
vt 44.912949 43.634521
vt 45.263279 43.493931
vt 44.723862 43.698200
vt -0.925770 51.485840
vt -1.000000 51.486462
vt -0.771690 51.485371
vt -0.517130 51.485199
vt -0.262130 51.485359
vt -0.103120 51.485790
vt -0.021840 51.486359
vt -0.000000 51.486919
vt 38.552139 43.421940
vt 39.114868 43.644470
vt 44.519489 41.267658
vt 44.829861 41.158081
vt 44.353081 41.316669
vt -0.925770 53.373119
vt -1.000000 53.373661
vt -0.771690 53.372711
vt -0.517130 53.372551
vt -0.262130 53.372700
vt -0.103120 53.373070
vt -0.021840 53.373569
vt -0.000000 53.374069
vt 39.006050 41.102749
vt 39.505051 41.275360
vt 44.254261 38.876301
vt 44.535980 38.791908
vt 44.103840 38.913670
vt -0.925770 55.260151
vt -1.000000 55.260620
vt -0.771690 55.259811
vt -0.517130 55.259670
vt -0.262130 55.259800
vt -0.103120 55.260120
vt -0.021840 55.260540
vt -0.000000 55.260960
vt 39.314789 38.749828
vt 39.767941 38.882191
vt 44.073540 36.470322
vt 44.334999 36.407501
vt 43.934311 36.497921
vt -0.925770 57.146999
vt -1.000000 57.147369
vt -0.771690 57.146721
vt -0.517130 57.146610
vt -0.262130 57.146709
vt -0.103120 57.146969
vt -0.021840 57.147308
vt -0.000000 57.147640
vt 39.526329 36.376499
vt 39.947021 36.474682
vt 43.953049 34.055401
vt 44.200699 34.011879
vt 43.821400 34.074421
vt -0.925770 59.033691
vt -1.000000 59.033958
vt -0.771690 59.033489
vt -0.517130 59.033409
vt -0.262130 59.033482
vt -0.103120 59.033661
vt -0.021840 59.033909
vt -0.000000 59.034149
vt 39.667870 33.990570
vt 40.066399 34.058411
vt 43.878941 31.635139
vt 44.117981 31.609520
vt 43.751991 31.646290
vt -0.925770 60.920261
vt -1.000000 60.920422
vt -0.771690 60.920139
vt -0.517130 60.920090
vt -0.262130 60.920132
vt -0.103120 60.920250
vt -0.021840 60.920391
vt -0.000000 60.920540
vt 39.755112 31.597059
vt 40.139820 31.636909
vt 43.843590 29.212009
vt 44.078480 29.203560
vt 43.718891 29.215691
vt -0.925770 62.806759
vt -1.000000 62.806820
vt -0.771690 62.806721
vt -0.517130 62.806702
vt -0.262130 62.806721
vt -0.103120 62.806759
vt -0.021840 62.806801
vt -0.000000 62.806850
vt 39.796780 29.199450
vt 40.174839 29.212601
vt 43.843590 26.787979
vt 44.078480 26.796440
vt 43.718891 26.784309
vt -0.925770 64.693237
vt -1.000000 64.693176
vt -0.771690 64.693283
vt -0.517130 64.693298
vt -0.262130 64.693283
vt -0.103120 64.693237
vt -0.021840 64.693192
vt -0.000000 64.693153
vt 39.796780 26.800550
vt 40.174839 26.787399
vt 43.878941 24.364861
vt 44.117981 24.390480
vt 43.751991 24.353710
vt -0.925770 66.579742
vt -1.000000 66.579567
vt -0.771690 66.579857
vt -0.517130 66.579910
vt -0.262130 66.579857
vt -0.103120 66.579750
vt -0.021840 66.579613
vt -0.000000 66.579453
vt 39.755112 24.402950
vt 40.139820 24.363091
vt 43.953049 21.944599
vt 44.200699 21.988119
vt 43.821400 21.925579
vt -0.925770 68.466309
vt -1.000000 68.466042
vt -0.771690 68.466507
vt -0.517130 68.466591
vt -0.262130 68.466522
vt -0.103120 68.466331
vt -0.021840 68.466087
vt 40.283390 24.350809
vt 40.066399 21.941589
vt 40.215321 21.920641
vt 39.667870 22.009430
vt 44.073540 19.529680
vt 44.334999 19.592501
vt 43.934311 19.502081
vt -0.925770 70.352997
vt -1.000000 70.352631
vt -0.771690 70.353279
vt -0.517130 70.353394
vt -0.262130 70.353287
vt -0.103120 70.353027
vt -0.021840 70.352692
vt 39.947021 19.525320
vt 40.104542 19.494890
vt 39.526329 19.623501
vt 44.254261 17.123699
vt 44.535980 17.208090
vt 44.103840 17.086330
vt -0.925770 72.239853
vt -1.000000 72.239380
vt -0.771690 72.240189
vt -0.517130 72.240334
vt -0.262130 72.240196
vt -0.103120 72.239883
vt -0.021840 72.239464
vt 39.767941 17.117809
vt 39.938160 17.076580
vt 39.314789 17.250170
vt 44.519489 14.732330
vt 44.829861 14.841910
vt 44.353081 14.683320
vt -0.925770 74.126877
vt -1.000000 74.126343
vt -0.771690 74.127289
vt -0.517130 74.127449
vt -0.262130 74.127296
vt -0.103120 74.126923
vt -0.021840 74.126419
vt 39.505039 14.724640
vt 39.693459 14.670500
vt 39.006050 14.897250
vt 44.912949 12.365470
vt 45.263279 12.506070
vt 44.723862 12.301800
vt -0.925770 76.014153
vt -1.000000 76.013527
vt -0.771690 76.014633
vt -0.517130 76.014801
vt -0.262130 76.014633
vt -0.103120 76.014214
vt -0.021840 76.013634
vt 39.114868 12.355530
vt 39.329159 12.285080
vt 38.552139 12.578070
vt 45.518421 10.042080
vt 45.923599 10.223330
vt 45.297180 9.958670
vt -0.925770 77.901703
vt -1.000000 77.901016
vt -0.771690 77.902206
vt -0.517130 77.902397
vt -0.262130 77.902222
vt -0.103120 77.901749
vt -0.021840 77.901123
vt 38.514011 10.029120
vt 38.765121 9.936660
vt 37.864239 10.317490
vt 46.510941 7.803050
vt 46.986431 8.041440
vt 46.245590 7.690950
vt -0.925770 79.789528
vt -1.000000 79.788803
vt -0.771690 79.790077
vt -0.517130 79.790283
vt -0.262130 79.790092
vt -0.103120 79.789581
vt -0.021840 79.788918
vt 37.527710 7.785770
vt 37.829769 7.661170
vt 36.767559 8.166770
vt 48.290298 5.750450
vt 48.823978 6.073160
vt 47.978569 5.593680
vt -0.925770 81.677658
vt -1.000000 81.676903
vt -0.771690 81.678230
vt -0.517130 81.678459
vt -0.262130 81.678253
vt -0.103120 81.677719
vt -0.021840 81.677017
vt 35.754471 5.726550
vt 36.111610 5.551520
vt 34.906090 6.243620
vt 51.723721 4.172740
vt 52.128269 4.605060
vt 51.462170 3.951870
vt -0.925770 83.566132
vt -1.000000 83.565353
vt -0.771690 83.566719
vt -0.517130 83.566948
vt -0.262130 83.566727
vt -0.103120 83.566193
vt -0.021840 83.565468
vt 32.312599 4.139640
vt 32.616631 3.891220
vt 31.669630 4.831760
vt -3.871730 4.605060
vt -4.276280 4.172740
vt 1.260660 3.734580
vt 1.072370 4.203300
vt -4.537830 3.951870
vt 1.362640 3.487230
vt -1.000000 -1.434650
vt -0.925770 -1.433870
vt -0.925770 0.454940
vt -1.000000 0.454150
vt -0.771690 -1.433280
vt -0.771690 0.455530
vt -0.517120 -1.433050
vt -0.517120 0.455760
vt -0.262130 -1.433270
vt -0.262130 0.455540
vt -0.103120 -1.433810
vt -0.103120 0.455000
vt -0.021830 -1.434530
vt -0.021830 0.454280
vt 26.724199 3.697960
vt 26.607450 3.418400
vt 26.990120 4.451810
vt 6.024150 4.764290
vt 5.460650 5.128030
vt 6.345470 4.576400
vt -0.925770 2.344070
vt -1.000000 2.343300
vt -0.771690 2.344650
vt -0.517120 2.344880
vt -0.262130 2.344670
vt -0.103120 2.344130
vt -0.021830 2.343420
vt 21.929279 4.736310
vt 21.561110 4.524900
vt 22.790661 5.332070
vt 8.605650 6.609670
vt 8.057740 6.864400
vt 8.905180 6.479730
vt -0.925770 4.233540
vt -1.000000 4.232790
vt -0.771690 4.234110
vt -0.517120 4.234320
vt -0.262130 4.234120
vt -0.103120 4.233600
vt -0.021830 4.232910
vt 19.350401 6.590270
vt 19.009741 6.444450
vt 20.206400 7.014900
vt 9.972500 8.771150
vt 9.508350 8.953190
vt 10.220950 8.678080
vt -0.925770 6.123340
vt -1.000000 6.122630
vt -0.771690 6.123870
vt -0.517120 6.124070
vt -0.262130 6.123880
vt -0.103120 6.123390
vt -0.021830 6.122740
vt 17.990820 8.757290
vt 17.709209 8.652870
vt 18.723610 9.064930
vt 10.766720 11.065620
vt 10.373070 11.199590
vt 10.975320 10.996520
vt -0.925770 8.013430
vt -1.000000 8.012770
vt -0.771690 8.013920
vt -0.517120 8.014110
vt -0.262130 8.013930
vt -0.103120 8.013480
vt -0.021830 8.012880
vt 17.202400 11.055370
vt 16.966339 10.977790
vt 17.827271 11.284390
vt 11.266060 13.425340
vt 10.923830 13.525610
vt 11.446470 13.373050
vt -0.925770 9.903800
vt -1.000000 9.903220
vt -0.771690 9.904240
vt -0.517120 9.904410
vt -0.262130 9.904250
vt -0.103120 9.903850
vt -0.021830 9.903310
vt 16.707199 13.417610
vt 16.503201 13.358860
vt 17.252119 13.590760
vt 11.596440 15.821120
vt 11.290850 15.896300
vt 11.757070 15.781480
vt -0.925770 11.794430
vt -1.000000 11.793920
vt -0.771690 11.794810
vt -0.517120 11.794960
vt -0.262130 11.794820
vt -0.103120 11.794470
vt -0.021830 11.794000
vt 16.379730 15.815290
vt 16.198179 15.770700
vt 16.867229 15.946250
vt 11.820550 18.238501
vt 11.540860 18.293949
vt 11.967310 18.208969
vt -0.925770 13.685270
vt -1.000000 13.684850
vt -0.771690 13.685580
vt -0.517120 13.685700
vt -0.262130 13.685590
vt -0.103120 13.685300
vt -0.021830 13.684910
vt 16.157669 18.234171
vt 15.991840 18.200920
vt 16.604361 18.331480
vt 11.972090 20.669399
vt 11.710370 20.708549
vt 12.109290 20.648380
vt -0.925770 15.576290
vt -1.000000 15.575970
vt -0.771690 15.576530
vt -0.517120 15.576630
vt -0.262130 15.576540
vt -0.103120 15.576320
vt -0.021830 15.576020
vt 16.007540 20.666330
vt 15.852550 20.642639
vt 16.425859 20.735451
vt 12.070060 23.108801
vt 11.820130 23.133829
vt 12.201000 23.095280
vt -0.925770 17.467449
vt -1.000000 17.467230
vt -0.771690 17.467621
vt -0.517120 17.467680
vt -0.262130 17.467621
vt -0.103120 17.467470
vt -0.021830 17.467270
vt 15.910490 23.106831
vt 15.762590 23.091579
vt 16.310160 23.151211
vt 12.125190 25.553221
vt 11.881950 25.565430
vt 12.252580 25.546600
vt -0.925770 19.358700
vt -1.000000 19.358589
vt -0.771690 19.358780
vt -0.517130 19.358810
vt -0.262130 19.358780
vt -0.103120 19.358709
vt -0.021830 19.358610
vt 15.855890 25.552259
vt 15.712000 25.544790
vt 16.244961 25.573971
vt 0.000000 0.000000
s 2
g off
g VWBeetle.003_crome
usemtl crome
f 496/601/496 501/601/498 497/601/497
f 496/601/496 500/601/499 501/601/498
f 497/601/497 502/601/501 498/601/500
f 497/601/497 501/601/498 502/601/501
f 498/601/500 503/601/503 499/601/502
f 498/601/500 502/601/501 503/601/503
f 500/601/499 505/601/504 501/601/498
f 500/601/499 504/601/505 505/601/504
f 501/601/498 506/601/506 502/601/501
f 501/601/498 505/601/504 506/601/506
f 502/601/501 507/601/507 503/601/503
f 502/601/501 506/601/506 507/601/507
f 504/601/505 509/601/508 505/601/504
f 504/601/505 508/601/509 509/601/508
f 505/601/504 510/601/510 506/601/506
f 505/601/504 509/601/508 510/601/510
f 506/601/506 511/601/511 507/601/507
f 506/601/506 510/601/510 511/601/511
f 508/601/509 513/601/512 509/601/508
f 508/601/509 512/601/513 513/601/512
f 509/601/508 514/601/514 510/601/510
f 509/601/508 513/601/512 514/601/514
f 510/601/510 515/601/515 511/601/511
f 510/601/510 514/601/514 515/601/515
f 512/601/513 517/601/516 513/601/512
f 512/601/513 516/601/517 517/601/516
f 513/601/512 518/601/518 514/601/514
f 513/601/512 517/601/516 518/601/518
f 514/601/514 519/601/519 515/601/515
f 514/601/514 518/601/518 519/601/519
f 516/601/517 521/601/520 517/601/516
f 516/601/517 520/601/521 521/601/520
f 517/601/516 522/601/522 518/601/518
f 517/601/516 521/601/520 522/601/522
f 518/601/518 523/601/523 519/601/519
f 518/601/518 522/601/522 523/601/523
f 520/601/521 525/601/524 521/601/520
f 520/601/521 524/601/525 525/601/524
f 521/601/520 526/601/526 522/601/522
f 521/601/520 525/601/524 526/601/526
f 522/601/522 527/601/527 523/601/523
f 522/601/522 526/601/526 527/601/527
f 524/601/525 529/601/528 525/601/524
f 524/601/525 528/601/529 529/601/528
f 525/601/524 530/601/530 526/601/526
f 525/601/524 529/601/528 530/601/530
f 526/601/526 531/601/531 527/601/527
f 526/601/526 530/601/530 531/601/531
f 528/601/529 533/601/532 529/601/528
f 528/601/529 532/601/533 533/601/532
f 529/601/528 534/601/534 530/601/530
f 529/601/528 533/601/532 534/601/534
f 530/601/530 535/601/535 531/601/531
f 530/601/530 534/601/534 535/601/535
f 532/601/533 537/601/536 533/601/532
f 532/601/533 536/601/537 537/601/536
f 533/601/532 538/601/538 534/601/534
f 533/601/532 537/601/536 538/601/538
f 534/601/534 539/601/539 535/601/535
f 534/601/534 538/601/538 539/601/539
f 536/601/537 541/601/540 537/601/536
f 536/601/537 540/601/541 541/601/540
f 537/601/536 542/601/542 538/601/538
f 537/601/536 541/601/540 542/601/542
f 538/601/538 543/601/543 539/601/539
f 538/601/538 542/601/542 543/601/543
f 540/601/541 545/601/544 541/601/540
f 540/601/541 544/601/545 545/601/544
f 541/601/540 546/601/546 542/601/542
f 541/601/540 545/601/544 546/601/546
f 542/601/542 547/601/547 543/601/543
f 542/601/542 546/601/546 547/601/547
f 544/601/545 549/601/548 545/601/544
f 544/601/545 548/601/549 549/601/548
f 545/601/544 550/601/550 546/601/546
f 545/601/544 549/601/548 550/601/550
f 546/601/546 551/601/551 547/601/547
f 546/601/546 550/601/550 551/601/551
f 548/601/549 553/601/552 549/601/548
f 548/601/549 552/601/553 553/601/552
f 549/601/548 554/601/554 550/601/550
f 549/601/548 553/601/552 554/601/554
f 550/601/550 555/601/555 551/601/551
f 550/601/550 554/601/554 555/601/555
f 552/601/553 557/601/556 553/601/552
f 552/601/553 556/601/557 557/601/556
f 553/601/552 558/601/558 554/601/554
f 553/601/552 557/601/556 558/601/558
f 554/601/554 559/601/559 555/601/555
f 554/601/554 558/601/558 559/601/559
f 556/601/557 561/601/560 557/601/556
f 556/601/557 560/601/561 561/601/560
f 557/601/556 562/601/562 558/601/558
f 557/601/556 561/601/560 562/601/562
f 558/601/558 563/601/563 559/601/559
f 558/601/558 562/601/562 563/601/563
f 560/601/561 565/601/564 561/601/560
f 560/601/561 564/601/565 565/601/564
f 561/601/560 566/601/566 562/601/562
f 561/601/560 565/601/564 566/601/566
f 562/601/562 567/601/567 563/601/563
f 562/601/562 566/601/566 567/601/567
f 564/601/565 569/601/568 565/601/564
f 564/601/565 568/601/569 569/601/568
f 565/601/564 570/601/570 566/601/566
f 565/601/564 569/601/568 570/601/570
f 566/601/566 571/601/571 567/601/567
f 566/601/566 570/601/570 571/601/571
f 568/601/569 573/601/572 569/601/568
f 568/601/569 572/601/573 573/601/572
f 569/601/568 574/601/574 570/601/570
f 569/601/568 573/601/572 574/601/574
f 570/601/570 575/601/575 571/601/571
f 570/601/570 574/601/574 575/601/575
f 572/601/573 577/601/576 573/601/572
f 572/601/573 576/601/577 577/601/576
f 573/601/572 578/601/578 574/601/574
f 573/601/572 577/601/576 578/601/578
f 574/601/574 579/601/579 575/601/575
f 574/601/574 578/601/578 579/601/579
f 576/601/577 581/601/580 577/601/576
f 576/601/577 580/601/581 581/601/580
f 577/601/576 582/601/582 578/601/578
f 577/601/576 581/601/580 582/601/582
f 578/601/578 583/601/583 579/601/579
f 578/601/578 582/601/582 583/601/583
f 580/601/581 585/601/584 581/601/580
f 580/601/581 584/601/585 585/601/584
f 581/601/580 586/601/586 582/601/582
f 581/601/580 585/601/584 586/601/586
f 582/601/582 587/601/587 583/601/583
f 582/601/582 586/601/586 587/601/587
f 584/601/585 589/601/588 585/601/584
f 584/601/585 588/601/589 589/601/588
f 585/601/584 590/601/590 586/601/586
f 585/601/584 589/601/588 590/601/590
f 586/601/586 591/601/591 587/601/587
f 586/601/586 590/601/590 591/601/591
f 588/601/589 593/601/592 589/601/588
f 588/601/589 592/601/593 593/601/592
f 589/601/588 594/601/594 590/601/590
f 589/601/588 593/601/592 594/601/594
f 590/601/590 595/601/595 591/601/591
f 590/601/590 594/601/594 595/601/595
f 592/601/593 597/601/596 593/601/592
f 592/601/593 596/601/597 597/601/596
f 593/601/592 598/601/598 594/601/594
f 593/601/592 597/601/596 598/601/598
f 594/601/594 599/601/599 595/601/595
f 594/601/594 598/601/598 599/601/599
f 596/601/597 497/601/497 597/601/596
f 596/601/597 496/601/496 497/601/497
f 597/601/596 498/601/500 598/601/598
f 597/601/596 497/601/497 498/601/500
f 598/601/598 499/601/502 599/601/599
f 598/601/598 498/601/500 499/601/502
s 3
f 600/601/600 611/601/600 601/601/600
f 600/601/600 610/601/600 611/601/600
s 4
f 601/601/601 612/601/603 602/601/602
f 601/601/601 611/601/601 612/601/603
f 602/601/602 613/601/605 603/601/604
f 602/601/602 612/601/603 613/601/605
f 603/601/604 614/601/607 604/601/606
f 603/601/604 613/601/605 614/601/607
f 604/601/606 615/601/609 605/601/608
f 604/601/606 614/601/607 615/601/609
f 605/601/608 616/601/611 606/601/610
f 605/601/608 615/601/609 616/601/611
f 606/601/610 617/601/613 607/601/612
f 606/601/610 616/601/611 617/601/613
f 607/601/612 618/601/615 608/601/614
f 607/601/612 617/601/613 618/601/615
f 608/601/614 619/601/616 609/601/616
f 608/601/614 618/601/615 619/601/616
s 5
f 609/601/617 610/601/617 600/601/617
f 609/601/617 619/601/617 610/601/617
s 6
f 620/601/618 637/601/620 621/601/619
f 620/601/618 636/601/621 637/601/620
f 621/601/619 638/601/623 622/601/622
f 621/601/619 637/601/620 638/601/623
f 622/601/622 639/601/624 623/601/624
f 622/601/622 638/601/623 639/601/624
s 7
f 623/601/625 640/601/625 624/601/625
f 623/601/625 639/601/625 640/601/625
s 8
f 624/601/626 641/601/626 625/601/626
f 624/601/626 640/601/626 641/601/626
s 9
f 625/601/627 642/601/627 626/601/627
f 625/601/627 641/601/627 642/601/627
s 10
f 626/601/628 643/601/630 627/601/629
f 626/601/628 642/601/628 643/601/630
f 627/601/629 644/601/632 628/601/631
f 627/601/629 643/601/630 644/601/632
f 628/601/631 645/601/634 629/601/633
f 628/601/631 644/601/632 645/601/634
f 629/601/633 646/601/635 630/601/635
f 629/601/633 645/601/634 646/601/635
s 11
f 630/601/636 647/601/636 631/601/636
f 630/601/636 646/601/636 647/601/636
s 12
f 631/601/600 648/601/600 632/601/600
f 631/601/600 647/601/600 648/601/600
s 13
f 632/601/637 649/601/637 633/601/637
f 632/601/637 648/601/637 649/601/637
s 14
f 633/601/617 650/601/617 634/601/617
f 633/601/617 649/601/617 650/601/617
s 15
f 634/601/638 651/601/638 635/601/638
f 634/601/638 650/601/638 651/601/638
s 6
f 635/601/639 636/601/621 620/601/618
f 635/601/639 651/601/640 636/601/621
s 16
f 652/601/641 666/601/643 653/601/642
f 652/601/641 665/601/641 666/601/643
f 653/601/642 667/601/645 654/601/644
f 653/601/642 666/601/643 667/601/645
f 654/601/644 668/601/647 655/601/646
f 654/601/644 667/601/645 668/601/647
f 655/601/646 669/601/649 656/601/648
f 655/601/646 668/601/647 669/601/649
f 656/601/648 670/601/651 657/601/650
f 656/601/648 669/601/649 670/601/651
f 657/601/650 671/601/653 658/601/652
f 657/601/650 670/601/651 671/601/653
f 658/601/652 672/601/655 659/601/654
f 658/601/652 671/601/653 672/601/655
f 659/601/654 673/601/657 660/601/656
f 659/601/654 672/601/655 673/601/657
f 660/601/656 674/601/659 661/601/658
f 660/601/656 673/601/657 674/601/659
f 661/601/658 675/601/661 662/601/660
f 661/601/658 674/601/659 675/601/661
f 662/601/660 676/601/663 663/601/662
f 662/601/660 675/601/661 676/601/663
f 663/601/662 677/601/664 664/601/664
f 663/601/662 676/601/663 677/601/664
s 17
f 664/601/665 665/601/665 652/601/665
f 664/601/665 677/601/665 665/601/665
s 18
f 678/601/666 689/601/668 679/601/667
f 678/601/666 688/601/666 689/601/668
f 679/601/667 690/601/670 680/601/669
f 679/601/667 689/601/668 690/601/670
f 680/601/669 691/601/672 681/601/671
f 680/601/669 690/601/670 691/601/672
f 681/601/671 692/601/674 682/601/673
f 681/601/671 691/601/672 692/601/674
f 682/601/673 693/601/676 683/601/675
f 682/601/673 692/601/674 693/601/676
f 683/601/675 694/601/678 684/601/677
f 683/601/675 693/601/676 694/601/678
f 684/601/677 695/601/680 685/601/679
f 684/601/677 694/601/678 695/601/680
f 685/601/679 696/601/681 686/601/681
f 685/601/679 695/601/680 696/601/681
s 19
f 686/601/627 697/601/627 687/601/627
f 686/601/627 696/601/627 697/601/627
s 20
f 687/601/625 688/601/625 678/601/625
f 687/601/625 697/601/625 688/601/625
s 21
f 698/601/682 712/601/684 699/601/683
f 698/601/682 711/601/682 712/601/684
f 699/601/683 713/601/686 700/601/685
f 699/601/683 712/601/684 713/601/686
f 700/601/685 714/601/688 701/601/687
f 700/601/685 713/601/686 714/601/688
f 701/601/687 715/601/690 702/601/689
f 701/601/687 714/601/688 715/601/690
f 702/601/689 716/601/692 703/601/691
f 702/601/689 715/601/690 716/601/692
f 703/601/691 717/601/694 704/601/693
f 703/601/691 716/601/692 717/601/694
f 704/601/693 718/601/696 705/601/695
f 704/601/693 717/601/694 718/601/696
f 705/601/695 719/601/698 706/601/697
f 705/601/695 718/601/696 719/601/698
f 706/601/697 720/601/700 707/601/699
f 706/601/697 719/601/698 720/601/700
f 707/601/699 721/601/702 708/601/701
f 707/601/699 720/601/700 721/601/702
f 708/601/701 722/601/704 709/601/703
f 708/601/701 721/601/702 722/601/704
f 709/601/703 723/601/705 710/601/705
f 709/601/703 722/601/704 723/601/705
s 22
f 710/601/706 711/601/706 698/601/706
f 710/601/706 723/601/706 711/601/706
s 23
f 677/601/707 647/601/707 665/601/707
f 646/601/707 665/601/707 647/601/707
f 576/601/707 665/601/707 646/601/707
f 619/601/707 588/601/707 584/601/707
f 619/601/707 592/601/707 588/601/707
f 646/601/707 580/601/707 576/601/707
f 576/601/707 666/601/707 665/601/707
f 619/601/707 596/601/707 592/601/707
f 618/601/707 596/601/707 619/601/707
f 576/601/707 667/601/707 666/601/707
f 576/601/707 668/601/707 667/601/707
f 646/601/707 584/601/707 580/601/707
f 645/601/707 584/601/707 646/601/707
f 644/601/707 584/601/707 645/601/707
f 576/601/707 669/601/707 668/601/707
f 617/601/707 596/601/707 618/601/707
f 617/601/707 496/601/707 596/601/707
f 616/601/707 496/601/707 617/601/707
f 615/601/707 496/601/707 616/601/707
f 615/601/707 500/601/707 496/601/707
f 614/601/707 500/601/707 615/601/707
f 613/601/707 500/601/707 614/601/707
f 612/601/707 500/601/707 613/601/707
f 612/601/707 504/601/707 500/601/707
f 611/601/707 504/601/707 612/601/707
f 572/601/707 669/601/707 576/601/707
f 572/601/707 670/601/707 669/601/707
f 568/601/707 670/601/707 572/601/707
f 568/601/707 671/601/707 670/601/707
f 568/601/707 672/601/707 671/601/707
f 564/601/707 672/601/707 568/601/707
f 564/601/707 673/601/707 672/601/707
f 564/601/707 674/601/707 673/601/707
f 560/601/707 674/601/707 564/601/707
f 560/601/707 675/601/707 674/601/707
f 560/601/707 676/601/707 675/601/707
f 556/601/707 676/601/707 560/601/707
f 556/601/707 677/601/707 676/601/707
f 552/601/707 677/601/707 556/601/707
f 552/601/707 688/601/707 677/601/707
f 552/601/707 689/601/707 688/601/707
f 552/601/707 690/601/707 689/601/707
f 548/601/707 690/601/707 552/601/707
f 548/601/707 691/601/707 690/601/707
f 548/601/707 692/601/707 691/601/707
f 544/601/707 692/601/707 548/601/707
f 544/601/707 693/601/707 692/601/707
f 544/601/707 694/601/707 693/601/707
f 544/601/707 695/601/707 694/601/707
f 540/601/707 695/601/707 544/601/707
f 540/601/707 696/601/707 695/601/707
f 540/601/707 711/601/707 696/601/707
f 540/601/707 712/601/707 711/601/707
f 536/601/707 712/601/707 540/601/707
f 536/601/707 713/601/707 712/601/707
f 536/601/707 714/601/707 713/601/707
f 532/601/707 714/601/707 536/601/707
f 532/601/707 715/601/707 714/601/707
f 528/601/707 715/601/707 532/601/707
f 528/601/707 716/601/707 715/601/707
f 528/601/707 717/601/707 716/601/707
f 524/601/707 717/601/707 528/601/707
f 524/601/707 718/601/707 717/601/707
f 524/601/707 719/601/707 718/601/707
f 520/601/707 719/601/707 524/601/707
f 520/601/707 720/601/707 719/601/707
f 520/601/707 721/601/707 720/601/707
f 520/601/707 722/601/707 721/601/707
f 520/601/707 723/601/707 722/601/707
f 516/601/707 723/601/707 520/601/707
f 711/601/707 697/601/707 696/601/707
f 697/601/707 677/601/707 688/601/707
f 697/601/707 647/601/707 677/601/707
f 697/601/707 648/601/707 647/601/707
f 697/601/707 649/601/707 648/601/707
f 697/601/707 650/601/707 649/601/707
f 711/601/707 650/601/707 697/601/707
f 723/601/707 650/601/707 711/601/707
f 723/601/707 651/601/707 650/601/707
f 516/601/707 651/601/707 723/601/707
f 512/601/707 651/601/707 516/601/707
f 512/601/707 636/601/707 651/601/707
f 512/601/707 637/601/707 636/601/707
f 508/601/707 637/601/707 512/601/707
f 508/601/707 638/601/707 637/601/707
f 504/601/707 638/601/707 508/601/707
f 504/601/707 639/601/707 638/601/707
f 611/601/707 639/601/707 504/601/707
f 610/601/707 639/601/707 611/601/707
f 610/601/707 640/601/707 639/601/707
f 610/601/707 641/601/707 640/601/707
f 610/601/707 642/601/707 641/601/707
f 619/601/707 642/601/707 610/601/707
f 584/601/707 642/601/707 619/601/707
f 584/601/707 643/601/707 642/601/707
f 644/601/707 643/601/707 584/601/707
s 24
f 601/601/707 609/601/707 600/601/707
f 602/601/707 609/601/707 601/601/707
f 603/601/707 609/601/707 602/601/707
f 604/601/707 609/601/707 603/601/707
f 605/601/707 609/601/707 604/601/707
f 606/601/707 609/601/707 605/601/707
f 607/601/707 609/601/707 606/601/707
f 608/601/707 609/601/707 607/601/707
s 25
f 632/601/707 630/601/707 631/601/707
f 635/601/707 633/601/707 634/601/707
f 624/601/707 622/601/707 623/601/707
f 627/601/707 625/601/707 626/601/707
f 628/601/707 625/601/707 627/601/707
f 624/601/707 621/601/707 622/601/707
f 629/601/707 625/601/707 628/601/707
f 624/601/707 620/601/707 621/601/707
f 630/601/707 625/601/707 629/601/707
f 632/601/707 625/601/707 630/601/707
f 624/601/707 635/601/707 620/601/707
f 624/601/707 633/601/707 635/601/707
f 625/601/707 633/601/707 624/601/707
f 625/601/707 632/601/707 633/601/707
s 26
f 652/601/707 663/601/707 664/601/707
f 652/601/707 662/601/707 663/601/707
f 652/601/707 661/601/707 662/601/707
f 652/601/707 660/601/707 661/601/707
f 652/601/707 659/601/708 660/601/707
f 652/601/707 658/601/707 659/601/708
f 652/601/707 657/601/708 658/601/707
f 652/601/707 656/601/707 657/601/708
f 652/601/707 655/601/707 656/601/707
f 652/601/707 654/601/708 655/601/707
f 652/601/707 653/601/709 654/601/708
s 27
f 678/601/707 686/601/707 687/601/707
f 678/601/707 685/601/707 686/601/707
f 678/601/707 684/601/707 685/601/707
f 678/601/707 683/601/707 684/601/707
f 678/601/707 682/601/707 683/601/707
f 678/601/707 681/601/707 682/601/707
f 678/601/707 680/601/707 681/601/707
f 678/601/707 679/601/707 680/601/707
s 28
f 699/601/707 710/601/707 698/601/707
f 700/601/707 710/601/707 699/601/707
f 701/601/707 710/601/707 700/601/707
f 702/601/707 710/601/707 701/601/707
f 703/601/707 710/601/707 702/601/707
f 704/601/707 710/601/707 703/601/707
f 705/601/707 710/601/707 704/601/707
f 706/601/710 710/601/707 705/601/707
f 707/601/711 710/601/707 706/601/710
f 708/601/712 710/601/707 707/601/711
f 709/601/707 710/601/707 708/601/712
s 1
g VWBeetle.003_Grey
usemtl Grey
f 1/1/1 13/3/3 2/2/2
f 1/1/1 12/4/4 13/3/3
f 2/2/2 14/6/6 3/5/5
f 2/2/2 13/3/3 14/6/6
f 9/21/17 21/23/20 10/22/19
f 9/21/17 20/24/18 21/23/20
f 10/22/19 22/26/22 11/25/21
f 10/22/19 21/23/20 22/26/22
f 12/4/4 24/27/23 13/3/3
f 12/4/4 23/28/24 24/27/23
f 13/3/3 25/29/25 14/6/6
f 13/3/3 24/27/23 25/29/25
f 20/24/18 32/37/32 21/23/20
f 20/24/18 31/38/31 32/37/32
f 21/23/20 33/39/33 22/26/22
f 21/23/20 32/37/32 33/39/33
f 23/28/24 35/40/34 24/27/23
f 23/28/24 34/41/35 35/40/34
f 24/27/23 36/42/36 25/29/25
f 24/27/23 35/40/34 36/42/36
f 31/38/31 43/50/43 32/37/32
f 31/38/31 42/51/42 43/50/43
f 32/37/32 44/52/44 33/39/33
f 32/37/32 43/50/43 44/52/44
f 34/41/35 46/53/45 35/40/34
f 34/41/35 45/54/46 46/53/45
f 35/40/34 47/55/47 36/42/36
f 35/40/34 46/53/45 47/55/47
f 42/51/42 54/63/54 43/50/43
f 42/51/42 53/64/53 54/63/54
f 43/50/43 55/65/55 44/52/44
f 43/50/43 54/63/54 55/65/55
f 45/54/46 57/66/56 46/53/45
f 45/54/46 56/67/57 57/66/56
f 46/53/45 58/68/58 47/55/47
f 46/53/45 57/66/56 58/68/58
f 53/64/53 65/76/65 54/63/54
f 53/64/53 64/77/64 65/76/65
f 54/63/54 66/78/66 55/65/55
f 54/63/54 65/76/65 66/78/66
f 56/67/57 68/79/67 57/66/56
f 56/67/57 67/80/68 68/79/67
f 57/66/56 69/81/69 58/68/58
f 57/66/56 68/79/67 69/81/69
f 64/77/64 76/89/76 65/76/65
f 64/77/64 75/90/75 76/89/76
f 65/76/65 77/91/77 66/78/66
f 65/76/65 76/89/76 77/91/77
f 67/80/68 79/92/78 68/79/67
f 67/80/68 78/93/79 79/92/78
f 68/79/67 80/94/80 69/81/69
f 68/79/67 79/92/78 80/94/80
f 75/90/75 87/102/87 76/89/76
f 75/90/75 86/103/86 87/102/87
f 76/89/76 88/104/88 77/91/77
f 76/89/76 87/102/87 88/104/88
f 78/93/79 90/105/89 79/92/78
f 78/93/79 89/106/90 90/105/89
f 79/92/78 91/107/91 80/94/80
f 79/92/78 90/105/89 91/107/91
f 86/103/86 98/115/98 87/102/87
f 86/103/86 97/116/97 98/115/98
f 87/102/87 99/117/99 88/104/88
f 87/102/87 98/115/98 99/117/99
f 89/106/90 101/118/100 90/105/89
f 89/106/90 100/119/101 101/118/100
f 90/105/89 102/120/102 91/107/91
f 90/105/89 101/118/100 102/120/102
f 97/116/97 109/128/109 98/115/98
f 97/116/97 108/129/108 109/128/109
f 98/115/98 110/130/110 99/117/99
f 98/115/98 109/128/109 110/130/110
f 100/119/101 112/131/111 101/118/100
f 100/119/101 111/132/112 112/131/111
f 101/118/100 113/133/113 102/120/102
f 101/118/100 112/131/111 113/133/113
f 108/129/108 120/141/120 109/128/109
f 108/129/108 119/142/119 120/141/120
f 109/128/109 121/143/121 110/130/110
f 109/128/109 120/141/120 121/143/121
f 111/132/112 123/144/122 112/131/111
f 111/132/112 122/145/123 123/144/122
f 112/131/111 124/146/124 113/133/113
f 112/131/111 123/144/122 124/146/124
f 119/142/119 131/154/131 120/141/120
f 119/142/119 130/155/130 131/154/131
f 120/141/120 132/156/132 121/143/121
f 120/141/120 131/154/131 132/156/132
f 122/145/123 134/157/133 123/144/122
f 122/145/123 133/158/134 134/157/133
f 123/144/122 135/159/135 124/146/124
f 123/144/122 134/157/133 135/159/135
f 130/155/130 142/167/142 131/154/131
f 130/155/130 141/168/141 142/167/142
f 131/154/131 143/169/143 132/156/132
f 131/154/131 142/167/142 143/169/143
f 133/170/134 145/172/144 134/171/133
f 133/170/134 144/173/145 145/172/144
f 134/171/133 146/175/146 135/174/135
f 134/171/133 145/172/144 146/175/146
f 141/168/141 153/183/153 142/167/142
f 141/168/141 152/184/152 153/183/153
f 142/167/142 154/185/154 143/169/143
f 142/167/142 153/183/153 154/185/154
f 144/173/145 156/186/155 145/172/144
f 144/173/145 155/187/156 156/186/155
f 145/172/144 157/188/157 146/175/146
f 145/172/144 156/186/155 157/188/157
f 153/183/153 165/198/165 154/185/154
f 153/183/153 164/199/164 165/198/165
f 155/187/156 167/200/166 156/186/155
f 155/187/156 166/201/167 167/200/166
f 156/186/155 168/202/168 157/188/157
f 156/186/155 167/200/166 168/202/168
f 164/199/164 176/211/176 165/198/165
f 164/199/164 175/212/175 176/211/176
f 166/201/167 178/213/177 167/200/166
f 166/201/167 177/214/178 178/213/177
f 167/200/166 179/215/179 168/202/168
f 167/200/166 178/213/177 179/215/179
f 175/212/175 187/224/187 176/211/176
f 175/212/175 186/225/186 187/224/187
f 177/214/178 189/226/188 178/213/177
f 177/214/178 188/227/189 189/226/188
f 178/213/177 190/228/190 179/215/179
f 178/213/177 189/226/188 190/228/190
f 186/225/186 198/237/198 187/224/187
f 186/225/186 197/238/197 198/237/198
f 188/227/189 200/239/199 189/226/188
f 188/227/189 199/240/200 200/239/199
f 189/226/188 201/241/201 190/228/190
f 189/226/188 200/239/199 201/241/201
f 197/238/197 209/250/209 198/237/198
f 197/238/197 208/251/208 209/250/209
f 199/240/200 211/252/210 200/239/199
f 199/240/200 210/253/211 211/252/210
f 200/239/199 212/254/212 201/241/201
f 200/239/199 211/252/210 212/254/212
f 208/251/208 220/263/220 209/250/209
f 208/251/208 219/264/219 220/263/220
f 210/253/211 222/265/221 211/252/210
f 210/253/211 221/266/222 222/265/221
f 211/252/210 223/267/223 212/254/212
f 211/252/210 222/265/221 223/267/223
f 219/264/219 231/276/231 220/263/220
f 219/264/219 230/277/230 231/276/231
f 221/266/222 233/278/232 222/265/221
f 221/266/222 232/279/233 233/278/232
f 222/265/221 234/280/234 223/267/223
f 222/265/221 233/278/232 234/280/234
f 230/277/230 242/289/242 231/276/231
f 230/277/230 241/290/241 242/289/242
f 232/279/233 244/291/243 233/278/232
f 232/279/233 243/292/244 244/291/243
f 233/278/232 245/293/245 234/280/234
f 233/278/232 244/291/243 245/293/245
f 241/290/241 253/302/253 242/289/242
f 241/290/241 252/303/252 253/302/253
f 243/292/244 255/304/254 244/291/243
f 243/292/244 254/305/255 255/304/254
f 244/291/243 256/306/256 245/293/245
f 244/291/243 255/304/254 256/306/256
f 252/303/252 264/315/264 253/302/253
f 252/303/252 263/316/263 264/315/264
f 254/305/255 266/317/265 255/304/254
f 254/305/255 265/318/266 266/317/265
f 255/304/254 267/319/267 256/306/256
f 255/304/254 266/317/265 267/319/267
f 263/316/263 275/328/275 264/315/264
f 263/316/263 274/329/274 275/328/275
f 265/318/266 277/330/276 266/317/265
f 265/318/266 276/331/277 277/330/276
f 266/317/265 278/332/278 267/319/267
f 266/317/265 277/330/276 278/332/278
f 273/340/273 285/341/285 274/329/274
f 273/340/273 284/342/284 285/341/285
f 274/329/274 286/343/286 275/328/275
f 274/329/274 285/341/285 286/343/286
f 276/331/277 288/344/287 277/330/276
f 276/331/277 287/345/288 288/344/287
f 277/330/276 289/346/289 278/332/278
f 277/330/276 288/344/287 289/346/289
f 284/342/284 296/354/296 285/341/285
f 284/342/284 295/355/295 296/354/296
f 285/341/285 297/356/297 286/343/286
f 285/341/285 296/354/296 297/356/297
f 287/345/288 299/357/298 288/344/287
f 287/345/288 298/358/299 299/357/298
f 288/344/287 300/359/300 289/346/289
f 288/344/287 299/357/298 300/359/300
f 295/355/295 307/367/307 296/354/296
f 295/355/295 306/368/306 307/367/307
f 296/354/296 308/369/308 297/356/297
f 296/354/296 307/367/307 308/369/308
f 298/358/299 310/370/309 299/357/298
f 298/358/299 309/371/310 310/370/309
f 299/357/298 311/372/311 300/359/300
f 299/357/298 310/370/309 311/372/311
f 306/368/306 318/380/318 307/367/307
f 306/368/306 317/381/317 318/380/318
f 307/367/307 319/382/319 308/369/308
f 307/367/307 318/380/318 319/382/319
f 309/371/310 321/383/320 310/370/309
f 309/371/310 320/384/321 321/383/320
f 310/370/309 322/385/322 311/372/311
f 310/370/309 321/383/320 322/385/322
f 317/381/317 329/393/329 318/380/318
f 317/381/317 328/394/328 329/393/329
f 318/380/318 330/395/330 319/382/319
f 318/380/318 329/393/329 330/395/330
f 320/384/321 332/396/331 321/383/320
f 320/384/321 331/397/332 332/396/331
f 321/383/320 333/398/333 322/385/322
f 321/383/320 332/396/331 333/398/333
f 328/394/328 340/406/340 329/393/329
f 328/394/328 339/407/339 340/406/340
f 329/393/329 341/408/341 330/395/330
f 329/393/329 340/406/340 341/408/341
f 331/397/332 343/409/342 332/396/331
f 331/397/332 342/410/343 343/409/342
f 332/396/331 344/411/344 333/398/333
f 332/396/331 343/409/342 344/411/344
f 339/407/339 351/419/351 340/406/340
f 339/407/339 350/420/350 351/419/351
f 340/406/340 352/421/352 341/408/341
f 340/406/340 351/419/351 352/421/352
f 342/410/343 354/422/353 343/409/342
f 342/410/343 353/423/354 354/422/353
f 343/409/342 355/424/355 344/411/344
f 343/409/342 354/422/353 355/424/355
f 350/420/350 362/432/362 351/419/351
f 350/420/350 361/433/361 362/432/362
f 351/419/351 363/434/363 352/421/352
f 351/419/351 362/432/362 363/434/363
f 353/423/354 365/435/364 354/422/353
f 353/423/354 364/436/365 365/435/364
f 354/422/353 366/437/366 355/424/355
f 354/422/353 365/435/364 366/437/366
f 361/433/361 373/445/373 362/432/362
f 361/433/361 372/446/372 373/445/373
f 362/432/362 374/447/374 363/434/363
f 362/432/362 373/445/373 374/447/374
f 364/448/365 376/450/375 365/449/364
f 364/448/365 375/451/376 376/450/375
f 365/449/364 377/453/377 366/452/366
f 365/449/364 376/450/375 377/453/377
f 372/446/372 384/468/384 373/445/373
f 372/446/372 383/469/383 384/468/384
f 373/445/373 385/470/385 374/447/374
f 373/445/373 384/468/384 385/470/385
f 375/451/376 387/471/386 376/450/375
f 375/451/376 386/472/387 387/471/386
f 376/450/375 388/473/388 377/453/377
f 376/450/375 387/471/386 388/473/388
f 383/469/383 395/481/395 384/468/384
f 383/469/383 394/482/394 395/481/395
f 384/468/384 396/483/396 385/470/385
f 384/468/384 395/481/395 396/483/396
f 386/472/387 398/484/397 387/471/386
f 386/472/387 397/485/398 398/484/397
f 387/471/386 399/486/399 388/473/388
f 387/471/386 398/484/397 399/486/399
f 394/482/394 406/494/406 395/481/395
f 394/482/394 405/495/405 406/494/406
f 395/481/395 407/496/407 396/483/396
f 395/481/395 406/494/406 407/496/407
f 397/485/398 409/497/408 398/484/397
f 397/485/398 408/498/409 409/497/408
f 398/484/397 410/499/410 399/486/399
f 398/484/397 409/497/408 410/499/410
f 405/495/405 417/507/417 406/494/406
f 405/495/405 416/508/416 417/507/417
f 406/494/406 418/509/418 407/496/407
f 406/494/406 417/507/417 418/509/418
f 408/498/409 420/510/419 409/497/408
f 408/498/409 419/511/420 420/510/419
f 409/497/408 421/512/421 410/499/410
f 409/497/408 420/510/419 421/512/421
f 416/508/416 428/520/428 417/507/417
f 416/508/416 427/521/427 428/520/428
f 417/507/417 429/522/429 418/509/418
f 417/507/417 428/520/428 429/522/429
f 419/511/420 431/523/430 420/510/419
f 419/511/420 430/524/431 431/523/430
f 420/510/419 432/525/432 421/512/421
f 420/510/419 431/523/430 432/525/432
f 427/521/427 439/533/439 428/520/428
f 427/521/427 438/534/438 439/533/439
f 428/520/428 440/535/440 429/522/429
f 428/520/428 439/533/439 440/535/440
f 430/524/431 442/536/441 431/523/430
f 430/524/431 441/537/442 442/536/441
f 431/523/430 443/538/443 432/525/432
f 431/523/430 442/536/441 443/538/443
f 438/534/438 450/546/450 439/533/439
f 438/534/438 449/547/449 450/546/450
f 439/533/439 451/548/451 440/535/440
f 439/533/439 450/546/450 451/548/451
f 441/537/442 453/549/452 442/536/441
f 441/537/442 452/550/453 453/549/452
f 442/536/441 454/551/454 443/538/443
f 442/536/441 453/549/452 454/551/454
f 449/547/449 461/559/461 450/546/450
f 449/547/449 460/560/460 461/559/461
f 450/546/450 462/561/462 451/548/451
f 450/546/450 461/559/461 462/561/462
f 452/550/453 464/562/463 453/549/452
f 452/550/453 463/563/464 464/562/463
f 453/549/452 465/564/465 454/551/454
f 453/549/452 464/562/463 465/564/465
f 460/560/460 472/572/472 461/559/461
f 460/560/460 471/573/471 472/572/472
f 461/559/461 473/574/473 462/561/462
f 461/559/461 472/572/472 473/574/473
f 463/563/464 475/575/474 464/562/463
f 463/563/464 474/576/475 475/575/474
f 464/562/463 476/577/476 465/564/465
f 464/562/463 475/575/474 476/577/476
f 471/573/471 483/585/483 472/572/472
f 471/573/471 482/586/482 483/585/483
f 472/572/472 484/587/484 473/574/473
f 472/572/472 483/585/483 484/587/484
f 474/576/475 486/588/485 475/575/474
f 474/576/475 485/589/486 486/588/485
f 475/575/474 487/590/487 476/577/476
f 475/575/474 486/588/485 487/590/487
f 482/586/482 494/598/494 483/585/483
f 482/586/482 493/599/493 494/598/494
f 483/585/483 495/600/495 484/587/484
f 483/585/483 494/598/494 495/600/495
f 485/589/486 2/2/2 486/588/485
f 485/589/486 1/1/1 2/2/2
f 486/588/485 3/5/5 487/590/487
f 486/588/485 2/2/2 3/5/5
f 493/599/493 10/22/19 494/598/494
f 493/599/493 9/21/17 10/22/19
f 494/598/494 11/25/21 495/600/495
f 494/598/494 10/22/19 11/25/21
g VWBeetle.003_Picture
usemtl Picture
f 3/7/5 15/9/8 4/8/7
f 3/7/5 14/10/6 15/9/8
f 4/8/7 16/12/10 5/11/9
f 4/8/7 15/9/8 16/12/10
f 5/11/9 17/14/12 6/13/11
f 5/11/9 16/12/10 17/14/12
f 6/13/11 18/16/14 7/15/13
f 6/13/11 17/14/12 18/16/14
f 7/15/13 19/18/16 8/17/15
f 7/15/13 18/16/14 19/18/16
f 8/17/15 20/20/18 9/19/17
f 8/17/15 19/18/16 20/20/18
f 14/10/6 26/30/26 15/9/8
f 14/10/6 25/31/25 26/30/26
f 15/9/8 27/32/27 16/12/10
f 15/9/8 26/30/26 27/32/27
f 16/12/10 28/33/28 17/14/12
f 16/12/10 27/32/27 28/33/28
f 17/14/12 29/34/29 18/16/14
f 17/14/12 28/33/28 29/34/29
f 18/16/14 30/35/30 19/18/16
f 18/16/14 29/34/29 30/35/30
f 19/18/16 31/36/31 20/20/18
f 19/18/16 30/35/30 31/36/31
f 25/31/25 37/43/37 26/30/26
f 25/31/25 36/44/36 37/43/37
f 26/30/26 38/45/38 27/32/27
f 26/30/26 37/43/37 38/45/38
f 27/32/27 39/46/39 28/33/28
f 27/32/27 38/45/38 39/46/39
f 28/33/28 40/47/40 29/34/29
f 28/33/28 39/46/39 40/47/40
f 29/34/29 41/48/41 30/35/30
f 29/34/29 40/47/40 41/48/41
f 30/35/30 42/49/42 31/36/31
f 30/35/30 41/48/41 42/49/42
f 36/44/36 48/56/48 37/43/37
f 36/44/36 47/57/47 48/56/48
f 37/43/37 49/58/49 38/45/38
f 37/43/37 48/56/48 49/58/49
f 38/45/38 50/59/50 39/46/39
f 38/45/38 49/58/49 50/59/50
f 39/46/39 51/60/51 40/47/40
f 39/46/39 50/59/50 51/60/51
f 40/47/40 52/61/52 41/48/41
f 40/47/40 51/60/51 52/61/52
f 41/48/41 53/62/53 42/49/42
f 41/48/41 52/61/52 53/62/53
f 47/57/47 59/69/59 48/56/48
f 47/57/47 58/70/58 59/69/59
f 48/56/48 60/71/60 49/58/49
f 48/56/48 59/69/59 60/71/60
f 49/58/49 61/72/61 50/59/50
f 49/58/49 60/71/60 61/72/61
f 50/59/50 62/73/62 51/60/51
f 50/59/50 61/72/61 62/73/62
f 51/60/51 63/74/63 52/61/52
f 51/60/51 62/73/62 63/74/63
f 52/61/52 64/75/64 53/62/53
f 52/61/52 63/74/63 64/75/64
f 58/70/58 70/82/70 59/69/59
f 58/70/58 69/83/69 70/82/70
f 59/69/59 71/84/71 60/71/60
f 59/69/59 70/82/70 71/84/71
f 60/71/60 72/85/72 61/72/61
f 60/71/60 71/84/71 72/85/72
f 61/72/61 73/86/73 62/73/62
f 61/72/61 72/85/72 73/86/73
f 62/73/62 74/87/74 63/74/63
f 62/73/62 73/86/73 74/87/74
f 63/74/63 75/88/75 64/75/64
f 63/74/63 74/87/74 75/88/75
f 69/83/69 81/95/81 70/82/70
f 69/83/69 80/96/80 81/95/81
f 70/82/70 82/97/82 71/84/71
f 70/82/70 81/95/81 82/97/82
f 71/84/71 83/98/83 72/85/72
f 71/84/71 82/97/82 83/98/83
f 72/85/72 84/99/84 73/86/73
f 72/85/72 83/98/83 84/99/84
f 73/86/73 85/100/85 74/87/74
f 73/86/73 84/99/84 85/100/85
f 74/87/74 86/101/86 75/88/75
f 74/87/74 85/100/85 86/101/86
f 80/96/80 92/108/92 81/95/81
f 80/96/80 91/109/91 92/108/92
f 81/95/81 93/110/93 82/97/82
f 81/95/81 92/108/92 93/110/93
f 82/97/82 94/111/94 83/98/83
f 82/97/82 93/110/93 94/111/94
f 83/98/83 95/112/95 84/99/84
f 83/98/83 94/111/94 95/112/95
f 84/99/84 96/113/96 85/100/85
f 84/99/84 95/112/95 96/113/96
f 85/100/85 97/114/97 86/101/86
f 85/100/85 96/113/96 97/114/97
f 91/109/91 103/121/103 92/108/92
f 91/109/91 102/122/102 103/121/103
f 92/108/92 104/123/104 93/110/93
f 92/108/92 103/121/103 104/123/104
f 93/110/93 105/124/105 94/111/94
f 93/110/93 104/123/104 105/124/105
f 94/111/94 106/125/106 95/112/95
f 94/111/94 105/124/105 106/125/106
f 95/112/95 107/126/107 96/113/96
f 95/112/95 106/125/106 107/126/107
f 96/113/96 108/127/108 97/114/97
f 96/113/96 107/126/107 108/127/108
f 102/122/102 114/134/114 103/121/103
f 102/122/102 113/135/113 114/134/114
f 103/121/103 115/136/115 104/123/104
f 103/121/103 114/134/114 115/136/115
f 104/123/104 116/137/116 105/124/105
f 104/123/104 115/136/115 116/137/116
f 105/124/105 117/138/117 106/125/106
f 105/124/105 116/137/116 117/138/117
f 106/125/106 118/139/118 107/126/107
f 106/125/106 117/138/117 118/139/118
f 107/126/107 119/140/119 108/127/108
f 107/126/107 118/139/118 119/140/119
f 113/135/113 125/147/125 114/134/114
f 113/135/113 124/148/124 125/147/125
f 114/134/114 126/149/126 115/136/115
f 114/134/114 125/147/125 126/149/126
f 115/136/115 127/150/127 116/137/116
f 115/136/115 126/149/126 127/150/127
f 116/137/116 128/151/128 117/138/117
f 116/137/116 127/150/127 128/151/128
f 117/138/117 129/152/129 118/139/118
f 117/138/117 128/151/128 129/152/129
f 118/139/118 130/153/130 119/140/119
f 118/139/118 129/152/129 130/153/130
f 124/148/124 136/160/136 125/147/125
f 124/148/124 135/161/135 136/160/136
f 125/147/125 137/162/137 126/149/126
f 125/147/125 136/160/136 137/162/137
f 126/149/126 138/163/138 127/150/127
f 126/149/126 137/162/137 138/163/138
f 127/150/127 139/164/139 128/151/128
f 127/150/127 138/163/138 139/164/139
f 128/151/128 140/165/140 129/152/129
f 128/151/128 139/164/139 140/165/140
f 129/152/129 141/166/141 130/153/130
f 129/152/129 140/165/140 141/166/141
f 135/161/135 147/176/147 136/160/136
f 135/161/135 146/177/146 147/176/147
f 136/160/136 148/178/148 137/162/137
f 136/160/136 147/176/147 148/178/148
f 137/162/137 149/179/149 138/163/138
f 137/162/137 148/178/148 149/179/149
f 138/163/138 150/180/150 139/164/139
f 138/163/138 149/179/149 150/180/150
f 139/164/139 151/181/151 140/165/140
f 139/164/139 150/180/150 151/181/151
f 140/165/140 152/182/152 141/166/141
f 140/165/140 151/181/151 152/182/152
f 146/177/146 158/189/158 147/176/147
f 146/177/146 157/190/157 158/189/158
f 147/176/147 159/191/159 148/178/148
f 147/176/147 158/189/158 159/191/159
f 148/178/148 160/192/160 149/179/149
f 148/178/148 159/191/159 160/192/160
f 149/179/149 161/193/161 150/180/150
f 149/179/149 160/192/160 161/193/161
f 150/180/150 162/194/162 151/181/151
f 150/180/150 161/193/161 162/194/162
f 151/181/151 163/195/163 152/182/152
f 151/181/151 162/194/162 163/195/163
f 152/182/152 164/197/164 153/196/153
f 152/182/152 163/195/163 164/197/164
f 157/190/157 169/203/169 158/189/158
f 157/190/157 168/204/168 169/203/169
f 158/189/158 170/205/170 159/191/159
f 158/189/158 169/203/169 170/205/170
f 159/191/159 171/206/171 160/192/160
f 159/191/159 170/205/170 171/206/171
f 160/192/160 172/207/172 161/193/161
f 160/192/160 171/206/171 172/207/172
f 161/193/161 173/208/173 162/194/162
f 161/193/161 172/207/172 173/208/173
f 162/194/162 174/209/174 163/195/163
f 162/194/162 173/208/173 174/209/174
f 163/195/163 175/210/175 164/197/164
f 163/195/163 174/209/174 175/210/175
f 168/204/168 180/216/180 169/203/169
f 168/204/168 179/217/179 180/216/180
f 169/203/169 181/218/181 170/205/170
f 169/203/169 180/216/180 181/218/181
f 170/205/170 182/219/182 171/206/171
f 170/205/170 181/218/181 182/219/182
f 171/206/171 183/220/183 172/207/172
f 171/206/171 182/219/182 183/220/183
f 172/207/172 184/221/184 173/208/173
f 172/207/172 183/220/183 184/221/184
f 173/208/173 185/222/185 174/209/174
f 173/208/173 184/221/184 185/222/185
f 174/209/174 186/223/186 175/210/175
f 174/209/174 185/222/185 186/223/186
f 179/217/179 191/229/191 180/216/180
f 179/217/179 190/230/190 191/229/191
f 180/216/180 192/231/192 181/218/181
f 180/216/180 191/229/191 192/231/192
f 181/218/181 193/232/193 182/219/182
f 181/218/181 192/231/192 193/232/193
f 182/219/182 194/233/194 183/220/183
f 182/219/182 193/232/193 194/233/194
f 183/220/183 195/234/195 184/221/184
f 183/220/183 194/233/194 195/234/195
f 184/221/184 196/235/196 185/222/185
f 184/221/184 195/234/195 196/235/196
f 185/222/185 197/236/197 186/223/186
f 185/222/185 196/235/196 197/236/197
f 190/230/190 202/242/202 191/229/191
f 190/230/190 201/243/201 202/242/202
f 191/229/191 203/244/203 192/231/192
f 191/229/191 202/242/202 203/244/203
f 192/231/192 204/245/204 193/232/193
f 192/231/192 203/244/203 204/245/204
f 193/232/193 205/246/205 194/233/194
f 193/232/193 204/245/204 205/246/205
f 194/233/194 206/247/206 195/234/195
f 194/233/194 205/246/205 206/247/206
f 195/234/195 207/248/207 196/235/196
f 195/234/195 206/247/206 207/248/207
f 196/235/196 208/249/208 197/236/197
f 196/235/196 207/248/207 208/249/208
f 201/243/201 213/255/213 202/242/202
f 201/243/201 212/256/212 213/255/213
f 202/242/202 214/257/214 203/244/203
f 202/242/202 213/255/213 214/257/214
f 203/244/203 215/258/215 204/245/204
f 203/244/203 214/257/214 215/258/215
f 204/245/204 216/259/216 205/246/205
f 204/245/204 215/258/215 216/259/216
f 205/246/205 217/260/217 206/247/206
f 205/246/205 216/259/216 217/260/217
f 206/247/206 218/261/218 207/248/207
f 206/247/206 217/260/217 218/261/218
f 207/248/207 219/262/219 208/249/208
f 207/248/207 218/261/218 219/262/219
f 212/256/212 224/268/224 213/255/213
f 212/256/212 223/269/223 224/268/224
f 213/255/213 225/270/225 214/257/214
f 213/255/213 224/268/224 225/270/225
f 214/257/214 226/271/226 215/258/215
f 214/257/214 225/270/225 226/271/226
f 215/258/215 227/272/227 216/259/216
f 215/258/215 226/271/226 227/272/227
f 216/259/216 228/273/228 217/260/217
f 216/259/216 227/272/227 228/273/228
f 217/260/217 229/274/229 218/261/218
f 217/260/217 228/273/228 229/274/229
f 218/261/218 230/275/230 219/262/219
f 218/261/218 229/274/229 230/275/230
f 223/269/223 235/281/235 224/268/224
f 223/269/223 234/282/234 235/281/235
f 224/268/224 236/283/236 225/270/225
f 224/268/224 235/281/235 236/283/236
f 225/270/225 237/284/237 226/271/226
f 225/270/225 236/283/236 237/284/237
f 226/271/226 238/285/238 227/272/227
f 226/271/226 237/284/237 238/285/238
f 227/272/227 239/286/239 228/273/228
f 227/272/227 238/285/238 239/286/239
f 228/273/228 240/287/240 229/274/229
f 228/273/228 239/286/239 240/287/240
f 229/274/229 241/288/241 230/275/230
f 229/274/229 240/287/240 241/288/241
f 234/282/234 246/294/246 235/281/235
f 234/282/234 245/295/245 246/294/246
f 235/281/235 247/296/247 236/283/236
f 235/281/235 246/294/246 247/296/247
f 236/283/236 248/297/248 237/284/237
f 236/283/236 247/296/247 248/297/248
f 237/284/237 249/298/249 238/285/238
f 237/284/237 248/297/248 249/298/249
f 238/285/238 250/299/250 239/286/239
f 238/285/238 249/298/249 250/299/250
f 239/286/239 251/300/251 240/287/240
f 239/286/239 250/299/250 251/300/251
f 240/287/240 252/301/252 241/288/241
f 240/287/240 251/300/251 252/301/252
f 245/295/245 257/307/257 246/294/246
f 245/295/245 256/308/256 257/307/257
f 246/294/246 258/309/258 247/296/247
f 246/294/246 257/307/257 258/309/258
f 247/296/247 259/310/259 248/297/248
f 247/296/247 258/309/258 259/310/259
f 248/297/248 260/311/260 249/298/249
f 248/297/248 259/310/259 260/311/260
f 249/298/249 261/312/261 250/299/250
f 249/298/249 260/311/260 261/312/261
f 250/299/250 262/313/262 251/300/251
f 250/299/250 261/312/261 262/313/262
f 251/300/251 263/314/263 252/301/252
f 251/300/251 262/313/262 263/314/263
f 256/308/256 268/320/268 257/307/257
f 256/308/256 267/321/267 268/320/268
f 257/307/257 269/322/269 258/309/258
f 257/307/257 268/320/268 269/322/269
f 258/309/258 270/323/270 259/310/259
f 258/309/258 269/322/269 270/323/270
f 259/310/259 271/324/271 260/311/260
f 259/310/259 270/323/270 271/324/271
f 260/311/260 272/325/272 261/312/261
f 260/311/260 271/324/271 272/325/272
f 261/312/261 273/326/273 262/313/262
f 261/312/261 272/325/272 273/326/273
f 262/313/262 274/327/274 263/314/263
f 262/313/262 273/326/273 274/327/274
f 267/321/267 279/333/279 268/320/268
f 267/321/267 278/334/278 279/333/279
f 268/320/268 280/335/280 269/322/269
f 268/320/268 279/333/279 280/335/280
f 269/322/269 281/336/281 270/323/270
f 269/322/269 280/335/280 281/336/281
f 270/323/270 282/337/282 271/324/271
f 270/323/270 281/336/281 282/337/282
f 271/324/271 283/338/283 272/325/272
f 271/324/271 282/337/282 283/338/283
f 272/325/272 284/339/284 273/326/273
f 272/325/272 283/338/283 284/339/284
f 278/334/278 290/347/290 279/333/279
f 278/334/278 289/348/289 290/347/290
f 279/333/279 291/349/291 280/335/280
f 279/333/279 290/347/290 291/349/291
f 280/335/280 292/350/292 281/336/281
f 280/335/280 291/349/291 292/350/292
f 281/336/281 293/351/293 282/337/282
f 281/336/281 292/350/292 293/351/293
f 282/337/282 294/352/294 283/338/283
f 282/337/282 293/351/293 294/352/294
f 283/338/283 295/353/295 284/339/284
f 283/338/283 294/352/294 295/353/295
f 289/348/289 301/360/301 290/347/290
f 289/348/289 300/361/300 301/360/301
f 290/347/290 302/362/302 291/349/291
f 290/347/290 301/360/301 302/362/302
f 291/349/291 303/363/303 292/350/292
f 291/349/291 302/362/302 303/363/303
f 292/350/292 304/364/304 293/351/293
f 292/350/292 303/363/303 304/364/304
f 293/351/293 305/365/305 294/352/294
f 293/351/293 304/364/304 305/365/305
f 294/352/294 306/366/306 295/353/295
f 294/352/294 305/365/305 306/366/306
f 300/361/300 312/373/312 301/360/301
f 300/361/300 311/374/311 312/373/312
f 301/360/301 313/375/313 302/362/302
f 301/360/301 312/373/312 313/375/313
f 302/362/302 314/376/314 303/363/303
f 302/362/302 313/375/313 314/376/314
f 303/363/303 315/377/315 304/364/304
f 303/363/303 314/376/314 315/377/315
f 304/364/304 316/378/316 305/365/305
f 304/364/304 315/377/315 316/378/316
f 305/365/305 317/379/317 306/366/306
f 305/365/305 316/378/316 317/379/317
f 311/374/311 323/386/323 312/373/312
f 311/374/311 322/387/322 323/386/323
f 312/373/312 324/388/324 313/375/313
f 312/373/312 323/386/323 324/388/324
f 313/375/313 325/389/325 314/376/314
f 313/375/313 324/388/324 325/389/325
f 314/376/314 326/390/326 315/377/315
f 314/376/314 325/389/325 326/390/326
f 315/377/315 327/391/327 316/378/316
f 315/377/315 326/390/326 327/391/327
f 316/378/316 328/392/328 317/379/317
f 316/378/316 327/391/327 328/392/328
f 322/387/322 334/399/334 323/386/323
f 322/387/322 333/400/333 334/399/334
f 323/386/323 335/401/335 324/388/324
f 323/386/323 334/399/334 335/401/335
f 324/388/324 336/402/336 325/389/325
f 324/388/324 335/401/335 336/402/336
f 325/389/325 337/403/337 326/390/326
f 325/389/325 336/402/336 337/403/337
f 326/390/326 338/404/338 327/391/327
f 326/390/326 337/403/337 338/404/338
f 327/391/327 339/405/339 328/392/328
f 327/391/327 338/404/338 339/405/339
f 333/400/333 345/412/345 334/399/334
f 333/400/333 344/413/344 345/412/345
f 334/399/334 346/414/346 335/401/335
f 334/399/334 345/412/345 346/414/346
f 335/401/335 347/415/347 336/402/336
f 335/401/335 346/414/346 347/415/347
f 336/402/336 348/416/348 337/403/337
f 336/402/336 347/415/347 348/416/348
f 337/403/337 349/417/349 338/404/338
f 337/403/337 348/416/348 349/417/349
f 338/404/338 350/418/350 339/405/339
f 338/404/338 349/417/349 350/418/350
f 344/413/344 356/425/356 345/412/345
f 344/413/344 355/426/355 356/425/356
f 345/412/345 357/427/357 346/414/346
f 345/412/345 356/425/356 357/427/357
f 346/414/346 358/428/358 347/415/347
f 346/414/346 357/427/357 358/428/358
f 347/415/347 359/429/359 348/416/348
f 347/415/347 358/428/358 359/429/359
f 348/416/348 360/430/360 349/417/349
f 348/416/348 359/429/359 360/430/360
f 349/417/349 361/431/361 350/418/350
f 349/417/349 360/430/360 361/431/361
f 355/426/355 367/438/367 356/425/356
f 355/426/355 366/439/366 367/438/367
f 356/425/356 368/440/368 357/427/357
f 356/425/356 367/438/367 368/440/368
f 357/427/357 369/441/369 358/428/358
f 357/427/357 368/440/368 369/441/369
f 358/428/358 370/442/370 359/429/359
f 358/428/358 369/441/369 370/442/370
f 359/429/359 371/443/371 360/430/360
f 359/429/359 370/442/370 371/443/371
f 360/430/360 372/444/372 361/431/361
f 360/430/360 371/443/371 372/444/372
f 366/454/366 378/456/378 367/455/367
f 366/454/366 377/457/377 378/456/378
f 367/455/367 379/459/379 368/458/368
f 367/455/367 378/456/378 379/459/379
f 368/458/368 380/461/380 369/460/369
f 368/458/368 379/459/379 380/461/380
f 369/460/369 381/463/381 370/462/370
f 369/460/369 380/461/380 381/463/381
f 370/462/370 382/465/382 371/464/371
f 370/462/370 381/463/381 382/465/382
f 371/464/371 383/467/383 372/466/372
f 371/464/371 382/465/382 383/467/383
f 377/457/377 389/474/389 378/456/378
f 377/457/377 388/475/388 389/474/389
f 378/456/378 390/476/390 379/459/379
f 378/456/378 389/474/389 390/476/390
f 379/459/379 391/477/391 380/461/380
f 379/459/379 390/476/390 391/477/391
f 380/461/380 392/478/392 381/463/381
f 380/461/380 391/477/391 392/478/392
f 381/463/381 393/479/393 382/465/382
f 381/463/381 392/478/392 393/479/393
f 382/465/382 394/480/394 383/467/383
f 382/465/382 393/479/393 394/480/394
f 388/475/388 400/487/400 389/474/389
f 388/475/388 399/488/399 400/487/400
f 389/474/389 401/489/401 390/476/390
f 389/474/389 400/487/400 401/489/401
f 390/476/390 402/490/402 391/477/391
f 390/476/390 401/489/401 402/490/402
f 391/477/391 403/491/403 392/478/392
f 391/477/391 402/490/402 403/491/403
f 392/478/392 404/492/404 393/479/393
f 392/478/392 403/491/403 404/492/404
f 393/479/393 405/493/405 394/480/394
f 393/479/393 404/492/404 405/493/405
f 399/488/399 411/500/411 400/487/400
f 399/488/399 410/501/410 411/500/411
f 400/487/400 412/502/412 401/489/401
f 400/487/400 411/500/411 412/502/412
f 401/489/401 413/503/413 402/490/402
f 401/489/401 412/502/412 413/503/413
f 402/490/402 414/504/414 403/491/403
f 402/490/402 413/503/413 414/504/414
f 403/491/403 415/505/415 404/492/404
f 403/491/403 414/504/414 415/505/415
f 404/492/404 416/506/416 405/493/405
f 404/492/404 415/505/415 416/506/416
f 410/501/410 422/513/422 411/500/411
f 410/501/410 421/514/421 422/513/422
f 411/500/411 423/515/423 412/502/412
f 411/500/411 422/513/422 423/515/423
f 412/502/412 424/516/424 413/503/413
f 412/502/412 423/515/423 424/516/424
f 413/503/413 425/517/425 414/504/414
f 413/503/413 424/516/424 425/517/425
f 414/504/414 426/518/426 415/505/415
f 414/504/414 425/517/425 426/518/426
f 415/505/415 427/519/427 416/506/416
f 415/505/415 426/518/426 427/519/427
f 421/514/421 433/526/433 422/513/422
f 421/514/421 432/527/432 433/526/433
f 422/513/422 434/528/434 423/515/423
f 422/513/422 433/526/433 434/528/434
f 423/515/423 435/529/435 424/516/424
f 423/515/423 434/528/434 435/529/435
f 424/516/424 436/530/436 425/517/425
f 424/516/424 435/529/435 436/530/436
f 425/517/425 437/531/437 426/518/426
f 425/517/425 436/530/436 437/531/437
f 426/518/426 438/532/438 427/519/427
f 426/518/426 437/531/437 438/532/438
f 432/527/432 444/539/444 433/526/433
f 432/527/432 443/540/443 444/539/444
f 433/526/433 445/541/445 434/528/434
f 433/526/433 444/539/444 445/541/445
f 434/528/434 446/542/446 435/529/435
f 434/528/434 445/541/445 446/542/446
f 435/529/435 447/543/447 436/530/436
f 435/529/435 446/542/446 447/543/447
f 436/530/436 448/544/448 437/531/437
f 436/530/436 447/543/447 448/544/448
f 437/531/437 449/545/449 438/532/438
f 437/531/437 448/544/448 449/545/449
f 443/540/443 455/552/455 444/539/444
f 443/540/443 454/553/454 455/552/455
f 444/539/444 456/554/456 445/541/445
f 444/539/444 455/552/455 456/554/456
f 445/541/445 457/555/457 446/542/446
f 445/541/445 456/554/456 457/555/457
f 446/542/446 458/556/458 447/543/447
f 446/542/446 457/555/457 458/556/458
f 447/543/447 459/557/459 448/544/448
f 447/543/447 458/556/458 459/557/459
f 448/544/448 460/558/460 449/545/449
f 448/544/448 459/557/459 460/558/460
f 454/553/454 466/565/466 455/552/455
f 454/553/454 465/566/465 466/565/466
f 455/552/455 467/567/467 456/554/456
f 455/552/455 466/565/466 467/567/467
f 456/554/456 468/568/468 457/555/457
f 456/554/456 467/567/467 468/568/468
f 457/555/457 469/569/469 458/556/458
f 457/555/457 468/568/468 469/569/469
f 458/556/458 470/570/470 459/557/459
f 458/556/458 469/569/469 470/570/470
f 459/557/459 471/571/471 460/558/460
f 459/557/459 470/570/470 471/571/471
f 465/566/465 477/578/477 466/565/466
f 465/566/465 476/579/476 477/578/477
f 466/565/466 478/580/478 467/567/467
f 466/565/466 477/578/477 478/580/478
f 467/567/467 479/581/479 468/568/468
f 467/567/467 478/580/478 479/581/479
f 468/568/468 480/582/480 469/569/469
f 468/568/468 479/581/479 480/582/480
f 469/569/469 481/583/481 470/570/470
f 469/569/469 480/582/480 481/583/481
f 470/570/470 482/584/482 471/571/471
f 470/570/470 481/583/481 482/584/482
f 476/579/476 488/591/488 477/578/477
f 476/579/476 487/592/487 488/591/488
f 477/578/477 489/593/489 478/580/478
f 477/578/477 488/591/488 489/593/489
f 478/580/478 490/594/490 479/581/479
f 478/580/478 489/593/489 490/594/490
f 479/581/479 491/595/491 480/582/480
f 479/581/479 490/594/490 491/595/491
f 480/582/480 492/596/492 481/583/481
f 480/582/480 491/595/491 492/596/492
f 481/583/481 493/597/493 482/584/482
f 481/583/481 492/596/492 493/597/493
f 487/592/487 4/8/7 488/591/488
f 487/592/487 3/7/5 4/8/7
f 488/591/488 5/11/9 489/593/489
f 488/591/488 4/8/7 5/11/9
f 489/593/489 6/13/11 490/594/490
f 489/593/489 5/11/9 6/13/11
f 490/594/490 7/15/13 491/595/491
f 490/594/490 6/13/11 7/15/13
f 491/595/491 8/17/15 492/596/492
f 491/595/491 7/15/13 8/17/15
f 492/596/492 9/19/17 493/597/493
f 492/596/492 8/17/15 9/19/17
s 29
g VWBeetle.003_white
usemtl white
f 724/601/713 744/601/715 725/601/714
f 724/601/713 743/601/716 744/601/715
f 725/601/714 745/601/718 726/601/717
f 725/601/714 744/601/715 745/601/718
f 726/601/717 746/601/720 727/601/719
f 726/601/717 745/601/718 746/601/720
f 727/601/719 747/601/722 728/601/721
f 727/601/719 746/601/720 747/601/722
s 30
f 728/601/723 748/601/725 729/601/724
f 728/601/723 747/601/726 748/601/725
s 31
f 729/601/727 749/601/729 730/601/728
f 729/601/727 748/601/730 749/601/729
f 730/601/728 750/601/732 731/601/731
f 730/601/728 749/601/729 750/601/732
s 32
f 731/601/733 751/601/735 732/601/734
f 731/601/733 750/601/736 751/601/735
f 732/601/734 752/601/738 733/601/737
f 732/601/734 751/601/735 752/601/738
f 733/601/737 753/601/740 734/601/739
f 733/601/737 752/601/738 753/601/740
s 33
f 734/601/741 754/601/743 735/601/742
f 734/601/741 753/601/744 754/601/743
s 34
f 735/601/707 755/601/707 736/601/707
f 735/601/707 754/601/707 755/601/707
s 35
f 736/601/745 756/601/747 737/601/746
f 736/601/745 755/601/748 756/601/747
s 36
f 737/601/749 757/601/749 738/601/749
f 737/601/749 756/601/749 757/601/749
s 37
f 738/601/750 758/601/752 739/601/751
f 738/601/750 757/601/753 758/601/752
s 38
f 739/601/749 759/601/749 740/601/749
f 739/601/749 758/601/749 759/601/749
s 39
f 740/601/754 760/601/756 741/601/755
f 740/601/754 759/601/757 760/601/756
s 40
f 741/601/749 760/601/749 742/601/749
s 29
f 743/601/716 762/601/758 744/601/715
f 743/601/716 761/601/759 762/601/758
f 744/601/715 763/601/760 745/601/718
f 744/601/715 762/601/758 763/601/760
f 745/601/718 764/601/761 746/601/720
f 745/601/718 763/601/760 764/601/761
f 746/601/720 765/601/762 747/601/722
f 746/601/720 764/601/761 765/601/762
s 30
f 747/601/726 766/601/763 748/601/725
f 747/601/726 765/601/764 766/601/763
s 31
f 748/601/730 767/601/765 749/601/729
f 748/601/730 766/601/766 767/601/765
f 749/601/729 768/601/767 750/601/732
f 749/601/729 767/601/765 768/601/767
s 32
f 750/601/736 769/601/768 751/601/735
f 750/601/736 768/601/769 769/601/768
f 751/601/735 770/601/770 752/601/738
f 751/601/735 769/601/768 770/601/770
f 752/601/738 771/601/771 753/601/740
f 752/601/738 770/601/770 771/601/771
s 33
f 753/601/744 772/601/772 754/601/743
f 753/601/744 771/601/773 772/601/772
s 34
f 754/601/707 773/601/707 755/601/707
f 754/601/707 772/601/707 773/601/707
s 35
f 755/601/748 774/601/774 756/601/747
f 755/601/748 773/601/775 774/601/774
s 36
f 756/601/749 775/601/749 757/601/749
f 756/601/749 774/601/749 775/601/749
s 37
f 757/601/753 776/601/776 758/601/752
f 757/601/753 775/601/777 776/601/776
s 38
f 758/601/749 777/601/749 759/601/749
f 758/601/749 776/601/749 777/601/749
s 39
f 759/601/757 778/601/778 760/601/756
f 759/601/757 777/601/779 778/601/778
s 40
f 760/601/749 778/601/749 742/601/749
s 29
f 761/601/759 780/601/780 762/601/758
f 761/601/759 779/601/781 780/601/780
f 762/601/758 781/601/782 763/601/760
f 762/601/758 780/601/780 781/601/782
f 763/601/760 782/601/783 764/601/761
f 763/601/760 781/601/782 782/601/783
f 764/601/761 783/601/784 765/601/762
f 764/601/761 782/601/783 783/601/784
s 30
f 765/601/764 784/601/785 766/601/763
f 765/601/764 783/601/786 784/601/785
s 31
f 766/601/766 785/601/787 767/601/765
f 766/601/766 784/601/788 785/601/787
f 767/601/765 786/601/789 768/601/767
f 767/601/765 785/601/787 786/601/789
s 32
f 768/601/769 787/601/790 769/601/768
f 768/601/769 786/601/791 787/601/790
f 769/601/768 788/601/792 770/601/770
f 769/601/768 787/601/790 788/601/792
f 770/601/770 789/601/793 771/601/771
f 770/601/770 788/601/792 789/601/793
s 33
f 771/601/773 790/601/794 772/601/772
f 771/601/773 789/601/795 790/601/794
s 34
f 772/601/707 791/601/707 773/601/707
f 772/601/707 790/601/707 791/601/707
s 35
f 773/601/775 792/601/796 774/601/774
f 773/601/775 791/601/797 792/601/796
s 36
f 774/601/749 793/601/749 775/601/749
f 774/601/749 792/601/749 793/601/749
s 37
f 775/601/777 794/601/798 776/601/776
f 775/601/777 793/601/799 794/601/798
s 38
f 776/601/749 795/601/749 777/601/749
f 776/601/749 794/601/749 795/601/749
s 39
f 777/601/779 796/601/800 778/601/778
f 777/601/779 795/601/801 796/601/800
s 40
f 778/601/749 796/601/749 742/601/749
s 29
f 779/601/781 798/601/802 780/601/780
f 779/601/781 797/601/803 798/601/802
f 780/601/780 799/601/804 781/601/782
f 780/601/780 798/601/802 799/601/804
f 781/601/782 800/601/805 782/601/783
f 781/601/782 799/601/804 800/601/805
f 782/601/783 801/601/806 783/601/784
f 782/601/783 800/601/805 801/601/806
s 30
f 783/601/786 802/601/807 784/601/785
f 783/601/786 801/601/808 802/601/807
s 31
f 784/601/788 803/601/809 785/601/787
f 784/601/788 802/601/810 803/601/809
f 785/601/787 804/601/811 786/601/789
f 785/601/787 803/601/809 804/601/811
s 32
f 786/601/791 805/601/812 787/601/790
f 786/601/791 804/601/813 805/601/812
f 787/601/790 806/601/814 788/601/792
f 787/601/790 805/601/812 806/601/814
f 788/601/792 807/601/815 789/601/793
f 788/601/792 806/601/814 807/601/815
s 33
f 789/601/795 808/601/816 790/601/794
f 789/601/795 807/601/817 808/601/816
s 34
f 790/601/707 809/601/707 791/601/707
f 790/601/707 808/601/707 809/601/707
s 35
f 791/601/797 810/601/818 792/601/796
f 791/601/797 809/601/819 810/601/818
s 36
f 792/601/749 811/601/749 793/601/749
f 792/601/749 810/601/749 811/601/749
s 37
f 793/601/799 812/601/820 794/601/798
f 793/601/799 811/601/821 812/601/820
s 38
f 794/601/749 813/601/749 795/601/749
f 794/601/749 812/601/749 813/601/749
s 39
f 795/601/801 814/601/822 796/601/800
f 795/601/801 813/601/823 814/601/822
s 40
f 796/601/749 814/601/749 742/601/749
s 29
f 797/601/803 816/601/824 798/601/802
f 797/601/803 815/601/825 816/601/824
f 798/601/802 817/601/826 799/601/804
f 798/601/802 816/601/824 817/601/826
f 799/601/804 818/601/827 800/601/805
f 799/601/804 817/601/826 818/601/827
f 800/601/805 819/601/828 801/601/806
f 800/601/805 818/601/827 819/601/828
s 30
f 801/601/808 820/601/829 802/601/807
f 801/601/808 819/601/830 820/601/829
s 31
f 802/601/810 821/601/831 803/601/809
f 802/601/810 820/601/832 821/601/831
f 803/601/809 822/601/833 804/601/811
f 803/601/809 821/601/831 822/601/833
s 32
f 804/601/813 823/601/834 805/601/812
f 804/601/813 822/601/835 823/601/834
f 805/601/812 824/601/836 806/601/814
f 805/601/812 823/601/834 824/601/836
f 806/601/814 825/601/837 807/601/815
f 806/601/814 824/601/836 825/601/837
s 33
f 807/601/817 826/601/838 808/601/816
f 807/601/817 825/601/839 826/601/838
s 34
f 808/601/707 827/601/707 809/601/707
f 808/601/707 826/601/707 827/601/707
s 35
f 809/601/819 828/601/840 810/601/818
f 809/601/819 827/601/841 828/601/840
s 36
f 810/601/749 829/601/749 811/601/749
f 810/601/749 828/601/749 829/601/749
s 37
f 811/601/821 830/601/842 812/601/820
f 811/601/821 829/601/843 830/601/842
s 38
f 812/601/749 831/601/749 813/601/749
f 812/601/749 830/601/749 831/601/749
s 39
f 813/601/823 832/601/844 814/601/822
f 813/601/823 831/601/845 832/601/844
s 40
f 814/601/749 832/601/749 742/601/749
s 29
f 815/601/825 834/601/846 816/601/824
f 815/601/825 833/601/847 834/601/846
f 816/601/824 835/601/848 817/601/826
f 816/601/824 834/601/846 835/601/848
f 817/601/826 836/601/849 818/601/827
f 817/601/826 835/601/848 836/601/849
f 818/601/827 837/601/850 819/601/828
f 818/601/827 836/601/849 837/601/850
s 30
f 819/601/830 838/601/851 820/601/829
f 819/601/830 837/601/852 838/601/851
s 31
f 820/601/832 839/601/853 821/601/831
f 820/601/832 838/601/854 839/601/853
f 821/601/831 840/601/855 822/601/833
f 821/601/831 839/601/853 840/601/855
s 32
f 822/601/835 841/601/856 823/601/834
f 822/601/835 840/601/857 841/601/856
f 823/601/834 842/601/858 824/601/836
f 823/601/834 841/601/856 842/601/858
f 824/601/836 843/601/859 825/601/837
f 824/601/836 842/601/858 843/601/859
s 33
f 825/601/839 844/601/860 826/601/838
f 825/601/839 843/601/861 844/601/860
s 34
f 826/601/707 845/601/707 827/601/707
f 826/601/707 844/601/707 845/601/707
s 35
f 827/601/841 846/601/862 828/601/840
f 827/601/841 845/601/863 846/601/862
s 36
f 828/601/749 847/601/749 829/601/749
f 828/601/749 846/601/749 847/601/749
s 37
f 829/601/843 848/601/864 830/601/842
f 829/601/843 847/601/865 848/601/864
s 38
f 830/601/749 849/601/749 831/601/749
f 830/601/749 848/601/749 849/601/749
s 39
f 831/601/845 850/601/866 832/601/844
f 831/601/845 849/601/867 850/601/866
s 40
f 832/601/749 850/601/749 742/601/749
s 29
f 833/601/847 852/601/868 834/601/846
f 833/601/847 851/601/869 852/601/868
f 834/601/846 853/601/870 835/601/848
f 834/601/846 852/601/868 853/601/870
f 835/601/848 854/601/871 836/601/849
f 835/601/848 853/601/870 854/601/871
f 836/601/849 855/601/872 837/601/850
f 836/601/849 854/601/871 855/601/872
s 30
f 837/601/852 856/601/873 838/601/851
f 837/601/852 855/601/874 856/601/873
s 31
f 838/601/854 857/601/875 839/601/853
f 838/601/854 856/601/876 857/601/875
f 839/601/853 858/601/877 840/601/855
f 839/601/853 857/601/875 858/601/877
s 32
f 840/601/857 859/601/878 841/601/856
f 840/601/857 858/601/879 859/601/878
f 841/601/856 860/601/880 842/601/858
f 841/601/856 859/601/878 860/601/880
f 842/601/858 861/601/881 843/601/859
f 842/601/858 860/601/880 861/601/881
s 33
f 843/601/861 862/601/882 844/601/860
f 843/601/861 861/601/883 862/601/882
s 34
f 844/601/707 863/601/707 845/601/707
f 844/601/707 862/601/707 863/601/707
s 35
f 845/601/863 864/601/884 846/601/862
f 845/601/863 863/601/885 864/601/884
s 36
f 846/601/749 865/601/749 847/601/749
f 846/601/749 864/601/749 865/601/749
s 37
f 847/601/865 866/601/886 848/601/864
f 847/601/865 865/601/887 866/601/886
s 38
f 848/601/749 867/601/749 849/601/749
f 848/601/749 866/601/749 867/601/749
s 39
f 849/601/867 868/601/888 850/601/866
f 849/601/867 867/601/889 868/601/888
s 40
f 850/601/749 868/601/749 742/601/749
s 29
f 851/601/869 870/601/890 852/601/868
f 851/601/869 869/601/891 870/601/890
f 852/601/868 871/601/892 853/601/870
f 852/601/868 870/601/890 871/601/892
f 853/601/870 872/601/893 854/601/871
f 853/601/870 871/601/892 872/601/893
f 854/601/871 873/601/894 855/601/872
f 854/601/871 872/601/893 873/601/894
s 30
f 855/601/874 874/601/895 856/601/873
f 855/601/874 873/601/896 874/601/895
s 31
f 856/601/876 875/601/897 857/601/875
f 856/601/876 874/601/898 875/601/897
f 857/601/875 876/601/899 858/601/877
f 857/601/875 875/601/897 876/601/899
s 32
f 858/601/879 877/601/900 859/601/878
f 858/601/879 876/601/901 877/601/900
f 859/601/878 878/601/902 860/601/880
f 859/601/878 877/601/900 878/601/902
f 860/601/880 879/601/903 861/601/881
f 860/601/880 878/601/902 879/601/903
s 33
f 861/601/883 880/601/904 862/601/882
f 861/601/883 879/601/905 880/601/904
s 34
f 862/601/707 881/601/707 863/601/707
f 862/601/707 880/601/707 881/601/707
s 35
f 863/601/885 882/601/906 864/601/884
f 863/601/885 881/601/907 882/601/906
s 36
f 864/601/749 883/601/749 865/601/749
f 864/601/749 882/601/749 883/601/749
s 37
f 865/601/887 884/601/908 866/601/886
f 865/601/887 883/601/909 884/601/908
s 38
f 866/601/749 885/601/749 867/601/749
f 866/601/749 884/601/749 885/601/749
s 39
f 867/601/889 886/601/910 868/601/888
f 867/601/889 885/601/911 886/601/910
s 40
f 868/601/749 886/601/749 742/601/749
s 29
f 869/601/891 888/601/912 870/601/890
f 869/601/891 887/601/913 888/601/912
f 870/601/890 889/601/914 871/601/892
f 870/601/890 888/601/912 889/601/914
f 871/601/892 890/601/915 872/601/893
f 871/601/892 889/601/914 890/601/915
f 872/601/893 891/601/916 873/601/894
f 872/601/893 890/601/915 891/601/916
s 30
f 873/601/896 892/601/917 874/601/895
f 873/601/896 891/601/918 892/601/917
s 31
f 874/601/898 893/601/919 875/601/897
f 874/601/898 892/601/920 893/601/919
f 875/601/897 894/601/921 876/601/899
f 875/601/897 893/601/919 894/601/921
s 32
f 876/601/901 895/601/922 877/601/900
f 876/601/901 894/601/923 895/601/922
f 877/601/900 896/601/924 878/601/902
f 877/601/900 895/601/922 896/601/924
f 878/601/902 897/601/925 879/601/903
f 878/601/902 896/601/924 897/601/925
s 33
f 879/601/905 898/601/926 880/601/904
f 879/601/905 897/601/927 898/601/926
s 34
f 880/601/707 899/601/707 881/601/707
f 880/601/707 898/601/707 899/601/707
s 35
f 881/601/907 900/601/928 882/601/906
f 881/601/907 899/601/929 900/601/928
s 36
f 882/601/749 901/601/749 883/601/749
f 882/601/749 900/601/749 901/601/749
s 37
f 883/601/909 902/601/930 884/601/908
f 883/601/909 901/601/931 902/601/930
s 38
f 884/601/749 903/601/749 885/601/749
f 884/601/749 902/601/749 903/601/749
s 39
f 885/601/911 904/601/932 886/601/910
f 885/601/911 903/601/933 904/601/932
s 40
f 886/601/749 904/601/749 742/601/749
s 29
f 887/601/913 906/601/934 888/601/912
f 887/601/913 905/601/935 906/601/934
f 888/601/912 907/601/936 889/601/914
f 888/601/912 906/601/934 907/601/936
f 889/601/914 908/601/937 890/601/915
f 889/601/914 907/601/936 908/601/937
f 890/601/915 909/601/938 891/601/916
f 890/601/915 908/601/937 909/601/938
s 30
f 891/601/918 910/601/939 892/601/917
f 891/601/918 909/601/940 910/601/939
s 31
f 892/601/920 911/601/941 893/601/919
f 892/601/920 910/601/942 911/601/941
f 893/601/919 912/601/943 894/601/921
f 893/601/919 911/601/941 912/601/943
s 32
f 894/601/923 913/601/944 895/601/922
f 894/601/923 912/601/945 913/601/944
f 895/601/922 914/601/946 896/601/924
f 895/601/922 913/601/944 914/601/946
f 896/601/924 915/601/947 897/601/925
f 896/601/924 914/601/946 915/601/947
s 33
f 897/601/927 916/601/948 898/601/926
f 897/601/927 915/601/949 916/601/948
s 34
f 898/601/707 917/601/707 899/601/707
f 898/601/707 916/601/707 917/601/707
s 35
f 899/601/929 918/601/950 900/601/928
f 899/601/929 917/601/951 918/601/950
s 36
f 900/601/749 919/601/749 901/601/749
f 900/601/749 918/601/749 919/601/749
s 37
f 901/601/931 920/601/952 902/601/930
f 901/601/931 919/601/953 920/601/952
s 38
f 902/601/749 921/601/749 903/601/749
f 902/601/749 920/601/749 921/601/749
s 39
f 903/601/933 922/601/954 904/601/932
f 903/601/933 921/601/955 922/601/954
s 40
f 904/601/749 922/601/749 742/601/749
s 29
f 905/601/935 924/601/956 906/601/934
f 905/601/935 923/601/957 924/601/956
f 906/601/934 925/601/958 907/601/936
f 906/601/934 924/601/956 925/601/958
f 907/601/936 926/601/959 908/601/937
f 907/601/936 925/601/958 926/601/959
f 908/601/937 927/601/960 909/601/938
f 908/601/937 926/601/959 927/601/960
s 30
f 909/601/940 928/601/961 910/601/939
f 909/601/940 927/601/962 928/601/961
s 31
f 910/601/942 929/601/963 911/601/941
f 910/601/942 928/601/964 929/601/963
f 911/601/941 930/601/965 912/601/943
f 911/601/941 929/601/963 930/601/965
s 32
f 912/601/945 931/601/966 913/601/944
f 912/601/945 930/601/967 931/601/966
f 913/601/944 932/601/968 914/601/946
f 913/601/944 931/601/966 932/601/968
f 914/601/946 933/601/969 915/601/947
f 914/601/946 932/601/968 933/601/969
s 33
f 915/601/949 934/601/970 916/601/948
f 915/601/949 933/601/971 934/601/970
s 34
f 916/601/707 935/601/707 917/601/707
f 916/601/707 934/601/707 935/601/707
s 35
f 917/601/951 936/601/972 918/601/950
f 917/601/951 935/601/973 936/601/972
s 36
f 918/601/749 937/601/749 919/601/749
f 918/601/749 936/601/749 937/601/749
s 37
f 919/601/953 938/601/974 920/601/952
f 919/601/953 937/601/975 938/601/974
s 38
f 920/601/749 939/601/749 921/601/749
f 920/601/749 938/601/749 939/601/749
s 39
f 921/601/955 940/601/976 922/601/954
f 921/601/955 939/601/977 940/601/976
s 40
f 922/601/749 940/601/749 742/601/749
s 29
f 923/601/957 942/601/978 924/601/956
f 923/601/957 941/601/979 942/601/978
f 924/601/956 943/601/980 925/601/958
f 924/601/956 942/601/978 943/601/980
f 925/601/958 944/601/981 926/601/959
f 925/601/958 943/601/980 944/601/981
f 926/601/959 945/601/982 927/601/960
f 926/601/959 944/601/981 945/601/982
s 30
f 927/601/962 946/601/983 928/601/961
f 927/601/962 945/601/984 946/601/983
s 31
f 928/601/964 947/601/985 929/601/963
f 928/601/964 946/601/986 947/601/985
f 929/601/963 948/601/987 930/601/965
f 929/601/963 947/601/985 948/601/987
s 32
f 930/601/967 949/601/988 931/601/966
f 930/601/967 948/601/989 949/601/988
f 931/601/966 950/601/990 932/601/968
f 931/601/966 949/601/988 950/601/990
f 932/601/968 951/601/991 933/601/969
f 932/601/968 950/601/990 951/601/991
s 33
f 933/601/971 952/601/992 934/601/970
f 933/601/971 951/601/993 952/601/992
s 34
f 934/601/707 953/601/707 935/601/707
f 934/601/707 952/601/707 953/601/707
s 35
f 935/601/973 954/601/994 936/601/972
f 935/601/973 953/601/995 954/601/994
s 36
f 936/601/749 955/601/749 937/601/749
f 936/601/749 954/601/749 955/601/749
s 37
f 937/601/975 956/601/996 938/601/974
f 937/601/975 955/601/997 956/601/996
s 38
f 938/601/749 957/601/749 939/601/749
f 938/601/749 956/601/749 957/601/749
s 39
f 939/601/977 958/601/998 940/601/976
f 939/601/977 957/601/999 958/601/998
s 40
f 940/601/749 958/601/749 742/601/749
s 29
f 941/601/979 960/601/1000 942/601/978
f 941/601/979 959/601/1001 960/601/1000
f 942/601/978 961/601/1002 943/601/980
f 942/601/978 960/601/1000 961/601/1002
f 943/601/980 962/601/1003 944/601/981
f 943/601/980 961/601/1002 962/601/1003
f 944/601/981 963/601/1004 945/601/982
f 944/601/981 962/601/1003 963/601/1004
s 30
f 945/601/984 964/601/1005 946/601/983
f 945/601/984 963/601/1006 964/601/1005
s 31
f 946/601/986 965/601/1007 947/601/985
f 946/601/986 964/601/1008 965/601/1007
f 947/601/985 966/601/1009 948/601/987
f 947/601/985 965/601/1007 966/601/1009
s 32
f 948/601/989 967/601/1010 949/601/988
f 948/601/989 966/601/1011 967/601/1010
f 949/601/988 968/601/1012 950/601/990
f 949/601/988 967/601/1010 968/601/1012
f 950/601/990 969/601/1013 951/601/991
f 950/601/990 968/601/1012 969/601/1013
s 33
f 951/601/993 970/601/1014 952/601/992
f 951/601/993 969/601/1015 970/601/1014
s 34
f 952/601/707 971/601/707 953/601/707
f 952/601/707 970/601/707 971/601/707
s 35
f 953/601/995 972/601/1016 954/601/994
f 953/601/995 971/601/1017 972/601/1016
s 36
f 954/601/749 973/601/749 955/601/749
f 954/601/749 972/601/749 973/601/749
s 37
f 955/601/997 974/601/1018 956/601/996
f 955/601/997 973/601/1019 974/601/1018
s 38
f 956/601/749 975/601/749 957/601/749
f 956/601/749 974/601/749 975/601/749
s 39
f 957/601/999 976/601/1020 958/601/998
f 957/601/999 975/601/1021 976/601/1020
s 40
f 958/601/749 976/601/749 742/601/749
s 29
f 959/601/1001 978/601/1022 960/601/1000
f 959/601/1001 977/601/1023 978/601/1022
f 960/601/1000 979/601/1024 961/601/1002
f 960/601/1000 978/601/1022 979/601/1024
f 961/601/1002 980/601/1025 962/601/1003
f 961/601/1002 979/601/1024 980/601/1025
f 962/601/1003 981/601/1026 963/601/1004
f 962/601/1003 980/601/1025 981/601/1026
s 30
f 963/601/1006 982/601/1027 964/601/1005
f 963/601/1006 981/601/1028 982/601/1027
s 31
f 964/601/1008 983/601/1029 965/601/1007
f 964/601/1008 982/601/1030 983/601/1029
f 965/601/1007 984/601/1031 966/601/1009
f 965/601/1007 983/601/1029 984/601/1031
s 32
f 966/601/1011 985/601/1032 967/601/1010
f 966/601/1011 984/601/1033 985/601/1032
f 967/601/1010 986/601/1034 968/601/1012
f 967/601/1010 985/601/1032 986/601/1034
f 968/601/1012 987/601/1035 969/601/1013
f 968/601/1012 986/601/1034 987/601/1035
s 33
f 969/601/1015 988/601/1036 970/601/1014
f 969/601/1015 987/601/1037 988/601/1036
s 34
f 970/601/707 989/601/707 971/601/707
f 970/601/707 988/601/707 989/601/707
s 35
f 971/601/1017 990/601/1038 972/601/1016
f 971/601/1017 989/601/1039 990/601/1038
s 36
f 972/601/749 991/601/749 973/601/749
f 972/601/749 990/601/749 991/601/749
s 37
f 973/601/1019 992/601/1040 974/601/1018
f 973/601/1019 991/601/1041 992/601/1040
s 38
f 974/601/749 993/601/749 975/601/749
f 974/601/749 992/601/749 993/601/749
s 39
f 975/601/1021 994/601/1042 976/601/1020
f 975/601/1021 993/601/1043 994/601/1042
s 40
f 976/601/749 994/601/749 742/601/749
s 29
f 977/601/1023 996/601/1044 978/601/1022
f 977/601/1023 995/601/1045 996/601/1044
f 978/601/1022 997/601/1046 979/601/1024
f 978/601/1022 996/601/1044 997/601/1046
f 979/601/1024 998/601/1047 980/601/1025
f 979/601/1024 997/601/1046 998/601/1047
f 980/601/1025 999/601/1048 981/601/1026
f 980/601/1025 998/601/1047 999/601/1048
s 30
f 981/601/1028 1000/601/1049 982/601/1027
f 981/601/1028 999/601/1050 1000/601/1049
s 31
f 982/601/1030 1001/601/1051 983/601/1029
f 982/601/1030 1000/601/1052 1001/601/1051
f 983/601/1029 1002/601/1053 984/601/1031
f 983/601/1029 1001/601/1051 1002/601/1053
s 32
f 984/601/1033 1003/601/1054 985/601/1032
f 984/601/1033 1002/601/1055 1003/601/1054
f 985/601/1032 1004/601/1056 986/601/1034
f 985/601/1032 1003/601/1054 1004/601/1056
f 986/601/1034 1005/601/1057 987/601/1035
f 986/601/1034 1004/601/1056 1005/601/1057
s 33
f 987/601/1037 1006/601/1058 988/601/1036
f 987/601/1037 1005/601/1059 1006/601/1058
s 34
f 988/601/707 1007/601/707 989/601/707
f 988/601/707 1006/601/707 1007/601/707
s 35
f 989/601/1039 1008/601/1060 990/601/1038
f 989/601/1039 1007/601/1061 1008/601/1060
s 36
f 990/601/749 1009/601/749 991/601/749
f 990/601/749 1008/601/749 1009/601/749
s 37
f 991/601/1041 1010/601/1062 992/601/1040
f 991/601/1041 1009/601/1063 1010/601/1062
s 38
f 992/601/749 1011/601/749 993/601/749
f 992/601/749 1010/601/749 1011/601/749
s 39
f 993/601/1043 1012/601/1064 994/601/1042
f 993/601/1043 1011/601/1065 1012/601/1064
s 40
f 994/601/749 1012/601/749 742/601/749
s 29
f 995/601/1045 1014/601/1066 996/601/1044
f 995/601/1045 1013/601/1067 1014/601/1066
f 996/601/1044 1015/601/1068 997/601/1046
f 996/601/1044 1014/601/1066 1015/601/1068
f 997/601/1046 1016/601/1069 998/601/1047
f 997/601/1046 1015/601/1068 1016/601/1069
f 998/601/1047 1017/601/1070 999/601/1048
f 998/601/1047 1016/601/1069 1017/601/1070
s 30
f 999/601/1050 1018/601/1071 1000/601/1049
f 999/601/1050 1017/601/1072 1018/601/1071
s 31
f 1000/601/1052 1019/601/1073 1001/601/1051
f 1000/601/1052 1018/601/1074 1019/601/1073
f 1001/601/1051 1020/601/1075 1002/601/1053
f 1001/601/1051 1019/601/1073 1020/601/1075
s 32
f 1002/601/1055 1021/601/1076 1003/601/1054
f 1002/601/1055 1020/601/1077 1021/601/1076
f 1003/601/1054 1022/601/1078 1004/601/1056
f 1003/601/1054 1021/601/1076 1022/601/1078
f 1004/601/1056 1023/601/1079 1005/601/1057
f 1004/601/1056 1022/601/1078 1023/601/1079
s 33
f 1005/601/1059 1024/601/1080 1006/601/1058
f 1005/601/1059 1023/601/1081 1024/601/1080
s 34
f 1006/601/707 1025/601/707 1007/601/707
f 1006/601/707 1024/601/707 1025/601/707
s 35
f 1007/601/1061 1026/601/1082 1008/601/1060
f 1007/601/1061 1025/601/1083 1026/601/1082
s 36
f 1008/601/749 1027/601/749 1009/601/749
f 1008/601/749 1026/601/749 1027/601/749
s 37
f 1009/601/1063 1028/601/1084 1010/601/1062
f 1009/601/1063 1027/601/1085 1028/601/1084
s 38
f 1010/601/749 1029/601/749 1011/601/749
f 1010/601/749 1028/601/749 1029/601/749
s 39
f 1011/601/1065 1030/601/1086 1012/601/1064
f 1011/601/1065 1029/601/1087 1030/601/1086
s 40
f 1012/601/749 1030/601/749 742/601/749
s 29
f 1013/601/1067 1032/601/1088 1014/601/1066
f 1013/601/1067 1031/601/1089 1032/601/1088
f 1014/601/1066 1033/601/1090 1015/601/1068
f 1014/601/1066 1032/601/1088 1033/601/1090
f 1015/601/1068 1034/601/1091 1016/601/1069
f 1015/601/1068 1033/601/1090 1034/601/1091
f 1016/601/1069 1035/601/1092 1017/601/1070
f 1016/601/1069 1034/601/1091 1035/601/1092
s 30
f 1017/601/1072 1036/601/1093 1018/601/1071
f 1017/601/1072 1035/601/1094 1036/601/1093
s 31
f 1018/601/1074 1037/601/1095 1019/601/1073
f 1018/601/1074 1036/601/1096 1037/601/1095
f 1019/601/1073 1038/601/1097 1020/601/1075
f 1019/601/1073 1037/601/1095 1038/601/1097
s 32
f 1020/601/1077 1039/601/1098 1021/601/1076
f 1020/601/1077 1038/601/1099 1039/601/1098
f 1021/601/1076 1040/601/1100 1022/601/1078
f 1021/601/1076 1039/601/1098 1040/601/1100
f 1022/601/1078 1041/601/1101 1023/601/1079
f 1022/601/1078 1040/601/1100 1041/601/1101
s 33
f 1023/601/1081 1042/601/1102 1024/601/1080
f 1023/601/1081 1041/601/1103 1042/601/1102
s 34
f 1024/601/707 1043/601/707 1025/601/707
f 1024/601/707 1042/601/707 1043/601/707
s 35
f 1025/601/1083 1044/601/1104 1026/601/1082
f 1025/601/1083 1043/601/1105 1044/601/1104
s 36
f 1026/601/749 1045/601/749 1027/601/749
f 1026/601/749 1044/601/749 1045/601/749
s 37
f 1027/601/1085 1046/601/1106 1028/601/1084
f 1027/601/1085 1045/601/1107 1046/601/1106
s 38
f 1028/601/749 1047/601/749 1029/601/749
f 1028/601/749 1046/601/749 1047/601/749
s 39
f 1029/601/1087 1048/601/1108 1030/601/1086
f 1029/601/1087 1047/601/1109 1048/601/1108
s 40
f 1030/601/749 1048/601/749 742/601/749
s 29
f 1031/601/1089 1050/601/1110 1032/601/1088
f 1031/601/1089 1049/601/1111 1050/601/1110
f 1032/601/1088 1051/601/1112 1033/601/1090
f 1032/601/1088 1050/601/1110 1051/601/1112
f 1033/601/1090 1052/601/1113 1034/601/1091
f 1033/601/1090 1051/601/1112 1052/601/1113
f 1034/601/1091 1053/601/1114 1035/601/1092
f 1034/601/1091 1052/601/1113 1053/601/1114
s 30
f 1035/601/1094 1054/601/1115 1036/601/1093
f 1035/601/1094 1053/601/1116 1054/601/1115
s 31
f 1036/601/1096 1055/601/1117 1037/601/1095
f 1036/601/1096 1054/601/1118 1055/601/1117
f 1037/601/1095 1056/601/1119 1038/601/1097
f 1037/601/1095 1055/601/1117 1056/601/1119
s 32
f 1038/601/1099 1057/601/1120 1039/601/1098
f 1038/601/1099 1056/601/1121 1057/601/1120
f 1039/601/1098 1058/601/1122 1040/601/1100
f 1039/601/1098 1057/601/1120 1058/601/1122
f 1040/601/1100 1059/601/1123 1041/601/1101
f 1040/601/1100 1058/601/1122 1059/601/1123
s 33
f 1041/601/1103 1060/601/1124 1042/601/1102
f 1041/601/1103 1059/601/1125 1060/601/1124
s 34
f 1042/601/707 1061/601/707 1043/601/707
f 1042/601/707 1060/601/707 1061/601/707
s 35
f 1043/601/1105 1062/601/1126 1044/601/1104
f 1043/601/1105 1061/601/1127 1062/601/1126
s 36
f 1044/601/749 1063/601/749 1045/601/749
f 1044/601/749 1062/601/749 1063/601/749
s 37
f 1045/601/1107 1064/601/1128 1046/601/1106
f 1045/601/1107 1063/601/1129 1064/601/1128
s 38
f 1046/601/749 1065/601/749 1047/601/749
f 1046/601/749 1064/601/749 1065/601/749
s 39
f 1047/601/1109 1066/601/1130 1048/601/1108
f 1047/601/1109 1065/601/1131 1066/601/1130
s 40
f 1048/601/749 1066/601/749 742/601/749
s 29
f 1049/601/1111 1068/601/1132 1050/601/1110
f 1049/601/1111 1067/601/1133 1068/601/1132
f 1050/601/1110 1069/601/1134 1051/601/1112
f 1050/601/1110 1068/601/1132 1069/601/1134
f 1051/601/1112 1070/601/1135 1052/601/1113
f 1051/601/1112 1069/601/1134 1070/601/1135
f 1052/601/1113 1071/601/1136 1053/601/1114
f 1052/601/1113 1070/601/1135 1071/601/1136
s 30
f 1053/601/1116 1072/601/1137 1054/601/1115
f 1053/601/1116 1071/601/1138 1072/601/1137
s 31
f 1054/601/1118 1073/601/1139 1055/601/1117
f 1054/601/1118 1072/601/1140 1073/601/1139
f 1055/601/1117 1074/601/1141 1056/601/1119
f 1055/601/1117 1073/601/1139 1074/601/1141
s 32
f 1056/601/1121 1075/601/1142 1057/601/1120
f 1056/601/1121 1074/601/1143 1075/601/1142
f 1057/601/1120 1076/601/1144 1058/601/1122
f 1057/601/1120 1075/601/1142 1076/601/1144
f 1058/601/1122 1077/601/1145 1059/601/1123
f 1058/601/1122 1076/601/1144 1077/601/1145
s 33
f 1059/601/1125 1078/601/1146 1060/601/1124
f 1059/601/1125 1077/601/1147 1078/601/1146
s 34
f 1060/601/707 1079/601/707 1061/601/707
f 1060/601/707 1078/601/707 1079/601/707
s 35
f 1061/601/1127 1080/601/1148 1062/601/1126
f 1061/601/1127 1079/601/1149 1080/601/1148
s 36
f 1062/601/749 1081/601/749 1063/601/749
f 1062/601/749 1080/601/749 1081/601/749
s 37
f 1063/601/1129 1082/601/1150 1064/601/1128
f 1063/601/1129 1081/601/1151 1082/601/1150
s 38
f 1064/601/749 1083/601/749 1065/601/749
f 1064/601/749 1082/601/749 1083/601/749
s 39
f 1065/601/1131 1084/601/1152 1066/601/1130
f 1065/601/1131 1083/601/1153 1084/601/1152
s 40
f 1066/601/749 1084/601/749 742/601/749
s 29
f 1067/601/1133 1086/601/1154 1068/601/1132
f 1067/601/1133 1085/601/1155 1086/601/1154
f 1068/601/1132 1087/601/1156 1069/601/1134
f 1068/601/1132 1086/601/1154 1087/601/1156
f 1069/601/1134 1088/601/1157 1070/601/1135
f 1069/601/1134 1087/601/1156 1088/601/1157
f 1070/601/1135 1089/601/1158 1071/601/1136
f 1070/601/1135 1088/601/1157 1089/601/1158
s 30
f 1071/601/1138 1090/601/1159 1072/601/1137
f 1071/601/1138 1089/601/1160 1090/601/1159
s 31
f 1072/601/1140 1091/601/1161 1073/601/1139
f 1072/601/1140 1090/601/1162 1091/601/1161
f 1073/601/1139 1092/601/1163 1074/601/1141
f 1073/601/1139 1091/601/1161 1092/601/1163
s 32
f 1074/601/1143 1093/601/1164 1075/601/1142
f 1074/601/1143 1092/601/1165 1093/601/1164
f 1075/601/1142 1094/601/1166 1076/601/1144
f 1075/601/1142 1093/601/1164 1094/601/1166
f 1076/601/1144 1095/601/1167 1077/601/1145
f 1076/601/1144 1094/601/1166 1095/601/1167
s 33
f 1077/601/1147 1096/601/1168 1078/601/1146
f 1077/601/1147 1095/601/1169 1096/601/1168
s 34
f 1078/601/707 1097/601/707 1079/601/707
f 1078/601/707 1096/601/707 1097/601/707
s 35
f 1079/601/1149 1098/601/1170 1080/601/1148
f 1079/601/1149 1097/601/1171 1098/601/1170
s 36
f 1080/601/749 1099/601/749 1081/601/749
f 1080/601/749 1098/601/749 1099/601/749
s 37
f 1081/601/1151 1100/601/1172 1082/601/1150
f 1081/601/1151 1099/601/1173 1100/601/1172
s 38
f 1082/601/749 1101/601/749 1083/601/749
f 1082/601/749 1100/601/749 1101/601/749
s 39
f 1083/601/1153 1102/601/1174 1084/601/1152
f 1083/601/1153 1101/601/1175 1102/601/1174
s 40
f 1084/601/749 1102/601/749 742/601/749
s 29
f 1085/601/1155 1104/601/1176 1086/601/1154
f 1085/601/1155 1103/601/1177 1104/601/1176
f 1086/601/1154 1105/601/1178 1087/601/1156
f 1086/601/1154 1104/601/1176 1105/601/1178
f 1087/601/1156 1106/601/1179 1088/601/1157
f 1087/601/1156 1105/601/1178 1106/601/1179
f 1088/601/1157 1107/601/1180 1089/601/1158
f 1088/601/1157 1106/601/1179 1107/601/1180
s 30
f 1089/601/1160 1108/601/1181 1090/601/1159
f 1089/601/1160 1107/601/1182 1108/601/1181
s 31
f 1090/601/1162 1109/601/1183 1091/601/1161
f 1090/601/1162 1108/601/1184 1109/601/1183
f 1091/601/1161 1110/601/1185 1092/601/1163
f 1091/601/1161 1109/601/1183 1110/601/1185
s 32
f 1092/601/1165 1111/601/1186 1093/601/1164
f 1092/601/1165 1110/601/1187 1111/601/1186
f 1093/601/1164 1112/601/1188 1094/601/1166
f 1093/601/1164 1111/601/1186 1112/601/1188
f 1094/601/1166 1113/601/1189 1095/601/1167
f 1094/601/1166 1112/601/1188 1113/601/1189
s 33
f 1095/601/1169 1114/601/1190 1096/601/1168
f 1095/601/1169 1113/601/1191 1114/601/1190
s 34
f 1096/601/707 1115/601/707 1097/601/707
f 1096/601/707 1114/601/707 1115/601/707
s 35
f 1097/601/1171 1116/601/1192 1098/601/1170
f 1097/601/1171 1115/601/1193 1116/601/1192
s 36
f 1098/601/749 1117/601/749 1099/601/749
f 1098/601/749 1116/601/749 1117/601/749
s 37
f 1099/601/1173 1118/601/1194 1100/601/1172
f 1099/601/1173 1117/601/1195 1118/601/1194
s 38
f 1100/601/749 1119/601/749 1101/601/749
f 1100/601/749 1118/601/749 1119/601/749
s 39
f 1101/601/1175 1120/601/1196 1102/601/1174
f 1101/601/1175 1119/601/1197 1120/601/1196
s 40
f 1102/601/749 1120/601/749 742/601/749
s 29
f 1103/601/1177 1122/601/1198 1104/601/1176
f 1103/601/1177 1121/601/1199 1122/601/1198
f 1104/601/1176 1123/601/1200 1105/601/1178
f 1104/601/1176 1122/601/1198 1123/601/1200
f 1105/601/1178 1124/601/1201 1106/601/1179
f 1105/601/1178 1123/601/1200 1124/601/1201
f 1106/601/1179 1125/601/1202 1107/601/1180
f 1106/601/1179 1124/601/1201 1125/601/1202
s 30
f 1107/601/1182 1126/601/1203 1108/601/1181
f 1107/601/1182 1125/601/1204 1126/601/1203
s 31
f 1108/601/1184 1127/601/1205 1109/601/1183
f 1108/601/1184 1126/601/1206 1127/601/1205
f 1109/601/1183 1128/601/1207 1110/601/1185
f 1109/601/1183 1127/601/1205 1128/601/1207
s 32
f 1110/601/1187 1129/601/1208 1111/601/1186
f 1110/601/1187 1128/601/1209 1129/601/1208
f 1111/601/1186 1130/601/1210 1112/601/1188
f 1111/601/1186 1129/601/1208 1130/601/1210
f 1112/601/1188 1131/601/1211 1113/601/1189
f 1112/601/1188 1130/601/1210 1131/601/1211
s 33
f 1113/601/1191 1132/601/1212 1114/601/1190
f 1113/601/1191 1131/601/1213 1132/601/1212
s 34
f 1114/601/707 1133/601/707 1115/601/707
f 1114/601/707 1132/601/707 1133/601/707
s 35
f 1115/601/1193 1134/601/1214 1116/601/1192
f 1115/601/1193 1133/601/1215 1134/601/1214
s 36
f 1116/601/749 1135/601/749 1117/601/749
f 1116/601/749 1134/601/749 1135/601/749
s 37
f 1117/601/1195 1136/601/1216 1118/601/1194
f 1117/601/1195 1135/601/1217 1136/601/1216
s 38
f 1118/601/749 1137/601/749 1119/601/749
f 1118/601/749 1136/601/749 1137/601/749
s 39
f 1119/601/1197 1138/601/1218 1120/601/1196
f 1119/601/1197 1137/601/1219 1138/601/1218
s 40
f 1120/601/749 1138/601/749 742/601/749
s 29
f 1121/601/1199 1140/601/1220 1122/601/1198
f 1121/601/1199 1139/601/1221 1140/601/1220
f 1122/601/1198 1141/601/1222 1123/601/1200
f 1122/601/1198 1140/601/1220 1141/601/1222
f 1123/601/1200 1142/601/1223 1124/601/1201
f 1123/601/1200 1141/601/1222 1142/601/1223
f 1124/601/1201 1143/601/1224 1125/601/1202
f 1124/601/1201 1142/601/1223 1143/601/1224
s 30
f 1125/601/1204 1144/601/1225 1126/601/1203
f 1125/601/1204 1143/601/1226 1144/601/1225
s 31
f 1126/601/1206 1145/601/1227 1127/601/1205
f 1126/601/1206 1144/601/1228 1145/601/1227
f 1127/601/1205 1146/601/1229 1128/601/1207
f 1127/601/1205 1145/601/1227 1146/601/1229
s 32
f 1128/601/1209 1147/601/1230 1129/601/1208
f 1128/601/1209 1146/601/1231 1147/601/1230
f 1129/601/1208 1148/601/1232 1130/601/1210
f 1129/601/1208 1147/601/1230 1148/601/1232
f 1130/601/1210 1149/601/1233 1131/601/1211
f 1130/601/1210 1148/601/1232 1149/601/1233
s 33
f 1131/601/1213 1150/601/1234 1132/601/1212
f 1131/601/1213 1149/601/1235 1150/601/1234
s 34
f 1132/601/707 1151/601/707 1133/601/707
f 1132/601/707 1150/601/707 1151/601/707
s 35
f 1133/601/1215 1152/601/1236 1134/601/1214
f 1133/601/1215 1151/601/1237 1152/601/1236
s 36
f 1134/601/749 1153/601/749 1135/601/749
f 1134/601/749 1152/601/749 1153/601/749
s 37
f 1135/601/1217 1154/601/1238 1136/601/1216
f 1135/601/1217 1153/601/1239 1154/601/1238
s 38
f 1136/601/749 1155/601/749 1137/601/749
f 1136/601/749 1154/601/749 1155/601/749
s 39
f 1137/601/1219 1156/601/1240 1138/601/1218
f 1137/601/1219 1155/601/1241 1156/601/1240
s 40
f 1138/601/749 1156/601/749 742/601/749
s 29
f 1139/601/1221 1158/601/1242 1140/601/1220
f 1139/601/1221 1157/601/1243 1158/601/1242
f 1140/601/1220 1159/601/1244 1141/601/1222
f 1140/601/1220 1158/601/1242 1159/601/1244
f 1141/601/1222 1160/601/1245 1142/601/1223
f 1141/601/1222 1159/601/1244 1160/601/1245
f 1142/601/1223 1161/601/1246 1143/601/1224
f 1142/601/1223 1160/601/1245 1161/601/1246
s 30
f 1143/601/1226 1162/601/1247 1144/601/1225
f 1143/601/1226 1161/601/1248 1162/601/1247
s 31
f 1144/601/1228 1163/601/1249 1145/601/1227
f 1144/601/1228 1162/601/1250 1163/601/1249
f 1145/601/1227 1164/601/1251 1146/601/1229
f 1145/601/1227 1163/601/1249 1164/601/1251
s 32
f 1146/601/1231 1165/601/1252 1147/601/1230
f 1146/601/1231 1164/601/1253 1165/601/1252
f 1147/601/1230 1166/601/1254 1148/601/1232
f 1147/601/1230 1165/601/1252 1166/601/1254
f 1148/601/1232 1167/601/1255 1149/601/1233
f 1148/601/1232 1166/601/1254 1167/601/1255
s 33
f 1149/601/1235 1168/601/1256 1150/601/1234
f 1149/601/1235 1167/601/1257 1168/601/1256
s 34
f 1150/601/707 1169/601/707 1151/601/707
f 1150/601/707 1168/601/707 1169/601/707
s 35
f 1151/601/1237 1170/601/1258 1152/601/1236
f 1151/601/1237 1169/601/1259 1170/601/1258
s 36
f 1152/601/749 1171/601/749 1153/601/749
f 1152/601/749 1170/601/749 1171/601/749
s 37
f 1153/601/1239 1172/601/1260 1154/601/1238
f 1153/601/1239 1171/601/1261 1172/601/1260
s 38
f 1154/601/749 1173/601/749 1155/601/749
f 1154/601/749 1172/601/749 1173/601/749
s 39
f 1155/601/1241 1174/601/1262 1156/601/1240
f 1155/601/1241 1173/601/1263 1174/601/1262
s 40
f 1156/601/749 1174/601/749 742/601/749
s 29
f 1157/601/1243 1176/601/1264 1158/601/1242
f 1157/601/1243 1175/601/1265 1176/601/1264
f 1158/601/1242 1177/601/1266 1159/601/1244
f 1158/601/1242 1176/601/1264 1177/601/1266
f 1159/601/1244 1178/601/1267 1160/601/1245
f 1159/601/1244 1177/601/1266 1178/601/1267
f 1160/601/1245 1179/601/1268 1161/601/1246
f 1160/601/1245 1178/601/1267 1179/601/1268
s 30
f 1161/601/1248 1180/601/1269 1162/601/1247
f 1161/601/1248 1179/601/1270 1180/601/1269
s 31
f 1162/601/1250 1181/601/1271 1163/601/1249
f 1162/601/1250 1180/601/1272 1181/601/1271
f 1163/601/1249 1182/601/1273 1164/601/1251
f 1163/601/1249 1181/601/1271 1182/601/1273
s 32
f 1164/601/1253 1183/601/1274 1165/601/1252
f 1164/601/1253 1182/601/1275 1183/601/1274
f 1165/601/1252 1184/601/1276 1166/601/1254
f 1165/601/1252 1183/601/1274 1184/601/1276
f 1166/601/1254 1185/601/1277 1167/601/1255
f 1166/601/1254 1184/601/1276 1185/601/1277
s 33
f 1167/601/1257 1186/601/1278 1168/601/1256
f 1167/601/1257 1185/601/1279 1186/601/1278
s 34
f 1168/601/707 1187/601/707 1169/601/707
f 1168/601/707 1186/601/707 1187/601/707
s 35
f 1169/601/1259 1188/601/1280 1170/601/1258
f 1169/601/1259 1187/601/1281 1188/601/1280
s 36
f 1170/601/749 1189/601/749 1171/601/749
f 1170/601/749 1188/601/749 1189/601/749
s 37
f 1171/601/1261 1190/601/1282 1172/601/1260
f 1171/601/1261 1189/601/1283 1190/601/1282
s 38
f 1172/601/749 1191/601/749 1173/601/749
f 1172/601/749 1190/601/749 1191/601/749
s 39
f 1173/601/1263 1192/601/1284 1174/601/1262
f 1173/601/1263 1191/601/1285 1192/601/1284
s 40
f 1174/601/749 1192/601/749 742/601/749
s 29
f 1175/601/1265 1194/601/1286 1176/601/1264
f 1175/601/1265 1193/601/1287 1194/601/1286
f 1176/601/1264 1195/601/1288 1177/601/1266
f 1176/601/1264 1194/601/1286 1195/601/1288
f 1177/601/1266 1196/601/1289 1178/601/1267
f 1177/601/1266 1195/601/1288 1196/601/1289
f 1178/601/1267 1197/601/1290 1179/601/1268
f 1178/601/1267 1196/601/1289 1197/601/1290
s 30
f 1179/601/1270 1198/601/1291 1180/601/1269
f 1179/601/1270 1197/601/1292 1198/601/1291
s 31
f 1180/601/1272 1199/601/1293 1181/601/1271
f 1180/601/1272 1198/601/1294 1199/601/1293
f 1181/601/1271 1200/601/1295 1182/601/1273
f 1181/601/1271 1199/601/1293 1200/601/1295
s 32
f 1182/601/1275 1201/601/1296 1183/601/1274
f 1182/601/1275 1200/601/1297 1201/601/1296
f 1183/601/1274 1202/601/1298 1184/601/1276
f 1183/601/1274 1201/601/1296 1202/601/1298
f 1184/601/1276 1203/601/1299 1185/601/1277
f 1184/601/1276 1202/601/1298 1203/601/1299
s 33
f 1185/601/1279 1204/601/1300 1186/601/1278
f 1185/601/1279 1203/601/1301 1204/601/1300
s 34
f 1186/601/707 1205/601/707 1187/601/707
f 1186/601/707 1204/601/707 1205/601/707
s 35
f 1187/601/1281 1206/601/1302 1188/601/1280
f 1187/601/1281 1205/601/1303 1206/601/1302
s 36
f 1188/601/749 1207/601/749 1189/601/749
f 1188/601/749 1206/601/749 1207/601/749
s 37
f 1189/601/1283 1208/601/1304 1190/601/1282
f 1189/601/1283 1207/601/1305 1208/601/1304
s 38
f 1190/601/749 1209/601/749 1191/601/749
f 1190/601/749 1208/601/749 1209/601/749
s 39
f 1191/601/1285 1210/601/1306 1192/601/1284
f 1191/601/1285 1209/601/1307 1210/601/1306
s 40
f 1192/601/749 1210/601/749 742/601/749
s 29
f 1193/601/1287 1212/601/1308 1194/601/1286
f 1193/601/1287 1211/601/1309 1212/601/1308
f 1194/601/1286 1213/601/1310 1195/601/1288
f 1194/601/1286 1212/601/1308 1213/601/1310
f 1195/601/1288 1214/601/1311 1196/601/1289
f 1195/601/1288 1213/601/1310 1214/601/1311
f 1196/601/1289 1215/601/1312 1197/601/1290
f 1196/601/1289 1214/601/1311 1215/601/1312
s 30
f 1197/601/1292 1216/601/1313 1198/601/1291
f 1197/601/1292 1215/601/1314 1216/601/1313
s 31
f 1198/601/1294 1217/601/1315 1199/601/1293
f 1198/601/1294 1216/601/1316 1217/601/1315
f 1199/601/1293 1218/601/1317 1200/601/1295
f 1199/601/1293 1217/601/1315 1218/601/1317
s 32
f 1200/601/1297 1219/601/1318 1201/601/1296
f 1200/601/1297 1218/601/1319 1219/601/1318
f 1201/601/1296 1220/601/1320 1202/601/1298
f 1201/601/1296 1219/601/1318 1220/601/1320
f 1202/601/1298 1221/601/1321 1203/601/1299
f 1202/601/1298 1220/601/1320 1221/601/1321
s 33
f 1203/601/1301 1222/601/1322 1204/601/1300
f 1203/601/1301 1221/601/1323 1222/601/1322
s 34
f 1204/601/707 1223/601/707 1205/601/707
f 1204/601/707 1222/601/707 1223/601/707
s 35
f 1205/601/1303 1224/601/1324 1206/601/1302
f 1205/601/1303 1223/601/1325 1224/601/1324
s 36
f 1206/601/749 1225/601/749 1207/601/749
f 1206/601/749 1224/601/749 1225/601/749
s 37
f 1207/601/1305 1226/601/1326 1208/601/1304
f 1207/601/1305 1225/601/1327 1226/601/1326
s 38
f 1208/601/749 1227/601/749 1209/601/749
f 1208/601/749 1226/601/749 1227/601/749
s 39
f 1209/601/1307 1228/601/1328 1210/601/1306
f 1209/601/1307 1227/601/1329 1228/601/1328
s 40
f 1210/601/749 1228/601/749 742/601/749
s 29
f 1211/601/1309 1230/601/1330 1212/601/1308
f 1211/601/1309 1229/601/1331 1230/601/1330
f 1212/601/1308 1231/601/1332 1213/601/1310
f 1212/601/1308 1230/601/1330 1231/601/1332
f 1213/601/1310 1232/601/1333 1214/601/1311
f 1213/601/1310 1231/601/1332 1232/601/1333
f 1214/601/1311 1233/601/1334 1215/601/1312
f 1214/601/1311 1232/601/1333 1233/601/1334
s 30
f 1215/601/1314 1234/601/1335 1216/601/1313
f 1215/601/1314 1233/601/1336 1234/601/1335
s 31
f 1216/601/1316 1235/601/1337 1217/601/1315
f 1216/601/1316 1234/601/1338 1235/601/1337
f 1217/601/1315 1236/601/1339 1218/601/1317
f 1217/601/1315 1235/601/1337 1236/601/1339
s 32
f 1218/601/1319 1237/601/1340 1219/601/1318
f 1218/601/1319 1236/601/1341 1237/601/1340
f 1219/601/1318 1238/601/1342 1220/601/1320
f 1219/601/1318 1237/601/1340 1238/601/1342
f 1220/601/1320 1239/601/1343 1221/601/1321
f 1220/601/1320 1238/601/1342 1239/601/1343
s 33
f 1221/601/1323 1240/601/1344 1222/601/1322
f 1221/601/1323 1239/601/1345 1240/601/1344
s 34
f 1222/601/707 1241/601/707 1223/601/707
f 1222/601/707 1240/601/707 1241/601/707
s 35
f 1223/601/1325 1242/601/1346 1224/601/1324
f 1223/601/1325 1241/601/1347 1242/601/1346
s 36
f 1224/601/749 1243/601/749 1225/601/749
f 1224/601/749 1242/601/749 1243/601/749
s 37
f 1225/601/1327 1244/601/1348 1226/601/1326
f 1225/601/1327 1243/601/1349 1244/601/1348
s 38
f 1226/601/749 1245/601/749 1227/601/749
f 1226/601/749 1244/601/749 1245/601/749
s 39
f 1227/601/1329 1246/601/1350 1228/601/1328
f 1227/601/1329 1245/601/1351 1246/601/1350
s 40
f 1228/601/749 1246/601/749 742/601/749
s 29
f 1229/601/1331 1248/601/1352 1230/601/1330
f 1229/601/1331 1247/601/1353 1248/601/1352
f 1230/601/1330 1249/601/1354 1231/601/1332
f 1230/601/1330 1248/601/1352 1249/601/1354
f 1231/601/1332 1250/601/1355 1232/601/1333
f 1231/601/1332 1249/601/1354 1250/601/1355
f 1232/601/1333 1251/601/1356 1233/601/1334
f 1232/601/1333 1250/601/1355 1251/601/1356
s 30
f 1233/601/1336 1252/601/1357 1234/601/1335
f 1233/601/1336 1251/601/1358 1252/601/1357
s 31
f 1234/601/1338 1253/601/1359 1235/601/1337
f 1234/601/1338 1252/601/1360 1253/601/1359
f 1235/601/1337 1254/601/1361 1236/601/1339
f 1235/601/1337 1253/601/1359 1254/601/1361
s 32
f 1236/601/1341 1255/601/1362 1237/601/1340
f 1236/601/1341 1254/601/1363 1255/601/1362
f 1237/601/1340 1256/601/1364 1238/601/1342
f 1237/601/1340 1255/601/1362 1256/601/1364
f 1238/601/1342 1257/601/1365 1239/601/1343
f 1238/601/1342 1256/601/1364 1257/601/1365
s 33
f 1239/601/1345 1258/601/1366 1240/601/1344
f 1239/601/1345 1257/601/1367 1258/601/1366
s 34
f 1240/601/707 1259/601/707 1241/601/707
f 1240/601/707 1258/601/707 1259/601/707
s 35
f 1241/601/1347 1260/601/1368 1242/601/1346
f 1241/601/1347 1259/601/1369 1260/601/1368
s 36
f 1242/601/749 1261/601/749 1243/601/749
f 1242/601/749 1260/601/749 1261/601/749
s 37
f 1243/601/1349 1262/601/1370 1244/601/1348
f 1243/601/1349 1261/601/1371 1262/601/1370
s 38
f 1244/601/749 1263/601/749 1245/601/749
f 1244/601/749 1262/601/749 1263/601/749
s 39
f 1245/601/1351 1264/601/1372 1246/601/1350
f 1245/601/1351 1263/601/1373 1264/601/1372
s 40
f 1246/601/749 1264/601/749 742/601/749
s 29
f 1247/601/1353 1266/601/1374 1248/601/1352
f 1247/601/1353 1265/601/1375 1266/601/1374
f 1248/601/1352 1267/601/1376 1249/601/1354
f 1248/601/1352 1266/601/1374 1267/601/1376
f 1249/601/1354 1268/601/1377 1250/601/1355
f 1249/601/1354 1267/601/1376 1268/601/1377
f 1250/601/1355 1269/601/1378 1251/601/1356
f 1250/601/1355 1268/601/1377 1269/601/1378
s 30
f 1251/601/1358 1270/601/1379 1252/601/1357
f 1251/601/1358 1269/601/1380 1270/601/1379
s 31
f 1252/601/1360 1271/601/1381 1253/601/1359
f 1252/601/1360 1270/601/1382 1271/601/1381
f 1253/601/1359 1272/601/1383 1254/601/1361
f 1253/601/1359 1271/601/1381 1272/601/1383
s 32
f 1254/601/1363 1273/601/1384 1255/601/1362
f 1254/601/1363 1272/601/1385 1273/601/1384
f 1255/601/1362 1274/601/1386 1256/601/1364
f 1255/601/1362 1273/601/1384 1274/601/1386
f 1256/601/1364 1275/601/1387 1257/601/1365
f 1256/601/1364 1274/601/1386 1275/601/1387
s 33
f 1257/601/1367 1276/601/1388 1258/601/1366
f 1257/601/1367 1275/601/1389 1276/601/1388
s 34
f 1258/601/707 1277/601/707 1259/601/707
f 1258/601/707 1276/601/707 1277/601/707
s 35
f 1259/601/1369 1278/601/1390 1260/601/1368
f 1259/601/1369 1277/601/1391 1278/601/1390
s 36
f 1260/601/749 1279/601/749 1261/601/749
f 1260/601/749 1278/601/749 1279/601/749
s 37
f 1261/601/1371 1280/601/1392 1262/601/1370
f 1261/601/1371 1279/601/1393 1280/601/1392
s 38
f 1262/601/749 1281/601/749 1263/601/749
f 1262/601/749 1280/601/749 1281/601/749
s 39
f 1263/601/1373 1282/601/1394 1264/601/1372
f 1263/601/1373 1281/601/1395 1282/601/1394
s 40
f 1264/601/749 1282/601/749 742/601/749
s 29
f 1265/601/1375 1284/601/1396 1266/601/1374
f 1265/601/1375 1283/601/1397 1284/601/1396
f 1266/601/1374 1285/601/1398 1267/601/1376
f 1266/601/1374 1284/601/1396 1285/601/1398
f 1267/601/1376 1286/601/1399 1268/601/1377
f 1267/601/1376 1285/601/1398 1286/601/1399
f 1268/601/1377 1287/601/1400 1269/601/1378
f 1268/601/1377 1286/601/1399 1287/601/1400
s 30
f 1269/601/1380 1288/601/1401 1270/601/1379
f 1269/601/1380 1287/601/1402 1288/601/1401
s 31
f 1270/601/1382 1289/601/1403 1271/601/1381
f 1270/601/1382 1288/601/1404 1289/601/1403
f 1271/601/1381 1290/601/1405 1272/601/1383
f 1271/601/1381 1289/601/1403 1290/601/1405
s 32
f 1272/601/1385 1291/601/1406 1273/601/1384
f 1272/601/1385 1290/601/1407 1291/601/1406
f 1273/601/1384 1292/601/1408 1274/601/1386
f 1273/601/1384 1291/601/1406 1292/601/1408
f 1274/601/1386 1293/601/1409 1275/601/1387
f 1274/601/1386 1292/601/1408 1293/601/1409
s 33
f 1275/601/1389 1294/601/1410 1276/601/1388
f 1275/601/1389 1293/601/1411 1294/601/1410
s 34
f 1276/601/707 1295/601/707 1277/601/707
f 1276/601/707 1294/601/707 1295/601/707
s 35
f 1277/601/1391 1296/601/1412 1278/601/1390
f 1277/601/1391 1295/601/1413 1296/601/1412
s 36
f 1278/601/749 1297/601/749 1279/601/749
f 1278/601/749 1296/601/749 1297/601/749
s 37
f 1279/601/1393 1298/601/1414 1280/601/1392
f 1279/601/1393 1297/601/1415 1298/601/1414
s 38
f 1280/601/749 1299/601/749 1281/601/749
f 1280/601/749 1298/601/749 1299/601/749
s 39
f 1281/601/1395 1300/601/1416 1282/601/1394
f 1281/601/1395 1299/601/1417 1300/601/1416
s 40
f 1282/601/749 1300/601/749 742/601/749
s 29
f 1283/601/1397 1302/601/1418 1284/601/1396
f 1283/601/1397 1301/601/1419 1302/601/1418
f 1284/601/1396 1303/601/1420 1285/601/1398
f 1284/601/1396 1302/601/1418 1303/601/1420
f 1285/601/1398 1304/601/1421 1286/601/1399
f 1285/601/1398 1303/601/1420 1304/601/1421
f 1286/601/1399 1305/601/1422 1287/601/1400
f 1286/601/1399 1304/601/1421 1305/601/1422
s 30
f 1287/601/1402 1306/601/1423 1288/601/1401
f 1287/601/1402 1305/601/1424 1306/601/1423
s 31
f 1288/601/1404 1307/601/1425 1289/601/1403
f 1288/601/1404 1306/601/1426 1307/601/1425
f 1289/601/1403 1308/601/1427 1290/601/1405
f 1289/601/1403 1307/601/1425 1308/601/1427
s 32
f 1290/601/1407 1309/601/1428 1291/601/1406
f 1290/601/1407 1308/601/1429 1309/601/1428
f 1291/601/1406 1310/601/1430 1292/601/1408
f 1291/601/1406 1309/601/1428 1310/601/1430
f 1292/601/1408 1311/601/1431 1293/601/1409
f 1292/601/1408 1310/601/1430 1311/601/1431
s 33
f 1293/601/1411 1312/601/1432 1294/601/1410
f 1293/601/1411 1311/601/1433 1312/601/1432
s 34
f 1294/601/707 1313/601/707 1295/601/707
f 1294/601/707 1312/601/707 1313/601/707
s 35
f 1295/601/1413 1314/601/1434 1296/601/1412
f 1295/601/1413 1313/601/1435 1314/601/1434
s 36
f 1296/601/749 1315/601/749 1297/601/749
f 1296/601/749 1314/601/749 1315/601/749
s 37
f 1297/601/1415 1316/601/1436 1298/601/1414
f 1297/601/1415 1315/601/1437 1316/601/1436
s 38
f 1298/601/749 1317/601/749 1299/601/749
f 1298/601/749 1316/601/749 1317/601/749
s 39
f 1299/601/1417 1318/601/1438 1300/601/1416
f 1299/601/1417 1317/601/1439 1318/601/1438
s 40
f 1300/601/749 1318/601/749 742/601/749
s 29
f 1301/601/1419 1320/601/1440 1302/601/1418
f 1301/601/1419 1319/601/1441 1320/601/1440
f 1302/601/1418 1321/601/1442 1303/601/1420
f 1302/601/1418 1320/601/1440 1321/601/1442
f 1303/601/1420 1322/601/1443 1304/601/1421
f 1303/601/1420 1321/601/1442 1322/601/1443
f 1304/601/1421 1323/601/1444 1305/601/1422
f 1304/601/1421 1322/601/1443 1323/601/1444
s 30
f 1305/601/1424 1324/601/1445 1306/601/1423
f 1305/601/1424 1323/601/1446 1324/601/1445
s 31
f 1306/601/1426 1325/601/1447 1307/601/1425
f 1306/601/1426 1324/601/1448 1325/601/1447
f 1307/601/1425 1326/601/1449 1308/601/1427
f 1307/601/1425 1325/601/1447 1326/601/1449
s 32
f 1308/601/1429 1327/601/1450 1309/601/1428
f 1308/601/1429 1326/601/1451 1327/601/1450
f 1309/601/1428 1328/601/1452 1310/601/1430
f 1309/601/1428 1327/601/1450 1328/601/1452
f 1310/601/1430 1329/601/1453 1311/601/1431
f 1310/601/1430 1328/601/1452 1329/601/1453
s 33
f 1311/601/1433 1330/601/1454 1312/601/1432
f 1311/601/1433 1329/601/1455 1330/601/1454
s 34
f 1312/601/707 1331/601/707 1313/601/707
f 1312/601/707 1330/601/707 1331/601/707
s 35
f 1313/601/1435 1332/601/1456 1314/601/1434
f 1313/601/1435 1331/601/1457 1332/601/1456
s 36
f 1314/601/749 1333/601/749 1315/601/749
f 1314/601/749 1332/601/749 1333/601/749
s 37
f 1315/601/1437 1334/601/1458 1316/601/1436
f 1315/601/1437 1333/601/1459 1334/601/1458
s 38
f 1316/601/749 1335/601/749 1317/601/749
f 1316/601/749 1334/601/749 1335/601/749
s 39
f 1317/601/1439 1336/601/1460 1318/601/1438
f 1317/601/1439 1335/601/1461 1336/601/1460
s 40
f 1318/601/749 1336/601/749 742/601/749
s 29
f 1319/601/1441 1338/601/1462 1320/601/1440
f 1319/601/1441 1337/601/1463 1338/601/1462
f 1320/601/1440 1339/601/1464 1321/601/1442
f 1320/601/1440 1338/601/1462 1339/601/1464
f 1321/601/1442 1340/601/1465 1322/601/1443
f 1321/601/1442 1339/601/1464 1340/601/1465
f 1322/601/1443 1341/601/1466 1323/601/1444
f 1322/601/1443 1340/601/1465 1341/601/1466
s 30
f 1323/601/1446 1342/601/1467 1324/601/1445
f 1323/601/1446 1341/601/1468 1342/601/1467
s 31
f 1324/601/1448 1343/601/1469 1325/601/1447
f 1324/601/1448 1342/601/1470 1343/601/1469
f 1325/601/1447 1344/601/1471 1326/601/1449
f 1325/601/1447 1343/601/1469 1344/601/1471
s 32
f 1326/601/1451 1345/601/1472 1327/601/1450
f 1326/601/1451 1344/601/1473 1345/601/1472
f 1327/601/1450 1346/601/1474 1328/601/1452
f 1327/601/1450 1345/601/1472 1346/601/1474
f 1328/601/1452 1347/601/1475 1329/601/1453
f 1328/601/1452 1346/601/1474 1347/601/1475
s 33
f 1329/601/1455 1348/601/1476 1330/601/1454
f 1329/601/1455 1347/601/1477 1348/601/1476
s 34
f 1330/601/707 1349/601/707 1331/601/707
f 1330/601/707 1348/601/707 1349/601/707
s 35
f 1331/601/1457 1350/601/1478 1332/601/1456
f 1331/601/1457 1349/601/1479 1350/601/1478
s 36
f 1332/601/749 1351/601/749 1333/601/749
f 1332/601/749 1350/601/749 1351/601/749
s 37
f 1333/601/1459 1352/601/1480 1334/601/1458
f 1333/601/1459 1351/601/1481 1352/601/1480
s 38
f 1334/601/749 1353/601/749 1335/601/749
f 1334/601/749 1352/601/749 1353/601/749
s 39
f 1335/601/1461 1354/601/1482 1336/601/1460
f 1335/601/1461 1353/601/1483 1354/601/1482
s 40
f 1336/601/749 1354/601/749 742/601/749
s 29
f 1337/601/1463 1356/601/1484 1338/601/1462
f 1337/601/1463 1355/601/1485 1356/601/1484
f 1338/601/1462 1357/601/1486 1339/601/1464
f 1338/601/1462 1356/601/1484 1357/601/1486
f 1339/601/1464 1358/601/1487 1340/601/1465
f 1339/601/1464 1357/601/1486 1358/601/1487
f 1340/601/1465 1359/601/1488 1341/601/1466
f 1340/601/1465 1358/601/1487 1359/601/1488
s 30
f 1341/601/1468 1360/601/1489 1342/601/1467
f 1341/601/1468 1359/601/1490 1360/601/1489
s 31
f 1342/601/1470 1361/601/1491 1343/601/1469
f 1342/601/1470 1360/601/1492 1361/601/1491
f 1343/601/1469 1362/601/1493 1344/601/1471
f 1343/601/1469 1361/601/1491 1362/601/1493
s 32
f 1344/601/1473 1363/601/1494 1345/601/1472
f 1344/601/1473 1362/601/1495 1363/601/1494
f 1345/601/1472 1364/601/1496 1346/601/1474
f 1345/601/1472 1363/601/1494 1364/601/1496
f 1346/601/1474 1365/601/1497 1347/601/1475
f 1346/601/1474 1364/601/1496 1365/601/1497
s 33
f 1347/601/1477 1366/601/1498 1348/601/1476
f 1347/601/1477 1365/601/1499 1366/601/1498
s 34
f 1348/601/707 1367/601/707 1349/601/707
f 1348/601/707 1366/601/707 1367/601/707
s 35
f 1349/601/1479 1368/601/1500 1350/601/1478
f 1349/601/1479 1367/601/1501 1368/601/1500
s 36
f 1350/601/749 1369/601/749 1351/601/749
f 1350/601/749 1368/601/749 1369/601/749
s 37
f 1351/601/1481 1370/601/1502 1352/601/1480
f 1351/601/1481 1369/601/1503 1370/601/1502
s 38
f 1352/601/749 1371/601/749 1353/601/749
f 1352/601/749 1370/601/749 1371/601/749
s 39
f 1353/601/1483 1372/601/1504 1354/601/1482
f 1353/601/1483 1371/601/1505 1372/601/1504
s 40
f 1354/601/749 1372/601/749 742/601/749
s 29
f 1355/601/1485 1374/601/1506 1356/601/1484
f 1355/601/1485 1373/601/1507 1374/601/1506
f 1356/601/1484 1375/601/1508 1357/601/1486
f 1356/601/1484 1374/601/1506 1375/601/1508
f 1357/601/1486 1376/601/1509 1358/601/1487
f 1357/601/1486 1375/601/1508 1376/601/1509
f 1358/601/1487 1377/601/1510 1359/601/1488
f 1358/601/1487 1376/601/1509 1377/601/1510
s 30
f 1359/601/1490 1378/601/1511 1360/601/1489
f 1359/601/1490 1377/601/1512 1378/601/1511
s 31
f 1360/601/1492 1379/601/1513 1361/601/1491
f 1360/601/1492 1378/601/1514 1379/601/1513
f 1361/601/1491 1380/601/1515 1362/601/1493
f 1361/601/1491 1379/601/1513 1380/601/1515
s 32
f 1362/601/1495 1381/601/1516 1363/601/1494
f 1362/601/1495 1380/601/1517 1381/601/1516
f 1363/601/1494 1382/601/1518 1364/601/1496
f 1363/601/1494 1381/601/1516 1382/601/1518
f 1364/601/1496 1383/601/1519 1365/601/1497
f 1364/601/1496 1382/601/1518 1383/601/1519
s 33
f 1365/601/1499 1384/601/1520 1366/601/1498
f 1365/601/1499 1383/601/1521 1384/601/1520
s 34
f 1366/601/707 1385/601/707 1367/601/707
f 1366/601/707 1384/601/707 1385/601/707
s 35
f 1367/601/1501 1386/601/1522 1368/601/1500
f 1367/601/1501 1385/601/1523 1386/601/1522
s 36
f 1368/601/749 1387/601/749 1369/601/749
f 1368/601/749 1386/601/749 1387/601/749
s 37
f 1369/601/1503 1388/601/1524 1370/601/1502
f 1369/601/1503 1387/601/1525 1388/601/1524
s 38
f 1370/601/749 1389/601/749 1371/601/749
f 1370/601/749 1388/601/749 1389/601/749
s 39
f 1371/601/1505 1390/601/1526 1372/601/1504
f 1371/601/1505 1389/601/1527 1390/601/1526
s 40
f 1372/601/749 1390/601/749 742/601/749
s 29
f 1373/601/1507 1392/601/1528 1374/601/1506
f 1373/601/1507 1391/601/1529 1392/601/1528
f 1374/601/1506 1393/601/1530 1375/601/1508
f 1374/601/1506 1392/601/1528 1393/601/1530
f 1375/601/1508 1394/601/1531 1376/601/1509
f 1375/601/1508 1393/601/1530 1394/601/1531
f 1376/601/1509 1395/601/1532 1377/601/1510
f 1376/601/1509 1394/601/1531 1395/601/1532
s 30
f 1377/601/1512 1396/601/1533 1378/601/1511
f 1377/601/1512 1395/601/1534 1396/601/1533
s 31
f 1378/601/1514 1397/601/1535 1379/601/1513
f 1378/601/1514 1396/601/1536 1397/601/1535
f 1379/601/1513 1398/601/1537 1380/601/1515
f 1379/601/1513 1397/601/1535 1398/601/1537
s 32
f 1380/601/1517 1399/601/1538 1381/601/1516
f 1380/601/1517 1398/601/1539 1399/601/1538
f 1381/601/1516 1400/601/1540 1382/601/1518
f 1381/601/1516 1399/601/1538 1400/601/1540
f 1382/601/1518 1401/601/1541 1383/601/1519
f 1382/601/1518 1400/601/1540 1401/601/1541
s 33
f 1383/601/1521 1402/601/1542 1384/601/1520
f 1383/601/1521 1401/601/1543 1402/601/1542
s 34
f 1384/601/707 1403/601/707 1385/601/707
f 1384/601/707 1402/601/707 1403/601/707
s 35
f 1385/601/1523 1404/601/1544 1386/601/1522
f 1385/601/1523 1403/601/1545 1404/601/1544
s 36
f 1386/601/749 1405/601/749 1387/601/749
f 1386/601/749 1404/601/749 1405/601/749
s 37
f 1387/601/1525 1406/601/1546 1388/601/1524
f 1387/601/1525 1405/601/1547 1406/601/1546
s 38
f 1388/601/749 1407/601/749 1389/601/749
f 1388/601/749 1406/601/749 1407/601/749
s 39
f 1389/601/1527 1408/601/1548 1390/601/1526
f 1389/601/1527 1407/601/1549 1408/601/1548
s 40
f 1390/601/749 1408/601/749 742/601/749
s 29
f 1391/601/1529 1410/601/1550 1392/601/1528
f 1391/601/1529 1409/601/1551 1410/601/1550
f 1392/601/1528 1411/601/1552 1393/601/1530
f 1392/601/1528 1410/601/1550 1411/601/1552
f 1393/601/1530 1412/601/1553 1394/601/1531
f 1393/601/1530 1411/601/1552 1412/601/1553
f 1394/601/1531 1413/601/1554 1395/601/1532
f 1394/601/1531 1412/601/1553 1413/601/1554
s 30
f 1395/601/1534 1414/601/1555 1396/601/1533
f 1395/601/1534 1413/601/1556 1414/601/1555
s 31
f 1396/601/1536 1415/601/1557 1397/601/1535
f 1396/601/1536 1414/601/1558 1415/601/1557
f 1397/601/1535 1416/601/1559 1398/601/1537
f 1397/601/1535 1415/601/1557 1416/601/1559
s 32
f 1398/601/1539 1417/601/1560 1399/601/1538
f 1398/601/1539 1416/601/1561 1417/601/1560
f 1399/601/1538 1418/601/1562 1400/601/1540
f 1399/601/1538 1417/601/1560 1418/601/1562
f 1400/601/1540 1419/601/1563 1401/601/1541
f 1400/601/1540 1418/601/1562 1419/601/1563
s 33
f 1401/601/1543 1420/601/1564 1402/601/1542
f 1401/601/1543 1419/601/1565 1420/601/1564
s 34
f 1402/601/707 1421/601/707 1403/601/707
f 1402/601/707 1420/601/707 1421/601/707
s 35
f 1403/601/1545 1422/601/1566 1404/601/1544
f 1403/601/1545 1421/601/1567 1422/601/1566
s 36
f 1404/601/749 1423/601/749 1405/601/749
f 1404/601/749 1422/601/749 1423/601/749
s 37
f 1405/601/1547 1424/601/1568 1406/601/1546
f 1405/601/1547 1423/601/1569 1424/601/1568
s 38
f 1406/601/749 1425/601/749 1407/601/749
f 1406/601/749 1424/601/749 1425/601/749
s 39
f 1407/601/1549 1426/601/1570 1408/601/1548
f 1407/601/1549 1425/601/1571 1426/601/1570
s 40
f 1408/601/749 1426/601/749 742/601/749
s 29
f 1409/601/1551 1428/601/1572 1410/601/1550
f 1409/601/1551 1427/601/1573 1428/601/1572
f 1410/601/1550 1429/601/1574 1411/601/1552
f 1410/601/1550 1428/601/1572 1429/601/1574
f 1411/601/1552 1430/601/1575 1412/601/1553
f 1411/601/1552 1429/601/1574 1430/601/1575
f 1412/601/1553 1431/601/1576 1413/601/1554
f 1412/601/1553 1430/601/1575 1431/601/1576
s 30
f 1413/601/1556 1432/601/1577 1414/601/1555
f 1413/601/1556 1431/601/1578 1432/601/1577
s 31
f 1414/601/1558 1433/601/1579 1415/601/1557
f 1414/601/1558 1432/601/1580 1433/601/1579
f 1415/601/1557 1434/601/1581 1416/601/1559
f 1415/601/1557 1433/601/1579 1434/601/1581
s 32
f 1416/601/1561 1435/601/1582 1417/601/1560
f 1416/601/1561 1434/601/1583 1435/601/1582
f 1417/601/1560 1436/601/1584 1418/601/1562
f 1417/601/1560 1435/601/1582 1436/601/1584
f 1418/601/1562 1437/601/1585 1419/601/1563
f 1418/601/1562 1436/601/1584 1437/601/1585
s 33
f 1419/601/1565 1438/601/1586 1420/601/1564
f 1419/601/1565 1437/601/1587 1438/601/1586
s 34
f 1420/601/707 1439/601/707 1421/601/707
f 1420/601/707 1438/601/707 1439/601/707
s 35
f 1421/601/1567 1440/601/1588 1422/601/1566
f 1421/601/1567 1439/601/1589 1440/601/1588
s 36
f 1422/601/749 1441/601/749 1423/601/749
f 1422/601/749 1440/601/749 1441/601/749
s 37
f 1423/601/1569 1442/601/1590 1424/601/1568
f 1423/601/1569 1441/601/1591 1442/601/1590
s 38
f 1424/601/749 1443/601/749 1425/601/749
f 1424/601/749 1442/601/749 1443/601/749
s 39
f 1425/601/1571 1444/601/1592 1426/601/1570
f 1425/601/1571 1443/601/1593 1444/601/1592
s 40
f 1426/601/749 1444/601/749 742/601/749
s 29
f 1427/601/1573 1446/601/1594 1428/601/1572
f 1427/601/1573 1445/601/1595 1446/601/1594
f 1428/601/1572 1447/601/1596 1429/601/1574
f 1428/601/1572 1446/601/1594 1447/601/1596
f 1429/601/1574 1448/601/1597 1430/601/1575
f 1429/601/1574 1447/601/1596 1448/601/1597
f 1430/601/1575 1449/601/1598 1431/601/1576
f 1430/601/1575 1448/601/1597 1449/601/1598
s 30
f 1431/601/1578 1450/601/1599 1432/601/1577
f 1431/601/1578 1449/601/1600 1450/601/1599
s 31
f 1432/601/1580 1451/601/1601 1433/601/1579
f 1432/601/1580 1450/601/1602 1451/601/1601
f 1433/601/1579 1452/601/1603 1434/601/1581
f 1433/601/1579 1451/601/1601 1452/601/1603
s 32
f 1434/601/1583 1453/601/1604 1435/601/1582
f 1434/601/1583 1452/601/1605 1453/601/1604
f 1435/601/1582 1454/601/1606 1436/601/1584
f 1435/601/1582 1453/601/1604 1454/601/1606
f 1436/601/1584 1455/601/1607 1437/601/1585
f 1436/601/1584 1454/601/1606 1455/601/1607
s 33
f 1437/601/1587 1456/601/1608 1438/601/1586
f 1437/601/1587 1455/601/1609 1456/601/1608
s 34
f 1438/601/707 1457/601/707 1439/601/707
f 1438/601/707 1456/601/707 1457/601/707
s 35
f 1439/601/1589 1458/601/1610 1440/601/1588
f 1439/601/1589 1457/601/1611 1458/601/1610
s 36
f 1440/601/749 1459/601/749 1441/601/749
f 1440/601/749 1458/601/749 1459/601/749
s 37
f 1441/601/1591 1460/601/1612 1442/601/1590
f 1441/601/1591 1459/601/1613 1460/601/1612
s 38
f 1442/601/749 1461/601/749 1443/601/749
f 1442/601/749 1460/601/749 1461/601/749
s 39
f 1443/601/1593 1462/601/1614 1444/601/1592
f 1443/601/1593 1461/601/1615 1462/601/1614
s 40
f 1444/601/749 1462/601/749 742/601/749
s 29
f 1445/601/1595 1464/601/1616 1446/601/1594
f 1445/601/1595 1463/601/1617 1464/601/1616
f 1446/601/1594 1465/601/1618 1447/601/1596
f 1446/601/1594 1464/601/1616 1465/601/1618
f 1447/601/1596 1466/601/1619 1448/601/1597
f 1447/601/1596 1465/601/1618 1466/601/1619
f 1448/601/1597 1467/601/1620 1449/601/1598
f 1448/601/1597 1466/601/1619 1467/601/1620
s 30
f 1449/601/1600 1468/601/1621 1450/601/1599
f 1449/601/1600 1467/601/1622 1468/601/1621
s 31
f 1450/601/1602 1469/601/1623 1451/601/1601
f 1450/601/1602 1468/601/1624 1469/601/1623
f 1451/601/1601 1470/601/1625 1452/601/1603
f 1451/601/1601 1469/601/1623 1470/601/1625
s 32
f 1452/601/1605 1471/601/1626 1453/601/1604
f 1452/601/1605 1470/601/1627 1471/601/1626
f 1453/601/1604 1472/601/1628 1454/601/1606
f 1453/601/1604 1471/601/1626 1472/601/1628
f 1454/601/1606 1473/601/1629 1455/601/1607
f 1454/601/1606 1472/601/1628 1473/601/1629
s 33
f 1455/601/1609 1474/601/1630 1456/601/1608
f 1455/601/1609 1473/601/1631 1474/601/1630
s 34
f 1456/601/707 1475/601/707 1457/601/707
f 1456/601/707 1474/601/707 1475/601/707
s 35
f 1457/601/1611 1476/601/1632 1458/601/1610
f 1457/601/1611 1475/601/1633 1476/601/1632
s 36
f 1458/601/749 1477/601/749 1459/601/749
f 1458/601/749 1476/601/749 1477/601/749
s 37
f 1459/601/1613 1478/601/1634 1460/601/1612
f 1459/601/1613 1477/601/1635 1478/601/1634
s 38
f 1460/601/749 1479/601/749 1461/601/749
f 1460/601/749 1478/601/749 1479/601/749
s 39
f 1461/601/1615 1480/601/1636 1462/601/1614
f 1461/601/1615 1479/601/1637 1480/601/1636
s 40
f 1462/601/749 1480/601/749 742/601/749
s 29
f 1463/601/1617 1482/601/1638 1464/601/1616
f 1463/601/1617 1481/601/1639 1482/601/1638
f 1464/601/1616 1483/601/1640 1465/601/1618
f 1464/601/1616 1482/601/1638 1483/601/1640
f 1465/601/1618 1484/601/1641 1466/601/1619
f 1465/601/1618 1483/601/1640 1484/601/1641
f 1466/601/1619 1485/601/1642 1467/601/1620
f 1466/601/1619 1484/601/1641 1485/601/1642
s 30
f 1467/601/1622 1486/601/1643 1468/601/1621
f 1467/601/1622 1485/601/1644 1486/601/1643
s 31
f 1468/601/1624 1487/601/1645 1469/601/1623
f 1468/601/1624 1486/601/1646 1487/601/1645
f 1469/601/1623 1488/601/1647 1470/601/1625
f 1469/601/1623 1487/601/1645 1488/601/1647
s 32
f 1470/601/1627 1489/601/1648 1471/601/1626
f 1470/601/1627 1488/601/1649 1489/601/1648
f 1471/601/1626 1490/601/1650 1472/601/1628
f 1471/601/1626 1489/601/1648 1490/601/1650
f 1472/601/1628 1491/601/1651 1473/601/1629
f 1472/601/1628 1490/601/1650 1491/601/1651
s 33
f 1473/601/1631 1492/601/1652 1474/601/1630
f 1473/601/1631 1491/601/1653 1492/601/1652
s 34
f 1474/601/707 1493/601/707 1475/601/707
f 1474/601/707 1492/601/707 1493/601/707
s 35
f 1475/601/1633 1494/601/1654 1476/601/1632
f 1475/601/1633 1493/601/1655 1494/601/1654
s 36
f 1476/601/749 1495/601/749 1477/601/749
f 1476/601/749 1494/601/749 1495/601/749
s 37
f 1477/601/1635 1496/601/1656 1478/601/1634
f 1477/601/1635 1495/601/1657 1496/601/1656
s 38
f 1478/601/749 1497/601/749 1479/601/749
f 1478/601/749 1496/601/749 1497/601/749
s 39
f 1479/601/1637 1498/601/1658 1480/601/1636
f 1479/601/1637 1497/601/1659 1498/601/1658
s 40
f 1480/601/749 1498/601/749 742/601/749
s 29
f 1481/601/1639 1500/601/1660 1482/601/1638
f 1481/601/1639 1499/601/1661 1500/601/1660
f 1482/601/1638 1501/601/1662 1483/601/1640
f 1482/601/1638 1500/601/1660 1501/601/1662
f 1483/601/1640 1502/601/1663 1484/601/1641
f 1483/601/1640 1501/601/1662 1502/601/1663
f 1484/601/1641 1503/601/1664 1485/601/1642
f 1484/601/1641 1502/601/1663 1503/601/1664
s 30
f 1485/601/1644 1504/601/1665 1486/601/1643
f 1485/601/1644 1503/601/1666 1504/601/1665
s 31
f 1486/601/1646 1505/601/1667 1487/601/1645
f 1486/601/1646 1504/601/1668 1505/601/1667
f 1487/601/1645 1506/601/1669 1488/601/1647
f 1487/601/1645 1505/601/1667 1506/601/1669
s 32
f 1488/601/1649 1507/601/1670 1489/601/1648
f 1488/601/1649 1506/601/1671 1507/601/1670
f 1489/601/1648 1508/601/1672 1490/601/1650
f 1489/601/1648 1507/601/1670 1508/601/1672
f 1490/601/1650 1509/601/1673 1491/601/1651
f 1490/601/1650 1508/601/1672 1509/601/1673
s 33
f 1491/601/1653 1510/601/1674 1492/601/1652
f 1491/601/1653 1509/601/1675 1510/601/1674
s 34
f 1492/601/707 1511/601/707 1493/601/707
f 1492/601/707 1510/601/707 1511/601/707
s 35
f 1493/601/1655 1512/601/1676 1494/601/1654
f 1493/601/1655 1511/601/1677 1512/601/1676
s 36
f 1494/601/749 1513/601/749 1495/601/749
f 1494/601/749 1512/601/749 1513/601/749
s 37
f 1495/601/1657 1514/601/1678 1496/601/1656
f 1495/601/1657 1513/601/1679 1514/601/1678
s 38
f 1496/601/749 1515/601/749 1497/601/749
f 1496/601/749 1514/601/749 1515/601/749
s 39
f 1497/601/1659 1516/601/1680 1498/601/1658
f 1497/601/1659 1515/601/1681 1516/601/1680
s 40
f 1498/601/749 1516/601/749 742/601/749
s 29
f 1499/601/1661 1518/601/1682 1500/601/1660
f 1499/601/1661 1517/601/1683 1518/601/1682
f 1500/601/1660 1519/601/1684 1501/601/1662
f 1500/601/1660 1518/601/1682 1519/601/1684
f 1501/601/1662 1520/601/1685 1502/601/1663
f 1501/601/1662 1519/601/1684 1520/601/1685
f 1502/601/1663 1521/601/1686 1503/601/1664
f 1502/601/1663 1520/601/1685 1521/601/1686
s 30
f 1503/601/1666 1522/601/1687 1504/601/1665
f 1503/601/1666 1521/601/1688 1522/601/1687
s 31
f 1504/601/1668 1523/601/1689 1505/601/1667
f 1504/601/1668 1522/601/1690 1523/601/1689
f 1505/601/1667 1524/601/1691 1506/601/1669
f 1505/601/1667 1523/601/1689 1524/601/1691
s 32
f 1506/601/1671 1525/601/1692 1507/601/1670
f 1506/601/1671 1524/601/1693 1525/601/1692
f 1507/601/1670 1526/601/1694 1508/601/1672
f 1507/601/1670 1525/601/1692 1526/601/1694
f 1508/601/1672 1527/601/1695 1509/601/1673
f 1508/601/1672 1526/601/1694 1527/601/1695
s 33
f 1509/601/1675 1528/601/1696 1510/601/1674
f 1509/601/1675 1527/601/1697 1528/601/1696
s 34
f 1510/601/707 1529/601/707 1511/601/707
f 1510/601/707 1528/601/707 1529/601/707
s 35
f 1511/601/1677 1530/601/1698 1512/601/1676
f 1511/601/1677 1529/601/1699 1530/601/1698
s 36
f 1512/601/749 1531/601/749 1513/601/749
f 1512/601/749 1530/601/749 1531/601/749
s 37
f 1513/601/1679 1532/601/1700 1514/601/1678
f 1513/601/1679 1531/601/1701 1532/601/1700
s 38
f 1514/601/749 1533/601/749 1515/601/749
f 1514/601/749 1532/601/749 1533/601/749
s 39
f 1515/601/1681 1534/601/1702 1516/601/1680
f 1515/601/1681 1533/601/1703 1534/601/1702
s 40
f 1516/601/749 1534/601/749 742/601/749
s 29
f 1517/601/1683 725/601/714 1518/601/1682
f 1517/601/1683 724/601/713 725/601/714
f 1518/601/1682 726/601/717 1519/601/1684
f 1518/601/1682 725/601/714 726/601/717
f 1519/601/1684 727/601/719 1520/601/1685
f 1519/601/1684 726/601/717 727/601/719
f 1520/601/1685 728/601/721 1521/601/1686
f 1520/601/1685 727/601/719 728/601/721
s 30
f 1521/601/1688 729/601/724 1522/601/1687
f 1521/601/1688 728/601/723 729/601/724
s 31
f 1522/601/1690 730/601/728 1523/601/1689
f 1522/601/1690 729/601/727 730/601/728
f 1523/601/1689 731/601/731 1524/601/1691
f 1523/601/1689 730/601/728 731/601/731
s 32
f 1524/601/1693 732/601/734 1525/601/1692
f 1524/601/1693 731/601/733 732/601/734
f 1525/601/1692 733/601/737 1526/601/1694
f 1525/601/1692 732/601/734 733/601/737
f 1526/601/1694 734/601/739 1527/601/1695
f 1526/601/1694 733/601/737 734/601/739
s 33
f 1527/601/1697 735/601/742 1528/601/1696
f 1527/601/1697 734/601/741 735/601/742
s 34
f 1528/601/707 736/601/707 1529/601/707
f 1528/601/707 735/601/707 736/601/707
s 35
f 1529/601/1699 737/601/746 1530/601/1698
f 1529/601/1699 736/601/745 737/601/746
s 36
f 1530/601/749 738/601/749 1531/601/749
f 1530/601/749 737/601/749 738/601/749
s 37
f 1531/601/1701 739/601/751 1532/601/1700
f 1531/601/1701 738/601/750 739/601/751
s 38
f 1532/601/749 740/601/749 1533/601/749
f 1532/601/749 739/601/749 740/601/749
s 39
f 1533/601/1703 741/601/755 1534/601/1702
f 1533/601/1703 740/601/754 741/601/755
s 40
f 1534/601/749 741/601/749 742/601/749
s 41
g VWBeetle.003_tube
usemtl tube
f 1535/601/1704 1543/601/1706 1544/601/1705
f 1535/601/1704 1544/601/1705 1536/601/1707
f 1536/601/1707 1544/601/1705 1545/601/1708
f 1536/601/1707 1545/601/1708 1537/601/1709
f 1537/601/1709 1545/601/1708 1546/601/1710
f 1537/601/1709 1546/601/1710 1538/601/1711
f 1538/601/1711 1546/601/1710 1547/601/1712
f 1538/601/1711 1547/601/1712 1539/601/1713
f 1539/601/1713 1547/601/1712 1548/601/1714
f 1539/601/1713 1548/601/1714 1540/601/1715
f 1540/601/1715 1548/601/1714 1549/601/1716
f 1540/601/1715 1549/601/1716 1541/601/1717
f 1541/601/1717 1549/601/1716 1550/601/1718
f 1541/601/1717 1550/601/1718 1542/601/1719
f 1542/601/1719 1550/601/1718 1543/601/1706
f 1542/601/1719 1543/601/1706 1535/601/1704
f 1543/601/1706 1551/601/1721 1552/601/1720
f 1543/601/1706 1552/601/1720 1544/601/1705
f 1544/601/1705 1552/601/1720 1553/601/1722
f 1544/601/1705 1553/601/1722 1545/601/1708
f 1545/601/1708 1553/601/1722 1554/601/1723
f 1545/601/1708 1554/601/1723 1546/601/1710
f 1546/601/1710 1554/601/1723 1555/601/1724
f 1546/601/1710 1555/601/1724 1547/601/1712
f 1547/601/1712 1555/601/1724 1556/601/1725
f 1547/601/1712 1556/601/1725 1548/601/1714
f 1548/601/1714 1556/601/1725 1557/601/1726
f 1548/601/1714 1557/601/1726 1549/601/1716
f 1549/601/1716 1557/601/1726 1558/601/1727
f 1549/601/1716 1558/601/1727 1550/601/1718
f 1550/601/1718 1558/601/1727 1551/601/1721
f 1550/601/1718 1551/601/1721 1543/601/1706
f 1551/601/1721 1559/601/1729 1560/601/1728
f 1551/601/1721 1560/601/1728 1552/601/1720
f 1552/601/1720 1560/601/1728 1561/601/1730
f 1552/601/1720 1561/601/1730 1553/601/1722
f 1553/601/1722 1561/601/1730 1562/601/1731
f 1553/601/1722 1562/601/1731 1554/601/1723
f 1554/601/1723 1562/601/1731 1563/601/1732
f 1554/601/1723 1563/601/1732 1555/601/1724
f 1555/601/1724 1563/601/1732 1564/601/1733
f 1555/601/1724 1564/601/1733 1556/601/1725
f 1556/601/1725 1564/601/1733 1565/601/1734
f 1556/601/1725 1565/601/1734 1557/601/1726
f 1557/601/1726 1565/601/1734 1566/601/1735
f 1557/601/1726 1566/601/1735 1558/601/1727
f 1558/601/1727 1566/601/1735 1559/601/1729
f 1558/601/1727 1559/601/1729 1551/601/1721
f 1559/601/1729 1567/601/1737 1568/601/1736
f 1559/601/1729 1568/601/1736 1560/601/1728
f 1560/601/1728 1568/601/1736 1569/601/1738
f 1560/601/1728 1569/601/1738 1561/601/1730
f 1561/601/1730 1569/601/1738 1570/601/1739
f 1561/601/1730 1570/601/1739 1562/601/1731
f 1562/601/1731 1570/601/1739 1571/601/1740
f 1562/601/1731 1571/601/1740 1563/601/1732
f 1563/601/1732 1571/601/1740 1572/601/1741
f 1563/601/1732 1572/601/1741 1564/601/1733
f 1564/601/1733 1572/601/1741 1573/601/1742
f 1564/601/1733 1573/601/1742 1565/601/1734
f 1565/601/1734 1573/601/1742 1574/601/1743
f 1565/601/1734 1574/601/1743 1566/601/1735
f 1566/601/1735 1574/601/1743 1567/601/1737
f 1566/601/1735 1567/601/1737 1559/601/1729
f 1567/601/1737 1575/601/1745 1576/601/1744
f 1567/601/1737 1576/601/1744 1568/601/1736
f 1568/601/1736 1576/601/1744 1577/601/1746
f 1568/601/1736 1577/601/1746 1569/601/1738
f 1569/601/1738 1577/601/1746 1578/601/1747
f 1569/601/1738 1578/601/1747 1570/601/1739
f 1570/601/1739 1578/601/1747 1579/601/1748
f 1570/601/1739 1579/601/1748 1571/601/1740
f 1571/601/1740 1579/601/1748 1580/601/1749
f 1571/601/1740 1580/601/1749 1572/601/1741
f 1572/601/1741 1580/601/1749 1581/601/1750
f 1572/601/1741 1581/601/1750 1573/601/1742
f 1573/601/1742 1581/601/1750 1582/601/1751
f 1573/601/1742 1582/601/1751 1574/601/1743
f 1574/601/1743 1582/601/1751 1575/601/1745
f 1574/601/1743 1575/601/1745 1567/601/1737
s 42
f 1583/601/626 1576/601/626 1575/601/626
f 1583/601/626 1577/601/626 1576/601/626
f 1583/601/626 1578/601/626 1577/601/626
f 1583/601/626 1579/601/626 1578/601/626
f 1583/601/626 1580/601/626 1579/601/626
f 1583/601/626 1581/601/626 1580/601/626
f 1583/601/626 1582/601/626 1581/601/626
f 1583/601/626 1575/601/626 1582/601/626
s 41
f 1536/601/1707 1585/601/1752 1535/601/1704
f 1585/601/1752 1536/601/1707 1584/601/1753
f 1537/601/1709 1584/601/1753 1536/601/1707
f 1584/601/1753 1537/601/1709 1586/601/1754
f 1538/601/1711 1586/601/1754 1537/601/1709
f 1586/601/1754 1538/601/1711 1587/601/1755
f 1539/601/1713 1587/601/1755 1538/601/1711
f 1587/601/1755 1539/601/1713 1588/601/1756
f 1540/601/1715 1588/601/1756 1539/601/1713
f 1588/601/1756 1540/601/1715 1589/601/1757
f 1541/601/1717 1589/601/1757 1540/601/1715
f 1589/601/1757 1541/601/1717 1590/601/1758
f 1542/601/1719 1590/601/1758 1541/601/1717
f 1590/601/1758 1542/601/1719 1591/601/1759
f 1535/601/1704 1591/601/1759 1542/601/1719
f 1591/601/1759 1535/601/1704 1585/601/1752
s 43
g VWBeetle.003_black1
usemtl black1
f 1592/601/1760 1602/601/1762 1603/601/1761
f 1592/601/1760 1603/601/1761 1593/601/1763
f 1593/601/1763 1603/601/1761 1604/601/1764
f 1593/601/1763 1604/601/1764 1594/601/1765
f 1594/601/1765 1604/601/1764 1605/601/1766
f 1594/601/1765 1605/601/1766 1595/601/1767
f 1595/601/1767 1605/601/1766 1606/601/1768
f 1595/601/1767 1606/601/1768 1596/601/1769
f 1596/601/1769 1606/601/1768 1607/601/1770
f 1596/601/1769 1607/601/1770 1597/601/1771
f 1597/601/1771 1607/601/1770 1608/601/1772
f 1597/601/1771 1608/601/1772 1598/601/1773
f 1598/601/1773 1608/601/1772 1609/601/1774
f 1598/601/1773 1609/601/1774 1599/601/1775
f 1599/601/1775 1609/601/1774 1610/601/1776
f 1599/601/1775 1610/601/1776 1600/601/1777
f 1600/601/1777 1610/601/1776 1611/601/1778
f 1600/601/1777 1611/601/1778 1601/601/1779
f 1601/601/1779 1611/601/1778 1602/601/1762
f 1601/601/1779 1602/601/1762 1592/601/1760
s 44
f 1612/601/707 1603/601/707 1602/601/707
f 1612/601/707 1604/601/707 1603/601/707
f 1612/601/707 1605/601/707 1604/601/707
f 1612/601/707 1606/601/707 1605/601/707
f 1612/601/707 1607/601/707 1606/601/707
f 1612/601/707 1608/601/707 1607/601/707
f 1612/601/707 1609/601/707 1608/601/707
f 1612/601/707 1610/601/707 1609/601/707
f 1612/601/707 1611/601/707 1610/601/707
f 1612/601/707 1602/601/707 1611/601/707
