# Blender 5.0.1
# www.blender.org
mtllib cochellantaatrasizq.mtl
g VWBeetle.002_Mesh
v 0.361901 -0.028621 -0.606662
v 0.481286 -0.224545 -0.634540
v 0.363977 -0.225930 -0.633431
v 0.479209 -0.027236 -0.607771
v 0.360432 0.155838 -0.531664
v 0.477741 0.157223 -0.532773
v 0.359663 0.315855 -0.413152
v 0.476972 0.317240 -0.414261
v 0.359643 0.441378 -0.258568
v 0.476952 0.442763 -0.259677
v 0.360373 0.524519 -0.077630
v 0.477681 0.525904 -0.078739
v 0.361805 0.560053 0.118295
v 0.479114 0.561438 0.117186
v 0.363852 0.545748 0.316897
v 0.481162 0.547133 0.315788
v 0.366384 0.482503 0.505697
v 0.483693 0.483888 0.504588
v 0.369242 0.374292 0.672832
v 0.486551 0.375677 0.671723
v 0.372246 0.227914 0.807800
v 0.489556 0.229299 0.806691
v 0.375208 0.052567 0.902119
v 0.492518 0.053952 0.901010
v 0.377942 -0.140732 0.949864
v 0.495251 -0.139347 0.948755
v 0.380275 -0.339838 0.948036
v 0.497585 -0.338453 0.946927
v 0.382062 -0.532238 0.896748
v 0.499371 -0.530853 0.895639
v 0.383189 -0.705845 0.799225
v 0.500498 -0.704460 0.798116
v 0.383587 -0.849751 0.661590
v 0.500896 -0.848366 0.660481
v 0.383229 -0.954911 0.492497
v 0.500539 -0.953526 0.491387
v 0.382139 -1.014720 0.302566
v 0.499449 -1.013335 0.301457
v 0.380386 -1.025419 0.103735
v 0.497694 -1.024034 0.102626
v 0.378078 -0.986337 -0.091506
v 0.495387 -0.984952 -0.092615
v 0.375362 -0.899927 -0.270888
v 0.492671 -0.898542 -0.271997
v 0.372408 -0.771621 -0.423139
v 0.489716 -0.770236 -0.424248
v 0.369401 -0.609479 -0.538694
v 0.486710 -0.608095 -0.539803
v 0.366530 -0.423692 -0.610290
v 0.483839 -0.422307 -0.611399
v 0.371572 -0.233136 0.160890
v 0.488449 -0.158768 0.205206
v 0.489779 -0.236245 0.248998
v -0.209535 1.421667 0.012284
v -0.240794 1.733684 0.015411
v -0.231227 1.805752 0.015974
v -0.180686 1.885878 0.016217
v -0.074596 1.951511 0.015798
v 0.101616 1.980101 0.014372
v 0.278724 1.957594 0.012475
v 0.389685 1.899165 0.010883
v 0.446918 1.826045 0.009673
v 0.462840 1.759466 0.008917
v 0.459363 1.429564 0.005959
v -0.211191 1.410145 -0.177182
v -0.242829 1.719516 -0.217551
v -0.233350 1.790974 -0.227009
v -0.182906 1.870427 -0.237839
v -0.076894 1.935516 -0.247222
v 0.099285 1.963881 -0.252341
v 0.276424 1.941582 -0.250814
v 0.387458 1.883659 -0.244085
v 0.444780 1.811164 -0.235020
v 0.460783 1.745150 -0.226480
v 0.457708 1.418041 -0.183506
v -0.212504 1.372367 -0.363202
v -0.244444 1.673065 -0.446279
v -0.235034 1.742526 -0.465574
v -0.184666 1.819770 -0.487278
v -0.078717 1.883071 -0.505464
v 0.097437 1.910701 -0.514206
v 0.274599 1.889084 -0.509315
v 0.385691 1.832820 -0.494421
v 0.443084 1.762374 -0.475267
v 0.459152 1.698214 -0.457597
v 0.456395 1.380264 -0.369527
v -0.213449 1.309069 -0.542159
v -0.245605 1.595235 -0.666321
v -0.236246 1.661348 -0.695080
v -0.185933 1.734893 -0.727243
v -0.080029 1.795199 -0.753896
v 0.096107 1.821595 -0.766125
v 0.273286 1.801123 -0.757999
v 0.384419 1.747637 -0.735247
v 0.441864 1.680625 -0.706387
v 0.457978 1.619571 -0.679937
v 0.455450 1.316966 -0.548483
v -0.214007 1.221483 -0.710565
v -0.246292 1.487540 -0.873392
v -0.236962 1.549022 -0.911057
v -0.186682 1.617447 -0.953064
v -0.080804 1.673608 -0.987685
v 0.095321 1.698298 -1.003195
v 0.272510 1.679410 -0.992025
v 0.383668 1.629770 -0.961879
v 0.441142 1.567508 -0.923886
v 0.457285 1.510752 -0.889171
v 0.454892 1.229380 -0.716890
v -0.214168 1.111313 -0.865146
v -0.246490 1.352077 -1.063463
v -0.237169 1.407733 -1.109301
v -0.186898 1.469719 -1.160345
v -0.081027 1.520667 -1.202279
v 0.095094 1.543211 -1.220801
v 0.272287 1.526314 -1.206836
v 0.383451 1.481511 -1.169904
v 0.440935 1.425224 -1.123527
v 0.457085 1.373874 -1.081227
v 0.454731 1.119210 -0.871471
v -0.213929 0.980705 -1.002893
v -0.246196 1.191483 -1.232834
v -0.236861 1.240231 -1.285956
v -0.186577 1.294583 -1.345049
v -0.080695 1.339352 -1.393504
v 0.095431 1.359351 -1.414709
v 0.272620 1.344815 -1.398253
v 0.383773 1.305746 -1.355274
v 0.441244 1.256543 -1.301425
v 0.457382 1.211602 -1.252367
v 0.454970 0.988602 -1.009218
v -0.213294 0.832199 -1.121122
v -0.245415 1.008882 -1.378207
v -0.236047 1.049777 -1.437583
v -0.185725 1.095449 -1.503588
v -0.079813 1.133191 -1.557635
v 0.096326 1.150297 -1.581143
v 0.273502 1.138446 -1.562550
v 0.384628 1.105897 -1.514378
v 0.442064 1.064748 -1.454119
v 0.458171 1.027094 -1.399259
v 0.455606 0.840096 -1.127447
v -0.212275 0.668687 -1.217535
v -0.244162 0.807830 -1.496755
v -0.234740 0.840078 -1.561230
v -0.184359 0.876193 -1.632868
v -0.078399 0.906198 -1.691479
v 0.097760 0.920118 -1.716865
v 0.274918 0.911223 -1.696529
v 0.385999 0.885853 -1.644125
v 0.443380 0.853572 -1.578635
v 0.459437 0.823942 -1.519046
v 0.456624 0.676584 -1.223860
v -0.210893 0.493351 -1.290254
v -0.242462 0.592240 -1.586169
v -0.232967 0.615215 -1.654488
v -0.182505 0.641082 -1.730379
v -0.076480 0.662791 -1.792428
v 0.099706 0.673294 -1.819233
v 0.276839 0.667569 -1.797583
v 0.387860 0.649898 -1.741985
v 0.445165 0.627126 -1.672553
v 0.461154 0.606099 -1.609393
v 0.458007 0.501248 -1.296579
v -0.209173 0.309604 -1.337864
v -0.240348 0.366307 -1.644709
v -0.230763 0.379565 -1.715546
v -0.180200 0.394692 -1.794219
v -0.074093 0.407706 -1.858522
v 0.102125 0.414630 -1.886253
v 0.279228 0.412227 -1.863742
v 0.390173 0.402623 -1.806054
v 0.447386 0.389816 -1.734041
v 0.463290 0.377806 -1.668544
v 0.459726 0.317501 -1.344189
v -0.207151 0.121023 -1.359437
v -0.237862 0.134429 -1.671236
v -0.228169 0.137715 -1.743214
v -0.177488 0.141819 -1.823147
v -0.071285 0.145911 -1.888471
v 0.104972 0.149160 -1.916623
v 0.282038 0.150166 -1.893722
v 0.392895 0.148842 -1.835088
v 0.449998 0.146263 -1.761903
v 0.465803 0.143507 -1.695348
v 0.461748 0.128920 -1.365762
v -0.204865 -0.068723 -1.354555
v -0.235051 -0.098880 -1.665234
v -0.225237 -0.105628 -1.736953
v -0.174422 -0.112615 -1.816600
v -0.068112 -0.117502 -1.881693
v 0.108191 -0.117949 -1.909750
v 0.285216 -0.113513 -1.886937
v 0.395972 -0.106506 -1.828517
v 0.452950 -0.098794 -1.755598
v 0.468643 -0.092239 -1.689282
v 0.464034 -0.060826 -1.360880
v -0.202359 -0.255940 -1.323313
v -0.231970 -0.329080 -1.626818
v -0.222023 -0.345728 -1.696885
v -0.171063 -0.363658 -1.774708
v -0.064633 -0.377403 -1.838322
v 0.111718 -0.381498 -1.865769
v 0.288698 -0.373677 -1.843521
v 0.399344 -0.358451 -1.786474
v 0.456186 -0.340584 -1.715246
v 0.471757 -0.324843 -1.650466
v 0.466540 -0.248043 -1.329638
v -0.199683 -0.436984 -1.266316
v -0.228679 -0.551689 -1.556736
v -0.218591 -0.577912 -1.623790
v -0.167474 -0.606423 -1.698281
v -0.060918 -0.628735 -1.759198
v 0.115486 -0.636357 -1.785535
v 0.292417 -0.625263 -1.764318
v 0.402945 -0.602088 -1.709772
v 0.459643 -0.574403 -1.641637
v 0.475082 -0.549778 -1.579652
v 0.469216 -0.429087 -1.272641
v -0.196888 -0.608332 -1.184677
v -0.225242 -0.762375 -1.456354
v -0.215007 -0.797659 -1.519090
v -0.163726 -0.836186 -1.588809
v -0.057038 -0.866605 -1.645864
v 0.119420 -0.877566 -1.670610
v 0.296301 -0.863374 -1.650870
v 0.406706 -0.832676 -1.599908
v 0.463252 -0.795698 -1.536202
v 0.478554 -0.762665 -1.478222
v 0.472011 -0.600435 -1.191002
v -0.194029 -0.766647 -1.079985
v -0.221727 -0.957037 -1.327625
v -0.211340 -1.000694 -1.384825
v -0.159892 -1.048474 -1.448424
v -0.053069 -1.086384 -1.500525
v 0.123445 -1.100429 -1.523232
v 0.300274 -1.083375 -1.505384
v 0.410554 -1.045727 -1.459018
v 0.466945 -1.000162 -1.400990
v 0.482107 -0.959361 -1.348148
v 0.474870 -0.758750 -1.086310
v -0.191161 -0.908849 -0.954275
v -0.218201 -1.131888 -1.173054
v -0.207663 -1.183064 -1.223606
v -0.156047 -1.239156 -1.279858
v -0.049088 -1.283795 -1.326011
v 0.127482 -1.300610 -1.346268
v 0.304258 -1.280985 -1.330692
v 0.414413 -1.237093 -1.289846
v 0.470648 -1.183816 -1.238636
v 0.485669 -1.136037 -1.191962
v 0.477738 -0.900953 -0.960600
v -0.188341 -1.032170 -0.809995
v -0.214733 -1.283521 -0.995649
v -0.204046 -1.341219 -1.038572
v -0.152266 -1.404520 -1.086391
v -0.045173 -1.454993 -1.125716
v 0.131452 -1.474211 -1.143162
v 0.308177 -1.452357 -1.130195
v 0.418208 -1.403051 -1.095684
v 0.474290 -1.343086 -1.052299
v 0.489173 -1.289254 -1.012706
v 0.480558 -1.024273 -0.816320
v -0.185623 -1.134210 -0.649954
v -0.211391 -1.408988 -0.798865
v -0.200560 -1.472082 -0.833324
v -0.148621 -1.541346 -0.871789
v -0.041400 -1.596648 -0.903542
v 0.135278 -1.617855 -0.917871
v 0.311954 -1.594156 -0.907796
v 0.421865 -1.540369 -0.880312
v 0.477801 -1.474869 -0.845606
v 0.492550 -1.416031 -0.813867
v 0.483276 -1.126313 -0.656279
v -0.183060 -1.212982 -0.477267
v -0.208240 -1.505845 -0.586531
v -0.197273 -1.573105 -0.611857
v -0.145185 -1.646973 -0.640228
v -0.037842 -1.706003 -0.663811
v 0.138885 -1.728744 -0.674774
v 0.315516 -1.703621 -0.667822
v 0.425314 -1.646376 -0.647920
v 0.481111 -1.576604 -0.622579
v 0.495734 -1.513900 -0.599313
v 0.485839 -1.205085 -0.483592
v -0.180702 -1.266954 -0.295294
v -0.205341 -1.572207 -0.362780
v -0.194250 -1.642322 -0.378484
v -0.142023 -1.719345 -0.396217
v -0.034569 -1.780928 -0.411191
v 0.142205 -1.804721 -0.418609
v 0.318792 -1.778622 -0.414946
v 0.428487 -1.719007 -0.403033
v 0.484156 -1.646308 -0.387563
v 0.498664 -1.580956 -0.373226
v 0.488197 -1.259057 -0.301619
v -0.178595 -1.295074 -0.107578
v -0.202750 -1.606784 -0.131966
v -0.191547 -1.678386 -0.137743
v -0.139197 -1.757052 -0.144505
v -0.031644 -1.819965 -0.150596
v 0.145171 -1.844306 -0.154358
v 0.321720 -1.817699 -0.154087
v 0.431323 -1.756849 -0.150416
v 0.486877 -1.682626 -0.145126
v 0.501281 -1.615894 -0.140001
v 0.490304 -1.287177 -0.113903
v -0.176780 -1.296796 0.082228
v -0.200518 -1.608901 0.101416
v -0.189220 -1.680593 0.105677
v -0.136764 -1.759361 0.110010
v -0.029124 -1.822356 0.112899
v 0.147726 -1.846730 0.112837
v 0.324242 -1.820092 0.109675
v 0.433765 -1.759166 0.105012
v 0.489221 -1.684850 0.100009
v 0.503536 -1.618033 0.095820
v 0.492119 -1.288899 0.075903
v -0.175292 -1.272086 0.270431
v -0.198689 -1.578518 0.332826
v -0.187312 -1.648904 0.347041
v -0.134768 -1.726227 0.362372
v -0.027059 -1.788052 0.374168
v 0.149820 -1.811945 0.377771
v 0.326310 -1.785753 0.371206
v 0.435768 -1.725913 0.358282
v 0.491143 -1.652936 0.343071
v 0.505385 -1.587333 0.329647
v 0.493606 -1.264189 0.264106
v -0.174161 -1.221425 0.453364
v -0.197297 -1.516225 0.557759
v -0.185860 -1.583932 0.581648
v -0.133251 -1.658294 0.607672
v -0.025488 -1.717722 0.628123
v 0.151413 -1.740628 0.635291
v 0.327883 -1.715353 0.625419
v 0.437291 -1.657737 0.604462
v 0.492604 -1.587507 0.579330
v 0.506791 -1.524390 0.556928
v 0.494738 -1.213528 0.447039
v -0.173407 -1.145798 0.627469
v -0.196371 -1.423237 0.771836
v -0.184894 -1.486944 0.804932
v -0.132241 -1.556885 0.841133
v -0.024441 -1.612735 0.869823
v 0.152474 -1.634168 0.880383
v 0.328930 -1.610259 0.867363
v 0.438304 -1.555964 0.838762
v 0.493578 -1.489836 0.804187
v 0.507727 -1.430429 0.773244
v 0.495492 -1.137901 0.621144
v -0.173047 -1.046679 0.789357
v -0.195928 -1.301361 0.970893
v -0.184432 -1.359826 1.012549
v -0.131757 -1.423974 1.058212
v -0.023941 -1.475135 1.094562
v 0.152982 -1.494636 1.108277
v 0.329431 -1.472519 1.092330
v 0.438790 -1.422575 1.056621
v 0.494043 -1.361823 1.013265
v 0.508175 -1.307281 0.974378
v 0.495852 -1.038782 0.783033
v -0.173086 -0.925996 0.935878
v -0.195976 -1.152971 1.151052
v -0.184482 -1.205054 1.200457
v -0.131810 -1.262148 1.254684
v -0.023995 -1.307598 1.297966
v 0.152926 -1.324748 1.314536
v 0.329376 -1.304813 1.295941
v 0.438737 -1.260168 1.253798
v 0.493992 -1.205961 1.202496
v 0.508126 -1.157341 1.156419
v 0.495813 -0.918099 0.929553
v -0.173524 -0.786098 1.064177
v -0.196515 -0.980954 1.308809
v -0.185044 -1.025640 1.364998
v -0.132398 -1.074557 1.426725
v -0.024604 -1.113387 1.476077
v 0.152309 -1.127811 1.495147
v 0.328767 -1.110405 1.474232
v 0.438147 -1.071903 1.426457
v 0.493426 -1.025284 1.368196
v 0.507581 -0.983527 1.315824
v 0.495374 -0.778202 1.057852
v -0.174354 -0.629708 1.171761
v -0.197534 -0.788659 1.441091
v -0.186108 -0.825074 1.502970
v -0.133510 -0.864851 1.570985
v -0.025755 -0.896281 1.625429
v 0.151142 -0.907658 1.646593
v 0.327615 -0.893080 1.623734
v 0.437031 -0.861443 1.571236
v 0.492355 -0.823306 1.507140
v 0.506551 -0.789224 1.449488
v 0.494545 -0.621812 1.165436
v -0.175557 -0.459871 1.256533
v -0.199014 -0.579829 1.545327
v -0.187651 -0.607262 1.611688
v -0.135123 -0.637112 1.684659
v -0.027426 -0.660506 1.743113
v 0.149448 -0.668574 1.765929
v 0.325942 -0.657066 1.741536
v 0.435411 -0.632887 1.685317
v 0.490801 -0.603960 1.616625
v 0.505056 -0.578212 1.554812
v 0.493342 -0.451974 1.250208
v -0.177112 -0.279891 1.316845
v -0.200926 -0.358529 1.619484
v -0.189645 -0.376444 1.689036
v -0.137208 -0.395774 1.765530
v -0.029584 -0.410652 1.826838
v 0.147259 -0.415214 1.850830
v 0.323782 -0.406960 1.825347
v 0.433319 -0.390682 1.766478
v 0.488793 -0.371517 1.694516
v 0.503125 -0.354600 1.629744
v 0.491788 -0.271994 1.310520
v -0.178987 -0.093272 1.351521
v -0.203232 -0.129064 1.662120
v -0.192050 -0.137111 1.733506
v -0.139723 -0.145533 1.812029
v -0.032187 -0.151581 1.874976
v 0.144619 -0.152506 1.899644
v 0.321176 -0.147626 1.873535
v 0.430796 -0.139542 1.813144
v 0.486371 -0.130498 1.739300
v 0.500795 -0.122739 1.672828
v 0.489912 -0.085375 1.345196
v -0.181147 0.096354 1.359887
v -0.205887 0.104097 1.672408
v -0.194819 0.106079 1.744236
v -0.142618 0.108741 1.823246
v -0.035185 0.111665 1.886591
v 0.141579 0.114434 1.911421
v 0.318175 0.115886 1.885161
v 0.427889 0.115644 1.824403
v 0.483582 0.114404 1.750105
v 0.498112 0.112858 1.683221
v 0.487753 0.104251 1.353562
v -0.183548 0.285295 1.341781
v -0.208840 0.336417 1.650145
v -0.197900 0.348390 1.721014
v -0.145839 0.362096 1.798967
v -0.038520 0.373960 1.861455
v 0.138198 0.380410 1.885932
v 0.314837 0.378446 1.859999
v 0.424657 0.369909 1.800035
v 0.480480 0.358421 1.726720
v 0.495127 0.347604 1.660724
v 0.485351 0.293192 1.335456
v -0.186146 0.469876 1.297553
v -0.212034 0.563374 1.595764
v -0.201231 0.585109 1.664295
v -0.149322 0.609603 1.739661
v -0.042125 0.630201 1.800058
v 0.134542 0.640247 1.823672
v 0.311228 0.634947 1.798540
v 0.421162 0.618306 1.740519
v 0.477126 0.596807 1.669602
v 0.491900 0.576932 1.605776
v 0.482754 0.477773 1.291228
v -0.188888 0.646502 1.228068
v -0.215406 0.780551 1.510324
v -0.204747 0.811626 1.575181
v -0.152999 0.846444 1.646486
v -0.045932 0.875400 1.703593
v 0.130681 0.888887 1.725856
v 0.307417 0.880393 1.701978
v 0.417472 0.855998 1.647007
v 0.473584 0.824920 1.579858
v 0.488493 0.796378 1.519443
v 0.480011 0.654399 1.221743
v -0.191722 0.811735 1.134673
v -0.218890 0.983720 1.395489
v -0.208382 1.023533 1.455406
v -0.156799 1.068009 1.521252
v -0.049866 1.104783 1.573942
v 0.126692 1.121489 1.594384
v 0.303479 1.110008 1.572195
v 0.413658 1.078358 1.521326
v 0.469924 1.038319 1.459241
v 0.484973 1.001669 1.403409
v 0.477177 0.819632 1.128348
v -0.194592 0.962361 1.019191
v -0.222419 1.168928 1.253493
v -0.212063 1.216706 1.307303
v -0.160648 1.269986 1.366399
v -0.053851 1.313887 1.413625
v 0.122652 1.333528 1.431817
v 0.299490 1.319324 1.411716
v 0.409795 1.281061 1.365915
v 0.466217 1.232852 1.310094
v 0.481406 1.188811 1.259930
v 0.474307 0.970258 1.012866
v -0.197443 1.095447 0.883866
v -0.225925 1.332568 1.087100
v -0.215719 1.387385 1.133754
v -0.164470 1.448443 1.184941
v -0.057808 1.498641 1.225762
v 0.118639 1.520876 1.241317
v 0.295529 1.504266 1.223663
v 0.405959 1.460159 1.183806
v 0.462536 1.404732 1.135323
v 0.477865 1.354161 1.091799
v 0.471456 1.103344 0.877541
v -0.200219 1.208402 0.731335
v -0.229338 1.471457 0.899549
v -0.219279 1.532246 0.938137
v -0.168193 1.599907 0.980409
v -0.061662 1.655450 1.014013
v 0.114731 1.679885 1.026595
v 0.291672 1.661233 1.011698
v 0.402224 1.612167 0.978538
v 0.458951 1.550614 0.938330
v 0.474416 1.494500 0.902289
v 0.468680 1.216299 0.725010
v -0.202865 1.299029 0.564564
v -0.232592 1.582890 0.694490
v -0.222673 1.648473 0.724258
v -0.171742 1.721431 0.756783
v -0.065337 1.781261 0.782495
v 0.111005 1.807462 0.791829
v 0.287993 1.787172 0.779948
v 0.398662 1.734127 0.754108
v 0.455532 1.667659 0.722945
v 0.471127 1.607097 0.695088
v 0.466033 1.306926 0.558239
v -0.205332 1.365563 0.386800
v -0.235625 1.664699 0.475914
v -0.225836 1.733800 0.496282
v -0.175049 1.810647 0.518416
v -0.068760 1.873626 0.535717
v 0.107533 1.901123 0.541589
v 0.284566 1.879630 0.532920
v 0.395342 1.823664 0.514886
v 0.452347 1.753587 0.493363
v 0.468063 1.689761 0.474230
v 0.463567 1.373460 0.380475
v -0.207570 1.406709 0.201504
v -0.238377 1.715292 0.248077
v -0.228706 1.786569 0.258645
v -0.178050 1.865821 0.269950
v -0.071867 1.930747 0.278483
v 0.104383 1.959045 0.280744
v 0.281456 1.936808 0.275425
v 0.392331 1.879035 0.265527
v 0.449456 1.806727 0.254054
v 0.465283 1.740882 0.244013
v 0.461329 1.414606 0.195179
v -0.227427 0.750498 0.006365
v -0.197208 0.884599 0.007293
v -0.161463 0.996244 0.007964
v -0.122035 1.092919 0.008464
v -0.080764 1.182108 0.008878
v -0.085820 1.258928 0.009623
v -0.116342 1.259883 0.009924
v -0.148010 1.271254 0.010330
v -0.161137 1.292894 0.010652
v -0.167780 1.325312 0.011009
v -0.167028 1.355286 0.011274
v -0.234514 1.355226 0.011919
v -0.235293 1.421715 0.012529
v 0.474698 1.430097 0.005816
v 0.475453 1.365687 0.005224
v 0.410084 1.366455 0.005856
v 0.417552 0.729239 0.000004
v 0.483978 0.638233 -0.001456
v 0.490698 0.064814 -0.006723
v -0.228271 0.744620 -0.090294
v -0.198215 0.877588 -0.107989
v -0.162606 0.988291 -0.122806
v -0.123295 1.084151 -0.135704
v -0.082132 1.172590 -0.147639
v -0.087281 1.248758 -0.157599
v -0.117805 1.249702 -0.157482
v -0.149487 1.260974 -0.158712
v -0.162641 1.282429 -0.161425
v -0.169323 1.314572 -0.165593
v -0.168608 1.344292 -0.169500
v -0.236094 1.344226 -0.168958
v -0.236954 1.410151 -0.177606
v 0.473036 1.418534 -0.184320
v 0.473870 1.354669 -0.175941
v 0.408499 1.355425 -0.175524
v 0.416742 0.723605 -0.092633
v 0.483280 0.633376 -0.081313
v -0.228941 0.725347 -0.185196
v -0.199014 0.854602 -0.221177
v -0.163512 0.962217 -0.251200
v -0.124294 1.055406 -0.277248
v -0.083216 1.141381 -0.301313
v -0.088440 1.215415 -0.321784
v -0.118965 1.216322 -0.321846
v -0.150659 1.227268 -0.324682
v -0.163833 1.248118 -0.330375
v -0.170547 1.279359 -0.338985
v -0.169861 1.308247 -0.346990
v -0.237348 1.308161 -0.346548
v -0.238272 1.372240 -0.364288
v 0.471719 1.380622 -0.371002
v 0.472614 1.318547 -0.353816
v 0.407243 1.319259 -0.353607
v 0.416100 0.705133 -0.183588
v 0.482726 0.617453 -0.159719
v -0.229423 0.693054 -0.276495
v -0.199589 0.816087 -0.330065
v -0.164164 0.918528 -0.374716
v -0.125012 1.007241 -0.413420
v -0.083997 1.089090 -0.449151
v -0.089274 1.159548 -0.479732
v -0.119800 1.160394 -0.479968
v -0.151502 1.170793 -0.484347
v -0.164691 1.190630 -0.492907
v -0.171428 1.220358 -0.505790
v -0.170762 1.247852 -0.517736
v -0.238250 1.247732 -0.517392
v -0.239220 1.308717 -0.543878
v 0.470771 1.317099 -0.550591
v 0.471711 1.258021 -0.524933
v 0.406338 1.258662 -0.524929
v 0.415638 0.674184 -0.271089
v 0.482328 0.590774 -0.235147
v -0.229708 0.648370 -0.362411
v -0.199929 0.762794 -0.432535
v -0.164550 0.858075 -0.490951
v -0.125437 0.940595 -0.541564
v -0.084458 1.016735 -0.588272
v -0.089767 1.082244 -0.628370
v -0.120294 1.083005 -0.628768
v -0.152000 1.092648 -0.634601
v -0.165199 1.111081 -0.645858
v -0.171948 1.138718 -0.662765
v -0.171295 1.164284 -0.678420
v -0.238783 1.164116 -0.678165
v -0.239780 1.220821 -0.712883
v 0.470210 1.229203 -0.719596
v 0.471177 1.174271 -0.685964
v 0.405803 1.174813 -0.686150
v 0.415365 0.631359 -0.353431
v 0.482093 0.553857 -0.306129
v -0.229790 0.592165 -0.441274
v -0.200027 0.695759 -0.526593
v -0.164661 0.782035 -0.597645
v -0.125560 0.856766 -0.659186
v -0.084591 0.925723 -0.715973
v -0.089909 0.985007 -0.764805
v -0.120436 0.985662 -0.765352
v -0.152143 0.994354 -0.772520
v -0.165345 1.011023 -0.786252
v -0.172098 1.036028 -0.806850
v -0.171448 1.059167 -0.825910
v -0.238936 1.058940 -0.825740
v -0.239942 1.110260 -0.868012
v 0.470049 1.118642 -0.874725
v 0.471023 1.068926 -0.833776
v 0.405649 1.069343 -0.834137
v 0.415287 0.577491 -0.429015
v 0.482025 0.507422 -0.371283
v -0.229668 0.525532 -0.511547
v -0.199881 0.616288 -0.610405
v -0.164496 0.691888 -0.692719
v -0.125378 0.757383 -0.763999
v -0.084393 0.817826 -0.829765
v -0.089697 0.869730 -0.886381
v -0.120224 0.870259 -0.887061
v -0.151930 0.877824 -0.895418
v -0.165127 0.892400 -0.911358
v -0.171875 0.914287 -0.935246
v -0.171220 0.934549 -0.957337
v -0.238708 0.934251 -0.957243
v -0.239702 0.979189 -1.006246
v 0.470289 0.987571 -1.012959
v 0.471252 0.944038 -0.965488
v 0.405879 0.944307 -0.966005
v 0.415404 0.513630 -0.496366
v 0.482126 0.452372 -0.429342
v -0.229344 0.449769 -0.571865
v -0.199495 0.525928 -0.682345
v -0.164057 0.589388 -0.774322
v -0.124894 0.644383 -0.853964
v -0.083869 0.695144 -0.927437
v -0.089137 0.738658 -0.990732
v -0.119663 0.739043 -0.991526
v -0.151363 0.745326 -1.000904
v -0.164550 0.757524 -1.018738
v -0.171283 0.775863 -1.045448
v -0.170614 0.792855 -1.070145
v -0.238101 0.792476 -1.070114
v -0.239064 0.830156 -1.124896
v 0.470927 0.838538 -1.131609
v 0.471859 0.802037 -1.078539
v 0.406487 0.802138 -1.079190
v 0.415714 0.441018 -0.554174
v 0.482394 0.389778 -0.479173
v -0.228824 0.366349 -0.621052
v -0.198875 0.426437 -0.741009
v -0.163354 0.476531 -0.840867
v -0.124119 0.519964 -0.927325
v -0.083027 0.560066 -1.007084
v -0.088238 0.594340 -1.075826
v -0.118763 0.594567 -1.076714
v -0.150454 0.599439 -1.086925
v -0.163625 0.609018 -1.106302
v -0.170333 0.623452 -1.135315
v -0.169642 0.636843 -1.162136
v -0.237129 0.636376 -1.162156
v -0.238042 0.666065 -1.221649
v 0.471949 0.674447 -1.228363
v 0.472833 0.645686 -1.170729
v 0.407462 0.645602 -1.171491
v 0.416213 0.361069 -0.601314
v 0.482823 0.320860 -0.519810
v -0.228119 0.276898 -0.658150
v -0.198034 0.319751 -0.785256
v -0.162400 0.355513 -0.891057
v -0.123067 0.386548 -0.982658
v -0.081885 0.415219 -1.067158
v -0.087017 0.439587 -1.140009
v -0.117541 0.439644 -1.140968
v -0.149221 0.443003 -1.151804
v -0.162370 0.449773 -1.172347
v -0.169045 0.460019 -1.203099
v -0.168323 0.469549 -1.231518
v -0.235809 0.468987 -1.231578
v -0.236654 0.490107 -1.294626
v 0.473336 0.498489 -1.301340
v 0.474155 0.478029 -1.240263
v 0.408785 0.477747 -1.241105
v 0.416889 0.275338 -0.636870
v 0.483406 0.246957 -0.550461
v -0.227242 0.183156 -0.682439
v -0.196988 0.207947 -0.814225
v -0.161213 0.228689 -0.923918
v -0.121759 0.246731 -1.018884
v -0.080465 0.263424 -1.106488
v -0.085500 0.277410 -1.182029
v -0.116022 0.277290 -1.183035
v -0.147687 0.279062 -1.194282
v -0.160808 0.282889 -1.215587
v -0.167442 0.288747 -1.247476
v -0.166683 0.294230 -1.276945
v -0.234168 0.293568 -1.277032
v -0.234929 0.305708 -1.342405
v 0.475061 0.314090 -1.349118
v 0.475799 0.302330 -1.285789
v 0.410431 0.301840 -1.286685
v 0.417729 0.185495 -0.660150
v 0.484130 0.169510 -0.570528
v -0.226210 0.086947 -0.693446
v -0.195757 0.093201 -0.827351
v -0.159817 0.098528 -0.938808
v -0.120220 0.103236 -1.035301
v -0.078794 0.107635 -1.124310
v -0.083715 0.110966 -1.201071
v -0.114236 0.110663 -1.202096
v -0.145882 0.110807 -1.213531
v -0.158971 0.111613 -1.235181
v -0.165557 0.112968 -1.267584
v -0.164753 0.114298 -1.297529
v -0.232237 0.113534 -1.297628
v -0.232900 0.116457 -1.364055
v 0.477091 0.124840 -1.370769
v 0.477733 0.122008 -1.306418
v 0.412367 0.121304 -1.307338
v 0.418718 0.093288 -0.670697
v 0.484983 0.090025 -0.579621
v -0.225044 -0.009856 -0.690956
v -0.194366 -0.022252 -0.824381
v -0.158239 -0.032436 -0.935440
v -0.118481 -0.041145 -1.031586
v -0.076905 -0.049116 -1.120277
v -0.081697 -0.056506 -1.196761
v -0.112215 -0.056992 -1.197783
v -0.143843 -0.058486 -1.209175
v -0.156895 -0.060719 -1.230747
v -0.163426 -0.063896 -1.263034
v -0.162572 -0.066744 -1.292871
v -0.230054 -0.067611 -1.292966
v -0.230605 -0.073962 -1.359156
v 0.479385 -0.065579 -1.365870
v 0.479919 -0.059428 -1.301749
v 0.414556 -0.060347 -1.302663
v 0.419836 0.000512 -0.668311
v 0.485946 0.010049 -0.577563
v -0.223765 -0.105369 -0.675017
v -0.192841 -0.136168 -0.805370
v -0.156510 -0.161655 -0.913874
v -0.116574 -0.183601 -1.007813
v -0.074835 -0.203777 -1.094467
v -0.079486 -0.221746 -1.169186
v -0.110001 -0.222412 -1.170177
v -0.141607 -0.225523 -1.181300
v -0.154619 -0.230755 -1.202371
v -0.161091 -0.238403 -1.233912
v -0.160181 -0.245374 -1.263060
v -0.227662 -0.246343 -1.263139
v -0.228091 -0.261843 -1.327802
v 0.481900 -0.253460 -1.334515
v 0.482315 -0.238445 -1.271874
v 0.416955 -0.239576 -1.272754
v 0.421061 -0.091028 -0.653035
v 0.487003 -0.068861 -0.564396
v -0.222400 -0.197732 -0.645938
v -0.191213 -0.246327 -0.770691
v -0.154663 -0.286613 -0.874536
v -0.114537 -0.321361 -0.964444
v -0.072624 -0.353339 -1.047384
v -0.077124 -0.381537 -1.118881
v -0.107637 -0.382379 -1.119817
v -0.139219 -0.387052 -1.130447
v -0.152189 -0.395184 -1.150607
v -0.158596 -0.407156 -1.180786
v -0.157627 -0.418114 -1.208678
v -0.225107 -0.419181 -1.208727
v -0.225405 -0.443529 -1.270604
v 0.484586 -0.435147 -1.277318
v 0.484874 -0.411560 -1.217375
v 0.419517 -0.412895 -1.218189
v 0.422370 -0.179550 -0.625166
v 0.488131 -0.145170 -0.540372
v -0.220974 -0.285149 -0.604289
v -0.189512 -0.350586 -0.721015
v -0.152734 -0.404879 -0.818188
v -0.112411 -0.451742 -0.902324
v -0.070316 -0.494891 -0.979940
v -0.074657 -0.532770 -1.046826
v -0.105167 -0.533777 -1.047682
v -0.136726 -0.539929 -1.057609
v -0.149650 -0.550806 -1.076460
v -0.155991 -0.566870 -1.104689
v -0.154961 -0.581602 -1.130785
v -0.222439 -0.582762 -1.130789
v -0.222600 -0.615484 -1.188676
v 0.487391 -0.607102 -1.195390
v 0.487547 -0.575403 -1.139311
v 0.422193 -0.576932 -1.140034
v 0.489309 -0.217391 -0.505961
v -0.219516 -0.365917 -0.550878
v -0.187773 -0.446915 -0.657314
v -0.150760 -0.514149 -0.745929
v -0.110235 -0.572207 -0.822661
v -0.067954 -0.625676 -0.893453
v -0.072133 -0.672501 -0.954423
v -0.102641 -0.673661 -0.955178
v -0.134175 -0.681180 -0.964201
v -0.147054 -0.694592 -0.981374
v -0.153326 -0.714438 -1.007103
v -0.152233 -0.732656 -1.030893
v -0.219710 -0.733902 -1.030840
v -0.219731 -0.774360 -1.083611
v 0.490260 -0.765978 -1.090324
v 0.490280 -0.726784 -1.039204
v 0.424930 -0.728493 -1.039808
v 0.490514 -0.284119 -0.461836
v -0.218053 -0.438464 -0.486744
v -0.186028 -0.533440 -0.580824
v -0.148781 -0.612299 -0.659162
v -0.108053 -0.680411 -0.727006
v -0.065585 -0.743151 -0.789603
v -0.069603 -0.798010 -0.843470
v -0.100107 -0.799308 -0.844104
v -0.131616 -0.808054 -0.852042
v -0.144449 -0.823744 -0.867201
v -0.150653 -0.846986 -0.889927
v -0.149497 -0.868336 -0.910950
v -0.216972 -0.869658 -0.910829
v -0.216853 -0.917067 -0.957456
v 0.493137 -0.908685 -0.964169
v 0.493022 -0.862758 -0.919000
v 0.427675 -0.864628 -0.919462
v 0.491722 -0.344056 -0.408849
v -0.216614 -0.501379 -0.413138
v -0.184312 -0.608477 -0.493034
v -0.146835 -0.697416 -0.559579
v -0.105907 -0.774248 -0.617222
v -0.063255 -0.845028 -0.670412
v -0.067113 -0.906855 -0.716127
v -0.097616 -0.908271 -0.716621
v -0.129100 -0.918082 -0.723313
v -0.141888 -0.935748 -0.736163
v -0.148024 -0.961935 -0.755444
v -0.146806 -0.986001 -0.773288
v -0.214280 -0.987390 -0.773089
v -0.214023 -1.040826 -0.812664
v 0.495967 -1.032444 -0.819377
v 0.495719 -0.980678 -0.781039
v 0.430375 -0.982688 -0.781338
v 0.492911 -0.396034 -0.348037
v -0.215227 -0.553437 -0.331489
v -0.182658 -0.670564 -0.395655
v -0.144959 -0.767844 -0.449117
v -0.103839 -0.851892 -0.495444
v -0.061010 -0.929323 -0.538201
v -0.064715 -0.996916 -0.574873
v -0.095214 -0.998431 -0.575214
v -0.126675 -1.009123 -0.580523
v -0.139419 -1.028423 -0.590808
v -0.145491 -1.057047 -0.606268
v -0.144213 -1.083360 -0.620588
v -0.211685 -1.084805 -0.620302
v -0.211296 -1.143227 -0.652056
v 0.498695 -1.134845 -0.658770
v 0.498318 -1.078249 -0.628008
v 0.432977 -1.080374 -0.628125
v 0.494056 -0.439043 -0.280583
v -0.213920 -0.593624 -0.243388
v -0.181099 -0.718495 -0.290581
v -0.143190 -0.822213 -0.329927
v -0.101889 -0.911831 -0.364043
v -0.058893 -0.994398 -0.395543
v -0.062453 -1.066441 -0.422458
v -0.092949 -1.068033 -0.422630
v -0.124389 -1.079404 -0.426451
v -0.137092 -1.099966 -0.433969
v -0.143102 -1.130472 -0.445304
v -0.141767 -1.158520 -0.455820
v -0.209238 -1.160006 -0.455441
v -0.208724 -1.222279 -0.478756
v 0.501267 -1.213897 -0.485470
v 0.500768 -1.153571 -0.462884
v 0.435430 -1.155785 -0.462805
v 0.495137 -0.472245 -0.207796
v -0.212717 -0.621159 -0.150552
v -0.179664 -0.751335 -0.179857
v -0.141562 -0.859465 -0.204328
v -0.100095 -0.952899 -0.225575
v -0.056945 -1.038984 -0.245213
v -0.060371 -1.114077 -0.261847
v -0.090866 -1.115720 -0.261843
v -0.122285 -1.127558 -0.264091
v -0.134950 -1.148984 -0.268698
v -0.140904 -1.180779 -0.275684
v -0.139518 -1.210015 -0.282194
v -0.206987 -1.211532 -0.281716
v -0.206357 -1.276442 -0.296139
v 0.503633 -1.268060 -0.302852
v 0.503023 -1.205179 -0.288881
v 0.437687 -1.207454 -0.288598
v 0.496131 -0.494993 -0.131095
v -0.211642 -0.635505 -0.054782
v -0.178382 -0.768445 -0.065637
v -0.140108 -0.878874 -0.074765
v -0.098492 -0.974296 -0.082739
v -0.055204 -1.062214 -0.090140
v -0.058512 -1.138896 -0.096166
v -0.089004 -1.140567 -0.095982
v -0.120405 -1.152648 -0.096610
v -0.133037 -1.174524 -0.098208
v -0.138940 -1.206990 -0.100713
v -0.137507 -1.236846 -0.103088
v -0.204976 -1.238378 -0.102508
v -0.204243 -1.304662 -0.107755
v 0.505748 -1.296280 -0.114469
v 0.505038 -1.232068 -0.109386
v 0.439704 -1.234375 -0.108890
v 0.497019 -0.506846 -0.051976
v -0.210716 -0.636383 0.042050
v -0.177278 -0.769493 0.049853
v -0.138855 -0.880062 0.056242
v -0.097111 -0.975606 0.061687
v -0.053705 -1.063637 0.066662
v -0.056910 -1.140416 0.071359
v -0.087400 -1.142088 0.071727
v -0.118786 -1.154184 0.072737
v -0.131388 -1.176087 0.074179
v -0.137249 -1.208595 0.076206
v -0.135775 -1.238489 0.078011
v -0.203243 -1.240021 0.078695
v -0.202421 -1.306389 0.082723
v 0.507569 -1.298007 0.076010
v 0.506773 -1.233714 0.072108
v 0.441442 -1.236023 0.072819
v 0.497784 -0.507571 0.028025
v -0.209957 -0.623777 0.138066
v -0.176372 -0.754457 0.164367
v -0.137828 -0.863007 0.186140
v -0.095979 -0.956803 0.204892
v -0.052476 -1.043223 0.222136
v -0.055597 -1.118606 0.237468
v -0.086086 -1.120255 0.238017
v -0.117458 -1.132137 0.240651
v -0.130037 -1.153645 0.245109
v -0.135862 -1.185562 0.251630
v -0.134356 -1.214911 0.257580
v -0.201823 -1.216431 0.258366
v -0.200928 -1.281592 0.271594
v 0.509062 -1.273210 0.264880
v 0.508196 -1.210086 0.252066
v 0.442866 -1.212367 0.252991
v 0.498411 -0.497156 0.107350
v -0.209380 -0.597931 0.231393
v -0.175684 -0.723632 0.275677
v -0.137047 -0.828040 0.312402
v -0.095118 -0.918255 0.344091
v -0.051541 -1.001372 0.373260
v -0.054598 -1.073892 0.398927
v -0.085086 -1.075492 0.399654
v -0.116448 -1.086937 0.403868
v -0.129009 -1.107633 0.411253
v -0.134807 -1.138340 0.422147
v -0.133276 -1.166574 0.432124
v -0.200742 -1.168066 0.433008
v -0.199793 -1.230751 0.455176
v 0.510198 -1.222369 0.448462
v 0.509278 -1.161644 0.426987
v 0.443950 -1.163867 0.428119
v 0.498888 -0.475803 0.184456
v -0.208995 -0.559349 0.320216
v -0.175225 -0.677616 0.381613
v -0.136527 -0.775842 0.432571
v -0.094544 -0.860710 0.476571
v -0.050918 -0.938896 0.517089
v -0.053933 -1.007144 0.552594
v -0.084420 -1.008670 0.553490
v -0.115776 -1.019462 0.559206
v -0.128325 -1.038947 0.569381
v -0.134105 -1.067848 0.584431
v -0.132557 -1.094417 0.598244
v -0.200023 -1.095868 0.599222
v -0.199037 -1.154856 0.629899
v 0.510954 -1.146474 0.623186
v 0.509998 -1.089330 0.593468
v 0.444671 -1.091467 0.594797
v 0.499205 -0.443927 0.257838
v -0.208811 -0.508781 0.402808
v -0.175006 -0.617305 0.480116
v -0.136278 -0.707430 0.544308
v -0.094270 -0.785288 0.599753
v -0.050621 -0.857013 0.650826
v -0.053615 -0.919660 0.695479
v -0.084102 -0.921091 0.696530
v -0.115455 -0.931027 0.703644
v -0.127997 -0.948925 0.716413
v -0.133769 -0.975458 0.735330
v -0.132213 -0.999844 0.752708
v -0.199679 -1.001241 0.753773
v -0.198675 -1.055386 0.792360
v 0.511316 -1.047004 0.785647
v 0.510343 -0.994552 0.748267
v 0.445016 -0.996577 0.749777
v 0.499357 -0.402150 0.326073
v -0.208831 -0.447212 0.477558
v -0.175030 -0.543873 0.569269
v -0.136305 -0.624133 0.645437
v -0.094300 -0.693458 0.711244
v -0.050653 -0.757316 0.771868
v -0.053649 -0.813144 0.824799
v -0.084136 -0.814458 0.825992
v -0.115490 -0.823352 0.834371
v -0.128033 -0.839317 0.849487
v -0.133805 -0.862968 0.871902
v -0.132250 -0.884696 0.892507
v -0.199716 -0.886028 0.893652
v -0.198714 -0.934274 0.939401
v 0.511276 -0.925893 0.932688
v 0.510306 -0.879154 0.888369
v 0.444979 -0.881043 0.890046
v 0.499341 -0.351283 0.387829
v -0.209055 -0.375840 0.543014
v -0.175297 -0.458751 0.647336
v -0.136608 -0.527574 0.733992
v -0.094633 -0.587008 0.808870
v -0.051015 -0.641745 0.877859
v -0.054036 -0.689669 0.938038
v -0.084524 -0.690848 0.939355
v -0.115881 -0.698534 0.948842
v -0.128431 -0.712258 0.966012
v -0.134214 -0.732569 0.991493
v -0.132669 -0.751215 1.014923
v -0.200135 -0.752471 1.016137
v -0.199154 -0.793881 1.068156
v 0.510836 -0.785499 1.061443
v 0.509886 -0.745384 1.011051
v 0.444559 -0.747114 1.012872
v 0.499156 -0.292318 0.441907
v -0.209478 -0.296055 0.597898
v -0.175801 -0.363593 0.712797
v -0.137180 -0.419633 0.808246
v -0.095264 -0.468008 0.890732
v -0.051700 -0.512550 0.966734
v -0.054768 -0.551637 1.032992
v -0.085256 -0.552665 1.034413
v -0.116620 -0.559002 1.044829
v -0.129184 -0.570221 1.063723
v -0.134987 -0.586796 1.091772
v -0.133460 -0.601999 1.117571
v -0.200926 -0.603170 1.118845
v -0.199986 -0.636936 1.176121
v 0.510004 -0.628554 1.169408
v 0.509094 -0.595843 1.113922
v 0.443765 -0.597397 1.115866
v 0.498806 -0.226401 0.487252
v -0.210092 -0.209408 0.641147
v -0.176533 -0.260252 0.764377
v -0.138011 -0.302409 0.866757
v -0.096180 -0.338775 0.955236
v -0.052694 -0.372245 1.036765
v -0.055830 -0.401737 1.107813
v -0.086320 -0.402600 1.109317
v -0.117694 -0.407471 1.120463
v -0.130277 -0.415969 1.140716
v -0.136108 -0.428488 1.170789
v -0.134608 -0.439950 1.198455
v -0.202075 -0.441030 1.199775
v -0.201194 -0.466496 1.261194
v 0.508797 -0.458114 1.254481
v 0.507943 -0.433444 1.194982
v 0.442613 -0.434805 1.197022
v 0.498299 -0.154816 0.522984
v -0.210885 -0.117588 0.671916
v -0.177479 -0.150741 0.801075
v -0.139084 -0.178186 0.908385
v -0.097363 -0.201826 1.001128
v -0.053979 -0.223563 1.086589
v -0.057202 -0.242885 1.161044
v -0.087693 -0.243575 1.162606
v -0.119081 -0.246891 1.174273
v -0.131689 -0.252507 1.195491
v -0.137557 -0.260728 1.227005
v -0.136091 -0.268226 1.256001
v -0.203559 -0.269208 1.257352
v -0.202754 -0.285878 1.321719
v 0.507237 -0.277496 1.315005
v 0.506456 -0.261347 1.252651
v 0.441125 -0.262505 1.254760
v 0.497644 -0.078956 0.548405
v -0.211842 -0.022380 0.689606
v -0.178620 -0.037189 0.822174
v -0.140378 -0.049380 0.932318
v -0.098790 -0.059824 1.027514
v -0.055528 -0.069395 1.115235
v -0.058857 -0.078173 1.191649
v -0.089350 -0.078682 1.193245
v -0.120754 -0.080388 1.205212
v -0.133392 -0.083014 1.226985
v -0.139305 -0.086778 1.259328
v -0.137881 -0.090167 1.289085
v -0.205350 -0.091047 1.290457
v -0.204636 -0.098597 1.356518
v 0.505355 -0.090215 1.349805
v 0.504663 -0.082901 1.285808
v 0.439329 -0.083848 1.287956
v 0.496854 -0.000298 0.563019
v -0.212944 0.074362 0.693875
v -0.179934 0.078192 0.827265
v -0.141869 0.081502 0.938093
v -0.100433 0.084466 1.033880
v -0.057312 0.087256 1.122146
v -0.060763 0.089193 1.199034
v -0.091258 0.088867 1.200637
v -0.122681 0.088798 1.212676
v -0.135354 0.089209 1.234583
v -0.141318 0.089975 1.267126
v -0.139941 0.090761 1.297068
v -0.207411 0.089984 1.298443
v -0.206803 0.091702 1.364914
v 0.503187 0.100083 1.358201
v 0.502598 0.098420 1.293808
v 0.437262 0.097688 1.295966
v 0.495943 0.079627 0.566546
v -0.214169 0.170754 0.684637
v -0.181396 0.193156 0.816247
v -0.143527 0.211911 0.925596
v -0.102260 0.228234 1.020102
v -0.059296 0.243342 1.107188
v -0.062883 0.255955 1.183053
v -0.093381 0.255811 1.184639
v -0.124824 0.257373 1.196521
v -0.137535 0.260811 1.218138
v -0.143557 0.266089 1.250248
v -0.142233 0.271037 1.279792
v -0.209704 0.270361 1.281157
v -0.209214 0.281313 1.346743
v 0.500777 0.289695 1.340030
v 0.500301 0.279086 1.276494
v 0.434963 0.278568 1.278632
v 0.494931 0.159264 0.558914
v -0.215494 0.264922 0.662074
v -0.182976 0.305467 0.789336
v -0.145319 0.339310 0.895070
v -0.104237 0.368685 0.986449
v -0.061442 0.395826 1.070652
v -0.065176 0.418867 1.144018
v -0.095676 0.418902 1.145561
v -0.127142 0.422058 1.157061
v -0.139894 0.428451 1.177971
v -0.145978 0.438138 1.209024
v -0.144711 0.447151 1.237593
v -0.212184 0.446576 1.238936
v -0.211820 0.466548 1.302360
v 0.498170 0.474930 1.295646
v 0.497818 0.455582 1.234205
v 0.432476 0.455273 1.236291
v 0.493836 0.237062 0.540272
v -0.216893 0.355031 0.626624
v -0.184645 0.412938 0.747057
v -0.147212 0.461219 0.847109
v -0.106323 0.503083 0.933575
v -0.063707 0.541738 1.013248
v -0.067596 0.574759 1.082688
v -0.098099 0.574965 1.084163
v -0.129588 0.579645 1.095064
v -0.142385 0.588868 1.114861
v -0.148534 0.602773 1.144255
v -0.147327 0.615675 1.171294
v -0.214802 0.615196 1.172598
v -0.214572 0.643800 1.232626
v 0.495418 0.652182 1.225913
v 0.495196 0.624472 1.167761
v 0.429851 0.624363 1.169770
v 0.492680 0.311509 0.510985
v -0.218339 0.439329 0.578978
v -0.186369 0.513476 0.690229
v -0.149168 0.575264 0.782648
v -0.108480 0.628812 0.862511
v -0.066048 0.678239 0.936096
v -0.070097 0.720596 1.000258
v -0.100603 0.720961 1.001644
v -0.132117 0.727068 1.011738
v -0.144958 0.738938 1.030038
v -0.151176 0.756789 1.057203
v -0.150031 0.773330 1.082184
v -0.217507 0.772940 1.083437
v -0.217416 0.809620 1.138902
v 0.492575 0.818002 1.132189
v 0.492486 0.782469 1.078458
v 0.427138 0.782547 1.080360
v 0.491486 0.381153 0.471620
v -0.219803 0.516174 0.520061
v -0.188116 0.605127 0.619963
v -0.151149 0.679227 0.702941
v -0.110664 0.743425 0.774637
v -0.068419 0.802672 0.840694
v -0.072630 0.853540 0.898331
v -0.103139 0.854051 0.899605
v -0.134677 0.861458 0.908704
v -0.147565 0.875740 0.925154
v -0.153851 0.897189 0.949559
v -0.152770 0.917047 0.971998
v -0.220248 0.916739 0.973190
v -0.220296 0.960780 1.023009
v 0.489694 0.969162 1.016296
v 0.489742 0.926498 0.968033
v 0.424390 0.926746 0.969805
v 0.424858 0.504661 0.492333
v 0.490276 0.444640 0.422945
v -0.221257 0.584070 0.451023
v -0.189850 0.686105 0.537622
v -0.153117 0.771085 0.609539
v -0.112833 0.844693 0.671667
v -0.070774 0.912616 0.728901
v -0.075147 0.971003 0.778893
v -0.105657 0.971642 0.780036
v -0.137221 0.980198 0.787965
v -0.150154 0.996612 0.802248
v -0.156508 1.021239 0.823422
v -0.155490 1.044029 0.842881
v -0.222969 1.043793 0.843998
v -0.223157 1.094338 0.887205
v 0.486833 1.102720 0.880491
v 0.487016 1.053755 0.838636
v 0.421661 1.054154 0.840255
v 0.423465 0.569733 0.426166
v 0.489075 0.500734 0.365908
v -0.222674 0.641697 0.373205
v -0.191539 0.754835 0.444811
v -0.155033 0.849047 0.504260
v -0.114945 0.930642 0.555604
v -0.073067 1.005929 0.602893
v -0.077597 1.070698 0.644267
v -0.108110 1.071447 0.645262
v -0.139698 1.080978 0.651876
v -0.152676 1.099201 0.663715
v -0.159096 1.126526 0.681246
v -0.158139 1.151803 0.697346
v -0.225619 1.151628 0.698380
v -0.225943 1.207694 0.734132
v 0.484048 1.216076 0.727419
v 0.484361 1.161763 0.692785
v 0.419004 1.162290 0.694231
v 0.422107 0.624963 0.351586
v 0.487905 0.548344 0.301618
v -0.224024 0.687932 0.288123
v -0.193150 0.809978 0.343338
v -0.156859 0.911599 0.389154
v -0.116959 0.999602 0.428705
v -0.075254 1.080796 0.465124
v -0.079933 1.150687 0.497073
v -0.110449 1.151523 0.497907
v -0.142059 1.161836 0.503081
v -0.155079 1.181511 0.512250
v -0.161563 1.211000 0.525797
v -0.160664 1.238273 0.538224
v -0.228146 1.238147 0.539168
v -0.228599 1.298642 0.566771
v 0.481391 1.307024 0.560057
v 0.481830 1.248421 0.533318
v 0.416470 1.249050 0.534576
v 0.420813 0.669275 0.270044
v 0.486789 0.586542 0.231325
v -0.225282 0.721876 0.197434
v -0.194650 0.850462 0.235174
v -0.158562 0.957521 0.266459
v -0.118836 1.050229 0.293441
v -0.077292 1.135761 0.318272
v -0.082110 1.209410 0.340177
v -0.112628 1.210311 0.340841
v -0.144260 1.221198 0.344479
v -0.157319 1.241939 0.350799
v -0.163862 1.273017 0.360102
v -0.163017 1.301756 0.368614
v -0.230501 1.301666 0.369463
v -0.231074 1.365412 0.388376
v 0.478916 1.373794 0.381663
v 0.479472 1.312041 0.363340
v 0.414109 1.312746 0.364396
v 0.419607 0.701807 0.183126
v 0.485749 0.614586 0.156401
v -0.226424 0.742867 0.102902
v -0.196012 0.875498 0.122429
v -0.160107 0.985920 0.138567
v -0.120539 1.081537 0.152448
v -0.079140 1.169752 0.165196
v -0.084085 1.245726 0.176633
v -0.114605 1.246667 0.177117
v -0.146256 1.257909 0.179156
v -0.159352 1.279309 0.182509
v -0.165948 1.311370 0.187387
v -0.165153 1.341014 0.191818
v -0.232637 1.340947 0.192565
v -0.233320 1.406704 0.202423
v 0.476671 1.415086 0.195710
v 0.477332 1.351385 0.186159
v 0.411966 1.352136 0.187006
v 0.418513 0.721925 0.092525
v 0.484806 0.631928 0.078300
v -0.226415 -1.180537 -0.011162
v -0.226304 -1.183817 -0.003441
v -0.226182 -1.191597 -0.000301
v -0.226122 -1.199318 -0.003583
v -0.226158 -1.202457 -0.011364
v -0.226270 -1.199177 -0.019083
v -0.226392 -1.191398 -0.022223
v -0.226452 -1.183677 -0.018941
v -0.207089 -1.183365 -0.011373
v -0.207971 -1.186500 -0.003640
v -0.210248 -1.193928 -0.000475
v -0.212588 -1.201298 -0.003730
v -0.213618 -1.204292 -0.011500
v -0.212736 -1.201158 -0.019231
v -0.210458 -1.193729 -0.022396
v -0.208119 -1.186359 -0.019141
v -0.189582 -1.192026 -0.011619
v -0.191364 -1.194716 -0.003874
v -0.195816 -1.201069 -0.000677
v -0.200328 -1.207364 -0.003903
v -0.202259 -1.209913 -0.011660
v -0.200476 -1.207223 -0.019403
v -0.196025 -1.200870 -0.022599
v -0.191512 -1.194575 -0.019374
v -0.175609 -1.205674 -0.011876
v -0.178110 -1.207662 -0.004118
v -0.184296 -1.212320 -0.000890
v -0.190543 -1.216921 -0.004083
v -0.193192 -1.218768 -0.011827
v -0.190692 -1.216780 -0.019583
v -0.184506 -1.212122 -0.022811
v -0.178258 -1.207521 -0.019618
v -0.169506 -1.224070 -0.004349
v -0.176818 -1.226582 -0.001091
v -0.184191 -1.229034 -0.004253
v -0.187306 -1.229992 -0.011985
v -0.184339 -1.228894 -0.019754
v -0.177027 -1.226383 -0.023012
v -0.166393 -1.242336 -0.004544
v -0.174112 -1.242456 -0.001260
v -0.181893 -1.242519 -0.004398
v -0.185177 -1.242486 -0.012119
v -0.174322 -1.242257 -0.023182
v -0.288386 -1.181269 -0.010576
v -0.288152 -1.192328 0.000285
v -0.288092 -1.200049 -0.002997
v -0.288129 -1.203189 -0.010778
v -0.288240 -1.199909 -0.018497
v -0.288362 -1.192129 -0.021637
v -0.288422 -1.184408 -0.018355
v -0.288105 -1.192447 0.005094
v -0.288243 -1.183119 0.002157
v -0.288386 -1.177298 -0.005703
v -0.288480 -1.177209 -0.015482
v -0.288488 -1.182886 -0.023447
v -0.288408 -1.192160 -0.026555
v -0.288270 -1.201488 -0.023618
v -0.288127 -1.207309 -0.015758
v -0.288033 -1.207398 -0.005979
v -0.288025 -1.201721 0.001986
v -0.313454 -1.192717 0.002170
v -0.313564 -1.185254 -0.000181
v -0.313679 -1.180598 -0.006468
v -0.313754 -1.180527 -0.014293
v -0.313760 -1.185068 -0.020665
v -0.313696 -1.192488 -0.023149
v -0.313586 -1.199950 -0.020802
v -0.313471 -1.204607 -0.014514
v -0.313397 -1.204678 -0.006689
v -0.313390 -1.200136 -0.000317
v -0.313575 -1.192603 -0.010490
v -0.392266 0.375684 0.004673
v -0.351474 0.511611 0.005383
v -0.293131 0.646501 0.006049
v -0.226011 0.780766 0.006625
v -0.392896 0.366962 -0.072838
v -0.352365 0.499312 -0.104213
v -0.294283 0.630594 -0.135696
v -0.227423 0.761271 -0.167094
v -0.393263 0.340342 -0.144908
v -0.352893 0.461143 -0.207686
v -0.294966 0.581228 -0.269520
v -0.228260 0.700770 -0.331105
v -0.393358 0.297524 -0.208444
v -0.353027 0.399322 -0.299018
v -0.295139 0.501274 -0.387644
v -0.228472 0.602780 -0.475874
v -0.393172 0.239588 -0.261068
v -0.352759 0.317443 -0.372905
v -0.294792 0.395376 -0.483204
v -0.228047 0.472994 -0.592990
v -0.392712 0.170992 -0.298054
v -0.352105 0.220263 -0.425050
v -0.293946 0.269691 -0.550645
v -0.227010 0.318957 -0.675645
v -0.392020 0.097130 -0.317195
v -0.351102 0.113431 -0.452424
v -0.292650 0.131521 -0.586050
v -0.225421 0.149620 -0.719037
v -0.391121 0.019999 -0.318331
v -0.349810 0.003155 -0.453437
v -0.290978 -0.011103 -0.587360
v -0.223373 -0.025176 -0.720642
v -0.390058 -0.055995 -0.300805
v -0.348303 -0.104156 -0.428030
v -0.289029 -0.149892 -0.554499
v -0.220984 -0.195273 -0.680368
v -0.388926 -0.124236 -0.266306
v -0.346668 -0.202265 -0.377678
v -0.286915 -0.276781 -0.489377
v -0.218393 -0.350784 -0.600555
v -0.387746 -0.183503 -0.215537
v -0.345002 -0.285471 -0.305307
v -0.284760 -0.384394 -0.395777
v -0.215752 -0.482672 -0.485843
v -0.386579 -0.229934 -0.150041
v -0.343400 -0.348938 -0.215125
v -0.282688 -0.466478 -0.279142
v -0.213212 -0.583273 -0.342897
v -0.385564 -0.257997 -0.077806
v -0.341956 -0.388978 -0.112371
v -0.280820 -0.518263 -0.146247
v -0.210923 -0.646739 -0.180025
v -0.384723 -0.267927 -0.001238
v -0.340753 -0.403263 -0.003019
v -0.279264 -0.536739 -0.004818
v -0.209017 -0.669382 -0.006693
v -0.384108 -0.259730 0.074004
v -0.339862 -0.390964 0.106577
v -0.278112 -0.520832 0.136928
v -0.207604 -0.649887 0.167026
v -0.383729 -0.232991 0.147545
v -0.339334 -0.352795 0.210049
v -0.277429 -0.471467 0.270751
v -0.206768 -0.589386 0.331036
v -0.383631 -0.189372 0.212338
v -0.339200 -0.290975 0.301382
v -0.277256 -0.391512 0.388875
v -0.206556 -0.491396 0.475806
v -0.383826 -0.130151 0.265683
v -0.339468 -0.209096 0.375268
v -0.277603 -0.285614 0.484435
v -0.206980 -0.361611 0.592922
v -0.384292 -0.061368 0.302208
v -0.340122 -0.111916 0.427415
v -0.278449 -0.159928 0.551876
v -0.208017 -0.207573 0.675577
v -0.385006 0.014186 0.321088
v -0.341125 -0.005084 0.454788
v -0.279746 -0.021759 0.587282
v -0.209606 -0.038236 0.718969
v -0.385903 0.090511 0.321469
v -0.342417 0.105192 0.455801
v -0.281417 0.120865 0.588591
v -0.211654 0.136560 0.720574
v -0.386966 0.166052 0.303398
v -0.343924 0.212503 0.430394
v -0.283366 0.259654 0.555729
v -0.214043 0.306657 0.680300
v -0.388150 0.236780 0.266486
v -0.345558 0.310612 0.380041
v -0.285480 0.386543 0.490608
v -0.216634 0.462168 0.600487
v -0.389299 0.293800 0.216174
v -0.347225 0.393818 0.307671
v -0.287636 0.494156 0.397009
v -0.219276 0.594056 0.485775
v -0.390401 0.337376 0.154061
v -0.348827 0.457285 0.217489
v -0.289708 0.576240 0.280373
v -0.221815 0.694656 0.342829
v -0.391427 0.365804 0.081044
v -0.350272 0.497325 0.114735
v -0.291575 0.628025 0.147478
v -0.224105 0.758123 0.179957
v -0.348404 0.109022 0.002527
v -0.351542 0.299296 -0.091742
v -0.351421 0.307200 -0.069097
v -0.351265 0.312835 -0.045525
v -0.351074 0.316156 -0.021155
v -0.350848 0.317119 0.003879
v -0.350602 0.315771 0.028231
v -0.350336 0.312201 0.051918
v -0.350052 0.306456 0.074819
v -0.349751 0.298579 0.096816
v -0.389128 0.108541 0.002912
v -0.392266 0.298815 -0.091357
v -0.392145 0.306719 -0.068712
v -0.391989 0.312354 -0.045140
v -0.391798 0.315675 -0.020770
v -0.391572 0.316639 0.004264
v -0.391326 0.315290 0.028616
v -0.391060 0.311720 0.052303
v -0.390776 0.305975 0.075204
v -0.390475 0.298098 0.097201
v -0.351479 0.187522 -0.224656
v -0.351658 0.222220 -0.200170
v -0.351732 0.252356 -0.170409
v -0.351701 0.277297 -0.136035
v -0.348262 0.067032 -0.034836
v -0.347558 0.066365 0.038753
v -0.349061 0.275843 0.141339
v -0.348474 0.252043 0.173723
v -0.347872 0.223615 0.201965
v -0.347265 0.191108 0.225527
v -0.346666 0.155072 0.243878
v -0.345054 -0.094156 0.103191
v -0.347221 0.037266 0.038079
v -0.347899 0.037909 -0.032844
v -0.346968 -0.093271 -0.098095
v -0.351199 0.148896 -0.243215
v -0.392203 0.187041 -0.224272
v -0.392381 0.221739 -0.199785
v -0.392456 0.251876 -0.170024
v -0.392425 0.276817 -0.135650
v -0.388986 0.066552 -0.034451
v -0.388282 0.065884 0.039138
v -0.389785 0.275362 0.141724
v -0.389198 0.251562 0.174108
v -0.388595 0.223134 0.202350
v -0.387989 0.190627 0.225912
v -0.387390 0.154591 0.244263
v -0.385778 -0.094636 0.103576
v -0.387945 0.036785 0.038464
v -0.388623 0.037428 -0.032459
v -0.387692 -0.093752 -0.097710
v -0.391923 0.148415 -0.242830
v -0.345671 0.085316 0.262032
v -0.345565 0.077144 0.262989
v -0.345462 0.068893 0.263628
v -0.345360 0.060571 0.263969
v -0.345261 0.052183 0.264029
v -0.344928 0.022402 0.262077
v -0.344637 -0.006374 0.256902
v -0.344389 -0.033963 0.248688
v -0.344184 -0.060179 0.237613
v -0.343944 -0.099513 0.213894
v -0.343822 -0.133908 0.183851
v -0.343820 -0.162566 0.148276
v -0.343940 -0.184688 0.107962
v -0.386395 0.084835 0.262417
v -0.386289 0.076663 0.263374
v -0.386186 0.068413 0.264013
v -0.386084 0.060090 0.264355
v -0.385985 0.051702 0.264414
v -0.385652 0.021922 0.262462
v -0.385361 -0.006855 0.257287
v -0.385113 -0.034444 0.249073
v -0.384908 -0.060660 0.237998
v -0.384668 -0.099994 0.214279
v -0.384546 -0.134389 0.184236
v -0.384544 -0.163047 0.148661
v -0.384664 -0.185169 0.108347
v -0.344023 -0.192136 0.089900
v -0.344144 -0.199169 0.068282
v -0.344297 -0.204185 0.045863
v -0.344481 -0.207140 0.022752
v -0.344695 -0.207990 -0.000944
v -0.344923 -0.206813 -0.023589
v -0.345168 -0.203735 -0.045673
v -0.345429 -0.198806 -0.067112
v -0.345704 -0.192081 -0.087813
v -0.347017 -0.009090 0.001801
v -0.384747 -0.192616 0.090285
v -0.384868 -0.199650 0.068667
v -0.385021 -0.204666 0.046248
v -0.385205 -0.207621 0.023137
v -0.385419 -0.208470 -0.000559
v -0.385647 -0.207294 -0.023204
v -0.385892 -0.204215 -0.045290
v -0.386153 -0.199287 -0.066727
v -0.386428 -0.192562 -0.087428
v -0.387741 -0.009571 0.002186
v -0.345956 -0.184573 -0.105121
v -0.346475 -0.167148 -0.138197
v -0.347016 -0.145319 -0.168224
v -0.347572 -0.119521 -0.194787
v -0.348133 -0.090189 -0.217470
v -0.348700 -0.057088 -0.236175
v -0.349254 -0.021224 -0.249975
v -0.349785 0.016941 -0.258428
v -0.350282 0.056947 -0.261094
v -0.350372 0.064668 -0.260909
v -0.350458 0.072330 -0.260492
v -0.350542 0.079929 -0.259830
v -0.350622 0.087461 -0.258917
v -0.386680 -0.185054 -0.104736
v -0.387199 -0.167628 -0.137814
v -0.387740 -0.145799 -0.167841
v -0.388296 -0.120001 -0.194402
v -0.388857 -0.090669 -0.217085
v -0.389424 -0.057568 -0.235791
v -0.389978 -0.021704 -0.249590
v -0.390509 0.016461 -0.258043
v -0.391006 0.056466 -0.260709
v -0.391096 0.064187 -0.260524
v -0.391182 0.071849 -0.260107
v -0.391266 0.079448 -0.259444
v -0.391346 0.086980 -0.258532
vn -0.0110 0.1343 -0.9909
vn -0.0132 0.3765 -0.9263
vn -0.0146 0.5951 -0.8036
vn -0.0151 0.7762 -0.6303
vn -0.0147 0.9086 -0.4174
vn -0.0133 0.9839 -0.1783
vn -0.0111 0.9973 0.0719
vn -0.0082 0.9481 0.3177
vn -0.0048 0.8394 0.5435
vn -0.0011 0.6779 0.7352
vn 0.0027 0.4737 0.8807
vn 0.0063 0.2399 0.9708
vn 0.0096 -0.0091 0.9999
vn 0.0122 -0.2574 0.9662
vn 0.0140 -0.4896 0.8718
vn 0.0150 -0.6911 0.7226
vn 0.0150 -0.8491 0.5280
vn 0.0141 -0.9538 0.3003
vn 0.0123 -0.9985 0.0536
vn 0.0097 -0.9805 -0.1964
vn 0.0065 -0.9009 -0.4341
vn 0.0029 -0.7646 -0.6444
vn -0.0008 -0.5804 -0.8143
vn -0.0046 -0.3596 -0.9331
vn -0.0080 -0.1163 -0.9932
vn -0.9999 -0.0118 0.0095
vn 0.9999 0.0118 -0.0095
vn -0.9998 0.0160 0.0070
vn -0.9950 -0.0998 0.0107
vn -0.9999 0.0154 0.0032
vn -0.9948 -0.0987 0.0229
vn -0.9403 0.3403 0.0073
vn -0.9407 0.3367 -0.0416
vn -0.7041 0.7101 0.0094
vn -0.7049 0.7035 -0.0906
vn -0.3498 0.9368 0.0103
vn -0.3510 0.9286 -0.1207
vn -0.0171 0.9998 0.0092
vn -0.0183 0.9913 -0.1300
vn 0.3010 0.9536 0.0071
vn 0.2998 0.9458 -0.1252
vn 0.6410 0.7675 0.0041
vn 0.6401 0.7615 -0.1018
vn 0.9007 0.4344 -0.0001
vn 0.9002 0.4314 -0.0591
vn 0.9937 0.1119 -0.0056
vn 0.9936 0.1115 -0.0196
vn 0.9999 -0.0105 -0.0102
vn 0.9999 -0.0103 -0.0069
vn -0.9999 0.0142 -0.0006
vn -0.9948 -0.0960 0.0349
vn -0.9410 0.3263 -0.0895
vn -0.7056 0.6830 -0.1887
vn -0.3518 0.9023 -0.2493
vn -0.0193 0.9636 -0.2667
vn 0.2988 0.9196 -0.2552
vn 0.6393 0.7409 -0.2058
vn 0.8998 0.4203 -0.1172
vn 0.9935 0.1091 -0.0334
vn 0.9999 -0.0098 -0.0042
vn -0.9999 0.0126 -0.0041
vn -0.9947 -0.0917 0.0463
vn -0.9413 0.3093 -0.1355
vn -0.7061 0.6491 -0.2830
vn -0.3525 0.8583 -0.3730
vn -0.0200 0.9171 -0.3983
vn 0.2982 0.8755 -0.3802
vn 0.6388 0.7059 -0.3059
vn 0.8995 0.4012 -0.1731
vn 0.9934 0.1048 -0.0467
vn 1.0000 -0.0088 -0.0010
vn -0.9999 0.0105 -0.0074
vn -0.9947 -0.0857 0.0571
vn -0.9414 0.2861 -0.1786
vn -0.7064 0.6024 -0.3716
vn -0.3529 0.7975 -0.4893
vn -0.0204 0.8527 -0.5220
vn 0.2978 0.8145 -0.4978
vn 0.6385 0.6574 -0.4002
vn 0.8993 0.3745 -0.2259
vn 0.9933 0.0987 -0.0593
vn 1.0000 -0.0072 0.0022
vn -0.9999 0.0079 -0.0103
vn -0.9947 -0.0784 0.0669
vn -0.9414 0.2571 -0.2182
vn -0.7065 0.5438 -0.4529
vn -0.3530 0.7211 -0.5961
vn -0.0205 0.7717 -0.6356
vn 0.2977 0.7378 -0.6059
vn 0.6384 0.5963 -0.4867
vn 0.8992 0.3407 -0.2744
vn 0.9933 0.0909 -0.0709
vn 1.0000 -0.0056 0.0044
vn -0.9999 0.0050 -0.0129
vn -0.9947 -0.0697 0.0757
vn -0.9414 0.2229 -0.2533
vn -0.7063 0.4745 -0.5253
vn -0.3528 0.6307 -0.6912
vn -0.0203 0.6757 -0.7369
vn 0.2978 0.6467 -0.7022
vn 0.6385 0.5236 -0.5640
vn 0.8993 0.3005 -0.3177
vn 0.9933 0.0816 -0.0813
vn 1.0000 -0.0035 0.0067
vn -0.9999 0.0017 -0.0150
vn -0.9947 -0.0600 0.0831
vn -0.9412 0.1841 -0.2833
vn -0.7060 0.3958 -0.5873
vn -0.3524 0.5278 -0.7728
vn -0.0199 0.5666 -0.8238
vn 0.2983 0.5431 -0.7849
vn 0.6389 0.4410 -0.6304
vn 0.8995 0.2546 -0.3551
vn 0.9934 0.0709 -0.0904
vn 1.0000 -0.0011 0.0087
vn -0.9999 -0.0018 -0.0166
vn -0.9948 -0.0492 0.0891
vn -0.9409 0.1416 -0.3076
vn -0.7055 0.3092 -0.6378
vn -0.3517 0.4147 -0.8393
vn -0.0191 0.4464 -0.8946
vn 0.2989 0.4290 -0.8524
vn 0.6394 0.3499 -0.6846
vn 0.8998 0.2040 -0.3856
vn 0.9935 0.0590 -0.0978
vn 0.9999 0.0016 0.0103
vn -0.9998 -0.0055 -0.0178
vn -0.9949 -0.0378 0.0935
vn -0.9406 0.0960 -0.3258
vn -0.7047 0.2164 -0.6757
vn -0.3508 0.2933 -0.8893
vn -0.0181 0.3175 -0.9481
vn 0.2999 0.3067 -0.9033
vn 0.6402 0.2521 -0.7257
vn 0.9002 0.1497 -0.4089
vn 0.9936 0.0463 -0.1035
vn 0.9999 0.0047 0.0116
vn -0.9998 -0.0094 -0.0184
vn -0.9950 -0.0258 0.0963
vn -0.9401 0.0484 -0.3374
vn -0.7038 0.1193 -0.7003
vn -0.3496 0.1662 -0.9220
vn -0.0168 0.1825 -0.9831
vn 0.3011 0.1784 -0.9367
vn 0.6411 0.1496 -0.7527
vn 0.9008 0.0926 -0.4243
vn 0.9937 0.0328 -0.1074
vn 0.9999 0.0074 0.0124
vn -0.9997 -0.0133 -0.0184
vn -0.9951 -0.0136 0.0974
vn -0.9396 -0.0004 -0.3424
vn -0.7027 0.0196 -0.7112
vn -0.3482 0.0358 -0.9367
vn -0.0153 0.0439 -0.9989
vn 0.3026 0.0468 -0.9520
vn 0.6423 0.0443 -0.7652
vn 0.9014 0.0339 -0.4317
vn 0.9938 0.0190 -0.1094
vn 0.9999 0.0102 0.0128
vn -0.9997 -0.0171 -0.0180
vn -0.9953 -0.0014 0.0968
vn -0.9390 -0.0494 -0.3404
vn -0.7015 -0.0805 -0.7081
vn -0.3466 -0.0954 -0.9331
vn -0.0137 -0.0956 -0.9953
vn 0.3041 -0.0857 -0.9488
vn 0.6435 -0.0617 -0.7629
vn 0.9021 -0.0252 -0.4308
vn 0.9940 0.0050 -0.1094
vn 0.9998 0.0136 0.0127
vn -0.9996 -0.0209 -0.0169
vn -0.9955 0.0108 0.0945
vn -0.9383 -0.0976 -0.3317
vn -0.7002 -0.1793 -0.6911
vn -0.3449 -0.2248 -0.9113
vn -0.0118 -0.2332 -0.9724
vn 0.3059 -0.2165 -0.9271
vn 0.6449 -0.1663 -0.7459
vn 0.9029 -0.0836 -0.4217
vn 0.9942 -0.0088 -0.1075
vn 0.9998 0.0165 0.0123
vn -0.9996 -0.0245 -0.0154
vn -0.9956 0.0223 0.0906
vn -0.9376 -0.1441 -0.3163
vn -0.6988 -0.2747 -0.6605
vn -0.3430 -0.3500 -0.8717
vn -0.0099 -0.3662 -0.9305
vn 0.3077 -0.3430 -0.8875
vn 0.6465 -0.2676 -0.7145
vn 0.9037 -0.1402 -0.4046
vn 0.9944 -0.0223 -0.1037
vn 0.9997 0.0195 0.0114
vn -0.9995 -0.0278 -0.0134
vn -0.9958 0.0333 0.0851
vn -0.9369 -0.1881 -0.2947
vn -0.6973 -0.3649 -0.6169
vn -0.3411 -0.4683 -0.8151
vn -0.0078 -0.4921 -0.8705
vn 0.3097 -0.4627 -0.8307
vn 0.6480 -0.3635 -0.6693
vn 0.9046 -0.1938 -0.3797
vn 0.9946 -0.0351 -0.0981
vn 0.9997 0.0225 0.0101
vn -0.9995 -0.0309 -0.0110
vn -0.9960 0.0434 0.0780
vn -0.9362 -0.2286 -0.2671
vn -0.6958 -0.4482 -0.5612
vn -0.3391 -0.5777 -0.7425
vn -0.0057 -0.6085 -0.7935
vn 0.3117 -0.5733 -0.7577
vn 0.6496 -0.4521 -0.6112
vn 0.9055 -0.2435 -0.3477
vn 0.9948 -0.0470 -0.0907
vn 0.9997 0.0251 0.0084
vn -0.9994 -0.0335 -0.0081
vn -0.9962 0.0524 0.0697
vn -0.9354 -0.2649 -0.2341
vn -0.6943 -0.5230 -0.4945
vn -0.3371 -0.6759 -0.6554
vn -0.0036 -0.7130 -0.7011
vn 0.3137 -0.6727 -0.6701
vn 0.6512 -0.5319 -0.5413
vn 0.9063 -0.2882 -0.3090
vn 0.9950 -0.0577 -0.0817
vn 0.9996 0.0274 0.0064
vn -0.9993 -0.0358 -0.0049
vn -0.9964 0.0601 0.0602
vn -0.9347 -0.2962 -0.1964
vn -0.6928 -0.5877 -0.4180
vn -0.3352 -0.7610 -0.5555
vn -0.0015 -0.8036 -0.5951
vn 0.3157 -0.7590 -0.5694
vn 0.6528 -0.6011 -0.4610
vn 0.9072 -0.3271 -0.2645
vn 0.9952 -0.0671 -0.0713
vn 0.9996 0.0294 0.0042
vn -0.9993 -0.0375 -0.0014
vn -0.9965 0.0666 0.0496
vn -0.9340 -0.3220 -0.1547
vn -0.6914 -0.6411 -0.3332
vn -0.3332 -0.8314 -0.4447
vn 0.0005 -0.8786 -0.4775
vn 0.3175 -0.8304 -0.4578
vn 0.6543 -0.6585 -0.3719
vn 0.9081 -0.3594 -0.2150
vn 0.9954 -0.0749 -0.0598
vn 0.9995 0.0314 0.0012
vn -0.9992 -0.0388 0.0022
vn -0.9967 0.0714 0.0384
vn -0.9333 -0.3418 -0.1099
vn -0.6900 -0.6822 -0.2418
vn -0.3315 -0.8856 -0.3252
vn 0.0024 -0.9365 -0.3506
vn 0.3194 -0.8856 -0.3373
vn 0.6557 -0.7029 -0.2756
vn 0.9089 -0.3845 -0.1615
vn 0.9956 -0.0811 -0.0472
vn 0.9995 0.0326 -0.0016
vn -0.9992 -0.0395 0.0061
vn -0.9969 0.0746 0.0265
vn -0.9327 -0.3551 -0.0627
vn -0.6888 -0.7102 -0.1456
vn -0.3299 -0.9227 -0.1993
vn 0.0041 -0.9762 -0.2168
vn 0.3210 -0.9234 -0.2103
vn 0.6571 -0.7334 -0.1741
vn 0.9096 -0.4020 -0.1050
vn 0.9958 -0.0855 -0.0339
vn 0.9994 0.0334 -0.0042
vn -0.9992 -0.0397 0.0100
vn -0.9970 0.0761 0.0143
vn -0.9322 -0.3617 -0.0141
vn -0.6877 -0.7246 -0.0464
vn -0.3284 -0.9420 -0.0695
vn 0.0056 -0.9969 -0.0789
vn 0.3225 -0.9432 -0.0792
vn 0.6583 -0.7496 -0.0693
vn 0.9103 -0.4114 -0.0466
vn 0.9959 -0.0879 -0.0202
vn 0.9994 0.0339 -0.0071
vn -0.9991 -0.0394 0.0138
vn -0.9971 0.0760 0.0020
vn -0.9317 -0.3614 0.0349
vn -0.6867 -0.7249 0.0538
vn -0.3272 -0.9429 0.0618
vn 0.0070 -0.9981 0.0606
vn 0.3238 -0.9446 0.0533
vn 0.6592 -0.7510 0.0367
vn 0.9109 -0.4125 0.0125
vn 0.9961 -0.0885 -0.0062
vn 0.9994 0.0340 -0.0105
vn -0.9991 -0.0385 0.0176
vn -0.9972 0.0741 -0.0101
vn -0.9314 -0.3544 0.0834
vn -0.6859 -0.7114 0.1531
vn -0.3261 -0.9256 0.1919
vn 0.0081 -0.9800 0.1990
vn 0.3247 -0.9276 0.1848
vn 0.6601 -0.7377 0.1418
vn 0.9113 -0.4055 0.0713
vn 0.9962 -0.0870 0.0077
vn 0.9993 0.0337 -0.0136
vn -0.9991 -0.0371 0.0213
vn -0.9973 0.0705 -0.0218
vn -0.9311 -0.3407 0.1305
vn -0.6853 -0.6841 0.2496
vn -0.3254 -0.8904 0.3183
vn 0.0089 -0.9427 0.3334
vn 0.3256 -0.8924 0.3125
vn 0.6607 -0.7098 0.2442
vn 0.9117 -0.3903 0.1284
vn 0.9963 -0.0837 0.0213
vn 0.9993 0.0329 -0.0164
vn -0.9991 -0.0352 0.0247
vn -0.9973 0.0654 -0.0330
vn -0.9309 -0.3205 0.1752
vn -0.6849 -0.6437 0.3413
vn -0.3248 -0.8379 0.4386
vn 0.0095 -0.8872 0.4614
vn 0.3261 -0.8397 0.4342
vn 0.6612 -0.6680 0.3416
vn 0.9119 -0.3674 0.1828
vn 0.9963 -0.0785 0.0343
vn 0.9993 0.0318 -0.0193
vn -0.9991 -0.0329 0.0278
vn -0.9973 0.0587 -0.0433
vn -0.9308 -0.2944 0.2166
vn -0.6848 -0.5910 0.4265
vn -0.3246 -0.7692 0.5505
vn 0.0097 -0.8143 0.5803
vn 0.3264 -0.7707 0.5473
vn 0.6614 -0.6130 0.4322
vn 0.9121 -0.3370 0.2336
vn 0.9964 -0.0715 0.0464
vn 0.9993 0.0302 -0.0220
vn -0.9991 -0.0301 0.0305
vn -0.9973 0.0508 -0.0526
vn -0.9308 -0.2627 0.2540
vn -0.6848 -0.5268 0.5035
vn -0.3246 -0.6856 0.6516
vn 0.0097 -0.7256 0.6880
vn 0.3263 -0.6865 0.6498
vn 0.6613 -0.5459 0.5144
vn 0.9120 -0.2999 0.2796
vn 0.9964 -0.0629 0.0575
vn 0.9993 0.0279 -0.0248
vn -0.9991 -0.0270 0.0329
vn -0.9973 0.0414 -0.0607
vn -0.9310 -0.2261 0.2867
vn -0.6850 -0.4526 0.5708
vn -0.3249 -0.5887 0.7402
vn 0.0094 -0.6228 0.7823
vn 0.3261 -0.5890 0.7395
vn 0.6611 -0.4681 0.5863
vn 0.9119 -0.2568 0.3201
vn 0.9963 -0.0529 0.0672
vn 0.9993 0.0259 -0.0267
vn -0.9991 -0.0236 0.0348
vn -0.9972 0.0312 -0.0674
vn -0.9312 -0.1854 0.3139
vn -0.6855 -0.3698 0.6272
vn -0.3255 -0.4804 0.8144
vn 0.0088 -0.5079 0.8614
vn 0.3255 -0.4799 0.8147
vn 0.6607 -0.3810 0.6468
vn 0.9117 -0.2085 0.3541
vn 0.9963 -0.0416 0.0755
vn 0.9993 0.0234 -0.0285
vn -0.9991 -0.0200 0.0362
vn -0.9972 0.0201 -0.0726
vn -0.9315 -0.1412 0.3352
vn -0.6861 -0.2799 0.6715
vn -0.3263 -0.3629 0.8728
vn 0.0079 -0.3830 0.9237
vn 0.3246 -0.3614 0.8741
vn 0.6600 -0.2864 0.6945
vn 0.9113 -0.1558 0.3811
vn 0.9962 -0.0293 0.0821
vn 0.9993 0.0206 -0.0299
vn -0.9992 -0.0162 0.0370
vn -0.9971 0.0083 -0.0763
vn -0.9319 -0.0945 0.3502
vn -0.6869 -0.1847 0.7029
vn -0.3274 -0.2384 0.9143
vn 0.0067 -0.2508 0.9680
vn 0.3236 -0.2358 0.9164
vn 0.6591 -0.1860 0.7287
vn 0.9108 -0.1000 0.4005
vn 0.9961 -0.0161 0.0869
vn 0.9994 0.0177 -0.0309
vn -0.9992 -0.0123 0.0374
vn -0.9969 -0.0038 -0.0783
vn -0.9324 -0.0462 0.3585
vn -0.6879 -0.0861 0.7206
vn -0.3287 -0.1093 0.9381
vn 0.0054 -0.1136 0.9935
vn 0.3223 -0.1055 0.9408
vn 0.6581 -0.0818 0.7485
vn 0.9103 -0.0420 0.4119
vn 0.9960 -0.0025 0.0898
vn 0.9994 0.0147 -0.0315
vn -0.9993 -0.0084 0.0371
vn -0.9968 -0.0160 -0.0785
vn -0.9330 0.0028 0.3600
vn -0.6891 0.0141 0.7245
vn -0.3302 0.0218 0.9437
vn 0.0038 0.0258 0.9997
vn 0.3207 0.0269 0.9468
vn 0.6569 0.0241 0.7536
vn 0.9096 0.0170 0.4152
vn 0.9958 0.0115 0.0908
vn 0.9994 0.0117 -0.0317
vn -0.9993 -0.0046 0.0364
vn -0.9966 -0.0283 -0.0771
vn -0.9336 0.0515 0.3546
vn -0.6904 0.1138 0.7145
vn -0.3319 0.1525 0.9309
vn 0.0020 0.1646 0.9864
vn 0.3190 0.1589 0.9343
vn 0.6556 0.1296 0.7439
vn 0.9088 0.0759 0.4102
vn 0.9956 0.0254 0.0899
vn 0.9995 0.0086 -0.0315
vn -0.9994 -0.0009 0.0352
vn -0.9965 -0.0402 -0.0739
vn -0.9343 0.0990 0.3425
vn -0.6917 0.2111 0.6906
vn -0.3336 0.2801 0.9001
vn 0.0001 0.3003 0.9538
vn 0.3173 0.2878 0.9036
vn 0.6541 0.2329 0.7197
vn 0.9080 0.1336 0.3970
vn 0.9954 0.0391 0.0870
vn 0.9995 0.0054 -0.0308
vn -0.9994 0.0026 0.0334
vn -0.9963 -0.0515 -0.0692
vn -0.9350 0.1444 0.3240
vn -0.6932 0.3042 0.6534
vn -0.3355 0.4021 0.8519
vn -0.0019 0.4301 0.9028
vn 0.3153 0.4112 0.8553
vn 0.6525 0.3317 0.6813
vn 0.9072 0.1889 0.3760
vn 0.9952 0.0523 0.0823
vn 0.9996 0.0025 -0.0297
vn -0.9995 0.0058 0.0311
vn -0.9961 -0.0620 -0.0629
vn -0.9357 0.1867 0.2993
vn -0.6947 0.3911 0.6037
vn -0.3375 0.5163 0.7871
vn -0.0040 0.5515 0.8341
vn 0.3134 0.5266 0.7902
vn 0.6510 0.4242 0.6295
vn 0.9063 0.2406 0.3474
vn 0.9950 0.0646 0.0758
vn 0.9996 -0.0001 -0.0283
vn -0.9996 0.0086 0.0285
vn -0.9959 -0.0716 -0.0552
vn -0.9365 0.2252 0.2689
vn -0.6962 0.4703 0.5423
vn -0.3395 0.6203 0.7071
vn -0.0061 0.6622 0.7493
vn 0.3113 0.6320 0.7097
vn 0.6494 0.5086 0.5654
vn 0.9054 0.2879 0.3120
vn 0.9948 0.0760 0.0676
vn 0.9996 -0.0025 -0.0265
vn -0.9996 0.0111 0.0255
vn -0.9957 -0.0800 -0.0462
vn -0.9372 0.2591 0.2335
vn -0.6977 0.5402 0.4705
vn -0.3415 0.7122 0.6133
vn -0.0082 0.7601 0.6498
vn 0.3093 0.7250 0.6154
vn 0.6478 0.5832 0.4901
vn 0.9045 0.3298 0.2703
vn 0.9946 0.0861 0.0579
vn 0.9997 -0.0049 -0.0242
vn -0.9997 0.0131 0.0221
vn -0.9955 -0.0871 -0.0362
vn -0.9379 0.2878 0.1937
vn -0.6992 0.5995 0.3897
vn -0.3434 0.7901 0.5078
vn -0.0103 0.8431 0.5377
vn 0.3074 0.8040 0.5090
vn 0.6463 0.6467 0.4052
vn 0.9037 0.3655 0.2232
vn 0.9944 0.0947 0.0469
vn 0.9997 -0.0068 -0.0217
vn -0.9997 0.0146 0.0185
vn -0.9954 -0.0927 -0.0252
vn -0.9386 0.3106 0.1504
vn -0.7006 0.6468 0.3014
vn -0.3452 0.8526 0.3923
vn -0.0122 0.9097 0.4151
vn 0.3056 0.8675 0.3926
vn 0.6447 0.6977 0.3122
vn 0.9028 0.3943 0.1715
vn 0.9942 0.1017 0.0348
vn 0.9998 -0.0082 -0.0191
vn -0.9998 0.0156 0.0148
vn -0.9952 -0.0967 -0.0136
vn -0.9392 0.3271 0.1042
vn -0.7019 0.6815 0.2073
vn -0.3469 0.8984 0.2693
vn -0.0140 0.9586 0.2845
vn 0.3039 0.9141 0.2685
vn 0.6434 0.7353 0.2131
vn 0.9021 0.4156 0.1164
vn 0.9940 0.1070 0.0218
vn 0.9998 -0.0094 -0.0162
vn -0.9998 0.0161 0.0109
vn -0.9951 -0.0991 -0.0016
vn -0.9398 0.3371 0.0562
vn -0.7030 0.7027 0.1094
vn -0.3485 0.9266 0.1411
vn -0.0157 0.9888 0.1483
vn 0.3023 0.9430 0.1392
vn 0.6421 0.7587 0.1097
vn 0.9014 0.4291 0.0588
vn 0.9938 0.1104 0.0083
vn 0.9999 -0.0102 -0.0131
vn -0.9649 0.2626 0.0106
vn -0.9755 0.2198 0.0060
vn -0.9652 0.2601 -0.0275
vn -0.9758 0.2171 -0.0262
vn -0.9398 0.3415 0.0112
vn -0.9402 0.3384 -0.0378
vn -0.9169 0.3989 0.0119
vn -0.9174 0.3954 -0.0451
vn -0.9074 0.4198 0.0225
vn -0.9079 0.4175 -0.0375
vn -0.9978 -0.0657 0.0077
vn -0.9978 -0.0658 0.0102
vn -0.9977 -0.0655 0.0153
vn -0.9977 -0.0651 0.0176
vn -0.1870 -0.9823 -0.0079
vn -0.0311 -0.9994 0.0145
vn -0.1859 -0.9741 0.1287
vn -0.0299 -0.9877 0.1534
vn -0.3382 -0.9407 -0.0271
vn -0.3370 -0.9358 0.1035
vn -0.9310 -0.3650 0.0018
vn -0.8548 -0.5188 0.0153
vn -0.9306 -0.3626 0.0512
vn -0.8542 -0.5128 0.0860
vn -0.9961 -0.0884 0.0061
vn -0.9960 -0.0882 0.0168
vn -0.9996 0.0250 0.0105
vn -0.9997 0.0248 0.0054
vn 0.0006 -0.9995 -0.0324
vn 0.0010 -0.9999 0.0142
vn 0.0018 -0.9943 0.1071
vn 0.0022 -0.9882 0.1532
vn -0.0115 0.9994 0.0325
vn -0.0119 0.9998 -0.0141
vn -0.0127 0.9942 -0.1069
vn -0.0131 0.9881 -0.1531
vn -0.0121 -0.9994 -0.0322
vn -0.0116 -0.9998 0.0143
vn -0.0108 -0.9942 0.1071
vn -0.0104 -0.9881 0.1533
vn 0.8078 0.5894 0.0111
vn 0.8075 0.5897 -0.0159
vn 0.8070 0.5864 -0.0697
vn 0.8068 0.5829 -0.0966
vn -0.9655 0.2524 -0.0649
vn -0.9760 0.2099 -0.0577
vn -0.9406 0.3285 -0.0860
vn -0.9178 0.3838 -0.1011
vn -0.9083 0.4069 -0.0966
vn -0.9977 -0.0641 0.0226
vn -0.9977 -0.0635 0.0250
vn -0.1849 -0.9470 0.2627
vn -0.0290 -0.9568 0.2893
vn -0.3360 -0.9128 0.2322
vn -0.9302 -0.3532 0.0997
vn -0.8537 -0.4971 0.1552
vn -0.9959 -0.0864 0.0273
vn -0.9997 0.0238 0.0003
vn 0.0028 -0.9697 0.2444
vn 0.0031 -0.9573 0.2892
vn -0.0138 0.9696 -0.2443
vn -0.0140 0.9572 -0.2892
vn -0.0098 -0.9696 0.2444
vn -0.0095 -0.9572 0.2893
vn 0.8064 0.5721 -0.1494
vn 0.8063 0.5649 -0.1754
vn -0.9656 0.2395 -0.1009
vn -0.9762 0.1985 -0.0879
vn -0.9408 0.3120 -0.1323
vn -0.9181 0.3648 -0.1550
vn -0.9087 0.3882 -0.1538
vn -0.9976 -0.0617 0.0299
vn -0.9976 -0.0608 0.0320
vn -0.1843 -0.9015 0.3916
vn -0.0284 -0.9073 0.4196
vn -0.3353 -0.8721 0.3565
vn -0.9300 -0.3373 0.1464
vn -0.8534 -0.4719 0.2215
vn -0.9958 -0.0832 0.0376
vn -0.9997 0.0223 -0.0044
vn 0.0036 -0.9262 0.3769
vn 0.0038 -0.9077 0.4196
vn -0.0145 0.9262 -0.3768
vn -0.0147 0.9076 -0.4196
vn -0.0091 -0.9262 0.3770
vn -0.0089 -0.9076 0.4197
vn 0.8060 0.5469 -0.2263
vn 0.8059 0.5362 -0.2511
vn -0.9657 0.2217 -0.1348
vn -0.9762 0.1829 -0.1161
vn -0.9410 0.2891 -0.1759
vn -0.9183 0.3383 -0.2057
vn -0.9089 0.3617 -0.2077
vn -0.9976 -0.0584 0.0366
vn -0.9976 -0.0572 0.0387
vn -0.1838 -0.8385 0.5130
vn -0.0280 -0.8401 0.5417
vn -0.3349 -0.8145 0.4738
vn -0.9298 -0.3149 0.1905
vn -0.8532 -0.4377 0.2837
vn -0.9958 -0.0786 0.0472
vn -0.9998 0.0200 -0.0091
vn 0.0040 -0.8648 0.5022
vn 0.0041 -0.8405 0.5419
vn -0.0150 0.8647 -0.5021
vn -0.0150 0.8404 -0.5418
vn -0.0086 -0.8647 0.5022
vn -0.0085 -0.8404 0.5419
vn 0.8057 0.5113 -0.2990
vn 0.8057 0.4972 -0.3220
vn -0.9658 0.1995 -0.1658
vn -0.9763 0.1636 -0.1419
vn -0.9410 0.2606 -0.2159
vn -0.9183 0.3051 -0.2522
vn -0.9089 0.3280 -0.2574
vn -0.9976 -0.0542 0.0429
vn -0.9976 -0.0527 0.0446
vn -0.1837 -0.7592 0.6244
vn -0.0279 -0.7566 0.6533
vn -0.3347 -0.7411 0.5820
vn -0.9298 -0.2867 0.2310
vn -0.8532 -0.3951 0.3406
vn -0.9958 -0.0726 0.0561
vn -0.9998 0.0171 -0.0133
vn 0.0042 -0.7865 0.6176
vn 0.0042 -0.7569 0.6536
vn -0.0151 0.7864 -0.6175
vn -0.0151 0.7568 -0.6535
vn -0.0084 -0.7864 0.6176
vn -0.0084 -0.7568 0.6535
vn 0.8057 0.4658 -0.3660
vn 0.8057 0.4487 -0.3868
vn -0.9657 0.1730 -0.1934
vn -0.9762 0.1408 -0.1648
vn -0.9409 0.2266 -0.2515
vn -0.9183 0.2657 -0.2936
vn -0.9089 0.2877 -0.3020
vn -0.9976 -0.0492 0.0483
vn -0.9976 -0.0473 0.0501
vn -0.1839 -0.6652 0.7237
vn -0.0282 -0.6583 0.7522
vn -0.3348 -0.6534 0.6790
vn -0.9298 -0.2531 0.2672
vn -0.8533 -0.3451 0.3909
vn -0.9958 -0.0655 0.0642
vn -0.9998 0.0136 -0.0171
vn 0.0041 -0.6929 0.7211
vn 0.0040 -0.6585 0.7525
vn -0.0150 0.6928 -0.7210
vn -0.0149 0.6585 -0.7525
vn -0.0085 -0.6929 0.7210
vn -0.0087 -0.6585 0.7525
vn 0.8057 0.4115 -0.4260
vn 0.8058 0.3916 -0.4442
vn -0.9656 0.1431 -0.2172
vn -0.9761 0.1151 -0.1844
vn -0.9408 0.1880 -0.2821
vn -0.9180 0.2210 -0.3292
vn -0.9087 0.2416 -0.3405
vn -0.9976 -0.0433 0.0533
vn -0.9977 -0.0413 0.0546
vn -0.1843 -0.5583 0.8089
vn -0.0287 -0.5473 0.8364
vn -0.3352 -0.5530 0.7628
vn -0.9300 -0.2148 0.2984
vn -0.8535 -0.2886 0.4338
vn -0.9958 -0.0574 0.0711
vn -0.9997 0.0096 -0.0205
vn 0.0036 -0.5858 0.8105
vn 0.0035 -0.5474 0.8369
vn -0.0146 0.5857 -0.8104
vn -0.0144 0.5473 -0.8368
vn -0.0090 -0.5858 0.8104
vn -0.0092 -0.5474 0.8368
vn 0.8060 0.3494 -0.4778
vn 0.8061 0.3271 -0.4932
vn -0.9654 0.1101 -0.2364
vn -0.9759 0.0870 -0.2001
vn -0.9405 0.1456 -0.3070
vn -0.9177 0.1717 -0.3581
vn -0.9084 0.1906 -0.3722
vn -0.9977 -0.0369 0.0572
vn -0.9977 -0.0348 0.0583
vn -0.1850 -0.4406 0.8784
vn -0.0295 -0.4256 0.9044
vn -0.3359 -0.4419 0.8318
vn -0.9302 -0.1725 0.3239
vn -0.8539 -0.2266 0.4684
vn -0.9959 -0.0484 0.0769
vn -0.9997 0.0052 -0.0232
vn 0.0030 -0.4673 0.8841
vn 0.0027 -0.4256 0.9049
vn -0.0139 0.4672 -0.8840
vn -0.0136 0.4255 -0.9048
vn -0.0097 -0.4673 0.8840
vn -0.0100 -0.4257 0.9048
vn 0.8064 0.2806 -0.5206
vn 0.8065 0.2565 -0.5326
vn -0.9651 0.0747 -0.2509
vn -0.9757 0.0568 -0.2118
vn -0.9402 0.1001 -0.3257
vn -0.9173 0.1190 -0.3800
vn -0.9080 0.1356 -0.3965
vn -0.9977 -0.0301 0.0602
vn -0.9978 -0.0278 0.0610
vn -0.1860 -0.3143 0.9309
vn -0.0306 -0.2957 0.9548
vn -0.3368 -0.3224 0.8847
vn -0.9306 -0.1271 0.3433
vn -0.8545 -0.1605 0.4941
vn -0.9959 -0.0386 0.0813
vn -0.9997 0.0008 -0.0251
vn 0.0020 -0.3397 0.9405
vn 0.0016 -0.2956 0.9553
vn -0.0129 0.3396 -0.9405
vn -0.0125 0.2954 -0.9553
vn -0.0107 -0.3398 0.9404
vn -0.0110 -0.2956 0.9552
vn 0.8069 0.2066 -0.5533
vn 0.8072 0.1810 -0.5619
vn -0.9648 0.0377 -0.2604
vn -0.9754 0.0255 -0.2191
vn -0.9397 0.0525 -0.3379
vn -0.9168 0.0637 -0.3943
vn -0.9074 0.0778 -0.4129
vn -0.9978 -0.0229 0.0623
vn -0.9978 -0.0204 0.0627
vn -0.1874 -0.1819 0.9653
vn -0.0319 -0.1600 0.9866
vn -0.3379 -0.1966 0.9204
vn -0.9310 -0.0794 0.3562
vn -0.8551 -0.0914 0.5103
vn -0.9960 -0.0284 0.0844
vn -0.9996 -0.0043 -0.0266
vn 0.0008 -0.2055 0.9787
vn 0.0003 -0.1598 0.9872
vn -0.0117 0.2054 -0.9786
vn -0.0112 0.1596 -0.9871
vn -0.0119 -0.2056 0.9786
vn -0.0123 -0.1599 0.9871
vn 0.8076 0.1288 -0.5754
vn 0.8079 0.1022 -0.5804
vn -0.9644 -0.0003 -0.2645
vn -0.9750 -0.0067 -0.2221
vn -0.9392 0.0037 -0.3434
vn -0.9162 0.0068 -0.4006
vn -0.9068 0.0183 -0.4211
vn -0.9979 -0.0154 0.0633
vn -0.9979 -0.0131 0.0634
vn -0.1888 -0.0461 0.9809
vn -0.0334 -0.0212 0.9992
vn -0.3393 -0.0671 0.9383
vn -0.9315 -0.0304 0.3624
vn -0.8559 -0.0207 0.5167
vn -0.9961 -0.0178 0.0859
vn -0.9996 -0.0093 -0.0273
vn -0.0007 -0.0673 0.9977
vn -0.0012 -0.0208 0.9998
vn -0.0102 0.0672 -0.9977
vn -0.0097 0.0207 -0.9997
vn -0.0133 -0.0675 0.9976
vn -0.0138 -0.0210 0.9997
vn 0.8085 0.0486 -0.5865
vn 0.8088 0.0216 -0.5877
vn -0.9639 -0.0385 -0.2636
vn -0.9746 -0.0389 -0.2205
vn -0.9386 -0.0455 -0.3420
vn -0.9155 -0.0504 -0.3991
vn -0.9061 -0.0418 -0.4210
vn -0.9980 -0.0078 0.0633
vn -0.9980 -0.0055 0.0631
vn -0.1904 0.0906 0.9775
vn -0.0351 0.1180 0.9924
vn -0.3409 0.0636 0.9380
vn -0.9321 0.0190 0.3616
vn -0.8568 0.0502 0.5132
vn -0.9963 -0.0071 0.0860
vn -0.9995 -0.0144 -0.0273
vn -0.0023 0.0721 0.9974
vn -0.0029 0.1185 0.9929
vn -0.0086 -0.0723 -0.9973
vn -0.0080 -0.1187 -0.9929
vn -0.0150 0.0720 0.9973
vn -0.0156 0.1183 0.9929
vn 0.8095 -0.0323 -0.5863
vn 0.8098 -0.0592 -0.5837
vn -0.9634 -0.0761 -0.2571
vn -0.9742 -0.0706 -0.2144
vn -0.9379 -0.0940 -0.3338
vn -0.9147 -0.1067 -0.3897
vn -0.9053 -0.1013 -0.4125
vn -0.9981 -0.0003 0.0622
vn -0.9981 0.0020 0.0616
vn -0.1922 0.2254 0.9551
vn -0.0369 0.2549 0.9663
vn -0.3426 0.1930 0.9194
vn -0.9328 0.0678 0.3540
vn -0.8577 0.1199 0.4999
vn -0.9964 0.0035 0.0846
vn -0.9995 -0.0195 -0.0265
vn -0.0042 0.2103 0.9776
vn -0.0048 0.2555 0.9668
vn -0.0068 -0.2104 -0.9776
vn -0.0061 -0.2557 -0.9667
vn -0.0168 0.2100 0.9776
vn -0.0174 0.2553 0.9667
vn 0.8105 -0.1124 -0.5748
vn 0.8109 -0.1387 -0.5685
vn -0.9629 -0.1126 -0.2454
vn -0.9737 -0.1011 -0.2040
vn -0.9373 -0.1409 -0.3189
vn -0.9139 -0.1612 -0.3725
vn -0.9045 -0.1589 -0.3958
vn -0.9982 0.0069 0.0601
vn -0.9982 0.0091 0.0592
vn -0.1942 0.3559 0.9141
vn -0.0389 0.3869 0.9213
vn -0.3444 0.3186 0.8831
vn -0.9335 0.1151 0.3397
vn -0.8588 0.1870 0.4770
vn -0.9966 0.0139 0.0818
vn -0.9994 -0.0246 -0.0251
vn -0.0061 0.3442 0.9389
vn -0.0068 0.3876 0.9218
vn -0.0048 -0.3444 -0.9388
vn -0.0041 -0.3877 -0.9218
vn -0.0187 0.3440 0.9388
vn -0.0194 0.3873 0.9217
vn 0.8116 -0.1902 -0.5523
vn 0.8178 -0.1909 -0.5429
vn -0.9623 -0.1470 -0.2289
vn -0.9732 -0.1299 -0.1895
vn -0.9365 -0.1853 -0.2976
vn -0.9131 -0.2128 -0.3477
vn -0.9036 -0.2138 -0.3712
vn -0.9983 0.0136 0.0571
vn -0.9983 0.0158 0.0559
vn -0.1962 0.4793 0.8554
vn -0.0410 0.5112 0.8585
vn -0.3463 0.4379 0.8296
vn -0.9342 0.1599 0.3189
vn -0.8598 0.2504 0.4450
vn -0.9967 0.0237 0.0775
vn -0.9993 -0.0292 -0.0230
vn -0.0082 0.4715 0.8818
vn -0.0088 0.5121 0.8589
vn -0.0028 -0.4717 -0.8818
vn -0.0021 -0.5122 -0.8588
vn -0.0208 0.4713 0.8817
vn -0.0215 0.5118 0.8588
vn 0.8114 -0.2284 -0.5380
vn -0.9617 -0.1788 -0.2077
vn -0.9728 -0.1565 -0.1710
vn -0.9358 -0.2262 -0.2705
vn -0.9123 -0.2604 -0.3161
vn -0.9027 -0.2646 -0.3393
vn -0.9984 0.0201 0.0530
vn -0.9984 0.0220 0.0515
vn -0.1983 0.5934 0.7801
vn -0.0431 0.6257 0.7789
vn -0.3483 0.5486 0.7601
vn -0.9349 0.2014 0.2921
vn -0.8609 0.3087 0.4045
vn -0.9969 0.0328 0.0719
vn -0.9992 -0.0335 -0.0203
vn -0.0102 0.5896 0.8076
vn -0.0109 0.6266 0.7793
vn -0.0007 -0.5898 -0.8075
vn -0.0000 -0.6268 -0.7792
vn -0.0229 0.5894 0.8075
vn -0.0236 0.6263 0.7792
vn -0.9611 -0.2074 -0.1823
vn -0.9723 -0.1801 -0.1491
vn -0.9350 -0.2630 -0.2378
vn -0.9114 -0.3032 -0.2783
vn -0.9018 -0.3106 -0.3005
vn -0.9985 0.0258 0.0482
vn -0.9985 0.0276 0.0464
vn -0.2003 0.6959 0.6896
vn -0.0452 0.7279 0.6842
vn -0.3503 0.6485 0.6758
vn -0.9357 0.2388 0.2598
vn -0.8619 0.3607 0.3563
vn -0.9970 0.0411 0.0651
vn -0.9992 -0.0375 -0.0169
vn -0.0124 0.6963 0.7177
vn -0.0131 0.7289 0.6845
vn 0.0014 -0.6964 -0.7176
vn 0.0021 -0.7291 -0.6844
vn -0.0250 0.6960 0.7176
vn -0.0257 0.7286 0.6844
vn -0.9606 -0.2321 -0.1532
vn -0.9718 -0.2005 -0.1241
vn -0.9343 -0.2949 -0.2003
vn -0.9106 -0.3402 -0.2347
vn -0.9009 -0.3507 -0.2558
vn -0.9986 0.0309 0.0425
vn -0.9987 0.0323 0.0406
vn -0.2023 0.7848 0.5857
vn -0.0472 0.8160 0.5762
vn -0.3522 0.7358 0.5784
vn -0.9364 0.2712 0.2226
vn -0.8630 0.4055 0.3013
vn -0.9972 0.0483 0.0572
vn -0.9991 -0.0408 -0.0131
vn -0.0144 0.7894 0.6138
vn -0.0151 0.8171 0.5764
vn 0.0035 -0.7895 -0.6137
vn 0.0042 -0.8172 -0.5763
vn -0.0271 0.7890 0.6138
vn -0.0277 0.8167 0.5764
vn -0.9600 -0.2525 -0.1209
vn -0.9713 -0.2172 -0.0965
vn -0.9336 -0.3212 -0.1588
vn -0.9097 -0.3709 -0.1866
vn -0.9000 -0.3842 -0.2059
vn -0.9987 0.0351 0.0362
vn -0.9988 0.0362 0.0342
vn -0.2042 0.8584 0.4706
vn -0.0492 0.8881 0.4569
vn -0.3541 0.8086 0.4699
vn -0.9371 0.2982 0.1812
vn -0.8640 0.4423 0.2406
vn -0.9973 0.0544 0.0484
vn -0.9990 -0.0438 -0.0087
vn -0.0165 0.8671 0.4979
vn -0.0171 0.8893 0.4570
vn 0.0055 -0.8672 -0.4979
vn 0.0062 -0.8895 -0.4569
vn -0.0291 0.8667 0.4979
vn -0.0297 0.8889 0.4571
vn -0.9595 -0.2683 -0.0861
vn -0.9709 -0.2299 -0.0669
vn -0.9330 -0.3415 -0.1140
vn -0.9089 -0.3946 -0.1346
vn -0.8992 -0.4103 -0.1518
vn -0.9988 0.0383 0.0295
vn -0.9989 0.0392 0.0272
vn -0.2060 0.9152 0.3462
vn -0.0511 0.9430 0.3288
vn -0.3559 0.8656 0.3522
vn -0.9378 0.3192 0.1365
vn -0.8649 0.4702 0.1754
vn -0.9975 0.0591 0.0388
vn -0.9989 -0.0460 -0.0042
vn -0.0183 0.9279 0.3724
vn -0.0190 0.9442 0.3288
vn 0.0074 -0.9281 -0.3723
vn 0.0080 -0.9444 -0.3287
vn -0.0310 0.9275 0.3724
vn -0.0316 0.9439 0.3289
vn -0.9590 -0.2790 -0.0494
vn -0.9705 -0.2384 -0.0357
vn -0.9323 -0.3554 -0.0668
vn -0.9082 -0.4108 -0.0798
vn -0.8984 -0.4288 -0.0946
vn -0.9989 0.0406 0.0224
vn -0.9990 0.0412 0.0200
vn -0.2078 0.9542 0.2151
vn -0.0528 0.9795 0.1943
vn -0.3575 0.9057 0.2278
vn -0.9384 0.3338 0.0893
vn -0.8658 0.4888 0.1069
vn -0.9976 0.0625 0.0286
vn -0.9989 -0.0475 0.0006
vn -0.0201 0.9707 0.2396
vn -0.0207 0.9807 0.1942
vn 0.0092 -0.9708 -0.2395
vn 0.0097 -0.9809 -0.1941
vn -0.0327 0.9703 0.2397
vn -0.0333 0.9804 0.1943
vn -0.9586 -0.2845 -0.0115
vn -0.9702 -0.2424 -0.0037
vn -0.9318 -0.3625 -0.0181
vn -0.9076 -0.4192 -0.0232
vn -0.8978 -0.4390 -0.0354
vn -0.9990 0.0419 0.0150
vn -0.9990 0.0421 0.0124
vn -0.2092 0.9746 0.0800
vn -0.0543 0.9970 0.0560
vn -0.3590 0.9281 0.0990
vn -0.9390 0.3416 0.0405
vn -0.8666 0.4977 0.0365
vn -0.9978 0.0645 0.0181
vn -0.9988 -0.0484 0.0058
vn -0.0217 0.9945 0.1022
vn -0.0222 0.9982 0.0558
vn 0.0108 -0.9947 -0.1021
vn 0.0113 -0.9984 -0.0557
vn -0.0343 0.9942 0.1023
vn -0.0348 0.9978 0.0559
vn -0.9582 -0.2847 0.0267
vn -0.9699 -0.2420 0.0286
vn -0.9313 -0.3628 0.0311
vn -0.9071 -0.4197 0.0339
vn -0.8972 -0.4410 0.0246
vn -0.9991 0.0422 0.0075
vn -0.9991 0.0420 0.0049
vn -0.2108 0.9759 -0.0569
vn -0.0556 0.9950 -0.0833
vn -0.3603 0.9323 -0.0317
vn -0.9394 0.3426 -0.0088
vn -0.8672 0.4967 -0.0345
vn -0.9979 0.0649 0.0074
vn -0.9988 -0.0485 0.0111
vn -0.0231 0.9990 -0.0372
vn -0.0235 0.9962 -0.0837
vn 0.0121 -0.9992 0.0373
vn 0.0126 -0.9964 0.0838
vn -0.0357 0.9987 -0.0371
vn -0.0361 0.9958 -0.0836
vn -0.9579 -0.2796 0.0645
vn -0.9696 -0.2370 0.0605
vn -0.9309 -0.3563 0.0798
vn -0.9066 -0.4122 0.0906
vn -0.8967 -0.4346 0.0844
vn -0.9991 0.0413 -0.0002
vn -0.9992 0.0409 -0.0025
vn -0.2117 0.9582 -0.1924
vn -0.0566 0.9736 -0.2211
vn -0.3614 0.9183 -0.1617
vn -0.9398 0.3367 -0.0579
vn -0.8678 0.4858 -0.1046
vn -0.9979 0.0639 -0.0032
vn -0.9987 -0.0480 0.0159
vn -0.0242 0.9841 -0.1759
vn -0.0245 0.9748 -0.2216
vn 0.0133 -0.9843 0.1760
vn 0.0136 -0.9750 0.2217
vn -0.0368 0.9837 -0.1758
vn -0.0372 0.9745 -0.2214
vn -0.9577 -0.2693 0.1013
vn -0.9694 -0.2277 0.0914
vn -0.9306 -0.3431 0.1272
vn -0.9063 -0.3967 0.1456
vn -0.8963 -0.4199 0.1426
vn -0.9992 0.0395 -0.0075
vn -0.9992 0.0387 -0.0097
vn -0.2126 0.9218 -0.3242
vn -0.0574 0.9333 -0.3545
vn -0.3622 0.8863 -0.2884
vn -0.9401 0.3240 -0.1056
vn -0.8682 0.4653 -0.1725
vn -0.9980 0.0614 -0.0137
vn -0.9987 -0.0468 0.0209
vn -0.0251 0.9500 -0.3112
vn -0.0253 0.9345 -0.3551
vn 0.0142 -0.9502 0.3113
vn 0.0144 -0.9347 0.3552
vn -0.0377 0.9497 -0.3110
vn -0.0379 0.9341 -0.3549
vn -0.9576 -0.2539 0.1363
vn -0.9693 -0.2142 0.1206
vn -0.9305 -0.3234 0.1722
vn -0.9060 -0.3740 0.1980
vn -0.8961 -0.3972 0.1983
vn -0.9992 0.0366 -0.0144
vn -0.9992 0.0356 -0.0165
vn -0.2130 0.8675 -0.4496
vn -0.0579 0.8748 -0.4810
vn -0.3627 0.8371 -0.4095
vn -0.9403 0.3048 -0.1511
vn -0.8684 0.4355 -0.2370
vn -0.9981 0.0575 -0.0236
vn -0.9987 -0.0449 0.0256
vn -0.0257 0.8974 -0.4404
vn -0.0258 0.8759 -0.4817
vn 0.0148 -0.8976 0.4405
vn 0.0149 -0.8761 0.4819
vn -0.0383 0.8971 -0.4402
vn -0.0384 0.8756 -0.4815
vn -0.9575 -0.2338 0.1689
vn -0.9693 -0.1966 0.1478
vn -0.9304 -0.2976 0.2141
vn -0.9059 -0.3441 0.2467
vn -0.8959 -0.3670 0.2502
vn -0.9992 0.0329 -0.0209
vn -0.9992 0.0315 -0.0229
vn -0.2133 0.7961 -0.5663
vn -0.0582 0.7993 -0.5981
vn -0.3630 0.7714 -0.5226
vn -0.9404 0.2794 -0.1936
vn -0.8685 0.3971 -0.2966
vn -0.9981 0.0522 -0.0329
vn -0.9987 -0.0423 0.0301
vn -0.0260 0.8274 -0.5610
vn -0.0260 0.8004 -0.5990
vn 0.0151 -0.8276 0.5612
vn 0.0151 -0.8005 0.5991
vn -0.0386 0.8270 -0.5608
vn -0.0386 0.8000 -0.5987
vn -0.9575 -0.2094 0.1983
vn -0.9693 -0.1756 0.1722
vn -0.9304 -0.2663 0.2520
vn -0.9059 -0.3078 0.2908
vn -0.8959 -0.3300 0.2974
vn -0.9992 0.0282 -0.0268
vn -0.9992 0.0265 -0.0286
vn -0.2133 0.7093 -0.6719
vn -0.0581 0.7082 -0.7036
vn -0.3631 0.6907 -0.6254
vn -0.9404 0.2484 -0.2320
vn -0.8685 0.3507 -0.3503
vn -0.9981 0.0457 -0.0414
vn -0.9987 -0.0391 0.0341
vn -0.0260 0.7412 -0.6708
vn -0.0260 0.7092 -0.7046
vn 0.0151 -0.7414 0.6709
vn 0.0150 -0.7093 0.7047
vn -0.0386 0.7409 -0.6705
vn -0.0386 0.7089 -0.7043
vn -0.9576 -0.1812 0.2240
vn -0.9694 -0.1513 0.1935
vn -0.9305 -0.2300 0.2852
vn -0.9061 -0.2655 0.3294
vn -0.8960 -0.2866 0.3391
vn -0.9992 0.0228 -0.0320
vn -0.9992 0.0209 -0.0335
vn -0.2130 0.6085 -0.7644
vn -0.0577 0.6033 -0.7954
vn -0.3628 0.5964 -0.7160
vn -0.9403 0.2124 -0.2658
vn -0.8683 0.2972 -0.3971
vn -0.9981 0.0381 -0.0489
vn -0.9987 -0.0352 0.0378
vn -0.0258 0.6406 -0.7674
vn -0.0256 0.6042 -0.7964
vn 0.0148 -0.6408 0.7676
vn 0.0147 -0.6044 0.7966
vn -0.0384 0.6403 -0.7671
vn -0.0382 0.6039 -0.7961
vn -0.9578 -0.1496 0.2456
vn -0.9695 -0.1243 0.2111
vn -0.9307 -0.1894 0.3130
vn -0.9063 -0.2184 0.3618
vn -0.8963 -0.2379 0.3743
vn -0.9992 0.0167 -0.0364
vn -0.9992 0.0145 -0.0377
vn -0.2124 0.4960 -0.8420
vn -0.0570 0.4866 -0.8717
vn -0.3623 0.4904 -0.7926
vn -0.9401 0.1720 -0.2942
vn -0.8680 0.2379 -0.4359
vn -0.9980 0.0295 -0.0553
vn -0.9987 -0.0311 0.0408
vn -0.0252 0.5276 -0.8491
vn -0.0249 0.4875 -0.8728
vn 0.0143 -0.5277 0.8493
vn 0.0140 -0.4876 0.8730
vn -0.0378 0.5273 -0.8488
vn -0.0376 0.4872 -0.8725
vn -0.9580 -0.1154 0.2625
vn -0.9697 -0.0951 0.2249
vn -0.9310 -0.1453 0.3348
vn -0.9067 -0.1672 0.3872
vn -0.8966 -0.1848 0.4024
vn -0.9992 0.0100 -0.0399
vn -0.9991 0.0078 -0.0408
vn -0.2116 0.3736 -0.9031
vn -0.0561 0.3605 -0.9311
vn -0.3615 0.3748 -0.8537
vn -0.9398 0.1280 -0.3167
vn -0.8675 0.1737 -0.4661
vn -0.9980 0.0200 -0.0604
vn -0.9987 -0.0267 0.0431
vn -0.0244 0.4042 -0.9143
vn -0.0240 0.3612 -0.9322
vn 0.0134 -0.4044 0.9145
vn 0.0131 -0.3614 0.9323
vn -0.0370 0.4040 -0.9140
vn -0.0366 0.3610 -0.9319
vn -0.9583 -0.0791 0.2745
vn -0.9700 -0.0643 0.2344
vn -0.9314 -0.0987 0.3504
vn -0.9072 -0.1130 0.4053
vn -0.8971 -0.1283 0.4228
vn -0.9991 0.0030 -0.0425
vn -0.9991 0.0006 -0.0431
vn -0.2104 0.2440 -0.9467
vn -0.0549 0.2274 -0.9723
vn -0.3605 0.2519 -0.8981
vn -0.9394 0.0814 -0.3329
vn -0.8669 0.1059 -0.4871
vn -0.9979 0.0100 -0.0642
vn -0.9988 -0.0218 0.0449
vn -0.0232 0.2730 -0.9617
vn -0.0228 0.2280 -0.9734
vn 0.0123 -0.2732 0.9619
vn 0.0119 -0.2281 0.9736
vn -0.0359 0.2728 -0.9614
vn -0.0354 0.2278 -0.9731
vn -0.9587 -0.0415 0.2814
vn -0.9703 -0.0324 0.2396
vn -0.9319 -0.0502 0.3592
vn -0.9077 -0.0569 0.4157
vn -0.8977 -0.0695 0.4351
vn -0.9990 -0.0045 -0.0441
vn -0.9990 -0.0069 -0.0443
vn -0.2090 0.1097 -0.9718
vn -0.0535 0.0898 -0.9945
vn -0.3592 0.1239 -0.9250
vn -0.9389 0.0329 -0.3425
vn -0.8662 0.0358 -0.4985
vn -0.9978 -0.0004 -0.0665
vn -0.9988 -0.0169 0.0459
vn -0.0219 0.1365 -0.9904
vn -0.0214 0.0902 -0.9957
vn 0.0110 -0.1366 0.9906
vn 0.0105 -0.0904 0.9959
vn -0.0345 0.1363 -0.9901
vn -0.0340 0.0901 -0.9954
vn -0.9592 -0.0033 0.2829
vn -0.9707 -0.0002 0.2402
vn -0.9325 -0.0011 0.3612
vn -0.9084 0.0003 0.4180
vn -0.8983 -0.0095 0.4392
vn -0.9989 -0.0121 -0.0445
vn -0.9989 -0.0143 -0.0445
vn -0.2076 -0.0270 -0.9778
vn -0.0519 -0.0496 -0.9974
vn -0.3578 -0.0065 -0.9338
vn -0.9384 -0.0164 -0.3452
vn -0.8654 -0.0351 -0.4999
vn -0.9977 -0.0111 -0.0673
vn -0.9989 -0.0117 0.0462
vn -0.0204 -0.0027 -0.9998
vn -0.0198 -0.0492 -0.9986
vn 0.0094 0.0025 1.0000
vn 0.0089 0.0491 0.9988
vn -0.0330 -0.0028 -0.9995
vn -0.0324 -0.0494 -0.9983
vn -0.9596 0.0347 0.2791
vn -0.9711 0.0319 0.2364
vn -0.9331 0.0478 0.3564
vn -0.9091 0.0572 0.4126
vn -0.8991 0.0503 0.4348
vn -0.9988 -0.0195 -0.0440
vn -0.9988 -0.0218 -0.0436
vn -0.2058 -0.1631 -0.9649
vn -0.0501 -0.1880 -0.9809
vn -0.3561 -0.1369 -0.9244
vn -0.9378 -0.0656 -0.3410
vn -0.8644 -0.1056 -0.4915
vn -0.9975 -0.0218 -0.0667
vn -0.9989 -0.0064 0.0458
vn -0.0186 -0.1418 -0.9897
vn -0.0180 -0.1877 -0.9821
vn 0.0077 0.1417 0.9899
vn 0.0071 0.1876 0.9822
vn -0.0312 -0.1419 -0.9894
vn -0.0306 -0.1878 -0.9817
vn -0.9602 0.0719 0.2701
vn -0.9716 0.0631 0.2281
vn -0.9337 0.0956 0.3449
vn -0.9099 0.1127 0.3992
vn -0.8999 0.1091 0.4222
vn -0.9987 -0.0269 -0.0424
vn -0.9987 -0.0291 -0.0417
vn -0.2038 -0.2960 -0.9332
vn -0.0482 -0.3227 -0.9453
vn -0.3543 -0.2647 -0.8969
vn -0.9371 -0.1138 -0.3300
vn -0.8635 -0.1742 -0.4734
vn -0.9974 -0.0323 -0.0645
vn -0.9990 -0.0015 0.0448
vn -0.0167 -0.2781 -0.9604
vn -0.0161 -0.3226 -0.9464
vn 0.0058 0.2781 0.9605
vn 0.0051 0.3225 0.9466
vn -0.0293 -0.2783 -0.9601
vn -0.0287 -0.3227 -0.9461
vn -0.9607 0.1074 0.2560
vn -0.9720 0.0929 0.2156
vn -0.9345 0.1414 0.3267
vn -0.9107 0.1659 0.3782
vn -0.9008 0.1655 0.4015
vn -0.9986 -0.0339 -0.0398
vn -0.9986 -0.0360 -0.0388
vn -0.2019 -0.4233 -0.8832
vn -0.0462 -0.4512 -0.8912
vn -0.3525 -0.3874 -0.8519
vn -0.9364 -0.1599 -0.3124
vn -0.8624 -0.2396 -0.4459
vn -0.9972 -0.0424 -0.0609
vn -0.9991 0.0033 0.0430
vn -0.0147 -0.4091 -0.9124
vn -0.0140 -0.4512 -0.8923
vn 0.0038 0.4090 0.9125
vn 0.0031 0.4511 0.8925
vn -0.0274 -0.4092 -0.9120
vn -0.0267 -0.4512 -0.8920
vn -0.9613 0.1406 0.2371
vn -0.9725 0.1206 0.1991
vn -0.9352 0.1841 0.3024
vn -0.9116 0.2156 0.3501
vn -0.9017 0.2185 0.3732
vn -0.9985 -0.0406 -0.0362
vn -0.9985 -0.0426 -0.0349
vn -0.1998 -0.5424 -0.8160
vn -0.0441 -0.5709 -0.8199
vn -0.3505 -0.5027 -0.7902
vn -0.9357 -0.2032 -0.2886
vn -0.8614 -0.3006 -0.4095
vn -0.9971 -0.0519 -0.0560
vn -0.9991 0.0079 0.0405
vn -0.0126 -0.5321 -0.8466
vn -0.0120 -0.5710 -0.8209
vn 0.0017 0.5320 0.8467
vn 0.0010 0.5709 0.8210
vn -0.0253 -0.5322 -0.8463
vn -0.0246 -0.5710 -0.8206
vn -0.9618 0.1708 0.2137
vn -0.9730 0.1457 0.1789
vn -0.9359 0.2231 0.2725
vn -0.9124 0.2609 0.3152
vn -0.9026 0.2670 0.3377
vn -0.9984 -0.0466 -0.0318
vn -0.9984 -0.0485 -0.0302
vn -0.1979 -0.6510 -0.7329
vn -0.0420 -0.6795 -0.7325
vn -0.3486 -0.6083 -0.7131
vn -0.9349 -0.2427 -0.2589
vn -0.8603 -0.3558 -0.3650
vn -0.9969 -0.0606 -0.0498
vn -0.9992 0.0121 0.0375
vn -0.0105 -0.6448 -0.7643
vn -0.0098 -0.6797 -0.7335
vn -0.0004 0.6447 0.7644
vn -0.0011 0.6796 0.7336
vn -0.0232 -0.6448 -0.7640
vn -0.0225 -0.6797 -0.7332
vn -0.9624 0.1975 0.1863
vn -0.9735 0.1678 0.1554
vn -0.9367 0.2575 0.2373
vn -0.9133 0.3010 0.2745
vn -0.9035 0.3101 0.2959
vn -0.9983 -0.0521 -0.0265
vn -0.9983 -0.0536 -0.0247
vn -0.1958 -0.7469 -0.6355
vn -0.0399 -0.7748 -0.6309
vn -0.3466 -0.7021 -0.6220
vn -0.9342 -0.2777 -0.2241
vn -0.8592 -0.4044 -0.3133
vn -0.9968 -0.0684 -0.0424
vn -0.9993 0.0156 0.0340
vn -0.0084 -0.7449 -0.6671
vn -0.0077 -0.7751 -0.6318
vn -0.0025 0.7448 0.6673
vn -0.0032 0.7751 0.6319
vn -0.0211 -0.7449 -0.6669
vn -0.0204 -0.7751 -0.6315
vn 0.8050 0.4311 0.4076
vn 0.8119 0.4337 0.3909
vn 0.8130 0.4417 0.3794
vn 0.8126 0.4592 0.3589
vn -0.9630 0.2201 0.1556
vn -0.9740 0.1864 0.1290
vn -0.9374 0.2866 0.1977
vn -0.9142 0.3349 0.2284
vn -0.9044 0.3470 0.2485
vn -0.9982 -0.0566 -0.0206
vn -0.9981 -0.0580 -0.0185
vn -0.1938 -0.8283 -0.5257
vn -0.0378 -0.8552 -0.5170
vn -0.3447 -0.7823 -0.5188
vn -0.9334 -0.3075 -0.1847
vn -0.8582 -0.4453 -0.2553
vn -0.9966 -0.0750 -0.0340
vn -0.9994 0.0189 0.0298
vn -0.0064 -0.8305 -0.5570
vn -0.0057 -0.8555 -0.5178
vn -0.0045 0.8304 0.5572
vn -0.0052 0.8554 0.5179
vn -0.0190 -0.8305 -0.5568
vn -0.0183 -0.8555 -0.5175
vn 0.8118 0.4914 0.3155
vn 0.8114 0.5059 0.2928
vn -0.9635 0.2382 0.1219
vn -0.9744 0.2011 0.1003
vn -0.9381 0.3101 0.1545
vn -0.9149 0.3621 0.1782
vn -0.9052 0.3769 0.1964
vn -0.9981 -0.0604 -0.0141
vn -0.9980 -0.0614 -0.0119
vn -0.1918 -0.8937 -0.4056
vn -0.0359 -0.9188 -0.3930
vn -0.3428 -0.8474 -0.4055
vn -0.9327 -0.3316 -0.1416
vn -0.8572 -0.4777 -0.1921
vn -0.9964 -0.0805 -0.0249
vn -0.9994 0.0213 0.0255
vn -0.0044 -0.8999 -0.4360
vn -0.0038 -0.9192 -0.3937
vn -0.0065 0.8998 0.4362
vn -0.0071 0.9192 0.3938
vn -0.0170 -0.8999 -0.4358
vn -0.0164 -0.9192 -0.3935
vn 0.8107 0.5317 0.2453
vn 0.8103 0.5429 0.2208
vn -0.9640 0.2515 0.0860
vn -0.9748 0.2117 0.0698
vn -0.9387 0.3272 0.1083
vn -0.9157 0.3821 0.1247
vn -0.9060 0.3992 0.1406
vn -0.9980 -0.0632 -0.0071
vn -0.9979 -0.0639 -0.0047
vn -0.1900 -0.9417 -0.2776
vn -0.0342 -0.9646 -0.2614
vn -0.3411 -0.8961 -0.2841
vn -0.9321 -0.3494 -0.0955
vn -0.8563 -0.5011 -0.1251
vn -0.9963 -0.0845 -0.0149
vn -0.9995 0.0233 0.0206
vn -0.0026 -0.9518 -0.3066
vn -0.0020 -0.9651 -0.2619
vn -0.0083 0.9518 0.3067
vn -0.0089 0.9650 0.2620
vn -0.0152 -0.9518 -0.3064
vn -0.0146 -0.9650 -0.2617
vn 0.8096 0.5618 0.1702
vn 0.8093 0.5695 0.1443
vn -0.9645 0.2597 0.0487
vn -0.9752 0.2180 0.0382
vn -0.9393 0.3377 0.0603
vn -0.9163 0.3944 0.0689
vn -0.9067 0.4136 0.0823
vn -0.9979 -0.0650 0.0003
vn -0.9979 -0.0653 0.0026
vn -0.1886 -0.9714 -0.1440
vn -0.0325 -0.9917 -0.1247
vn -0.3395 -0.9274 -0.1572
vn -0.9315 -0.3606 -0.0474
vn -0.8555 -0.5148 -0.0556
vn -0.9962 -0.0873 -0.0046
vn -0.9996 0.0245 0.0157
vn -0.0009 -0.9852 -0.1711
vn -0.0004 -0.9921 -0.1251
vn -0.0100 0.9852 0.1712
vn -0.0105 0.9921 0.1252
vn -0.0135 -0.9852 -0.1710
vn -0.0130 -0.9921 -0.1249
vn 0.8086 0.5812 0.0916
vn 0.8083 0.5852 0.0649
vn 0.2024 0.6719 0.7125
vn 0.0668 0.9977 0.0076
vn 0.2978 0.9546 0.0058
vn 0.0880 0.8001 0.5934
vn -0.0113 -0.0025 0.9999
vn 0.0222 -0.1432 0.9894
vn -0.2180 -0.6756 0.7043
vn -0.0482 -0.7118 0.7007
vn -0.2978 -0.9546 -0.0059
vn -0.0669 -0.9977 -0.0078
vn -0.2024 -0.6718 -0.7125
vn -0.0465 -0.7000 -0.7126
vn 0.0113 0.0026 -0.9999
vn 0.0014 0.0091 -1.0000
vn 0.2180 0.6756 -0.7043
vn 0.0483 0.7118 -0.7007
vn 0.4024 0.5782 0.7097
vn 0.5782 0.8159 0.0018
vn -0.0083 0.0036 1.0000
vn -0.4138 -0.5734 0.7071
vn -0.5782 -0.8159 -0.0019
vn -0.4024 -0.5782 -0.7098
vn 0.0083 -0.0036 -1.0000
vn 0.4138 0.5734 -0.7071
vn 0.5637 0.4274 0.7068
vn 0.7523 0.6500 0.1080
vn -0.0035 0.0084 1.0000
vn -0.5684 -0.4157 0.7100
vn -0.8020 -0.5973 0.0022
vn -0.5636 -0.4273 -0.7069
vn -0.1124 0.0106 -0.9936
vn 0.5005 0.5534 -0.6657
vn 0.4234 0.1797 0.8880
vn 0.0026 0.0116 0.9999
vn -0.6667 -0.2179 0.7127
vn -0.9191 -0.3675 0.1420
vn -0.5370 -0.2414 -0.8083
vn -0.4036 -0.0975 -0.9097
vn 0.1459 0.0143 0.9892
vn 0.3697 0.1498 0.9170
vn -0.5910 -0.1093 0.7992
vn -0.8573 -0.1546 0.4911
vn -0.5027 0.0313 -0.8639
vn 0.1098 0.9452 -0.3075
vn 0.0141 -0.4993 0.8663
vn 0.0151 -0.8026 0.5964
vn 0.0103 -0.9893 -0.1459
vn -0.0005 -0.5965 -0.8026
vn -0.0111 0.1457 -0.9893
vn -0.0151 0.8025 -0.5964
vn -0.1208 0.4843 0.8665
vn -0.1151 0.0964 0.9887
vn -0.1126 -0.1172 0.9867
vn -0.1241 0.6582 0.7426
vn -0.1300 0.9001 0.4159
vn -0.1328 0.9679 0.2134
vn -0.1366 0.9716 -0.1931
vn -0.1378 0.9075 -0.3969
vn -0.1381 0.6714 -0.7281
vn -0.1373 0.4998 -0.8552
vn -0.1340 0.1143 -0.9844
vn -0.1315 -0.0992 -0.9863
vn -0.1258 -0.4870 -0.8643
vn -0.1225 -0.6610 -0.7403
vn -0.1166 -0.9030 -0.4136
vn -0.1139 -0.9708 -0.2110
vn -0.1100 -0.9745 0.1955
vn -0.1088 -0.9103 0.3993
vn -0.1085 -0.6745 0.7303
vn -0.1093 -0.5027 0.8575
vn -0.9394 0.3428 0.0098
vn -0.9578 0.2874 -0.0005
vn -0.9401 0.3327 -0.0748
vn -0.9584 0.2765 -0.0716
vn -0.9065 0.4221 0.0115
vn -0.9073 0.4103 -0.0922
vn -0.8941 0.4468 0.0311
vn -0.8950 0.4390 -0.0790
vn -0.9405 0.3026 -0.1546
vn -0.9587 0.2489 -0.1379
vn -0.9078 0.3740 -0.1900
vn -0.8956 0.4050 -0.1840
vn -0.9406 0.2544 -0.2248
vn -0.9588 0.2063 -0.1955
vn -0.9079 0.3153 -0.2763
vn -0.8958 0.3468 -0.2779
vn -0.9404 0.1907 -0.2814
vn -0.9586 0.1509 -0.2415
vn -0.9076 0.2377 -0.3460
vn -0.8956 0.2679 -0.3551
vn -0.9399 0.1154 -0.3213
vn -0.9581 0.0862 -0.2731
vn -0.9070 0.1456 -0.3951
vn -0.8950 0.1728 -0.4112
vn -0.9392 0.0327 -0.3419
vn -0.9574 0.0162 -0.2882
vn -0.9061 0.0444 -0.4208
vn -0.8941 0.0671 -0.4429
vn -0.9382 -0.0524 -0.3421
vn -0.9566 -0.0553 -0.2861
vn -0.9048 -0.0599 -0.4215
vn -0.8928 -0.0431 -0.4483
vn -0.9371 -0.1351 -0.3220
vn -0.9556 -0.1246 -0.2670
vn -0.9034 -0.1614 -0.3972
vn -0.8914 -0.1515 -0.4272
vn -0.9358 -0.2106 -0.2826
vn -0.9546 -0.1872 -0.2318
vn -0.9019 -0.2541 -0.3494
vn -0.8897 -0.2516 -0.3809
vn -0.9346 -0.2745 -0.2264
vn -0.9536 -0.2396 -0.1823
vn -0.9003 -0.3327 -0.2807
vn -0.8881 -0.3378 -0.3118
vn -0.9333 -0.3233 -0.1563
vn -0.9525 -0.2792 -0.1213
vn -0.8988 -0.3925 -0.1953
vn -0.8864 -0.4049 -0.2242
vn -0.9321 -0.3539 -0.0767
vn -0.9516 -0.3028 -0.0530
vn -0.8974 -0.4302 -0.0979
vn -0.8850 -0.4491 -0.1231
vn -0.9312 -0.3644 0.0079
vn -0.9508 -0.3094 0.0181
vn -0.8963 -0.4435 0.0055
vn -0.8837 -0.4678 -0.0143
vn -0.9305 -0.3545 0.0922
vn -0.9502 -0.2988 0.0886
vn -0.8954 -0.4316 0.1092
vn -0.8828 -0.4599 0.0958
vn -0.9301 -0.3245 0.1719
vn -0.9499 -0.2713 0.1552
vn -0.8949 -0.3953 0.2070
vn -0.8822 -0.4259 0.2008
vn -0.9300 -0.2763 0.2423
vn -0.9499 -0.2282 0.2134
vn -0.8948 -0.3366 0.2933
vn -0.8820 -0.3678 0.2947
vn -0.9302 -0.2126 0.2992
vn -0.9501 -0.1724 0.2599
vn -0.8950 -0.2590 0.3631
vn -0.8822 -0.2889 0.3719
vn -0.9306 -0.1372 0.3393
vn -0.9505 -0.1073 0.2915
vn -0.8957 -0.1668 0.4121
vn -0.8828 -0.1938 0.4280
vn -0.9314 -0.0544 0.3599
vn -0.9512 -0.0369 0.3065
vn -0.8966 -0.0657 0.4378
vn -0.8837 -0.0881 0.4597
vn -0.9324 0.0308 0.3602
vn -0.9520 0.0347 0.3042
vn -0.8979 0.0386 0.4386
vn -0.8850 0.0222 0.4651
vn -0.9335 0.1136 0.3400
vn -0.9531 0.1041 0.2843
vn -0.8993 0.1401 0.4143
vn -0.8864 0.1305 0.4441
vn -0.9348 0.1894 0.3004
vn -0.9541 0.1671 0.2485
vn -0.9008 0.2328 0.3664
vn -0.8881 0.2307 0.3977
vn -0.9361 0.2534 0.2440
vn -0.9551 0.2191 0.1994
vn -0.9024 0.3114 0.2978
vn -0.8897 0.3168 0.3287
vn -0.9373 0.3018 0.1742
vn -0.9561 0.2577 0.1394
vn -0.9040 0.3712 0.2123
vn -0.8914 0.3839 0.2410
vn -0.9384 0.3322 0.0945
vn -0.9570 0.2811 0.0713
vn -0.9053 0.4089 0.1150
vn -0.8928 0.4281 0.1399
vn 0.0032 0.4440 0.8960
vn 0.0139 -0.9641 0.2650
vn 0.0143 -0.9441 0.3294
vn 0.0141 -0.9546 0.2974
vn 0.0132 -0.9858 0.1676
vn 0.0135 -0.9797 0.2001
vn 0.0124 -0.9974 0.0706
vn 0.0127 -0.9946 0.1028
vn 0.0116 -0.9996 -0.0241
vn 0.0119 -0.9999 0.0071
vn 0.0106 -0.9930 -0.1180
vn 0.0109 -0.9962 -0.0867
vn 0.0095 -0.9772 -0.2122
vn 0.0099 -0.9835 -0.1808
vn 0.0083 -0.9519 -0.3063
vn 0.0088 -0.9614 -0.2750
vn 0.0079 -0.9414 -0.3372
vn -0.0137 0.4452 -0.8953
vn 0.0149 -0.6625 0.7489
vn 0.0143 -0.5303 0.8477
vn 0.0147 -0.6204 0.7841
vn 0.0140 -0.4823 0.8759
vn 0.0151 -0.7760 0.6305
vn 0.0151 -0.7404 0.6720
vn 0.0151 -0.8093 0.5872
vn -0.0034 -0.4337 -0.9010
vn 0.0117 -0.9999 -0.0092
vn 0.0137 -0.4397 0.8980
vn 0.0024 -0.7404 -0.6722
vn 0.0039 -0.8058 -0.5922
vn 0.0032 -0.7742 -0.6330
vn 0.0001 -0.6279 -0.7783
vn 0.0008 -0.6672 -0.7449
vn -0.0023 -0.4996 -0.8663
vn -0.0015 -0.5440 -0.8391
vn -0.0031 -0.4538 -0.8911
vn -0.0140 0.4915 -0.8708
vn -0.0117 0.9999 0.0092
vn 0.0020 0.5141 0.8578
vn 0.0136 -0.4329 0.9013
vn -0.0084 -0.0903 -0.9959
vn -0.0080 -0.1164 -0.9932
vn -0.0082 -0.1035 -0.9946
vn -0.0088 -0.0531 -0.9985
vn -0.0087 -0.0653 -0.9978
vn -0.0092 -0.0185 -0.9998
vn -0.0091 -0.0297 -0.9995
vn -0.0099 0.0411 -0.9991
vn -0.0097 0.0170 -0.9998
vn -0.0110 0.1399 -0.9901
vn -0.0106 0.1026 -0.9947
vn -0.0121 0.2495 -0.9683
vn -0.0118 0.2133 -0.9769
vn -0.0130 0.3549 -0.9348
vn -0.0127 0.3203 -0.9472
vn -0.0139 0.4749 -0.8799
vn -0.0136 0.4324 -0.9016
vn -0.0147 0.6127 -0.7902
vn -0.0145 0.5654 -0.8247
vn -0.0151 0.7409 -0.6715
vn -0.0150 0.7004 -0.7136
vn -0.0150 0.8469 -0.5316
vn -0.0151 0.8141 -0.5805
vn -0.0149 0.8766 -0.4810
vn 0.0141 -0.4955 0.8685
vn -0.0138 0.9685 -0.2488
vn -0.0142 0.9509 -0.3093
vn -0.0140 0.9601 -0.2792
vn -0.0131 0.9874 -0.1574
vn -0.0134 0.9821 -0.1879
vn -0.0124 0.9977 -0.0661
vn -0.0127 0.9953 -0.0964
vn -0.0116 0.9997 0.0227
vn -0.0119 0.9999 -0.0065
vn -0.0107 0.9939 0.1096
vn -0.0110 0.9967 0.0808
vn -0.0097 0.9806 0.1957
vn -0.0101 0.9859 0.1670
vn -0.0087 0.9597 0.2810
vn -0.0090 0.9675 0.2527
vn -0.0083 0.9510 0.3091
vn -0.0047 0.8360 0.5487
vn -0.0060 0.8847 0.4662
vn -0.0054 0.8614 0.5080
vn -0.0026 0.7495 0.6620
vn -0.0033 0.7801 0.6257
vn -0.0004 0.6484 0.7613
vn -0.0012 0.6837 0.7298
vn 0.0017 0.5332 0.8460
vn 0.0010 0.5731 0.8195
vn 0.0039 0.4044 0.9146
vn 0.0031 0.4488 0.8936
vn 0.0060 0.2646 0.9643
vn 0.0053 0.3123 0.9500
vn 0.0080 0.1168 0.9931
vn 0.0074 0.1668 0.9860
vn 0.0094 0.0064 0.9999
vn 0.0090 0.0365 0.9993
vn 0.0100 -0.0441 0.9990
vn 0.0099 -0.0340 0.9994
vn 0.0103 -0.0759 0.9971
vn 0.0102 -0.0651 0.9978
vn 0.0107 -0.1090 0.9940
vn 0.0106 -0.0979 0.9951
vn 0.0108 -0.1202 0.9927
vn -0.0024 -0.4922 -0.8705
vn -0.9999 -0.0118 0.0094
vn -0.9999 -0.0118 0.0093
vn -0.9999 -0.0118 0.0080
vn -0.9999 -0.0118 0.0109
vn -0.9999 -0.0118 0.0092
vt 0.000000 0.000000
vt 12.143000 28.000000
vt 11.901930 28.000000
vt 12.125190 30.446779
vt 11.881950 30.434561
vt 12.269240 28.000000
vt 12.252580 30.453400
vt -0.925770 21.250000
vt -1.000000 21.250000
vt -0.925770 23.141300
vt -1.000000 23.141411
vt -0.771690 21.250000
vt -0.771690 23.141220
vt -0.517130 21.250000
vt -0.517130 23.141180
vt -0.262130 21.250000
vt -0.262130 23.141211
vt -0.103120 21.250000
vt -0.103120 23.141291
vt -0.021830 21.250000
vt -0.021830 23.141390
vt 15.838250 28.000000
vt 15.695660 28.000000
vt 15.855890 30.447741
vt 15.712000 30.455210
vt 16.223881 28.000000
vt 16.244961 30.426029
vt 12.070060 32.891201
vt 11.820130 32.866169
vt 12.201000 32.904732
vt -0.925770 25.032551
vt -1.000000 25.032770
vt -0.771690 25.032391
vt -0.517130 25.032320
vt -0.262130 25.032379
vt -0.103120 25.032539
vt -0.021830 25.032730
vt 15.910490 32.893169
vt 15.762590 32.908421
vt 16.310160 32.848789
vt 11.972090 35.330601
vt 11.710370 35.291451
vt 12.109290 35.351620
vt -0.925770 26.923710
vt -1.000000 26.924030
vt -0.771690 26.923470
vt -0.517130 26.923380
vt -0.262130 26.923460
vt -0.103120 26.923691
vt -0.021830 26.923981
vt 16.007540 35.333672
vt 15.852550 35.357361
vt 16.425859 35.264561
vt 11.820550 37.761501
vt 11.540860 37.706051
vt 11.967310 37.791031
vt -0.925770 28.814730
vt -1.000000 28.815149
vt -0.771690 28.814421
vt -0.517130 28.814301
vt -0.262130 28.814409
vt -0.103120 28.814699
vt -0.021830 28.815081
vt 16.157669 37.765831
vt 15.991840 37.799080
vt 16.604361 37.668510
vt 11.596440 40.178879
vt 11.290840 40.103699
vt 11.757070 40.218521
vt -0.925770 30.705570
vt -1.000000 30.706079
vt -0.771690 30.705191
vt -0.517130 30.705050
vt -0.262130 30.705179
vt -0.103120 30.705530
vt -0.021840 30.705999
vt 16.379730 40.184711
vt 16.198179 40.229301
vt 16.867220 40.053749
vt 11.266060 42.574661
vt 10.923830 42.474388
vt 11.446470 42.626949
vt -0.925770 32.596199
vt -1.000000 32.596790
vt -0.771690 32.595760
vt -0.517130 32.595589
vt -0.262130 32.595749
vt -0.103120 32.596149
vt -0.021840 32.596691
vt 16.707199 42.582390
vt 16.503189 42.641151
vt 17.252119 42.409229
vt 10.766720 44.934380
vt 10.373070 44.800411
vt 10.975320 45.003479
vt -0.925770 34.486568
vt -1.000000 34.487221
vt -0.771690 34.486080
vt -0.517130 34.485889
vt -0.262130 34.486069
vt -0.103120 34.486519
vt -0.021840 34.487122
vt 17.202400 44.944630
vt 16.966330 45.022209
vt 17.827271 44.715599
vt 9.972500 47.228851
vt 9.508340 47.046810
vt 10.220950 47.321930
vt -0.925770 36.376671
vt -1.000000 36.377380
vt -0.771690 36.376141
vt -0.517130 36.375931
vt -0.262130 36.376122
vt -0.103120 36.376610
vt -0.021840 36.377258
vt 17.990820 47.242710
vt 17.709209 47.347130
vt 18.723610 46.935070
vt 8.605650 49.390331
vt 8.057740 49.135590
vt 8.905170 49.520279
vt -0.925770 38.266460
vt -1.000000 38.267208
vt -0.771690 38.265900
vt -0.517130 38.265678
vt -0.262130 38.265881
vt -0.103120 38.266399
vt -0.021840 38.267090
vt 19.350401 49.409729
vt 19.009741 49.555550
vt 20.206390 48.985100
vt 6.024150 51.235710
vt 5.460650 50.871960
vt 6.345460 51.423599
vt -0.925770 40.155930
vt -1.000000 40.156700
vt -0.771690 40.155350
vt -0.517130 40.155121
vt -0.262130 40.155331
vt -0.103120 40.155861
vt -0.021840 40.156582
vt 21.929270 51.263691
vt 21.561100 51.475101
vt 22.790661 50.667931
vt 1.260650 52.265411
vt 1.072360 51.796700
vt 1.362620 52.512772
vt -0.925770 42.045059
vt -1.000000 42.045849
vt -0.771690 42.044479
vt -0.517130 42.044250
vt -0.262130 42.044460
vt -0.103120 42.044998
vt -0.021840 42.045731
vt 26.724211 52.302040
vt 26.607460 52.581600
vt 26.990120 51.548191
vt -4.276280 51.827259
vt -3.871720 51.394932
vt -4.537840 52.048130
vt -0.925770 43.933861
vt -1.000000 43.934650
vt -0.771690 43.933281
vt -0.517130 43.933048
vt -0.262130 43.933262
vt -0.103120 43.933800
vt -0.021840 43.934521
vt 32.312599 51.860359
vt 32.616631 52.108791
vt 31.669630 51.168240
vt 51.723721 51.827259
vt 52.128281 51.394932
vt 48.290298 50.249550
vt 48.823990 49.926830
vt 51.462158 52.048130
vt 47.978569 50.406319
vt -0.925770 45.822330
vt -1.000000 45.823101
vt -0.771690 45.821758
vt -0.517130 45.821541
vt -0.262130 45.821751
vt -0.103120 45.822269
vt -0.021840 45.822971
vt 35.754471 50.273449
vt 36.111622 50.448471
vt 34.906090 49.756371
vt 46.510941 48.196949
vt 46.986431 47.958549
vt 46.245590 48.309040
vt -0.925770 47.710468
vt -1.000000 47.711201
vt -0.771690 47.709930
vt -0.517130 47.709709
vt -0.262130 47.709911
vt -0.103120 47.710419
vt -0.021840 47.711090
vt -0.000000 45.823662
vt -0.000000 47.711750
vt 36.767559 47.833229
vt 37.527710 48.214230
vt 45.518421 45.957920
vt 45.923611 45.776669
vt 45.297180 46.041328
vt -0.925770 49.598301
vt -1.000000 49.598980
vt -0.771690 49.597790
vt -0.517130 49.597599
vt -0.262130 49.597771
vt -0.103120 49.598251
vt -0.021840 49.598881
vt -0.000000 49.599491
vt 37.864239 45.682510
vt 38.514011 45.970871
vt 44.912949 43.634521
vt 45.263279 43.493931
vt 44.723862 43.698200
vt -0.925770 51.485840
vt -1.000000 51.486462
vt -0.771690 51.485371
vt -0.517130 51.485199
vt -0.262130 51.485359
vt -0.103120 51.485790
vt -0.021840 51.486359
vt -0.000000 51.486919
vt 38.552139 43.421940
vt 39.114868 43.644470
vt 44.519489 41.267658
vt 44.829861 41.158081
vt 44.353081 41.316669
vt -0.925770 53.373119
vt -1.000000 53.373661
vt -0.771690 53.372711
vt -0.517130 53.372551
vt -0.262130 53.372700
vt -0.103120 53.373070
vt -0.021840 53.373569
vt -0.000000 53.374069
vt 39.006050 41.102749
vt 39.505051 41.275360
vt 44.254261 38.876301
vt 44.535980 38.791908
vt 44.103840 38.913670
vt -0.925770 55.260151
vt -1.000000 55.260620
vt -0.771690 55.259811
vt -0.517130 55.259670
vt -0.262130 55.259800
vt -0.103120 55.260120
vt -0.021840 55.260540
vt -0.000000 55.260960
vt 39.314789 38.749828
vt 39.767941 38.882191
vt 44.073540 36.470322
vt 44.334999 36.407501
vt 43.934311 36.497921
vt -0.925770 57.146999
vt -1.000000 57.147369
vt -0.771690 57.146721
vt -0.517130 57.146610
vt -0.262130 57.146709
vt -0.103120 57.146969
vt -0.021840 57.147308
vt -0.000000 57.147640
vt 39.526329 36.376499
vt 39.947021 36.474682
vt 43.953049 34.055401
vt 44.200699 34.011879
vt 43.821400 34.074421
vt -0.925770 59.033691
vt -1.000000 59.033958
vt -0.771690 59.033489
vt -0.517130 59.033409
vt -0.262130 59.033482
vt -0.103120 59.033661
vt -0.021840 59.033909
vt -0.000000 59.034149
vt 39.667870 33.990570
vt 40.066399 34.058411
vt 43.878941 31.635139
vt 44.117981 31.609520
vt 43.751991 31.646290
vt -0.925770 60.920261
vt -1.000000 60.920422
vt -0.771690 60.920139
vt -0.517130 60.920090
vt -0.262130 60.920132
vt -0.103120 60.920250
vt -0.021840 60.920391
vt -0.000000 60.920540
vt 39.755112 31.597059
vt 40.139820 31.636909
vt 43.843590 29.212009
vt 44.078480 29.203560
vt 43.718891 29.215691
vt -0.925770 62.806759
vt -1.000000 62.806820
vt -0.771690 62.806721
vt -0.517130 62.806702
vt -0.262130 62.806721
vt -0.103120 62.806759
vt -0.021840 62.806801
vt -0.000000 62.806850
vt 39.796780 29.199450
vt 40.174839 29.212601
vt 43.843590 26.787979
vt 44.078480 26.796440
vt 43.718891 26.784309
vt -0.925770 64.693237
vt -1.000000 64.693176
vt -0.771690 64.693283
vt -0.517130 64.693298
vt -0.262130 64.693283
vt -0.103120 64.693237
vt -0.021840 64.693192
vt -0.000000 64.693153
vt 39.796780 26.800550
vt 40.174839 26.787399
vt 43.878941 24.364861
vt 44.117981 24.390480
vt 43.751991 24.353710
vt -0.925770 66.579742
vt -1.000000 66.579567
vt -0.771690 66.579857
vt -0.517130 66.579910
vt -0.262130 66.579857
vt -0.103120 66.579750
vt -0.021840 66.579613
vt -0.000000 66.579453
vt 39.755112 24.402950
vt 40.139820 24.363091
vt 43.953049 21.944599
vt 44.200699 21.988119
vt 43.821400 21.925579
vt -0.925770 68.466309
vt -1.000000 68.466042
vt -0.771690 68.466507
vt -0.517130 68.466591
vt -0.262130 68.466522
vt -0.103120 68.466331
vt -0.021840 68.466087
vt 40.283390 24.350809
vt 40.066399 21.941589
vt 40.215321 21.920641
vt 39.667870 22.009430
vt 44.073540 19.529680
vt 44.334999 19.592501
vt 43.934311 19.502081
vt -0.925770 70.352997
vt -1.000000 70.352631
vt -0.771690 70.353279
vt -0.517130 70.353394
vt -0.262130 70.353287
vt -0.103120 70.353027
vt -0.021840 70.352692
vt 39.947021 19.525320
vt 40.104542 19.494890
vt 39.526329 19.623501
vt 44.254261 17.123699
vt 44.535980 17.208090
vt 44.103840 17.086330
vt -0.925770 72.239853
vt -1.000000 72.239380
vt -0.771690 72.240189
vt -0.517130 72.240334
vt -0.262130 72.240196
vt -0.103120 72.239883
vt -0.021840 72.239464
vt 39.767941 17.117809
vt 39.938160 17.076580
vt 39.314789 17.250170
vt 44.519489 14.732330
vt 44.829861 14.841910
vt 44.353081 14.683320
vt -0.925770 74.126877
vt -1.000000 74.126343
vt -0.771690 74.127289
vt -0.517130 74.127449
vt -0.262130 74.127296
vt -0.103120 74.126923
vt -0.021840 74.126419
vt 39.505039 14.724640
vt 39.693459 14.670500
vt 39.006050 14.897250
vt 44.912949 12.365470
vt 45.263279 12.506070
vt 44.723862 12.301800
vt -0.925770 76.014153
vt -1.000000 76.013527
vt -0.771690 76.014633
vt -0.517130 76.014801
vt -0.262130 76.014633
vt -0.103120 76.014214
vt -0.021840 76.013634
vt 39.114868 12.355530
vt 39.329159 12.285080
vt 38.552139 12.578070
vt 45.518421 10.042080
vt 45.923599 10.223330
vt 45.297180 9.958670
vt -0.925770 77.901703
vt -1.000000 77.901016
vt -0.771690 77.902206
vt -0.517130 77.902397
vt -0.262130 77.902222
vt -0.103120 77.901749
vt -0.021840 77.901123
vt 38.514011 10.029120
vt 38.765121 9.936660
vt 37.864239 10.317490
vt 46.510941 7.803050
vt 46.986431 8.041440
vt 46.245590 7.690950
vt -0.925770 79.789528
vt -1.000000 79.788803
vt -0.771690 79.790077
vt -0.517130 79.790283
vt -0.262130 79.790092
vt -0.103120 79.789581
vt -0.021840 79.788918
vt 37.527710 7.785770
vt 37.829769 7.661170
vt 36.767559 8.166770
vt 48.290298 5.750450
vt 48.823978 6.073160
vt 47.978569 5.593680
vt -0.925770 81.677658
vt -1.000000 81.676903
vt -0.771690 81.678230
vt -0.517130 81.678459
vt -0.262130 81.678253
vt -0.103120 81.677719
vt -0.021840 81.677017
vt 35.754471 5.726550
vt 36.111610 5.551520
vt 34.906090 6.243620
vt 51.723721 4.172740
vt 52.128269 4.605060
vt 51.462170 3.951870
vt -0.925770 83.566132
vt -1.000000 83.565353
vt -0.771690 83.566719
vt -0.517130 83.566948
vt -0.262130 83.566727
vt -0.103120 83.566193
vt -0.021840 83.565468
vt 32.312599 4.139640
vt 32.616631 3.891220
vt 31.669630 4.831760
vt -4.276280 4.172740
vt -3.871730 4.605060
vt 1.260660 3.734580
vt 1.072370 4.203300
vt -4.537830 3.951870
vt 1.362640 3.487230
vt -0.925770 -1.433870
vt -1.000000 -1.434650
vt -0.925770 0.454940
vt -1.000000 0.454150
vt -0.771690 -1.433280
vt -0.771690 0.455530
vt -0.517120 -1.433050
vt -0.517120 0.455760
vt -0.262130 -1.433270
vt -0.262130 0.455540
vt -0.103120 -1.433810
vt -0.103120 0.455000
vt -0.021830 -1.434530
vt -0.021830 0.454280
vt 26.724199 3.697960
vt 26.607450 3.418400
vt 26.990120 4.451810
vt 6.024150 4.764290
vt 5.460650 5.128030
vt 6.345470 4.576400
vt -0.925770 2.344070
vt -1.000000 2.343300
vt -0.771690 2.344650
vt -0.517120 2.344880
vt -0.262130 2.344670
vt -0.103120 2.344130
vt -0.021830 2.343420
vt 21.929279 4.736310
vt 21.561110 4.524900
vt 22.790661 5.332070
vt 8.605650 6.609670
vt 8.057740 6.864400
vt 8.905180 6.479730
vt -0.925770 4.233540
vt -1.000000 4.232790
vt -0.771690 4.234110
vt -0.517120 4.234320
vt -0.262130 4.234120
vt -0.103120 4.233600
vt -0.021830 4.232910
vt 19.350401 6.590270
vt 19.009741 6.444450
vt 20.206400 7.014900
vt 9.972500 8.771150
vt 9.508350 8.953190
vt 10.220950 8.678080
vt -0.925770 6.123340
vt -1.000000 6.122630
vt -0.771690 6.123870
vt -0.517120 6.124070
vt -0.262130 6.123880
vt -0.103120 6.123390
vt -0.021830 6.122740
vt 17.990820 8.757290
vt 17.709209 8.652870
vt 18.723610 9.064930
vt 10.766720 11.065620
vt 10.373070 11.199590
vt 10.975320 10.996520
vt -0.925770 8.013430
vt -1.000000 8.012770
vt -0.771690 8.013920
vt -0.517120 8.014110
vt -0.262130 8.013930
vt -0.103120 8.013480
vt -0.021830 8.012880
vt 17.202400 11.055370
vt 16.966339 10.977790
vt 17.827271 11.284390
vt 11.266060 13.425340
vt 10.923830 13.525610
vt 11.446470 13.373050
vt -0.925770 9.903800
vt -1.000000 9.903220
vt -0.771690 9.904240
vt -0.517120 9.904410
vt -0.262130 9.904250
vt -0.103120 9.903850
vt -0.021830 9.903310
vt 16.707199 13.417610
vt 16.503201 13.358860
vt 17.252119 13.590760
vt 11.596440 15.821120
vt 11.290850 15.896300
vt 11.757070 15.781480
vt -0.925770 11.794430
vt -1.000000 11.793920
vt -0.771690 11.794810
vt -0.517120 11.794960
vt -0.262130 11.794820
vt -0.103120 11.794470
vt -0.021830 11.794000
vt 16.379730 15.815290
vt 16.198179 15.770700
vt 16.867229 15.946250
vt 11.820550 18.238501
vt 11.540860 18.293949
vt 11.967310 18.208969
vt -0.925770 13.685270
vt -1.000000 13.684850
vt -0.771690 13.685580
vt -0.517120 13.685700
vt -0.262130 13.685590
vt -0.103120 13.685300
vt -0.021830 13.684910
vt 16.157669 18.234171
vt 15.991840 18.200920
vt 16.604361 18.331480
vt 11.972090 20.669399
vt 11.710370 20.708549
vt 12.109290 20.648380
vt -0.925770 15.576290
vt -1.000000 15.575970
vt -0.771690 15.576530
vt -0.517120 15.576630
vt -0.262130 15.576540
vt -0.103120 15.576320
vt -0.021830 15.576020
vt 16.007540 20.666330
vt 15.852550 20.642639
vt 16.425859 20.735451
vt 12.070060 23.108801
vt 11.820130 23.133829
vt 12.201000 23.095280
vt -0.925770 17.467449
vt -1.000000 17.467230
vt -0.771690 17.467621
vt -0.517120 17.467680
vt -0.262130 17.467621
vt -0.103120 17.467470
vt -0.021830 17.467270
vt 15.910490 23.106831
vt 15.762590 23.091579
vt 16.310160 23.151211
vt 12.125190 25.553221
vt 11.881950 25.565430
vt 12.252580 25.546600
vt -0.925770 19.358700
vt -1.000000 19.358589
vt -0.771690 19.358780
vt -0.517130 19.358810
vt -0.262130 19.358780
vt -0.103120 19.358709
vt -0.021830 19.358610
vt 15.855890 25.552259
vt 15.712000 25.544790
vt 16.244961 25.573971
s 45
g off
g VWBeetle.002_crome
usemtl crome
f 1408/1/1536 1412/1/1538 1407/1/1537
f 1412/1/1538 1411/1/1539 1407/1/1537
f 1409/1/1540 1413/1/1541 1408/1/1536
f 1413/1/1541 1412/1/1538 1408/1/1536
f 1410/1/1542 1414/1/1543 1409/1/1540
f 1414/1/1543 1413/1/1541 1409/1/1540
f 1412/1/1538 1416/1/1544 1411/1/1539
f 1416/1/1544 1415/1/1545 1411/1/1539
f 1413/1/1541 1417/1/1546 1412/1/1538
f 1417/1/1546 1416/1/1544 1412/1/1538
f 1414/1/1543 1418/1/1547 1413/1/1541
f 1418/1/1547 1417/1/1546 1413/1/1541
f 1416/1/1544 1420/1/1548 1415/1/1545
f 1420/1/1548 1419/1/1549 1415/1/1545
f 1417/1/1546 1421/1/1550 1416/1/1544
f 1421/1/1550 1420/1/1548 1416/1/1544
f 1418/1/1547 1422/1/1551 1417/1/1546
f 1422/1/1551 1421/1/1550 1417/1/1546
f 1420/1/1548 1424/1/1552 1419/1/1549
f 1424/1/1552 1423/1/1553 1419/1/1549
f 1421/1/1550 1425/1/1554 1420/1/1548
f 1425/1/1554 1424/1/1552 1420/1/1548
f 1422/1/1551 1426/1/1555 1421/1/1550
f 1426/1/1555 1425/1/1554 1421/1/1550
f 1424/1/1552 1428/1/1556 1423/1/1553
f 1428/1/1556 1427/1/1557 1423/1/1553
f 1425/1/1554 1429/1/1558 1424/1/1552
f 1429/1/1558 1428/1/1556 1424/1/1552
f 1426/1/1555 1430/1/1559 1425/1/1554
f 1430/1/1559 1429/1/1558 1425/1/1554
f 1428/1/1556 1432/1/1560 1427/1/1557
f 1432/1/1560 1431/1/1561 1427/1/1557
f 1429/1/1558 1433/1/1562 1428/1/1556
f 1433/1/1562 1432/1/1560 1428/1/1556
f 1430/1/1559 1434/1/1563 1429/1/1558
f 1434/1/1563 1433/1/1562 1429/1/1558
f 1432/1/1560 1436/1/1564 1431/1/1561
f 1436/1/1564 1435/1/1565 1431/1/1561
f 1433/1/1562 1437/1/1566 1432/1/1560
f 1437/1/1566 1436/1/1564 1432/1/1560
f 1434/1/1563 1438/1/1567 1433/1/1562
f 1438/1/1567 1437/1/1566 1433/1/1562
f 1436/1/1564 1440/1/1568 1435/1/1565
f 1440/1/1568 1439/1/1569 1435/1/1565
f 1437/1/1566 1441/1/1570 1436/1/1564
f 1441/1/1570 1440/1/1568 1436/1/1564
f 1438/1/1567 1442/1/1571 1437/1/1566
f 1442/1/1571 1441/1/1570 1437/1/1566
f 1440/1/1568 1444/1/1572 1439/1/1569
f 1444/1/1572 1443/1/1573 1439/1/1569
f 1441/1/1570 1445/1/1574 1440/1/1568
f 1445/1/1574 1444/1/1572 1440/1/1568
f 1442/1/1571 1446/1/1575 1441/1/1570
f 1446/1/1575 1445/1/1574 1441/1/1570
f 1444/1/1572 1448/1/1576 1443/1/1573
f 1448/1/1576 1447/1/1577 1443/1/1573
f 1445/1/1574 1449/1/1578 1444/1/1572
f 1449/1/1578 1448/1/1576 1444/1/1572
f 1446/1/1575 1450/1/1579 1445/1/1574
f 1450/1/1579 1449/1/1578 1445/1/1574
f 1448/1/1576 1452/1/1580 1447/1/1577
f 1452/1/1580 1451/1/1581 1447/1/1577
f 1449/1/1578 1453/1/1582 1448/1/1576
f 1453/1/1582 1452/1/1580 1448/1/1576
f 1450/1/1579 1454/1/1583 1449/1/1578
f 1454/1/1583 1453/1/1582 1449/1/1578
f 1452/1/1580 1456/1/1584 1451/1/1581
f 1456/1/1584 1455/1/1585 1451/1/1581
f 1453/1/1582 1457/1/1586 1452/1/1580
f 1457/1/1586 1456/1/1584 1452/1/1580
f 1454/1/1583 1458/1/1587 1453/1/1582
f 1458/1/1587 1457/1/1586 1453/1/1582
f 1456/1/1584 1460/1/1588 1455/1/1585
f 1460/1/1588 1459/1/1589 1455/1/1585
f 1457/1/1586 1461/1/1590 1456/1/1584
f 1461/1/1590 1460/1/1588 1456/1/1584
f 1458/1/1587 1462/1/1591 1457/1/1586
f 1462/1/1591 1461/1/1590 1457/1/1586
f 1460/1/1588 1464/1/1592 1459/1/1589
f 1464/1/1592 1463/1/1593 1459/1/1589
f 1461/1/1590 1465/1/1594 1460/1/1588
f 1465/1/1594 1464/1/1592 1460/1/1588
f 1462/1/1591 1466/1/1595 1461/1/1590
f 1466/1/1595 1465/1/1594 1461/1/1590
f 1464/1/1592 1468/1/1596 1463/1/1593
f 1468/1/1596 1467/1/1597 1463/1/1593
f 1465/1/1594 1469/1/1598 1464/1/1592
f 1469/1/1598 1468/1/1596 1464/1/1592
f 1466/1/1595 1470/1/1599 1465/1/1594
f 1470/1/1599 1469/1/1598 1465/1/1594
f 1468/1/1596 1472/1/1600 1467/1/1597
f 1472/1/1600 1471/1/1601 1467/1/1597
f 1469/1/1598 1473/1/1602 1468/1/1596
f 1473/1/1602 1472/1/1600 1468/1/1596
f 1470/1/1599 1474/1/1603 1469/1/1598
f 1474/1/1603 1473/1/1602 1469/1/1598
f 1472/1/1600 1476/1/1604 1471/1/1601
f 1476/1/1604 1475/1/1605 1471/1/1601
f 1473/1/1602 1477/1/1606 1472/1/1600
f 1477/1/1606 1476/1/1604 1472/1/1600
f 1474/1/1603 1478/1/1607 1473/1/1602
f 1478/1/1607 1477/1/1606 1473/1/1602
f 1476/1/1604 1480/1/1608 1475/1/1605
f 1480/1/1608 1479/1/1609 1475/1/1605
f 1477/1/1606 1481/1/1610 1476/1/1604
f 1481/1/1610 1480/1/1608 1476/1/1604
f 1478/1/1607 1482/1/1611 1477/1/1606
f 1482/1/1611 1481/1/1610 1477/1/1606
f 1480/1/1608 1484/1/1612 1479/1/1609
f 1484/1/1612 1483/1/1613 1479/1/1609
f 1481/1/1610 1485/1/1614 1480/1/1608
f 1485/1/1614 1484/1/1612 1480/1/1608
f 1482/1/1611 1486/1/1615 1481/1/1610
f 1486/1/1615 1485/1/1614 1481/1/1610
f 1484/1/1612 1488/1/1616 1483/1/1613
f 1488/1/1616 1487/1/1617 1483/1/1613
f 1485/1/1614 1489/1/1618 1484/1/1612
f 1489/1/1618 1488/1/1616 1484/1/1612
f 1486/1/1615 1490/1/1619 1485/1/1614
f 1490/1/1619 1489/1/1618 1485/1/1614
f 1488/1/1616 1492/1/1620 1487/1/1617
f 1492/1/1620 1491/1/1621 1487/1/1617
f 1489/1/1618 1493/1/1622 1488/1/1616
f 1493/1/1622 1492/1/1620 1488/1/1616
f 1490/1/1619 1494/1/1623 1489/1/1618
f 1494/1/1623 1493/1/1622 1489/1/1618
f 1492/1/1620 1496/1/1624 1491/1/1621
f 1496/1/1624 1495/1/1625 1491/1/1621
f 1493/1/1622 1497/1/1626 1492/1/1620
f 1497/1/1626 1496/1/1624 1492/1/1620
f 1494/1/1623 1498/1/1627 1493/1/1622
f 1498/1/1627 1497/1/1626 1493/1/1622
f 1496/1/1624 1500/1/1628 1495/1/1625
f 1500/1/1628 1499/1/1629 1495/1/1625
f 1497/1/1626 1501/1/1630 1496/1/1624
f 1501/1/1630 1500/1/1628 1496/1/1624
f 1498/1/1627 1502/1/1631 1497/1/1626
f 1502/1/1631 1501/1/1630 1497/1/1626
f 1500/1/1628 1504/1/1632 1499/1/1629
f 1504/1/1632 1503/1/1633 1499/1/1629
f 1501/1/1630 1505/1/1634 1500/1/1628
f 1505/1/1634 1504/1/1632 1500/1/1628
f 1502/1/1631 1506/1/1635 1501/1/1630
f 1506/1/1635 1505/1/1634 1501/1/1630
f 1504/1/1632 1508/1/1636 1503/1/1633
f 1508/1/1636 1507/1/1637 1503/1/1633
f 1505/1/1634 1509/1/1638 1504/1/1632
f 1509/1/1638 1508/1/1636 1504/1/1632
f 1506/1/1635 1510/1/1639 1505/1/1634
f 1510/1/1639 1509/1/1638 1505/1/1634
f 1508/1/1636 1408/1/1536 1507/1/1637
f 1408/1/1536 1407/1/1537 1507/1/1637
f 1509/1/1638 1409/1/1540 1508/1/1636
f 1409/1/1540 1408/1/1536 1508/1/1636
f 1510/1/1639 1410/1/1542 1509/1/1638
f 1410/1/1542 1409/1/1540 1509/1/1638
s 46
f 1512/1/1640 1522/1/1640 1511/1/1640
f 1522/1/1640 1521/1/1640 1511/1/1640
s 47
f 1513/1/1641 1523/1/1643 1512/1/1642
f 1523/1/1643 1522/1/1642 1512/1/1642
f 1514/1/1644 1524/1/1645 1513/1/1641
f 1524/1/1645 1523/1/1643 1513/1/1641
f 1515/1/1646 1525/1/1647 1514/1/1644
f 1525/1/1647 1524/1/1645 1514/1/1644
f 1516/1/1648 1526/1/1649 1515/1/1646
f 1526/1/1649 1525/1/1647 1515/1/1646
f 1517/1/1650 1527/1/1651 1516/1/1648
f 1527/1/1651 1526/1/1649 1516/1/1648
f 1518/1/1652 1528/1/1653 1517/1/1650
f 1528/1/1653 1527/1/1651 1517/1/1650
f 1519/1/1654 1529/1/1655 1518/1/1652
f 1529/1/1655 1528/1/1653 1518/1/1652
f 1520/1/1656 1530/1/1656 1519/1/1654
f 1530/1/1656 1529/1/1655 1519/1/1654
s 48
f 1511/1/1657 1521/1/1657 1520/1/1657
f 1521/1/1657 1530/1/1657 1520/1/1657
s 49
f 1532/1/1658 1548/1/1660 1531/1/1659
f 1548/1/1660 1547/1/1661 1531/1/1659
f 1533/1/1662 1549/1/1663 1532/1/1658
f 1549/1/1663 1548/1/1660 1532/1/1658
f 1534/1/1664 1550/1/1664 1533/1/1662
f 1550/1/1664 1549/1/1663 1533/1/1662
s 50
f 1535/1/1665 1551/1/1665 1534/1/1665
f 1551/1/1665 1550/1/1665 1534/1/1665
s 51
f 1536/1/1666 1552/1/1666 1535/1/1666
f 1552/1/1666 1551/1/1666 1535/1/1666
s 52
f 1537/1/1667 1553/1/1667 1536/1/1667
f 1553/1/1667 1552/1/1667 1536/1/1667
s 53
f 1538/1/1668 1554/1/1670 1537/1/1669
f 1554/1/1670 1553/1/1669 1537/1/1669
f 1539/1/1671 1555/1/1672 1538/1/1668
f 1555/1/1672 1554/1/1670 1538/1/1668
f 1540/1/1673 1556/1/1674 1539/1/1671
f 1556/1/1674 1555/1/1672 1539/1/1671
f 1541/1/1675 1557/1/1675 1540/1/1673
f 1557/1/1675 1556/1/1674 1540/1/1673
s 54
f 1542/1/1676 1558/1/1676 1541/1/1676
f 1558/1/1676 1557/1/1676 1541/1/1676
s 55
f 1543/1/1640 1559/1/1640 1542/1/1640
f 1559/1/1640 1558/1/1640 1542/1/1640
s 56
f 1544/1/1677 1560/1/1677 1543/1/1677
f 1560/1/1677 1559/1/1677 1543/1/1677
s 57
f 1545/1/1657 1561/1/1657 1544/1/1657
f 1561/1/1657 1560/1/1657 1544/1/1657
s 58
f 1546/1/1678 1562/1/1678 1545/1/1678
f 1562/1/1678 1561/1/1678 1545/1/1678
s 49
f 1531/1/1659 1547/1/1661 1546/1/1679
f 1547/1/1661 1562/1/1679 1546/1/1679
s 59
f 1564/1/1680 1577/1/1682 1563/1/1681
f 1577/1/1682 1576/1/1681 1563/1/1681
f 1565/1/1683 1578/1/1684 1564/1/1680
f 1578/1/1684 1577/1/1682 1564/1/1680
f 1566/1/1685 1579/1/1686 1565/1/1683
f 1579/1/1686 1578/1/1684 1565/1/1683
f 1567/1/1687 1580/1/1688 1566/1/1685
f 1580/1/1688 1579/1/1686 1566/1/1685
f 1568/1/1689 1581/1/1690 1567/1/1687
f 1581/1/1690 1580/1/1688 1567/1/1687
f 1569/1/1691 1582/1/1692 1568/1/1689
f 1582/1/1692 1581/1/1690 1568/1/1689
f 1570/1/1693 1583/1/1694 1569/1/1691
f 1583/1/1694 1582/1/1692 1569/1/1691
f 1571/1/1695 1584/1/1696 1570/1/1693
f 1584/1/1696 1583/1/1694 1570/1/1693
f 1572/1/1697 1585/1/1698 1571/1/1695
f 1585/1/1698 1584/1/1696 1571/1/1695
f 1573/1/1699 1586/1/1700 1572/1/1697
f 1586/1/1700 1585/1/1698 1572/1/1697
f 1574/1/1701 1587/1/1702 1573/1/1699
f 1587/1/1702 1586/1/1700 1573/1/1699
f 1575/1/1703 1588/1/1703 1574/1/1701
f 1588/1/1703 1587/1/1702 1574/1/1701
s 60
f 1563/1/1704 1576/1/1704 1575/1/1704
f 1576/1/1704 1588/1/1704 1575/1/1704
s 61
f 1590/1/1705 1600/1/1707 1589/1/1706
f 1600/1/1707 1599/1/1706 1589/1/1706
f 1591/1/1708 1601/1/1709 1590/1/1705
f 1601/1/1709 1600/1/1707 1590/1/1705
f 1592/1/1710 1602/1/1711 1591/1/1708
f 1602/1/1711 1601/1/1709 1591/1/1708
f 1593/1/1712 1603/1/1713 1592/1/1710
f 1603/1/1713 1602/1/1711 1592/1/1710
f 1594/1/1714 1604/1/1715 1593/1/1712
f 1604/1/1715 1603/1/1713 1593/1/1712
f 1595/1/1716 1605/1/1717 1594/1/1714
f 1605/1/1717 1604/1/1715 1594/1/1714
f 1596/1/1718 1606/1/1719 1595/1/1716
f 1606/1/1719 1605/1/1717 1595/1/1716
f 1597/1/1720 1607/1/1720 1596/1/1718
f 1607/1/1720 1606/1/1719 1596/1/1718
s 62
f 1598/1/1667 1608/1/1667 1597/1/1667
f 1608/1/1667 1607/1/1667 1597/1/1667
s 63
f 1589/1/1665 1599/1/1665 1598/1/1665
f 1599/1/1665 1608/1/1665 1598/1/1665
s 64
f 1610/1/1721 1623/1/1723 1609/1/1722
f 1623/1/1723 1622/1/1722 1609/1/1722
f 1611/1/1724 1624/1/1725 1610/1/1721
f 1624/1/1725 1623/1/1723 1610/1/1721
f 1612/1/1726 1625/1/1727 1611/1/1724
f 1625/1/1727 1624/1/1725 1611/1/1724
f 1613/1/1728 1626/1/1729 1612/1/1726
f 1626/1/1729 1625/1/1727 1612/1/1726
f 1614/1/1730 1627/1/1731 1613/1/1728
f 1627/1/1731 1626/1/1729 1613/1/1728
f 1615/1/1732 1628/1/1733 1614/1/1730
f 1628/1/1733 1627/1/1731 1614/1/1730
f 1616/1/1734 1629/1/1735 1615/1/1732
f 1629/1/1735 1628/1/1733 1615/1/1732
f 1617/1/1736 1630/1/1737 1616/1/1734
f 1630/1/1737 1629/1/1735 1616/1/1734
f 1618/1/1738 1631/1/1739 1617/1/1736
f 1631/1/1739 1630/1/1737 1617/1/1736
f 1619/1/1740 1632/1/1741 1618/1/1738
f 1632/1/1741 1631/1/1739 1618/1/1738
f 1620/1/1742 1633/1/1743 1619/1/1740
f 1633/1/1743 1632/1/1741 1619/1/1740
f 1621/1/1744 1634/1/1744 1620/1/1742
f 1634/1/1744 1633/1/1743 1620/1/1742
s 65
f 1609/1/1745 1622/1/1745 1621/1/1745
f 1622/1/1745 1634/1/1745 1621/1/1745
s 66
f 1576/1/26 1558/1/26 1588/1/26
f 1558/1/26 1576/1/26 1557/1/26
f 1557/1/26 1576/1/26 1487/1/26
f 1495/1/26 1499/1/26 1530/1/26
f 1499/1/26 1503/1/26 1530/1/26
f 1487/1/26 1491/1/26 1557/1/26
f 1576/1/26 1577/1/26 1487/1/26
f 1503/1/26 1507/1/26 1530/1/26
f 1530/1/26 1507/1/26 1529/1/26
f 1577/1/26 1578/1/26 1487/1/26
f 1578/1/26 1579/1/26 1487/1/26
f 1491/1/26 1495/1/26 1557/1/26
f 1557/1/26 1495/1/26 1556/1/26
f 1556/1/26 1495/1/26 1555/1/26
f 1579/1/26 1580/1/26 1487/1/26
f 1529/1/26 1507/1/26 1528/1/26
f 1507/1/26 1407/1/26 1528/1/26
f 1528/1/26 1407/1/26 1527/1/26
f 1527/1/26 1407/1/26 1526/1/26
f 1407/1/26 1411/1/26 1526/1/26
f 1526/1/26 1411/1/26 1525/1/26
f 1525/1/26 1411/1/26 1524/1/26
f 1524/1/26 1411/1/26 1523/1/26
f 1411/1/26 1415/1/26 1523/1/26
f 1523/1/26 1415/1/26 1522/1/26
f 1487/1/26 1580/1/26 1483/1/26
f 1580/1/26 1581/1/26 1483/1/26
f 1483/1/26 1581/1/26 1479/1/26
f 1581/1/26 1582/1/26 1479/1/26
f 1582/1/26 1583/1/26 1479/1/26
f 1479/1/26 1583/1/26 1475/1/26
f 1583/1/26 1584/1/26 1475/1/26
f 1584/1/26 1585/1/26 1475/1/26
f 1475/1/26 1585/1/26 1471/1/26
f 1585/1/26 1586/1/26 1471/1/26
f 1586/1/26 1587/1/26 1471/1/26
f 1471/1/26 1587/1/26 1467/1/26
f 1587/1/26 1588/1/26 1467/1/26
f 1467/1/26 1588/1/26 1463/1/26
f 1588/1/26 1599/1/26 1463/1/26
f 1599/1/26 1600/1/26 1463/1/26
f 1600/1/26 1601/1/26 1463/1/26
f 1463/1/26 1601/1/26 1459/1/26
f 1601/1/26 1602/1/26 1459/1/26
f 1602/1/26 1603/1/26 1459/1/26
f 1459/1/26 1603/1/26 1455/1/26
f 1603/1/26 1604/1/26 1455/1/26
f 1604/1/26 1605/1/26 1455/1/26
f 1605/1/26 1606/1/26 1455/1/26
f 1455/1/26 1606/1/26 1451/1/26
f 1606/1/26 1607/1/26 1451/1/26
f 1607/1/26 1622/1/26 1451/1/26
f 1622/1/26 1623/1/26 1451/1/26
f 1451/1/26 1623/1/26 1447/1/26
f 1623/1/26 1624/1/26 1447/1/26
f 1624/1/26 1625/1/26 1447/1/26
f 1447/1/26 1625/1/26 1443/1/26
f 1625/1/26 1626/1/26 1443/1/26
f 1443/1/26 1626/1/26 1439/1/26
f 1626/1/26 1627/1/26 1439/1/26
f 1627/1/26 1628/1/26 1439/1/26
f 1439/1/26 1628/1/26 1435/1/26
f 1628/1/26 1629/1/26 1435/1/26
f 1629/1/26 1630/1/26 1435/1/26
f 1435/1/26 1630/1/26 1431/1/26
f 1630/1/26 1631/1/26 1431/1/26
f 1631/1/26 1632/1/26 1431/1/26
f 1632/1/26 1633/1/26 1431/1/26
f 1633/1/26 1634/1/26 1431/1/26
f 1431/1/26 1634/1/26 1427/1/26
f 1607/1/26 1608/1/26 1622/1/26
f 1599/1/26 1588/1/26 1608/1/26
f 1588/1/26 1558/1/26 1608/1/26
f 1558/1/26 1559/1/26 1608/1/26
f 1559/1/26 1560/1/26 1608/1/26
f 1560/1/26 1561/1/26 1608/1/26
f 1608/1/26 1561/1/26 1622/1/26
f 1622/1/26 1561/1/26 1634/1/26
f 1561/1/26 1562/1/26 1634/1/26
f 1634/1/26 1562/1/26 1427/1/26
f 1427/1/26 1562/1/26 1423/1/26
f 1562/1/26 1547/1/26 1423/1/26
f 1547/1/26 1548/1/26 1423/1/26
f 1423/1/26 1548/1/26 1419/1/26
f 1548/1/26 1549/1/26 1419/1/26
f 1419/1/26 1549/1/26 1415/1/26
f 1549/1/26 1550/1/26 1415/1/26
f 1415/1/26 1550/1/26 1522/1/26
f 1522/1/26 1550/1/26 1521/1/26
f 1550/1/26 1551/1/26 1521/1/26
f 1551/1/26 1552/1/26 1521/1/26
f 1552/1/26 1553/1/26 1521/1/26
f 1521/1/26 1553/1/26 1530/1/26
f 1530/1/26 1553/1/26 1495/1/26
f 1553/1/26 1554/1/26 1495/1/26
f 1495/1/26 1554/1/26 1555/1/26
s 67
f 1511/1/26 1520/1/26 1512/1/26
f 1512/1/26 1520/1/26 1513/1/26
f 1513/1/26 1520/1/26 1514/1/26
f 1514/1/26 1520/1/26 1515/1/26
f 1515/1/26 1520/1/26 1516/1/26
f 1516/1/26 1520/1/26 1517/1/26
f 1517/1/26 1520/1/26 1518/1/26
f 1518/1/26 1520/1/26 1519/1/26
s 68
f 1542/1/26 1541/1/26 1543/1/26
f 1545/1/26 1544/1/26 1546/1/26
f 1534/1/26 1533/1/26 1535/1/26
f 1537/1/26 1536/1/26 1538/1/26
f 1538/1/26 1536/1/26 1539/1/26
f 1533/1/26 1532/1/26 1535/1/26
f 1539/1/26 1536/1/26 1540/1/26
f 1532/1/26 1531/1/26 1535/1/26
f 1540/1/26 1536/1/26 1541/1/26
f 1541/1/26 1536/1/26 1543/1/26
f 1531/1/26 1546/1/26 1535/1/26
f 1546/1/26 1544/1/26 1535/1/26
f 1535/1/26 1544/1/26 1536/1/26
f 1544/1/26 1543/1/26 1536/1/26
s 69
f 1575/1/26 1574/1/26 1563/1/1746
f 1574/1/26 1573/1/26 1563/1/1746
f 1573/1/26 1572/1/26 1563/1/1746
f 1572/1/26 1571/1/26 1563/1/1746
f 1571/1/26 1570/1/26 1563/1/1746
f 1570/1/26 1569/1/26 1563/1/1746
f 1569/1/26 1568/1/26 1563/1/1746
f 1568/1/26 1567/1/26 1563/1/1746
f 1567/1/26 1566/1/1746 1563/1/1746
f 1566/1/1746 1565/1/26 1563/1/1746
f 1565/1/26 1564/1/1747 1563/1/1746
s 70
f 1598/1/26 1597/1/26 1589/1/26
f 1597/1/26 1596/1/26 1589/1/26
f 1596/1/26 1595/1/26 1589/1/26
f 1595/1/26 1594/1/26 1589/1/26
f 1594/1/26 1593/1/26 1589/1/26
f 1593/1/26 1592/1/26 1589/1/26
f 1592/1/26 1591/1/26 1589/1/26
f 1591/1/26 1590/1/26 1589/1/26
s 71
f 1609/1/26 1621/1/1746 1610/1/26
f 1610/1/26 1621/1/1746 1611/1/26
f 1611/1/26 1621/1/1746 1612/1/26
f 1612/1/26 1621/1/1746 1613/1/26
f 1613/1/26 1621/1/1746 1614/1/26
f 1614/1/26 1621/1/1746 1615/1/26
f 1615/1/26 1621/1/1746 1616/1/26
f 1616/1/26 1621/1/1746 1617/1/26
f 1617/1/26 1621/1/1746 1618/1/1748
f 1618/1/1748 1621/1/1746 1619/1/1749
f 1619/1/1749 1621/1/1746 1620/1/1750
s 1
g VWBeetle.002_Black
usemtl Black
f 2/1/1 3/1/1 1/1/1
f 2/1/1 1/1/1 4/1/1
s 2
f 4/1/2 1/1/2 5/1/2
f 4/1/2 5/1/2 6/1/2
s 3
f 6/1/3 5/1/3 7/1/3
f 6/1/3 7/1/3 8/1/3
s 4
f 8/1/4 7/1/4 9/1/4
f 8/1/4 9/1/4 10/1/4
s 5
f 10/1/5 9/1/5 11/1/5
f 10/1/5 11/1/5 12/1/5
s 6
f 12/1/6 11/1/6 13/1/6
f 12/1/6 13/1/6 14/1/6
s 7
f 14/1/7 13/1/7 15/1/7
f 14/1/7 15/1/7 16/1/7
s 8
f 16/1/8 15/1/8 17/1/8
f 16/1/8 17/1/8 18/1/8
s 9
f 18/1/9 17/1/9 19/1/9
f 18/1/9 19/1/9 20/1/9
s 10
f 20/1/10 19/1/10 21/1/10
f 20/1/10 21/1/10 22/1/10
s 11
f 22/1/11 21/1/11 23/1/11
f 22/1/11 23/1/11 24/1/11
s 12
f 24/1/12 23/1/12 25/1/12
f 24/1/12 25/1/12 26/1/12
s 13
f 26/1/13 25/1/13 27/1/13
f 26/1/13 27/1/13 28/1/13
s 14
f 28/1/14 27/1/14 29/1/14
f 28/1/14 29/1/14 30/1/14
s 15
f 30/1/15 29/1/15 31/1/15
f 30/1/15 31/1/15 32/1/15
s 16
f 32/1/16 31/1/16 33/1/16
f 32/1/16 33/1/16 34/1/16
s 17
f 34/1/17 33/1/17 35/1/17
f 34/1/17 35/1/17 36/1/17
s 18
f 36/1/18 35/1/18 37/1/18
f 36/1/18 37/1/18 38/1/18
s 19
f 38/1/19 37/1/19 39/1/19
f 38/1/19 39/1/19 40/1/19
s 20
f 40/1/20 39/1/20 41/1/20
f 40/1/20 41/1/20 42/1/20
s 21
f 42/1/21 41/1/21 43/1/21
f 42/1/21 43/1/21 44/1/21
s 22
f 44/1/22 43/1/22 45/1/22
f 44/1/22 45/1/22 46/1/22
s 23
f 46/1/23 45/1/23 47/1/23
f 46/1/23 47/1/23 48/1/23
s 24
f 48/1/24 47/1/24 49/1/24
f 48/1/24 49/1/24 50/1/24
s 25
f 50/1/25 49/1/25 3/1/25
f 50/1/25 3/1/25 2/1/25
s 26
f 51/1/26 1/1/26 3/1/26
f 51/1/26 5/1/26 1/1/26
f 51/1/26 7/1/26 5/1/26
f 51/1/26 9/1/26 7/1/26
f 51/1/26 11/1/26 9/1/26
f 51/1/26 13/1/26 11/1/26
f 51/1/26 15/1/26 13/1/26
f 51/1/26 17/1/26 15/1/26
f 51/1/26 19/1/26 17/1/26
f 51/1/26 21/1/26 19/1/26
f 51/1/26 23/1/26 21/1/26
f 51/1/26 25/1/26 23/1/26
f 51/1/26 27/1/26 25/1/26
f 51/1/26 29/1/26 27/1/26
f 51/1/26 31/1/26 29/1/26
f 51/1/26 33/1/26 31/1/26
f 51/1/26 35/1/26 33/1/26
f 51/1/26 37/1/26 35/1/26
f 51/1/26 39/1/26 37/1/26
f 51/1/26 41/1/26 39/1/26
f 51/1/26 43/1/26 41/1/26
f 51/1/26 45/1/26 43/1/26
f 51/1/26 47/1/26 45/1/26
f 51/1/26 49/1/26 47/1/26
f 51/1/26 3/1/26 49/1/26
s 27
f 20/1/27 22/1/27 52/1/27
f 22/1/27 24/1/27 52/1/27
s 28
f 28/1/27 30/1/27 53/1/27
f 30/1/27 32/1/27 53/1/27
s 29
g VWBeetle.002_Grey
usemtl Grey
f 55/2/28 66/4/30 54/3/29
f 66/4/30 65/5/31 54/3/29
f 56/6/32 67/7/33 55/2/28
f 67/7/33 66/4/30 55/2/28
f 63/22/46 74/24/47 62/23/44
f 74/24/47 73/25/45 62/23/44
f 64/26/48 75/27/49 63/22/46
f 75/27/49 74/24/47 63/22/46
f 66/4/30 77/28/50 65/5/31
f 77/28/50 76/29/51 65/5/31
f 67/7/33 78/30/52 66/4/30
f 78/30/52 77/28/50 66/4/30
f 74/24/47 85/38/59 73/25/45
f 85/38/59 84/39/58 73/25/45
f 75/27/49 86/40/60 74/24/47
f 86/40/60 85/38/59 74/24/47
f 77/28/50 88/41/61 76/29/51
f 88/41/61 87/42/62 76/29/51
f 78/30/52 89/43/63 77/28/50
f 89/43/63 88/41/61 77/28/50
f 85/38/59 96/51/70 84/39/58
f 96/51/70 95/52/69 84/39/58
f 86/40/60 97/53/71 85/38/59
f 97/53/71 96/51/70 85/38/59
f 88/41/61 99/54/72 87/42/62
f 99/54/72 98/55/73 87/42/62
f 89/43/63 100/56/74 88/41/61
f 100/56/74 99/54/72 88/41/61
f 96/51/70 107/64/81 95/52/69
f 107/64/81 106/65/80 95/52/69
f 97/53/71 108/66/82 96/51/70
f 108/66/82 107/64/81 96/51/70
f 99/54/72 110/67/83 98/55/73
f 110/67/83 109/68/84 98/55/73
f 100/56/74 111/69/85 99/54/72
f 111/69/85 110/67/83 99/54/72
f 107/64/81 118/77/92 106/65/80
f 118/77/92 117/78/91 106/65/80
f 108/66/82 119/79/93 107/64/81
f 119/79/93 118/77/92 107/64/81
f 110/67/83 121/80/94 109/68/84
f 121/80/94 120/81/95 109/68/84
f 111/69/85 122/82/96 110/67/83
f 122/82/96 121/80/94 110/67/83
f 118/77/92 129/90/103 117/78/91
f 129/90/103 128/91/102 117/78/91
f 119/79/93 130/92/104 118/77/92
f 130/92/104 129/90/103 118/77/92
f 121/80/94 132/93/105 120/81/95
f 132/93/105 131/94/106 120/81/95
f 122/82/96 133/95/107 121/80/94
f 133/95/107 132/93/105 121/80/94
f 129/90/103 140/103/114 128/91/102
f 140/103/114 139/104/113 128/91/102
f 130/92/104 141/105/115 129/90/103
f 141/105/115 140/103/114 129/90/103
f 132/93/105 143/106/116 131/94/106
f 143/106/116 142/107/117 131/94/106
f 133/95/107 144/108/118 132/93/105
f 144/108/118 143/106/116 132/93/105
f 140/103/114 151/116/125 139/104/113
f 151/116/125 150/117/124 139/104/113
f 141/105/115 152/118/126 140/103/114
f 152/118/126 151/116/125 140/103/114
f 143/106/116 154/119/127 142/107/117
f 154/119/127 153/120/128 142/107/117
f 144/108/118 155/121/129 143/106/116
f 155/121/129 154/119/127 143/106/116
f 151/116/125 162/129/136 150/117/124
f 162/129/136 161/130/135 150/117/124
f 152/118/126 163/131/137 151/116/125
f 163/131/137 162/129/136 151/116/125
f 154/119/127 165/132/138 153/120/128
f 165/132/138 164/133/139 153/120/128
f 155/121/129 166/134/140 154/119/127
f 166/134/140 165/132/138 154/119/127
f 162/129/136 173/142/147 161/130/135
f 173/142/147 172/143/146 161/130/135
f 163/131/137 174/144/148 162/129/136
f 174/144/148 173/142/147 162/129/136
f 165/132/138 176/145/149 164/133/139
f 176/145/149 175/146/150 164/133/139
f 166/134/140 177/147/151 165/132/138
f 177/147/151 176/145/149 165/132/138
f 173/142/147 184/155/158 172/143/146
f 184/155/158 183/156/157 172/143/146
f 174/144/148 185/157/159 173/142/147
f 185/157/159 184/155/158 173/142/147
f 176/145/149 187/158/160 175/146/150
f 187/158/160 186/159/161 175/146/150
f 177/147/151 188/160/162 176/145/149
f 188/160/162 187/158/160 176/145/149
f 184/155/158 195/168/169 183/156/157
f 195/168/169 194/169/168 183/156/157
f 185/157/159 196/170/170 184/155/158
f 196/170/170 195/168/169 184/155/158
f 187/171/160 198/173/171 186/172/161
f 198/173/171 197/174/172 186/172/161
f 188/175/162 199/176/173 187/171/160
f 199/176/173 198/173/171 187/171/160
f 195/168/169 206/184/180 194/169/168
f 206/184/180 205/185/179 194/169/168
f 196/170/170 207/186/181 195/168/169
f 207/186/181 206/184/180 195/168/169
f 198/173/171 209/187/182 197/174/172
f 209/187/182 208/188/183 197/174/172
f 199/176/173 210/189/184 198/173/171
f 210/189/184 209/187/182 198/173/171
f 207/186/181 218/199/192 206/184/180
f 218/199/192 217/200/191 206/184/180
f 209/187/182 220/201/193 208/188/183
f 220/201/193 219/202/194 208/188/183
f 210/189/184 221/203/195 209/187/182
f 221/203/195 220/201/193 209/187/182
f 218/199/192 229/212/203 217/200/191
f 229/212/203 228/213/202 217/200/191
f 220/201/193 231/214/204 219/202/194
f 231/214/204 230/215/205 219/202/194
f 221/203/195 232/216/206 220/201/193
f 232/216/206 231/214/204 220/201/193
f 229/212/203 240/225/214 228/213/202
f 240/225/214 239/226/213 228/213/202
f 231/214/204 242/227/215 230/215/205
f 242/227/215 241/228/216 230/215/205
f 232/216/206 243/229/217 231/214/204
f 243/229/217 242/227/215 231/214/204
f 240/225/214 251/238/225 239/226/213
f 251/238/225 250/239/224 239/226/213
f 242/227/215 253/240/226 241/228/216
f 253/240/226 252/241/227 241/228/216
f 243/229/217 254/242/228 242/227/215
f 254/242/228 253/240/226 242/227/215
f 251/238/225 262/251/236 250/239/224
f 262/251/236 261/252/235 250/239/224
f 253/240/226 264/253/237 252/241/227
f 264/253/237 263/254/238 252/241/227
f 254/242/228 265/255/239 253/240/226
f 265/255/239 264/253/237 253/240/226
f 262/251/236 273/264/247 261/252/235
f 273/264/247 272/265/246 261/252/235
f 264/253/237 275/266/248 263/254/238
f 275/266/248 274/267/249 263/254/238
f 265/255/239 276/268/250 264/253/237
f 276/268/250 275/266/248 264/253/237
f 273/264/247 284/277/258 272/265/246
f 284/277/258 283/278/257 272/265/246
f 275/266/248 286/279/259 274/267/249
f 286/279/259 285/280/260 274/267/249
f 276/268/250 287/281/261 275/266/248
f 287/281/261 286/279/259 275/266/248
f 284/277/258 295/290/269 283/278/257
f 295/290/269 294/291/268 283/278/257
f 286/279/259 297/292/270 285/280/260
f 297/292/270 296/293/271 285/280/260
f 287/281/261 298/294/272 286/279/259
f 298/294/272 297/292/270 286/279/259
f 295/290/269 306/303/280 294/291/268
f 306/303/280 305/304/279 294/291/268
f 297/292/270 308/305/281 296/293/271
f 308/305/281 307/306/282 296/293/271
f 298/294/272 309/307/283 297/292/270
f 309/307/283 308/305/281 297/292/270
f 306/303/280 317/316/291 305/304/279
f 317/316/291 316/317/290 305/304/279
f 308/305/281 319/318/292 307/306/282
f 319/318/292 318/319/293 307/306/282
f 309/307/283 320/320/294 308/305/281
f 320/320/294 319/318/292 308/305/281
f 317/316/291 328/329/302 316/317/290
f 328/329/302 327/330/301 316/317/290
f 319/318/292 330/331/303 318/319/293
f 330/331/303 329/332/304 318/319/293
f 320/320/294 331/333/305 319/318/292
f 331/333/305 330/331/303 319/318/292
f 327/330/301 338/342/312 326/341/300
f 338/342/312 337/343/311 326/341/300
f 328/329/302 339/344/313 327/330/301
f 339/344/313 338/342/312 327/330/301
f 330/331/303 341/345/314 329/332/304
f 341/345/314 340/346/315 329/332/304
f 331/333/305 342/347/316 330/331/303
f 342/347/316 341/345/314 330/331/303
f 338/342/312 349/355/323 337/343/311
f 349/355/323 348/356/322 337/343/311
f 339/344/313 350/357/324 338/342/312
f 350/357/324 349/355/323 338/342/312
f 341/345/314 352/358/325 340/346/315
f 352/358/325 351/359/326 340/346/315
f 342/347/316 353/360/327 341/345/314
f 353/360/327 352/358/325 341/345/314
f 349/355/323 360/368/334 348/356/322
f 360/368/334 359/369/333 348/356/322
f 350/357/324 361/370/335 349/355/323
f 361/370/335 360/368/334 349/355/323
f 352/358/325 363/371/336 351/359/326
f 363/371/336 362/372/337 351/359/326
f 353/360/327 364/373/338 352/358/325
f 364/373/338 363/371/336 352/358/325
f 360/368/334 371/381/345 359/369/333
f 371/381/345 370/382/344 359/369/333
f 361/370/335 372/383/346 360/368/334
f 372/383/346 371/381/345 360/368/334
f 363/371/336 374/384/347 362/372/337
f 374/384/347 373/385/348 362/372/337
f 364/373/338 375/386/349 363/371/336
f 375/386/349 374/384/347 363/371/336
f 371/381/345 382/394/356 370/382/344
f 382/394/356 381/395/355 370/382/344
f 372/383/346 383/396/357 371/381/345
f 383/396/357 382/394/356 371/381/345
f 374/384/347 385/397/358 373/385/348
f 385/397/358 384/398/359 373/385/348
f 375/386/349 386/399/360 374/384/347
f 386/399/360 385/397/358 374/384/347
f 382/394/356 393/407/367 381/395/355
f 393/407/367 392/408/366 381/395/355
f 383/396/357 394/409/368 382/394/356
f 394/409/368 393/407/367 382/394/356
f 385/397/358 396/410/369 384/398/359
f 396/410/369 395/411/370 384/398/359
f 386/399/360 397/412/371 385/397/358
f 397/412/371 396/410/369 385/397/358
f 393/407/367 404/420/378 392/408/366
f 404/420/378 403/421/377 392/408/366
f 394/409/368 405/422/379 393/407/367
f 405/422/379 404/420/378 393/407/367
f 396/410/369 407/423/380 395/411/370
f 407/423/380 406/424/381 395/411/370
f 397/412/371 408/425/382 396/410/369
f 408/425/382 407/423/380 396/410/369
f 404/420/378 415/433/389 403/421/377
f 415/433/389 414/434/388 403/421/377
f 405/422/379 416/435/390 404/420/378
f 416/435/390 415/433/389 404/420/378
f 407/423/380 418/436/391 406/424/381
f 418/436/391 417/437/392 406/424/381
f 408/425/382 419/438/393 407/423/380
f 419/438/393 418/436/391 407/423/380
f 415/433/389 426/446/400 414/434/388
f 426/446/400 425/447/399 414/434/388
f 416/435/390 427/448/401 415/433/389
f 427/448/401 426/446/400 415/433/389
f 418/449/391 429/451/402 417/450/392
f 429/451/402 428/452/403 417/450/392
f 419/453/393 430/454/404 418/449/391
f 430/454/404 429/451/402 418/449/391
f 426/446/400 437/469/411 425/447/399
f 437/469/411 436/470/410 425/447/399
f 427/448/401 438/471/412 426/446/400
f 438/471/412 437/469/411 426/446/400
f 429/451/402 440/472/413 428/452/403
f 440/472/413 439/473/414 428/452/403
f 430/454/404 441/474/415 429/451/402
f 441/474/415 440/472/413 429/451/402
f 437/469/411 448/482/422 436/470/410
f 448/482/422 447/483/421 436/470/410
f 438/471/412 449/484/423 437/469/411
f 449/484/423 448/482/422 437/469/411
f 440/472/413 451/485/424 439/473/414
f 451/485/424 450/486/425 439/473/414
f 441/474/415 452/487/426 440/472/413
f 452/487/426 451/485/424 440/472/413
f 448/482/422 459/495/433 447/483/421
f 459/495/433 458/496/432 447/483/421
f 449/484/423 460/497/434 448/482/422
f 460/497/434 459/495/433 448/482/422
f 451/485/424 462/498/435 450/486/425
f 462/498/435 461/499/436 450/486/425
f 452/487/426 463/500/437 451/485/424
f 463/500/437 462/498/435 451/485/424
f 459/495/433 470/508/444 458/496/432
f 470/508/444 469/509/443 458/496/432
f 460/497/434 471/510/445 459/495/433
f 471/510/445 470/508/444 459/495/433
f 462/498/435 473/511/446 461/499/436
f 473/511/446 472/512/447 461/499/436
f 463/500/437 474/513/448 462/498/435
f 474/513/448 473/511/446 462/498/435
f 470/508/444 481/521/455 469/509/443
f 481/521/455 480/522/454 469/509/443
f 471/510/445 482/523/456 470/508/444
f 482/523/456 481/521/455 470/508/444
f 473/511/446 484/524/457 472/512/447
f 484/524/457 483/525/458 472/512/447
f 474/513/448 485/526/459 473/511/446
f 485/526/459 484/524/457 473/511/446
f 481/521/455 492/534/466 480/522/454
f 492/534/466 491/535/465 480/522/454
f 482/523/456 493/536/467 481/521/455
f 493/536/467 492/534/466 481/521/455
f 484/524/457 495/537/468 483/525/458
f 495/537/468 494/538/469 483/525/458
f 485/526/459 496/539/470 484/524/457
f 496/539/470 495/537/468 484/524/457
f 492/534/466 503/547/477 491/535/465
f 503/547/477 502/548/476 491/535/465
f 493/536/467 504/549/478 492/534/466
f 504/549/478 503/547/477 492/534/466
f 495/537/468 506/550/479 494/538/469
f 506/550/479 505/551/480 494/538/469
f 496/539/470 507/552/481 495/537/468
f 507/552/481 506/550/479 495/537/468
f 503/547/477 514/560/488 502/548/476
f 514/560/488 513/561/487 502/548/476
f 504/549/478 515/562/489 503/547/477
f 515/562/489 514/560/488 503/547/477
f 506/550/479 517/563/490 505/551/480
f 517/563/490 516/564/491 505/551/480
f 507/552/481 518/565/492 506/550/479
f 518/565/492 517/563/490 506/550/479
f 514/560/488 525/573/499 513/561/487
f 525/573/499 524/574/498 513/561/487
f 515/562/489 526/575/500 514/560/488
f 526/575/500 525/573/499 514/560/488
f 517/563/490 528/576/501 516/564/491
f 528/576/501 527/577/502 516/564/491
f 518/565/492 529/578/503 517/563/490
f 529/578/503 528/576/501 517/563/490
f 525/573/499 536/586/510 524/574/498
f 536/586/510 535/587/509 524/574/498
f 526/575/500 537/588/511 525/573/499
f 537/588/511 536/586/510 525/573/499
f 528/576/501 539/589/512 527/577/502
f 539/589/512 538/590/513 527/577/502
f 529/578/503 540/591/514 528/576/501
f 540/591/514 539/589/512 528/576/501
f 536/586/510 547/599/521 535/587/509
f 547/599/521 546/600/520 535/587/509
f 537/588/511 548/601/522 536/586/510
f 548/601/522 547/599/521 536/586/510
f 539/589/512 55/2/28 538/590/513
f 55/2/28 54/3/29 538/590/513
f 540/591/514 56/6/32 539/589/512
f 56/6/32 55/2/28 539/589/512
f 547/599/521 63/22/46 546/600/520
f 63/22/46 62/23/44 546/600/520
f 548/601/522 64/26/48 547/599/521
f 64/26/48 63/22/46 547/599/521
g VWBeetle.002_Picture
usemtl Picture
f 57/8/34 68/10/35 56/9/32
f 68/10/35 67/11/33 56/9/32
f 58/12/36 69/13/37 57/8/34
f 69/13/37 68/10/35 57/8/34
f 59/14/38 70/15/39 58/12/36
f 70/15/39 69/13/37 58/12/36
f 60/16/40 71/17/41 59/14/38
f 71/17/41 70/15/39 59/14/38
f 61/18/42 72/19/43 60/16/40
f 72/19/43 71/17/41 60/16/40
f 62/20/44 73/21/45 61/18/42
f 73/21/45 72/19/43 61/18/42
f 68/10/35 79/31/53 67/11/33
f 79/31/53 78/32/52 67/11/33
f 69/13/37 80/33/54 68/10/35
f 80/33/54 79/31/53 68/10/35
f 70/15/39 81/34/55 69/13/37
f 81/34/55 80/33/54 69/13/37
f 71/17/41 82/35/56 70/15/39
f 82/35/56 81/34/55 70/15/39
f 72/19/43 83/36/57 71/17/41
f 83/36/57 82/35/56 71/17/41
f 73/21/45 84/37/58 72/19/43
f 84/37/58 83/36/57 72/19/43
f 79/31/53 90/44/64 78/32/52
f 90/44/64 89/45/63 78/32/52
f 80/33/54 91/46/65 79/31/53
f 91/46/65 90/44/64 79/31/53
f 81/34/55 92/47/66 80/33/54
f 92/47/66 91/46/65 80/33/54
f 82/35/56 93/48/67 81/34/55
f 93/48/67 92/47/66 81/34/55
f 83/36/57 94/49/68 82/35/56
f 94/49/68 93/48/67 82/35/56
f 84/37/58 95/50/69 83/36/57
f 95/50/69 94/49/68 83/36/57
f 90/44/64 101/57/75 89/45/63
f 101/57/75 100/58/74 89/45/63
f 91/46/65 102/59/76 90/44/64
f 102/59/76 101/57/75 90/44/64
f 92/47/66 103/60/77 91/46/65
f 103/60/77 102/59/76 91/46/65
f 93/48/67 104/61/78 92/47/66
f 104/61/78 103/60/77 92/47/66
f 94/49/68 105/62/79 93/48/67
f 105/62/79 104/61/78 93/48/67
f 95/50/69 106/63/80 94/49/68
f 106/63/80 105/62/79 94/49/68
f 101/57/75 112/70/86 100/58/74
f 112/70/86 111/71/85 100/58/74
f 102/59/76 113/72/87 101/57/75
f 113/72/87 112/70/86 101/57/75
f 103/60/77 114/73/88 102/59/76
f 114/73/88 113/72/87 102/59/76
f 104/61/78 115/74/89 103/60/77
f 115/74/89 114/73/88 103/60/77
f 105/62/79 116/75/90 104/61/78
f 116/75/90 115/74/89 104/61/78
f 106/63/80 117/76/91 105/62/79
f 117/76/91 116/75/90 105/62/79
f 112/70/86 123/83/97 111/71/85
f 123/83/97 122/84/96 111/71/85
f 113/72/87 124/85/98 112/70/86
f 124/85/98 123/83/97 112/70/86
f 114/73/88 125/86/99 113/72/87
f 125/86/99 124/85/98 113/72/87
f 115/74/89 126/87/100 114/73/88
f 126/87/100 125/86/99 114/73/88
f 116/75/90 127/88/101 115/74/89
f 127/88/101 126/87/100 115/74/89
f 117/76/91 128/89/102 116/75/90
f 128/89/102 127/88/101 116/75/90
f 123/83/97 134/96/108 122/84/96
f 134/96/108 133/97/107 122/84/96
f 124/85/98 135/98/109 123/83/97
f 135/98/109 134/96/108 123/83/97
f 125/86/99 136/99/110 124/85/98
f 136/99/110 135/98/109 124/85/98
f 126/87/100 137/100/111 125/86/99
f 137/100/111 136/99/110 125/86/99
f 127/88/101 138/101/112 126/87/100
f 138/101/112 137/100/111 126/87/100
f 128/89/102 139/102/113 127/88/101
f 139/102/113 138/101/112 127/88/101
f 134/96/108 145/109/119 133/97/107
f 145/109/119 144/110/118 133/97/107
f 135/98/109 146/111/120 134/96/108
f 146/111/120 145/109/119 134/96/108
f 136/99/110 147/112/121 135/98/109
f 147/112/121 146/111/120 135/98/109
f 137/100/111 148/113/122 136/99/110
f 148/113/122 147/112/121 136/99/110
f 138/101/112 149/114/123 137/100/111
f 149/114/123 148/113/122 137/100/111
f 139/102/113 150/115/124 138/101/112
f 150/115/124 149/114/123 138/101/112
f 145/109/119 156/122/130 144/110/118
f 156/122/130 155/123/129 144/110/118
f 146/111/120 157/124/131 145/109/119
f 157/124/131 156/122/130 145/109/119
f 147/112/121 158/125/132 146/111/120
f 158/125/132 157/124/131 146/111/120
f 148/113/122 159/126/133 147/112/121
f 159/126/133 158/125/132 147/112/121
f 149/114/123 160/127/134 148/113/122
f 160/127/134 159/126/133 148/113/122
f 150/115/124 161/128/135 149/114/123
f 161/128/135 160/127/134 149/114/123
f 156/122/130 167/135/141 155/123/129
f 167/135/141 166/136/140 155/123/129
f 157/124/131 168/137/142 156/122/130
f 168/137/142 167/135/141 156/122/130
f 158/125/132 169/138/143 157/124/131
f 169/138/143 168/137/142 157/124/131
f 159/126/133 170/139/144 158/125/132
f 170/139/144 169/138/143 158/125/132
f 160/127/134 171/140/145 159/126/133
f 171/140/145 170/139/144 159/126/133
f 161/128/135 172/141/146 160/127/134
f 172/141/146 171/140/145 160/127/134
f 167/135/141 178/148/152 166/136/140
f 178/148/152 177/149/151 166/136/140
f 168/137/142 179/150/153 167/135/141
f 179/150/153 178/148/152 167/135/141
f 169/138/143 180/151/154 168/137/142
f 180/151/154 179/150/153 168/137/142
f 170/139/144 181/152/155 169/138/143
f 181/152/155 180/151/154 169/138/143
f 171/140/145 182/153/156 170/139/144
f 182/153/156 181/152/155 170/139/144
f 172/141/146 183/154/157 171/140/145
f 183/154/157 182/153/156 171/140/145
f 178/148/152 189/161/163 177/149/151
f 189/161/163 188/162/162 177/149/151
f 179/150/153 190/163/164 178/148/152
f 190/163/164 189/161/163 178/148/152
f 180/151/154 191/164/165 179/150/153
f 191/164/165 190/163/164 179/150/153
f 181/152/155 192/165/166 180/151/154
f 192/165/166 191/164/165 180/151/154
f 182/153/156 193/166/167 181/152/155
f 193/166/167 192/165/166 181/152/155
f 183/154/157 194/167/168 182/153/156
f 194/167/168 193/166/167 182/153/156
f 189/161/163 200/177/174 188/162/162
f 200/177/174 199/178/173 188/162/162
f 190/163/164 201/179/175 189/161/163
f 201/179/175 200/177/174 189/161/163
f 191/164/165 202/180/176 190/163/164
f 202/180/176 201/179/175 190/163/164
f 192/165/166 203/181/177 191/164/165
f 203/181/177 202/180/176 191/164/165
f 193/166/167 204/182/178 192/165/166
f 204/182/178 203/181/177 192/165/166
f 194/167/168 205/183/179 193/166/167
f 205/183/179 204/182/178 193/166/167
f 200/177/174 211/190/185 199/178/173
f 211/190/185 210/191/184 199/178/173
f 201/179/175 212/192/186 200/177/174
f 212/192/186 211/190/185 200/177/174
f 202/180/176 213/193/187 201/179/175
f 213/193/187 212/192/186 201/179/175
f 203/181/177 214/194/188 202/180/176
f 214/194/188 213/193/187 202/180/176
f 204/182/178 215/195/189 203/181/177
f 215/195/189 214/194/188 203/181/177
f 205/183/179 216/196/190 204/182/178
f 216/196/190 215/195/189 204/182/178
f 206/197/180 217/198/191 205/183/179
f 217/198/191 216/196/190 205/183/179
f 211/190/185 222/204/196 210/191/184
f 222/204/196 221/205/195 210/191/184
f 212/192/186 223/206/197 211/190/185
f 223/206/197 222/204/196 211/190/185
f 213/193/187 224/207/198 212/192/186
f 224/207/198 223/206/197 212/192/186
f 214/194/188 225/208/199 213/193/187
f 225/208/199 224/207/198 213/193/187
f 215/195/189 226/209/200 214/194/188
f 226/209/200 225/208/199 214/194/188
f 216/196/190 227/210/201 215/195/189
f 227/210/201 226/209/200 215/195/189
f 217/198/191 228/211/202 216/196/190
f 228/211/202 227/210/201 216/196/190
f 222/204/196 233/217/207 221/205/195
f 233/217/207 232/218/206 221/205/195
f 223/206/197 234/219/208 222/204/196
f 234/219/208 233/217/207 222/204/196
f 224/207/198 235/220/209 223/206/197
f 235/220/209 234/219/208 223/206/197
f 225/208/199 236/221/210 224/207/198
f 236/221/210 235/220/209 224/207/198
f 226/209/200 237/222/211 225/208/199
f 237/222/211 236/221/210 225/208/199
f 227/210/201 238/223/212 226/209/200
f 238/223/212 237/222/211 226/209/200
f 228/211/202 239/224/213 227/210/201
f 239/224/213 238/223/212 227/210/201
f 233/217/207 244/230/218 232/218/206
f 244/230/218 243/231/217 232/218/206
f 234/219/208 245/232/219 233/217/207
f 245/232/219 244/230/218 233/217/207
f 235/220/209 246/233/220 234/219/208
f 246/233/220 245/232/219 234/219/208
f 236/221/210 247/234/221 235/220/209
f 247/234/221 246/233/220 235/220/209
f 237/222/211 248/235/222 236/221/210
f 248/235/222 247/234/221 236/221/210
f 238/223/212 249/236/223 237/222/211
f 249/236/223 248/235/222 237/222/211
f 239/224/213 250/237/224 238/223/212
f 250/237/224 249/236/223 238/223/212
f 244/230/218 255/243/229 243/231/217
f 255/243/229 254/244/228 243/231/217
f 245/232/219 256/245/230 244/230/218
f 256/245/230 255/243/229 244/230/218
f 246/233/220 257/246/231 245/232/219
f 257/246/231 256/245/230 245/232/219
f 247/234/221 258/247/232 246/233/220
f 258/247/232 257/246/231 246/233/220
f 248/235/222 259/248/233 247/234/221
f 259/248/233 258/247/232 247/234/221
f 249/236/223 260/249/234 248/235/222
f 260/249/234 259/248/233 248/235/222
f 250/237/224 261/250/235 249/236/223
f 261/250/235 260/249/234 249/236/223
f 255/243/229 266/256/240 254/244/228
f 266/256/240 265/257/239 254/244/228
f 256/245/230 267/258/241 255/243/229
f 267/258/241 266/256/240 255/243/229
f 257/246/231 268/259/242 256/245/230
f 268/259/242 267/258/241 256/245/230
f 258/247/232 269/260/243 257/246/231
f 269/260/243 268/259/242 257/246/231
f 259/248/233 270/261/244 258/247/232
f 270/261/244 269/260/243 258/247/232
f 260/249/234 271/262/245 259/248/233
f 271/262/245 270/261/244 259/248/233
f 261/250/235 272/263/246 260/249/234
f 272/263/246 271/262/245 260/249/234
f 266/256/240 277/269/251 265/257/239
f 277/269/251 276/270/250 265/257/239
f 267/258/241 278/271/252 266/256/240
f 278/271/252 277/269/251 266/256/240
f 268/259/242 279/272/253 267/258/241
f 279/272/253 278/271/252 267/258/241
f 269/260/243 280/273/254 268/259/242
f 280/273/254 279/272/253 268/259/242
f 270/261/244 281/274/255 269/260/243
f 281/274/255 280/273/254 269/260/243
f 271/262/245 282/275/256 270/261/244
f 282/275/256 281/274/255 270/261/244
f 272/263/246 283/276/257 271/262/245
f 283/276/257 282/275/256 271/262/245
f 277/269/251 288/282/262 276/270/250
f 288/282/262 287/283/261 276/270/250
f 278/271/252 289/284/263 277/269/251
f 289/284/263 288/282/262 277/269/251
f 279/272/253 290/285/264 278/271/252
f 290/285/264 289/284/263 278/271/252
f 280/273/254 291/286/265 279/272/253
f 291/286/265 290/285/264 279/272/253
f 281/274/255 292/287/266 280/273/254
f 292/287/266 291/286/265 280/273/254
f 282/275/256 293/288/267 281/274/255
f 293/288/267 292/287/266 281/274/255
f 283/276/257 294/289/268 282/275/256
f 294/289/268 293/288/267 282/275/256
f 288/282/262 299/295/273 287/283/261
f 299/295/273 298/296/272 287/283/261
f 289/284/263 300/297/274 288/282/262
f 300/297/274 299/295/273 288/282/262
f 290/285/264 301/298/275 289/284/263
f 301/298/275 300/297/274 289/284/263
f 291/286/265 302/299/276 290/285/264
f 302/299/276 301/298/275 290/285/264
f 292/287/266 303/300/277 291/286/265
f 303/300/277 302/299/276 291/286/265
f 293/288/267 304/301/278 292/287/266
f 304/301/278 303/300/277 292/287/266
f 294/289/268 305/302/279 293/288/267
f 305/302/279 304/301/278 293/288/267
f 299/295/273 310/308/284 298/296/272
f 310/308/284 309/309/283 298/296/272
f 300/297/274 311/310/285 299/295/273
f 311/310/285 310/308/284 299/295/273
f 301/298/275 312/311/286 300/297/274
f 312/311/286 311/310/285 300/297/274
f 302/299/276 313/312/287 301/298/275
f 313/312/287 312/311/286 301/298/275
f 303/300/277 314/313/288 302/299/276
f 314/313/288 313/312/287 302/299/276
f 304/301/278 315/314/289 303/300/277
f 315/314/289 314/313/288 303/300/277
f 305/302/279 316/315/290 304/301/278
f 316/315/290 315/314/289 304/301/278
f 310/308/284 321/321/295 309/309/283
f 321/321/295 320/322/294 309/309/283
f 311/310/285 322/323/296 310/308/284
f 322/323/296 321/321/295 310/308/284
f 312/311/286 323/324/297 311/310/285
f 323/324/297 322/323/296 311/310/285
f 313/312/287 324/325/298 312/311/286
f 324/325/298 323/324/297 312/311/286
f 314/313/288 325/326/299 313/312/287
f 325/326/299 324/325/298 313/312/287
f 315/314/289 326/327/300 314/313/288
f 326/327/300 325/326/299 314/313/288
f 316/315/290 327/328/301 315/314/289
f 327/328/301 326/327/300 315/314/289
f 321/321/295 332/334/306 320/322/294
f 332/334/306 331/335/305 320/322/294
f 322/323/296 333/336/307 321/321/295
f 333/336/307 332/334/306 321/321/295
f 323/324/297 334/337/308 322/323/296
f 334/337/308 333/336/307 322/323/296
f 324/325/298 335/338/309 323/324/297
f 335/338/309 334/337/308 323/324/297
f 325/326/299 336/339/310 324/325/298
f 336/339/310 335/338/309 324/325/298
f 326/327/300 337/340/311 325/326/299
f 337/340/311 336/339/310 325/326/299
f 332/334/306 343/348/317 331/335/305
f 343/348/317 342/349/316 331/335/305
f 333/336/307 344/350/318 332/334/306
f 344/350/318 343/348/317 332/334/306
f 334/337/308 345/351/319 333/336/307
f 345/351/319 344/350/318 333/336/307
f 335/338/309 346/352/320 334/337/308
f 346/352/320 345/351/319 334/337/308
f 336/339/310 347/353/321 335/338/309
f 347/353/321 346/352/320 335/338/309
f 337/340/311 348/354/322 336/339/310
f 348/354/322 347/353/321 336/339/310
f 343/348/317 354/361/328 342/349/316
f 354/361/328 353/362/327 342/349/316
f 344/350/318 355/363/329 343/348/317
f 355/363/329 354/361/328 343/348/317
f 345/351/319 356/364/330 344/350/318
f 356/364/330 355/363/329 344/350/318
f 346/352/320 357/365/331 345/351/319
f 357/365/331 356/364/330 345/351/319
f 347/353/321 358/366/332 346/352/320
f 358/366/332 357/365/331 346/352/320
f 348/354/322 359/367/333 347/353/321
f 359/367/333 358/366/332 347/353/321
f 354/361/328 365/374/339 353/362/327
f 365/374/339 364/375/338 353/362/327
f 355/363/329 366/376/340 354/361/328
f 366/376/340 365/374/339 354/361/328
f 356/364/330 367/377/341 355/363/329
f 367/377/341 366/376/340 355/363/329
f 357/365/331 368/378/342 356/364/330
f 368/378/342 367/377/341 356/364/330
f 358/366/332 369/379/343 357/365/331
f 369/379/343 368/378/342 357/365/331
f 359/367/333 370/380/344 358/366/332
f 370/380/344 369/379/343 358/366/332
f 365/374/339 376/387/350 364/375/338
f 376/387/350 375/388/349 364/375/338
f 366/376/340 377/389/351 365/374/339
f 377/389/351 376/387/350 365/374/339
f 367/377/341 378/390/352 366/376/340
f 378/390/352 377/389/351 366/376/340
f 368/378/342 379/391/353 367/377/341
f 379/391/353 378/390/352 367/377/341
f 369/379/343 380/392/354 368/378/342
f 380/392/354 379/391/353 368/378/342
f 370/380/344 381/393/355 369/379/343
f 381/393/355 380/392/354 369/379/343
f 376/387/350 387/400/361 375/388/349
f 387/400/361 386/401/360 375/388/349
f 377/389/351 388/402/362 376/387/350
f 388/402/362 387/400/361 376/387/350
f 378/390/352 389/403/363 377/389/351
f 389/403/363 388/402/362 377/389/351
f 379/391/353 390/404/364 378/390/352
f 390/404/364 389/403/363 378/390/352
f 380/392/354 391/405/365 379/391/353
f 391/405/365 390/404/364 379/391/353
f 381/393/355 392/406/366 380/392/354
f 392/406/366 391/405/365 380/392/354
f 387/400/361 398/413/372 386/401/360
f 398/413/372 397/414/371 386/401/360
f 388/402/362 399/415/373 387/400/361
f 399/415/373 398/413/372 387/400/361
f 389/403/363 400/416/374 388/402/362
f 400/416/374 399/415/373 388/402/362
f 390/404/364 401/417/375 389/403/363
f 401/417/375 400/416/374 389/403/363
f 391/405/365 402/418/376 390/404/364
f 402/418/376 401/417/375 390/404/364
f 392/406/366 403/419/377 391/405/365
f 403/419/377 402/418/376 391/405/365
f 398/413/372 409/426/383 397/414/371
f 409/426/383 408/427/382 397/414/371
f 399/415/373 410/428/384 398/413/372
f 410/428/384 409/426/383 398/413/372
f 400/416/374 411/429/385 399/415/373
f 411/429/385 410/428/384 399/415/373
f 401/417/375 412/430/386 400/416/374
f 412/430/386 411/429/385 400/416/374
f 402/418/376 413/431/387 401/417/375
f 413/431/387 412/430/386 401/417/375
f 403/419/377 414/432/388 402/418/376
f 414/432/388 413/431/387 402/418/376
f 409/426/383 420/439/394 408/427/382
f 420/439/394 419/440/393 408/427/382
f 410/428/384 421/441/395 409/426/383
f 421/441/395 420/439/394 409/426/383
f 411/429/385 422/442/396 410/428/384
f 422/442/396 421/441/395 410/428/384
f 412/430/386 423/443/397 411/429/385
f 423/443/397 422/442/396 411/429/385
f 413/431/387 424/444/398 412/430/386
f 424/444/398 423/443/397 412/430/386
f 414/432/388 425/445/399 413/431/387
f 425/445/399 424/444/398 413/431/387
f 420/455/394 431/457/405 419/456/393
f 431/457/405 430/458/404 419/456/393
f 421/459/395 432/460/406 420/455/394
f 432/460/406 431/457/405 420/455/394
f 422/461/396 433/462/407 421/459/395
f 433/462/407 432/460/406 421/459/395
f 423/463/397 434/464/408 422/461/396
f 434/464/408 433/462/407 422/461/396
f 424/465/398 435/466/409 423/463/397
f 435/466/409 434/464/408 423/463/397
f 425/467/399 436/468/410 424/465/398
f 436/468/410 435/466/409 424/465/398
f 431/457/405 442/475/416 430/458/404
f 442/475/416 441/476/415 430/458/404
f 432/460/406 443/477/417 431/457/405
f 443/477/417 442/475/416 431/457/405
f 433/462/407 444/478/418 432/460/406
f 444/478/418 443/477/417 432/460/406
f 434/464/408 445/479/419 433/462/407
f 445/479/419 444/478/418 433/462/407
f 435/466/409 446/480/420 434/464/408
f 446/480/420 445/479/419 434/464/408
f 436/468/410 447/481/421 435/466/409
f 447/481/421 446/480/420 435/466/409
f 442/475/416 453/488/427 441/476/415
f 453/488/427 452/489/426 441/476/415
f 443/477/417 454/490/428 442/475/416
f 454/490/428 453/488/427 442/475/416
f 444/478/418 455/491/429 443/477/417
f 455/491/429 454/490/428 443/477/417
f 445/479/419 456/492/430 444/478/418
f 456/492/430 455/491/429 444/478/418
f 446/480/420 457/493/431 445/479/419
f 457/493/431 456/492/430 445/479/419
f 447/481/421 458/494/432 446/480/420
f 458/494/432 457/493/431 446/480/420
f 453/488/427 464/501/438 452/489/426
f 464/501/438 463/502/437 452/489/426
f 454/490/428 465/503/439 453/488/427
f 465/503/439 464/501/438 453/488/427
f 455/491/429 466/504/440 454/490/428
f 466/504/440 465/503/439 454/490/428
f 456/492/430 467/505/441 455/491/429
f 467/505/441 466/504/440 455/491/429
f 457/493/431 468/506/442 456/492/430
f 468/506/442 467/505/441 456/492/430
f 458/494/432 469/507/443 457/493/431
f 469/507/443 468/506/442 457/493/431
f 464/501/438 475/514/449 463/502/437
f 475/514/449 474/515/448 463/502/437
f 465/503/439 476/516/450 464/501/438
f 476/516/450 475/514/449 464/501/438
f 466/504/440 477/517/451 465/503/439
f 477/517/451 476/516/450 465/503/439
f 467/505/441 478/518/452 466/504/440
f 478/518/452 477/517/451 466/504/440
f 468/506/442 479/519/453 467/505/441
f 479/519/453 478/518/452 467/505/441
f 469/507/443 480/520/454 468/506/442
f 480/520/454 479/519/453 468/506/442
f 475/514/449 486/527/460 474/515/448
f 486/527/460 485/528/459 474/515/448
f 476/516/450 487/529/461 475/514/449
f 487/529/461 486/527/460 475/514/449
f 477/517/451 488/530/462 476/516/450
f 488/530/462 487/529/461 476/516/450
f 478/518/452 489/531/463 477/517/451
f 489/531/463 488/530/462 477/517/451
f 479/519/453 490/532/464 478/518/452
f 490/532/464 489/531/463 478/518/452
f 480/520/454 491/533/465 479/519/453
f 491/533/465 490/532/464 479/519/453
f 486/527/460 497/540/471 485/528/459
f 497/540/471 496/541/470 485/528/459
f 487/529/461 498/542/472 486/527/460
f 498/542/472 497/540/471 486/527/460
f 488/530/462 499/543/473 487/529/461
f 499/543/473 498/542/472 487/529/461
f 489/531/463 500/544/474 488/530/462
f 500/544/474 499/543/473 488/530/462
f 490/532/464 501/545/475 489/531/463
f 501/545/475 500/544/474 489/531/463
f 491/533/465 502/546/476 490/532/464
f 502/546/476 501/545/475 490/532/464
f 497/540/471 508/553/482 496/541/470
f 508/553/482 507/554/481 496/541/470
f 498/542/472 509/555/483 497/540/471
f 509/555/483 508/553/482 497/540/471
f 499/543/473 510/556/484 498/542/472
f 510/556/484 509/555/483 498/542/472
f 500/544/474 511/557/485 499/543/473
f 511/557/485 510/556/484 499/543/473
f 501/545/475 512/558/486 500/544/474
f 512/558/486 511/557/485 500/544/474
f 502/546/476 513/559/487 501/545/475
f 513/559/487 512/558/486 501/545/475
f 508/553/482 519/566/493 507/554/481
f 519/566/493 518/567/492 507/554/481
f 509/555/483 520/568/494 508/553/482
f 520/568/494 519/566/493 508/553/482
f 510/556/484 521/569/495 509/555/483
f 521/569/495 520/568/494 509/555/483
f 511/557/485 522/570/496 510/556/484
f 522/570/496 521/569/495 510/556/484
f 512/558/486 523/571/497 511/557/485
f 523/571/497 522/570/496 511/557/485
f 513/559/487 524/572/498 512/558/486
f 524/572/498 523/571/497 512/558/486
f 519/566/493 530/579/504 518/567/492
f 530/579/504 529/580/503 518/567/492
f 520/568/494 531/581/505 519/566/493
f 531/581/505 530/579/504 519/566/493
f 521/569/495 532/582/506 520/568/494
f 532/582/506 531/581/505 520/568/494
f 522/570/496 533/583/507 521/569/495
f 533/583/507 532/582/506 521/569/495
f 523/571/497 534/584/508 522/570/496
f 534/584/508 533/583/507 522/570/496
f 524/572/498 535/585/509 523/571/497
f 535/585/509 534/584/508 523/571/497
f 530/579/504 541/592/515 529/580/503
f 541/592/515 540/593/514 529/580/503
f 531/581/505 542/594/516 530/579/504
f 542/594/516 541/592/515 530/579/504
f 532/582/506 543/595/517 531/581/505
f 543/595/517 542/594/516 531/581/505
f 533/583/507 544/596/518 532/582/506
f 544/596/518 543/595/517 532/582/506
f 534/584/508 545/597/519 533/583/507
f 545/597/519 544/596/518 533/583/507
f 535/585/509 546/598/520 534/584/508
f 546/598/520 545/597/519 534/584/508
f 541/592/515 57/8/34 540/593/514
f 57/8/34 56/9/32 540/593/514
f 542/594/516 58/12/36 541/592/515
f 58/12/36 57/8/34 541/592/515
f 543/595/517 59/14/38 542/594/516
f 59/14/38 58/12/36 542/594/516
f 544/596/518 60/16/40 543/595/517
f 60/16/40 59/14/38 543/595/517
f 545/597/519 61/18/42 544/596/518
f 61/18/42 60/16/40 544/596/518
f 546/598/520 62/20/44 545/597/519
f 62/20/44 61/18/42 545/597/519
s 30
g VWBeetle.002_white
usemtl white
f 550/1/523 569/1/525 549/1/524
f 569/1/525 568/1/526 549/1/524
f 551/1/527 570/1/528 550/1/523
f 570/1/528 569/1/525 550/1/523
f 552/1/529 571/1/530 551/1/527
f 571/1/530 570/1/528 551/1/527
f 553/1/531 572/1/532 552/1/529
f 572/1/532 571/1/530 552/1/529
s 31
f 554/1/533 573/1/535 553/1/534
f 573/1/535 572/1/536 553/1/534
s 32
f 555/1/537 574/1/539 554/1/538
f 574/1/539 573/1/540 554/1/538
f 556/1/541 575/1/542 555/1/537
f 575/1/542 574/1/539 555/1/537
s 33
f 557/1/543 576/1/545 556/1/544
f 576/1/545 575/1/546 556/1/544
f 558/1/547 577/1/548 557/1/543
f 577/1/548 576/1/545 557/1/543
f 559/1/549 578/1/550 558/1/547
f 578/1/550 577/1/548 558/1/547
s 34
f 560/1/551 579/1/553 559/1/552
f 579/1/553 578/1/554 559/1/552
s 35
f 561/1/26 580/1/26 560/1/26
f 580/1/26 579/1/26 560/1/26
s 36
f 562/1/555 581/1/557 561/1/556
f 581/1/557 580/1/558 561/1/556
s 37
f 563/1/27 582/1/27 562/1/27
f 582/1/27 581/1/27 562/1/27
s 38
f 564/1/559 583/1/561 563/1/560
f 583/1/561 582/1/562 563/1/560
s 39
f 565/1/27 584/1/27 564/1/27
f 584/1/27 583/1/27 564/1/27
s 40
f 566/1/563 585/1/565 565/1/564
f 585/1/565 584/1/566 565/1/564
s 41
f 567/1/27 585/1/27 566/1/27
s 30
f 569/1/525 587/1/567 568/1/526
f 587/1/567 586/1/568 568/1/526
f 570/1/528 588/1/569 569/1/525
f 588/1/569 587/1/567 569/1/525
f 571/1/530 589/1/570 570/1/528
f 589/1/570 588/1/569 570/1/528
f 572/1/532 590/1/571 571/1/530
f 590/1/571 589/1/570 571/1/530
s 31
f 573/1/535 591/1/572 572/1/536
f 591/1/572 590/1/573 572/1/536
s 32
f 574/1/539 592/1/574 573/1/540
f 592/1/574 591/1/575 573/1/540
f 575/1/542 593/1/576 574/1/539
f 593/1/576 592/1/574 574/1/539
s 33
f 576/1/545 594/1/577 575/1/546
f 594/1/577 593/1/578 575/1/546
f 577/1/548 595/1/579 576/1/545
f 595/1/579 594/1/577 576/1/545
f 578/1/550 596/1/580 577/1/548
f 596/1/580 595/1/579 577/1/548
s 34
f 579/1/553 597/1/581 578/1/554
f 597/1/581 596/1/582 578/1/554
s 35
f 580/1/26 598/1/26 579/1/26
f 598/1/26 597/1/26 579/1/26
s 36
f 581/1/557 599/1/583 580/1/558
f 599/1/583 598/1/584 580/1/558
s 37
f 582/1/27 600/1/27 581/1/27
f 600/1/27 599/1/27 581/1/27
s 38
f 583/1/561 601/1/585 582/1/562
f 601/1/585 600/1/586 582/1/562
s 39
f 584/1/27 602/1/27 583/1/27
f 602/1/27 601/1/27 583/1/27
s 40
f 585/1/565 603/1/587 584/1/566
f 603/1/587 602/1/588 584/1/566
s 41
f 567/1/27 603/1/27 585/1/27
s 30
f 587/1/567 605/1/589 586/1/568
f 605/1/589 604/1/590 586/1/568
f 588/1/569 606/1/591 587/1/567
f 606/1/591 605/1/589 587/1/567
f 589/1/570 607/1/592 588/1/569
f 607/1/592 606/1/591 588/1/569
f 590/1/571 608/1/593 589/1/570
f 608/1/593 607/1/592 589/1/570
s 31
f 591/1/572 609/1/594 590/1/573
f 609/1/594 608/1/595 590/1/573
s 32
f 592/1/574 610/1/596 591/1/575
f 610/1/596 609/1/597 591/1/575
f 593/1/576 611/1/598 592/1/574
f 611/1/598 610/1/596 592/1/574
s 33
f 594/1/577 612/1/599 593/1/578
f 612/1/599 611/1/600 593/1/578
f 595/1/579 613/1/601 594/1/577
f 613/1/601 612/1/599 594/1/577
f 596/1/580 614/1/602 595/1/579
f 614/1/602 613/1/601 595/1/579
s 34
f 597/1/581 615/1/603 596/1/582
f 615/1/603 614/1/604 596/1/582
s 35
f 598/1/26 616/1/26 597/1/26
f 616/1/26 615/1/26 597/1/26
s 36
f 599/1/583 617/1/605 598/1/584
f 617/1/605 616/1/606 598/1/584
s 37
f 600/1/27 618/1/27 599/1/27
f 618/1/27 617/1/27 599/1/27
s 38
f 601/1/585 619/1/607 600/1/586
f 619/1/607 618/1/608 600/1/586
s 39
f 602/1/27 620/1/27 601/1/27
f 620/1/27 619/1/27 601/1/27
s 40
f 603/1/587 621/1/609 602/1/588
f 621/1/609 620/1/610 602/1/588
s 41
f 567/1/27 621/1/27 603/1/27
s 30
f 605/1/589 623/1/611 604/1/590
f 623/1/611 622/1/612 604/1/590
f 606/1/591 624/1/613 605/1/589
f 624/1/613 623/1/611 605/1/589
f 607/1/592 625/1/614 606/1/591
f 625/1/614 624/1/613 606/1/591
f 608/1/593 626/1/615 607/1/592
f 626/1/615 625/1/614 607/1/592
s 31
f 609/1/594 627/1/616 608/1/595
f 627/1/616 626/1/617 608/1/595
s 32
f 610/1/596 628/1/618 609/1/597
f 628/1/618 627/1/619 609/1/597
f 611/1/598 629/1/620 610/1/596
f 629/1/620 628/1/618 610/1/596
s 33
f 612/1/599 630/1/621 611/1/600
f 630/1/621 629/1/622 611/1/600
f 613/1/601 631/1/623 612/1/599
f 631/1/623 630/1/621 612/1/599
f 614/1/602 632/1/624 613/1/601
f 632/1/624 631/1/623 613/1/601
s 34
f 615/1/603 633/1/625 614/1/604
f 633/1/625 632/1/626 614/1/604
s 35
f 616/1/26 634/1/26 615/1/26
f 634/1/26 633/1/26 615/1/26
s 36
f 617/1/605 635/1/627 616/1/606
f 635/1/627 634/1/628 616/1/606
s 37
f 618/1/27 636/1/27 617/1/27
f 636/1/27 635/1/27 617/1/27
s 38
f 619/1/607 637/1/629 618/1/608
f 637/1/629 636/1/630 618/1/608
s 39
f 620/1/27 638/1/27 619/1/27
f 638/1/27 637/1/27 619/1/27
s 40
f 621/1/609 639/1/631 620/1/610
f 639/1/631 638/1/632 620/1/610
s 41
f 567/1/27 639/1/27 621/1/27
s 30
f 623/1/611 641/1/633 622/1/612
f 641/1/633 640/1/634 622/1/612
f 624/1/613 642/1/635 623/1/611
f 642/1/635 641/1/633 623/1/611
f 625/1/614 643/1/636 624/1/613
f 643/1/636 642/1/635 624/1/613
f 626/1/615 644/1/637 625/1/614
f 644/1/637 643/1/636 625/1/614
s 31
f 627/1/616 645/1/638 626/1/617
f 645/1/638 644/1/639 626/1/617
s 32
f 628/1/618 646/1/640 627/1/619
f 646/1/640 645/1/641 627/1/619
f 629/1/620 647/1/642 628/1/618
f 647/1/642 646/1/640 628/1/618
s 33
f 630/1/621 648/1/643 629/1/622
f 648/1/643 647/1/644 629/1/622
f 631/1/623 649/1/645 630/1/621
f 649/1/645 648/1/643 630/1/621
f 632/1/624 650/1/646 631/1/623
f 650/1/646 649/1/645 631/1/623
s 34
f 633/1/625 651/1/647 632/1/626
f 651/1/647 650/1/648 632/1/626
s 35
f 634/1/26 652/1/26 633/1/26
f 652/1/26 651/1/26 633/1/26
s 36
f 635/1/627 653/1/649 634/1/628
f 653/1/649 652/1/650 634/1/628
s 37
f 636/1/27 654/1/27 635/1/27
f 654/1/27 653/1/27 635/1/27
s 38
f 637/1/629 655/1/651 636/1/630
f 655/1/651 654/1/652 636/1/630
s 39
f 638/1/27 656/1/27 637/1/27
f 656/1/27 655/1/27 637/1/27
s 40
f 639/1/631 657/1/653 638/1/632
f 657/1/653 656/1/654 638/1/632
s 41
f 567/1/27 657/1/27 639/1/27
s 30
f 641/1/633 659/1/655 640/1/634
f 659/1/655 658/1/656 640/1/634
f 642/1/635 660/1/657 641/1/633
f 660/1/657 659/1/655 641/1/633
f 643/1/636 661/1/658 642/1/635
f 661/1/658 660/1/657 642/1/635
f 644/1/637 662/1/659 643/1/636
f 662/1/659 661/1/658 643/1/636
s 31
f 645/1/638 663/1/660 644/1/639
f 663/1/660 662/1/661 644/1/639
s 32
f 646/1/640 664/1/662 645/1/641
f 664/1/662 663/1/663 645/1/641
f 647/1/642 665/1/664 646/1/640
f 665/1/664 664/1/662 646/1/640
s 33
f 648/1/643 666/1/665 647/1/644
f 666/1/665 665/1/666 647/1/644
f 649/1/645 667/1/667 648/1/643
f 667/1/667 666/1/665 648/1/643
f 650/1/646 668/1/668 649/1/645
f 668/1/668 667/1/667 649/1/645
s 34
f 651/1/647 669/1/669 650/1/648
f 669/1/669 668/1/670 650/1/648
s 35
f 652/1/26 670/1/26 651/1/26
f 670/1/26 669/1/26 651/1/26
s 36
f 653/1/649 671/1/671 652/1/650
f 671/1/671 670/1/672 652/1/650
s 37
f 654/1/27 672/1/27 653/1/27
f 672/1/27 671/1/27 653/1/27
s 38
f 655/1/651 673/1/673 654/1/652
f 673/1/673 672/1/674 654/1/652
s 39
f 656/1/27 674/1/27 655/1/27
f 674/1/27 673/1/27 655/1/27
s 40
f 657/1/653 675/1/675 656/1/654
f 675/1/675 674/1/676 656/1/654
s 41
f 567/1/27 675/1/27 657/1/27
s 30
f 659/1/655 677/1/677 658/1/656
f 677/1/677 676/1/678 658/1/656
f 660/1/657 678/1/679 659/1/655
f 678/1/679 677/1/677 659/1/655
f 661/1/658 679/1/680 660/1/657
f 679/1/680 678/1/679 660/1/657
f 662/1/659 680/1/681 661/1/658
f 680/1/681 679/1/680 661/1/658
s 31
f 663/1/660 681/1/682 662/1/661
f 681/1/682 680/1/683 662/1/661
s 32
f 664/1/662 682/1/684 663/1/663
f 682/1/684 681/1/685 663/1/663
f 665/1/664 683/1/686 664/1/662
f 683/1/686 682/1/684 664/1/662
s 33
f 666/1/665 684/1/687 665/1/666
f 684/1/687 683/1/688 665/1/666
f 667/1/667 685/1/689 666/1/665
f 685/1/689 684/1/687 666/1/665
f 668/1/668 686/1/690 667/1/667
f 686/1/690 685/1/689 667/1/667
s 34
f 669/1/669 687/1/691 668/1/670
f 687/1/691 686/1/692 668/1/670
s 35
f 670/1/26 688/1/26 669/1/26
f 688/1/26 687/1/26 669/1/26
s 36
f 671/1/671 689/1/693 670/1/672
f 689/1/693 688/1/694 670/1/672
s 37
f 672/1/27 690/1/27 671/1/27
f 690/1/27 689/1/27 671/1/27
s 38
f 673/1/673 691/1/695 672/1/674
f 691/1/695 690/1/696 672/1/674
s 39
f 674/1/27 692/1/27 673/1/27
f 692/1/27 691/1/27 673/1/27
s 40
f 675/1/675 693/1/697 674/1/676
f 693/1/697 692/1/698 674/1/676
s 41
f 567/1/27 693/1/27 675/1/27
s 30
f 677/1/677 695/1/699 676/1/678
f 695/1/699 694/1/700 676/1/678
f 678/1/679 696/1/701 677/1/677
f 696/1/701 695/1/699 677/1/677
f 679/1/680 697/1/702 678/1/679
f 697/1/702 696/1/701 678/1/679
f 680/1/681 698/1/703 679/1/680
f 698/1/703 697/1/702 679/1/680
s 31
f 681/1/682 699/1/704 680/1/683
f 699/1/704 698/1/705 680/1/683
s 32
f 682/1/684 700/1/706 681/1/685
f 700/1/706 699/1/707 681/1/685
f 683/1/686 701/1/708 682/1/684
f 701/1/708 700/1/706 682/1/684
s 33
f 684/1/687 702/1/709 683/1/688
f 702/1/709 701/1/710 683/1/688
f 685/1/689 703/1/711 684/1/687
f 703/1/711 702/1/709 684/1/687
f 686/1/690 704/1/712 685/1/689
f 704/1/712 703/1/711 685/1/689
s 34
f 687/1/691 705/1/713 686/1/692
f 705/1/713 704/1/714 686/1/692
s 35
f 688/1/26 706/1/26 687/1/26
f 706/1/26 705/1/26 687/1/26
s 36
f 689/1/693 707/1/715 688/1/694
f 707/1/715 706/1/716 688/1/694
s 37
f 690/1/27 708/1/27 689/1/27
f 708/1/27 707/1/27 689/1/27
s 38
f 691/1/695 709/1/717 690/1/696
f 709/1/717 708/1/718 690/1/696
s 39
f 692/1/27 710/1/27 691/1/27
f 710/1/27 709/1/27 691/1/27
s 40
f 693/1/697 711/1/719 692/1/698
f 711/1/719 710/1/720 692/1/698
s 41
f 567/1/27 711/1/27 693/1/27
s 30
f 695/1/699 713/1/721 694/1/700
f 713/1/721 712/1/722 694/1/700
f 696/1/701 714/1/723 695/1/699
f 714/1/723 713/1/721 695/1/699
f 697/1/702 715/1/724 696/1/701
f 715/1/724 714/1/723 696/1/701
f 698/1/703 716/1/725 697/1/702
f 716/1/725 715/1/724 697/1/702
s 31
f 699/1/704 717/1/726 698/1/705
f 717/1/726 716/1/727 698/1/705
s 32
f 700/1/706 718/1/728 699/1/707
f 718/1/728 717/1/729 699/1/707
f 701/1/708 719/1/730 700/1/706
f 719/1/730 718/1/728 700/1/706
s 33
f 702/1/709 720/1/731 701/1/710
f 720/1/731 719/1/732 701/1/710
f 703/1/711 721/1/733 702/1/709
f 721/1/733 720/1/731 702/1/709
f 704/1/712 722/1/734 703/1/711
f 722/1/734 721/1/733 703/1/711
s 34
f 705/1/713 723/1/735 704/1/714
f 723/1/735 722/1/736 704/1/714
s 35
f 706/1/26 724/1/26 705/1/26
f 724/1/26 723/1/26 705/1/26
s 36
f 707/1/715 725/1/737 706/1/716
f 725/1/737 724/1/738 706/1/716
s 37
f 708/1/27 726/1/27 707/1/27
f 726/1/27 725/1/27 707/1/27
s 38
f 709/1/717 727/1/739 708/1/718
f 727/1/739 726/1/740 708/1/718
s 39
f 710/1/27 728/1/27 709/1/27
f 728/1/27 727/1/27 709/1/27
s 40
f 711/1/719 729/1/741 710/1/720
f 729/1/741 728/1/742 710/1/720
s 41
f 567/1/27 729/1/27 711/1/27
s 30
f 713/1/721 731/1/743 712/1/722
f 731/1/743 730/1/744 712/1/722
f 714/1/723 732/1/745 713/1/721
f 732/1/745 731/1/743 713/1/721
f 715/1/724 733/1/746 714/1/723
f 733/1/746 732/1/745 714/1/723
f 716/1/725 734/1/747 715/1/724
f 734/1/747 733/1/746 715/1/724
s 31
f 717/1/726 735/1/748 716/1/727
f 735/1/748 734/1/749 716/1/727
s 32
f 718/1/728 736/1/750 717/1/729
f 736/1/750 735/1/751 717/1/729
f 719/1/730 737/1/752 718/1/728
f 737/1/752 736/1/750 718/1/728
s 33
f 720/1/731 738/1/753 719/1/732
f 738/1/753 737/1/754 719/1/732
f 721/1/733 739/1/755 720/1/731
f 739/1/755 738/1/753 720/1/731
f 722/1/734 740/1/756 721/1/733
f 740/1/756 739/1/755 721/1/733
s 34
f 723/1/735 741/1/757 722/1/736
f 741/1/757 740/1/758 722/1/736
s 35
f 724/1/26 742/1/26 723/1/26
f 742/1/26 741/1/26 723/1/26
s 36
f 725/1/737 743/1/759 724/1/738
f 743/1/759 742/1/760 724/1/738
s 37
f 726/1/27 744/1/27 725/1/27
f 744/1/27 743/1/27 725/1/27
s 38
f 727/1/739 745/1/761 726/1/740
f 745/1/761 744/1/762 726/1/740
s 39
f 728/1/27 746/1/27 727/1/27
f 746/1/27 745/1/27 727/1/27
s 40
f 729/1/741 747/1/763 728/1/742
f 747/1/763 746/1/764 728/1/742
s 41
f 567/1/27 747/1/27 729/1/27
s 30
f 731/1/743 749/1/765 730/1/744
f 749/1/765 748/1/766 730/1/744
f 732/1/745 750/1/767 731/1/743
f 750/1/767 749/1/765 731/1/743
f 733/1/746 751/1/768 732/1/745
f 751/1/768 750/1/767 732/1/745
f 734/1/747 752/1/769 733/1/746
f 752/1/769 751/1/768 733/1/746
s 31
f 735/1/748 753/1/770 734/1/749
f 753/1/770 752/1/771 734/1/749
s 32
f 736/1/750 754/1/772 735/1/751
f 754/1/772 753/1/773 735/1/751
f 737/1/752 755/1/774 736/1/750
f 755/1/774 754/1/772 736/1/750
s 33
f 738/1/753 756/1/775 737/1/754
f 756/1/775 755/1/776 737/1/754
f 739/1/755 757/1/777 738/1/753
f 757/1/777 756/1/775 738/1/753
f 740/1/756 758/1/778 739/1/755
f 758/1/778 757/1/777 739/1/755
s 34
f 741/1/757 759/1/779 740/1/758
f 759/1/779 758/1/780 740/1/758
s 35
f 742/1/26 760/1/26 741/1/26
f 760/1/26 759/1/26 741/1/26
s 36
f 743/1/759 761/1/781 742/1/760
f 761/1/781 760/1/782 742/1/760
s 37
f 744/1/27 762/1/27 743/1/27
f 762/1/27 761/1/27 743/1/27
s 38
f 745/1/761 763/1/783 744/1/762
f 763/1/783 762/1/784 744/1/762
s 39
f 746/1/27 764/1/27 745/1/27
f 764/1/27 763/1/27 745/1/27
s 40
f 747/1/763 765/1/785 746/1/764
f 765/1/785 764/1/786 746/1/764
s 41
f 567/1/27 765/1/27 747/1/27
s 30
f 749/1/765 767/1/787 748/1/766
f 767/1/787 766/1/788 748/1/766
f 750/1/767 768/1/789 749/1/765
f 768/1/789 767/1/787 749/1/765
f 751/1/768 769/1/790 750/1/767
f 769/1/790 768/1/789 750/1/767
f 752/1/769 770/1/791 751/1/768
f 770/1/791 769/1/790 751/1/768
s 31
f 753/1/770 771/1/792 752/1/771
f 771/1/792 770/1/793 752/1/771
s 32
f 754/1/772 772/1/794 753/1/773
f 772/1/794 771/1/795 753/1/773
f 755/1/774 773/1/796 754/1/772
f 773/1/796 772/1/794 754/1/772
s 33
f 756/1/775 774/1/797 755/1/776
f 774/1/797 773/1/798 755/1/776
f 757/1/777 775/1/799 756/1/775
f 775/1/799 774/1/797 756/1/775
f 758/1/778 776/1/800 757/1/777
f 776/1/800 775/1/799 757/1/777
s 34
f 759/1/779 777/1/801 758/1/780
f 777/1/801 776/1/802 758/1/780
s 35
f 760/1/26 778/1/26 759/1/26
f 778/1/26 777/1/26 759/1/26
s 36
f 761/1/781 779/1/803 760/1/782
f 779/1/803 778/1/804 760/1/782
s 37
f 762/1/27 780/1/27 761/1/27
f 780/1/27 779/1/27 761/1/27
s 38
f 763/1/783 781/1/805 762/1/784
f 781/1/805 780/1/806 762/1/784
s 39
f 764/1/27 782/1/27 763/1/27
f 782/1/27 781/1/27 763/1/27
s 40
f 765/1/785 783/1/807 764/1/786
f 783/1/807 782/1/808 764/1/786
s 41
f 567/1/27 783/1/27 765/1/27
s 30
f 767/1/787 785/1/809 766/1/788
f 785/1/809 784/1/810 766/1/788
f 768/1/789 786/1/811 767/1/787
f 786/1/811 785/1/809 767/1/787
f 769/1/790 787/1/812 768/1/789
f 787/1/812 786/1/811 768/1/789
f 770/1/791 788/1/813 769/1/790
f 788/1/813 787/1/812 769/1/790
s 31
f 771/1/792 789/1/814 770/1/793
f 789/1/814 788/1/815 770/1/793
s 32
f 772/1/794 790/1/816 771/1/795
f 790/1/816 789/1/817 771/1/795
f 773/1/796 791/1/818 772/1/794
f 791/1/818 790/1/816 772/1/794
s 33
f 774/1/797 792/1/819 773/1/798
f 792/1/819 791/1/820 773/1/798
f 775/1/799 793/1/821 774/1/797
f 793/1/821 792/1/819 774/1/797
f 776/1/800 794/1/822 775/1/799
f 794/1/822 793/1/821 775/1/799
s 34
f 777/1/801 795/1/823 776/1/802
f 795/1/823 794/1/824 776/1/802
s 35
f 778/1/26 796/1/26 777/1/26
f 796/1/26 795/1/26 777/1/26
s 36
f 779/1/803 797/1/825 778/1/804
f 797/1/825 796/1/826 778/1/804
s 37
f 780/1/27 798/1/27 779/1/27
f 798/1/27 797/1/27 779/1/27
s 38
f 781/1/805 799/1/827 780/1/806
f 799/1/827 798/1/828 780/1/806
s 39
f 782/1/27 800/1/27 781/1/27
f 800/1/27 799/1/27 781/1/27
s 40
f 783/1/807 801/1/829 782/1/808
f 801/1/829 800/1/830 782/1/808
s 41
f 567/1/27 801/1/27 783/1/27
s 30
f 785/1/809 803/1/831 784/1/810
f 803/1/831 802/1/832 784/1/810
f 786/1/811 804/1/833 785/1/809
f 804/1/833 803/1/831 785/1/809
f 787/1/812 805/1/834 786/1/811
f 805/1/834 804/1/833 786/1/811
f 788/1/813 806/1/835 787/1/812
f 806/1/835 805/1/834 787/1/812
s 31
f 789/1/814 807/1/836 788/1/815
f 807/1/836 806/1/837 788/1/815
s 32
f 790/1/816 808/1/838 789/1/817
f 808/1/838 807/1/839 789/1/817
f 791/1/818 809/1/840 790/1/816
f 809/1/840 808/1/838 790/1/816
s 33
f 792/1/819 810/1/841 791/1/820
f 810/1/841 809/1/842 791/1/820
f 793/1/821 811/1/843 792/1/819
f 811/1/843 810/1/841 792/1/819
f 794/1/822 812/1/844 793/1/821
f 812/1/844 811/1/843 793/1/821
s 34
f 795/1/823 813/1/845 794/1/824
f 813/1/845 812/1/846 794/1/824
s 35
f 796/1/26 814/1/26 795/1/26
f 814/1/26 813/1/26 795/1/26
s 36
f 797/1/825 815/1/847 796/1/826
f 815/1/847 814/1/848 796/1/826
s 37
f 798/1/27 816/1/27 797/1/27
f 816/1/27 815/1/27 797/1/27
s 38
f 799/1/827 817/1/849 798/1/828
f 817/1/849 816/1/850 798/1/828
s 39
f 800/1/27 818/1/27 799/1/27
f 818/1/27 817/1/27 799/1/27
s 40
f 801/1/829 819/1/851 800/1/830
f 819/1/851 818/1/852 800/1/830
s 41
f 567/1/27 819/1/27 801/1/27
s 30
f 803/1/831 821/1/853 802/1/832
f 821/1/853 820/1/854 802/1/832
f 804/1/833 822/1/855 803/1/831
f 822/1/855 821/1/853 803/1/831
f 805/1/834 823/1/856 804/1/833
f 823/1/856 822/1/855 804/1/833
f 806/1/835 824/1/857 805/1/834
f 824/1/857 823/1/856 805/1/834
s 31
f 807/1/836 825/1/858 806/1/837
f 825/1/858 824/1/859 806/1/837
s 32
f 808/1/838 826/1/860 807/1/839
f 826/1/860 825/1/861 807/1/839
f 809/1/840 827/1/862 808/1/838
f 827/1/862 826/1/860 808/1/838
s 33
f 810/1/841 828/1/863 809/1/842
f 828/1/863 827/1/864 809/1/842
f 811/1/843 829/1/865 810/1/841
f 829/1/865 828/1/863 810/1/841
f 812/1/844 830/1/866 811/1/843
f 830/1/866 829/1/865 811/1/843
s 34
f 813/1/845 831/1/867 812/1/846
f 831/1/867 830/1/868 812/1/846
s 35
f 814/1/26 832/1/26 813/1/26
f 832/1/26 831/1/26 813/1/26
s 36
f 815/1/847 833/1/869 814/1/848
f 833/1/869 832/1/870 814/1/848
s 37
f 816/1/27 834/1/27 815/1/27
f 834/1/27 833/1/27 815/1/27
s 38
f 817/1/849 835/1/871 816/1/850
f 835/1/871 834/1/872 816/1/850
s 40
f 819/1/851 836/1/873 818/1/852
s 41
f 567/1/27 836/1/27 819/1/27
s 30
f 821/1/853 838/1/874 820/1/854
f 838/1/874 837/1/875 820/1/854
f 822/1/855 839/1/876 821/1/853
f 839/1/876 838/1/874 821/1/853
f 823/1/856 840/1/877 822/1/855
f 840/1/877 839/1/876 822/1/855
f 824/1/857 841/1/878 823/1/856
f 841/1/878 840/1/877 823/1/856
s 31
f 825/1/858 842/1/879 824/1/859
f 842/1/879 841/1/880 824/1/859
s 32
f 826/1/860 843/1/881 825/1/861
f 843/1/881 842/1/882 825/1/861
f 827/1/862 844/1/883 826/1/860
f 844/1/883 843/1/881 826/1/860
s 33
f 828/1/863 845/1/884 827/1/864
f 845/1/884 844/1/885 827/1/864
f 829/1/865 846/1/886 828/1/863
f 846/1/886 845/1/884 828/1/863
f 830/1/866 847/1/887 829/1/865
f 847/1/887 846/1/886 829/1/865
s 34
f 831/1/867 848/1/888 830/1/868
f 848/1/888 847/1/889 830/1/868
s 35
f 832/1/26 849/1/26 831/1/26
f 849/1/26 848/1/26 831/1/26
s 36
f 833/1/869 850/1/890 832/1/870
f 850/1/890 849/1/891 832/1/870
s 37
f 834/1/27 851/1/27 833/1/27
f 851/1/27 850/1/27 833/1/27
s 38
f 835/1/871 852/1/892 834/1/872
f 852/1/892 851/1/893 834/1/872
s 41
f 567/1/27 853/1/27 836/1/27
s 30
f 838/1/874 855/1/894 837/1/875
f 855/1/894 854/1/895 837/1/875
f 839/1/876 856/1/896 838/1/874
f 856/1/896 855/1/894 838/1/874
f 840/1/877 857/1/897 839/1/876
f 857/1/897 856/1/896 839/1/876
f 841/1/878 858/1/898 840/1/877
f 858/1/898 857/1/897 840/1/877
s 31
f 842/1/879 859/1/899 841/1/880
f 859/1/899 858/1/900 841/1/880
s 32
f 843/1/881 860/1/901 842/1/882
f 860/1/901 859/1/902 842/1/882
f 844/1/883 861/1/903 843/1/881
f 861/1/903 860/1/901 843/1/881
s 33
f 845/1/884 862/1/904 844/1/885
f 862/1/904 861/1/905 844/1/885
f 846/1/886 863/1/906 845/1/884
f 863/1/906 862/1/904 845/1/884
f 847/1/887 864/1/907 846/1/886
f 864/1/907 863/1/906 846/1/886
s 34
f 848/1/888 865/1/908 847/1/889
f 865/1/908 864/1/909 847/1/889
s 35
f 849/1/26 866/1/26 848/1/26
f 866/1/26 865/1/26 848/1/26
s 36
f 850/1/890 867/1/910 849/1/891
f 867/1/910 866/1/911 849/1/891
s 37
f 851/1/27 868/1/27 850/1/27
f 868/1/27 867/1/27 850/1/27
s 38
f 852/1/892 869/1/912 851/1/893
f 869/1/912 868/1/913 851/1/893
s 41
f 567/1/27 870/1/27 853/1/27
s 30
f 855/1/894 872/1/914 854/1/895
f 872/1/914 871/1/915 854/1/895
f 856/1/896 873/1/916 855/1/894
f 873/1/916 872/1/914 855/1/894
f 857/1/897 874/1/917 856/1/896
f 874/1/917 873/1/916 856/1/896
f 858/1/898 875/1/918 857/1/897
f 875/1/918 874/1/917 857/1/897
s 31
f 859/1/899 876/1/919 858/1/900
f 876/1/919 875/1/920 858/1/900
s 32
f 860/1/901 877/1/921 859/1/902
f 877/1/921 876/1/922 859/1/902
f 861/1/903 878/1/923 860/1/901
f 878/1/923 877/1/921 860/1/901
s 33
f 862/1/904 879/1/924 861/1/905
f 879/1/924 878/1/925 861/1/905
f 863/1/906 880/1/926 862/1/904
f 880/1/926 879/1/924 862/1/904
f 864/1/907 881/1/927 863/1/906
f 881/1/927 880/1/926 863/1/906
s 34
f 865/1/908 882/1/928 864/1/909
f 882/1/928 881/1/929 864/1/909
s 35
f 866/1/26 883/1/26 865/1/26
f 883/1/26 882/1/26 865/1/26
s 36
f 867/1/910 884/1/930 866/1/911
f 884/1/930 883/1/931 866/1/911
s 37
f 868/1/27 885/1/27 867/1/27
f 885/1/27 884/1/27 867/1/27
s 38
f 869/1/912 886/1/932 868/1/913
f 886/1/932 885/1/933 868/1/913
s 41
f 567/1/27 887/1/27 870/1/27
s 30
f 872/1/914 889/1/934 871/1/915
f 889/1/934 888/1/935 871/1/915
f 873/1/916 890/1/936 872/1/914
f 890/1/936 889/1/934 872/1/914
f 874/1/917 891/1/937 873/1/916
f 891/1/937 890/1/936 873/1/916
f 875/1/918 892/1/938 874/1/917
f 892/1/938 891/1/937 874/1/917
s 31
f 876/1/919 893/1/939 875/1/920
f 893/1/939 892/1/940 875/1/920
s 32
f 877/1/921 894/1/941 876/1/922
f 894/1/941 893/1/942 876/1/922
f 878/1/923 895/1/943 877/1/921
f 895/1/943 894/1/941 877/1/921
s 33
f 879/1/924 896/1/944 878/1/925
f 896/1/944 895/1/945 878/1/925
f 880/1/926 897/1/946 879/1/924
f 897/1/946 896/1/944 879/1/924
f 881/1/927 898/1/947 880/1/926
f 898/1/947 897/1/946 880/1/926
s 34
f 882/1/928 899/1/948 881/1/929
f 899/1/948 898/1/949 881/1/929
s 35
f 883/1/26 900/1/26 882/1/26
f 900/1/26 899/1/26 882/1/26
s 36
f 884/1/930 901/1/950 883/1/931
f 901/1/950 900/1/951 883/1/931
s 37
f 885/1/27 902/1/27 884/1/27
f 902/1/27 901/1/27 884/1/27
s 38
f 886/1/932 903/1/952 885/1/933
f 903/1/952 902/1/953 885/1/933
s 41
f 567/1/27 904/1/27 887/1/27
s 30
f 889/1/934 906/1/954 888/1/935
f 906/1/954 905/1/955 888/1/935
f 890/1/936 907/1/956 889/1/934
f 907/1/956 906/1/954 889/1/934
f 891/1/937 908/1/957 890/1/936
f 908/1/957 907/1/956 890/1/936
f 892/1/938 909/1/958 891/1/937
f 909/1/958 908/1/957 891/1/937
s 31
f 893/1/939 910/1/959 892/1/940
f 910/1/959 909/1/960 892/1/940
s 32
f 894/1/941 911/1/961 893/1/942
f 911/1/961 910/1/962 893/1/942
f 895/1/943 912/1/963 894/1/941
f 912/1/963 911/1/961 894/1/941
s 33
f 896/1/944 913/1/964 895/1/945
f 913/1/964 912/1/965 895/1/945
f 897/1/946 914/1/966 896/1/944
f 914/1/966 913/1/964 896/1/944
f 898/1/947 915/1/967 897/1/946
f 915/1/967 914/1/966 897/1/946
s 34
f 899/1/948 916/1/968 898/1/949
f 916/1/968 915/1/969 898/1/949
s 35
f 900/1/26 917/1/26 899/1/26
f 917/1/26 916/1/26 899/1/26
s 36
f 901/1/950 918/1/970 900/1/951
f 918/1/970 917/1/971 900/1/951
s 37
f 902/1/27 919/1/27 901/1/27
f 919/1/27 918/1/27 901/1/27
s 38
f 903/1/952 920/1/972 902/1/953
f 920/1/972 919/1/973 902/1/953
s 41
f 567/1/27 921/1/27 904/1/27
s 30
f 906/1/954 923/1/974 905/1/955
f 923/1/974 922/1/975 905/1/955
f 907/1/956 924/1/976 906/1/954
f 924/1/976 923/1/974 906/1/954
f 908/1/957 925/1/977 907/1/956
f 925/1/977 924/1/976 907/1/956
f 909/1/958 926/1/978 908/1/957
f 926/1/978 925/1/977 908/1/957
s 31
f 910/1/959 927/1/979 909/1/960
f 927/1/979 926/1/980 909/1/960
s 32
f 911/1/961 928/1/981 910/1/962
f 928/1/981 927/1/982 910/1/962
f 912/1/963 929/1/983 911/1/961
f 929/1/983 928/1/981 911/1/961
s 33
f 913/1/964 930/1/984 912/1/965
f 930/1/984 929/1/985 912/1/965
f 914/1/966 931/1/986 913/1/964
f 931/1/986 930/1/984 913/1/964
f 915/1/967 932/1/987 914/1/966
f 932/1/987 931/1/986 914/1/966
s 34
f 916/1/968 933/1/988 915/1/969
f 933/1/988 932/1/989 915/1/969
s 35
f 917/1/26 934/1/26 916/1/26
f 934/1/26 933/1/26 916/1/26
s 36
f 918/1/970 935/1/990 917/1/971
f 935/1/990 934/1/991 917/1/971
s 37
f 919/1/27 936/1/27 918/1/27
f 936/1/27 935/1/27 918/1/27
s 38
f 920/1/972 937/1/992 919/1/973
f 937/1/992 936/1/993 919/1/973
s 41
f 567/1/27 938/1/27 921/1/27
s 30
f 923/1/974 940/1/994 922/1/975
f 940/1/994 939/1/995 922/1/975
f 924/1/976 941/1/996 923/1/974
f 941/1/996 940/1/994 923/1/974
f 925/1/977 942/1/997 924/1/976
f 942/1/997 941/1/996 924/1/976
f 926/1/978 943/1/998 925/1/977
f 943/1/998 942/1/997 925/1/977
s 31
f 927/1/979 944/1/999 926/1/980
f 944/1/999 943/1/1000 926/1/980
s 32
f 928/1/981 945/1/1001 927/1/982
f 945/1/1001 944/1/1002 927/1/982
f 929/1/983 946/1/1003 928/1/981
f 946/1/1003 945/1/1001 928/1/981
s 33
f 930/1/984 947/1/1004 929/1/985
f 947/1/1004 946/1/1005 929/1/985
f 931/1/986 948/1/1006 930/1/984
f 948/1/1006 947/1/1004 930/1/984
f 932/1/987 949/1/1007 931/1/986
f 949/1/1007 948/1/1006 931/1/986
s 34
f 933/1/988 950/1/1008 932/1/989
f 950/1/1008 949/1/1009 932/1/989
s 35
f 934/1/26 951/1/26 933/1/26
f 951/1/26 950/1/26 933/1/26
s 36
f 935/1/990 952/1/1010 934/1/991
f 952/1/1010 951/1/1011 934/1/991
s 37
f 936/1/27 953/1/27 935/1/27
f 953/1/27 952/1/27 935/1/27
s 38
f 937/1/992 954/1/1012 936/1/993
f 954/1/1012 953/1/1013 936/1/993
s 41
f 567/1/27 955/1/27 938/1/27
s 30
f 940/1/994 957/1/1014 939/1/995
f 957/1/1014 956/1/1015 939/1/995
f 941/1/996 958/1/1016 940/1/994
f 958/1/1016 957/1/1014 940/1/994
f 942/1/997 959/1/1017 941/1/996
f 959/1/1017 958/1/1016 941/1/996
f 943/1/998 960/1/1018 942/1/997
f 960/1/1018 959/1/1017 942/1/997
s 31
f 944/1/999 961/1/1019 943/1/1000
f 961/1/1019 960/1/1020 943/1/1000
s 32
f 945/1/1001 962/1/1021 944/1/1002
f 962/1/1021 961/1/1022 944/1/1002
f 946/1/1003 963/1/1023 945/1/1001
f 963/1/1023 962/1/1021 945/1/1001
s 33
f 947/1/1004 964/1/1024 946/1/1005
f 964/1/1024 963/1/1025 946/1/1005
f 948/1/1006 965/1/1026 947/1/1004
f 965/1/1026 964/1/1024 947/1/1004
f 949/1/1007 966/1/1027 948/1/1006
f 966/1/1027 965/1/1026 948/1/1006
s 34
f 950/1/1008 967/1/1028 949/1/1009
f 967/1/1028 966/1/1029 949/1/1009
s 35
f 951/1/26 968/1/26 950/1/26
f 968/1/26 967/1/26 950/1/26
s 36
f 952/1/1010 969/1/1030 951/1/1011
f 969/1/1030 968/1/1031 951/1/1011
s 37
f 953/1/27 970/1/27 952/1/27
f 970/1/27 969/1/27 952/1/27
s 38
f 954/1/1012 971/1/1032 953/1/1013
f 971/1/1032 970/1/1033 953/1/1013
s 41
f 567/1/27 972/1/27 955/1/27
s 30
f 957/1/1014 974/1/1034 956/1/1015
f 974/1/1034 973/1/1035 956/1/1015
f 958/1/1016 975/1/1036 957/1/1014
f 975/1/1036 974/1/1034 957/1/1014
f 959/1/1017 976/1/1037 958/1/1016
f 976/1/1037 975/1/1036 958/1/1016
f 960/1/1018 977/1/1038 959/1/1017
f 977/1/1038 976/1/1037 959/1/1017
s 31
f 961/1/1019 978/1/1039 960/1/1020
f 978/1/1039 977/1/1040 960/1/1020
s 32
f 962/1/1021 979/1/1041 961/1/1022
f 979/1/1041 978/1/1042 961/1/1022
f 963/1/1023 980/1/1043 962/1/1021
f 980/1/1043 979/1/1041 962/1/1021
s 33
f 964/1/1024 981/1/1044 963/1/1025
f 981/1/1044 980/1/1045 963/1/1025
f 965/1/1026 982/1/1046 964/1/1024
f 982/1/1046 981/1/1044 964/1/1024
f 966/1/1027 983/1/1047 965/1/1026
f 983/1/1047 982/1/1046 965/1/1026
s 34
f 967/1/1028 984/1/1048 966/1/1029
f 984/1/1048 983/1/1049 966/1/1029
s 35
f 968/1/26 985/1/26 967/1/26
f 985/1/26 984/1/26 967/1/26
s 36
f 969/1/1030 986/1/1050 968/1/1031
f 986/1/1050 985/1/1051 968/1/1031
s 37
f 970/1/27 987/1/27 969/1/27
f 987/1/27 986/1/27 969/1/27
s 38
f 971/1/1032 988/1/1052 970/1/1033
f 988/1/1052 987/1/1053 970/1/1033
s 41
f 567/1/27 989/1/27 972/1/27
s 30
f 974/1/1034 991/1/1054 973/1/1035
f 991/1/1054 990/1/1055 973/1/1035
f 975/1/1036 992/1/1056 974/1/1034
f 992/1/1056 991/1/1054 974/1/1034
f 976/1/1037 993/1/1057 975/1/1036
f 993/1/1057 992/1/1056 975/1/1036
f 977/1/1038 994/1/1058 976/1/1037
f 994/1/1058 993/1/1057 976/1/1037
s 31
f 978/1/1039 995/1/1059 977/1/1040
f 995/1/1059 994/1/1060 977/1/1040
s 32
f 979/1/1041 996/1/1061 978/1/1042
f 996/1/1061 995/1/1062 978/1/1042
f 980/1/1043 997/1/1063 979/1/1041
f 997/1/1063 996/1/1061 979/1/1041
s 33
f 981/1/1044 998/1/1064 980/1/1045
f 998/1/1064 997/1/1065 980/1/1045
f 982/1/1046 999/1/1066 981/1/1044
f 999/1/1066 998/1/1064 981/1/1044
f 983/1/1047 1000/1/1067 982/1/1046
f 1000/1/1067 999/1/1066 982/1/1046
s 34
f 984/1/1048 1001/1/1068 983/1/1049
f 1001/1/1068 1000/1/1069 983/1/1049
s 35
f 985/1/26 1002/1/26 984/1/26
f 1002/1/26 1001/1/26 984/1/26
s 36
f 986/1/1050 1003/1/1070 985/1/1051
f 1003/1/1070 1002/1/1071 985/1/1051
s 37
f 987/1/27 1004/1/27 986/1/27
f 1004/1/27 1003/1/27 986/1/27
s 38
f 988/1/1052 1005/1/1072 987/1/1053
f 1005/1/1072 1004/1/1073 987/1/1053
s 41
f 567/1/27 1006/1/27 989/1/27
s 30
f 991/1/1054 1008/1/1074 990/1/1055
f 1008/1/1074 1007/1/1075 990/1/1055
f 992/1/1056 1009/1/1076 991/1/1054
f 1009/1/1076 1008/1/1074 991/1/1054
f 993/1/1057 1010/1/1077 992/1/1056
f 1010/1/1077 1009/1/1076 992/1/1056
f 994/1/1058 1011/1/1078 993/1/1057
f 1011/1/1078 1010/1/1077 993/1/1057
s 31
f 995/1/1059 1012/1/1079 994/1/1060
f 1012/1/1079 1011/1/1080 994/1/1060
s 32
f 996/1/1061 1013/1/1081 995/1/1062
f 1013/1/1081 1012/1/1082 995/1/1062
f 997/1/1063 1014/1/1083 996/1/1061
f 1014/1/1083 1013/1/1081 996/1/1061
s 33
f 998/1/1064 1015/1/1084 997/1/1065
f 1015/1/1084 1014/1/1085 997/1/1065
f 999/1/1066 1016/1/1086 998/1/1064
f 1016/1/1086 1015/1/1084 998/1/1064
f 1000/1/1067 1017/1/1087 999/1/1066
f 1017/1/1087 1016/1/1086 999/1/1066
s 34
f 1001/1/1068 1018/1/1088 1000/1/1069
f 1018/1/1088 1017/1/1089 1000/1/1069
s 35
f 1002/1/26 1019/1/26 1001/1/26
f 1019/1/26 1018/1/26 1001/1/26
s 36
f 1003/1/1070 1020/1/1090 1002/1/1071
f 1020/1/1090 1019/1/1091 1002/1/1071
s 37
f 1004/1/27 1021/1/27 1003/1/27
f 1021/1/27 1020/1/27 1003/1/27
s 38
f 1005/1/1072 1022/1/1092 1004/1/1073
f 1022/1/1092 1021/1/1093 1004/1/1073
s 41
f 567/1/27 1023/1/27 1006/1/27
s 30
f 1008/1/1074 1025/1/1094 1007/1/1075
f 1025/1/1094 1024/1/1095 1007/1/1075
f 1009/1/1076 1026/1/1096 1008/1/1074
f 1026/1/1096 1025/1/1094 1008/1/1074
f 1010/1/1077 1027/1/1097 1009/1/1076
f 1027/1/1097 1026/1/1096 1009/1/1076
f 1011/1/1078 1028/1/1098 1010/1/1077
f 1028/1/1098 1027/1/1097 1010/1/1077
s 31
f 1012/1/1079 1029/1/1099 1011/1/1080
f 1029/1/1099 1028/1/1100 1011/1/1080
s 32
f 1013/1/1081 1030/1/1101 1012/1/1082
f 1030/1/1101 1029/1/1102 1012/1/1082
f 1014/1/1083 1031/1/1103 1013/1/1081
f 1031/1/1103 1030/1/1101 1013/1/1081
s 33
f 1015/1/1084 1032/1/1104 1014/1/1085
f 1032/1/1104 1031/1/1105 1014/1/1085
f 1016/1/1086 1033/1/1106 1015/1/1084
f 1033/1/1106 1032/1/1104 1015/1/1084
f 1017/1/1087 1034/1/1107 1016/1/1086
f 1034/1/1107 1033/1/1106 1016/1/1086
s 34
f 1018/1/1088 1035/1/1108 1017/1/1089
f 1035/1/1108 1034/1/1109 1017/1/1089
s 35
f 1019/1/26 1036/1/26 1018/1/26
f 1036/1/26 1035/1/26 1018/1/26
s 36
f 1020/1/1090 1037/1/1110 1019/1/1091
f 1037/1/1110 1036/1/1111 1019/1/1091
s 37
f 1021/1/27 1038/1/27 1020/1/27
f 1038/1/27 1037/1/27 1020/1/27
s 38
f 1022/1/1092 1039/1/1112 1021/1/1093
f 1039/1/1112 1038/1/1113 1021/1/1093
s 41
f 567/1/27 1040/1/27 1023/1/27
s 30
f 1025/1/1094 1042/1/1114 1024/1/1095
f 1042/1/1114 1041/1/1115 1024/1/1095
f 1026/1/1096 1043/1/1116 1025/1/1094
f 1043/1/1116 1042/1/1114 1025/1/1094
f 1027/1/1097 1044/1/1117 1026/1/1096
f 1044/1/1117 1043/1/1116 1026/1/1096
f 1028/1/1098 1045/1/1118 1027/1/1097
f 1045/1/1118 1044/1/1117 1027/1/1097
s 31
f 1029/1/1099 1046/1/1119 1028/1/1100
f 1046/1/1119 1045/1/1120 1028/1/1100
s 32
f 1030/1/1101 1047/1/1121 1029/1/1102
f 1047/1/1121 1046/1/1122 1029/1/1102
f 1031/1/1103 1048/1/1123 1030/1/1101
f 1048/1/1123 1047/1/1121 1030/1/1101
s 33
f 1032/1/1104 1049/1/1124 1031/1/1105
f 1049/1/1124 1048/1/1125 1031/1/1105
f 1033/1/1106 1050/1/1126 1032/1/1104
f 1050/1/1126 1049/1/1124 1032/1/1104
f 1034/1/1107 1051/1/1127 1033/1/1106
f 1051/1/1127 1050/1/1126 1033/1/1106
s 34
f 1035/1/1108 1052/1/1128 1034/1/1109
f 1052/1/1128 1051/1/1129 1034/1/1109
s 35
f 1036/1/26 1053/1/26 1035/1/26
f 1053/1/26 1052/1/26 1035/1/26
s 36
f 1037/1/1110 1054/1/1130 1036/1/1111
f 1054/1/1130 1053/1/1131 1036/1/1111
s 37
f 1038/1/27 1055/1/27 1037/1/27
f 1055/1/27 1054/1/27 1037/1/27
s 38
f 1039/1/1112 1056/1/1132 1038/1/1113
f 1056/1/1132 1055/1/1133 1038/1/1113
s 41
f 567/1/27 1057/1/27 1040/1/27
s 30
f 1042/1/1114 1059/1/1134 1041/1/1115
f 1059/1/1134 1058/1/1135 1041/1/1115
f 1043/1/1116 1060/1/1136 1042/1/1114
f 1060/1/1136 1059/1/1134 1042/1/1114
f 1044/1/1117 1061/1/1137 1043/1/1116
f 1061/1/1137 1060/1/1136 1043/1/1116
f 1045/1/1118 1062/1/1138 1044/1/1117
f 1062/1/1138 1061/1/1137 1044/1/1117
s 31
f 1046/1/1119 1063/1/1139 1045/1/1120
f 1063/1/1139 1062/1/1140 1045/1/1120
s 32
f 1047/1/1121 1064/1/1141 1046/1/1122
f 1064/1/1141 1063/1/1142 1046/1/1122
f 1048/1/1123 1065/1/1143 1047/1/1121
f 1065/1/1143 1064/1/1141 1047/1/1121
s 33
f 1049/1/1124 1066/1/1144 1048/1/1125
f 1066/1/1144 1065/1/1145 1048/1/1125
f 1050/1/1126 1067/1/1146 1049/1/1124
f 1067/1/1146 1066/1/1144 1049/1/1124
f 1051/1/1127 1068/1/1147 1050/1/1126
f 1068/1/1147 1067/1/1146 1050/1/1126
s 34
f 1052/1/1128 1069/1/1148 1051/1/1129
f 1069/1/1148 1068/1/1149 1051/1/1129
s 35
f 1053/1/26 1070/1/26 1052/1/26
f 1070/1/26 1069/1/26 1052/1/26
s 36
f 1054/1/1130 1071/1/1150 1053/1/1131
f 1071/1/1150 1070/1/1151 1053/1/1131
s 37
f 1055/1/27 1072/1/27 1054/1/27
f 1072/1/27 1071/1/27 1054/1/27
s 38
f 1056/1/1132 1073/1/1152 1055/1/1133
f 1073/1/1152 1072/1/1153 1055/1/1133
s 41
f 567/1/27 1074/1/27 1057/1/27
s 30
f 1059/1/1134 1076/1/1154 1058/1/1135
f 1076/1/1154 1075/1/1155 1058/1/1135
f 1060/1/1136 1077/1/1156 1059/1/1134
f 1077/1/1156 1076/1/1154 1059/1/1134
f 1061/1/1137 1078/1/1157 1060/1/1136
f 1078/1/1157 1077/1/1156 1060/1/1136
f 1062/1/1138 1079/1/1158 1061/1/1137
f 1079/1/1158 1078/1/1157 1061/1/1137
s 31
f 1063/1/1139 1080/1/1159 1062/1/1140
f 1080/1/1159 1079/1/1160 1062/1/1140
s 32
f 1064/1/1141 1081/1/1161 1063/1/1142
f 1081/1/1161 1080/1/1162 1063/1/1142
f 1065/1/1143 1082/1/1163 1064/1/1141
f 1082/1/1163 1081/1/1161 1064/1/1141
s 33
f 1066/1/1144 1083/1/1164 1065/1/1145
f 1083/1/1164 1082/1/1165 1065/1/1145
f 1067/1/1146 1084/1/1166 1066/1/1144
f 1084/1/1166 1083/1/1164 1066/1/1144
f 1068/1/1147 1085/1/1167 1067/1/1146
f 1085/1/1167 1084/1/1166 1067/1/1146
s 34
f 1069/1/1148 1086/1/1168 1068/1/1149
f 1086/1/1168 1085/1/1169 1068/1/1149
s 35
f 1070/1/26 1087/1/26 1069/1/26
f 1087/1/26 1086/1/26 1069/1/26
s 36
f 1071/1/1150 1088/1/1170 1070/1/1151
f 1088/1/1170 1087/1/1171 1070/1/1151
s 37
f 1072/1/27 1089/1/27 1071/1/27
f 1089/1/27 1088/1/27 1071/1/27
s 38
f 1073/1/1152 1090/1/1172 1072/1/1153
f 1090/1/1172 1089/1/1173 1072/1/1153
s 41
f 567/1/27 1091/1/27 1074/1/27
s 30
f 1076/1/1154 1093/1/1174 1075/1/1155
f 1093/1/1174 1092/1/1175 1075/1/1155
f 1077/1/1156 1094/1/1176 1076/1/1154
f 1094/1/1176 1093/1/1174 1076/1/1154
f 1078/1/1157 1095/1/1177 1077/1/1156
f 1095/1/1177 1094/1/1176 1077/1/1156
f 1079/1/1158 1096/1/1178 1078/1/1157
f 1096/1/1178 1095/1/1177 1078/1/1157
s 31
f 1080/1/1159 1097/1/1179 1079/1/1160
f 1097/1/1179 1096/1/1180 1079/1/1160
s 32
f 1081/1/1161 1098/1/1181 1080/1/1162
f 1098/1/1181 1097/1/1182 1080/1/1162
f 1082/1/1163 1099/1/1183 1081/1/1161
f 1099/1/1183 1098/1/1181 1081/1/1161
s 33
f 1083/1/1164 1100/1/1184 1082/1/1165
f 1100/1/1184 1099/1/1185 1082/1/1165
f 1084/1/1166 1101/1/1186 1083/1/1164
f 1101/1/1186 1100/1/1184 1083/1/1164
f 1085/1/1167 1102/1/1187 1084/1/1166
f 1102/1/1187 1101/1/1186 1084/1/1166
s 34
f 1086/1/1168 1103/1/1188 1085/1/1169
f 1103/1/1188 1102/1/1189 1085/1/1169
s 35
f 1087/1/26 1104/1/26 1086/1/26
f 1104/1/26 1103/1/26 1086/1/26
s 36
f 1088/1/1170 1105/1/1190 1087/1/1171
f 1105/1/1190 1104/1/1191 1087/1/1171
s 37
f 1089/1/27 1106/1/27 1088/1/27
f 1106/1/27 1105/1/27 1088/1/27
s 38
f 1090/1/1172 1107/1/1192 1089/1/1173
f 1107/1/1192 1106/1/1193 1089/1/1173
s 41
f 567/1/27 1108/1/27 1091/1/27
s 30
f 1093/1/1174 1110/1/1194 1092/1/1175
f 1110/1/1194 1109/1/1195 1092/1/1175
f 1094/1/1176 1111/1/1196 1093/1/1174
f 1111/1/1196 1110/1/1194 1093/1/1174
f 1095/1/1177 1112/1/1197 1094/1/1176
f 1112/1/1197 1111/1/1196 1094/1/1176
f 1096/1/1178 1113/1/1198 1095/1/1177
f 1113/1/1198 1112/1/1197 1095/1/1177
s 31
f 1097/1/1179 1114/1/1199 1096/1/1180
f 1114/1/1199 1113/1/1200 1096/1/1180
s 32
f 1098/1/1181 1115/1/1201 1097/1/1182
f 1115/1/1201 1114/1/1202 1097/1/1182
f 1099/1/1183 1116/1/1203 1098/1/1181
f 1116/1/1203 1115/1/1201 1098/1/1181
s 33
f 1100/1/1184 1117/1/1204 1099/1/1185
f 1117/1/1204 1116/1/1205 1099/1/1185
f 1101/1/1186 1118/1/1206 1100/1/1184
f 1118/1/1206 1117/1/1204 1100/1/1184
f 1102/1/1187 1119/1/1207 1101/1/1186
f 1119/1/1207 1118/1/1206 1101/1/1186
s 34
f 1103/1/1188 1120/1/1208 1102/1/1189
f 1120/1/1208 1119/1/1209 1102/1/1189
s 35
f 1104/1/26 1121/1/26 1103/1/26
f 1121/1/26 1120/1/26 1103/1/26
s 36
f 1105/1/1190 1122/1/1210 1104/1/1191
f 1122/1/1210 1121/1/1211 1104/1/1191
s 37
f 1106/1/27 1123/1/27 1105/1/27
f 1123/1/27 1122/1/27 1105/1/27
s 38
f 1107/1/1192 1124/1/1212 1106/1/1193
f 1124/1/1212 1123/1/1213 1106/1/1193
s 41
f 567/1/27 1125/1/27 1108/1/27
s 30
f 1110/1/1194 1127/1/1214 1109/1/1195
f 1127/1/1214 1126/1/1215 1109/1/1195
f 1111/1/1196 1128/1/1216 1110/1/1194
f 1128/1/1216 1127/1/1214 1110/1/1194
f 1112/1/1197 1129/1/1217 1111/1/1196
f 1129/1/1217 1128/1/1216 1111/1/1196
f 1113/1/1198 1130/1/1218 1112/1/1197
f 1130/1/1218 1129/1/1217 1112/1/1197
s 31
f 1114/1/1199 1131/1/1219 1113/1/1200
f 1131/1/1219 1130/1/1220 1113/1/1200
s 32
f 1115/1/1201 1132/1/1221 1114/1/1202
f 1132/1/1221 1131/1/1222 1114/1/1202
f 1116/1/1203 1133/1/1223 1115/1/1201
f 1133/1/1223 1132/1/1221 1115/1/1201
s 33
f 1117/1/1204 1134/1/1224 1116/1/1205
f 1134/1/1224 1133/1/1225 1116/1/1205
f 1118/1/1206 1135/1/1226 1117/1/1204
f 1135/1/1226 1134/1/1224 1117/1/1204
f 1119/1/1207 1136/1/1227 1118/1/1206
f 1136/1/1227 1135/1/1226 1118/1/1206
s 34
f 1120/1/1208 1137/1/1228 1119/1/1209
f 1137/1/1228 1136/1/1229 1119/1/1209
s 35
f 1121/1/26 1138/1/26 1120/1/26
f 1138/1/26 1137/1/26 1120/1/26
s 36
f 1122/1/1210 1139/1/1230 1121/1/1211
f 1139/1/1230 1138/1/1231 1121/1/1211
s 37
f 1123/1/27 1140/1/27 1122/1/27
f 1140/1/27 1139/1/27 1122/1/27
s 38
f 1124/1/1212 1141/1/1232 1123/1/1213
f 1141/1/1232 1140/1/1233 1123/1/1213
s 41
f 567/1/27 1142/1/27 1125/1/27
s 30
f 1127/1/1214 1144/1/1234 1126/1/1215
f 1144/1/1234 1143/1/1235 1126/1/1215
f 1128/1/1216 1145/1/1236 1127/1/1214
f 1145/1/1236 1144/1/1234 1127/1/1214
f 1129/1/1217 1146/1/1237 1128/1/1216
f 1146/1/1237 1145/1/1236 1128/1/1216
f 1130/1/1218 1147/1/1238 1129/1/1217
f 1147/1/1238 1146/1/1237 1129/1/1217
s 31
f 1131/1/1219 1148/1/1239 1130/1/1220
f 1148/1/1239 1147/1/1240 1130/1/1220
s 32
f 1132/1/1221 1149/1/1241 1131/1/1222
f 1149/1/1241 1148/1/1242 1131/1/1222
f 1133/1/1223 1150/1/1243 1132/1/1221
f 1150/1/1243 1149/1/1241 1132/1/1221
s 33
f 1134/1/1224 1151/1/1244 1133/1/1225
f 1151/1/1244 1150/1/1245 1133/1/1225
f 1135/1/1226 1152/1/1246 1134/1/1224
f 1152/1/1246 1151/1/1244 1134/1/1224
f 1136/1/1227 1153/1/1247 1135/1/1226
f 1153/1/1247 1152/1/1246 1135/1/1226
s 34
f 1137/1/1228 1154/1/1248 1136/1/1229
f 1154/1/1248 1153/1/1249 1136/1/1229
s 35
f 1138/1/26 1155/1/26 1137/1/26
f 1155/1/26 1154/1/26 1137/1/26
s 36
f 1139/1/1230 1156/1/1250 1138/1/1231
f 1156/1/1250 1155/1/1251 1138/1/1231
s 37
f 1140/1/27 1157/1/27 1139/1/27
f 1157/1/27 1156/1/27 1139/1/27
s 38
f 1141/1/1232 1158/1/1252 1140/1/1233
f 1158/1/1252 1157/1/1253 1140/1/1233
s 41
f 567/1/27 1159/1/27 1142/1/27
s 30
f 1144/1/1234 1161/1/1254 1143/1/1235
f 1161/1/1254 1160/1/1255 1143/1/1235
f 1145/1/1236 1162/1/1256 1144/1/1234
f 1162/1/1256 1161/1/1254 1144/1/1234
f 1146/1/1237 1163/1/1257 1145/1/1236
f 1163/1/1257 1162/1/1256 1145/1/1236
f 1147/1/1238 1164/1/1258 1146/1/1237
f 1164/1/1258 1163/1/1257 1146/1/1237
s 31
f 1148/1/1239 1165/1/1259 1147/1/1240
f 1165/1/1259 1164/1/1260 1147/1/1240
s 32
f 1149/1/1241 1166/1/1261 1148/1/1242
f 1166/1/1261 1165/1/1262 1148/1/1242
f 1150/1/1243 1167/1/1263 1149/1/1241
f 1167/1/1263 1166/1/1261 1149/1/1241
s 33
f 1151/1/1244 1168/1/1264 1150/1/1245
f 1168/1/1264 1167/1/1265 1150/1/1245
f 1152/1/1246 1169/1/1266 1151/1/1244
f 1169/1/1266 1168/1/1264 1151/1/1244
f 1153/1/1247 1170/1/1267 1152/1/1246
f 1170/1/1267 1169/1/1266 1152/1/1246
s 34
f 1154/1/1248 1171/1/1268 1153/1/1249
f 1171/1/1268 1170/1/1269 1153/1/1249
s 35
f 1155/1/26 1172/1/26 1154/1/26
f 1172/1/26 1171/1/26 1154/1/26
s 36
f 1156/1/1250 1173/1/1270 1155/1/1251
f 1173/1/1270 1172/1/1271 1155/1/1251
s 37
f 1157/1/27 1174/1/27 1156/1/27
f 1174/1/27 1173/1/27 1156/1/27
s 38
f 1158/1/1252 1175/1/1272 1157/1/1253
f 1175/1/1272 1174/1/1273 1157/1/1253
s 41
f 567/1/27 1176/1/27 1159/1/27
s 30
f 1161/1/1254 1178/1/1274 1160/1/1255
f 1178/1/1274 1177/1/1275 1160/1/1255
f 1162/1/1256 1179/1/1276 1161/1/1254
f 1179/1/1276 1178/1/1274 1161/1/1254
f 1163/1/1257 1180/1/1277 1162/1/1256
f 1180/1/1277 1179/1/1276 1162/1/1256
f 1164/1/1258 1181/1/1278 1163/1/1257
f 1181/1/1278 1180/1/1277 1163/1/1257
s 31
f 1165/1/1259 1182/1/1279 1164/1/1260
f 1182/1/1279 1181/1/1280 1164/1/1260
s 32
f 1166/1/1261 1183/1/1281 1165/1/1262
f 1183/1/1281 1182/1/1282 1165/1/1262
f 1167/1/1263 1184/1/1283 1166/1/1261
f 1184/1/1283 1183/1/1281 1166/1/1261
s 33
f 1168/1/1264 1185/1/1284 1167/1/1265
f 1185/1/1284 1184/1/1285 1167/1/1265
f 1169/1/1266 1186/1/1286 1168/1/1264
f 1186/1/1286 1185/1/1284 1168/1/1264
f 1170/1/1267 1187/1/1287 1169/1/1266
f 1187/1/1287 1186/1/1286 1169/1/1266
s 34
f 1171/1/1268 1188/1/1288 1170/1/1269
f 1188/1/1288 1187/1/1289 1170/1/1269
s 35
f 1172/1/26 1189/1/26 1171/1/26
f 1189/1/26 1188/1/26 1171/1/26
s 36
f 1173/1/1270 1190/1/1290 1172/1/1271
f 1190/1/1290 1189/1/1291 1172/1/1271
s 37
f 1174/1/27 1191/1/27 1173/1/27
f 1191/1/27 1190/1/27 1173/1/27
s 38
f 1175/1/1272 1192/1/1292 1174/1/1273
f 1192/1/1292 1191/1/1293 1174/1/1273
s 41
f 567/1/27 1193/1/27 1176/1/27
s 30
f 1178/1/1274 1195/1/1294 1177/1/1275
f 1195/1/1294 1194/1/1295 1177/1/1275
f 1179/1/1276 1196/1/1296 1178/1/1274
f 1196/1/1296 1195/1/1294 1178/1/1274
f 1180/1/1277 1197/1/1297 1179/1/1276
f 1197/1/1297 1196/1/1296 1179/1/1276
f 1181/1/1278 1198/1/1298 1180/1/1277
f 1198/1/1298 1197/1/1297 1180/1/1277
s 31
f 1182/1/1279 1199/1/1299 1181/1/1280
f 1199/1/1299 1198/1/1300 1181/1/1280
s 32
f 1183/1/1281 1200/1/1301 1182/1/1282
f 1200/1/1301 1199/1/1302 1182/1/1282
f 1184/1/1283 1201/1/1303 1183/1/1281
f 1201/1/1303 1200/1/1301 1183/1/1281
s 33
f 1185/1/1284 1202/1/1304 1184/1/1285
f 1202/1/1304 1201/1/1305 1184/1/1285
f 1186/1/1286 1203/1/1306 1185/1/1284
f 1203/1/1306 1202/1/1304 1185/1/1284
f 1187/1/1287 1204/1/1307 1186/1/1286
f 1204/1/1307 1203/1/1306 1186/1/1286
s 34
f 1188/1/1288 1205/1/1308 1187/1/1289
f 1205/1/1308 1204/1/1309 1187/1/1289
s 35
f 1189/1/26 1206/1/26 1188/1/26
f 1206/1/26 1205/1/26 1188/1/26
s 36
f 1190/1/1290 1207/1/1310 1189/1/1291
f 1207/1/1310 1206/1/1311 1189/1/1291
s 37
f 1191/1/27 1208/1/27 1190/1/27
f 1208/1/27 1207/1/27 1190/1/27
s 38
f 1192/1/1292 1209/1/1312 1191/1/1293
f 1209/1/1312 1208/1/1313 1191/1/1293
s 41
f 567/1/27 1210/1/27 1193/1/27
s 30
f 1195/1/1294 1212/1/1314 1194/1/1295
f 1212/1/1314 1211/1/1315 1194/1/1295
f 1196/1/1296 1213/1/1316 1195/1/1294
f 1213/1/1316 1212/1/1314 1195/1/1294
f 1197/1/1297 1214/1/1317 1196/1/1296
f 1214/1/1317 1213/1/1316 1196/1/1296
f 1198/1/1298 1215/1/1318 1197/1/1297
f 1215/1/1318 1214/1/1317 1197/1/1297
s 31
f 1199/1/1299 1216/1/1319 1198/1/1300
f 1216/1/1319 1215/1/1320 1198/1/1300
s 32
f 1200/1/1301 1217/1/1321 1199/1/1302
f 1217/1/1321 1216/1/1322 1199/1/1302
f 1201/1/1303 1218/1/1323 1200/1/1301
f 1218/1/1323 1217/1/1321 1200/1/1301
s 33
f 1202/1/1304 1219/1/1324 1201/1/1305
f 1219/1/1324 1218/1/1325 1201/1/1305
f 1203/1/1306 1220/1/1326 1202/1/1304
f 1220/1/1326 1219/1/1324 1202/1/1304
f 1204/1/1307 1221/1/1327 1203/1/1306
f 1221/1/1327 1220/1/1326 1203/1/1306
s 34
f 1205/1/1308 1222/1/1328 1204/1/1309
f 1222/1/1328 1221/1/1329 1204/1/1309
s 35
f 1206/1/26 1223/1/26 1205/1/26
f 1223/1/26 1222/1/26 1205/1/26
s 36
f 1207/1/1310 1224/1/1330 1206/1/1311
f 1224/1/1330 1223/1/1331 1206/1/1311
s 37
f 1208/1/27 1225/1/27 1207/1/27
f 1225/1/27 1224/1/27 1207/1/27
s 38
f 1209/1/1312 1226/1/1332 1208/1/1313
f 1226/1/1332 1225/1/1333 1208/1/1313
s 41
f 567/1/27 1227/1/27 1210/1/27
s 30
f 1212/1/1314 1229/1/1334 1211/1/1315
f 1229/1/1334 1228/1/1335 1211/1/1315
f 1213/1/1316 1230/1/1336 1212/1/1314
f 1230/1/1336 1229/1/1334 1212/1/1314
f 1214/1/1317 1231/1/1337 1213/1/1316
f 1231/1/1337 1230/1/1336 1213/1/1316
f 1215/1/1318 1232/1/1338 1214/1/1317
f 1232/1/1338 1231/1/1337 1214/1/1317
s 31
f 1216/1/1319 1233/1/1339 1215/1/1320
f 1233/1/1339 1232/1/1340 1215/1/1320
s 32
f 1217/1/1321 1234/1/1341 1216/1/1322
f 1234/1/1341 1233/1/1342 1216/1/1322
f 1218/1/1323 1235/1/1343 1217/1/1321
f 1235/1/1343 1234/1/1341 1217/1/1321
s 33
f 1219/1/1324 1236/1/1344 1218/1/1325
f 1236/1/1344 1235/1/1345 1218/1/1325
f 1220/1/1326 1237/1/1346 1219/1/1324
f 1237/1/1346 1236/1/1344 1219/1/1324
f 1221/1/1327 1238/1/1347 1220/1/1326
f 1238/1/1347 1237/1/1346 1220/1/1326
s 34
f 1222/1/1328 1239/1/1348 1221/1/1329
f 1239/1/1348 1238/1/1349 1221/1/1329
s 35
f 1223/1/26 1240/1/26 1222/1/26
f 1240/1/26 1239/1/26 1222/1/26
s 36
f 1224/1/1330 1241/1/1350 1223/1/1331
f 1241/1/1350 1240/1/1351 1223/1/1331
s 37
f 1225/1/27 1242/1/27 1224/1/27
f 1242/1/27 1241/1/27 1224/1/27
s 38
f 1226/1/1332 1243/1/1352 1225/1/1333
f 1243/1/1352 1242/1/1353 1225/1/1333
s 39
f 1244/1/27 1243/1/27 1226/1/27
s 41
f 567/1/27 1245/1/27 1227/1/27
s 30
f 1229/1/1334 1247/1/1354 1228/1/1335
f 1247/1/1354 1246/1/1355 1228/1/1335
f 1230/1/1336 1248/1/1356 1229/1/1334
f 1248/1/1356 1247/1/1354 1229/1/1334
f 1231/1/1337 1249/1/1357 1230/1/1336
f 1249/1/1357 1248/1/1356 1230/1/1336
f 1232/1/1338 1250/1/1358 1231/1/1337
f 1250/1/1358 1249/1/1357 1231/1/1337
s 31
f 1233/1/1339 1251/1/1359 1232/1/1340
f 1251/1/1359 1250/1/1360 1232/1/1340
s 32
f 1234/1/1341 1252/1/1361 1233/1/1342
f 1252/1/1361 1251/1/1362 1233/1/1342
f 1235/1/1343 1253/1/1363 1234/1/1341
f 1253/1/1363 1252/1/1361 1234/1/1341
s 33
f 1236/1/1344 1254/1/1364 1235/1/1345
f 1254/1/1364 1253/1/1365 1235/1/1345
f 1237/1/1346 1255/1/1366 1236/1/1344
f 1255/1/1366 1254/1/1364 1236/1/1344
f 1238/1/1347 1256/1/1367 1237/1/1346
f 1256/1/1367 1255/1/1366 1237/1/1346
s 34
f 1239/1/1348 1257/1/1368 1238/1/1349
f 1257/1/1368 1256/1/1369 1238/1/1349
s 35
f 1240/1/26 1258/1/26 1239/1/26
f 1258/1/26 1257/1/26 1239/1/26
s 36
f 1241/1/1350 1259/1/1370 1240/1/1351
f 1259/1/1370 1258/1/1371 1240/1/1351
s 37
f 1242/1/27 1260/1/27 1241/1/27
f 1260/1/27 1259/1/27 1241/1/27
s 38
f 1243/1/1352 1261/1/1372 1242/1/1353
f 1261/1/1372 1260/1/1373 1242/1/1353
s 39
f 1244/1/27 1262/1/27 1243/1/27
f 1262/1/27 1261/1/27 1243/1/27
s 40
f 1245/1/1374 1263/1/1376 1244/1/1375
f 1263/1/1376 1262/1/1377 1244/1/1375
s 41
f 567/1/27 1263/1/27 1245/1/27
s 30
f 1247/1/1354 1265/1/1378 1246/1/1355
f 1265/1/1378 1264/1/1379 1246/1/1355
f 1248/1/1356 1266/1/1380 1247/1/1354
f 1266/1/1380 1265/1/1378 1247/1/1354
f 1249/1/1357 1267/1/1381 1248/1/1356
f 1267/1/1381 1266/1/1380 1248/1/1356
f 1250/1/1358 1268/1/1382 1249/1/1357
f 1268/1/1382 1267/1/1381 1249/1/1357
s 31
f 1251/1/1359 1269/1/1383 1250/1/1360
f 1269/1/1383 1268/1/1384 1250/1/1360
s 32
f 1252/1/1361 1270/1/1385 1251/1/1362
f 1270/1/1385 1269/1/1386 1251/1/1362
f 1253/1/1363 1271/1/1387 1252/1/1361
f 1271/1/1387 1270/1/1385 1252/1/1361
s 33
f 1254/1/1364 1272/1/1388 1253/1/1365
f 1272/1/1388 1271/1/1389 1253/1/1365
f 1255/1/1366 1273/1/1390 1254/1/1364
f 1273/1/1390 1272/1/1388 1254/1/1364
f 1256/1/1367 1274/1/1391 1255/1/1366
f 1274/1/1391 1273/1/1390 1255/1/1366
s 34
f 1257/1/1368 1275/1/1392 1256/1/1369
f 1275/1/1392 1274/1/1393 1256/1/1369
s 35
f 1258/1/26 1276/1/26 1257/1/26
f 1276/1/26 1275/1/26 1257/1/26
s 36
f 1259/1/1370 1277/1/1394 1258/1/1371
f 1277/1/1394 1276/1/1395 1258/1/1371
s 37
f 1260/1/27 1278/1/27 1259/1/27
f 1278/1/27 1277/1/27 1259/1/27
s 38
f 1261/1/1372 1279/1/1396 1260/1/1373
f 1279/1/1396 1278/1/1397 1260/1/1373
s 39
f 1262/1/27 1280/1/27 1261/1/27
f 1280/1/27 1279/1/27 1261/1/27
s 40
f 1263/1/1376 1281/1/1398 1262/1/1377
f 1281/1/1398 1280/1/1399 1262/1/1377
s 41
f 567/1/27 1281/1/27 1263/1/27
s 30
f 1265/1/1378 1283/1/1400 1264/1/1379
f 1283/1/1400 1282/1/1401 1264/1/1379
f 1266/1/1380 1284/1/1402 1265/1/1378
f 1284/1/1402 1283/1/1400 1265/1/1378
f 1267/1/1381 1285/1/1403 1266/1/1380
f 1285/1/1403 1284/1/1402 1266/1/1380
f 1268/1/1382 1286/1/1404 1267/1/1381
f 1286/1/1404 1285/1/1403 1267/1/1381
s 31
f 1269/1/1383 1287/1/1405 1268/1/1384
f 1287/1/1405 1286/1/1406 1268/1/1384
s 32
f 1270/1/1385 1288/1/1407 1269/1/1386
f 1288/1/1407 1287/1/1408 1269/1/1386
f 1271/1/1387 1289/1/1409 1270/1/1385
f 1289/1/1409 1288/1/1407 1270/1/1385
s 33
f 1272/1/1388 1290/1/1410 1271/1/1389
f 1290/1/1410 1289/1/1411 1271/1/1389
f 1273/1/1390 1291/1/1412 1272/1/1388
f 1291/1/1412 1290/1/1410 1272/1/1388
f 1274/1/1391 1292/1/1413 1273/1/1390
f 1292/1/1413 1291/1/1412 1273/1/1390
s 34
f 1275/1/1392 1293/1/1414 1274/1/1393
f 1293/1/1414 1292/1/1415 1274/1/1393
s 35
f 1276/1/26 1294/1/26 1275/1/26
f 1294/1/26 1293/1/26 1275/1/26
s 36
f 1277/1/1394 1295/1/1416 1276/1/1395
f 1295/1/1416 1294/1/1417 1276/1/1395
s 37
f 1278/1/27 1296/1/27 1277/1/27
f 1296/1/27 1295/1/27 1277/1/27
s 38
f 1279/1/1396 1297/1/1418 1278/1/1397
f 1297/1/1418 1296/1/1419 1278/1/1397
s 39
f 1280/1/27 1298/1/27 1279/1/27
f 1298/1/27 1297/1/27 1279/1/27
s 40
f 1281/1/1398 1299/1/1420 1280/1/1399
f 1299/1/1420 1298/1/1421 1280/1/1399
s 41
f 567/1/27 1299/1/27 1281/1/27
s 30
f 1283/1/1400 1301/1/1422 1282/1/1401
f 1301/1/1422 1300/1/1423 1282/1/1401
f 1284/1/1402 1302/1/1424 1283/1/1400
f 1302/1/1424 1301/1/1422 1283/1/1400
f 1285/1/1403 1303/1/1425 1284/1/1402
f 1303/1/1425 1302/1/1424 1284/1/1402
f 1286/1/1404 1304/1/1426 1285/1/1403
f 1304/1/1426 1303/1/1425 1285/1/1403
s 31
f 1287/1/1405 1305/1/1427 1286/1/1406
f 1305/1/1427 1304/1/1428 1286/1/1406
s 32
f 1288/1/1407 1306/1/1429 1287/1/1408
f 1306/1/1429 1305/1/1430 1287/1/1408
f 1289/1/1409 1307/1/1431 1288/1/1407
f 1307/1/1431 1306/1/1429 1288/1/1407
s 33
f 1290/1/1410 1308/1/1432 1289/1/1411
f 1308/1/1432 1307/1/1433 1289/1/1411
f 1291/1/1412 1309/1/1434 1290/1/1410
f 1309/1/1434 1308/1/1432 1290/1/1410
f 1292/1/1413 1310/1/1435 1291/1/1412
f 1310/1/1435 1309/1/1434 1291/1/1412
s 34
f 1293/1/1414 1311/1/1436 1292/1/1415
f 1311/1/1436 1310/1/1437 1292/1/1415
s 35
f 1294/1/26 1312/1/26 1293/1/26
f 1312/1/26 1311/1/26 1293/1/26
s 36
f 1295/1/1416 1313/1/1438 1294/1/1417
f 1313/1/1438 1312/1/1439 1294/1/1417
s 37
f 1296/1/27 1314/1/27 1295/1/27
f 1314/1/27 1313/1/27 1295/1/27
s 38
f 1297/1/1418 1315/1/1440 1296/1/1419
f 1315/1/1440 1314/1/1441 1296/1/1419
s 39
f 1298/1/27 1316/1/27 1297/1/27
f 1316/1/27 1315/1/27 1297/1/27
s 40
f 1299/1/1420 1317/1/1442 1298/1/1421
f 1317/1/1442 1316/1/1443 1298/1/1421
s 41
f 567/1/27 1317/1/27 1299/1/27
s 30
f 1301/1/1422 1319/1/1444 1300/1/1423
f 1319/1/1444 1318/1/1445 1300/1/1423
f 1302/1/1424 1320/1/1446 1301/1/1422
f 1320/1/1446 1319/1/1444 1301/1/1422
f 1303/1/1425 1321/1/1447 1302/1/1424
f 1321/1/1447 1320/1/1446 1302/1/1424
f 1304/1/1426 1322/1/1448 1303/1/1425
f 1322/1/1448 1321/1/1447 1303/1/1425
s 31
f 1305/1/1427 1323/1/1449 1304/1/1428
f 1323/1/1449 1322/1/1450 1304/1/1428
s 32
f 1306/1/1429 1324/1/1451 1305/1/1430
f 1324/1/1451 1323/1/1452 1305/1/1430
f 1307/1/1431 1325/1/1453 1306/1/1429
f 1325/1/1453 1324/1/1451 1306/1/1429
s 33
f 1308/1/1432 1326/1/1454 1307/1/1433
f 1326/1/1454 1325/1/1455 1307/1/1433
f 1309/1/1434 1327/1/1456 1308/1/1432
f 1327/1/1456 1326/1/1454 1308/1/1432
f 1310/1/1435 1328/1/1457 1309/1/1434
f 1328/1/1457 1327/1/1456 1309/1/1434
s 34
f 1311/1/1436 1329/1/1458 1310/1/1437
f 1329/1/1458 1328/1/1459 1310/1/1437
s 35
f 1312/1/26 1330/1/26 1311/1/26
f 1330/1/26 1329/1/26 1311/1/26
s 36
f 1313/1/1438 1331/1/1460 1312/1/1439
f 1331/1/1460 1330/1/1461 1312/1/1439
s 37
f 1314/1/27 1332/1/27 1313/1/27
f 1332/1/27 1331/1/27 1313/1/27
s 38
f 1315/1/1440 1333/1/1462 1314/1/1441
f 1333/1/1462 1332/1/1463 1314/1/1441
s 39
f 1316/1/27 1334/1/27 1315/1/27
f 1334/1/27 1333/1/27 1315/1/27
s 40
f 1317/1/1442 1335/1/1464 1316/1/1443
f 1335/1/1464 1334/1/1465 1316/1/1443
s 41
f 567/1/27 1335/1/27 1317/1/27
s 30
f 1319/1/1444 550/1/523 1318/1/1445
f 550/1/523 549/1/524 1318/1/1445
f 1320/1/1446 551/1/527 1319/1/1444
f 551/1/527 550/1/523 1319/1/1444
f 1321/1/1447 552/1/529 1320/1/1446
f 552/1/529 551/1/527 1320/1/1446
f 1322/1/1448 553/1/531 1321/1/1447
f 553/1/531 552/1/529 1321/1/1447
s 31
f 1323/1/1449 554/1/533 1322/1/1450
f 554/1/533 553/1/534 1322/1/1450
s 32
f 1324/1/1451 555/1/537 1323/1/1452
f 555/1/537 554/1/538 1323/1/1452
f 1325/1/1453 556/1/541 1324/1/1451
f 556/1/541 555/1/537 1324/1/1451
s 33
f 1326/1/1454 557/1/543 1325/1/1455
f 557/1/543 556/1/544 1325/1/1455
f 1327/1/1456 558/1/547 1326/1/1454
f 558/1/547 557/1/543 1326/1/1454
f 1328/1/1457 559/1/549 1327/1/1456
f 559/1/549 558/1/547 1327/1/1456
s 34
f 1329/1/1458 560/1/551 1328/1/1459
f 560/1/551 559/1/552 1328/1/1459
s 35
f 1330/1/26 561/1/26 1329/1/26
f 561/1/26 560/1/26 1329/1/26
s 36
f 1331/1/1460 562/1/555 1330/1/1461
f 562/1/555 561/1/556 1330/1/1461
s 37
f 1332/1/27 563/1/27 1331/1/27
f 563/1/27 562/1/27 1331/1/27
s 38
f 1333/1/1462 564/1/559 1332/1/1463
f 564/1/559 563/1/560 1332/1/1463
s 39
f 1334/1/27 565/1/27 1333/1/27
f 565/1/27 564/1/27 1333/1/27
s 40
f 1335/1/1464 566/1/563 1334/1/1465
f 566/1/563 565/1/564 1334/1/1465
s 41
f 567/1/27 566/1/27 1335/1/27
s 42
g VWBeetle.002_tube
usemtl tube
f 1345/1/1466 1344/1/1468 1336/1/1467
f 1337/1/1469 1345/1/1466 1336/1/1467
f 1346/1/1470 1345/1/1466 1337/1/1469
f 1338/1/1471 1346/1/1470 1337/1/1469
f 1347/1/1472 1346/1/1470 1338/1/1471
f 1339/1/1473 1347/1/1472 1338/1/1471
f 1348/1/1474 1347/1/1472 1339/1/1473
f 1340/1/1475 1348/1/1474 1339/1/1473
f 1349/1/1476 1348/1/1474 1340/1/1475
f 1341/1/1477 1349/1/1476 1340/1/1475
f 1350/1/1478 1349/1/1476 1341/1/1477
f 1342/1/1479 1350/1/1478 1341/1/1477
f 1351/1/1480 1350/1/1478 1342/1/1479
f 1343/1/1481 1351/1/1480 1342/1/1479
f 1344/1/1468 1351/1/1480 1343/1/1481
f 1336/1/1467 1344/1/1468 1343/1/1481
f 1353/1/1482 1352/1/1483 1344/1/1468
f 1345/1/1466 1353/1/1482 1344/1/1468
f 1354/1/1484 1353/1/1482 1345/1/1466
f 1346/1/1470 1354/1/1484 1345/1/1466
f 1355/1/1485 1354/1/1484 1346/1/1470
f 1347/1/1472 1355/1/1485 1346/1/1470
f 1356/1/1486 1355/1/1485 1347/1/1472
f 1348/1/1474 1356/1/1486 1347/1/1472
f 1357/1/1487 1356/1/1486 1348/1/1474
f 1349/1/1476 1357/1/1487 1348/1/1474
f 1358/1/1488 1357/1/1487 1349/1/1476
f 1350/1/1478 1358/1/1488 1349/1/1476
f 1359/1/1489 1358/1/1488 1350/1/1478
f 1351/1/1480 1359/1/1489 1350/1/1478
f 1352/1/1483 1359/1/1489 1351/1/1480
f 1344/1/1468 1352/1/1483 1351/1/1480
f 1361/1/1490 1360/1/1491 1352/1/1483
f 1353/1/1482 1361/1/1490 1352/1/1483
f 1362/1/1492 1361/1/1490 1353/1/1482
f 1354/1/1484 1362/1/1492 1353/1/1482
f 1363/1/1493 1362/1/1492 1354/1/1484
f 1355/1/1485 1363/1/1493 1354/1/1484
f 1364/1/1494 1363/1/1493 1355/1/1485
f 1356/1/1486 1364/1/1494 1355/1/1485
f 1365/1/1495 1364/1/1494 1356/1/1486
f 1357/1/1487 1365/1/1495 1356/1/1486
f 1366/1/1496 1365/1/1495 1357/1/1487
f 1358/1/1488 1366/1/1496 1357/1/1487
f 1367/1/1497 1366/1/1496 1358/1/1488
f 1359/1/1489 1367/1/1497 1358/1/1488
f 1360/1/1491 1367/1/1497 1359/1/1489
f 1352/1/1483 1360/1/1491 1359/1/1489
f 1361/1/1490 1368/1/1498 1360/1/1491
f 1369/1/1499 1368/1/1498 1361/1/1490
f 1362/1/1492 1369/1/1499 1361/1/1490
f 1370/1/1500 1369/1/1499 1362/1/1492
f 1363/1/1493 1370/1/1500 1362/1/1492
f 1371/1/1501 1370/1/1500 1363/1/1493
f 1364/1/1494 1371/1/1501 1363/1/1493
f 1372/1/1502 1371/1/1501 1364/1/1494
f 1365/1/1495 1372/1/1502 1364/1/1494
f 1373/1/1503 1372/1/1502 1365/1/1495
f 1366/1/1496 1373/1/1503 1365/1/1495
f 1375/1/1504 1374/1/1505 1368/1/1498
f 1369/1/1499 1375/1/1504 1368/1/1498
f 1376/1/1506 1375/1/1504 1369/1/1499
f 1370/1/1500 1376/1/1506 1369/1/1499
f 1377/1/1507 1376/1/1506 1370/1/1500
f 1371/1/1501 1377/1/1507 1370/1/1500
f 1373/1/1503 1378/1/1508 1372/1/1502
f 1336/1/1467 1379/1/1509 1337/1/1469
f 1338/1/1471 1380/1/1510 1339/1/1473
f 1381/1/1511 1339/1/1473 1380/1/1510
f 1339/1/1473 1381/1/1511 1340/1/1475
f 1382/1/1512 1340/1/1475 1381/1/1511
f 1340/1/1475 1382/1/1512 1341/1/1477
f 1383/1/1513 1341/1/1477 1382/1/1512
f 1341/1/1477 1383/1/1513 1342/1/1479
f 1384/1/1514 1342/1/1479 1383/1/1513
f 1342/1/1479 1384/1/1514 1343/1/1481
f 1385/1/1515 1343/1/1481 1384/1/1514
f 1343/1/1481 1385/1/1515 1336/1/1467
f 1379/1/1509 1336/1/1467 1385/1/1515
s 43
g VWBeetle.002_black1
usemtl black1
f 1397/1/1516 1396/1/1518 1386/1/1517
f 1387/1/1519 1397/1/1516 1386/1/1517
f 1398/1/1520 1397/1/1516 1387/1/1519
f 1388/1/1521 1398/1/1520 1387/1/1519
f 1399/1/1522 1398/1/1520 1388/1/1521
f 1389/1/1523 1399/1/1522 1388/1/1521
f 1400/1/1524 1399/1/1522 1389/1/1523
f 1390/1/1525 1400/1/1524 1389/1/1523
f 1401/1/1526 1400/1/1524 1390/1/1525
f 1391/1/1527 1401/1/1526 1390/1/1525
f 1402/1/1528 1401/1/1526 1391/1/1527
f 1392/1/1529 1402/1/1528 1391/1/1527
f 1403/1/1530 1402/1/1528 1392/1/1529
f 1393/1/1531 1403/1/1530 1392/1/1529
f 1404/1/1532 1403/1/1530 1393/1/1531
f 1394/1/1533 1404/1/1532 1393/1/1531
f 1405/1/1534 1404/1/1532 1394/1/1533
f 1395/1/1535 1405/1/1534 1394/1/1533
f 1396/1/1518 1405/1/1534 1395/1/1535
f 1386/1/1517 1396/1/1518 1395/1/1535
s 44
f 1396/1/26 1397/1/26 1406/1/26
f 1397/1/26 1398/1/26 1406/1/26
f 1398/1/26 1399/1/26 1406/1/26
f 1399/1/26 1400/1/26 1406/1/26
f 1400/1/26 1401/1/26 1406/1/26
f 1401/1/26 1402/1/26 1406/1/26
f 1402/1/26 1403/1/26 1406/1/26
f 1403/1/26 1404/1/26 1406/1/26
f 1404/1/26 1405/1/26 1406/1/26
f 1405/1/26 1396/1/26 1406/1/26
