# Blender 5.0.1
# www.blender.org
mtllib cochecofre.mtl
o VWBeetle.cofre
v -0.834271 0.088723 0.102647
v -0.032647 0.206317 0.160385
v -0.020324 0.096988 1.600127
v -0.025628 -1.787995 5.604212
v -0.012789 -2.930133 6.176629
v -0.018953 -3.545220 6.292638
v -0.025085 -3.963063 6.165861
v -0.026385 0.157339 0.883842
v 0.016779 -1.317917 5.221729
v -0.016194 -3.301852 6.280573
v -0.021733 -3.751997 6.256863
v 3.114731 -0.101395 -0.150906
v 3.006880 -0.135392 0.640126
v 3.228652 -0.439297 0.673260
v 2.807759 -0.243422 1.667802
v 3.077887 -0.547773 1.606389
v 2.639084 -0.428174 2.564519
v 2.910222 -0.697097 2.409237
v 2.419923 -0.649852 3.372872
v 2.703586 -0.942928 3.244116
v 2.144461 -0.978895 4.212910
v 2.373303 -1.265619 4.196670
v 1.833885 -1.479939 4.954683
v 2.071814 -1.776167 4.918731
v 2.627929 -0.000495 0.319319
v 2.719517 -0.040975 0.752998
v 2.579695 -0.128683 1.619973
v 2.375168 -0.274480 2.554054
v 2.062343 -0.562801 3.594126
v 1.819133 -0.836218 4.226808
v 1.547910 -1.301394 4.908546
v 2.363433 0.056495 0.162422
v 1.767231 0.118959 0.207858
v 1.147475 0.151892 0.430391
v 0.645097 0.128055 0.950012
v 0.379076 0.042151 1.804453
v 0.254155 -0.148040 2.809259
v 0.214709 -0.534980 3.987811
v 0.207853 -1.150122 4.991091
v 1.159606 -2.074535 5.653874
v 0.255431 -1.936552 5.678343
v 1.518708 -2.360495 5.643594
v 1.702498 -2.579329 5.525984
v 0.358948 -2.749712 6.123449
v 0.530437 -2.961461 6.193843
v 0.788658 -2.739647 6.068931
v 1.109010 -2.865051 6.045969
v 1.331565 -3.236791 5.905953
v 0.930475 -3.627168 6.068813
v 0.407999 -3.884221 6.145113
v 0.438306 -3.606714 6.250581
v 0.835702 -3.272165 6.195730
v 3.131276 -0.084173 -0.418159
v 3.289146 -0.223163 -0.399972
v 3.282851 -0.281328 -0.149526
v 3.088773 -0.242001 0.643883
v 3.196347 -0.261936 0.200212
v 3.063092 -0.124868 0.306333
v 3.290757 -0.398046 0.254187
v 2.935893 -0.173075 1.028662
v 3.028571 -0.330625 1.157926
v 3.157277 -0.490783 1.142352
v 2.946970 -0.399772 1.665259
v 2.729357 -0.331209 2.141349
v 2.866721 -0.476951 2.094599
v 2.993921 -0.610053 2.023664
v 2.775484 -0.558073 2.495370
v 2.530987 -0.533129 2.983172
v 2.679557 -0.653948 2.885695
v 2.820580 -0.796825 2.801857
v 2.574768 -0.764382 3.278034
v 2.292496 -0.795734 3.784248
v 2.434231 -0.921853 3.751653
v 2.540569 -1.097051 3.734874
v 2.276104 -1.106005 4.204403
v 1.996782 -1.198840 4.596172
v 2.122008 -1.331182 4.606688
v 2.225955 -1.478234 4.582935
v 1.964908 -1.619784 4.951653
v 2.690716 -0.019363 0.498889
v 2.917747 -0.052179 0.286114
v 2.839424 -0.014032 0.038376
v 2.910323 -0.088843 0.673087
v 2.657891 -0.157791 1.662441
v 2.785319 -0.116811 1.178109
v 2.666409 -0.078494 1.158945
v 2.479168 -0.198127 2.087403
v 2.587241 -0.244256 2.142102
v 2.493311 -0.346644 2.593234
v 2.213759 -0.421423 3.103219
v 2.367459 -0.470234 3.067394
v 2.244203 -0.591017 3.479292
v 1.937119 -0.692332 3.932269
v 2.122553 -0.724725 3.834510
v 1.990130 -0.895244 4.208401
v 1.692901 -1.038451 4.553564
v 1.850420 -1.111417 4.576782
v 1.693967 -1.388386 4.940122
v 2.520093 0.026115 0.220762
v 2.658362 0.030060 -0.033551
v 2.463814 0.071083 -0.222443
v 2.848454 0.011049 -0.341368
v 2.086347 0.088886 0.166948
v 2.086667 0.108906 -0.124457
v 1.725177 0.140032 -0.044712
v 1.450644 0.140059 0.296163
v 1.359844 0.166947 0.025136
v 0.981889 0.184067 0.081201
v 0.533119 0.194685 0.132011
v 0.876955 0.145918 0.655348
v 0.370020 0.164906 0.625210
v 0.491677 0.092714 1.353413
v 0.305731 -0.037765 2.289300
v 0.169014 -0.004254 2.241371
v 0.208735 0.069731 1.741815
v 0.137754 -0.113710 2.766413
v 0.274631 0.123058 1.203026
v 0.122037 -0.278785 3.353289
v 0.229000 -0.318818 3.396588
v 0.113368 -0.498622 3.948794
v 0.207321 -0.822078 4.518517
v 1.360343 -1.673964 5.295549
v 0.225888 -1.527793 5.361971
v 0.108530 -1.508315 5.371455
v 0.106587 -1.119339 4.981323
v 0.118393 -1.959688 5.697330
v 0.109102 -0.785512 4.500216
v 1.516708 -1.768138 5.314879
v 1.669241 -1.893653 5.323164
v 1.371061 -2.218317 5.657133
v 1.793655 -2.033391 5.297878
v 1.892960 -2.164324 5.238154
v 1.630370 -2.496117 5.587076
v 0.301090 -2.374980 5.932965
v 0.437134 -2.912799 6.188067
v 0.653463 -2.894667 6.152868
v 0.966001 -2.439436 5.897408
v 0.140219 -2.467856 5.966582
v 0.230945 -2.835677 6.146084
v 0.956845 -2.812185 6.065861
v 1.136075 -2.526344 5.898320
v 1.288193 -2.658014 5.889180
v 1.200701 -3.034837 6.014308
v 1.411984 -2.814945 5.830000
v 1.515513 -2.944877 5.747453
v 1.143296 -3.454771 5.998127
v 0.669349 -3.772667 6.117282
v 0.235220 -3.103126 6.238491
v 0.237746 -3.342449 6.269935
v 0.458643 -3.356566 6.252235
v 0.217409 -3.596029 6.275295
v 0.654738 -3.168684 6.214833
v 0.805111 -3.022374 6.161285
v 0.987223 -3.088291 6.133469
v 0.654772 -3.430416 6.232860
v 1.065249 -3.288867 6.092608
v 0.887692 -3.465439 6.155634
v 0.673264 -3.622442 6.192361
v 0.421465 -3.781114 6.204227
v 0.180946 -3.945701 6.159333
v 0.201483 -3.791952 6.231305
v 2.671541 -0.125164 1.165677
v 2.724668 -0.087668 0.759569
v 2.031041 0.029593 0.457292
v 2.091260 0.042296 0.173299
v 1.772026 0.072429 0.214232
v 1.725035 0.059872 0.518111
v 2.313924 -0.003584 0.433937
v 2.540071 -0.036016 0.452925
v 2.368450 0.009851 0.168766
v 2.695857 -0.066058 0.505359
v 2.181455 -0.052667 1.179507
v 2.427134 -0.091085 1.165763
v 2.254629 -0.022608 0.756892
v 2.584800 -0.175323 1.626888
v 1.480070 -0.000863 1.396784
v 1.888998 -0.018027 1.232926
v 1.575481 0.041459 0.912052
v 2.029632 -0.093899 1.653570
v 1.455322 0.093592 0.302576
v 0.881425 0.099569 0.661915
v 1.348922 0.081901 0.600871
v 1.152042 0.105486 0.436864
v 1.044342 0.067503 0.931817
v 1.023958 0.027901 1.326765
v 0.922204 -0.024052 1.782299
v 0.383372 -0.004070 1.811483
v 1.693255 -0.060867 1.705245
v 1.697908 -0.151578 2.160816
v 1.656055 -0.271820 2.671110
v 1.242046 -0.238143 2.716440
v 2.297810 -0.133697 1.633972
v 2.297716 -0.227403 2.112357
v 2.238686 -0.327753 2.598264
v 2.005788 -0.308785 2.631841
v 0.838697 -0.102959 2.255610
v 1.319347 -0.046238 1.814516
v 0.773109 -0.218566 2.770158
v 0.258006 -0.194290 2.814338
v 0.706177 -0.597830 3.916022
v 0.669671 -0.878183 4.456419
v 1.206824 -0.618663 3.871156
v 0.614167 -1.206139 4.940358
v 0.211704 -1.196372 4.996169
v 2.216434 -0.433874 3.083441
v 2.379019 -0.320730 2.559132
v 1.633890 -0.425594 3.211843
v 1.709618 -0.581339 3.659860
v 1.939794 -0.704783 3.912491
v 2.065019 -0.575252 3.574348
v 1.514869 -0.757851 4.104022
v 1.387922 -1.000985 4.537424
v 1.821808 -0.848669 4.207030
v 1.262702 -1.290983 4.930732
v 0.959279 -1.234345 4.935120
v 1.122588 -1.666479 5.310947
v 1.550585 -1.313845 4.888767
v 1.001533 -2.076360 5.647830
v 0.745358 -2.106025 5.712068
v 0.573823 -1.582428 5.329943
v 0.523969 -2.008648 5.668681
v 0.259230 -1.959905 5.649221
v 0.732318 -0.384649 3.341597
v 0.218561 -0.581230 3.992888
v 0.493453 -2.469321 5.943676
v 0.600759 -2.629663 6.011608
v 0.657262 -2.918020 6.123746
v 0.534236 -2.984813 6.164720
v 0.775792 -2.480568 5.917843
v 0.969800 -2.462788 5.868287
v 1.162282 -2.086986 5.634097
v 0.362747 -2.773065 6.094326
v 0.440933 -2.936152 6.158945
v 0.792457 -2.763000 6.039809
v 2.633048 -0.047184 0.325719
v 2.483019 -0.244376 2.092482
v 1.695577 -1.050902 4.533785
v 2.525170 -0.020557 0.227126
v 1.979415 0.012304 0.798304
v 2.501937 -0.057237 0.754672
v 0.649485 0.081759 0.956699
v 0.496010 0.046459 1.360263
v 1.302929 -0.121451 2.206937
v 2.040875 -0.191486 2.129889
v 0.309582 -0.084015 2.294379
v 0.232851 -0.365069 3.401666
v 0.211173 -0.868328 4.523595
v 1.059448 -0.915375 4.468628
v 1.992491 -0.444902 3.136082
v 1.202239 -0.399755 3.279983
v 0.854189 -1.619306 5.330060
v 1.363019 -1.686415 5.275771
v 0.229739 -1.574043 5.367049
v 0.304888 -2.398333 5.903843
v 3.285477 -0.243774 -0.286949
v 3.219267 -0.161007 -0.308494
v 3.222604 -0.196628 -0.168220
v 3.132976 -0.182784 0.225169
v 3.172043 -0.179809 0.009850
v 3.092768 -0.114844 0.088958
v 3.248876 -0.348927 0.216980
v 3.209090 -0.355259 0.426291
v 3.260814 -0.417229 0.455381
v 3.065598 -0.291062 0.889700
v 3.127721 -0.391914 0.904936
v 3.149099 -0.337555 0.653706
v 2.987058 -0.365643 1.422875
v 2.924159 -0.283605 1.421009
v 2.878200 -0.320514 1.689467
v 2.907751 -0.437168 1.884844
v 2.972938 -0.524425 1.856252
v 3.013414 -0.489285 1.638179
v 2.822154 -0.516661 2.296886
v 2.756444 -0.443104 2.328031
v 2.708658 -0.488036 2.532818
v 2.727831 -0.604326 2.692239
v 2.797128 -0.681959 2.646496
v 2.842196 -0.636090 2.453674
v 2.629689 -0.705658 3.075806
v 2.554524 -0.641882 3.127842
v 2.499725 -0.700010 3.322013
v 2.509042 -0.838498 3.509380
v 2.572943 -0.923793 3.495522
v 2.643812 -0.848303 3.253811
v 2.198650 -1.214068 4.412951
v 2.249106 -1.293418 4.411928
v 2.326304 -1.188686 4.203713
v 2.044487 -1.462005 4.781373
v 1.982341 -1.390475 4.782428
v 1.901708 -1.547041 4.956664
v 2.895240 -0.035274 0.140708
v 3.011625 -0.066255 0.064088
v 2.969004 -0.040212 -0.075779
v 2.915321 -0.068278 0.472260
v 2.818980 -0.046705 0.526897
v 2.827665 -0.066735 0.710934
v 2.718612 -0.095711 1.180437
v 2.763510 -0.077249 0.951098
v 2.692963 -0.059735 0.955972
v 2.859010 -0.143319 1.133772
v 2.796666 -0.172266 1.427190
v 2.880327 -0.207332 1.328872
v 2.627644 -0.201364 1.909399
v 2.694251 -0.240010 1.933049
v 2.721052 -0.191587 1.689435
v 2.543680 -0.291578 2.364544
v 2.481018 -0.260196 2.348208
v 2.426554 -0.314003 2.585738
v 2.432144 -0.408025 2.832515
v 2.508574 -0.440134 2.812218
v 2.565939 -0.382899 2.584993
v 2.304767 -0.530545 3.283049
v 2.218682 -0.512457 3.323693
v 2.153692 -0.575787 3.530373
v 2.184069 -0.654959 3.658223
v 2.274013 -0.680180 3.611164
v 2.333876 -0.614532 3.425447
v 2.057748 -0.804825 4.019280
v 1.969768 -0.780626 4.040290
v 1.905814 -0.866594 4.213390
v 1.921050 -0.997710 4.394428
v 1.998103 -1.036648 4.403122
v 2.069618 -0.932584 4.210613
v 1.775420 -1.240235 4.757633
v 1.698943 -1.204500 4.744316
v 1.618949 -1.351730 4.927289
v 2.736322 0.026406 -0.170705
v 2.661408 0.044418 -0.282020
v 2.591820 0.046386 -0.110839
v 2.749814 0.010539 -0.016556
v 2.648850 0.015452 0.127209
v 2.720435 -0.002737 0.181771
v 2.271491 0.091710 -0.170024
v 2.232390 0.082885 0.011448
v 2.378678 0.066552 -0.002668
v 2.057210 0.036068 0.312932
v 1.931643 0.057361 0.193766
v 1.904563 0.051617 0.333802
v 1.882802 0.045460 0.483333
v 1.750628 0.065811 0.364729
v 2.436122 -0.019995 0.437997
v 2.448731 -0.012352 0.310630
v 2.337209 0.003610 0.299582
v 2.621892 -0.051380 0.479501
v 2.627282 -0.061349 0.607228
v 2.715272 -0.076920 0.632772
v 2.305934 -0.071847 1.169445
v 2.346119 -0.054858 0.950414
v 2.221879 -0.036375 0.958733
v 2.548151 -0.109350 1.166803
v 2.500995 -0.131443 1.394083
v 2.628170 -0.150243 1.396282
v 1.701601 -0.005922 1.293058
v 1.759771 0.013026 1.060083
v 1.538567 0.019936 1.164369
v 2.045002 -0.034434 1.199680
v 1.976767 -0.053599 1.433580
v 2.121672 -0.071720 1.412881
v 1.589472 0.077652 0.405425
v 1.613675 0.083009 0.258405
v 1.543044 0.154355 -0.008173
v 1.569510 0.142843 0.120954
v 1.741262 0.129418 0.086681
v 0.454280 0.179206 0.383618
v 0.260780 0.201123 0.151022
v 0.192714 0.185416 0.420086
v 1.121677 0.090416 0.638312
v 1.234365 0.094982 0.505904
v 1.007859 0.102534 0.538724
v 1.052185 0.048795 1.116178
v 1.312383 0.037348 1.112482
v 1.301416 0.057429 0.912341
v 0.974963 0.004103 1.552268
v 0.710281 0.012797 1.563428
v 0.660937 -0.015939 1.794187
v 1.709260 -0.102908 1.923429
v 1.884120 -0.120520 1.902799
v 1.868960 -0.076054 1.674273
v 1.677134 -0.207797 2.410809
v 1.480198 -0.189623 2.430953
v 1.454901 -0.253551 2.692920
v 2.311077 -0.179849 1.871932
v 2.430465 -0.197551 1.866405
v 2.424891 -0.154168 1.629788
v 2.268304 -0.276288 2.354575
v 2.159240 -0.264436 2.366204
v 2.135440 -0.321357 2.614857
v 0.876208 -0.059770 2.016468
v 1.108079 -0.068557 2.007592
v 1.151714 -0.034060 1.788084
v 0.804365 -0.155419 2.505547
v 0.549762 -0.147534 2.530998
v 0.521524 -0.210743 2.797598
v 0.186928 0.035691 1.992956
v 0.269328 0.019305 2.023643
v 0.301059 0.054203 1.781699
v 0.152192 -0.053239 2.496764
v 0.082059 -0.033928 2.457230
v 0.074538 -0.091410 2.720546
v 0.314991 0.145600 0.907099
v 0.452265 0.126901 1.056960
v 0.521461 0.144588 0.813676
v 0.238900 0.098124 1.480502
v 0.118745 0.114068 1.381906
v 0.106441 0.084408 1.680340
v 0.128368 -0.189868 3.054629
v 0.186030 -0.213077 3.085223
v 0.198875 -0.135756 2.798008
v 0.117173 -0.381248 3.653704
v 0.065376 -0.352122 3.607616
v 0.063705 -0.467748 3.905735
v 0.691899 -0.730767 4.190797
v 0.920992 -0.739887 4.173669
v 0.947560 -0.604014 3.888099
v 0.640754 -1.037188 4.708541
v 0.434444 -1.034055 4.728166
v 0.421098 -1.203584 4.956876
v 2.220165 -0.381655 2.841816
v 2.297727 -0.377303 2.821286
v 2.319940 -0.327804 2.580463
v 1.639697 -0.345568 2.942030
v 1.828009 -0.362559 2.915487
v 1.841769 -0.291192 2.650897
v 1.653019 -0.506397 3.458008
v 1.429384 -0.504689 3.521765
v 1.484929 -0.590029 3.742043
v 1.811578 -0.647230 3.803120
v 2.002406 -0.640017 3.743418
v 1.904087 -0.577676 3.599369
v 1.448605 -0.873545 4.323149
v 1.604768 -0.918656 4.361321
v 1.666777 -0.812542 4.171284
v 1.326786 -1.138085 4.737941
v 1.171599 -1.104181 4.730987
v 1.113775 -1.262590 4.936739
v 1.194093 -1.469463 5.121574
v 1.330406 -1.488064 5.102850
v 1.406937 -1.313048 4.914577
v 1.054360 -1.872668 5.490797
v 0.927773 -1.864725 5.511053
v 0.884672 -2.079036 5.673140
v 0.594015 -1.388607 5.144479
v 0.758901 -1.398800 5.138750
v 0.793250 -1.215531 4.933863
v 0.548127 -1.789441 5.504221
v 0.407089 -1.773856 5.499185
v 0.400841 -1.984039 5.653404
v 0.106917 -1.306660 5.185538
v 0.159395 -1.330842 5.186986
v 0.156619 -1.143586 4.984765
v 0.112443 -1.725102 5.540914
v 0.056426 -1.670806 5.515471
v 0.055727 -1.910350 5.676468
v 0.110910 -0.635201 4.231101
v 0.160754 -0.660553 4.248459
v 0.164340 -0.524324 3.970423
v 0.107574 -0.947098 4.751119
v 0.061449 -0.912864 4.723328
v 0.060336 -1.081642 4.956361
v 1.605542 -1.566219 5.127214
v 1.678620 -1.613218 5.134845
v 1.765039 -1.429011 4.948867
v 1.436013 -1.989423 5.494815
v 1.346465 -1.926408 5.485271
v 1.280458 -2.148729 5.650343
v 1.880646 -1.815483 5.126412
v 1.935228 -1.889028 5.107782
v 2.020749 -1.695769 4.938461
v 1.708299 -2.263589 5.454473
v 1.652828 -2.195651 5.480100
v 1.578108 -2.430794 5.618485
v 0.749873 -0.296039 3.051832
v 0.989722 -0.303842 3.022853
v 1.013832 -0.227218 2.742729
v 0.718181 -0.484444 3.631403
v 0.474511 -0.480232 3.664914
v 0.464537 -0.594926 3.949615
v 0.508330 -2.237921 5.815064
v 0.598537 -2.290273 5.840569
v 0.636268 -2.044265 5.685476
v 0.555861 -2.536810 5.973100
v 0.656190 -2.388607 5.887713
v 0.632018 -2.758510 6.062181
v 0.561555 -2.835292 6.102711
v 0.601906 -2.961544 6.144267
v 0.872812 -2.275854 5.794066
v 0.762785 -2.302505 5.828024
v 0.126277 -2.214533 5.838603
v 0.199798 -2.202675 5.827178
v 0.185573 -1.964971 5.689506
v 0.172296 -2.683067 6.072260
v 0.076071 -2.709738 6.081399
v 0.128319 -2.899845 6.167899
v 1.051951 -2.476006 5.893456
v 1.153397 -2.309647 5.781033
v 1.062804 -2.256985 5.775641
v 1.216036 -2.587209 5.898380
v 1.120462 -2.718108 5.988851
v 1.189440 -2.778731 5.980815
v 1.352366 -2.736069 5.864887
v 1.461346 -2.591079 5.752062
v 1.397954 -2.515989 5.776973
v 1.466547 -2.886567 5.789728
v 1.367739 -3.027930 5.881426
v 1.423542 -3.100295 5.833519
v 0.322824 -2.899786 6.177683
v 0.391925 -2.834049 6.155841
v 0.311782 -2.765783 6.121520
v 0.241435 -3.216409 6.256913
v 0.372620 -3.183480 6.239841
v 0.370542 -3.066327 6.223780
v 0.227356 -3.474435 6.277745
v 0.108156 -3.463564 6.287203
v 0.101905 -3.582465 6.285339
v 0.725238 -2.960348 6.156486
v 0.797143 -2.878452 6.117250
v 0.724253 -2.821839 6.110911
v 0.892268 -3.065552 6.155766
v 0.817805 -3.153570 6.187949
v 0.914276 -3.185882 6.167353
v 0.652449 -3.307391 6.231503
v 0.749343 -3.350937 6.216849
v 0.739673 -3.230135 6.212726
v 1.139290 -3.175779 6.055367
v 1.191945 -3.268883 6.011579
v 1.258756 -3.127371 5.971000
v 0.980120 -3.381841 6.126679
v 0.945898 -3.289763 6.154061
v 0.859994 -3.374521 6.181575
v 0.786136 -3.544393 6.176923
v 0.802079 -3.626740 6.147227
v 0.914645 -3.548527 6.124172
v 0.548721 -3.701301 6.202163
v 0.551977 -3.615289 6.226930
v 0.430911 -3.700358 6.229621
v 0.209492 -3.699748 6.257913
v 0.319808 -3.701266 6.246010
v 0.328730 -3.600645 6.264243
v 0.191291 -3.874612 6.201557
v 0.086105 -3.876119 6.208218
v 0.077111 -3.959210 6.162983
v 3.130215 -0.086730 -0.337624
v 3.222823 -0.150229 -0.420155
v 3.328612 -0.319247 -0.249296
v 3.320737 -0.353627 -0.113090
v 3.333310 -0.293061 -0.359212
v 3.148644 -0.259142 0.420220
v 3.038993 -0.172740 0.640081
v 3.088462 -0.182359 0.443707
v 3.030384 -0.131330 0.505787
v 3.237931 -0.264141 0.006418
v 3.284950 -0.345732 0.034171
v 3.318110 -0.381863 0.074700
v 2.974591 -0.245310 1.122351
v 2.979841 -0.148742 0.787515
v 3.014977 -0.208802 0.854044
v 3.194044 -0.464093 0.904700
v 3.091884 -0.425531 1.156835
v 3.118434 -0.518811 1.378540
v 3.052974 -0.456885 1.404140
v 2.687102 -0.378028 2.350840
v 2.799719 -0.398507 2.120384
v 2.767699 -0.291013 1.932399
v 2.839253 -0.357472 1.911456
v 3.036038 -0.577912 1.820799
v 2.930267 -0.559396 2.062268
v 2.952076 -0.656385 2.218199
v 2.886216 -0.595947 2.260104
v 2.476088 -0.589773 3.180457
v 2.606730 -0.587506 2.934878
v 2.585604 -0.479975 2.776994
v 2.657824 -0.536218 2.736274
v 2.866949 -0.744158 2.601947
v 2.751026 -0.731761 2.838056
v 2.767435 -0.871182 3.015290
v 2.701358 -0.785174 3.035135
v 2.219357 -0.883610 4.001915
v 2.290726 -0.941160 3.993329
v 2.366784 -0.852015 3.765717
v 2.359119 -0.717989 3.572288
v 2.437403 -0.770145 3.534698
v 2.626021 -1.016603 3.487512
v 2.491382 -1.005930 3.742069
v 2.454741 -1.172174 3.973742
v 2.408230 -1.093603 3.978187
v 1.916854 -1.327868 4.776469
v 2.062226 -1.260163 4.602840
v 2.071282 -1.083749 4.408863
v 2.139134 -1.142618 4.409769
v 2.214193 -1.036546 4.208573
v 2.298278 -1.363783 4.398508
v 2.175318 -1.405367 4.599229
v 2.151507 -1.617339 4.754188
v 2.099844 -1.536342 4.770584
v 2.710125 -0.030225 0.626251
v 2.805161 -0.032741 0.380369
v 2.664981 -0.010046 0.403729
v 2.772819 -0.018463 0.265208
v 3.005121 -0.082190 0.259144
v 2.986348 -0.096322 0.463357
v 2.971210 -0.113859 0.650418
v 2.726723 -0.138622 1.429588
v 2.608471 -0.139966 1.636615
v 2.668595 -0.117004 1.410154
v 2.623052 -0.103588 1.389459
v 2.843666 -0.098129 0.918713
v 2.916185 -0.122185 0.867008
v 2.427168 -0.236304 2.320729
v 2.528987 -0.217417 2.116028
v 2.529432 -0.163404 1.853688
v 2.573327 -0.177581 1.878277
v 2.656397 -0.282165 2.150916
v 2.614810 -0.329510 2.363960
v 2.138051 -0.492113 3.348673
v 2.288538 -0.446347 3.088575
v 2.294463 -0.347952 2.828637
v 2.359182 -0.379302 2.838923
v 2.449853 -0.496743 3.029551
v 2.391634 -0.554206 3.233774
v 1.878126 -0.764274 4.079538
v 2.031059 -0.706672 3.876337
v 1.999731 -0.627566 3.763197
v 2.091874 -0.639472 3.709511
v 2.210197 -0.754497 3.806131
v 2.141724 -0.838742 4.007687
v 1.620405 -1.169922 4.731055
v 1.771680 -1.077426 4.565163
v 1.756017 -0.937335 4.390185
v 1.840214 -0.965552 4.388081
v 1.925642 -1.151242 4.587803
v 1.848450 -1.280085 4.768560
v 2.582941 0.012671 0.266333
v 2.577973 0.032052 0.077051
v 2.442008 0.041192 0.179613
v 2.492406 0.049164 0.021789
v 3.002800 -0.036784 -0.258176
v 2.868062 -0.004328 -0.153282
v 2.224890 0.072690 0.164685
v 2.075237 0.098867 0.031809
v 1.926789 0.103923 0.187403
v 1.910398 0.114472 0.057840
v 1.905815 0.124755 -0.083406
v 2.229855 0.026075 0.171032
v 2.203312 0.019899 0.301287
v 2.285368 -0.012034 0.584545
v 2.175980 0.013040 0.441200
v 2.148453 0.005055 0.596030
v 2.121881 -0.004926 0.772731
v 2.007543 0.022033 0.617275
v 1.810052 0.028014 0.839960
v 1.855018 0.038068 0.648813
v 1.676381 0.052387 0.691587
v 2.613176 -0.073692 0.763845
v 2.527331 -0.045474 0.591467
v 2.381504 -0.040143 0.751963
v 2.412505 -0.028948 0.583392
v 2.447055 -0.005466 0.185962
v 2.534537 -0.027770 0.335898
v 2.588041 -0.034010 0.272715
v 2.603546 -0.042415 0.371264
v 2.670113 -0.056738 0.410163
v 2.374277 -0.111309 1.396000
v 2.169827 -0.113535 1.641185
v 2.251081 -0.091248 1.401570
v 2.467630 -0.072816 0.949802
v 2.585131 -0.089970 0.954469
v 2.698105 -0.106416 0.962623
v 1.809205 -0.037996 1.467348
v 1.503297 -0.050361 1.752846
v 1.618403 -0.026916 1.525048
v 1.402965 -0.023371 1.620036
v 1.940601 -0.001237 1.007381
v 2.089367 -0.018270 0.977182
v 1.465196 0.064823 0.729569
v 1.547793 0.071835 0.559544
v 1.418383 0.087317 0.453385
v 1.299386 0.099536 0.363818
v 1.608937 0.129509 0.252009
v 1.399645 0.153828 0.158876
v 1.294764 0.145972 0.357375
v 1.229003 0.162191 0.199206
v 1.056672 0.167756 0.248338
v 1.174587 0.176847 0.054273
v 0.879609 0.169847 0.311006
v 0.771317 0.189312 0.107495
v 3.006373 -0.031036 -0.389643
v 1.003343 0.148912 0.532207
v 0.732062 0.166213 0.431460
v 0.746103 0.137112 0.797226
v 0.617119 0.157186 0.609978
v 1.224303 0.075463 0.757384
v 0.812508 0.074774 0.955199
v 0.982058 0.083786 0.785955
v 0.750527 0.090790 0.803851
v 0.439691 0.021194 1.585872
v 0.758100 0.036704 1.342245
v 0.561877 0.064220 1.156668
v 0.795446 0.057162 1.137186
v 1.271994 0.016177 1.338579
v 1.213853 -0.007121 1.565942
v 1.272143 -0.174948 2.453737
v 1.506855 -0.134958 2.182016
v 1.322077 -0.077725 1.985768
v 1.521384 -0.088437 1.951228
v 2.045413 -0.140288 1.887898
v 1.877205 -0.171152 2.143659
v 2.024607 -0.247582 2.378228
v 1.860262 -0.227925 2.393406
v 2.178832 -0.210759 2.120308
v 2.185121 -0.160417 1.878353
v 2.523662 -0.201145 1.852264
v 2.397538 -0.239091 2.103657
v 2.431019 -0.282553 2.325806
v 2.357535 -0.282630 2.341959
v 0.283794 -0.139153 2.554358
v 0.581356 -0.095514 2.277030
v 0.346255 -0.044058 2.051956
v 0.618198 -0.052110 2.032347
v 1.078544 -0.111415 2.233180
v 1.045522 -0.164060 2.479354
v 0.088369 0.010559 2.215860
v -0.017699 0.059716 1.924384
v 0.098388 0.049164 1.961212
v 0.342404 0.002193 2.046877
v 0.241613 -0.022805 2.271009
v 0.279943 -0.092903 2.549280
v 0.218099 -0.073844 2.528129
v -0.023436 0.130499 1.229231
v 0.134570 0.140773 1.054178
v -0.029278 0.181596 0.547562
v 0.157097 0.164603 0.728505
v 0.557521 0.110496 1.149901
v 0.393341 0.106331 1.300358
v 0.435377 0.067433 1.578932
v 0.343336 0.082384 1.542391
v 0.067047 -0.251839 3.304605
v 0.069952 -0.164866 3.006011
v 0.241577 -0.233429 3.102923
v 0.176634 -0.303271 3.381492
v 0.221854 -0.426900 3.692199
v 0.169639 -0.406670 3.678725
v 0.211439 -1.032350 4.759882
v 0.446035 -0.875152 4.481887
v 0.214867 -0.724779 4.258242
v 0.456003 -0.728207 4.221630
v 1.120367 -0.768670 4.198741
v 0.874434 -0.889777 4.450492
v 1.007884 -1.069623 4.712480
v 0.831684 -1.047879 4.703808
v 2.014823 -0.510360 3.361179
v 2.140726 -0.504564 3.328894
v 2.119209 -0.443454 3.104740
v 1.992386 -0.376201 2.888479
v 2.120203 -0.382997 2.864626
v 1.195278 -0.498426 3.569137
v 1.423158 -0.412709 3.248679
v 1.218918 -0.313942 2.994470
v 1.434916 -0.328687 2.968354
v 1.826852 -0.437277 3.172365
v 1.849357 -0.510533 3.404891
v 1.880801 -0.776725 4.059759
v 1.733307 -0.724418 3.990522
v 1.365312 -0.693673 4.007284
v 1.598806 -0.662258 3.887597
v 1.227855 -0.957278 4.505666
v 1.288882 -0.820353 4.264858
v 1.758692 -0.949786 4.370408
v 1.542385 -1.034585 4.546264
v 1.623081 -1.182373 4.711277
v 1.477087 -1.164775 4.730119
v 0.799383 -1.842840 5.518395
v 0.989246 -1.645358 5.324511
v 0.908439 -1.417915 5.137069
v 1.053090 -1.444030 5.132718
v 1.456802 -1.500130 5.082269
v 1.247977 -1.680454 5.291582
v 1.262650 -1.886700 5.454934
v 1.168684 -1.880416 5.470016
v 1.100366 -2.080002 5.627893
v 0.244485 -1.766973 5.508135
v 0.410514 -1.576123 5.338071
v 0.220722 -1.385207 5.181608
v 0.414651 -1.385867 5.158378
v 0.718481 -1.597342 5.329676
v 0.676547 -1.811865 5.511635
v 0.058558 -1.450511 5.340659
v 0.058925 -1.255792 5.156345
v 0.216870 -1.338957 5.176530
v 0.165645 -1.529325 5.369259
v 0.240660 -1.732172 5.520157
v 0.174360 -1.740711 5.536191
v 0.062097 -0.751931 4.466031
v 0.062787 -0.602443 4.192317
v 0.211015 -0.678529 4.253164
v 0.158041 -0.810003 4.511469
v 0.207587 -0.986101 4.754804
v 0.156498 -0.971064 4.757680
v 1.259974 -1.874249 5.474712
v 1.437043 -1.719323 5.304052
v 1.454126 -1.487679 5.102047
v 1.529940 -1.526275 5.116075
v 1.751169 -1.673720 5.138902
v 1.595180 -1.827445 5.321872
v 1.589668 -2.125879 5.495206
v 1.517007 -2.056413 5.499403
v 1.449517 -2.288779 5.655567
v 1.735100 -1.963445 5.314951
v 1.819522 -1.743579 5.136898
v 1.985022 -1.961539 5.080181
v 1.845968 -2.101767 5.271091
v 1.797927 -2.374128 5.388462
v 1.757285 -2.325670 5.422722
v 1.674294 -2.549310 5.553031
v 0.225706 -0.473150 3.697276
v 0.485985 -0.378570 3.372360
v 0.245429 -0.279679 3.108001
v 0.501236 -0.288746 3.081065
v 0.971086 -0.390833 3.310356
v 0.957570 -0.489683 3.599665
v 0.333818 -2.585698 5.999084
v 0.414067 -2.633295 6.025154
v 0.408929 -2.422548 5.917932
v 0.282059 -2.179119 5.776532
v 0.403284 -2.204064 5.793450
v 0.481363 -2.967721 6.161958
v 0.519534 -2.764712 6.078700
v 0.395724 -2.857402 6.126719
v 0.471203 -2.699337 6.054015
v 0.685639 -2.537541 5.958517
v 0.788715 -2.638319 5.985734
v 0.707188 -2.694048 6.023940
v 0.728052 -2.845192 6.081790
v 1.066041 -2.274887 5.751193
v 0.976700 -2.271367 5.767906
v 0.881128 -2.612894 5.954047
v 0.873717 -2.457068 5.885707
v -0.010536 -2.636133 6.047739
v 0.062435 -2.448987 5.959232
v 0.057718 -2.175732 5.824079
v 0.278261 -2.155767 5.805654
v 0.222884 -2.428023 5.948749
v 0.330019 -2.562346 6.028206
v 0.258721 -2.621688 6.048798
v 1.038077 -2.845490 6.061283
v 1.041975 -2.674533 5.990683
v 0.874600 -2.769840 6.062787
v 0.959980 -2.631729 5.987113
v 0.877330 -2.589541 5.983171
v 1.244436 -2.374126 5.787458
v 1.325632 -2.443050 5.787650
v 1.307646 -2.942075 5.926959
v 1.149522 -2.945587 6.039975
v 1.248584 -2.857542 5.961020
v 1.517451 -2.662020 5.719126
v 1.567124 -2.724254 5.682350
v 1.608330 -2.770403 5.645214
v 0.477565 -2.944369 6.191080
v 0.345281 -2.992813 6.208890
v 0.111737 -3.068982 6.228565
v 0.226638 -2.985780 6.204766
v -0.017562 -3.426311 6.291338
v 0.111871 -3.340517 6.280164
v -0.014737 -3.155145 6.251460
v 0.112035 -3.213907 6.263587
v 0.480646 -3.190634 6.231441
v 0.354497 -3.339341 6.258882
v 0.446130 -3.492466 6.258335
v 0.339624 -3.479695 6.267962
v 0.731882 -3.098734 6.191461
v 0.581467 -3.085079 6.207080
v 0.655222 -3.024871 6.185130
v 0.598107 -2.938191 6.173388
v 0.879346 -2.927239 6.120272
v 0.965236 -2.962650 6.114356
v 1.054017 -2.977020 6.092048
v 0.550921 -3.515231 6.244256
v 0.554740 -3.393862 6.246506
v 0.564677 -3.250773 6.233767
v 1.023167 -3.193534 6.121760
v 1.091796 -3.079866 6.084591
v 1.238536 -3.353362 5.955274
v 1.106726 -3.375026 6.054678
v 1.042341 -3.544777 6.034877
v 1.014467 -3.465507 6.092392
v 0.664062 -3.532996 6.217021
v 0.766554 -3.453784 6.201988
v 0.803962 -3.703033 6.099369
v 0.674276 -3.702267 6.164231
v 0.535398 -3.833793 6.134046
v 0.542001 -3.775660 6.175537
v 0.412447 -3.846102 6.179454
v -0.023187 -3.847929 6.222789
v 0.091843 -3.783512 6.242478
v -0.020343 -3.653404 6.280704
v 0.096786 -3.687703 6.269414
v 0.309655 -3.788043 6.220539
v 0.298656 -3.862965 6.193525
v 0.290478 -3.920973 6.155493
v 2.577735 -0.133697 1.628856
v 2.354947 -1.010558 3.983906
v -3.191735 -0.026942 -0.091274
v -3.069779 -0.063654 0.697585
v -3.297999 -0.362246 0.734975
v -2.853871 -0.176583 1.721338
v -3.132221 -0.474458 1.665110
v -2.672681 -0.365465 2.614747
v -2.952979 -0.627878 2.464679
v -2.443569 -0.592435 3.418860
v -2.736455 -0.878705 3.295557
v -2.160119 -0.928077 4.253612
v -2.395932 -1.209316 4.241767
v -1.847489 -1.436480 4.989494
v -2.092981 -1.727000 4.958113
v -2.693883 0.062331 0.369641
v -2.778186 0.023929 0.804983
v -2.624107 -0.067249 1.669179
v -2.405454 -0.218043 2.599260
v -2.079915 -0.513899 3.633295
v -1.831308 -0.793123 4.261326
v -1.558302 -1.264725 4.937919
v -2.431129 0.113098 0.207758
v -1.832867 0.161460 0.241900
v -1.208409 0.179704 0.452668
v -0.697000 0.143898 0.962703
v -0.416974 0.051547 1.811981
v -0.277602 -0.141764 2.814288
v -0.225027 -0.529791 3.991970
v -0.213726 -1.145147 4.995079
v -1.174335 -2.046983 5.675945
v -0.266854 -1.930389 5.683284
v -1.540218 -2.324384 5.672520
v -1.731313 -2.538793 5.558453
v -0.381104 -2.740978 6.130447
v -0.556183 -2.948635 6.204119
v -0.811411 -2.720760 6.084062
v -1.135010 -2.838562 6.067189
v -1.368886 -3.204913 5.931490
v -0.974116 -3.604685 6.086824
v -0.456505 -3.874018 6.153289
v -0.478253 -3.595897 6.259249
v -0.868606 -3.252048 6.211846
v -3.212919 -0.009276 -0.358170
v -3.373653 -0.144504 -0.336971
v -3.364001 -0.202858 -0.086676
v -3.154082 -0.168300 0.702913
v -3.270465 -0.185591 0.261360
v -3.132030 -0.051730 0.364914
v -3.367024 -0.319447 0.317141
v -2.992369 -0.103088 1.084717
v -3.086281 -0.258435 1.215747
v -3.219003 -0.415506 1.202645
v -2.996758 -0.329602 1.721462
v -2.768624 -0.266302 2.193336
v -2.910249 -0.408750 2.149225
v -3.041874 -0.538796 2.080737
v -2.813392 -0.492092 2.548216
v -2.559196 -0.473036 3.031303
v -2.712392 -0.590293 2.936680
v -2.858308 -0.729782 2.855556
v -2.602840 -0.703257 3.326993
v -2.311867 -0.741377 3.827785
v -2.457130 -0.864108 3.797905
v -2.567873 -1.036742 3.783179
v -2.294863 -1.052042 4.247626
v -2.010453 -1.151533 4.634066
v -2.138547 -1.280886 4.646975
v -1.981810 -1.573192 4.988973
v -2.753692 0.044911 0.550371
v -2.985417 0.017511 0.341932
v -2.910913 0.053855 0.092749
v -2.971546 -0.019404 0.728704
v -2.702151 -0.094512 1.713124
v -2.837710 -0.050427 1.231278
v -2.718312 -0.014924 1.209862
v -2.516428 -0.139151 2.134640
v -2.624506 -0.182728 2.191383
v -2.524507 -0.287406 2.640682
v -2.237205 -0.368877 3.145306
v -2.392665 -0.414038 3.112406
v -2.264529 -0.537789 3.521927
v -1.951413 -0.646426 3.969038
v -2.139375 -0.674410 3.874811
v -2.003969 -0.848092 4.246170
v -1.703731 -0.998353 4.585682
v -1.862461 -1.067585 4.611892
v -1.705749 -1.348252 4.972269
v -2.587332 0.086411 0.269057
v -2.730253 0.093676 0.017403
v -2.538396 0.130137 -0.175143
v -2.926527 0.079226 -0.286761
v -2.153319 0.138937 0.207037
v -2.158677 0.159025 -0.084314
v -1.795110 0.181590 -0.011424
v -1.514257 0.175060 0.324198
v -1.427988 0.199858 0.051497
v -1.048742 0.208038 0.100403
v -0.598966 0.208048 0.142716
v -0.933901 0.167295 0.672473
v -0.427320 0.174317 0.632751
v -0.536857 0.104855 1.363140
v -0.336382 -0.030186 2.295374
v -0.199843 0.000098 2.244860
v -0.247244 0.075112 1.746127
v -0.161255 -0.110182 2.769240
v -0.322038 0.130100 1.208669
v -0.138345 -0.275713 3.355753
v -0.245386 -0.313219 3.401074
v -0.123612 -0.495826 3.951036
v -0.214386 -0.817102 4.522506
v -1.372299 -1.641706 5.321388
v -0.233657 -1.522371 5.366318
v -0.115714 -1.505671 5.373578
v -0.111965 -1.116761 4.983391
v -0.130066 -1.956758 5.699681
v -0.115695 -0.782860 4.502344
v -1.530450 -1.732166 5.343693
v -1.685719 -1.854047 5.354888
v -1.389026 -2.185735 5.683232
v -1.813853 -1.990804 5.331991
v -1.917332 -2.119342 5.274185
v -1.656098 -2.457321 5.618151
v -0.318028 -2.367674 5.938820
v -0.461883 -2.902189 6.196569
v -0.678350 -2.878947 6.165462
v -0.984829 -2.416407 5.915856
v -0.158788 -2.464330 5.969410
v -0.254761 -2.829946 6.150677
v -0.981292 -2.789306 6.084188
v -1.156859 -2.499277 5.920003
v -1.312189 -2.627317 5.913769
v -1.231266 -3.006128 6.037306
v -1.440746 -2.781269 5.856976
v -1.548855 -2.908703 5.776430
v -1.184106 -3.427296 6.020134
v -0.715628 -3.756320 6.130379
v -0.263600 -3.097240 6.243208
v -0.271180 -3.336443 6.274748
v -0.492644 -3.345339 6.261231
v -0.256737 -3.590435 6.279778
v -0.684921 -3.152871 6.227501
v -0.832784 -3.003040 6.176774
v -1.016895 -3.064633 6.152420
v -0.690793 -3.414533 6.245585
v -1.100393 -3.263303 6.113087
v -0.925894 -3.444031 6.172784
v -0.714575 -3.606061 6.205486
v -0.466413 -3.770636 6.212624
v -0.230738 -3.940844 6.163228
v -0.246275 -3.786668 6.235540
v -2.724416 -0.061462 1.216700
v -2.784312 -0.022631 0.811660
v -2.093950 0.078291 0.496297
v -2.159211 0.092475 0.213491
v -1.838638 0.115055 0.248374
v -1.786218 0.101323 0.551314
v -2.377928 0.051806 0.478302
v -2.604378 0.024718 0.501570
v -2.437125 0.066584 0.214207
v -2.759810 -0.001650 0.556948
v -2.232582 -0.000557 1.221246
v -2.479315 -0.033161 1.212156
v -2.313003 0.031315 0.800082
v -2.630179 -0.113757 1.676199
v -1.526187 0.034626 1.425210
v -1.938431 0.027157 1.269118
v -1.629720 0.079297 0.942361
v -2.072839 -0.045467 1.692361
v -1.519909 0.128716 0.330710
v -0.939339 0.121063 0.679133
v -1.408193 0.114449 0.626942
v -1.213948 0.133416 0.459238
v -1.097836 0.092792 0.952073
v -1.070928 0.052630 1.346575
v -0.961836 -0.001811 1.800114
v -0.422227 0.005439 1.819100
v -1.734859 -0.020397 1.737660
v -1.733038 -0.111075 2.193258
v -1.684395 -0.232385 2.702698
v -1.268923 -0.208501 2.740185
v -2.342204 -0.078919 1.677847
v -2.335278 -0.172708 2.156166
v -2.269456 -0.274532 2.640893
v -2.035582 -0.261075 2.670054
v -0.871280 -0.082773 2.271780
v -1.358711 -0.014623 1.839841
v -0.798723 -0.200012 2.785021
v -0.282448 -0.187912 2.819449
v -0.719111 -0.581005 3.929500
v -0.679022 -0.862263 4.469174
v -1.220869 -0.590004 3.894112
v -0.622136 -1.191545 4.952050
v -0.218572 -1.191294 5.000238
v -2.240547 -0.381257 3.125584
v -2.410300 -0.264190 2.604420
v -1.655647 -0.386760 3.242950
v -1.726546 -0.540773 3.692351
v -1.954755 -0.658806 3.949317
v -2.083257 -0.526279 3.613572
v -1.527656 -0.721933 4.132791
v -1.398312 -0.968093 4.563771
v -1.834651 -0.805503 4.241605
v -1.272559 -1.261055 4.954705
v -0.967855 -1.211596 4.953343
v -1.134185 -1.639839 5.332287
v -1.561644 -1.277105 4.918198
v -1.016492 -2.052539 5.666912
v -0.759920 -2.088257 5.726302
v -0.583327 -1.568770 5.340886
v -0.537154 -1.996124 5.678717
v -0.271753 -1.953639 5.654243
v -0.751067 -0.367138 3.355623
v -0.229872 -0.575938 3.997130
v -0.512328 -2.457450 5.953188
v -0.622085 -2.615229 6.023173
v -0.683249 -2.902197 6.136423
v -0.561081 -2.971885 6.175078
v -0.795291 -2.462022 5.932699
v -0.989727 -2.439657 5.886816
v -1.177678 -2.059363 5.656224
v -0.386003 -2.764228 6.101408
v -0.466782 -2.925439 6.167530
v -0.816310 -2.744010 6.055022
v -2.699980 0.015776 0.376147
v -2.521273 -0.185298 2.139802
v -1.707073 -1.010733 4.565960
v -2.593388 0.039871 0.275526
v -2.036308 0.059711 0.836277
v -2.561057 0.002534 0.802547
v -0.702352 0.097717 0.969483
v -0.542151 0.058714 1.370081
v -1.336657 -0.090290 2.231896
v -2.077376 -0.142868 2.168831
v -0.341228 -0.076333 2.300534
v -0.250232 -0.359368 3.406234
v -0.219232 -0.863249 4.527667
v -1.069268 -0.890246 4.488758
v -2.015972 -0.397580 3.173986
v -1.222296 -0.371133 3.302910
v -0.864434 -1.599020 5.346312
v -1.375641 -1.654085 5.301667
v -0.238502 -1.568518 5.371478
v -0.322926 -2.390924 5.909779
v -3.368336 -0.165221 -0.224032
v -3.300610 -0.084035 -0.246844
v -3.302134 -0.119599 -0.106524
v -3.204783 -0.107963 0.285097
v -3.247832 -0.104018 0.070555
v -3.165564 -0.040960 0.148135
v -3.324707 -0.271321 0.279138
v -3.281131 -0.278637 0.487660
v -3.333744 -0.339376 0.517737
v -3.127428 -0.217949 0.948261
v -3.191615 -0.317311 0.964691
v -3.216449 -0.262405 0.713896
v -3.040604 -0.294482 1.479870
v -2.975832 -0.213951 1.476798
v -2.925689 -0.251996 1.744347
v -2.954287 -0.367963 1.940274
v -3.022044 -0.453650 1.912939
v -3.065796 -0.417516 1.695661
v -2.862815 -0.449547 2.350643
v -2.794811 -0.377568 2.380523
v -2.744235 -0.423662 2.584380
v -2.763130 -0.539501 2.744160
v -2.835093 -0.615467 2.699754
v -2.882704 -0.568504 2.507808
v -2.660173 -0.643208 3.125825
v -2.582554 -0.581235 3.176416
v -2.525481 -0.640685 3.369531
v -2.534519 -0.778956 3.557073
v -2.600668 -0.862716 3.544442
v -2.674292 -0.785520 3.304097
v -2.216053 -1.161951 4.454696
v -2.268378 -1.240088 4.454646
v -2.347004 -1.133515 4.247903
v -2.060848 -1.413541 4.820193
v -1.997022 -1.343498 4.820057
v -1.916827 -1.501962 4.992772
v -2.965270 0.033913 0.196123
v -3.083782 0.005706 0.121725
v -3.043210 0.030766 -0.018929
v -2.979852 0.001319 0.528004
v -2.882013 0.020599 0.580803
v -2.887687 0.000738 0.764977
v -2.770492 -0.030908 1.232341
v -2.819269 -0.011341 1.003888
v -2.748249 0.004502 1.007422
v -2.912832 -0.075179 1.188348
v -2.845652 -0.105655 1.480542
v -2.931962 -0.138715 1.383832
v -2.668277 -0.138843 1.959476
v -2.735319 -0.175910 1.984389
v -2.765571 -0.126814 1.741315
v -2.577876 -0.231114 2.412972
v -2.514811 -0.201218 2.395448
v -2.457152 -0.256348 2.631919
v -2.460293 -0.350267 2.878778
v -2.537830 -0.380558 2.859935
v -2.598112 -0.321935 2.633822
v -2.327349 -0.475860 3.326850
v -2.240107 -0.459819 3.365856
v -2.172734 -0.524711 3.571284
v -2.202549 -0.603172 3.699703
v -2.293936 -0.626253 3.654358
v -2.355734 -0.559169 3.469792
v -2.072997 -0.756059 4.058339
v -1.984089 -0.733949 4.077676
v -1.918921 -0.821442 4.249557
v -1.933823 -0.952201 4.430880
v -2.011595 -0.989312 4.441037
v -2.084260 -0.883545 4.249892
v -1.787118 -1.198179 4.791319
v -1.710084 -1.164256 4.776551
v -1.630142 -1.313375 4.958012
v -2.810857 0.091893 -0.118252
v -2.737656 0.108158 -0.230967
v -2.664816 0.108444 -0.061134
v -2.821802 0.076316 0.036128
v -2.718051 0.078811 0.177957
v -2.789001 0.062305 0.233867
v -2.344683 0.146206 -0.126375
v -2.302378 0.136420 0.054328
v -2.449251 0.123548 0.042984
v -2.122684 0.085413 0.352457
v -1.998924 0.103763 0.230932
v -1.969344 0.097350 0.370434
v -1.944911 0.090647 0.519528
v -1.814560 0.107900 0.398442
v -2.500381 0.038283 0.484674
v -2.515212 0.046250 0.357569
v -2.403572 0.059577 0.344411
v -2.686022 0.011283 0.529692
v -2.689230 0.001415 0.657500
v -2.777065 -0.012079 0.684706
v -2.357647 -0.016790 1.213543
v -2.401553 0.001191 0.995308
v -2.276776 0.016734 1.001272
v -2.600688 -0.048565 1.215489
v -2.549778 -0.071815 1.441841
v -2.677298 -0.087608 1.446450
v -1.749697 0.034822 1.325693
v -1.811798 0.055190 1.093856
v -1.588561 0.056853 1.193939
v -2.095380 0.014445 1.238830
v -2.023206 -0.006377 1.471404
v -2.168864 -0.021068 1.453451
v -1.652428 0.115923 0.436082
v -1.679273 0.121883 0.289542
v -1.612031 0.191602 0.021661
v -1.636315 0.180689 0.151268
v -1.808954 0.171329 0.120251
v -0.515771 0.190656 0.392791
v -0.326240 0.208051 0.156574
v -0.253489 0.190682 0.424306
v -1.180144 0.117589 0.660078
v -1.295176 0.124844 0.529823
v -1.067974 0.127039 0.558354
v -1.102631 0.074232 1.136553
v -1.363050 0.068932 1.137781
v -1.355398 0.088793 0.937464
v -1.018254 0.027633 1.571116
v -0.753277 0.030073 1.577268
v -0.700272 0.000129 1.807059
v -1.747724 -0.062097 1.956119
v -1.923309 -0.075572 1.938802
v -1.911428 -0.031425 1.710019
v -1.708874 -0.167824 2.442826
v -1.511219 -0.154308 2.459239
v -1.482489 -0.218875 2.720695
v -2.352055 -0.124798 1.916026
v -2.471911 -0.139676 1.912761
v -2.469789 -0.096383 1.676071
v -2.302454 -0.222328 2.397794
v -2.192940 -0.213056 2.407358
v -2.165794 -0.270579 2.655529
v -0.912276 -0.038657 2.033380
v -1.144416 -0.041966 2.028892
v -1.191367 -0.006400 1.810241
v -0.833477 -0.136085 2.521034
v -0.578324 -0.134218 2.541666
v -0.546550 -0.198136 2.807699
v -0.221503 0.040510 1.996820
v -0.303671 0.026067 2.029061
v -0.339139 0.061759 1.787754
v -0.179357 -0.049327 2.499900
v -0.109547 -0.031668 2.459044
v -0.098408 -0.089370 2.722183
v -0.367442 0.153655 0.913553
v -0.502261 0.138168 1.065987
v -0.575608 0.157538 0.824051
v -0.281666 0.104268 1.485426
v -0.163053 0.117393 1.384571
v -0.145813 0.087384 1.682725
v -0.148222 -0.186605 3.057245
v -0.205826 -0.208453 3.088930
v -0.222271 -0.130787 2.801991
v -0.130223 -0.378329 3.656043
v -0.078633 -0.350424 3.608978
v -0.074057 -0.466124 3.907039
v -0.702782 -0.714303 4.203986
v -0.932310 -0.718009 4.191195
v -0.961057 -0.581483 3.906147
v -0.649106 -1.021962 4.720737
v -0.442445 -1.023705 4.736459
v -0.428783 -1.193552 4.964913
v -2.247612 -0.328910 2.884063
v -2.325424 -0.322724 2.865002
v -2.351012 -0.272661 2.624631
v -1.664663 -0.306558 2.973275
v -1.853792 -0.319093 2.950302
v -1.870864 -0.247363 2.686003
v -1.672020 -0.467144 3.489451
v -1.447242 -0.470729 3.548967
v -1.500611 -0.554784 3.770273
v -1.827307 -0.604272 3.837530
v -2.019006 -0.592543 3.781445
v -1.921984 -0.532507 3.635548
v -1.460010 -0.839208 4.350652
v -1.616445 -0.880629 4.391781
v -1.679513 -0.773038 4.202926
v -1.336649 -1.106642 4.763125
v -1.180864 -1.076410 4.753232
v -1.122916 -1.236187 4.957890
v -1.204587 -1.441147 5.144257
v -1.341631 -1.456521 5.128116
v -1.417555 -1.279705 4.941284
v -1.067455 -1.847621 5.510861
v -0.940356 -1.842673 5.528719
v -0.899269 -2.057977 5.690009
v -0.602442 -1.374485 5.155794
v -0.767602 -1.380782 5.153183
v -0.801482 -1.196706 4.948942
v -0.559235 -1.776371 5.514694
v -0.417989 -1.764118 5.506988
v -0.413791 -1.974425 5.661109
v -0.112856 -1.304068 5.187618
v -0.165854 -1.327004 5.190063
v -0.162482 -1.139821 4.987783
v -0.121538 -1.722343 5.543127
v -0.064746 -1.669378 5.516618
v -0.066659 -1.908908 5.677627
v -0.119042 -0.632488 4.233276
v -0.169133 -0.656661 4.251580
v -0.174758 -0.520322 3.973629
v -0.113238 -0.944493 4.753208
v -0.066851 -0.911351 4.724542
v -0.065318 -1.080160 4.957551
v -1.618024 -1.528165 5.157697
v -1.692035 -1.573428 5.166718
v -1.777582 -1.387190 4.982365
v -1.451614 -1.955335 5.522122
v -1.360800 -1.894449 5.510872
v -1.296951 -2.118304 5.674716
v -1.898903 -1.770865 5.162151
v -1.955547 -1.843096 5.144572
v -2.039669 -1.647835 4.976857
v -1.731010 -2.222988 5.486995
v -1.673475 -2.156384 5.511553
v -1.601725 -2.393256 5.648553
v -0.772001 -0.278074 3.066224
v -1.012473 -0.280206 3.041786
v -1.040059 -0.202972 2.762151
v -0.733814 -0.467304 3.645134
v -0.489523 -0.468852 3.674030
v -0.476877 -0.583813 3.958518
v -0.524166 -2.225734 5.824827
v -0.615086 -2.275949 5.852046
v -0.649925 -2.029083 5.697639
v -0.575744 -2.523453 5.983801
v -0.674143 -2.372905 5.900294
v -0.655415 -2.743315 6.074356
v -0.586030 -2.821747 6.113562
v -0.628558 -2.947020 6.155901
v -0.889775 -2.255048 5.810734
v -0.779785 -2.284297 5.842612
v -0.141292 -2.211377 5.841135
v -0.214715 -2.197785 5.831099
v -0.197488 -1.960452 5.693128
v -0.193932 -2.678746 6.075723
v -0.098208 -2.707684 6.083047
v -0.153284 -2.896524 6.170561
v -1.071677 -2.450937 5.913538
v -1.171275 -2.282205 5.803014
v -1.079582 -2.231695 5.795900
v -1.238219 -2.558237 5.921587
v -1.144068 -2.691376 6.010265
v -1.214598 -2.750352 6.003548
v -1.378634 -2.703830 5.890711
v -1.486274 -2.556282 5.779935
v -1.420668 -2.482716 5.803626
v -1.497737 -2.851574 5.817757
v -1.400577 -2.995250 5.907602
v -1.458969 -3.066267 5.860775
v -0.347514 -2.891875 6.184023
v -0.415445 -2.824521 6.163477
v -0.334375 -2.758157 6.127631
v -0.272138 -3.210349 6.261770
v -0.402809 -3.174328 6.247175
v -0.398270 -3.057254 6.231049
v -0.263763 -3.468640 6.282390
v -0.144182 -3.460589 6.289590
v -0.140777 -3.579603 6.287635
v -0.751574 -2.942915 6.170450
v -0.822255 -2.859337 6.132564
v -0.748182 -2.804459 6.124836
v -0.921025 -3.044147 6.172913
v -0.848066 -3.133906 6.203702
v -0.945645 -3.163927 6.184941
v -0.685593 -3.291598 6.244156
v -0.783747 -3.332841 6.231347
v -0.771308 -3.212300 6.227016
v -1.172434 -3.148490 6.077228
v -1.228091 -3.240316 6.034463
v -1.292297 -3.097256 5.995123
v -1.016853 -3.358268 6.145562
v -0.979956 -3.267029 6.172272
v -0.895571 -3.353799 6.198177
v -0.825846 -3.525365 6.192167
v -0.844286 -3.607306 6.162796
v -0.955391 -3.526453 6.141855
v -0.591765 -3.687840 6.212949
v -0.592521 -3.601781 6.237751
v -0.473468 -3.689684 6.238174
v -0.251601 -3.694307 6.262274
v -0.362128 -3.693218 6.252460
v -0.368325 -3.592419 6.270836
v -0.238602 -3.869540 6.205624
v -0.133374 -3.873531 6.210295
v -0.127201 -3.956801 6.164917
v -3.210396 -0.011874 -0.277669
v -3.306021 -0.073151 -0.358420
v -3.412522 -0.239663 -0.185554
v -3.402887 -0.274249 -0.049513
v -3.418677 -0.213349 -0.295367
v -3.218559 -0.183973 0.480426
v -3.102761 -0.100232 0.698156
v -3.156148 -0.108638 0.502754
v -3.095717 -0.059008 0.563713
v -3.315745 -0.186770 0.068388
v -3.364144 -0.267234 0.097043
v -3.397377 -0.302582 0.138200
v -3.030983 -0.174410 1.179137
v -3.040282 -0.077671 0.844440
v -3.075562 -0.136899 0.911636
v -3.259615 -0.387903 0.965723
v -3.151825 -0.351820 1.215873
v -3.176374 -0.444497 1.438061
v -3.108998 -0.384139 1.462405
v -2.723532 -0.314152 2.402002
v -2.840938 -0.331915 2.173720
v -2.809949 -0.225166 1.985140
v -2.883435 -0.289912 1.965567
v -3.087050 -0.505625 1.878697
v -2.976323 -0.489664 2.118120
v -2.997465 -0.586147 2.274457
v -2.929415 -0.527290 2.315096
v -2.501928 -0.531005 3.227528
v -2.637100 -0.525600 2.984463
v -2.616431 -0.418561 2.826183
v -2.690715 -0.473075 2.786847
v -2.907193 -0.675991 2.656545
v -2.786566 -0.666386 2.890419
v -2.802908 -0.805421 3.067962
v -2.734455 -0.721000 3.086535
v -2.236721 -0.831003 4.044051
v -2.309577 -0.886851 4.036828
v -2.387800 -0.795884 3.810675
v -2.380632 -0.662034 3.617105
v -2.460821 -0.712318 3.581014
v -2.656064 -0.954245 3.537459
v -2.516421 -0.946810 3.789422
v -2.479342 -1.113924 4.020398
v -2.430912 -1.036474 4.023946
v -1.930199 -1.282453 4.812847
v -2.077189 -1.211296 4.641982
v -2.085744 -1.034674 4.448171
v -2.154937 -1.091924 4.450372
v -2.231262 -0.984065 4.250608
v -2.193726 -1.353789 4.640543
v -2.171999 -1.566299 4.795071
v -2.118138 -1.486547 4.810468
v -2.770940 0.034482 0.678079
v -2.870641 0.034265 0.434039
v -2.729548 0.053640 0.454738
v -2.840154 0.047802 0.318283
v -3.073969 -0.010422 0.316628
v -3.051677 -0.025040 0.520450
v -3.033423 -0.042971 0.707197
v -2.774902 -0.073672 1.481611
v -2.652821 -0.077854 1.686364
v -2.716657 -0.053428 1.461075
v -2.671210 -0.041085 1.439521
v -2.900494 -0.030316 0.973028
v -2.974525 -0.052641 0.922709
v -2.460941 -0.178596 2.366950
v -2.566139 -0.157266 2.164207
v -2.570267 -0.103200 1.901909
v -2.614012 -0.116341 1.927328
v -2.694358 -0.218997 2.201510
v -2.649881 -0.267358 2.413741
v -2.158560 -0.441389 3.389300
v -2.312816 -0.392025 3.132084
v -2.321330 -0.293460 2.872283
v -2.386565 -0.323276 2.883799
v -2.476362 -0.438587 3.076132
v -2.415666 -0.497453 3.279231
v -1.891361 -0.719774 4.115182
v -2.046707 -0.658532 3.914895
v -2.015664 -0.580162 3.801167
v -2.109061 -0.589877 3.749233
v -2.228218 -0.702100 3.848099
v -2.157954 -0.787982 4.048343
v -1.631016 -1.131538 4.761800
v -1.783175 -1.035459 4.598777
v -1.767520 -0.895738 4.423504
v -1.852384 -0.921960 4.422997
v -1.938381 -1.105625 4.624340
v -1.860848 -1.236296 4.803636
v -2.649606 0.074444 0.315812
v -2.647762 0.093744 0.126464
v -2.509704 0.099650 0.226435
v -2.562875 0.108845 0.069591
v -3.080357 0.035032 -0.200655
v -2.942931 0.064274 -0.098334
v -2.292224 0.126017 0.207398
v -2.144534 0.148683 0.071711
v -1.993093 0.150199 0.224469
v -1.978910 0.160387 0.094617
v -1.976757 0.170591 -0.046693
v -2.298168 0.079530 0.213848
v -2.269320 0.072701 0.343580
v -2.346737 0.042651 0.628346
v -2.239517 0.065167 0.482953
v -2.209265 0.056500 0.637235
v -2.179599 0.045855 0.813406
v -2.067616 0.070142 0.655808
v -1.865864 0.071409 0.874719
v -1.914186 0.082565 0.684453
v -1.734485 0.092653 0.723840
v -2.672460 -0.011292 0.813826
v -2.589248 0.014931 0.639848
v -2.440327 0.016781 0.797556
v -2.474236 0.028743 0.629601
v -2.515731 0.053123 0.232889
v -2.600864 0.032856 0.384457
v -2.655686 0.027895 0.322298
v -2.669519 0.019837 0.421125
v -2.735658 0.007080 0.461277
v -2.422607 -0.054679 1.441358
v -2.213668 -0.061786 1.682634
v -2.298889 -0.037533 1.444594
v -2.523445 -0.013893 0.996997
v -2.641208 -0.028270 1.003888
v -2.754364 -0.042046 1.014180
v -1.854714 0.005258 1.501993
v -1.543841 -0.014389 1.781660
v -1.662647 0.011818 1.556073
v -1.445428 0.010256 1.646971
v -1.993879 0.045211 1.044584
v -2.143550 0.031701 1.017208
v -1.522383 0.100092 0.757819
v -1.607992 0.109090 0.589385
v -1.480283 0.121536 0.480796
v -1.362745 0.130963 0.388992
v -1.673562 0.168260 0.283049
v -1.465552 0.187652 0.185968
v -1.357151 0.177278 0.382453
v -1.294028 0.191976 0.223064
v -1.120716 0.193460 0.268927
v -1.242031 0.205374 0.077125
v -0.942500 0.191357 0.328236
v -0.837645 0.208305 0.122710
v -3.086279 0.040892 -0.332033
v -1.062489 0.173298 0.551743
v -0.792828 0.184213 0.445880
v -0.800635 0.155370 0.811853
v -0.674776 0.172435 0.622196
v -1.280825 0.105035 0.781074
v -0.865495 0.094581 0.971066
v -1.037953 0.107633 0.805057
v -0.806025 0.109165 0.818571
v -0.482189 0.032076 1.594590
v -0.804692 0.055152 1.357024
v -0.611418 0.078070 1.167764
v -0.845415 0.076532 1.152701
v -1.318905 0.046763 1.363078
v -1.257042 0.022048 1.589307
v -1.302482 -0.144554 2.478083
v -1.541279 -0.098974 2.210839
v -1.358945 -0.046075 2.011119
v -1.559067 -0.052071 1.980356
v -2.085277 -0.091523 1.926958
v -1.913039 -0.126407 2.179499
v -2.057743 -0.199388 2.416831
v -1.892723 -0.183619 2.428895
v -2.215905 -0.158877 2.161863
v -2.225578 -0.108346 1.920059
v -2.565418 -0.141066 1.900386
v -2.435494 -0.182034 2.149357
v -2.465786 -0.224744 2.372110
v -2.392032 -0.226559 2.386871
v -0.311838 -0.132123 2.559992
v -0.613477 -0.081410 2.288330
v -0.381524 -0.035468 2.058837
v -0.653903 -0.037093 2.044375
v -1.111642 -0.085560 2.253891
v -1.075223 -0.139025 2.499409
v -0.035881 -0.028477 2.444093
v -0.119367 0.013010 2.217826
v -0.133285 0.051897 1.963404
v -0.376678 0.010679 2.053678
v -0.272287 -0.016740 2.275870
v -0.306992 -0.085976 2.554832
v -0.245127 -0.068377 2.532510
v -0.184437 0.144538 1.057194
v -0.212549 0.168965 0.732001
v -0.606099 0.124231 1.160904
v -0.439248 0.116158 1.308231
v -0.476916 0.078201 1.587560
v -0.385255 0.090983 1.549281
v -0.083665 -0.250062 3.306030
v -0.090162 -0.162978 3.007526
v -0.261494 -0.227492 3.107681
v -0.192963 -0.298909 3.384987
v -0.235206 -0.421506 3.696522
v -0.182792 -0.402511 3.682059
v -0.218902 -1.027272 4.763953
v -0.454936 -0.864517 4.490407
v -0.224552 -0.719593 4.262397
v -0.466351 -0.717319 4.230353
v -1.131799 -0.742083 4.220038
v -0.884078 -0.869018 4.467120
v -1.016759 -1.045722 4.731626
v -0.840290 -1.028142 4.719618
v -2.035583 -0.462543 3.399478
v -2.161903 -0.453769 3.369579
v -2.143190 -0.393135 3.145045
v -2.018926 -0.328845 2.926409
v -2.147296 -0.332617 2.904979
v -1.212200 -0.470006 3.591902
v -1.444011 -0.378861 3.275791
v -1.242339 -0.284886 3.017745
v -1.459080 -0.294522 2.995719
v -1.849542 -0.393875 3.207129
v -1.869370 -0.466632 3.440053
v -1.894703 -0.732154 4.095459
v -1.747351 -0.683327 4.023435
v -1.378481 -0.661282 4.033228
v -1.613389 -0.624337 3.917971
v -1.237887 -0.928169 4.528982
v -1.300207 -0.789788 4.289341
v -1.770862 -0.908118 4.403783
v -1.553330 -0.998039 4.575537
v -1.634358 -1.143918 4.742079
v -1.487659 -1.129775 4.758153
v -0.811370 -1.823826 5.533627
v -1.000149 -1.621875 5.343322
v -0.917553 -1.396361 5.154335
v -1.062838 -1.419053 5.152726
v -1.468642 -1.465595 5.109931
v -1.260213 -1.650846 5.315300
v -1.276659 -1.856724 5.478946
v -1.182303 -1.852663 5.492246
v -1.115743 -2.053842 5.648850
v -0.255128 -1.761078 5.512860
v -0.419791 -1.566324 5.345924
v -0.228537 -1.379906 5.185859
v -0.422832 -1.375983 5.166298
v -0.728276 -1.580265 5.343357
v -0.687986 -1.795758 5.524539
v -0.064982 -1.449056 5.341827
v -0.064237 -1.254340 5.157511
v -0.223692 -1.333758 5.180698
v -0.173339 -1.525326 5.372465
v -0.250256 -1.726379 5.524800
v -0.183885 -1.736484 5.539579
v -0.068565 -0.750391 4.467268
v -0.070900 -0.600867 4.193582
v -0.219706 -0.673446 4.257237
v -0.164976 -0.806192 4.514525
v -0.214056 -0.981125 4.758792
v -0.162581 -0.967299 4.760697
v -1.273317 -1.844344 5.498667
v -1.449874 -1.685243 5.331349
v -1.465300 -1.453216 5.129653
v -1.541725 -1.490014 5.145120
v -1.765902 -1.632201 5.172158
v -1.610154 -1.789606 5.352181
v -1.608412 -2.088126 5.525446
v -1.534065 -2.020396 5.528255
v -1.469139 -2.254324 5.683167
v -1.753351 -1.922263 5.347937
v -1.835911 -1.700426 5.171464
v -2.007553 -1.914406 5.117934
v -1.868263 -2.057920 5.306212
v -1.824455 -2.331366 5.422715
v -1.782039 -2.283888 5.456190
v -1.701903 -2.509454 5.584957
v -0.240052 -0.467653 3.701682
v -0.504122 -0.366883 3.381723
v -0.266340 -0.273639 3.112841
v -0.522753 -0.276659 3.090748
v -0.990463 -0.367677 3.328904
v -0.973817 -0.466883 3.617928
v -0.354465 -2.577576 6.005594
v -0.435308 -2.623271 6.033188
v -0.427225 -2.412679 5.925839
v -0.297340 -2.172282 5.782011
v -0.418778 -2.194363 5.801224
v -0.507882 -2.956046 6.171313
v -0.542817 -2.752173 6.088747
v -0.420343 -2.847771 6.134438
v -0.493431 -2.687952 6.063137
v -0.705756 -2.521117 5.971673
v -0.810648 -2.619440 6.000858
v -0.729752 -2.677086 6.037528
v -0.753081 -2.827709 6.095795
v -1.083702 -2.249510 5.771520
v -0.994003 -2.248104 5.786542
v -0.903018 -2.591834 5.970918
v -0.893224 -2.436211 5.902416
v -0.080733 -2.447300 5.960586
v -0.072123 -2.174202 5.825308
v -0.292441 -2.149032 5.811052
v -0.240812 -2.422551 5.953135
v -0.349566 -2.554326 6.034633
v -0.279312 -2.615340 6.053885
v -1.063358 -2.820683 6.081153
v -1.064554 -2.649667 6.010603
v -0.898142 -2.748915 6.079550
v -0.981653 -2.608809 6.005474
v -0.898120 -2.568584 5.999960
v -1.263672 -2.344518 5.811174
v -1.346456 -2.411506 5.812918
v -1.337624 -2.910848 5.951972
v -1.177519 -2.918117 6.061978
v -1.275949 -2.827741 5.984892
v -1.544652 -2.625872 5.748081
v -1.596466 -2.686908 5.712265
v -1.639444 -2.732063 5.675924
v -0.502983 -2.932795 6.200353
v -0.371567 -2.984353 6.215670
v -0.139556 -3.066019 6.230942
v -0.252890 -2.980122 6.209302
v -0.145124 -3.337486 6.282595
v -0.142613 -3.210904 6.265996
v -0.511113 -3.178929 6.240820
v -0.388013 -3.330578 6.265903
v -0.483230 -3.481498 6.267124
v -0.376289 -3.471246 6.274733
v -0.760821 -3.081114 6.205576
v -0.609857 -3.071018 6.218348
v -0.682572 -3.009080 6.197781
v -0.623659 -2.923770 6.184943
v -0.905515 -2.906170 6.137150
v -0.992314 -2.939542 6.132868
v -1.081815 -2.951807 6.112244
v -0.588777 -3.501779 6.255033
v -0.589686 -3.380354 6.257329
v -0.596482 -3.237068 6.244747
v -1.055528 -3.168996 6.141415
v -1.122145 -3.053731 6.105527
v -1.277719 -3.323658 5.979068
v -1.144601 -3.348450 6.075968
v -1.084628 -3.519669 6.054990
v -1.053807 -3.441092 6.111949
v -0.702800 -3.516862 6.229947
v -0.803659 -3.435249 6.216837
v -0.848875 -3.683523 6.115000
v -0.718003 -3.685833 6.177397
v -0.582864 -3.820594 6.144621
v -0.587307 -3.762331 6.186217
v -0.459402 -3.835812 6.187699
v -0.136275 -3.780822 6.244637
v -0.138445 -3.684929 6.271640
v -0.354510 -3.780206 6.226820
v -0.345794 -3.855360 6.199619
v -0.339709 -3.913536 6.161453
v -2.622097 -0.072310 1.678024
v -2.375586 -0.954711 4.028636
v 2.661105 0.029463 -0.295321
v 2.463511 0.056129 -0.235744
v 0.260478 0.186168 0.137721
v -0.032950 0.191361 0.147084
v 3.288844 -0.238118 -0.413273
v 3.222521 -0.165184 -0.433456
v 1.905512 0.109800 -0.096707
v 1.724874 0.125076 -0.058012
v 1.174285 0.161891 0.040973
v 0.981587 0.169112 0.067900
v 0.771014 0.174357 0.094194
v 3.006070 -0.045991 -0.402944
v 2.848152 -0.003907 -0.354669
v 2.271189 0.076755 -0.183325
v 2.086365 0.093951 -0.137758
v 1.542742 0.139400 -0.021474
v 1.359542 0.151992 0.011835
v 0.532817 0.179730 0.118710
v 3.130974 -0.099128 -0.431460
v -2.538698 0.115182 -0.188444
v -2.737958 0.093203 -0.244268
v -0.326542 0.193096 0.143273
v -3.306324 -0.088106 -0.371721
v -3.373956 -0.159459 -0.350272
v -1.795412 0.166635 -0.024725
v -1.977059 0.155636 -0.059994
v -1.049044 0.193083 0.087102
v -1.242334 0.190420 0.063824
v -0.837947 0.193350 0.109409
v -2.926829 0.064271 -0.300062
v -3.086581 0.025937 -0.345333
v -2.158979 0.144070 -0.097615
v -2.344986 0.131251 -0.139676
v -1.428290 0.184903 0.038197
v -1.612334 0.176647 0.008360
v -0.599269 0.193093 0.129415
v -3.213221 -0.024231 -0.371471
v -3.418980 -0.228304 -0.308668
v 2.659929 -0.070962 -0.294398
v 2.462334 -0.044297 -0.234822
v 0.259301 0.085742 0.138644
v -0.034127 0.090936 0.148006
v 1.904335 0.009374 -0.095784
v 1.723698 0.024651 -0.057090
v 1.173108 0.061466 0.041895
v 0.980410 0.068687 0.068822
v 0.769837 0.073931 0.095117
v 2.270012 -0.023671 -0.182403
v 2.085188 -0.006475 -0.136836
v 1.541565 0.038975 -0.020552
v 1.358365 0.051567 0.012757
v 0.531640 0.079304 0.119632
v -2.539875 0.014757 -0.187522
v -2.739135 -0.007223 -0.243346
v -0.327719 0.092670 0.144195
v -3.307324 -0.173493 -0.370937
v -3.374646 -0.218410 -0.349730
v -1.796589 0.066209 -0.023803
v -1.978236 0.055210 -0.059071
v -1.050221 0.092657 0.088024
v -1.243510 0.089994 0.064747
v -0.839124 0.092925 0.110331
v -2.928006 -0.036155 -0.299140
v -3.087758 -0.074489 -0.344411
v -2.160156 0.043644 -0.096692
v -2.346163 0.030826 -0.138753
v -1.429467 0.084478 0.039119
v -1.613510 0.076221 0.009283
v -0.600445 0.092668 0.130338
v -3.214398 -0.124657 -0.370549
v -3.419458 -0.269151 -0.308293
v -0.035351 -2.637253 6.233899
v -0.036414 -2.747227 6.258809
v -0.027709 -2.637255 6.237965
v -0.028910 -2.763806 6.268963
v -0.034761 -2.550590 6.188077
v -0.027044 -2.535651 6.181540
v -0.034499 -2.492142 6.142789
v -0.026766 -2.470998 6.130173
v -0.034403 -2.441220 6.089402
v -0.026710 -2.418989 6.071199
v -0.034443 -2.400668 6.034540
v -0.026764 -2.373300 6.008424
v -0.035194 -2.488992 6.065403
v -0.027627 -2.474873 6.043916
v -0.035263 -2.529521 6.108725
v -0.027620 -2.511422 6.090284
v -0.035343 -2.565761 6.145494
v -0.027713 -2.553097 6.132568
v -0.035595 -2.610915 6.175160
v -0.028003 -2.605025 6.166685
v -0.036203 -2.688937 6.208324
v -0.028734 -2.697920 6.205275
v -0.037343 -2.787100 6.210274
v -0.030024 -2.810889 6.209869
v -0.009076 -2.636862 6.239425
v -0.010278 -2.763440 6.270351
v -0.008375 -2.534317 6.185513
v -0.008128 -2.470467 6.132002
v -0.008115 -2.419624 6.069913
v -0.008219 -2.375286 6.003533
v -0.009085 -2.476934 6.038823
v -0.009042 -2.512517 6.087772
v -0.009105 -2.553404 6.132161
v -0.009380 -2.604898 6.167435
v -0.010113 -2.697826 6.205936
v -0.011427 -2.811452 6.208776
v 0.009508 -2.637771 6.237408
v 0.008307 -2.764322 6.268407
v 0.010177 -2.536091 6.181188
v 0.010454 -2.471438 6.129820
v 0.010511 -2.419428 6.070847
v 0.010456 -2.373740 6.008072
v 0.009593 -2.475312 6.043564
v 0.009600 -2.511861 6.089932
v 0.009508 -2.553537 6.132216
v 0.009217 -2.605465 6.166333
v 0.008485 -2.698359 6.204923
v 0.007195 -2.811328 6.209517
v 0.017072 -2.637872 6.233403
v 0.016010 -2.747846 6.258313
v 0.017662 -2.551209 6.187582
v 0.017924 -2.492761 6.142293
v 0.018020 -2.441839 6.088906
v 0.017980 -2.401287 6.034044
v 0.017229 -2.489611 6.064907
v 0.017161 -2.530140 6.108229
v 0.017080 -2.566380 6.144998
v 0.016828 -2.611534 6.174664
v 0.016220 -2.689556 6.207828
v 0.015080 -2.787719 6.209778
v -0.038139 -2.910689 6.276100
v -0.030584 -2.910934 6.275612
v -0.031821 -2.943689 6.188537
v -0.039233 -2.939222 6.200300
v -0.030435 -2.910931 6.275624
v -0.011840 -2.909537 6.279757
v -0.013308 -2.945215 6.184869
v 0.006663 -2.911380 6.275243
v 0.005425 -2.944133 6.188173
v 0.014243 -2.911316 6.275583
v 0.013170 -2.939844 6.199793
v -0.040516 -2.921776 6.246784
v 0.013830 -2.922509 6.245844
v 0.021680 -3.008893 6.317885
v 0.022501 -2.909486 6.280650
v -0.042784 -3.008132 6.318494
v -0.041962 -2.908725 6.281260
v 0.021229 -3.021054 6.285405
v 0.022027 -2.922340 6.246588
v -0.043234 -3.020293 6.286014
v 0.038008 -3.112922 6.299438
v 0.037075 -3.138116 6.232152
v 0.039777 -2.921989 6.248054
v 0.038843 -2.947183 6.180768
v -0.061076 -2.946003 6.181713
v -0.062844 -3.136936 6.233097
v -0.060142 -2.920809 6.248999
v -0.061910 -3.111742 6.300383
v 0.005660 -0.080031 2.675011
v 0.013337 -0.444762 3.841714
v 0.015345 -1.045830 4.905191
v -0.025628 -1.787995 5.604211
v 0.004162 0.003222 2.283075
v 0.010124 -0.232817 3.241704
v 0.016779 -1.317917 5.221728
v 0.015376 -0.722785 4.408875
v -0.029370 -2.354552 5.915873
v 0.003494 -0.028940 2.443720
v 0.011846 -0.331125 3.542713
v 0.008154 -0.149139 2.948507
v 0.015111 -1.558980 5.430699
v 0.012977 -1.200497 5.098131
v 0.015780 -0.881464 4.669443
v 0.014517 -0.576313 4.131330
v -0.027411 -2.074522 5.773443
v -0.030154 -0.079611 2.675350
v -0.024379 -0.444319 3.842071
v -0.020469 -1.045409 4.905531
v -0.037048 0.003707 2.283466
v -0.027509 -0.232375 3.242062
v -0.020005 -1.317485 5.222077
v -0.022257 -0.722343 4.409233
v -0.035881 -0.028477 2.444093
v -0.025859 -0.330682 3.543071
v -0.029107 -0.148701 2.948861
v -0.022414 -1.558540 5.431055
v -0.018106 -1.200132 5.098426
v -0.021481 -0.881027 4.669796
v -0.023188 -0.575870 4.131687
v 0.003975 0.007580 2.449014
v 0.006173 -0.044533 2.684931
v 0.004620 0.040386 2.285157
v 0.012464 -0.300648 3.569988
v 0.013984 -0.416558 3.874968
v 0.010708 -0.200374 3.262959
v 0.008702 -0.115023 2.963897
v 0.017481 -1.307176 5.282583
v 0.015736 -1.531133 5.461983
v 0.013684 -1.187408 5.156513
v 0.016052 -1.029647 4.959716
v 0.016481 -0.861994 4.719251
v 0.016065 -0.700142 4.453474
v 0.015188 -0.550740 4.170376
v -0.029641 -0.044112 2.685270
v -0.035400 0.008043 2.449388
v -0.036589 0.040870 2.285548
v -0.023732 -0.416115 3.875325
v -0.025242 -0.300205 3.570346
v -0.026925 -0.199932 3.263317
v -0.028559 -0.114585 2.964251
v -0.025025 -1.764738 5.638957
v -0.021789 -1.530693 5.462339
v -0.019303 -1.306744 5.282933
v -0.017399 -1.187043 5.156808
v -0.019762 -1.029227 4.960055
v -0.020780 -0.861557 4.719606
v -0.021568 -0.699699 4.453831
v -0.022517 -0.550297 4.170733
v -0.028783 -2.332741 5.950696
v -0.026785 -2.047111 5.805418
v 0.013953 -1.788463 5.603837
v 0.010211 -2.355019 5.915498
v 0.012170 -2.074990 5.773069
v 0.014614 -1.755321 5.632427
v 0.012796 -2.047579 5.805043
v 0.010798 -2.333209 5.950322
v 0.005660 -0.069541 2.675011
v 0.013337 -0.434272 3.841714
v 0.015345 -1.035339 4.905192
v -0.025628 -1.777505 5.604212
v 0.004162 0.013713 2.283075
v 0.010124 -0.222326 3.241704
v 0.016779 -1.307426 5.221729
v 0.015376 -0.712295 4.408876
v -0.029370 -2.344061 5.915873
v 0.082059 -0.023438 2.457230
v 0.074538 -0.080920 2.720546
v 0.065376 -0.341632 3.607616
v 0.063705 -0.457258 3.905735
v 0.056426 -1.660315 5.515471
v 0.055727 -1.899860 5.676468
v 0.061449 -0.902374 4.723328
v 0.060336 -1.071151 4.956361
v 0.003494 -0.018450 2.443720
v 0.088368 0.021049 2.215860
v -0.017699 0.070206 1.924384
v 0.098388 0.059654 1.961212
v 0.011846 -0.320635 3.542714
v 0.067047 -0.241349 3.304605
v 0.008154 -0.138649 2.948508
v 0.069952 -0.154376 3.006011
v 0.015111 -1.548490 5.430700
v 0.058558 -1.440021 5.340659
v 0.012977 -1.190006 5.098131
v 0.058925 -1.245301 5.156346
v 0.015780 -0.870974 4.669443
v 0.062097 -0.741441 4.466031
v 0.014517 -0.565822 4.131330
v 0.062787 -0.591953 4.192317
v -0.010536 -2.625643 6.047739
v 0.062435 -2.438497 5.959231
v -0.027411 -2.064032 5.773443
v 0.057718 -2.165242 5.824079
v -0.030154 -0.069121 2.675350
v -0.024379 -0.433829 3.842071
v -0.020469 -1.034919 4.905531
v -0.037048 0.014197 2.283466
v -0.027509 -0.221884 3.242062
v -0.020005 -1.306994 5.222078
v -0.022257 -0.711853 4.409233
v -0.109547 -0.021177 2.459044
v -0.098408 -0.078880 2.722183
v -0.078633 -0.339934 3.608978
v -0.074057 -0.455634 3.907039
v -0.064746 -1.658888 5.516617
v -0.066659 -1.898418 5.677627
v -0.066851 -0.900861 4.724542
v -0.065318 -1.069670 4.957551
v -0.035881 -0.017987 2.444093
v -0.119367 0.023500 2.217826
v -0.133285 0.062387 1.963404
v -0.025859 -0.320192 3.543071
v -0.083665 -0.239572 3.306030
v -0.029107 -0.138211 2.948861
v -0.090162 -0.152488 3.007526
v -0.022414 -1.548050 5.431055
v -0.064982 -1.438565 5.341828
v -0.018106 -1.189642 5.098426
v -0.064237 -1.243849 5.157512
v -0.021481 -0.870536 4.669797
v -0.068565 -0.739900 4.467268
v -0.023188 -0.565379 4.131687
v -0.070900 -0.590376 4.193582
v -0.080733 -2.436809 5.960585
v -0.072123 -2.163712 5.825308
v 0.013953 -1.777972 5.603837
v 0.010211 -2.344529 5.915498
v 0.012170 -2.064499 5.773068
v -0.036414 -2.736737 6.258808
v -0.028910 -2.753315 6.268963
v -0.037343 -2.776610 6.210274
v -0.011427 -2.800962 6.208776
v 0.007195 -2.800838 6.209517
v -0.038180 -2.900207 6.276079
v -0.038139 -2.900199 6.276100
v -0.013308 -2.934725 6.184869
v 0.005274 -2.933643 6.188167
v 0.005425 -2.933642 6.188173
v -0.040516 -2.911285 6.246784
v -0.041962 -2.898235 6.281260
v 0.038843 -2.936692 6.180768
vn 0.7424 0.6514 0.1567
vn 0.5537 0.8258 0.1068
vn 0.6917 0.7112 0.1256
vn 0.6095 0.7849 0.1113
vn 0.7391 0.6588 0.1403
vn 0.7061 0.6881 0.1670
vn 0.7394 0.6497 0.1767
vn 0.7833 0.5983 0.1685
vn 0.8036 0.5672 0.1802
vn 0.7796 0.5967 0.1902
vn 0.7321 0.6436 0.2232
vn 0.6161 0.7562 0.2204
vn 0.7426 0.6356 0.2112
vn 0.7663 0.6016 0.2256
vn 0.7093 0.6672 0.2274
vn 0.7628 0.5974 0.2477
vn 0.7319 0.6044 0.3148
vn 0.6310 0.7069 0.3196
vn 0.7378 0.6071 0.2950
vn 0.7688 0.5632 0.3029
vn 0.7373 0.6023 0.3060
vn 0.7648 0.5588 0.3207
vn 0.6884 0.6111 0.3906
vn 0.6036 0.6867 0.4052
vn 0.7053 0.6042 0.3708
vn 0.7807 0.5023 0.3716
vn 0.8050 0.4554 0.3802
vn 0.7877 0.4701 0.3982
vn 0.7569 0.4406 0.4828
vn 0.7638 0.4283 0.4830
vn 0.7335 0.4370 0.5205
vn 0.5238 0.4727 0.7087
vn 0.4314 0.5478 0.7168
vn 0.5307 0.5258 0.6647
vn 0.3258 0.9425 0.0750
vn 0.3916 0.9169 0.0774
vn 0.2848 0.9526 0.1070
vn 0.2483 0.9636 0.0988
vn 0.2410 0.9672 0.0803
vn 0.2530 0.9596 0.1233
vn 0.2777 0.9524 0.1255
vn 0.6477 0.7330 0.2080
vn 0.4971 0.8454 0.1952
vn 0.4564 0.8651 0.2080
vn 0.4923 0.8385 0.2337
vn 0.4013 0.8610 0.3126
vn 0.3980 0.8707 0.2890
vn 0.3539 0.8997 0.2554
vn 0.5069 0.8013 0.3178
vn 0.4950 0.8019 0.3346
vn 0.3763 0.8333 0.4049
vn 0.3824 0.8340 0.3977
vn 0.3504 0.8655 0.3578
vn 0.5021 0.7609 0.4110
vn 0.4864 0.7569 0.4366
vn 0.3204 0.7801 0.5374
vn 0.3542 0.7617 0.5426
vn 0.3541 0.7889 0.5023
vn 0.3951 0.7558 0.5222
vn 0.5025 0.6889 0.5224
vn 0.3683 0.7365 0.5674
vn 0.2356 0.6773 0.6970
vn 0.2583 0.6837 0.6826
vn 0.2382 0.7282 0.6426
vn 0.1468 0.9868 0.0690
vn 0.1337 0.9888 0.0661
vn 0.1641 0.9854 0.0452
vn 0.1716 0.9817 0.0830
vn 0.1526 0.9844 0.0872
vn 0.1721 0.9802 0.0978
vn 0.1336 0.9881 0.0757
vn 0.1364 0.9880 0.0729
vn 0.1135 0.9909 0.0719
vn 0.1070 0.9925 0.0597
vn 0.0955 0.9937 0.0580
vn 0.1043 0.9925 0.0633
vn 0.0940 0.9941 0.0549
vn 0.1264 0.9891 0.0750
vn 0.1436 0.9872 0.0687
vn 0.1516 0.9863 0.0651
vn 0.1608 0.9847 0.0666
vn 0.1362 0.9866 0.0898
vn 0.1473 0.9859 0.0793
vn 0.1503 0.9840 0.0958
vn 0.1405 0.9862 0.0877
vn 0.1496 0.9835 0.1016
vn 0.1376 0.9819 0.1298
vn 0.1164 0.9827 0.1440
vn 0.1468 0.9804 0.1315
vn 0.0649 0.9929 0.0999
vn 0.0699 0.9934 0.0906
vn 0.0912 0.9912 0.0961
vn 0.1506 0.9796 0.1328
vn 0.1403 0.9763 0.1646
vn 0.1298 0.9825 0.1338
vn 0.0827 0.9952 0.0516
vn 0.0956 0.9931 0.0674
vn 0.0933 0.9933 0.0683
vn 0.0856 0.9937 0.0726
vn 0.0270 0.9974 0.0676
vn 0.0124 0.9979 0.0634
vn 0.0270 0.9974 0.0667
vn 0.0451 0.9959 0.0789
vn 0.0597 0.9950 0.0802
vn 0.0554 0.9959 0.0720
vn 0.0514 0.9942 0.0944
vn 0.0501 0.9938 0.0989
vn 0.0427 0.9882 0.1469
vn 0.0481 0.9886 0.1424
vn 0.0411 0.9917 0.1220
vn 0.1213 0.9789 0.1643
vn 0.1291 0.9724 0.1944
vn 0.1063 0.9605 0.2572
vn 0.0862 0.9628 0.2561
vn 0.1034 0.9666 0.2346
vn 0.1498 0.9758 0.1594
vn 0.1152 0.9778 0.1750
vn 0.1118 0.9648 0.2382
vn 0.1298 0.9596 0.2496
vn 0.1352 0.9644 0.2272
vn 0.0442 0.9880 0.1480
vn 0.0620 0.9849 0.1614
vn 0.0518 0.9824 0.1796
vn 0.0641 0.9648 0.2551
vn 0.0675 0.9675 0.2438
vn 0.0541 0.9744 0.2182
vn 0.1119 0.9832 0.1442
vn 0.1288 0.9787 0.1597
vn 0.1472 0.9740 0.1724
vn 0.0396 0.9959 0.0813
vn 0.0453 0.9946 0.0936
vn 0.0517 0.9943 0.0933
vn 0.0498 0.9922 0.1139
vn 0.0127 0.9948 0.1015
vn 0.0368 0.9951 0.0921
vn 0.2011 0.9485 0.2448
vn 0.1925 0.9476 0.2550
vn 0.2304 0.9326 0.2779
vn 0.0742 0.9126 0.4021
vn 0.0777 0.9150 0.3958
vn 0.0704 0.8854 0.4594
vn 0.0960 0.7630 0.6392
vn 0.1276 0.7713 0.6235
vn 0.0860 0.8210 0.5643
vn 0.0032 0.9814 0.1918
vn -0.0556 0.9835 0.1721
vn -0.0156 0.9790 0.2032
vn 0.1301 0.9582 0.2549
vn 0.1239 0.9545 0.2712
vn 0.0870 0.9277 0.3630
vn 0.0937 0.9391 0.3305
vn 0.0666 0.9416 0.3301
vn 0.0342 0.9488 0.3140
vn 0.0681 0.9268 0.3693
vn 0.1000 0.8690 0.4847
vn 0.1044 0.8529 0.5115
vn 0.1212 0.8340 0.5383
vn 0.1462 0.7333 0.6640
vn 0.1035 0.7555 0.6470
vn 0.1237 0.7933 0.5961
vn 0.1633 0.7181 0.6765
vn 0.1429 0.7142 0.6852
vn 0.1768 0.6636 0.7269
vn 0.1471 0.5453 0.8252
vn 0.1156 0.5379 0.8351
vn 0.1509 0.5951 0.7893
vn 0.0715 0.7691 0.6351
vn 0.0804 0.7084 0.7012
vn 0.0316 0.5603 0.8277
vn 0.0689 0.5629 0.8237
vn 0.0596 0.6121 0.7886
vn 0.2073 0.7548 0.6224
vn 0.0896 0.7534 0.6514
vn 0.2196 0.6861 0.6936
vn 0.2029 0.8957 0.3956
vn 0.1265 0.8995 0.4182
vn 0.2362 0.8556 0.4605
vn 0.3315 0.6181 0.7128
vn 0.3494 0.5577 0.7529
vn 0.2978 0.4807 0.8248
vn 0.2745 0.4960 0.8238
vn 0.2748 0.5461 0.7913
vn 0.6767 0.3205 0.6629
vn 0.7071 0.2715 0.6529
vn 0.6813 0.2667 0.6816
vn 0.6313 0.2011 0.7490
vn 0.5514 0.2832 0.7847
vn 0.5976 0.2868 0.7487
vn 0.0693 0.9644 0.2551
vn 0.0708 0.9570 0.2812
vn 0.0886 0.9063 0.4131
vn 0.1070 0.9111 0.3981
vn 0.0753 0.9349 0.3470
vn 0.0821 0.5551 0.8277
vn 0.0787 0.4915 0.8673
vn 0.1016 0.4646 0.8797
vn 0.1205 0.3579 0.9260
vn 0.1144 0.3627 0.9249
vn 0.1145 0.3685 0.9226
vn 0.1248 0.4824 0.8670
vn 0.0457 0.5392 0.8409
vn -0.0810 0.5333 0.8420
vn -0.0138 0.4828 0.8756
vn -0.0368 0.3793 0.9245
vn 0.0131 0.3659 0.9306
vn -0.0135 0.4171 0.9087
vn 0.2203 0.4556 0.8625
vn 0.2459 0.4546 0.8561
vn 0.4533 0.2497 0.8557
vn 0.3734 0.2465 0.8943
vn 0.3013 0.3529 0.8858
vn 0.5140 0.2705 0.8140
vn 0.6024 0.1789 0.7779
vn 0.6562 0.0060 0.7546
vn 0.6297 -0.0687 0.7738
vn 0.6431 0.0167 0.7656
vn -0.1045 0.3901 0.9148
vn -0.1620 0.3654 0.9166
vn -0.0860 0.3481 0.9335
vn 0.0630 0.1842 0.9809
vn 0.1040 0.1713 0.9797
vn 0.0923 0.1230 0.9881
vn 0.0601 -0.0801 0.9950
vn 0.0090 -0.0391 0.9992
vn 0.0638 0.0224 0.9977
vn 0.1902 0.3163 0.9294
vn 0.1880 0.3534 0.9164
vn 0.1676 0.3188 0.9329
vn 0.3137 0.0659 0.9472
vn 0.2741 0.0204 0.9615
vn 0.1989 0.1543 0.9678
vn 0.1634 0.1072 0.9807
vn 0.2245 -0.0236 0.9742
vn 0.6125 -0.0173 0.7903
vn 0.5885 -0.1071 0.8014
vn 0.3463 -0.1027 0.9325
vn 0.4017 -0.0571 0.9140
vn 0.4543 -0.3178 0.8322
vn 0.4858 -0.4412 0.7546
vn 0.3853 -0.3745 0.8434
vn 0.1756 -0.2763 0.9449
vn 0.1440 -0.1602 0.9765
vn 0.2162 -0.2246 0.9502
vn 0.1013 -0.1165 0.9880
vn 0.1175 -0.2451 0.9623
vn 0.0675 -0.4944 0.8666
vn 0.0029 -0.4623 0.8867
vn 0.0464 -0.4094 0.9112
vn 0.6453 0.7605 0.0727
vn 0.7615 0.6368 0.1209
vn 0.8160 0.5572 0.1539
vn 0.8134 0.5552 0.1733
vn 0.8207 0.5460 0.1685
vn 0.7891 0.5944 0.1549
vn 0.8129 0.5567 0.1710
vn 0.8097 0.5628 0.1661
vn 0.6479 0.7495 0.1355
vn 0.6362 0.7611 0.1265
vn 0.7674 0.6214 0.1580
vn 0.7583 0.6347 0.1491
vn 0.8054 0.5683 0.1683
vn 0.6616 0.7383 0.1315
vn 0.6687 0.7258 0.1611
vn 0.7515 0.6397 0.1614
vn 0.7677 0.6188 0.1665
vn 0.7585 0.6193 0.2027
vn 0.8016 0.5644 0.1974
vn 0.7610 0.6247 0.1751
vn 0.8055 0.5644 0.1805
vn 0.7660 0.6128 0.1942
vn 0.8086 0.5565 0.1909
vn 0.7689 0.6091 0.1941
vn 0.7925 0.5672 0.2240
vn 0.7661 0.6090 0.2055
vn 0.7939 0.5720 0.2063
vn 0.7409 0.6133 0.2737
vn 0.7928 0.5463 0.2702
vn 0.7374 0.6282 0.2481
vn 0.7941 0.5547 0.2483
vn 0.7566 0.5965 0.2678
vn 0.7819 0.5427 0.3069
vn 0.7666 0.5729 0.2902
vn 0.7889 0.5420 0.2895
vn 0.7171 0.6018 0.3516
vn 0.7672 0.5433 0.3409
vn 0.7243 0.6038 0.3329
vn 0.7747 0.5430 0.3239
vn 0.7592 0.5576 0.3358
vn 0.7434 0.5531 0.3761
vn 0.7689 0.5322 0.3544
vn 0.7564 0.5482 0.3568
vn 0.6494 0.6204 0.4398
vn 0.7289 0.5314 0.4318
vn 0.6326 0.6122 0.4743
vn 0.6686 0.6190 0.4121
vn 0.7330 0.5496 0.4009
vn 0.7899 0.4412 0.4260
vn 0.7042 0.5057 0.4983
vn 0.7762 0.4419 0.4498
vn 0.5534 0.5677 0.6094
vn 0.6451 0.4816 0.5932
vn 0.6122 0.6005 0.5145
vn 0.5850 0.5877 0.5589
vn 0.6771 0.5000 0.5399
vn 0.7085 0.4102 0.5742
vn 0.6075 0.3951 0.6891
vn 0.6878 0.3664 0.6266
vn 0.6192 0.4416 0.6494
vn 0.2058 0.9762 0.0688
vn 0.2861 0.9549 0.0789
vn 0.2244 0.9711 0.0809
vn 0.1847 0.9803 0.0702
vn 0.2510 0.9653 0.0728
vn 0.4391 0.8932 0.0965
vn 0.5041 0.8519 0.1416
vn 0.3710 0.9206 0.1219
vn 0.4666 0.8775 0.1113
vn 0.3224 0.9418 0.0951
vn 0.3605 0.9168 0.1716
vn 0.3645 0.9180 0.1565
vn 0.2378 0.9593 0.1523
vn 0.2463 0.9594 0.1378
vn 0.2569 0.9540 0.1546
vn 0.2790 0.9502 0.1389
vn 0.3563 0.9239 0.1396
vn 0.6522 0.7345 0.1875
vn 0.6532 0.7312 0.1967
vn 0.4884 0.8569 0.1648
vn 0.4961 0.8494 0.1802
vn 0.2864 0.9326 0.2196
vn 0.3873 0.8887 0.2454
vn 0.2445 0.9542 0.1726
vn 0.3146 0.9309 0.1858
vn 0.2492 0.9487 0.1947
vn 0.3592 0.9077 0.2170
vn 0.5026 0.8234 0.2633
vn 0.4178 0.8532 0.3124
vn 0.5104 0.8081 0.2941
vn 0.4135 0.8657 0.2820
vn 0.3538 0.8704 0.3425
vn 0.3921 0.8535 0.3432
vn 0.3700 0.8685 0.3298
vn 0.4045 0.8530 0.3298
vn 0.4881 0.7990 0.3513
vn 0.4093 0.8178 0.4045
vn 0.4955 0.7820 0.3780
vn 0.3932 0.8436 0.3657
vn 0.3861 0.7862 0.4824
vn 0.3953 0.7912 0.4666
vn 0.3764 0.8154 0.4398
vn 0.4156 0.7950 0.4420
vn 0.4555 0.7640 0.4570
vn 0.3271 0.7867 0.5236
vn 0.4255 0.7644 0.4844
vn 0.3616 0.7933 0.4898
vn 0.2524 0.7532 0.6074
vn 0.2715 0.7473 0.6065
vn 0.2780 0.7758 0.5664
vn 0.2948 0.7714 0.5640
vn 0.3457 0.7102 0.6133
vn 0.2513 0.6671 0.7013
vn 0.3312 0.6720 0.6623
vn 0.2564 0.7132 0.6524
vn 0.1471 0.9847 0.0932
vn 0.1699 0.9816 0.0871
vn 0.1352 0.9871 0.0856
vn 0.2470 0.9664 0.0717
vn 0.2005 0.9756 0.0891
vn 0.1083 0.9918 0.0686
vn 0.1076 0.9916 0.0716
vn 0.0966 0.9929 0.0687
vn 0.1015 0.9925 0.0680
vn 0.1020 0.9923 0.0697
vn 0.1188 0.9903 0.0720
vn 0.1116 0.9912 0.0708
vn 0.1185 0.9903 0.0726
vn 0.1299 0.9887 0.0748
vn 0.1188 0.9908 0.0652
vn 0.1220 0.9899 0.0726
vn 0.1120 0.9914 0.0677
vn 0.1243 0.9898 0.0690
vn 0.0847 0.9935 0.0764
vn 0.0923 0.9939 0.0610
vn 0.1078 0.9917 0.0700
vn 0.1102 0.9921 0.0598
vn 0.1394 0.9864 0.0866
vn 0.1521 0.9858 0.0712
vn 0.1310 0.9880 0.0821
vn 0.1267 0.9889 0.0772
vn 0.1340 0.9872 0.0863
vn 0.1354 0.9877 0.0778
vn 0.1691 0.9841 0.0545
vn 0.1904 0.9811 0.0355
vn 0.1788 0.9825 0.0516
vn 0.1889 0.9809 0.0466
vn 0.1694 0.9837 0.0603
vn 0.1611 0.9779 0.1331
vn 0.1528 0.9814 0.1161
vn 0.1536 0.9820 0.1102
vn 0.1621 0.9778 0.1327
vn 0.1595 0.9808 0.1123
vn 0.1426 0.9840 0.1067
vn 0.1331 0.9853 0.1068
vn 0.1300 0.9846 0.1173
vn 0.1360 0.9848 0.1077
vn 0.1384 0.9831 0.1198
vn 0.1077 0.9851 0.1340
vn 0.1131 0.9874 0.1109
vn 0.0616 0.9891 0.1335
vn 0.0625 0.9915 0.1139
vn 0.0858 0.9874 0.1329
vn 0.0874 0.9899 0.1118
vn 0.1192 0.9884 0.0937
vn 0.1400 0.9857 0.0933
vn 0.1372 0.9844 0.1098
vn 0.0730 0.9951 0.0664
vn 0.0635 0.9962 0.0599
vn 0.0711 0.9960 0.0550
vn 0.0647 0.9961 0.0606
vn 0.0797 0.9953 0.0549
vn 0.0740 0.9945 0.0744
vn 0.0758 0.9943 0.0745
vn 0.0473 0.9963 0.0719
vn 0.0456 0.9958 0.0791
vn 0.0595 0.9953 0.0767
vn 0.0603 0.9951 0.0787
vn 0.0346 0.9963 0.0785
vn 0.3453 0.9358 0.0707
vn 0.2371 0.9703 0.0476
vn 0.3543 0.9341 0.0449
vn 0.0348 0.9969 0.0711
vn 0.0319 0.9968 0.0734
vn 0.0348 0.9966 0.0741
vn 0.0354 0.9966 0.0737
vn 0.0340 0.9965 0.0765
vn 0.0332 0.9970 0.0706
vn 0.0492 0.9950 0.0873
vn 0.0574 0.9956 0.0744
vn 0.0631 0.9946 0.0827
vn 0.0393 0.9951 0.0908
vn 0.0430 0.9955 0.0850
vn 0.0424 0.9949 0.0914
vn 0.0466 0.9958 0.0792
vn 0.0416 0.9928 0.1120
vn 0.0409 0.9932 0.1087
vn 0.0407 0.9945 0.0962
vn 0.0436 0.9944 0.0960
vn 0.0406 0.9939 0.1021
vn 0.0430 0.9939 0.1017
vn 0.0465 0.9932 0.1071
vn 0.0383 0.9889 0.1437
vn 0.0445 0.9914 0.1232
vn 0.0389 0.9918 0.1218
vn 0.0993 0.9719 0.2132
vn 0.1174 0.9693 0.2160
vn 0.0845 0.9831 0.1623
vn 0.1035 0.9811 0.1633
vn 0.0948 0.9770 0.1911
vn 0.1124 0.9748 0.1926
vn 0.1325 0.9669 0.2178
vn 0.1213 0.9588 0.2570
vn 0.1327 0.9625 0.2368
vn 0.1208 0.9640 0.2368
vn 0.1496 0.9654 0.2136
vn 0.1403 0.9685 0.2057
vn 0.1569 0.9739 0.1639
vn 0.1623 0.9733 0.1623
vn 0.1561 0.9686 0.1934
vn 0.1558 0.9694 0.1897
vn 0.0993 0.9761 0.1932
vn 0.0703 0.9734 0.2182
vn 0.0671 0.9789 0.1932
vn 0.1136 0.9701 0.2142
vn 0.0478 0.9796 0.1952
vn 0.0487 0.9789 0.1985
vn 0.0420 0.9850 0.1673
vn 0.0416 0.9843 0.1713
vn 0.0606 0.9768 0.2054
vn 0.0606 0.9653 0.2540
vn 0.0660 0.9712 0.2288
vn 0.0558 0.9727 0.2254
vn 0.1241 0.9780 0.1676
vn 0.1463 0.9723 0.1821
vn 0.1516 0.9685 0.1975
vn 0.0881 0.9876 0.1298
vn 0.0840 0.9864 0.1415
vn 0.1154 0.9812 0.1549
vn 0.1744 0.9654 0.1941
vn 0.1909 0.9517 0.2406
vn 0.2015 0.9541 0.2214
vn 0.1725 0.9622 0.2107
vn 0.0303 0.9964 0.0789
vn 0.0491 0.9948 0.0896
vn 0.0283 0.9969 0.0729
vn 0.0393 0.9961 0.0789
vn 0.0700 0.9919 0.1059
vn 0.0928 0.9878 0.1254
vn 0.0659 0.9921 0.1069
vn 0.2008 0.9359 0.2896
vn 0.2271 0.9266 0.2997
vn 0.2237 0.9186 0.3258
vn 0.1671 0.9582 0.2320
vn 0.1847 0.9471 0.2625
vn 0.2075 0.9403 0.2697
vn 0.2370 0.9226 0.3042
vn 0.2504 0.8854 0.3915
vn 0.2564 0.9026 0.3457
vn 0.2456 0.9083 0.3386
vn 0.0892 0.8488 0.5212
vn 0.0671 0.8555 0.5134
vn 0.0685 0.9119 0.4047
vn 0.0816 0.8825 0.4632
vn 0.0702 0.8835 0.4632
vn 0.0648 0.8571 0.5111
vn 0.0631 0.7725 0.6319
vn 0.0656 0.8212 0.5668
vn 0.0629 0.8222 0.5657
vn 0.0141 0.9681 0.2501
vn -0.0286 0.9729 0.2293
vn 0.0049 0.9626 0.2708
vn 0.0709 0.9673 0.2436
vn 0.0129 0.9760 0.2176
vn 0.1041 0.9473 0.3030
vn 0.1122 0.9490 0.2947
vn 0.1066 0.9543 0.2793
vn 0.1193 0.9536 0.2764
vn 0.1113 0.9524 0.2838
vn 0.0907 0.9350 0.3430
vn 0.0899 0.9506 0.2972
vn 0.1005 0.9444 0.3131
vn 0.0914 0.8927 0.4414
vn 0.0813 0.9046 0.4183
vn 0.0946 0.8796 0.4663
vn 0.0919 0.9105 0.4032
vn 0.0836 0.9210 0.3805
vn 0.1051 0.8366 0.5377
vn 0.1300 0.8177 0.5608
vn 0.0839 0.8992 0.4293
vn 0.0976 0.8816 0.4617
vn 0.0924 0.8685 0.4869
vn 0.1096 0.8525 0.5111
vn 0.1422 0.8023 0.5797
vn 0.1742 0.7151 0.6769
vn 0.1667 0.7550 0.6342
vn 0.1550 0.7707 0.6181
vn 0.1643 0.6321 0.7573
vn 0.1797 0.6292 0.7562
vn 0.1609 0.6760 0.7191
vn 0.1828 0.6651 0.7240
vn 0.1682 0.6382 0.7512
vn 0.1163 0.5622 0.8188
vn 0.1800 0.5370 0.8241
vn 0.1698 0.5951 0.7855
vn 0.1734 0.5937 0.7858
vn 0.0867 0.6513 0.7539
vn 0.0627 0.6611 0.7477
vn 0.0818 0.7143 0.6951
vn 0.0654 0.7134 0.6977
vn 0.0849 0.6577 0.7485
vn 0.0319 0.5663 0.8236
vn 0.0852 0.6112 0.7869
vn 0.0487 0.6170 0.7855
vn 0.2943 0.6183 0.7288
vn 0.2635 0.6268 0.7332
vn 0.2394 0.6007 0.7628
vn 0.3032 0.7543 0.5823
vn 0.3053 0.7346 0.6059
vn 0.3011 0.6885 0.6598
vn 0.3040 0.6762 0.6711
vn 0.1842 0.6444 0.7422
vn 0.1370 0.5199 0.8432
vn 0.1444 0.5875 0.7962
vn 0.2035 0.5773 0.7908
vn 0.2461 0.8382 0.4868
vn 0.2684 0.8255 0.4964
vn 0.2721 0.7991 0.5361
vn 0.2331 0.8983 0.3724
vn 0.2387 0.8698 0.4318
vn 0.2547 0.8572 0.4476
vn 0.2397 0.8302 0.5034
vn 0.2658 0.7856 0.5587
vn 0.2894 0.7861 0.5461
vn 0.2501 0.5901 0.7676
vn 0.2930 0.5585 0.7760
vn 0.2231 0.6445 0.7313
vn 0.2647 0.6129 0.7445
vn 0.3735 0.5047 0.7783
vn 0.4439 0.3766 0.8131
vn 0.3481 0.4465 0.8243
vn 0.4013 0.4505 0.7975
vn 0.3199 0.5058 0.8011
vn 0.5603 0.3603 0.7458
vn 0.6391 0.2800 0.7164
vn 0.5339 0.4194 0.7342
vn 0.6148 0.3421 0.7106
vn 0.6962 0.2115 0.6859
vn 0.7174 0.1036 0.6889
vn 0.6788 0.1474 0.7194
vn 0.7092 0.1601 0.6866
vn 0.6647 0.2133 0.7160
vn 0.0721 0.9461 0.3157
vn 0.0639 0.9481 0.3116
vn 0.0655 0.9576 0.2805
vn 0.0632 0.9572 0.2825
vn 0.0711 0.9483 0.3093
vn 0.0727 0.9348 0.3476
vn 0.0654 0.9345 0.3499
vn -0.0128 0.4722 0.8814
vn 0.0293 0.4573 0.8888
vn 0.0206 0.4336 0.9009
vn -0.0074 0.5172 0.8558
vn 0.0209 0.5108 0.8594
vn 0.1042 0.3842 0.9173
vn 0.1074 0.4073 0.9070
vn 0.0491 0.4125 0.9097
vn 0.0780 0.4339 0.8976
vn 0.1248 0.4219 0.8980
vn 0.1395 0.3814 0.9138
vn 0.1195 0.3721 0.9205
vn 0.1503 0.3864 0.9100
vn 0.1201 0.3784 0.9178
vn 0.1878 0.4741 0.8602
vn 0.1669 0.3954 0.9032
vn 0.1594 0.4259 0.8906
vn 0.1913 0.4240 0.8852
vn 0.1739 0.4769 0.8616
vn 0.0226 0.4302 0.9024
vn 0.0030 0.4464 0.8948
vn 0.1549 0.5033 0.8501
vn 0.0913 0.4818 0.8715
vn 0.0724 0.4703 0.8795
vn -0.0738 0.4591 0.8853
vn -0.0589 0.3947 0.9169
vn -0.0886 0.4310 0.8980
vn -0.0453 0.4272 0.9030
vn 0.2035 0.3960 0.8954
vn 0.2538 0.4189 0.8719
vn 0.1765 0.4008 0.8990
vn 0.2048 0.4242 0.8821
vn 0.1764 0.4043 0.8974
vn 0.2107 0.4355 0.8752
vn 0.3029 0.4331 0.8489
vn 0.4871 0.2575 0.8345
vn 0.4005 0.3672 0.8395
vn 0.3613 0.3589 0.8606
vn 0.6150 0.0651 0.7859
vn 0.6328 0.0930 0.7687
vn 0.5587 0.1397 0.8175
vn 0.5825 0.1576 0.7974
vn 0.6516 0.1220 0.7487
vn 0.7131 0.0643 0.6981
vn 0.6840 0.0397 0.7284
vn 0.6882 0.0811 0.7210
vn 0.6632 0.0521 0.7466
vn 0.0140 0.2514 0.9678
vn -0.0097 0.2819 0.9594
vn 0.0484 0.2107 0.9763
vn -0.0301 0.3232 0.9458
vn -0.0493 0.3512 0.9350
vn 0.0564 0.0926 0.9941
vn 0.0892 0.0779 0.9930
vn -0.0183 0.2907 0.9566
vn 0.0222 0.2215 0.9749
vn 0.0249 0.1814 0.9831
vn 0.0750 0.1322 0.9884
vn 0.0853 0.0830 0.9929
vn 0.0846 -0.0982 0.9916
vn 0.0875 0.0072 0.9961
vn 0.0854 0.0143 0.9962
vn 0.1460 0.2074 0.9673
vn 0.1636 0.2547 0.9531
vn 0.1691 0.2144 0.9620
vn 0.1902 0.2616 0.9463
vn 0.1425 0.2231 0.9643
vn 0.1724 0.2751 0.9458
vn 0.1679 0.3025 0.9382
vn 0.3541 0.1729 0.9191
vn 0.3379 0.1139 0.9343
vn 0.2262 0.2528 0.9407
vn 0.2178 0.2005 0.9552
vn 0.1070 0.0286 0.9938
vn 0.1873 -0.0586 0.9805
vn 0.1639 -0.0970 0.9817
vn 0.1176 0.1750 0.9775
vn 0.1104 0.1589 0.9811
vn 0.0790 0.1169 0.9900
vn 0.1260 0.0654 0.9899
vn 0.4427 -0.0097 0.8966
vn 0.5012 -0.0886 0.8608
vn 0.4986 0.1271 0.8574
vn 0.5710 0.0416 0.8199
vn 0.4759 0.0469 0.8782
vn 0.5431 -0.0327 0.8390
vn 0.5589 -0.1834 0.8087
vn 0.3874 -0.1793 0.9043
vn 0.5151 -0.2507 0.8196
vn 0.4501 -0.1359 0.8826
vn 0.2480 -0.1803 0.9518
vn 0.2793 -0.2728 0.9206
vn 0.2896 -0.1430 0.9464
vn 0.3245 -0.2263 0.9184
vn 0.3316 -0.4244 0.8426
vn 0.2538 -0.5390 0.8032
vn 0.1929 -0.3463 0.9181
vn 0.2997 -0.4618 0.8348
vn 0.2419 -0.3135 0.9183
vn 0.0534 -0.3106 0.9490
vn 0.0864 -0.3170 0.9445
vn 0.0568 -0.2098 0.9761
vn 0.0865 -0.2283 0.9697
vn 0.1289 -0.3256 0.9367
vn 0.2027 -0.5942 0.7784
vn 0.1238 -0.5321 0.8376
vn 0.1490 -0.4547 0.8781
vn 0.0931 -0.4293 0.8983
vn -0.9818 -0.1281 -0.1403
vn -0.9902 -0.1194 -0.0721
vn -0.9939 -0.1101 -0.0034
vn 0.1395 0.1484 0.9790
vn 0.1851 0.1520 0.9709
vn 0.2304 0.1554 0.9606
vn -0.9888 -0.0927 0.1169
vn -0.9802 -0.0830 0.1800
vn -0.9731 -0.0771 0.2171
vn -0.9774 -0.0844 -0.1939
vn -0.9749 -0.1330 -0.1784
vn -0.9785 -0.1306 -0.1594
vn -0.9804 0.0418 -0.1927
vn -0.9772 -0.0336 -0.2096
vn 0.2751 0.1585 0.9483
vn 0.3057 0.1603 0.9385
vn 0.3360 0.1620 0.9278
vn 0.6479 0.1676 0.7430
vn 0.6976 0.1660 0.6970
vn 0.7088 0.1656 0.6857
vn -0.9521 -0.0589 -0.3002
vn -0.9560 -0.0831 -0.2812
vn -0.9601 -0.1083 -0.2580
vn -0.9394 0.2181 -0.2644
vn -0.9443 0.2054 -0.2571
vn -0.9490 0.1927 -0.2497
vn -0.5674 0.6047 -0.5589
vn -0.6774 0.5283 -0.5119
vn -0.7163 0.4958 -0.4910
vn -0.9098 0.2736 -0.3120
vn -0.9192 0.2596 -0.2961
vn -0.9279 0.2460 -0.2804
vn 0.9033 0.3843 -0.1904
vn 0.7972 0.5175 -0.3110
vn 0.6885 0.6070 -0.3969
vn -0.7873 0.4268 -0.4449
vn -0.8303 0.3769 -0.4106
vn -0.8552 0.3442 -0.3876
vn -0.9351 -0.0545 0.3503
vn -0.8737 -0.0292 0.4856
vn -0.8215 -0.0119 0.5701
vn -0.9667 -0.1061 -0.2328
vn -0.9707 -0.1046 -0.2165
vn -0.9792 -0.0176 -0.2023
vn -0.9775 0.0154 -0.2102
vn -0.9596 -0.1517 -0.2369
vn -0.9534 0.1799 -0.2422
vn -0.9516 0.1853 -0.2454
vn -0.9580 0.1148 -0.2628
vn -0.9377 0.2225 -0.2669
vn -0.9383 0.2210 -0.2661
vn -0.9389 0.2195 -0.2652
vn -0.9501 0.1894 -0.2478
vn -0.9499 0.1900 -0.2481
vn -0.9498 0.1904 -0.2484
vn -0.9496 0.1909 -0.2487
vn -0.9458 0.2015 -0.2548
vn -0.9418 0.2120 -0.2609
vn -0.6448 0.0339 0.7636
vn -0.5391 0.0559 0.8404
vn -0.4972 0.0639 0.8653
vn -0.2815 0.0994 0.9544
vn -0.1175 0.1214 0.9856
vn -0.0425 0.1302 0.9906
vn 0.0323 0.1383 0.9899
vn 0.0682 0.1418 0.9875
vn 0.1039 0.1451 0.9839
vn 0.4179 0.1656 0.8933
vn 0.4856 0.1671 0.8581
vn 0.5266 0.1681 0.8333
vn 0.7885 0.1603 0.5938
vn 0.8495 0.1534 0.5048
vn 0.8769 0.1492 0.4569
vn 0.9588 0.1276 0.2537
vn 0.9662 0.1241 0.2261
vn 0.9737 0.1149 0.1965
vn 0.9277 0.1381 0.3467
vn 0.9463 0.1323 0.2951
vn 0.9528 0.1300 0.2745
vn 0.9884 0.0953 0.1183
vn 0.9904 0.0936 0.1018
vn 0.9921 0.0920 0.0853
vn 0.9812 0.0998 0.1649
vn 0.9839 0.0983 0.1494
vn 0.9863 0.0968 0.1338
vn 0.9935 0.0903 0.0688
vn 0.9938 0.0899 0.0647
vn 0.9941 0.0894 0.0606
vn 0.9944 0.0890 0.0566
vn 0.9943 0.0892 0.0585
vn 0.9942 0.0894 0.0603
vn 0.9941 0.0895 0.0610
vn 0.9946 0.0888 0.0542
vn 0.9950 0.0881 0.0474
vn 0.9940 0.0896 0.0623
vn 0.9941 0.0896 0.0617
vn 0.9941 0.0896 0.0616
vn -0.9437 0.2071 -0.2580
vn -0.9459 0.2012 -0.2546
vn -0.9480 0.1953 -0.2512
vn -0.9356 0.2275 -0.2698
vn -0.9384 0.2207 -0.2659
vn -0.9411 0.2139 -0.2620
vn 0.9942 0.1008 0.0363
vn 0.9934 0.1089 0.0357
vn 0.9925 0.1166 0.0360
vn 0.9954 0.0873 0.0405
vn 0.9958 0.0863 0.0307
vn 0.9956 0.0898 0.0283
vn 0.9879 0.1549 0.0047
vn 0.9768 0.2100 -0.0410
vn 0.9606 0.2642 -0.0865
vn 0.9921 0.1218 0.0318
vn 0.9909 0.1328 0.0227
vn 0.9895 0.1439 0.0137
vn 0.3779 0.7457 -0.5487
vn 0.0494 0.7823 -0.6209
vn -0.1957 0.7524 -0.6289
vn -0.8781 0.3109 -0.3638
vn -0.8885 0.2944 -0.3519
vn -0.8988 0.2807 -0.3367
vn 0.7213 0.5149 0.4633
vn 0.1896 0.9799 0.0626
vn 0.1178 0.9905 0.0711
vn 0.0883 0.9936 0.0703
vn 0.5086 0.8579 0.0725
vn 0.4945 0.8685 0.0341
vn 0.8105 0.5653 0.1536
vn 0.6508 0.7420 0.1613
vn 0.7207 0.6679 0.1858
vn 0.7139 0.6730 0.1936
vn 0.7131 0.6697 0.2073
vn 0.6379 0.7098 0.2988
vn 0.6364 0.7214 0.2730
vn 0.6281 0.7392 0.2431
vn 0.6993 0.6708 0.2469
vn 0.7103 0.6471 0.2771
vn 0.7400 0.6041 0.2958
vn 0.6164 0.6887 0.3818
vn 0.6185 0.6997 0.3577
vn 0.6221 0.7064 0.3376
vn 0.7342 0.5970 0.3234
vn 0.7466 0.5671 0.3478
vn 0.7859 0.4988 0.3654
vn 0.5273 0.7002 0.4814
vn 0.5530 0.7014 0.4497
vn 0.5799 0.6946 0.4258
vn 0.8117 0.4216 0.4042
vn 0.8040 0.4174 0.4235
vn 0.7796 0.4355 0.4501
vn 0.4325 0.6051 0.6684
vn 0.4511 0.6456 0.6163
vn 0.4772 0.6702 0.5684
vn 0.7454 0.4144 0.5222
vn 0.7296 0.3685 0.5761
vn 0.7150 0.3205 0.6214
vn 0.1991 0.9778 0.0657
vn 0.1700 0.9836 0.0609
vn 0.1463 0.9871 0.0645
vn 0.2695 0.9468 0.1760
vn 0.2800 0.9344 0.2201
vn 0.2335 0.9514 0.2006
vn 0.2243 0.9563 0.1877
vn 0.3390 0.8723 0.3525
vn 0.3599 0.8671 0.3444
vn 0.3879 0.8578 0.3373
vn 0.3807 0.7682 0.5147
vn 0.3974 0.7814 0.4811
vn 0.3832 0.8111 0.4420
vn 0.2351 0.7369 0.6338
vn 0.2739 0.7487 0.6037
vn 0.2992 0.7630 0.5730
vn 0.1572 0.9827 0.0978
vn 0.1388 0.9857 0.0957
vn 0.1488 0.9850 0.0875
vn 0.1147 0.9910 0.0690
vn 0.1078 0.9920 0.0654
vn 0.1011 0.9926 0.0667
vn 0.1378 0.9871 0.0816
vn 0.1236 0.9891 0.0803
vn 0.0989 0.9915 0.0840
vn 0.1347 0.9860 0.0981
vn 0.1377 0.9857 0.0976
vn 0.1387 0.9858 0.0943
vn 0.1684 0.9844 0.0518
vn 0.1718 0.9837 0.0527
vn 0.1993 0.9786 0.0521
vn 0.2130 0.9764 0.0357
vn 0.0846 0.9937 0.0732
vn 0.0729 0.9947 0.0724
vn 0.0628 0.9956 0.0691
vn 0.0453 0.9968 0.0661
vn 0.0362 0.9968 0.0716
vn 0.0328 0.9967 0.0742
vn 0.0354 0.9958 0.0842
vn 0.0435 0.9943 0.0969
vn 0.0421 0.9919 0.1201
vn 0.0426 0.9931 0.1095
vn 0.0401 0.9940 0.1018
vn 0.0831 0.9693 0.2316
vn 0.0794 0.9744 0.2103
vn 0.0738 0.9792 0.1889
vn 0.1452 0.9700 0.1950
vn 0.1442 0.9654 0.2171
vn 0.1393 0.9622 0.2342
vn 0.0695 0.9835 0.1669
vn 0.0691 0.9804 0.1843
vn 0.0041 0.9855 0.1697
vn 0.0511 0.9763 0.2101
vn 0.0498 0.9810 0.1877
vn 0.0448 0.9851 0.1658
vn 0.0132 0.9923 0.1228
vn 0.1696 0.9680 0.1848
vn 0.1852 0.9610 0.2052
vn 0.1994 0.9536 0.2255
vn 0.0125 0.9965 0.0831
vn 0.0125 0.9971 0.0745
vn 0.0124 0.9976 0.0687
vn 0.0665 0.9920 0.1077
vn 0.0862 0.9889 0.1207
vn 0.1079 0.9847 0.1366
vn 0.2316 0.9305 0.2838
vn 0.2142 0.9245 0.3154
vn 0.1992 0.9152 0.3503
vn 0.0983 0.8233 0.5591
vn 0.1072 0.8526 0.5115
vn 0.0987 0.8808 0.4631
vn 0.0728 0.8829 0.4639
vn 0.0792 0.8509 0.5194
vn 0.0877 0.8124 0.5765
vn 0.0482 0.9587 0.2803
vn 0.0811 0.9598 0.2686
vn 0.1121 0.9586 0.2617
vn 0.0872 0.9348 0.3442
vn 0.0879 0.9475 0.3075
vn 0.0877 0.9559 0.2803
vn 0.1327 0.8190 0.5582
vn 0.1462 0.7879 0.5982
vn 0.1540 0.7557 0.6365
vn 0.1311 0.5966 0.7918
vn 0.1284 0.6443 0.7539
vn 0.1194 0.6941 0.7099
vn 0.1661 0.6640 0.7291
vn 0.1458 0.6403 0.7541
vn 0.1113 0.6201 0.7766
vn -0.0117 0.6041 0.7968
vn 0.0910 0.6049 0.7911
vn 0.1153 0.6585 0.7437
vn 0.1086 0.7119 0.6939
vn 0.0458 0.6912 0.7212
vn 0.1720 0.6860 0.7070
vn 0.0858 0.6456 0.7588
vn 0.0389 0.5972 0.8011
vn 0.2206 0.8535 0.4721
vn 0.1789 0.8330 0.5235
vn 0.1871 0.7990 0.5714
vn 0.2507 0.5728 0.7804
vn 0.2414 0.6104 0.7544
vn 0.2206 0.6521 0.7253
vn 0.4437 0.4916 0.7493
vn 0.4666 0.4388 0.7680
vn 0.5013 0.3745 0.7800
vn 0.7124 0.2184 0.6669
vn 0.7223 0.1712 0.6701
vn 0.7328 0.1237 0.6691
vn 0.7348 0.0838 0.6731
vn 0.0769 0.9375 0.3393
vn 0.0795 0.9481 0.3078
vn 0.0679 0.9584 0.2772
vn -0.0200 0.4515 0.8920
vn 0.0550 0.4266 0.9028
vn -0.0120 0.4825 0.8758
vn 0.0119 0.5150 0.8571
vn 0.1173 0.3592 0.9259
vn 0.1037 0.3799 0.9192
vn 0.0642 0.4044 0.9123
vn 0.1429 0.3974 0.9064
vn 0.1124 0.5002 0.8586
vn 0.1845 0.4350 0.8814
vn 0.1939 0.3996 0.8960
vn 0.0139 0.4180 0.9083
vn -0.0848 0.4847 0.8706
vn -0.1262 0.4536 0.8822
vn -0.1259 0.4279 0.8950
vn 0.2398 0.3134 0.9188
vn 0.1752 0.3534 0.9189
vn 0.1708 0.3670 0.9144
vn 0.0101 0.0510 0.9986
vn 0.0110 0.1370 0.9905
vn 0.0121 0.2486 0.9685
vn 0.0797 0.1295 0.9884
vn 0.0785 0.0739 0.9942
vn 0.1031 -0.0229 0.9944
vn 0.6134 -0.2004 0.7639
vn 0.5888 -0.2897 0.7546
vn 0.5487 -0.3716 0.7489
vn 0.4093 -0.4933 0.7676
vn 0.3638 -0.5456 0.7550
vn 0.3356 -0.5997 0.7265
vn 0.2939 -0.6585 0.6929
vn 0.0043 -0.3760 0.9266
vn 0.0058 -0.2810 0.9597
vn 0.0074 -0.1657 0.9861
vn 0.1395 0.1483 0.9790
vn -0.9912 -0.0966 0.0910
vn -0.9697 -0.1420 -0.1990
vn 0.2751 0.1584 0.9483
vn 0.6080 0.1682 0.7760
vn -0.9581 0.0443 -0.2829
vn -0.4935 0.6460 -0.5824
vn -0.9089 0.2664 -0.3209
vn 0.9224 0.3509 -0.1611
vn -0.7704 0.4446 -0.4570
vn -0.9511 -0.0628 0.3025
vn -0.9749 0.1083 -0.1944
vn -0.7059 0.0197 0.7081
vn -0.3698 0.0859 0.9251
vn 0.0323 0.1382 0.9899
vn 0.3921 0.1645 0.9051
vn 0.7552 0.1629 0.6349
vn 0.9589 0.1275 0.2537
vn 0.9152 0.1413 0.3774
vn 0.9803 0.1055 0.1668
vn 0.9953 0.0936 0.0251
vn 0.4745 0.7159 -0.5122
vn -0.6722 0.7273 0.1385
vn -0.5320 0.8386 0.1171
vn -0.7237 0.6687 0.1705
vn -0.7206 0.6761 0.1541
vn -0.5886 0.7991 0.1227
vn -0.7657 0.6166 0.1832
vn -0.7204 0.6669 0.1905
vn -0.6864 0.7046 0.1802
vn -0.7615 0.6149 0.2048
vn -0.7865 0.5859 0.1952
vn -0.7232 0.6529 0.2251
vn -0.5938 0.7705 0.2318
vn -0.7123 0.6606 0.2369
vn -0.7437 0.6151 0.2619
vn -0.6890 0.6837 0.2406
vn -0.7475 0.6194 0.2399
vn -0.7175 0.6244 0.3088
vn -0.6080 0.7215 0.3313
vn -0.7113 0.6214 0.3285
vn -0.7452 0.5766 0.3350
vn -0.7169 0.6195 0.3197
vn -0.7494 0.5812 0.3172
vn -0.6837 0.6206 0.3840
vn -0.5794 0.7007 0.4163
vn -0.6663 0.6271 0.4034
vn -0.7687 0.4885 0.4129
vn -0.7867 0.4743 0.3952
vn -0.7615 0.5206 0.3862
vn -0.7021 0.4648 0.5394
vn -0.7456 0.4462 0.4949
vn -0.7370 0.4582 0.4969
vn -0.5055 0.5381 0.6745
vn -0.4047 0.5577 0.7247
vn -0.4990 0.4847 0.7184
vn -0.3683 0.9259 0.0846
vn -0.3020 0.9499 0.0809
vn -0.2165 0.9726 0.0848
vn -0.2236 0.9692 0.1033
vn -0.2601 0.9591 0.1122
vn -0.2527 0.9587 0.1305
vn -0.2279 0.9653 0.1279
vn -0.4733 0.8569 0.2044
vn -0.6262 0.7480 0.2201
vn -0.4679 0.8498 0.2428
vn -0.4318 0.8756 0.2164
vn -0.3277 0.9078 0.2618
vn -0.3719 0.8797 0.2963
vn -0.3749 0.8701 0.3199
vn -0.4696 0.8132 0.3437
vn -0.4818 0.8129 0.3271
vn -0.3231 0.8735 0.3642
vn -0.3551 0.8427 0.4047
vn -0.3489 0.8419 0.4117
vn -0.4600 0.7681 0.4455
vn -0.4761 0.7725 0.4202
vn -0.3258 0.7969 0.5088
vn -0.3258 0.7697 0.5490
vn -0.2917 0.7873 0.5432
vn -0.3401 0.7448 0.5741
vn -0.4761 0.7005 0.5316
vn -0.3672 0.7648 0.5293
vn -0.2087 0.7335 0.6469
vn -0.2291 0.6894 0.6872
vn -0.2064 0.6825 0.7012
vn -0.1399 0.9890 0.0481
vn -0.1090 0.9917 0.0684
vn -0.1221 0.9899 0.0715
vn -0.1470 0.9840 0.1008
vn -0.1276 0.9877 0.0899
vn -0.1467 0.9854 0.0860
vn -0.0887 0.9933 0.0739
vn -0.1116 0.9909 0.0753
vn -0.1087 0.9910 0.0780
vn -0.0798 0.9947 0.0654
vn -0.0708 0.9957 0.0596
vn -0.0824 0.9947 0.0615
vn -0.0694 0.9960 0.0565
vn -0.1271 0.9896 0.0678
vn -0.1190 0.9903 0.0712
vn -0.1015 0.9919 0.0768
vn -0.1224 0.9891 0.0815
vn -0.1111 0.9895 0.0921
vn -0.1363 0.9882 0.0694
vn -0.1244 0.9868 0.1041
vn -0.1155 0.9892 0.0901
vn -0.1251 0.9872 0.0984
vn -0.1211 0.9836 0.1341
vn -0.0904 0.9852 0.1460
vn -0.1120 0.9849 0.1322
vn -0.0660 0.9930 0.0975
vn -0.0447 0.9948 0.0917
vn -0.0394 0.9941 0.1010
vn -0.1039 0.9852 0.1360
vn -0.1142 0.9793 0.1670
vn -0.1245 0.9829 0.1355
vn -0.0582 0.9969 0.0529
vn -0.0607 0.9954 0.0740
vn -0.0685 0.9952 0.0699
vn -0.0708 0.9951 0.0689
vn -0.0022 0.9978 0.0670
vn -0.0021 0.9977 0.0678
vn -0.0305 0.9969 0.0728
vn -0.0347 0.9961 0.0811
vn -0.0201 0.9966 0.0795
vn -0.0247 0.9947 0.0996
vn -0.0263 0.9951 0.0951
vn -0.0154 0.9923 0.1225
vn -0.0220 0.9895 0.1430
vn -0.0167 0.9889 0.1473
vn -0.1024 0.9751 0.1966
vn -0.0951 0.9815 0.1664
vn -0.0761 0.9687 0.2363
vn -0.0587 0.9646 0.2572
vn -0.0787 0.9627 0.2590
vn -0.0888 0.9802 0.1769
vn -0.1236 0.9790 0.1619
vn -0.1081 0.9673 0.2295
vn -0.1022 0.9624 0.2518
vn -0.0845 0.9671 0.2401
vn -0.0252 0.9833 0.1803
vn -0.0356 0.9861 0.1623
vn -0.0181 0.9887 0.1486
vn -0.0269 0.9753 0.2190
vn -0.0401 0.9687 0.2448
vn -0.0365 0.9660 0.2561
vn -0.1208 0.9771 0.1749
vn -0.1026 0.9815 0.1619
vn -0.0859 0.9855 0.1460
vn -0.0265 0.9952 0.0940
vn -0.0200 0.9954 0.0942
vn -0.0145 0.9965 0.0818
vn -0.0114 0.9956 0.0925
vn -0.0242 0.9931 0.1146
vn -0.2030 0.9377 0.2820
vn -0.1652 0.9518 0.2583
vn -0.1740 0.9529 0.2484
vn -0.0408 0.8868 0.4604
vn -0.0485 0.9165 0.3970
vn -0.0450 0.9140 0.4032
vn -0.0560 0.8227 0.5657
vn -0.0976 0.7740 0.6256
vn -0.0659 0.7650 0.6407
vn 0.0425 0.9783 0.2027
vn 0.0821 0.9819 0.1708
vn 0.0236 0.9812 0.1916
vn -0.0962 0.9571 0.2733
vn -0.1026 0.9609 0.2571
vn -0.0652 0.9410 0.3321
vn -0.0582 0.9294 0.3644
vn -0.0391 0.9280 0.3704
vn -0.0059 0.9493 0.3143
vn -0.0382 0.9428 0.3311
vn -0.0913 0.8365 0.5403
vn -0.0745 0.8551 0.5131
vn -0.0703 0.8710 0.4863
vn -0.0935 0.7959 0.5982
vn -0.0733 0.7575 0.6487
vn -0.1163 0.7364 0.6665
vn -0.1473 0.6674 0.7300
vn -0.1130 0.7172 0.6877
vn -0.1335 0.7216 0.6793
vn -0.1218 0.5984 0.7919
vn -0.0870 0.5403 0.8370
vn -0.1186 0.5484 0.8277
vn -0.0504 0.7100 0.7024
vn -0.0414 0.7705 0.6361
vn -0.0302 0.6131 0.7894
vn -0.0400 0.5641 0.8247
vn -0.0027 0.5607 0.8280
vn -0.1902 0.6909 0.6974
vn -0.0595 0.7552 0.6528
vn -0.1776 0.7593 0.6260
vn -0.2038 0.5684 0.7971
vn -0.0639 0.5561 0.8287
vn -0.1370 0.5632 0.8148
vn -0.2072 0.8609 0.4647
vn -0.0973 0.9021 0.4203
vn -0.1742 0.9002 0.3992
vn -0.3219 0.5657 0.7592
vn -0.3032 0.6256 0.7188
vn -0.2468 0.5523 0.7963
vn -0.2471 0.5021 0.8287
vn -0.2707 0.4874 0.8302
vn -0.6619 0.2825 0.6943
vn -0.6881 0.2880 0.6661
vn -0.6563 0.3361 0.6755
vn -0.5764 0.3007 0.7598
vn -0.5296 0.2960 0.7949
vn -0.6121 0.2158 0.7608
vn -0.0429 0.9584 0.2822
vn -0.0417 0.9658 0.2558
vn -0.0466 0.9363 0.3481
vn -0.0779 0.9133 0.3999
vn -0.0593 0.9081 0.4145
vn -0.0507 0.4931 0.8685
vn -0.0534 0.5568 0.8289
vn -0.0740 0.4667 0.8813
vn -0.0883 0.3709 0.9245
vn -0.0883 0.3651 0.9268
vn -0.0944 0.3604 0.9280
vn -0.0970 0.4850 0.8691
vn 0.0417 0.4822 0.8751
vn 0.1095 0.5311 0.8402
vn -0.0171 0.5400 0.8415
vn 0.0405 0.4165 0.9082
vn 0.0633 0.3781 0.9236
vn -0.2189 0.4601 0.8605
vn -0.1931 0.4604 0.8664
vn -0.2761 0.3597 0.8913
vn -0.3505 0.2551 0.9012
vn -0.4311 0.2601 0.8640
vn -0.5831 0.1930 0.7891
vn -0.4920 0.2823 0.8235
vn -0.6280 0.0317 0.7776
vn -0.6164 -0.0540 0.7856
vn -0.6415 0.0214 0.7669
vn 0.1118 0.3458 0.9316
vn 0.1879 0.3613 0.9133
vn 0.1309 0.3874 0.9126
vn -0.0707 0.1248 0.9897
vn -0.0813 0.1734 0.9815
vn -0.0401 0.1855 0.9818
vn -0.0444 0.0237 0.9987
vn -0.0432 -0.0789 0.9960
vn -0.1423 0.3225 0.9358
vn -0.1622 0.3575 0.9197
vn -0.1650 0.3205 0.9328
vn -0.1769 0.1588 0.9713
vn -0.2553 0.0266 0.9665
vn -0.2940 0.0731 0.9530
vn -0.2065 -0.0185 0.9783
vn -0.1423 0.1108 0.9836
vn -0.5756 -0.0934 0.8124
vn -0.5977 -0.0030 0.8017
vn -0.3856 -0.0478 0.9214
vn -0.3310 -0.0946 0.9389
vn -0.3781 -0.3654 0.8506
vn -0.4817 -0.4298 0.7637
vn -0.4459 -0.3072 0.8407
vn -0.2035 -0.2195 0.9541
vn -0.1293 -0.1569 0.9791
vn -0.1642 -0.2723 0.9481
vn -0.1051 -0.2425 0.9644
vn -0.0854 -0.1142 0.9898
vn -0.0388 -0.4084 0.9120
vn -0.0627 -0.4928 0.8679
vn -0.7438 0.6546 0.1353
vn -0.6257 0.7755 0.0848
vn -0.8039 0.5651 0.1854
vn -0.7967 0.5743 0.1885
vn -0.7944 0.5817 0.1750
vn -0.7718 0.6128 0.1697
vn -0.7930 0.5817 0.1812
vn -0.7961 0.5758 0.1863
vn -0.7494 0.6393 0.1724
vn -0.6155 0.7759 0.1383
vn -0.6274 0.7646 0.1475
vn -0.7401 0.6524 0.1632
vn -0.7885 0.5871 0.1834
vn -0.7330 0.6572 0.1755
vn -0.6483 0.7414 0.1735
vn -0.6413 0.7537 0.1438
vn -0.7495 0.6368 0.1809
vn -0.7842 0.5830 0.2124
vn -0.7397 0.6370 0.2169
vn -0.7475 0.6307 0.2085
vn -0.7884 0.5832 0.1955
vn -0.7426 0.6424 0.1894
vn -0.7915 0.5753 0.2061
vn -0.7506 0.6270 0.2085
vn -0.7475 0.6269 0.2197
vn -0.7746 0.5857 0.2389
vn -0.7760 0.5909 0.2208
vn -0.7745 0.5647 0.2851
vn -0.7209 0.6306 0.2875
vn -0.7174 0.6455 0.2619
vn -0.7760 0.5733 0.2631
vn -0.7371 0.6142 0.2819
vn -0.7472 0.5907 0.3045
vn -0.7629 0.5609 0.3215
vn -0.7701 0.5607 0.3042
vn -0.7476 0.5611 0.3552
vn -0.6959 0.6185 0.3649
vn -0.7033 0.6209 0.3463
vn -0.7554 0.5611 0.3384
vn -0.7397 0.5750 0.3496
vn -0.7493 0.5501 0.3687
vn -0.7229 0.5704 0.3900
vn -0.7364 0.5658 0.3709
vn -0.6089 0.6268 0.4861
vn -0.7078 0.5484 0.4454
vn -0.6262 0.6354 0.4517
vn -0.6459 0.6345 0.4245
vn -0.7121 0.5667 0.4145
vn -0.7711 0.4596 0.4407
vn -0.7569 0.4600 0.4643
vn -0.6826 0.5221 0.5114
vn -0.6222 0.4966 0.6052
vn -0.5282 0.5805 0.6197
vn -0.5603 0.6013 0.5697
vn -0.5880 0.6146 0.5258
vn -0.6548 0.5157 0.5525
vn -0.6651 0.4499 0.5961
vn -0.6512 0.3901 0.6509
vn -0.5848 0.4092 0.7004
vn -0.5962 0.4559 0.6608
vn -0.2620 0.9614 0.0841
vn -0.1813 0.9808 0.0724
vn -0.1602 0.9844 0.0735
vn -0.1999 0.9761 0.0849
vn -0.2267 0.9709 0.0773
vn -0.4160 0.9033 0.1046
vn -0.4435 0.8882 0.1199
vn -0.3468 0.9291 0.1286
vn -0.4811 0.8636 0.1509
vn -0.2982 0.9491 0.1010
vn -0.3397 0.9263 0.1631
vn -0.3355 0.9250 0.1782
vn -0.2314 0.9597 0.1592
vn -0.2209 0.9649 0.1422
vn -0.2121 0.9646 0.1565
vn -0.2538 0.9565 0.1439
vn -0.3316 0.9320 0.1461
vn -0.4648 0.8682 0.1738
vn -0.6319 0.7464 0.2088
vn -0.6310 0.7497 0.1996
vn -0.4724 0.8608 0.1894
vn -0.3615 0.8975 0.2525
vn -0.2600 0.9391 0.2247
vn -0.2230 0.9543 0.1991
vn -0.2889 0.9380 0.1915
vn -0.2186 0.9596 0.1770
vn -0.3335 0.9159 0.2235
vn -0.4780 0.8350 0.2726
vn -0.4855 0.8199 0.3035
vn -0.3915 0.8627 0.3200
vn -0.3875 0.8752 0.2896
vn -0.3653 0.8625 0.3502
vn -0.3266 0.8784 0.3489
vn -0.3431 0.8769 0.3366
vn -0.3779 0.8623 0.3372
vn -0.4623 0.8102 0.3603
vn -0.4698 0.7934 0.3872
vn -0.3822 0.8272 0.4119
vn -0.3662 0.8525 0.3729
vn -0.3676 0.8002 0.4738
vn -0.3583 0.7950 0.4895
vn -0.3486 0.8240 0.4467
vn -0.3883 0.8045 0.4496
vn -0.4286 0.7744 0.4654
vn -0.3981 0.7742 0.4921
vn -0.2985 0.7941 0.5295
vn -0.3334 0.8015 0.4964
vn -0.2422 0.7534 0.6113
vn -0.2231 0.7589 0.6119
vn -0.2489 0.7820 0.5714
vn -0.2659 0.7779 0.5693
vn -0.3172 0.7180 0.6196
vn -0.3027 0.6795 0.6683
vn -0.2222 0.6727 0.7058
vn -0.2272 0.7189 0.6570
vn -0.1450 0.9853 0.0900
vn -0.1220 0.9879 0.0957
vn -0.1102 0.9900 0.0880
vn -0.2227 0.9719 0.0761
vn -0.1757 0.9801 0.0927
vn -0.0828 0.9939 0.0734
vn -0.0834 0.9940 0.0704
vn -0.0767 0.9946 0.0697
vn -0.0718 0.9949 0.0703
vn -0.0773 0.9944 0.0714
vn -0.0938 0.9928 0.0747
vn -0.0869 0.9936 0.0727
vn -0.0941 0.9928 0.0740
vn -0.0973 0.9925 0.0747
vn -0.0942 0.9933 0.0672
vn -0.1051 0.9915 0.0770
vn -0.0873 0.9937 0.0696
vn -0.0995 0.9925 0.0712
vn -0.0831 0.9940 0.0718
vn -0.0677 0.9958 0.0625
vn -0.0597 0.9952 0.0777
vn -0.0856 0.9944 0.0617
vn -0.1274 0.9891 0.0738
vn -0.1144 0.9894 0.0890
vn -0.1090 0.9901 0.0886
vn -0.1018 0.9916 0.0793
vn -0.1061 0.9908 0.0843
vn -0.1106 0.9906 0.0801
vn -0.1448 0.9878 0.0574
vn -0.1648 0.9851 0.0499
vn -0.1545 0.9865 0.0548
vn -0.1664 0.9853 0.0389
vn -0.1449 0.9874 0.0633
vn -0.1274 0.9847 0.1188
vn -0.1354 0.9814 0.1360
vn -0.1364 0.9813 0.1355
vn -0.1285 0.9853 0.1126
vn -0.1341 0.9843 0.1151
vn -0.1172 0.9871 0.1091
vn -0.1106 0.9878 0.1101
vn -0.1045 0.9873 0.1195
vn -0.1077 0.9882 0.1091
vn -0.1127 0.9861 0.1222
vn -0.0876 0.9898 0.1128
vn -0.0821 0.9873 0.1356
vn -0.0600 0.9891 0.1342
vn -0.0369 0.9927 0.1147
vn -0.0357 0.9903 0.1344
vn -0.0618 0.9916 0.1133
vn -0.0940 0.9910 0.0957
vn -0.1149 0.9888 0.0957
vn -0.1117 0.9874 0.1122
vn -0.0482 0.9965 0.0676
vn -0.0400 0.9973 0.0616
vn -0.0465 0.9973 0.0564
vn -0.0389 0.9974 0.0609
vn -0.0554 0.9969 0.0560
vn -0.0509 0.9958 0.0757
vn -0.0494 0.9959 0.0757
vn -0.0345 0.9964 0.0776
vn -0.0206 0.9966 0.0797
vn -0.0223 0.9971 0.0726
vn -0.0352 0.9962 0.0796
vn -0.0095 0.9968 0.0789
vn -0.3312 0.9421 0.0514
vn -0.2132 0.9756 0.0519
vn -0.3217 0.9437 0.0770
vn -0.0099 0.9972 0.0745
vn -0.0070 0.9973 0.0737
vn -0.0099 0.9974 0.0715
vn -0.0090 0.9970 0.0769
vn -0.0103 0.9972 0.0739
vn -0.0083 0.9974 0.0710
vn -0.0379 0.9958 0.0837
vn -0.0324 0.9966 0.0752
vn -0.0241 0.9958 0.0880
vn -0.0167 0.9956 0.0918
vn -0.0179 0.9962 0.0856
vn -0.0140 0.9957 0.0913
vn -0.0215 0.9966 0.0798
vn -0.0152 0.9939 0.1090
vn -0.0161 0.9935 0.1123
vn -0.0153 0.9946 0.1025
vn -0.0183 0.9952 0.0966
vn -0.0154 0.9952 0.0966
vn -0.0176 0.9946 0.1023
vn -0.0210 0.9939 0.1081
vn -0.0188 0.9921 0.1238
vn -0.0122 0.9895 0.1442
vn -0.0131 0.9924 0.1223
vn -0.0904 0.9718 0.2180
vn -0.0723 0.9740 0.2148
vn -0.0678 0.9789 0.1926
vn -0.0772 0.9833 0.1650
vn -0.0581 0.9848 0.1636
vn -0.0857 0.9772 0.1944
vn -0.1055 0.9698 0.2201
vn -0.1054 0.9653 0.2391
vn -0.0938 0.9613 0.2590
vn -0.0935 0.9665 0.2389
vn -0.1135 0.9715 0.2081
vn -0.1228 0.9686 0.2161
vn -0.1295 0.9720 0.1961
vn -0.1362 0.9768 0.1651
vn -0.1307 0.9773 0.1666
vn -0.1293 0.9728 0.1924
vn -0.0725 0.9781 0.1948
vn -0.0403 0.9801 0.1942
vn -0.0433 0.9747 0.2193
vn -0.0866 0.9725 0.2161
vn -0.0218 0.9797 0.1991
vn -0.0210 0.9804 0.1958
vn -0.0156 0.9857 0.1677
vn -0.0151 0.9850 0.1718
vn -0.0337 0.9779 0.2063
vn -0.0387 0.9725 0.2297
vn -0.0329 0.9664 0.2549
vn -0.0286 0.9737 0.2262
vn -0.0836 0.9776 0.1930
vn -0.1198 0.9755 0.1846
vn -0.0869 0.9817 0.1692
vn -0.0586 0.9882 0.1417
vn -0.0623 0.9894 0.1312
vn -0.0893 0.9836 0.1568
vn -0.1478 0.9692 0.1972
vn -0.1747 0.9586 0.2250
vn -0.1637 0.9559 0.2440
vn -0.1458 0.9660 0.2135
vn -0.0239 0.9956 0.0903
vn -0.0056 0.9968 0.0793
vn -0.0033 0.9973 0.0732
vn -0.0146 0.9967 0.0796
vn -0.0445 0.9933 0.1069
vn -0.0670 0.9896 0.1269
vn -0.0404 0.9933 0.1079
vn -0.1957 0.9236 0.3296
vn -0.1994 0.9316 0.3038
vn -0.1730 0.9405 0.2925
vn -0.1574 0.9512 0.2656
vn -0.1407 0.9618 0.2347
vn -0.1801 0.9449 0.2734
vn -0.2094 0.9279 0.3084
vn -0.2284 0.9084 0.3503
vn -0.2220 0.8910 0.3960
vn -0.2176 0.9138 0.3430
vn -0.0372 0.8568 0.5144
vn -0.0593 0.8505 0.5226
vn -0.0519 0.8841 0.4645
vn -0.0393 0.9132 0.4057
vn -0.0405 0.8848 0.4642
vn -0.0349 0.8583 0.5120
vn -0.0355 0.8224 0.5678
vn -0.0329 0.7736 0.6329
vn -0.0328 0.8233 0.5667
vn 0.0229 0.9624 0.2706
vn 0.0559 0.9719 0.2285
vn 0.0135 0.9681 0.2501
vn -0.0435 0.9686 0.2447
vn 0.0142 0.9759 0.2176
vn -0.0845 0.9514 0.2962
vn -0.0759 0.9494 0.3047
vn -0.0787 0.9565 0.2810
vn -0.0915 0.9561 0.2783
vn -0.0832 0.9547 0.2856
vn -0.0617 0.9524 0.2986
vn -0.0620 0.9368 0.3444
vn -0.0722 0.9465 0.3147
vn -0.0646 0.8815 0.4677
vn -0.0520 0.9062 0.4196
vn -0.0621 0.8945 0.4426
vn -0.0627 0.9123 0.4047
vn -0.0546 0.9226 0.3818
vn -0.0998 0.8202 0.5632
vn -0.0751 0.8387 0.5394
vn -0.0627 0.8703 0.4885
vn -0.0680 0.8836 0.4633
vn -0.0543 0.9009 0.4306
vn -0.0798 0.8548 0.5128
vn -0.1122 0.8053 0.5821
vn -0.1369 0.7585 0.6371
vn -0.1444 0.7189 0.6799
vn -0.1251 0.7740 0.6207
vn -0.1505 0.6331 0.7593
vn -0.1349 0.6357 0.7600
vn -0.1313 0.6795 0.7218
vn -0.1535 0.6690 0.7272
vn -0.1389 0.6419 0.7541
vn -0.1408 0.5988 0.7884
vn -0.1517 0.5409 0.8273
vn -0.0875 0.5646 0.8207
vn -0.1440 0.5976 0.7887
vn -0.0329 0.6622 0.7486
vn -0.0570 0.6530 0.7552
vn -0.0518 0.7159 0.6963
vn -0.0354 0.7146 0.6987
vn -0.0550 0.6594 0.7498
vn -0.0559 0.6129 0.7882
vn -0.0030 0.5668 0.8239
vn -0.0193 0.6178 0.7861
vn -0.2347 0.6327 0.7379
vn -0.2844 0.6249 0.7271
vn -0.2974 0.6947 0.6549
vn -0.2764 0.7415 0.6114
vn -0.2722 0.7638 0.5853
vn -0.2752 0.6830 0.6766
vn -0.1549 0.6484 0.7454
vn -0.1154 0.5906 0.7987
vn -0.1087 0.5228 0.8455
vn -0.1748 0.5817 0.7944
vn -0.2432 0.8054 0.5406
vn -0.2394 0.8315 0.5012
vn -0.2180 0.8439 0.4902
vn -0.2096 0.8752 0.4359
vn -0.2038 0.9041 0.3756
vn -0.2259 0.8629 0.4521
vn -0.2105 0.8355 0.5076
vn -0.2366 0.7916 0.5634
vn -0.2603 0.7926 0.5514
vn -0.2651 0.5648 0.7815
vn -0.2216 0.5957 0.7721
vn -0.1939 0.6494 0.7353
vn -0.2360 0.6188 0.7493
vn -0.3467 0.5132 0.7851
vn -0.3754 0.4597 0.8048
vn -0.3218 0.4544 0.8306
vn -0.4193 0.3868 0.8213
vn -0.2928 0.5128 0.8071
vn -0.6186 0.2948 0.7283
vn -0.5374 0.3733 0.7562
vn -0.5099 0.4317 0.7441
vn -0.5930 0.3563 0.7221
vn -0.6779 0.2278 0.6990
vn -0.6922 0.1766 0.6998
vn -0.6615 0.1632 0.7320
vn -0.7016 0.1204 0.7023
vn -0.6459 0.2288 0.7284
vn -0.0356 0.9493 0.3125
vn -0.0438 0.9475 0.3168
vn -0.0375 0.9588 0.2815
vn -0.0352 0.9583 0.2835
vn -0.0428 0.9496 0.3104
vn -0.0441 0.9362 0.3487
vn -0.0367 0.9357 0.3508
vn 0.0067 0.4338 0.9010
vn -0.0017 0.4577 0.8891
vn 0.0406 0.4716 0.8809
vn 0.0358 0.5167 0.8554
vn 0.0074 0.5111 0.8595
vn -0.0806 0.4094 0.9088
vn -0.0777 0.3864 0.9191
vn -0.0221 0.4133 0.9103
vn -0.0508 0.4354 0.8988
vn -0.0977 0.4245 0.9001
vn -0.1240 0.3897 0.9126
vn -0.0932 0.3746 0.9225
vn -0.1132 0.3844 0.9162
vn -0.0937 0.3810 0.9198
vn -0.1602 0.4783 0.8635
vn -0.1644 0.4282 0.8886
vn -0.1324 0.4294 0.8934
vn -0.1404 0.3990 0.9061
vn -0.1464 0.4806 0.8646
vn 0.0245 0.4461 0.8946
vn -0.0017 0.4319 0.9019
vn -0.0624 0.4855 0.8720
vn -0.0446 0.4717 0.8806
vn 0.1013 0.4570 0.8837
vn 0.1157 0.4286 0.8960
vn 0.0855 0.3930 0.9156
vn 0.0724 0.4257 0.9019
vn -0.2273 0.4246 0.8764
vn -0.1771 0.4005 0.8990
vn -0.1498 0.4082 0.9005
vn -0.1780 0.4287 0.8857
vn -0.1500 0.4047 0.9021
vn -0.1837 0.4402 0.8789
vn -0.2765 0.4399 0.8544
vn -0.3758 0.3764 0.8468
vn -0.4651 0.2688 0.8435
vn -0.3364 0.3671 0.8672
vn -0.6158 0.1078 0.7805
vn -0.5982 0.0795 0.7974
vn -0.5397 0.1526 0.8279
vn -0.5635 0.1711 0.8082
vn -0.6343 0.1372 0.7609
vn -0.6722 0.0971 0.7340
vn -0.6690 0.0557 0.7411
vn -0.6980 0.0809 0.7115
vn -0.6476 0.0677 0.7590
vn -0.0249 0.2116 0.9770
vn 0.0345 0.2814 0.9590
vn 0.0102 0.2514 0.9678
vn 0.0556 0.3222 0.9450
vn 0.0753 0.3497 0.9338
vn -0.0684 0.0797 0.9945
vn -0.0354 0.0937 0.9950
vn -0.0020 0.1817 0.9834
vn 0.0014 0.2217 0.9751
vn 0.0432 0.2900 0.9561
vn -0.0532 0.1336 0.9896
vn -0.0646 0.0848 0.9943
vn -0.0685 0.0090 0.9976
vn -0.0681 -0.0965 0.9930
vn -0.0662 0.0161 0.9977
vn -0.1395 0.2583 0.9559
vn -0.1227 0.2106 0.9698
vn -0.1190 0.2262 0.9668
vn -0.1661 0.2658 0.9496
vn -0.1457 0.2181 0.9650
vn -0.1480 0.2789 0.9489
vn -0.1430 0.3062 0.9412
vn -0.2024 0.2578 0.9448
vn -0.3174 0.1216 0.9404
vn -0.3324 0.1811 0.9256
vn -0.1949 0.2053 0.9591
vn -0.1478 -0.0931 0.9846
vn -0.1701 -0.0544 0.9839
vn -0.0875 0.0308 0.9957
vn -0.0578 0.1185 0.9913
vn -0.0880 0.1613 0.9830
vn -0.0949 0.1775 0.9795
vn -0.1057 0.0681 0.9921
vn -0.4868 -0.0770 0.8701
vn -0.4258 0.0006 0.9048
vn -0.4580 0.0579 0.8871
vn -0.5542 0.0548 0.8306
vn -0.4792 0.1386 0.8667
vn -0.5278 -0.0201 0.8491
vn -0.5477 -0.1703 0.8192
vn -0.5053 -0.2386 0.8293
vn -0.3743 -0.1703 0.9115
vn -0.4364 -0.1255 0.8910
vn -0.2682 -0.2664 0.9258
vn -0.2342 -0.1746 0.9564
vn -0.2750 -0.1362 0.9518
vn -0.3123 -0.2184 0.9245
vn -0.3256 -0.4166 0.8488
vn -0.2946 -0.4548 0.8405
vn -0.1836 -0.3419 0.9216
vn -0.2512 -0.5330 0.8079
vn -0.2318 -0.3080 0.9227
vn -0.0760 -0.3151 0.9460
vn -0.0428 -0.3095 0.9499
vn -0.0432 -0.2085 0.9771
vn -0.0736 -0.2265 0.9712
vn -0.1188 -0.3227 0.9390
vn -0.1430 -0.4513 0.8808
vn -0.1205 -0.5292 0.8399
vn -0.2019 -0.5894 0.7822
vn -0.0862 -0.4273 0.9000
vn 0.9908 -0.1336 -0.0222
vn 0.9856 -0.1427 -0.0908
vn 0.9757 -0.1512 -0.1588
vn -0.2084 0.1606 0.9648
vn -0.1631 0.1561 0.9742
vn -0.1174 0.1514 0.9815
vn 0.9749 -0.1000 0.1987
vn 0.9812 -0.1061 0.1614
vn 0.9884 -0.1160 0.0982
vn 0.9720 -0.1536 -0.1778
vn 0.9680 -0.1559 -0.1967
vn 0.9713 -0.1074 -0.2123
vn 0.9720 -0.0566 -0.2280
vn 0.9772 0.0187 -0.2113
vn -0.3145 0.1697 0.9340
vn -0.2840 0.1672 0.9441
vn -0.2533 0.1647 0.9533
vn -0.6916 0.1821 0.6990
vn -0.6802 0.1822 0.7101
vn -0.6296 0.1826 0.7551
vn 0.9522 -0.1309 -0.2761
vn 0.9483 -0.1056 -0.2992
vn 0.9446 -0.0813 -0.3181
vn 0.9484 0.1703 -0.2676
vn 0.9439 0.1831 -0.2749
vn 0.9392 0.1959 -0.2821
vn 0.7184 0.4789 -0.5046
vn 0.6799 0.5122 -0.5248
vn 0.5709 0.5912 -0.5697
vn 0.9279 0.2241 -0.2979
vn 0.9193 0.2379 -0.3135
vn 0.9100 0.2521 -0.3292
vn -0.6814 0.6231 -0.3839
vn -0.7905 0.5362 -0.2960
vn -0.8975 0.4056 -0.1733
vn 0.8555 0.3241 -0.4038
vn 0.8310 0.3574 -0.4263
vn 0.7886 0.4082 -0.4599
vn 0.8316 -0.0314 0.5545
vn 0.8818 -0.0499 0.4690
vn 0.9400 -0.0766 0.3326
vn 0.9745 -0.0407 -0.2207
vn 0.9637 -0.1274 -0.2348
vn 0.9594 -0.1288 -0.2510
vn 0.9511 -0.1742 -0.2550
vn 0.9735 -0.0076 -0.2287
vn 0.9553 0.0922 -0.2809
vn 0.9509 0.1628 -0.2634
vn 0.9526 0.1574 -0.2603
vn 0.9386 0.1973 -0.2830
vn 0.9380 0.1988 -0.2838
vn 0.9375 0.2004 -0.2846
vn 0.9491 0.1681 -0.2664
vn 0.9493 0.1676 -0.2661
vn 0.9495 0.1670 -0.2657
vn 0.9414 0.1898 -0.2787
vn 0.9453 0.1792 -0.2727
vn 0.9490 0.1685 -0.2666
vn 0.5148 0.0520 0.8557
vn 0.5560 0.0430 0.8300
vn 0.6597 0.0185 0.7513
vn 0.0643 0.1289 0.9896
vn 0.1390 0.1184 0.9832
vn 0.3017 0.0926 0.9489
vn -0.0818 0.1473 0.9857
vn -0.0461 0.1431 0.9886
vn -0.0104 0.1387 0.9903
vn -0.5066 0.1803 0.8431
vn -0.4651 0.1786 0.8670
vn -0.3969 0.1752 0.9010
vn -0.8644 0.1697 0.4734
vn -0.8359 0.1733 0.5208
vn -0.7731 0.1787 0.6085
vn -0.9669 0.1378 0.2149
vn -0.9585 0.1469 0.2443
vn -0.9506 0.1501 0.2717
vn -0.9441 0.1524 0.2924
vn -0.9371 0.1545 0.3129
vn -0.9175 0.1599 0.3642
vn -0.9879 0.1154 0.1041
vn -0.9858 0.1170 0.1205
vn -0.9835 0.1186 0.1369
vn -0.9810 0.1200 0.1524
vn -0.9783 0.1215 0.1679
vn -0.9753 0.1229 0.1834
vn -0.9904 0.1129 0.0794
vn -0.9900 0.1133 0.0835
vn -0.9896 0.1137 0.0876
vn -0.9905 0.1129 0.0791
vn -0.9906 0.1127 0.0773
vn -0.9908 0.1125 0.0754
vn -0.9916 0.1115 0.0661
vn -0.9910 0.1122 0.0729
vn -0.9904 0.1129 0.0798
vn -0.9903 0.1130 0.0804
vn -0.9903 0.1130 0.0806
vn -0.9903 0.1131 0.0811
vn 0.9474 0.1730 -0.2691
vn 0.9454 0.1789 -0.2725
vn 0.9433 0.1848 -0.2759
vn 0.9407 0.1917 -0.2798
vn 0.9382 0.1985 -0.2836
vn 0.9355 0.2054 -0.2875
vn -0.9886 0.1400 0.0547
vn -0.9897 0.1323 0.0545
vn -0.9907 0.1243 0.0550
vn -0.9924 0.1132 0.0471
vn -0.9927 0.1098 0.0495
vn -0.9921 0.1108 0.0593
vn -0.9555 0.2868 -0.0685
vn -0.9722 0.2330 -0.0225
vn -0.9837 0.1782 0.0233
vn -0.9854 0.1672 0.0324
vn -0.9869 0.1562 0.0414
vn -0.9881 0.1451 0.0505
vn 0.2015 0.7478 -0.6326
vn -0.0426 0.7834 -0.6200
vn -0.3705 0.7546 -0.5416
vn 0.8987 0.2595 -0.3537
vn 0.8884 0.2734 -0.3687
vn 0.8781 0.2901 -0.3804
vn -0.7001 0.5316 0.4767
vn -0.1652 0.9841 0.0659
vn -0.0928 0.9930 0.0733
vn -0.0634 0.9954 0.0717
vn -0.4868 0.8697 0.0819
vn -0.4731 0.8800 0.0432
vn -0.8011 0.5743 0.1689
vn -0.6299 0.7571 0.1734
vn -0.7011 0.6847 0.1992
vn -0.6940 0.6896 0.2069
vn -0.6931 0.6863 0.2206
vn -0.6152 0.7246 0.3107
vn -0.6137 0.7364 0.2847
vn -0.6058 0.7538 0.2547
vn -0.6785 0.6871 0.2599
vn -0.6895 0.6636 0.2903
vn -0.7198 0.6213 0.3096
vn -0.5927 0.7029 0.3933
vn -0.5949 0.7140 0.3692
vn -0.5987 0.7208 0.3492
vn -0.7137 0.6141 0.3370
vn -0.7263 0.5845 0.3618
vn -0.7668 0.5172 0.3801
vn -0.5014 0.7123 0.4911
vn -0.5277 0.7141 0.4599
vn -0.5551 0.7080 0.4366
vn -0.7937 0.4406 0.4194
vn -0.7857 0.4362 0.4386
vn -0.7604 0.4537 0.4647
vn -0.4054 0.6150 0.6763
vn -0.4240 0.6559 0.6245
vn -0.4504 0.6812 0.5772
vn -0.6869 0.3245 0.6502
vn -0.1747 0.9822 0.0693
vn -0.1455 0.9873 0.0639
vn -0.1217 0.9903 0.0671
vn -0.2437 0.9528 0.1809
vn -0.2536 0.9407 0.2251
vn -0.2071 0.9567 0.2047
vn -0.1981 0.9613 0.1917
vn -0.3115 0.8799 0.3587
vn -0.3328 0.8753 0.3510
vn -0.3611 0.8666 0.3444
vn -0.3526 0.7769 0.5216
vn -0.3697 0.7905 0.4883
vn -0.3556 0.8198 0.4489
vn -0.2056 0.7421 0.6380
vn -0.2447 0.7548 0.6086
vn -0.2702 0.7697 0.5784
vn -0.1321 0.9861 0.1005
vn -0.1137 0.9887 0.0981
vn -0.1238 0.9882 0.0901
vn -0.0899 0.9934 0.0709
vn -0.0831 0.9943 0.0672
vn -0.0765 0.9947 0.0689
vn -0.1128 0.9901 0.0840
vn -0.0987 0.9917 0.0824
vn -0.0739 0.9936 0.0856
vn -0.1096 0.9889 0.1004
vn -0.1125 0.9886 0.0999
vn -0.1136 0.9888 0.0967
vn -0.1441 0.9881 0.0548
vn -0.1475 0.9875 0.0557
vn -0.1751 0.9830 0.0556
vn -0.1892 0.9811 0.0395
vn -0.0598 0.9954 0.0746
vn -0.0480 0.9961 0.0736
vn -0.0380 0.9968 0.0700
vn -0.0205 0.9976 0.0667
vn -0.0114 0.9973 0.0720
vn -0.0079 0.9972 0.0746
vn -0.0103 0.9964 0.0846
vn -0.0182 0.9951 0.0975
vn -0.0164 0.9926 0.1205
vn -0.0171 0.9938 0.1101
vn -0.0147 0.9947 0.1022
vn -0.0558 0.9709 0.2329
vn -0.0524 0.9760 0.2115
vn -0.0471 0.9806 0.1901
vn -0.1185 0.9731 0.1975
vn -0.1173 0.9685 0.2195
vn -0.1124 0.9651 0.2366
vn -0.0431 0.9849 0.1679
vn -0.0424 0.9818 0.1853
vn 0.0224 0.9853 0.1695
vn -0.0240 0.9772 0.2108
vn -0.0231 0.9818 0.1884
vn -0.0185 0.9859 0.1664
vn -0.0140 0.9840 0.1774
vn -0.1432 0.9717 0.1877
vn -0.1586 0.9651 0.2084
vn -0.1725 0.9580 0.2290
vn -0.0410 0.9932 0.1088
vn -0.0606 0.9907 0.1221
vn -0.0821 0.9870 0.1384
vn -0.2041 0.9356 0.2879
vn -0.1863 0.9292 0.3192
vn -0.1708 0.9196 0.3537
vn -0.0682 0.8252 0.5607
vn -0.0773 0.8547 0.5133
vn -0.0691 0.8828 0.4647
vn -0.0431 0.8842 0.4651
vn -0.0492 0.8524 0.5206
vn -0.0576 0.8141 0.5779
vn -0.0203 0.9595 0.2809
vn -0.0533 0.9614 0.2699
vn -0.0845 0.9609 0.2635
vn -0.0585 0.9365 0.3457
vn -0.0597 0.9492 0.3089
vn -0.0598 0.9577 0.2816
vn -0.1027 0.8218 0.5604
vn -0.1162 0.7910 0.6007
vn -0.1241 0.7590 0.6392
vn -0.1020 0.5993 0.7940
vn -0.0989 0.6470 0.7560
vn -0.0895 0.6966 0.7118
vn -0.1366 0.6676 0.7319
vn -0.1164 0.6434 0.7566
vn -0.0820 0.6223 0.7784
vn 0.0410 0.6034 0.7964
vn -0.0617 0.6067 0.7926
vn -0.0856 0.6609 0.7456
vn -0.0786 0.7141 0.6956
vn -0.1423 0.6897 0.7099
vn -0.0562 0.6473 0.7602
vn -0.0096 0.5978 0.8016
vn -0.1914 0.8584 0.4760
vn -0.1493 0.8369 0.5266
vn -0.1573 0.8031 0.5747
vn -0.2225 0.5783 0.7849
vn -0.2126 0.6158 0.7587
vn -0.1914 0.6570 0.7292
vn -0.4178 0.5018 0.7574
vn -0.4415 0.4495 0.7766
vn -0.4775 0.3861 0.7893
vn -0.6943 0.2351 0.6802
vn -0.7053 0.1880 0.6836
vn -0.7169 0.1408 0.6828
vn -0.7197 0.1010 0.6869
vn -0.0483 0.9390 0.3405
vn -0.0513 0.9497 0.3090
vn -0.0399 0.9597 0.2782
vn -0.0278 0.4276 0.9035
vn 0.0474 0.4507 0.8914
vn 0.0399 0.4818 0.8754
vn 0.0164 0.5149 0.8571
vn -0.0913 0.3617 0.9278
vn -0.0773 0.3821 0.9209
vn -0.0374 0.4056 0.9133
vn -0.1163 0.4005 0.9089
vn -0.0843 0.5025 0.8604
vn -0.1573 0.4391 0.8846
vn -0.1674 0.4038 0.8994
vn 0.1126 0.4823 0.8687
vn 0.1535 0.4503 0.8796
vn 0.1529 0.4246 0.8924
vn -0.2150 0.3188 0.9231
vn -0.1494 0.3572 0.9220
vn -0.1448 0.3708 0.9174
vn -0.0579 0.1312 0.9897
vn -0.0579 0.0755 0.9955
vn -0.0849 -0.0207 0.9962
vn -0.6034 -0.1861 0.7754
vn -0.5811 -0.2759 0.7657
vn -0.5431 -0.3587 0.7592
vn -0.4063 -0.4836 0.7753
vn -0.3622 -0.5371 0.7618
vn -0.3359 -0.5918 0.7328
vn -0.2961 -0.6515 0.6985
vn 0.9901 -0.1199 0.0723
vn 0.9621 -0.1648 -0.2172
vn -0.5891 0.1823 0.7873
vn 0.9534 0.0217 -0.3010
vn 0.4975 0.6343 -0.5918
vn 0.9087 0.2450 -0.3380
vn -0.9168 0.3727 -0.1437
vn 0.7720 0.4263 -0.4715
vn 0.9549 -0.0854 0.2844
vn 0.9734 0.0853 -0.2128
vn 0.7194 0.0028 0.6946
vn 0.3892 0.0769 0.9180
vn -0.3709 0.1735 0.9123
vn -0.7391 0.1805 0.6490
vn -0.9043 0.1628 0.3946
vn -0.9742 0.1286 0.1852
vn -0.9922 0.1170 0.0439
vn -0.4671 0.7270 -0.5033
vn -0.1283 0.6605 -0.7398
vn -0.1320 0.6603 -0.7394
vn -0.2168 0.3505 -0.9111
vn -0.2233 0.3515 -0.9092
vn -0.0202 0.6647 -0.7469
vn 0.0051 0.6645 -0.7473
vn -0.0030 0.3513 -0.9363
vn -0.0391 0.3516 -0.9354
vn 0.7543 0.4278 -0.4981
vn 0.5139 0.5643 -0.6461
vn 0.5903 0.5348 -0.6046
vn 0.7875 0.4200 -0.4510
vn -0.1055 0.6620 -0.7420
vn -0.0991 0.6624 -0.7425
vn -0.1620 0.3511 -0.9222
vn -0.1724 0.3511 -0.9203
vn -0.0802 0.6633 -0.7440
vn -0.0777 0.6634 -0.7442
vn -0.1110 0.3513 -0.9296
vn -0.1206 0.3514 -0.9284
vn -0.0666 0.6638 -0.7449
vn -0.0971 0.3513 -0.9312
vn 0.0030 0.6646 -0.7472
vn -0.0950 0.6626 -0.7429
vn -0.1166 0.5964 -0.7942
vn 0.0565 0.6701 -0.7401
vn -0.1245 0.6608 -0.7402
vn -0.1140 0.6615 -0.7412
vn -0.1849 0.3508 -0.9180
vn -0.2009 0.3505 -0.9148
vn -0.0922 0.6628 -0.7431
vn -0.0843 0.6632 -0.7437
vn -0.1342 0.3514 -0.9266
vn -0.1498 0.3512 -0.9242
vn -0.0449 0.6644 -0.7460
vn -0.0718 0.3515 -0.9334
vn 0.2154 0.6465 -0.7318
vn 0.3040 0.6409 -0.7048
vn 0.8496 0.3469 -0.3974
vn 0.1341 0.6571 -0.7418
vn 0.1242 0.6580 -0.7427
vn 0.2198 0.3459 -0.9122
vn 0.2119 0.3456 -0.9141
vn 0.0298 0.6639 -0.7472
vn 0.0321 0.3508 -0.9359
vn -0.6041 0.5364 -0.5894
vn -0.8128 0.3962 -0.4270
vn -0.6906 0.2343 -0.6843
vn -0.3825 0.3069 -0.8715
vn 0.1024 0.6599 -0.7443
vn 0.1094 0.6593 -0.7438
vn 0.1640 0.3472 -0.9233
vn 0.1540 0.3476 -0.9249
vn 0.0797 0.6616 -0.7456
vn 0.0823 0.6614 -0.7455
vn 0.1139 0.3486 -0.9303
vn 0.1038 0.3488 -0.9315
vn 0.0730 0.6620 -0.7460
vn 0.0889 0.3493 -0.9328
vn 0.0746 0.6619 -0.7459
vn -0.0554 0.6642 -0.7455
vn 0.1232 0.3517 -0.9280
vn 0.2015 0.3480 -0.9156
vn 0.1190 0.6585 -0.7431
vn 0.1290 0.6576 -0.7423
vn 0.1943 0.3461 -0.9178
vn 0.1771 0.3467 -0.9211
vn 0.0884 0.6610 -0.7452
vn 0.0959 0.6604 -0.7447
vn 0.1425 0.3480 -0.9266
vn 0.1277 0.3484 -0.9286
vn 0.0548 0.6630 -0.7466
vn 0.0637 0.3501 -0.9345
vn -0.3173 0.6338 -0.7054
vn -0.0746 0.3464 -0.9351
vn -0.8645 0.3437 -0.3668
vn -0.8297 0.2372 -0.5054
vn -0.2808 -0.0055 -0.9598
vn -0.2974 -0.0053 -0.9547
vn -0.0171 -0.0090 -0.9998
vn -0.0573 -0.0085 -0.9983
vn -0.2057 -0.0066 -0.9786
vn -0.2179 -0.0064 -0.9759
vn -0.1338 -0.0075 -0.9910
vn -0.1500 -0.0073 -0.9887
vn -0.1169 -0.0078 -0.9931
vn -0.2339 -0.0062 -0.9722
vn -0.2557 -0.0059 -0.9667
vn -0.1715 -0.0070 -0.9852
vn -0.1912 -0.0068 -0.9815
vn -0.0917 -0.0081 -0.9958
vn 0.2756 -0.0121 -0.9612
vn 0.2537 -0.0119 -0.9672
vn 0.0255 -0.0095 -0.9996
vn -0.4343 -0.0032 -0.9008
vn -0.0941 -0.0080 -0.9955
vn 0.1952 -0.0113 -0.9807
vn 0.1827 -0.0112 -0.9831
vn 0.1255 -0.0106 -0.9920
vn 0.1100 -0.0104 -0.9939
vn 0.0907 -0.0102 -0.9958
vn 0.2525 -0.0118 -0.9675
vn 0.2818 -0.0121 -0.9594
vn 0.2293 -0.0116 -0.9733
vn 0.2092 -0.0114 -0.9778
vn 0.1665 -0.0110 -0.9860
vn 0.1447 -0.0108 -0.9894
vn 0.0617 -0.0099 -0.9980
vn 0.1413 -0.0107 -0.9899
vn -0.6797 0.0012 -0.7335
vn -0.3518 0.3748 0.8578
vn -0.3210 0.3462 0.8815
vn -0.5801 0.1919 0.7916
vn -0.0662 0.2364 0.9694
vn -0.3368 0.5343 0.7753
vn -0.2655 0.5372 0.8006
vn -0.5019 0.5998 0.6232
vn -0.2872 0.6623 0.6921
vn -0.5892 0.6274 0.5092
vn -0.2598 0.7544 0.6029
vn -0.6441 0.6149 0.4550
vn -0.4059 0.7375 0.5397
vn -0.9950 -0.0252 -0.0964
vn -0.9037 -0.1344 -0.4065
vn -0.9577 -0.0877 -0.2742
vn 0.0223 -0.7181 -0.6956
vn -0.0833 -0.7414 -0.6659
vn -0.1015 -0.7541 -0.6489
vn -0.2182 -0.7742 -0.5941
vn -0.3142 -0.5788 -0.7525
vn -0.0826 -0.6358 -0.7674
vn -0.5682 -0.3650 -0.7375
vn -0.2428 -0.4527 -0.8580
vn -0.4058 -0.1201 -0.9060
vn -0.2908 -0.1919 -0.9374
vn -0.1148 -0.0184 -0.9932
vn -0.1658 0.0495 -0.9849
vn 0.0408 0.3563 0.9335
vn -0.0166 0.1340 0.9908
vn 0.0174 0.5564 0.8307
vn -0.0310 0.7037 0.7098
vn -0.0375 0.7952 0.6052
vn 0.0345 0.8236 0.5661
vn -0.2837 -0.3142 -0.9060
vn -0.2786 -0.3138 -0.9077
vn -0.2734 -0.3134 -0.9094
vn -0.0518 -0.7645 -0.6425
vn 0.0245 -0.8010 -0.5982
vn -0.0434 -0.6470 -0.7613
vn -0.0241 -0.4736 -0.8804
vn 0.0057 -0.2101 -0.9777
vn -0.0512 0.0306 -0.9982
vn 0.2477 0.3482 0.9041
vn 0.4080 0.1281 0.9040
vn 0.2911 0.5233 0.8009
vn 0.3623 0.6378 0.6797
vn 0.3482 0.7328 0.5846
vn 0.1616 0.8063 0.5690
vn 0.2591 -0.3187 -0.9117
vn 0.2539 -0.3201 -0.9127
vn 0.2487 -0.3214 -0.9137
vn 0.0006 -0.7537 -0.6572
vn -0.0797 -0.7829 -0.6171
vn 0.1600 -0.6336 -0.7569
vn 0.2609 -0.4620 -0.8476
vn 0.1704 -0.2064 -0.9635
vn -0.0268 -0.0045 -0.9996
vn 0.5142 0.2670 0.8151
vn 0.7123 0.0932 0.6957
vn 0.3830 0.4795 0.7896
vn 0.5320 0.5493 0.6444
vn 0.6404 0.5831 0.4999
vn 0.6896 0.5842 0.4279
vn 0.8924 -0.1556 -0.4236
vn 0.9812 -0.0711 -0.1795
vn 0.8924 -0.1556 -0.4235
vn 0.9712 -0.0859 -0.2223
vn -0.2009 -0.7333 -0.6495
vn 0.4750 -0.6430 -0.6008
vn 0.1313 -0.6594 -0.7403
vn 0.4775 -0.4428 -0.7589
vn 0.5306 -0.2223 -0.8179
vn 0.1251 0.0006 -0.9921
vn -0.9999 0.0118 0.0095
vn -0.9998 0.0184 0.0104
vn 0.9999 -0.0118 -0.0095
vn -0.0288 0.0464 0.9985
vn 0.0828 0.0407 0.9957
vn 0.4041 0.1397 -0.9040
vn -0.8371 0.0461 -0.5451
vn -0.1494 0.0570 0.9871
vn 0.0430 0.0578 0.9974
vn -0.1793 0.1584 -0.9710
vn -0.1870 0.1618 -0.9689
vn 0.5376 0.0332 0.8425
vn -0.0455 0.1054 0.9934
vn 0.8152 0.0813 -0.5734
vn -0.1670 0.0667 -0.9837
vn -0.9995 0.0081 -0.0317
vn -0.9993 0.0176 -0.0334
vn -0.9993 0.0146 -0.0330
vn 0.9999 -0.0119 -0.0098
vn 0.9999 -0.0119 -0.0097
vn 0.0130 0.3507 0.9364
vn 0.0130 0.3506 0.9364
vn -0.9992 -0.0065 -0.0395
vn -0.9998 0.0111 -0.0182
vn -0.9996 0.0288 0.0031
vn -0.0077 -0.9364 0.3507
vn -0.0122 -0.2598 -0.9656
vn 0.5058 0.2198 0.8342
vn 0.0111 0.1530 0.9882
vn 0.0104 0.9364 -0.3508
vn 0.0106 0.9359 -0.3520
vn 0.0081 0.9364 -0.3508
vn -0.0838 0.3652 0.9271
vn 0.1208 0.2569 0.9588
vn -0.7812 0.2495 0.5723
vn 0.0035 0.9355 -0.3534
vn 0.0077 0.9358 -0.3524
vn 0.0077 0.9365 -0.3506
vn 0.0077 0.9364 -0.3507
vn 0.0076 0.9364 -0.3508
vn 0.0068 0.9363 -0.3511
vn 0.0077 0.9364 -0.3508
vn 0.0079 0.9361 -0.3516
vn 0.0082 0.9362 -0.3514
vn 0.0021 0.9309 -0.3653
vn 0.0075 0.9365 -0.3505
vn 0.0078 0.9366 -0.3502
vn 0.0078 0.9363 -0.3511
vn 0.0100 0.9359 -0.3521
vn 0.0092 0.9361 -0.3516
vn 0.0066 0.9369 -0.3494
vn 0.0047 0.9358 -0.3525
vn 0.0127 0.9358 -0.3524
vn 0.0135 0.6138 0.7893
vn -0.6932 0.4480 0.5646
vn 0.0149 0.6598 0.7513
vn 0.0150 0.6932 0.7206
vn 0.0151 0.7440 0.6680
vn 0.0151 0.7623 0.6470
vn 0.0151 0.7938 0.6079
vn 0.0151 0.8072 0.5901
vn 0.0150 0.8318 0.5548
vn 0.0150 0.8431 0.5376
vn 0.0149 0.8645 0.5025
vn 0.0149 0.8746 0.4847
vn 0.0147 0.8934 0.4491
vn 0.0147 0.9021 0.4314
vn 0.0145 0.9230 0.3845
vn 0.0143 0.9402 0.3403
vn 0.0142 0.9455 0.3254
vn 0.0141 0.9543 0.2984
vn 0.0140 0.9580 0.2864
vn 0.0138 0.9643 0.2645
vn 0.0138 0.9669 0.2547
vn 0.0137 0.9719 0.2351
vn 0.0136 0.9742 0.2254
vn 0.0135 0.9778 0.2091
vn 0.0134 0.9791 0.2028
vn 0.0134 0.9804 0.1963
vn 0.0042 0.5578 0.8300
vn -0.4297 0.4960 0.7546
vn 0.0156 0.4809 0.8767
vn 0.0140 0.4807 0.8768
vn 0.0138 0.4532 0.8913
vn 0.9999 -0.0120 -0.0074
vn 0.9999 -0.0111 -0.0118
vn 0.9999 -0.0112 -0.0119
vn 0.9999 -0.0124 -0.0030
vn 0.9999 -0.0125 0.0015
vn 0.9999 -0.0124 0.0014
vn 0.9999 -0.0117 -0.0095
vn 0.9999 -0.0116 -0.0098
vn 0.9999 -0.0116 -0.0097
vn 0.9999 -0.0111 -0.0110
vn 0.9999 -0.0112 -0.0108
vn 0.9999 -0.0038 -0.0104
vn 0.9999 -0.0128 -0.0085
vn 0.9999 -0.0133 -0.0086
vn 0.9999 0.0058 -0.0130
vn 0.9999 0.0029 -0.0123
vn 0.9999 -0.0104 -0.0095
vn 0.9998 -0.0204 -0.0072
vn 0.9998 -0.0174 -0.0077
vn 0.9999 -0.0140 -0.0087
vn 0.9999 -0.0133 -0.0088
vn 0.9999 -0.0121 -0.0093
vn 0.9999 -0.0123 -0.0092
vn 0.9999 -0.0119 -0.0094
vn -0.9998 0.0097 0.0199
vn -0.9998 0.0110 0.0154
vn -0.9997 0.0094 0.0208
vn -0.9999 0.0108 0.0134
vn -0.9999 0.0118 0.0096
vn -0.9999 0.0119 0.0094
vn -0.9999 0.0118 0.0094
vn -0.9999 0.0120 0.0091
vn -0.9999 0.0120 0.0092
vn -0.9999 0.0125 0.0079
vn -0.9999 0.0124 0.0081
vn -0.9999 0.0157 0.0064
vn -0.9998 0.0168 0.0062
vn -0.9997 0.0213 0.0075
vn -0.9998 0.0190 0.0074
vn -0.9999 0.0080 0.0106
vn -0.9998 0.0159 0.0087
vn -0.9999 0.0061 0.0113
vn -0.9999 0.0030 0.0120
vn -0.9999 0.0105 0.0100
vn -0.9999 0.0096 0.0103
vn -0.9999 0.0115 0.0096
vn -0.9999 0.0113 0.0097
vn -0.9999 0.0117 0.0095
vn -0.9999 0.0138 0.0081
vn -0.0088 0.0560 -0.9984
vn 0.9999 -0.0119 -0.0093
vn -0.0050 -0.8475 0.5308
vn -0.0050 -0.8474 0.5309
vn 0.0063 0.9722 0.2340
vn 0.0144 0.9743 0.2247
vn 0.0240 0.9788 0.2035
vn -0.0945 0.9097 0.4044
vn -0.0695 0.9239 0.3762
vn -0.0524 0.9364 0.3471
vn -0.0752 0.7794 0.6220
vn -0.0737 0.8018 0.5930
vn -0.0948 0.8236 0.5591
vn 0.0425 0.9793 0.1979
vn 0.0401 0.9857 0.1638
vn 0.0373 0.9854 0.1661
vn 0.0129 0.9880 0.1537
vn 0.0359 0.9876 0.1531
vn -0.0328 0.9446 0.3266
vn -0.0082 0.9575 0.2883
vn -0.0175 0.9526 0.3036
vn 0.0006 0.9666 0.2563
vn -0.0030 0.9636 0.2673
vn -0.0789 0.7024 0.7074
vn -0.0729 0.6687 0.7400
vn -0.0016 0.6265 0.7794
vn -0.0061 0.5855 0.8106
vn -0.0048 0.7536 0.6573
vn 0.0123 0.7306 0.6827
vn -0.0131 0.6776 0.7353
vn -0.0853 0.8380 0.5389
vn -0.0842 0.8692 0.4873
vn -0.0885 0.8569 0.5078
vn -0.0894 0.8966 0.4338
vn -0.0960 0.8828 0.4599
vn 0.0043 0.9755 0.2199
vn 0.0127 0.9743 0.2249
vn 0.0218 0.9720 0.2341
vn 0.0810 0.9347 0.3460
vn 0.0984 0.9220 0.3746
vn 0.1226 0.9068 0.4034
vn 0.1251 0.8208 0.5574
vn 0.1039 0.7997 0.5913
vn 0.1032 0.7752 0.6233
vn -0.0048 0.9748 0.2232
vn -0.0477 0.9812 0.1871
vn -0.0144 0.9862 0.1650
vn -0.0143 0.9863 0.1641
vn -0.0101 0.9880 0.1539
vn 0.0613 0.9435 0.3258
vn 0.0456 0.9517 0.3036
vn 0.0362 0.9570 0.2879
vn 0.0309 0.9632 0.2671
vn 0.0270 0.9663 0.2561
vn 0.0482 0.5214 0.8520
vn 0.0499 0.6211 0.7821
vn 0.0307 0.6259 0.7793
vn 0.0905 0.6672 0.7394
vn 0.0167 0.6896 0.7240
vn 0.0034 0.7246 0.6892
vn 0.0349 0.7532 0.6569
vn 0.1152 0.8357 0.5370
vn 0.1194 0.8538 0.5067
vn 0.1139 0.8668 0.4854
vn 0.1252 0.8801 0.4580
vn 0.1187 0.8941 0.4318
vn 0.0134 0.4255 0.9048
vn 0.0203 0.4341 0.9006
vn 0.0086 0.4370 0.8994
vn 0.0180 0.4436 0.8960
vn -0.0026 0.4832 0.8755
vn 0.0579 0.4801 0.8753
vn 0.0576 0.5878 0.8069
vn 0.0003 0.5401 0.8416
vn 0.0535 0.5559 0.8295
vn 0.0184 0.4368 0.8994
vn 0.0118 0.4364 0.8997
vn 0.0297 0.4828 0.8752
vn 0.0089 0.4457 0.8951
vn -0.7313 0.0464 0.6805
vn -0.7899 0.0035 0.6132
vn -0.6082 0.0732 0.7904
vn -0.9990 0.0263 0.0368
vn -0.9996 0.0172 0.0219
vn -0.4572 0.0880 0.8850
vn 0.0803 0.1628 -0.9834
vn -0.0218 0.1377 -0.9902
vn 0.0779 0.1461 -0.9862
vn 0.1627 0.1906 -0.9681
vn 0.0400 0.1580 -0.9866
vn 0.0047 0.9358 -0.3526
vn 0.0050 0.9335 -0.3586
vn 0.0029 0.9353 -0.3539
vn 0.0115 0.9341 -0.3568
vn 0.0075 0.9365 -0.3506
vn 0.0081 0.9367 -0.3499
vn 0.0073 0.9364 -0.3509
vn 0.0109 0.9363 -0.3509
vn -0.9969 0.0415 0.0670
vt 0.021395 0.000157
vt 0.021148 0.008537
vt 0.010274 0.000343
vt 0.040751 0.115347
vt 0.022494 0.113501
vt 0.035856 0.109146
vt 0.653635 0.225050
vt 0.648584 0.240872
vt 0.649991 0.220805
vt 0.641769 0.235931
vt 0.638030 0.255140
vt 0.164354 0.132805
vt 0.161477 0.138266
vt 0.143589 0.129112
vt 0.622649 0.309032
vt 0.627904 0.308961
vt 0.618496 0.325199
vt 0.594969 0.370099
vt 0.589607 0.370088
vt 0.598050 0.354629
vt 0.608157 0.369812
vt 0.613978 0.368947
vt 0.605509 0.384483
vt 0.293009 0.162755
vt 0.296010 0.168966
vt 0.277509 0.158451
vt 0.598686 0.431263
vt 0.605824 0.433793
vt 0.596603 0.450090
vt 0.593495 0.506284
vt 0.599269 0.508389
vt 0.594470 0.523570
vt 0.427693 0.104265
vt 0.426456 0.109531
vt 0.412163 0.098064
vt 0.027113 0.124806
vt 0.038074 0.121606
vt 0.086681 0.136203
vt 0.089387 0.144568
vt 0.072507 0.136758
vt 0.104948 0.146737
vt 0.104892 0.141296
vt 0.135434 0.132477
vt 0.142242 0.139006
vt 0.162247 0.144988
vt 0.181333 0.147182
vt 0.231489 0.168165
vt 0.228456 0.172124
vt 0.212791 0.163852
vt 0.232586 0.157393
vt 0.231793 0.151720
vt 0.250560 0.161919
vt 0.306565 0.189604
vt 0.311113 0.196683
vt 0.290047 0.184512
vt 0.299368 0.175646
vt 0.314348 0.180329
vt 0.362414 0.208918
vt 0.362903 0.215616
vt 0.348068 0.203945
vt 0.363326 0.196269
vt 0.364265 0.190480
vt 0.379413 0.201823
vt 0.422270 0.126137
vt 0.420032 0.131626
vt 0.406228 0.119972
vt 0.022917 0.153851
vt 0.014061 0.163635
vt 0.010098 0.148379
vt 0.045784 0.144128
vt 0.056055 0.151339
vt 0.041353 0.149608
vt 0.030632 0.170332
vt 0.043210 0.171611
vt 0.031362 0.181603
vt 0.049114 0.326494
vt 0.042560 0.338654
vt 0.038290 0.327055
vt 0.054054 0.337475
vt 0.039200 0.294634
vt 0.028963 0.294719
vt 0.038149 0.286043
vt 0.057637 0.259994
vt 0.066883 0.256932
vt 0.057192 0.267093
vt 0.090115 0.291030
vt 0.074550 0.292332
vt 0.087449 0.281832
vt 0.116144 0.252226
vt 0.134181 0.251139
vt 0.118093 0.261837
vt 0.117139 0.338494
vt 0.097692 0.340442
vt 0.105466 0.323869
vt 0.125703 0.290057
vt 0.145347 0.292428
vt 0.129667 0.300569
vt 0.048605 0.349705
vt 0.036037 0.219456
vt 0.045337 0.217535
vt 0.036971 0.127733
vt 0.058097 0.233842
vt 0.038100 0.251006
vt 0.037631 0.228432
vt 0.080178 0.389857
vt 0.069983 0.380977
vt 0.073636 0.373531
vt 0.102626 0.360947
vt 0.117341 0.356386
vt 0.180183 0.392282
vt 0.186487 0.412718
vt 0.161968 0.392944
vt 0.149613 0.304114
vt 0.166687 0.298610
vt 0.234465 0.315586
vt 0.239954 0.331100
vt 0.213896 0.318775
vt 0.137082 0.263108
vt 0.154911 0.258176
vt 0.216984 0.265949
vt 0.220474 0.275366
vt 0.197521 0.268974
vt 0.170781 0.355715
vt 0.169743 0.342677
vt 0.188153 0.354806
vt 0.259018 0.383472
vt 0.264949 0.402893
vt 0.238066 0.386523
vt 0.162719 0.226361
vt 0.164662 0.220368
vt 0.181464 0.228943
vt 0.088542 0.208807
vt 0.099130 0.199382
vt 0.107098 0.214284
vt 0.154512 0.241278
vt 0.148209 0.250979
vt 0.131586 0.240147
vt 0.242155 0.234782
vt 0.243223 0.230529
vt 0.264983 0.235910
vt 0.336558 0.329985
vt 0.330666 0.310894
vt 0.359953 0.326123
vt 0.433511 0.346947
vt 0.440209 0.361877
vt 0.414013 0.350915
vt 0.211100 0.252789
vt 0.208325 0.248806
vt 0.229850 0.249823
vt 0.224686 0.287330
vt 0.245341 0.283198
vt 0.315577 0.292645
vt 0.299252 0.301202
vt 0.297089 0.264051
vt 0.292200 0.252519
vt 0.306697 0.253802
vt 0.346847 0.270219
vt 0.347084 0.257839
vt 0.363484 0.270882
vt 0.419901 0.295390
vt 0.422264 0.307071
vt 0.401411 0.295571
vt 0.413527 0.273699
vt 0.408953 0.263455
vt 0.431341 0.275153
vt 0.490234 0.295224
vt 0.496101 0.304775
vt 0.474373 0.295969
vt 0.425012 0.319562
vt 0.443370 0.317529
vt 0.496465 0.332104
vt 0.498460 0.342852
vt 0.481933 0.335434
vt 0.422563 0.238782
vt 0.423168 0.234842
vt 0.440724 0.238566
vt 0.336493 0.237957
vt 0.337996 0.234088
vt 0.359559 0.238322
vt 0.425183 0.114860
vt 0.442027 0.121493
vt 0.161785 0.266398
vt 0.488062 0.161409
vt 0.473145 0.147037
vt 0.606582 0.571138
vt 0.612992 0.572478
vt 0.614967 0.588248
vt 0.164249 0.354462
vt 0.169743 0.349624
vt 0.178782 0.358871
vt 0.246001 0.347688
vt 0.268065 0.344020
vt 0.349997 0.364921
vt 0.357577 0.382536
vt 0.327294 0.369904
vt 0.495284 0.313683
vt 0.511009 0.312517
vt 0.107899 0.234343
vt 0.099130 0.221914
vt 0.114811 0.230818
vt 0.150366 0.239948
vt 0.150741 0.245209
vt 0.141530 0.241799
vt 0.507188 0.300442
vt 0.194645 0.245576
vt 0.196762 0.250787
vt 0.180255 0.248004
vt 0.159093 0.394350
vt 0.156506 0.383676
vt 0.170963 0.389314
vt 0.178492 0.314393
vt 0.189602 0.320768
vt 0.175091 0.321597
vt 0.145138 0.326873
vt 0.139913 0.321212
vt 0.149505 0.321314
vt 0.160778 0.341307
vt 0.154952 0.346474
vt 0.119146 0.346059
vt 0.110345 0.339756
vt 0.125309 0.341528
vt 0.168646 0.407731
vt 0.170055 0.411281
vt 0.164696 0.414256
vt 0.126149 0.265778
vt 0.133827 0.277514
vt 0.117895 0.266505
vt 0.111370 0.395671
vt 0.113799 0.386237
vt 0.120181 0.395607
vt 0.143023 0.291600
vt 0.148393 0.296090
vt 0.139283 0.297465
vt 0.118232 0.307957
vt 0.112205 0.302374
vt 0.120687 0.300441
vt 0.115297 0.294841
vt 0.106540 0.296146
vt 0.119546 0.333779
vt 0.109772 0.329374
vt 0.104458 0.304684
vt 0.110421 0.310838
vt 0.113481 0.457603
vt 0.106536 0.459083
vt 0.107798 0.449365
vt 0.102752 0.421364
vt 0.110132 0.421538
vt 0.109423 0.430259
vt 0.110452 0.413125
vt 0.102613 0.412871
vt 0.080858 0.395287
vt 0.080239 0.387467
vt 0.088004 0.395674
vt 0.660893 0.155040
vt 0.665617 0.159081
vt 0.658299 0.163221
vt 0.666329 0.183426
vt 0.662209 0.178450
vt 0.667999 0.172841
vt 0.663678 0.167649
vt 0.643218 0.217113
vt 0.650133 0.201984
vt 0.631309 0.218558
vt 0.636914 0.204504
vt 0.636928 0.216083
vt 0.643623 0.200966
vt 0.656204 0.188647
vt 0.649966 0.185938
vt 0.060688 0.255514
vt 0.060661 0.269443
vt 0.057599 0.252325
vt 0.056904 0.266402
vt 0.620750 0.265101
vt 0.625857 0.270512
vt 0.614379 0.286985
vt 0.630235 0.229329
vt 0.635149 0.231991
vt 0.626312 0.245345
vt 0.631192 0.250649
vt 0.632766 0.273682
vt 0.615334 0.307836
vt 0.627473 0.291812
vt 0.620287 0.289979
vt 0.601228 0.338936
vt 0.607722 0.339899
vt 0.608826 0.306726
vt 0.604688 0.323234
vt 0.611299 0.324185
vt 0.614686 0.340495
vt 0.601217 0.369987
vt 0.611231 0.355250
vt 0.604355 0.355059
vt 0.589698 0.400750
vt 0.596058 0.399744
vt 0.587629 0.415635
vt 0.592151 0.385550
vt 0.598468 0.384938
vt 0.603173 0.399175
vt 0.591846 0.430014
vt 0.600920 0.414339
vt 0.593892 0.414364
vt 0.582902 0.465638
vt 0.588436 0.467177
vt 0.582195 0.483840
vt 0.585783 0.430699
vt 0.584212 0.447375
vt 0.589990 0.448103
vt 0.594818 0.469383
vt 0.587496 0.503537
vt 0.593734 0.488093
vt 0.396642 0.091896
vt 0.398077 0.087247
vt 0.364879 0.185071
vt 0.365687 0.180254
vt 0.381650 0.190901
vt 0.383041 0.186272
vt 0.596591 0.539617
vt 0.590982 0.537579
vt 0.600668 0.569435
vt 0.600532 0.555091
vt 0.594808 0.553270
vt 0.061250 0.137729
vt 0.054518 0.128991
vt 0.035228 0.134870
vt 0.052340 0.140146
vt 0.043295 0.130633
vt 0.053005 0.122230
vt 0.082940 0.125087
vt 0.084222 0.129804
vt 0.068590 0.123806
vt 0.068783 0.129295
vt 0.141858 0.144411
vt 0.122614 0.139747
vt 0.138233 0.152382
vt 0.120508 0.148906
vt 0.140025 0.148884
vt 0.122424 0.144894
vt 0.102824 0.135094
vt 0.093812 0.124492
vt 0.112325 0.128021
vt 0.099347 0.129463
vt 0.119731 0.134029
vt 0.194667 0.160035
vt 0.197081 0.155553
vt 0.157402 0.153648
vt 0.159652 0.149852
vt 0.176167 0.156490
vt 0.178911 0.152317
vt 0.198376 0.150212
vt 0.232600 0.163012
vt 0.215135 0.153522
vt 0.214546 0.159021
vt 0.271346 0.179027
vt 0.270168 0.172925
vt 0.251538 0.173472
vt 0.251544 0.167835
vt 0.267778 0.166543
vt 0.303006 0.182597
vt 0.284023 0.171118
vt 0.287316 0.177850
vt 0.334598 0.199175
vt 0.331781 0.192097
vt 0.321017 0.194434
vt 0.317448 0.187297
vt 0.330157 0.185314
vt 0.362533 0.202409
vt 0.346616 0.190656
vt 0.346913 0.197147
vt 0.392132 0.219315
vt 0.393582 0.213242
vt 0.415648 0.192639
vt 0.377083 0.214008
vt 0.378108 0.207772
vt 0.395075 0.207435
vt 0.423850 0.120350
vt 0.409318 0.108435
vt 0.407831 0.114073
vt 0.037280 0.155036
vt 0.029027 0.148776
vt 0.032806 0.161590
vt 0.020663 0.132541
vt 0.030661 0.141741
vt 0.032561 0.193713
vt 0.020646 0.192733
vt 0.024625 0.115646
vt 0.034189 0.206419
vt 0.023392 0.206680
vt 0.041597 0.304663
vt 0.034020 0.315456
vt 0.031491 0.305088
vt 0.064381 0.303311
vt 0.056087 0.314710
vt 0.052434 0.304118
vt 0.044953 0.315420
vt 0.068328 0.313510
vt 0.079527 0.336989
vt 0.065829 0.336559
vt 0.073259 0.324382
vt 0.060538 0.325362
vt 0.057682 0.274908
vt 0.047181 0.276528
vt 0.061224 0.293232
vt 0.049559 0.293888
vt 0.059003 0.283694
vt 0.047804 0.284625
vt 0.038613 0.279112
vt 0.041923 0.267514
vt 0.048532 0.263815
vt 0.040118 0.273254
vt 0.047814 0.269870
vt 0.120314 0.271345
vt 0.102199 0.271695
vt 0.107246 0.289943
vt 0.122736 0.280523
vt 0.104458 0.280755
vt 0.085389 0.272699
vt 0.082496 0.255123
vt 0.098108 0.253314
vt 0.083778 0.263772
vt 0.100274 0.262568
vt 0.135051 0.312520
vt 0.116128 0.310938
vt 0.153622 0.340095
vt 0.135528 0.338521
vt 0.142687 0.325747
vt 0.123862 0.323871
vt 0.098431 0.311280
vt 0.093683 0.300659
vt 0.111012 0.299835
vt 0.072008 0.349075
vt 0.061966 0.371295
vt 0.054650 0.360756
vt 0.066455 0.360732
vt 0.059880 0.348804
vt 0.039564 0.140830
vt 0.029269 0.143807
vt 0.045900 0.167275
vt 0.033022 0.172922
vt 0.042379 0.153986
vt 0.031209 0.158080
vt 0.034808 0.189136
vt 0.013346 0.122082
vt 0.006252 0.133929
vt 0.003360 0.121720
vt 0.059539 0.192363
vt 0.036444 0.207473
vt 0.050491 0.180936
vt 0.073955 0.220336
vt 0.073059 0.201319
vt 0.055587 0.213699
vt 0.092487 0.369606
vt 0.078615 0.363197
vt 0.086086 0.352101
vt 0.104559 0.404156
vt 0.091598 0.397024
vt 0.099004 0.387186
vt 0.085495 0.379498
vt 0.144554 0.393523
vt 0.138557 0.373941
vt 0.114689 0.396700
vt 0.108731 0.379807
vt 0.128567 0.394572
vt 0.122331 0.375773
vt 0.134933 0.355177
vt 0.174524 0.372980
vt 0.152983 0.355258
vt 0.156307 0.373372
vt 0.194392 0.321581
vt 0.189500 0.307645
vt 0.161842 0.330067
vt 0.154951 0.316722
vt 0.176563 0.324923
vt 0.171217 0.311354
vt 0.185169 0.294497
vt 0.229364 0.300899
vt 0.204582 0.290942
vt 0.208994 0.304373
vt 0.178386 0.272247
vt 0.175820 0.263450
vt 0.142101 0.282109
vt 0.139470 0.272603
vt 0.159840 0.276425
vt 0.157294 0.267060
vt 0.173483 0.256111
vt 0.213927 0.258523
vt 0.192294 0.254546
vt 0.194798 0.260999
vt 0.218141 0.389041
vt 0.211850 0.370209
vt 0.198925 0.390958
vt 0.193029 0.371974
vt 0.205829 0.352695
vt 0.252401 0.365177
vt 0.225220 0.350422
vt 0.231538 0.367966
vt 0.195976 0.242985
vt 0.198171 0.236790
vt 0.214842 0.243604
vt 0.159424 0.233444
vt 0.176205 0.242066
vt 0.178853 0.235270
vt 0.200732 0.231214
vt 0.239398 0.239476
vt 0.220877 0.233163
vt 0.218158 0.238224
vt 0.106503 0.238721
vt 0.118061 0.228042
vt 0.081624 0.236780
vt 0.095450 0.224749
vt 0.125713 0.218969
vt 0.144283 0.222965
vt 0.139322 0.230964
vt 0.282044 0.245183
vt 0.286160 0.240968
vt 0.306427 0.245446
vt 0.235562 0.244322
vt 0.258202 0.244818
vt 0.262285 0.240341
vt 0.288696 0.236770
vt 0.334435 0.241881
vt 0.312691 0.237436
vt 0.310381 0.241473
vt 0.393424 0.355285
vt 0.387405 0.339060
vt 0.343043 0.347502
vt 0.372024 0.359974
vt 0.365375 0.342935
vt 0.383296 0.323846
vt 0.428712 0.332840
vt 0.404972 0.321675
vt 0.408748 0.335875
vt 0.254903 0.257657
vt 0.251376 0.250841
vt 0.271788 0.251680
vt 0.236439 0.262243
vt 0.232873 0.255212
vt 0.278043 0.307076
vt 0.271583 0.291974
vt 0.256086 0.311703
vt 0.250566 0.296835
vt 0.265247 0.278252
vt 0.305219 0.277431
vt 0.282906 0.271992
vt 0.290416 0.285682
vt 0.331071 0.268967
vt 0.321195 0.255085
vt 0.334140 0.256462
vt 0.325150 0.281163
vt 0.314754 0.266909
vt 0.381693 0.296172
vt 0.381658 0.283454
vt 0.338754 0.296243
vt 0.343970 0.283028
vt 0.360904 0.296653
vt 0.362956 0.283432
vt 0.379904 0.271618
vt 0.417088 0.284262
vt 0.396512 0.272526
vt 0.399509 0.283715
vt 0.456303 0.295813
vt 0.453122 0.286020
vt 0.438076 0.295492
vt 0.434993 0.285063
vt 0.449560 0.276958
vt 0.482888 0.279962
vt 0.486148 0.286985
vt 0.467081 0.278681
vt 0.470632 0.286862
vt 0.467137 0.339042
vt 0.463567 0.326984
vt 0.451082 0.342900
vt 0.446736 0.329767
vt 0.461052 0.316133
vt 0.495635 0.322530
vt 0.478346 0.314938
vt 0.479883 0.324753
vt 0.454117 0.246334
vt 0.457368 0.242469
vt 0.470730 0.246451
vt 0.419402 0.246213
vt 0.421897 0.242645
vt 0.437188 0.246327
vt 0.440208 0.242618
vt 0.457562 0.238059
vt 0.488513 0.236415
vt 0.488984 0.241590
vt 0.473449 0.237343
vt 0.473527 0.242119
vt 0.377319 0.245989
vt 0.380444 0.242373
vt 0.399213 0.246095
vt 0.330683 0.245693
vt 0.354369 0.245860
vt 0.357828 0.242162
vt 0.381701 0.238599
vt 0.402761 0.238766
vt 0.401866 0.242541
vt 0.456302 0.140105
vt 0.457925 0.133949
vt 0.439172 0.132979
vt 0.440677 0.127143
vt 0.459422 0.127874
vt 0.175012 0.344005
vt 0.179924 0.337663
vt 0.188920 0.347841
vt 0.476337 0.133833
vt 0.154723 0.264958
vt 0.474898 0.140109
vt 0.201958 0.027405
vt 0.210121 0.516637
vt 0.201659 0.506897
vt 0.428489 0.099346
vt 0.444300 0.110559
vt 0.603508 0.585201
vt 0.609066 0.587010
vt 0.624901 0.605486
vt 0.619127 0.604993
vt 0.647688 0.637509
vt 0.642792 0.638035
vt 0.635977 0.622235
vt 0.630508 0.622302
vt 0.304185 0.374858
vt 0.297398 0.357024
vt 0.281274 0.379452
vt 0.274574 0.361412
vt 0.290720 0.339761
vt 0.313588 0.335032
vt 0.320328 0.352327
vt 0.113407 0.249740
vt 0.117372 0.243717
vt 0.126542 0.251112
vt 0.509946 0.328338
vt 0.510058 0.319953
vt 0.136352 0.244312
vt 0.129006 0.237022
vt 0.131484 0.247369
vt 0.122477 0.239588
vt 0.124537 0.229866
vt 0.144871 0.229445
vt 0.148357 0.235382
vt 0.134823 0.229636
vt 0.137722 0.235831
vt 0.498308 0.285734
vt 0.132643 0.223062
vt 0.122431 0.222640
vt 0.122682 0.215162
vt 0.111422 0.213712
vt 0.187393 0.386853
vt 0.186471 0.392922
vt 0.220745 0.383363
vt 0.217821 0.388436
vt 0.204490 0.384996
vt 0.202225 0.390462
vt 0.189330 0.399051
vt 0.203132 0.396029
vt 0.163732 0.401893
vt 0.177433 0.402869
vt 0.173099 0.396560
vt 0.152445 0.315093
vt 0.161673 0.321471
vt 0.157888 0.302054
vt 0.167382 0.308017
vt 0.155194 0.308598
vt 0.164940 0.314775
vt 0.170846 0.328891
vt 0.152380 0.333735
vt 0.166097 0.335440
vt 0.157510 0.327887
vt 0.132395 0.336601
vt 0.140013 0.343853
vt 0.139134 0.331739
vt 0.146353 0.338976
vt 0.149226 0.351048
vt 0.660405 0.650130
vt 0.669453 0.661896
vt 0.655921 0.651103
vt 0.144030 0.355082
vt 0.129037 0.352251
vt 0.134068 0.348299
vt 0.131130 0.263475
vt 0.136914 0.270119
vt 0.134817 0.273373
vt 0.153969 0.402356
vt 0.160073 0.409294
vt 0.129092 0.395313
vt 0.129215 0.404964
vt 0.147926 0.393963
vt 0.146116 0.403614
vt 0.138040 0.394714
vt 0.138214 0.404644
vt 0.129656 0.413890
vt 0.140771 0.414530
vt 0.110601 0.404580
vt 0.119474 0.413411
vt 0.119638 0.404788
vt 0.124463 0.293601
vt 0.129700 0.298816
vt 0.135351 0.282564
vt 0.138316 0.286576
vt 0.129457 0.287367
vt 0.133844 0.292393
vt 0.136082 0.304003
vt 0.132479 0.317588
vt 0.124948 0.313047
vt 0.133682 0.310747
vt 0.126742 0.305694
vt 0.103277 0.281461
vt 0.100678 0.289282
vt 0.094285 0.281723
vt 0.125225 0.282022
vt 0.119532 0.288044
vt 0.113560 0.281543
vt 0.109688 0.288535
vt 0.117088 0.316269
vt 0.109596 0.319886
vt 0.134014 0.324681
vt 0.127083 0.328974
vt 0.124897 0.320947
vt 0.117382 0.324982
vt 0.102583 0.323398
vt 0.120183 0.455208
vt 0.119276 0.464826
vt 0.096400 0.316801
vt 0.097306 0.307183
vt 0.103177 0.313840
vt 0.115695 0.438465
vt 0.108607 0.439539
vt 0.098714 0.297914
vt 0.121590 0.445939
vt 0.114448 0.447815
vt 0.102118 0.439935
vt 0.090851 0.420530
vt 0.096214 0.420966
vt 0.096453 0.430141
vt 0.102536 0.430361
vt 0.095595 0.395748
vt 0.095156 0.404182
vt 0.103257 0.395734
vt 0.102557 0.404419
vt 0.095628 0.412446
vt 0.084339 0.411472
vt 0.082177 0.403187
vt 0.089477 0.411899
vt 0.088379 0.403728
vt 0.612719 0.197710
vt 0.603997 0.185084
vt 0.606925 0.183040
vt 0.182190 0.418205
vt 0.178936 0.406743
vt 0.182141 0.405891
vt 0.603133 0.174092
vt 0.596353 0.167206
vt 0.599284 0.165168
vt 0.624780 0.229266
vt 0.615593 0.214436
vt 0.618513 0.212381
vt 0.631047 0.246151
vt 0.631012 0.246946
vt 0.182303 0.393721
vt 0.179263 0.382392
vt 0.182464 0.381550
vt 0.080867 0.344685
vt 0.079214 0.354364
vt 0.076316 0.352203
vt 0.657688 0.338153
vt 0.650359 0.318252
vt 0.653315 0.316315
vt 0.670477 0.413653
vt 0.667631 0.398504
vt 0.669169 0.399434
vt 0.592458 0.668383
vt 0.592323 0.663886
vt 0.594929 0.665080
vt 0.626745 0.614244
vt 0.633737 0.597966
vt 0.635274 0.598897
vt 0.093639 0.526439
vt 0.100512 0.530710
vt 0.097859 0.531795
vt 0.598703 0.659184
vt 0.600482 0.651810
vt 0.603088 0.653004
vt 0.596444 0.158536
vt 0.591018 0.154740
vt 0.593952 0.152707
vt 0.647876 0.298721
vt 0.639481 0.283064
vt 0.642437 0.281127
vt 0.634096 0.264902
vt 0.628135 0.248218
vt 0.665615 0.379713
vt 0.660525 0.359061
vt 0.662062 0.359992
vt 0.671848 0.440831
vt 0.670248 0.426941
vt 0.671785 0.427872
vt 0.666186 0.501195
vt 0.667629 0.483070
vt 0.669166 0.484001
vt 0.670538 0.468896
vt 0.670374 0.452859
vt 0.671911 0.453790
vt 0.183856 0.469148
vt 0.179984 0.465095
vt 0.183198 0.464220
vt 0.182604 0.458114
vt 0.179340 0.452837
vt 0.182552 0.451967
vt 0.182395 0.441243
vt 0.179029 0.431380
vt 0.182239 0.430518
vt 0.182689 0.369611
vt 0.180066 0.359161
vt 0.183262 0.358327
vt 0.071460 0.361163
vt 0.069167 0.373244
vt 0.066277 0.371077
vt 0.046897 0.414181
vt 0.043095 0.432087
vt 0.040222 0.429900
vt 0.059963 0.384568
vt 0.056453 0.400640
vt 0.053572 0.398463
vt 0.021821 0.484299
vt 0.037738 0.204260
vt 0.034794 0.202206
vt 0.033955 0.447429
vt 0.030632 0.467011
vt 0.027687 0.464958
vt 0.029758 0.225011
vt 0.027668 0.249869
vt 0.024723 0.247816
vt 0.021160 0.271616
vt 0.020541 0.297470
vt 0.017596 0.295416
vt 0.019900 0.363465
vt 0.025251 0.387411
vt 0.022307 0.385358
vt 0.017545 0.318494
vt 0.020439 0.343625
vt 0.017494 0.341572
vt 0.656967 0.538736
vt 0.661668 0.517457
vt 0.663205 0.518388
vt 0.643001 0.578991
vt 0.649191 0.558154
vt 0.650728 0.559085
vt 0.042263 0.442426
vt 0.052943 0.459544
vt 0.050289 0.460629
vt 0.028272 0.404790
vt 0.037182 0.426276
vt 0.034237 0.424223
vt 0.079856 0.507511
vt 0.091723 0.519869
vt 0.089070 0.520954
vt 0.060466 0.477349
vt 0.073296 0.492984
vt 0.070642 0.494069
vt 0.062890 0.294571
vt 0.062226 0.290019
vt 0.063982 0.290612
vt 0.610653 0.641298
vt 0.615611 0.628397
vt 0.618217 0.629591
vt 0.587551 0.485671
vt 0.656623 0.174206
vt 0.642797 0.189057
vt 0.655919 0.206106
vt 0.060688 0.285064
vt 0.588696 0.520944
vt 0.413238 0.093229
vt 0.441003 0.201108
vt 0.399864 0.216733
vt 0.018800 0.142683
vt 0.017582 0.178476
vt 0.027055 0.129687
vt 0.486607 0.246433
vt 0.624792 0.621718
vt 0.637096 0.637960
vt 0.173436 0.363396
vt 0.103448 0.240728
vt 0.502240 0.292982
vt 0.111203 0.222132
vt 0.217522 0.393602
vt 0.159791 0.418145
vt 0.149026 0.413804
vt 0.006869 0.007228
vt 0.000767 0.007092
vt 0.001701 0.000000
vt 0.669453 0.164334
vt 0.627510 0.228005
vt 0.034510 0.004182
vt 0.661264 0.193347
vt 0.058704 0.241067
vt 0.611632 0.277917
vt 0.603842 0.302429
vt 0.618349 0.256078
vt 0.623967 0.238626
vt 0.643312 0.257716
vt 0.637983 0.275041
vt 0.632788 0.292287
vt 0.592585 0.353837
vt 0.595659 0.337941
vt 0.599176 0.322254
vt 0.182122 0.141494
vt 0.623503 0.324712
vt 0.061186 0.314556
vt 0.057568 0.318536
vt 0.057568 0.298860
vt 0.616930 0.354533
vt 0.619589 0.339705
vt 0.280611 0.164559
vt 0.057569 0.313574
vt 0.053107 0.317016
vt 0.053107 0.298860
vt 0.262157 0.154344
vt 0.074017 0.301553
vt 0.069478 0.304535
vt 0.069478 0.286240
vt 0.586768 0.386266
vt 0.187754 0.420822
vt 0.187754 0.400235
vt 0.191720 0.416293
vt 0.183856 0.421206
vt 0.183856 0.400235
vt 0.187754 0.415997
vt 0.611422 0.383658
vt 0.609039 0.399022
vt 0.607768 0.415939
vt 0.346926 0.184647
vt 0.347219 0.179109
vt 0.329200 0.178939
vt 0.328726 0.173171
vt 0.312059 0.173728
vt 0.310088 0.167642
vt 0.603545 0.452640
vt 0.601607 0.471914
vt 0.599545 0.490427
vt 0.410698 0.103143
vt 0.396489 0.201934
vt 0.397987 0.196860
vt 0.412044 0.208107
vt 0.380623 0.196164
vt 0.399422 0.192211
vt 0.599976 0.525045
vt 0.602364 0.540973
vt 0.606886 0.556688
vt 0.079671 0.145210
vt 0.069903 0.146622
vt 0.062579 0.148541
vt 0.057257 0.117773
vt 0.072357 0.120422
vt 0.082521 0.122320
vt 0.155957 0.155857
vt 0.210320 0.167992
vt 0.192183 0.163860
vt 0.174070 0.159859
vt 0.198463 0.144558
vt 0.214946 0.147917
vt 0.291566 0.190745
vt 0.272019 0.184806
vt 0.250237 0.178465
vt 0.248573 0.155941
vt 0.264900 0.160243
vt 0.350718 0.211032
vt 0.338535 0.206448
vt 0.324824 0.201566
vt 0.414066 0.198695
vt 0.429452 0.204293
vt 0.398681 0.193098
vt 0.384829 0.188209
vt 0.410663 0.213398
vt 0.051836 0.154771
vt 0.048161 0.159582
vt 0.044786 0.165570
vt 0.043054 0.182279
vt 0.042897 0.192946
vt 0.044117 0.205241
vt 0.077938 0.302024
vt 0.082226 0.312261
vt 0.088217 0.324203
vt 0.069082 0.265232
vt 0.070257 0.273771
vt 0.072067 0.282880
vt 0.028971 0.288473
vt 0.030735 0.281827
vt 0.033085 0.276246
vt 0.036308 0.271862
vt 0.047067 0.124783
vt 0.050142 0.136993
vt 0.054575 0.149027
vt 0.059902 0.160408
vt 0.002015 0.016757
vt 0.008215 0.112191
vt 0.067538 0.171560
vt 0.076789 0.181362
vt 0.087539 0.191516
vt 0.117759 0.408861
vt 0.168569 0.412750
vt 0.150652 0.412782
vt 0.134276 0.411666
vt 0.219252 0.333941
vt 0.199844 0.336395
vt 0.182673 0.339204
vt 0.162862 0.286762
vt 0.181391 0.282449
vt 0.200678 0.278872
vt 0.152180 0.251468
vt 0.171139 0.249916
vt 0.189732 0.249361
vt 0.244647 0.405967
vt 0.224346 0.409042
vt 0.205349 0.410914
vt 0.173206 0.250975
vt 0.183520 0.223327
vt 0.202377 0.226285
vt 0.222800 0.228407
vt 0.119760 0.250985
vt 0.093335 0.250992
vt 0.067637 0.250998
vt 0.114407 0.206243
vt 0.129972 0.211434
vt 0.147317 0.215901
vt 0.266664 0.231636
vt 0.290104 0.232742
vt 0.314050 0.233415
vt 0.420497 0.366972
vt 0.400784 0.372068
vt 0.379180 0.377302
vt 0.358468 0.310666
vt 0.381526 0.309601
vt 0.402619 0.308278
vt 0.276600 0.260452
vt 0.259597 0.266527
vt 0.240483 0.271371
vt 0.307020 0.317823
vt 0.284289 0.323038
vt 0.261834 0.327401
vt 0.361721 0.259093
vt 0.376356 0.260347
vt 0.392655 0.261901
vt 0.476995 0.305510
vt 0.458857 0.305904
vt 0.440722 0.306321
vt 0.427642 0.266048
vt 0.446331 0.268640
vt 0.464307 0.271920
vt 0.482282 0.275199
vt 0.485541 0.347427
vt 0.472621 0.352002
vt 0.456415 0.356940
vt 0.443062 0.249566
vt 0.440095 0.234133
vt 0.457021 0.233423
vt 0.472143 0.232240
vt 0.487264 0.231058
vt 0.360221 0.234446
vt 0.382447 0.234805
vt 0.402808 0.234824
vt 0.471486 0.153720
vt 0.454910 0.146032
vt 0.437471 0.138829
vt 0.443319 0.115870
vt 0.460597 0.122129
vt 0.184002 0.353730
vt 0.196334 0.186976
vt 0.193800 0.180055
vt 0.209247 0.037562
vt 0.207016 0.022044
vt 0.624963 0.293622
vt 0.621052 0.588790
vt 0.630434 0.605336
vt 0.640536 0.621530
vt 0.650695 0.636681
vt 0.334230 0.387899
vt 0.310883 0.393261
vt 0.287915 0.398077
vt 0.122579 0.256803
vt 0.134578 0.256179
vt 0.110581 0.257427
vt 0.097024 0.257427
vt 0.100067 0.248428
vt 0.063982 0.254449
vt 0.074450 0.257970
vt 0.063982 0.268007
vt 0.510616 0.337802
vt 0.148864 0.249031
vt 0.146101 0.251743
vt 0.140461 0.254456
vt 0.514843 0.306898
vt 0.140621 0.223882
vt 0.495461 0.279361
vt 0.124724 0.208068
vt 0.113008 0.205965
vt 0.114786 0.199351
vt 0.132672 0.215975
vt 0.101682 0.202592
vt 0.175296 0.382270
vt 0.183537 0.253771
vt 0.193188 0.404781
vt 0.206413 0.401797
vt 0.181622 0.408031
vt 0.141413 0.315705
vt 0.143647 0.309326
vt 0.146372 0.302814
vt 0.184539 0.330378
vt 0.158955 0.358718
vt 0.154006 0.411501
vt 0.122522 0.385795
vt 0.131445 0.385308
vt 0.141599 0.384693
vt 0.117605 0.274813
vt 0.105772 0.273925
vt 0.106779 0.265865
vt 0.118738 0.421626
vt 0.128649 0.421950
vt 0.117162 0.429748
vt 0.095861 0.273601
vt 0.102496 0.333240
vt 0.095611 0.326473
vt 0.112284 0.467229
vt 0.118488 0.474498
vt 0.123554 0.437308
vt 0.101136 0.449777
vt 0.095884 0.439798
vt 0.091234 0.429829
vt 0.087272 0.420303
vt 0.089973 0.387183
vt 0.097787 0.386913
vt 0.105572 0.386607
vt 0.609795 0.199760
vt 0.178982 0.419062
vt 0.600203 0.176133
vt 0.621864 0.231327
vt 0.179099 0.394568
vt 0.180662 0.348206
vt 0.083769 0.346845
vt 0.183856 0.347376
vt 0.655442 0.338656
vt 0.668940 0.412722
vt 0.061134 0.284602
vt 0.589852 0.667189
vt 0.062890 0.285195
vt 0.624674 0.613182
vt 0.096292 0.525354
vt 0.596097 0.657990
vt 0.593511 0.160572
vt 0.644920 0.300658
vt 0.636742 0.263639
vt 0.664078 0.378782
vt 0.670311 0.439900
vt 0.664648 0.500264
vt 0.669001 0.467965
vt 0.589852 0.150979
vt 0.180643 0.470025
vt 0.592786 0.148948
vt 0.179391 0.458986
vt 0.179185 0.442109
vt 0.179490 0.370449
vt 0.074354 0.363327
vt 0.049774 0.416363
vt 0.062849 0.386739
vt 0.024766 0.486352
vt 0.036900 0.449482
vt 0.032703 0.227064
vt 0.024104 0.273669
vt 0.022845 0.365518
vt 0.020490 0.320547
vt 0.655429 0.537805
vt 0.641464 0.578060
vt 0.045062 0.442910
vt 0.031217 0.406844
vt 0.082510 0.506426
vt 0.063119 0.476264
vt 0.102609 0.532346
vt 0.061134 0.293979
vt 0.099955 0.533431
vt 0.608046 0.640104
vt 0.582299 0.501350
vt 0.008928 0.344339
vt 0.035951 0.349576
vt 0.020049 0.344526
vt 0.033164 0.340487
vt 0.054208 0.347720
vt 0.093911 0.311294
vt 0.094768 0.331391
vt 0.090154 0.315457
vt 0.104923 0.345896
vt 0.101714 0.326609
vt 0.157046 0.333926
vt 0.148021 0.366463
vt 0.177811 0.330228
vt 0.153472 0.217209
vt 0.144516 0.200768
vt 0.149765 0.200957
vt 0.173095 0.247088
vt 0.181106 0.262718
vt 0.175748 0.262610
vt 0.164820 0.276727
vt 0.156784 0.261017
vt 0.162577 0.262014
vt 0.332682 0.338231
vt 0.351183 0.327705
vt 0.348182 0.333932
vt 0.228432 0.232085
vt 0.163148 0.325947
vt 0.170351 0.323592
vt 0.228536 0.305426
vt 0.224159 0.290177
vt 0.229988 0.288214
vt 0.468682 0.293769
vt 0.482975 0.282317
vt 0.484212 0.287601
vt 0.051531 0.341449
vt 0.040570 0.338250
vt 0.059051 0.367983
vt 0.075930 0.360158
vt 0.100138 0.326816
vt 0.091436 0.363429
vt 0.091491 0.357983
vt 0.128785 0.365718
vt 0.148891 0.330545
vt 0.167876 0.357532
vt 0.148791 0.359726
vt 0.267965 0.332770
vt 0.283630 0.324490
vt 0.286662 0.328459
vt 0.305733 0.334726
vt 0.286967 0.344935
vt 0.287759 0.339248
vt 0.345220 0.312125
vt 0.366286 0.299953
vt 0.361738 0.307038
vt 0.369521 0.316338
vt 0.354542 0.321012
vt 0.403241 0.292725
vt 0.418076 0.281060
vt 0.417588 0.287767
vt 0.434586 0.294897
vt 0.419438 0.306234
vt 0.418500 0.300433
vt 0.462747 0.271812
vt 0.476551 0.260177
vt 0.478789 0.265677
vt 0.008752 0.458655
vt 0.012715 0.443389
vt 0.021572 0.453173
vt 0.027897 0.355139
vt 0.042598 0.353401
vt 0.032327 0.360620
vt 0.030016 0.425406
vt 0.041865 0.435395
vt 0.029287 0.436682
vt 0.033842 0.181279
vt 0.037377 0.169431
vt 0.044681 0.181154
vt 0.048925 0.169881
vt 0.036270 0.222230
vt 0.026558 0.214149
vt 0.036780 0.213586
vt 0.056464 0.239945
vt 0.066773 0.249477
vt 0.057352 0.247004
vt 0.085741 0.223319
vt 0.072209 0.213650
vt 0.087827 0.213966
vt 0.117579 0.241349
vt 0.134306 0.251016
vt 0.116236 0.251067
vt 0.101093 0.180212
vt 0.092295 0.164161
vt 0.111828 0.164878
vt 0.126708 0.201946
vt 0.142867 0.209087
vt 0.123408 0.212692
vt 0.042719 0.158018
vt 0.036971 0.374292
vt 0.043992 0.389454
vt 0.034692 0.387538
vt 0.037631 0.273580
vt 0.058098 0.268159
vt 0.066210 0.132654
vt 0.062098 0.125453
vt 0.071717 0.115947
vt 0.110907 0.147007
vt 0.095935 0.143384
vt 0.153159 0.107708
vt 0.176391 0.086428
vt 0.171380 0.107222
vt 0.163778 0.201574
vt 0.146392 0.197151
vt 0.209632 0.178480
vt 0.234868 0.164543
vt 0.230361 0.180376
vt 0.154556 0.242687
vt 0.136452 0.238883
vt 0.196407 0.229230
vt 0.218915 0.221410
vt 0.216021 0.231031
vt 0.181684 0.144126
vt 0.164069 0.157388
vt 0.164289 0.144309
vt 0.229512 0.109336
vt 0.255316 0.091312
vt 0.250613 0.111070
vt 0.181464 0.273012
vt 0.164662 0.281592
vt 0.162719 0.275598
vt 0.107098 0.287696
vt 0.099130 0.302602
vt 0.088542 0.293182
vt 0.131586 0.261820
vt 0.154512 0.260679
vt 0.264983 0.266048
vt 0.243224 0.271427
vt 0.242155 0.267172
vt 0.354932 0.162044
vt 0.326660 0.179063
vt 0.331345 0.159636
vt 0.407322 0.133963
vt 0.432774 0.121411
vt 0.427024 0.136735
vt 0.229872 0.246321
vt 0.208453 0.248685
vt 0.210973 0.244537
vt 0.243243 0.212034
vt 0.222370 0.209200
vt 0.295918 0.190692
vt 0.312745 0.198219
vt 0.306315 0.237554
vt 0.291928 0.239735
vt 0.296085 0.227919
vt 0.361912 0.216991
vt 0.346364 0.231025
vt 0.345352 0.218677
vt 0.398210 0.190004
vt 0.418297 0.177244
vt 0.416669 0.189058
vt 0.429345 0.208588
vt 0.407741 0.221631
vt 0.411664 0.211119
vt 0.470972 0.185197
vt 0.492096 0.175101
vt 0.486840 0.184995
vt 0.438699 0.165517
vt 0.420257 0.164602
vt 0.476049 0.145314
vt 0.492070 0.136917
vt 0.490752 0.147775
vt 0.440724 0.263580
vt 0.423168 0.267265
vt 0.422563 0.263324
vt 0.470731 0.255770
vt 0.479206 0.252732
vt 0.486607 0.255845
vt 0.359559 0.263693
vt 0.337996 0.267908
vt 0.336493 0.264037
vt 0.498546 0.270382
vt 0.481702 0.276975
vt 0.473145 0.355251
vt 0.488062 0.340911
vt 0.489023 0.350284
vt 0.206260 0.369353
vt 0.208671 0.353708
vt 0.215114 0.352525
vt 0.192252 0.251501
vt 0.183969 0.262783
vt 0.178134 0.258338
vt 0.262113 0.149888
vt 0.239864 0.147605
vt 0.319601 0.120356
vt 0.349031 0.105861
vt 0.342568 0.123922
vt 0.506481 0.166483
vt 0.490725 0.166247
vt 0.103916 0.384450
vt 0.119900 0.374824
vt 0.110538 0.387888
vt 0.323120 0.393360
vt 0.313805 0.396898
vt 0.314479 0.391492
vt 0.503423 0.178777
vt 0.201959 0.364203
vt 0.218161 0.358711
vt 0.216438 0.364190
vt 0.170470 0.375933
vt 0.158296 0.372729
vt 0.191394 0.291132
vt 0.205879 0.289592
vt 0.195310 0.297924
vt 0.165978 0.295467
vt 0.156443 0.296940
vt 0.161216 0.290314
vt 0.169493 0.268179
vt 0.175684 0.272917
vt 0.140357 0.277000
vt 0.125585 0.280439
vt 0.133871 0.272763
vt 0.162412 0.352266
vt 0.167962 0.354459
vt 0.166819 0.358119
vt 0.138578 0.354992
vt 0.153630 0.342108
vt 0.146852 0.354774
vt 0.119468 0.376232
vt 0.110683 0.377038
vt 0.157580 0.321152
vt 0.166745 0.321261
vt 0.161735 0.326571
vt 0.138853 0.320560
vt 0.130262 0.319541
vt 0.135849 0.313176
vt 0.125081 0.326460
vt 0.133901 0.326852
vt 0.125805 0.291588
vt 0.135209 0.285933
vt 0.127851 0.310995
vt 0.122370 0.317916
vt 0.103142 0.322956
vt 0.101150 0.312847
vt 0.108193 0.314021
vt 0.106186 0.342384
vt 0.107540 0.351164
vt 0.100194 0.351925
vt 0.100685 0.360511
vt 0.108481 0.359604
vt 0.087383 0.378822
vt 0.080280 0.379599
vt 0.099299 0.355807
vt 0.092100 0.351498
vt 0.096931 0.347563
vt 0.077231 0.262924
vt 0.082864 0.268669
vt 0.078610 0.273543
vt 0.093803 0.360110
vt 0.094287 0.292480
vt 0.100781 0.307767
vt 0.107095 0.306888
vt 0.107426 0.295308
vt 0.112642 0.309491
vt 0.100820 0.291617
vt 0.094893 0.276443
vt 0.088585 0.279005
vt 0.056205 0.252327
vt 0.053135 0.269444
vt 0.053107 0.255514
vt 0.056904 0.266406
vt 0.127684 0.378283
vt 0.116666 0.361550
vt 0.121918 0.356263
vt 0.116902 0.336387
vt 0.108437 0.322831
vt 0.113420 0.320286
vt 0.111879 0.341572
vt 0.109674 0.364553
vt 0.114467 0.382797
vt 0.157108 0.199937
vt 0.121698 0.381137
vt 0.163834 0.232150
vt 0.170350 0.231339
vt 0.167324 0.215571
vt 0.132691 0.398140
vt 0.160692 0.216368
vt 0.156858 0.232579
vt 0.159906 0.247399
vt 0.169507 0.262353
vt 0.166782 0.247371
vt 0.181830 0.308245
vt 0.173844 0.292187
vt 0.180172 0.293338
vt 0.178139 0.278105
vt 0.171843 0.277348
vt 0.166750 0.291452
vt 0.168585 0.306645
vt 0.177220 0.322504
vt 0.175606 0.306834
vt 0.241899 0.266086
vt 0.236122 0.249324
vt 0.241694 0.247912
vt 0.240888 0.229658
vt 0.183260 0.323325
vt 0.235096 0.230256
vt 0.229684 0.251377
vt 0.230251 0.270066
vt 0.236058 0.285615
vt 0.454595 0.304578
vt 0.453161 0.299910
vt 0.436823 0.305847
vt 0.420860 0.316495
vt 0.420052 0.311659
vt 0.438214 0.310495
vt 0.231633 0.319467
vt 0.225973 0.321370
vt 0.221605 0.336691
vt 0.221071 0.350963
vt 0.227375 0.335007
vt 0.067975 0.334048
vt 0.047793 0.367016
vt 0.038883 0.364602
vt 0.048685 0.328173
vt 0.056752 0.332410
vt 0.066462 0.340818
vt 0.082047 0.339235
vt 0.097679 0.333223
vt 0.096397 0.337948
vt 0.082240 0.333738
vt 0.109158 0.364976
vt 0.128401 0.360303
vt 0.126568 0.355826
vt 0.107051 0.355807
vt 0.124776 0.352325
vt 0.108967 0.359823
vt 0.116281 0.327922
vt 0.112804 0.333562
vt 0.125782 0.335009
vt 0.107269 0.338545
vt 0.133188 0.328987
vt 0.252254 0.341076
vt 0.249840 0.336589
vt 0.162710 0.348210
vt 0.146195 0.354855
vt 0.143945 0.351056
vt 0.165454 0.352388
vt 0.236506 0.349458
vt 0.253549 0.346427
vt 0.270308 0.343117
vt 0.287773 0.333620
vt 0.269719 0.337608
vt 0.325341 0.323714
vt 0.326519 0.317605
vt 0.306711 0.323155
vt 0.306717 0.328800
vt 0.322951 0.330106
vt 0.339196 0.325535
vt 0.358179 0.314052
vt 0.342489 0.318794
vt 0.386954 0.304570
vt 0.389771 0.297484
vt 0.376190 0.302216
vt 0.372621 0.309360
vt 0.385330 0.311361
vt 0.401789 0.306032
vt 0.417706 0.294283
vt 0.402086 0.299531
vt 0.448755 0.283489
vt 0.447306 0.277408
vt 0.432256 0.282694
vt 0.433281 0.288938
vt 0.450249 0.289306
vt 0.465836 0.283369
vt 0.480369 0.271474
vt 0.464350 0.277720
vt 0.040008 0.457411
vt 0.027681 0.458248
vt 0.035934 0.451981
vt 0.031460 0.445426
vt 0.034120 0.330510
vt 0.017204 0.363015
vt 0.019300 0.414277
vt 0.031216 0.413290
vt 0.032844 0.400580
vt 0.024625 0.386389
vt 0.022047 0.400323
vt 0.028432 0.203638
vt 0.030306 0.193127
vt 0.038546 0.203423
vt 0.049396 0.203281
vt 0.052379 0.192477
vt 0.061372 0.203332
vt 0.041221 0.192472
vt 0.064672 0.192901
vt 0.068913 0.181735
vt 0.060734 0.170050
vt 0.074380 0.168754
vt 0.056155 0.181561
vt 0.045880 0.231158
vt 0.056463 0.232112
vt 0.057232 0.223256
vt 0.047168 0.213677
vt 0.058852 0.213594
vt 0.045996 0.223034
vt 0.037166 0.229120
vt 0.039036 0.234875
vt 0.048025 0.243765
vt 0.041196 0.240491
vt 0.046929 0.237765
vt 0.101098 0.232508
vt 0.119201 0.231716
vt 0.121044 0.222398
vt 0.104994 0.213970
vt 0.102786 0.223319
vt 0.084257 0.232568
vt 0.083207 0.241581
vt 0.098166 0.251118
vt 0.082469 0.250298
vt 0.099748 0.241743
vt 0.112544 0.192448
vt 0.131332 0.189676
vt 0.138125 0.175991
vt 0.130179 0.163691
vt 0.148141 0.160980
vt 0.119454 0.179050
vt 0.094859 0.193224
vt 0.090785 0.204128
vt 0.108133 0.203856
vt 0.066118 0.157166
vt 0.059844 0.145882
vt 0.048060 0.146605
vt 0.054703 0.135624
vt 0.054029 0.158203
vt 0.029269 0.358218
vt 0.039564 0.361191
vt 0.042379 0.348031
vt 0.033022 0.329096
vt 0.045900 0.334737
vt 0.031210 0.343941
vt 0.034808 0.312880
vt 0.019509 0.026461
vt 0.022400 0.014238
vt 0.029494 0.026093
vt 0.050492 0.321073
vt 0.036444 0.294541
vt 0.059539 0.309641
vt 0.073060 0.300678
vt 0.073955 0.281659
vt 0.055587 0.288305
vt 0.079980 0.153256
vt 0.071828 0.142653
vt 0.085272 0.135382
vt 0.090675 0.117424
vt 0.082667 0.108072
vt 0.095156 0.100138
vt 0.077673 0.125950
vt 0.130984 0.128149
vt 0.135742 0.108227
vt 0.119719 0.108188
vt 0.100846 0.124176
vt 0.105734 0.106939
vt 0.114673 0.127343
vt 0.128542 0.147105
vt 0.146553 0.145886
vt 0.166942 0.126842
vt 0.148735 0.127598
vt 0.185982 0.191121
vt 0.189991 0.176900
vt 0.171988 0.174683
vt 0.150931 0.184228
vt 0.156973 0.170473
vt 0.167502 0.188565
vt 0.182482 0.204520
vt 0.202079 0.206853
vt 0.226189 0.195358
vt 0.205642 0.193166
vt 0.175094 0.236107
vt 0.177105 0.227162
vt 0.158333 0.224155
vt 0.138241 0.229252
vt 0.140273 0.219595
vt 0.156378 0.233666
vt 0.173221 0.243581
vt 0.192094 0.243963
vt 0.213435 0.238636
vt 0.194189 0.237364
vt 0.204369 0.127264
vt 0.209468 0.108072
vt 0.190169 0.107365
vt 0.185474 0.126684
vt 0.199457 0.145124
vt 0.218953 0.146177
vt 0.245155 0.129746
vt 0.224159 0.128268
vt 0.214842 0.258341
vt 0.198172 0.265159
vt 0.195976 0.258962
vt 0.176205 0.259884
vt 0.159424 0.268513
vt 0.178853 0.266682
vt 0.200732 0.270738
vt 0.220877 0.268789
vt 0.239398 0.262473
vt 0.218158 0.263724
vt 0.118061 0.273931
vt 0.106503 0.263256
vt 0.081624 0.265209
vt 0.095450 0.277235
vt 0.125713 0.283003
vt 0.144283 0.279000
vt 0.139322 0.271000
vt 0.306427 0.256521
vt 0.286161 0.260994
vt 0.282044 0.256774
vt 0.258203 0.257132
vt 0.235562 0.257624
vt 0.262285 0.261613
vt 0.288696 0.265196
vt 0.312691 0.264542
vt 0.334435 0.260107
vt 0.310381 0.260500
vt 0.381515 0.147435
vt 0.386506 0.130864
vt 0.364858 0.127499
vt 0.336720 0.141744
vt 0.359290 0.144923
vt 0.378367 0.162879
vt 0.400131 0.163716
vt 0.423119 0.151115
vt 0.403009 0.149305
vt 0.271610 0.241846
vt 0.251291 0.243958
vt 0.254384 0.236936
vt 0.235670 0.233513
vt 0.232552 0.240754
vt 0.268883 0.201631
vt 0.274384 0.186150
vt 0.252182 0.182901
vt 0.247603 0.198091
vt 0.263418 0.215729
vt 0.281434 0.220876
vt 0.303361 0.214054
vt 0.288071 0.206739
vt 0.333533 0.233199
vt 0.320702 0.235373
vt 0.329689 0.220902
vt 0.323017 0.209090
vt 0.313535 0.223968
vt 0.379259 0.203318
vt 0.378499 0.190613
vt 0.357725 0.191412
vt 0.341680 0.206063
vt 0.335648 0.193189
vt 0.360599 0.204489
vt 0.378248 0.215248
vt 0.394762 0.213327
vt 0.414558 0.200347
vt 0.397054 0.201965
vt 0.450395 0.196416
vt 0.452958 0.186436
vt 0.434795 0.187855
vt 0.432370 0.198464
vt 0.447407 0.205687
vt 0.464777 0.202914
vt 0.483278 0.193475
vt 0.480465 0.200690
vt 0.467809 0.194523
vt 0.458257 0.154855
vt 0.461064 0.142596
vt 0.444807 0.139710
vt 0.441292 0.153091
vt 0.456426 0.165846
vt 0.473752 0.166003
vt 0.490522 0.157387
vt 0.474671 0.156105
vt 0.457368 0.259715
vt 0.454117 0.255836
vt 0.437188 0.255800
vt 0.421897 0.259454
vt 0.419402 0.255877
vt 0.440209 0.259521
vt 0.457562 0.264131
vt 0.473449 0.264896
vt 0.488984 0.260699
vt 0.488513 0.265876
vt 0.473527 0.260115
vt 0.399213 0.255963
vt 0.380444 0.259662
vt 0.377319 0.256039
vt 0.354369 0.256142
vt 0.330683 0.256289
vt 0.357828 0.259847
vt 0.381701 0.263442
vt 0.402761 0.263306
vt 0.401866 0.259524
vt 0.529663 0.244905
vt 0.514444 0.257958
vt 0.512821 0.251790
vt 0.495691 0.258873
vt 0.497196 0.264720
vt 0.515941 0.264049
vt 0.203169 0.261603
vt 0.194995 0.273767
vt 0.189635 0.267935
vt 0.208141 0.267621
vt 0.199919 0.239651
vt 0.205550 0.244006
vt 0.131525 0.411279
vt 0.136285 0.399176
vt 0.513271 0.316372
vt 0.212016 0.231813
vt 0.201636 0.385911
vt 0.195852 0.386266
vt 0.184318 0.402658
vt 0.177067 0.418204
vt 0.404992 0.109399
vt 0.186586 0.247349
vt 0.172537 0.254407
vt 0.181227 0.243659
vt 0.290572 0.135077
vt 0.296229 0.116850
vt 0.273077 0.113693
vt 0.267520 0.132120
vt 0.284989 0.152727
vt 0.308106 0.156024
vt 0.313750 0.138338
vt 0.091138 0.405356
vt 0.100637 0.397686
vt 0.104193 0.403676
vt 0.504432 0.150739
vt 0.505067 0.159109
vt 0.089528 0.391054
vt 0.328098 0.395889
vt 0.086473 0.401638
vt 0.095834 0.393579
vt 0.094361 0.383660
vt 0.330460 0.380845
vt 0.316736 0.386840
vt 0.320526 0.380714
vt 0.327235 0.387224
vt 0.116932 0.347376
vt 0.118476 0.354913
vt 0.107111 0.358753
vt 0.097034 0.368470
vt 0.096858 0.376203
vt 0.086733 0.376752
vt 0.108242 0.366758
vt 0.185625 0.369964
vt 0.186988 0.375860
vt 0.204123 0.375027
vt 0.217118 0.369359
vt 0.220398 0.373966
vt 0.201468 0.369917
vt 0.188018 0.363449
vt 0.175911 0.361558
vt 0.162358 0.364600
vt 0.172063 0.368441
vt 0.178066 0.293443
vt 0.169364 0.301378
vt 0.172580 0.307543
vt 0.184742 0.306257
vt 0.175743 0.313759
vt 0.181811 0.299747
vt 0.186630 0.284343
vt 0.181417 0.278301
vt 0.167903 0.282101
vt 0.173446 0.287473
vt 0.154822 0.272844
vt 0.147791 0.281521
vt 0.154872 0.285929
vt 0.161506 0.277313
vt 0.163443 0.263963
vt 0.157960 0.260205
vt 0.143248 0.264992
vt 0.153668 0.257050
vt 0.148562 0.268725
vt 0.154920 0.346111
vt 0.157248 0.349118
vt 0.151979 0.356460
vt 0.152613 0.365537
vt 0.158177 0.357825
vt 0.127776 0.365888
vt 0.128365 0.375581
vt 0.137319 0.375162
vt 0.144705 0.365314
vt 0.147215 0.374668
vt 0.136761 0.365212
vt 0.127556 0.356880
vt 0.117449 0.358442
vt 0.109260 0.368174
vt 0.118249 0.367079
vt 0.147944 0.321083
vt 0.143118 0.327016
vt 0.148551 0.332675
vt 0.157426 0.332344
vt 0.154772 0.336781
vt 0.152545 0.327027
vt 0.153911 0.314986
vt 0.151023 0.308471
vt 0.142157 0.307194
vt 0.149316 0.301622
vt 0.144491 0.314493
vt 0.113939 0.342241
vt 0.119749 0.333994
vt 0.122918 0.341617
vt 0.133153 0.340414
vt 0.138621 0.333209
vt 0.144733 0.338577
vt 0.128781 0.333825
vt 0.126348 0.301632
vt 0.134086 0.304691
vt 0.141512 0.298985
vt 0.143082 0.290271
vt 0.150310 0.294035
vt 0.133721 0.295512
vt 0.119093 0.298566
vt 0.113427 0.306023
vt 0.115054 0.315960
vt 0.120406 0.308537
vt 0.104682 0.332980
vt 0.111830 0.333516
vt 0.117150 0.325377
vt 0.109890 0.324046
vt 0.098181 0.333035
vt 0.093259 0.343432
vt 0.093703 0.352795
vt 0.088386 0.353589
vt 0.099311 0.342794
vt 0.093889 0.369803
vt 0.094950 0.378233
vt 0.102591 0.377673
vt 0.101253 0.369016
vt 0.093750 0.361451
vt 0.087655 0.362418
vt 0.081012 0.371577
vt 0.082556 0.363086
vt 0.087163 0.370720
vt 0.611199 0.347077
vt 0.614125 0.349126
vt 0.605403 0.361741
vt 0.175720 0.418349
vt 0.178936 0.419092
vt 0.175568 0.430760
vt 0.634995 0.173090
vt 0.637925 0.175133
vt 0.614994 0.338124
vt 0.599607 0.376405
vt 0.602526 0.378464
vt 0.593338 0.393277
vt 0.587106 0.410943
vt 0.587070 0.410149
vt 0.175642 0.393482
vt 0.178853 0.394215
vt 0.175681 0.405916
vt 0.173618 0.347376
vt 0.176819 0.348092
vt 0.174689 0.357791
vt 0.564799 0.480251
vt 0.567753 0.482192
vt 0.560425 0.502064
vt 0.548945 0.563273
vt 0.550482 0.562344
vt 0.547637 0.577473
vt 0.639359 0.672406
vt 0.641965 0.671214
vt 0.641833 0.675690
vt 0.600343 0.303600
vt 0.601880 0.302670
vt 0.607528 0.621698
vt 0.190121 0.523865
vt 0.187457 0.522808
vt 0.194286 0.518453
vt 0.631194 0.660376
vt 0.633800 0.659184
vt 0.635581 0.666535
vt 0.510121 0.161779
vt 0.643268 0.162638
vt 0.637840 0.166446
vt 0.575678 0.445094
vt 0.578633 0.447035
vt 0.570238 0.462673
vt 0.589981 0.412220
vt 0.584020 0.428884
vt 0.556051 0.523878
vt 0.557589 0.522948
vt 0.552498 0.543575
vt 0.546330 0.591672
vt 0.547867 0.590742
vt 0.546268 0.604613
vt 0.566445 0.188850
vt 0.567982 0.187921
vt 0.569426 0.206024
vt 0.546206 0.617554
vt 0.547743 0.616625
vt 0.565072 0.173763
vt 0.162160 0.374102
vt 0.165384 0.374867
vt 0.161506 0.378698
vt 0.174951 0.464573
vt 0.178174 0.465334
vt 0.174873 0.470574
vt 0.175417 0.443172
vt 0.178636 0.443924
vt 0.175184 0.453872
vt 0.175119 0.369412
vt 0.178326 0.370135
vt 0.175552 0.381160
vt 0.179616 0.363359
vt 0.176747 0.365555
vt 0.174347 0.353541
vt 0.206209 0.421794
vt 0.203359 0.424008
vt 0.199389 0.406170
vt 0.192569 0.390547
vt 0.189709 0.392752
vt 0.186051 0.376747
vt 0.231172 0.495211
vt 0.228248 0.497293
vt 0.225123 0.475947
vt 0.219074 0.456683
vt 0.216149 0.458765
vt 0.212641 0.439238
vt 0.260517 0.239256
vt 0.257592 0.241338
vt 0.558043 0.282456
vt 0.268099 0.286757
vt 0.265174 0.288839
vt 0.264308 0.263007
vt 0.264249 0.376692
vt 0.261324 0.378774
vt 0.266445 0.354788
vt 0.268642 0.332884
vt 0.265717 0.334966
vt 0.268370 0.309820
vt 0.572407 0.223197
vt 0.573944 0.222268
vt 0.578646 0.243520
vt 0.584885 0.263842
vt 0.586422 0.262913
vt 0.592614 0.283721
vt 0.236992 0.452210
vt 0.234328 0.451152
vt 0.244842 0.433934
vt 0.252692 0.415658
vt 0.249768 0.417740
vt 0.258471 0.396175
vt 0.198799 0.512914
vt 0.196135 0.511857
vt 0.207881 0.499379
vt 0.216963 0.485844
vt 0.214300 0.484787
vt 0.226977 0.469027
vt 0.071646 0.274019
vt 0.073402 0.273418
vt 0.072739 0.277983
vt 0.616059 0.637017
vt 0.618665 0.635825
vt 0.623626 0.648696
vt 0.236497 0.267794
vt 0.088562 0.264559
vt 0.101971 0.279725
vt 0.088391 0.296462
vt 0.053107 0.285066
vt 0.234378 0.302941
vt 0.469757 0.298622
vt 0.485008 0.292540
vt 0.240143 0.238804
vt 0.224395 0.247186
vt 0.221973 0.242042
vt 0.017454 0.464350
vt 0.029315 0.465287
vt 0.016236 0.428540
vt 0.027055 0.372342
vt 0.531417 0.251849
vt 0.200127 0.280508
vt 0.474899 0.362195
vt 0.206093 0.227767
vt 0.212191 0.368257
vt 0.114556 0.394261
vt 0.498953 0.186527
vt 0.107979 0.375446
vt 0.021672 0.350892
vt 0.016503 0.358142
vt 0.015570 0.351032
vt 0.088123 0.356658
vt 0.116180 0.319026
vt 0.083399 0.283581
vt 0.055094 0.241067
vt 0.137789 0.393956
vt 0.130677 0.369280
vt 0.124565 0.347298
vt 0.119429 0.329724
vt 0.099574 0.348352
vt 0.104424 0.365793
vt 0.109143 0.383152
vt 0.178577 0.246419
vt 0.175942 0.230469
vt 0.172858 0.214714
vt 0.168665 0.363233
vt 0.148482 0.216610
vt 0.078281 0.241067
vt 0.078281 0.260752
vt 0.074653 0.256761
vt 0.151981 0.231680
vt 0.154230 0.246552
vt 0.074912 0.276224
vt 0.335784 0.332106
vt 0.317330 0.342334
vt 0.320073 0.336417
vt 0.255896 0.282851
vt 0.255896 0.301089
vt 0.251350 0.298131
vt 0.183498 0.278938
vt 0.255896 0.298905
vt 0.259874 0.282851
vt 0.259874 0.303445
vt 0.301601 0.346360
vt 0.158934 0.275768
vt 0.160893 0.291166
vt 0.161697 0.308082
vt 0.402393 0.317607
vt 0.402099 0.312053
vt 0.383899 0.323534
vt 0.384373 0.317749
vt 0.365261 0.329053
vt 0.367232 0.322950
vt 0.221424 0.234463
vt 0.222830 0.253738
vt 0.224379 0.272257
vt 0.467217 0.288672
vt 0.451663 0.294819
vt 0.435796 0.300569
vt 0.215211 0.338132
vt 0.066215 0.359521
vt 0.056446 0.358113
vt 0.049122 0.356196
vt 0.070714 0.345285
vt 0.085813 0.342626
vt 0.095978 0.340721
vt 0.142500 0.348844
vt 0.265493 0.328625
vt 0.247356 0.332760
vt 0.190837 0.443106
vt 0.174821 0.450482
vt 0.172724 0.447111
vt 0.160613 0.344839
vt 0.234084 0.344314
vt 0.193321 0.446935
vt 0.177565 0.454660
vt 0.225184 0.252887
vt 0.241437 0.244154
vt 0.241525 0.249823
vt 0.253636 0.352095
vt 0.270119 0.348737
vt 0.346739 0.305885
vt 0.327192 0.311818
vt 0.305411 0.318154
vt 0.303746 0.340717
vt 0.405892 0.285632
vt 0.393708 0.290204
vt 0.379997 0.295078
vt 0.461165 0.265747
vt 0.445780 0.271318
vt 0.431928 0.276189
vt 0.038379 0.349968
vt 0.023823 0.349709
vt 0.034705 0.345157
vt 0.046816 0.447429
vt 0.043440 0.441440
vt 0.036811 0.015620
vt 0.026803 0.340983
vt 0.041708 0.424724
vt 0.041552 0.414053
vt 0.042772 0.401753
vt 0.074984 0.203759
vt 0.078623 0.193268
vt 0.083855 0.180968
vt 0.068448 0.241051
vt 0.069086 0.232452
vt 0.070323 0.223244
vt 0.026956 0.220385
vt 0.029133 0.226908
vt 0.031828 0.232333
vt 0.035320 0.236506
vt 0.047067 0.377238
vt 0.050142 0.365023
vt 0.054576 0.352984
vt 0.059902 0.341598
vt 0.018261 0.036142
vt 0.024363 0.036002
vt 0.067538 0.330442
vt 0.076789 0.320634
vt 0.087539 0.310475
vt 0.108036 0.094609
vt 0.158506 0.087524
vt 0.140621 0.088621
vt 0.124346 0.090768
vt 0.214028 0.163003
vt 0.194504 0.161769
vt 0.177191 0.160043
vt 0.160703 0.213643
vt 0.179466 0.216786
vt 0.198938 0.219149
vt 0.152250 0.249554
vt 0.171269 0.249913
vt 0.189861 0.249299
vt 0.234862 0.089515
vt 0.214407 0.087718
vt 0.195331 0.087043
vt 0.213705 0.252668
vt 0.183520 0.278631
vt 0.202377 0.275670
vt 0.222801 0.273548
vt 0.114407 0.295736
vt 0.129973 0.290538
vt 0.147317 0.286065
vt 0.266664 0.270327
vt 0.290104 0.269227
vt 0.314050 0.268567
vt 0.412787 0.117530
vt 0.392800 0.113649
vt 0.370915 0.109755
vt 0.354417 0.177570
vt 0.377492 0.177213
vt 0.398621 0.177239
vt 0.275863 0.232790
vt 0.258513 0.227788
vt 0.239134 0.224147
vt 0.302629 0.173613
vt 0.279618 0.169823
vt 0.256935 0.166869
vt 0.360889 0.228874
vt 0.375414 0.226724
vt 0.391578 0.224177
vt 0.472992 0.175504
vt 0.454876 0.176198
vt 0.436759 0.176875
vt 0.426223 0.217912
vt 0.444706 0.214193
vt 0.462432 0.209837
vt 0.480158 0.205482
vt 0.478898 0.133116
vt 0.465725 0.129316
vt 0.449250 0.125363
vt 0.440095 0.268016
vt 0.457021 0.268767
vt 0.472143 0.269996
vt 0.487264 0.271226
vt 0.360221 0.267573
vt 0.382447 0.267239
vt 0.402808 0.267252
vt 0.471486 0.348555
vt 0.456302 0.362136
vt 0.454910 0.356198
vt 0.511429 0.245852
vt 0.493990 0.253014
vt 0.499838 0.276020
vt 0.517116 0.269812
vt 0.210985 0.248895
vt 0.197834 0.256204
vt 0.215961 0.254393
vt 0.532856 0.258143
vt 0.222956 0.241399
vt 0.500819 0.281351
vt 0.200164 0.369747
vt 0.190327 0.385983
vt 0.179781 0.401844
vt 0.402010 0.108501
vt 0.194201 0.235738
vt 0.189781 0.402855
vt 0.325396 0.101960
vt 0.301761 0.098058
vt 0.278538 0.094685
vt 0.329157 0.407954
vt 0.094711 0.411012
vt 0.106525 0.411378
vt 0.117433 0.401941
vt 0.119900 0.410945
vt 0.074653 0.254449
vt 0.063982 0.243588
vt 0.074653 0.241067
vt 0.504508 0.141247
vt 0.315438 0.400774
vt 0.318019 0.403566
vt 0.323438 0.406253
vt 0.325055 0.374989
vt 0.493041 0.200548
vt 0.105727 0.351944
vt 0.095417 0.361166
vt 0.087106 0.369423
vt 0.204799 0.357978
vt 0.191437 0.357245
vt 0.179700 0.355852
vt 0.158347 0.302381
vt 0.161042 0.308540
vt 0.164236 0.314727
vt 0.167791 0.251073
vt 0.374437 0.580510
vt 0.137677 0.346691
vt 0.125958 0.348910
vt 0.116110 0.350269
vt 0.118257 0.288065
vt 0.111906 0.295799
vt 0.106269 0.303919
vt 0.096462 0.322871
vt 0.091967 0.333459
vt 0.088072 0.343968
vt 0.084827 0.353926
vt 0.608326 0.363795
vt 0.178786 0.431508
vt 0.617923 0.340169
vt 0.596254 0.395342
vt 0.178894 0.406654
vt 0.177894 0.358510
vt 0.562671 0.502570
vt 0.549175 0.576543
vt 0.074494 0.268007
vt 0.644439 0.674498
vt 0.072739 0.268607
vt 0.609599 0.620637
vt 0.191622 0.517396
vt 0.638187 0.665343
vt 0.640771 0.168486
vt 0.573193 0.464613
vt 0.581374 0.427622
vt 0.554036 0.542646
vt 0.547805 0.603684
vt 0.570963 0.205094
vt 0.566609 0.172834
vt 0.508256 0.157730
vt 0.164730 0.379466
vt 0.733013 0.481132
vt 0.165984 0.369065
vt 0.178096 0.471337
vt 0.174271 0.476374
vt 0.178405 0.454629
vt 0.178761 0.381888
vt 0.166540 0.346875
vt 0.169417 0.344685
vt 0.171474 0.355734
vt 0.196534 0.408380
vt 0.183186 0.378947
vt 0.222198 0.478029
vt 0.209717 0.441320
vt 0.252340 0.218599
vt 0.555119 0.284537
vt 0.533952 0.561150
vt 0.261383 0.265088
vt 0.263521 0.356870
vt 0.265446 0.311902
vt 0.580183 0.242590
vt 0.594151 0.282791
vt 0.242048 0.434446
vt 0.255546 0.398257
vt 0.205218 0.498322
vt 0.224314 0.467970
vt 0.185380 0.524480
vt 0.074494 0.277382
vt 0.188044 0.525537
vt 0.626232 0.647504
vt 0.241311 0.283546
vt 0.008752 0.043416
vt 0.012715 0.058672
vt 0.011948 0.058674
vt 0.007985 0.043418
vt 0.037333 0.251008
vt 0.036864 0.228435
vt 0.662349 0.154542
vt 0.587472 0.155430
vt 0.022047 0.101717
vt 0.023858 0.115648
vt 0.021280 0.101719
vt 0.032255 0.172924
vt 0.030443 0.158082
vt 0.034041 0.189138
vt 0.004906 0.028966
vt 0.004139 0.028968
vt 0.001248 0.016759
vt 0.016236 0.073513
vt 0.019300 0.087769
vt 0.018533 0.087772
vt 0.015469 0.073515
vt 0.028502 0.143809
vt 0.026288 0.129689
vt 0.035677 0.207475
vt 0.655927 0.152598
vt 0.657384 0.152100
vt -0.000000 0.007094
vt 0.007985 0.458658
vt 0.011948 0.443392
vt 0.036864 0.273582
vt 0.090658 0.350960
vt 0.095489 0.347026
vt 0.021280 0.400326
vt 0.023858 0.386391
vt 0.030443 0.343943
vt 0.032255 0.329099
vt 0.034041 0.312883
vt 0.018742 0.026463
vt 0.021633 0.014241
vt 0.015469 0.428543
vt 0.018533 0.414279
vt 0.026288 0.372345
vt 0.028502 0.358220
vt 0.035677 0.294543
vt 0.101959 0.345223
vt 0.100517 0.344685
vt 0.086681 0.356121
vt 0.017494 0.036144
vt 0.710038 0.171103
vt 0.708532 0.186200
vt 0.702663 0.186370
vt 0.704170 0.171272
vt 0.696731 0.355019
vt 0.696497 0.377564
vt 0.690629 0.377733
vt 0.690863 0.355188
vt 0.704499 0.228888
vt 0.703391 0.242717
vt 0.697523 0.242886
vt 0.698631 0.229058
vt 0.700407 0.284898
vt 0.699424 0.299675
vt 0.693555 0.299844
vt 0.694538 0.285068
vt 0.698354 0.315828
vt 0.692486 0.315998
vt 0.711142 0.156822
vt 0.707038 0.200906
vt 0.705693 0.215047
vt 0.699825 0.215216
vt 0.701169 0.201076
vt 0.702336 0.256664
vt 0.701344 0.270698
vt 0.695476 0.270868
vt 0.696468 0.256833
vt 0.697377 0.334108
vt 0.691508 0.334277
vt 0.708504 0.570698
vt 0.710009 0.586105
vt 0.704140 0.586275
vt 0.702636 0.570868
vt 0.696728 0.400140
vt 0.690860 0.400310
vt 0.705818 0.630107
vt 0.700584 0.635338
vt 0.697139 0.635437
vt 0.700829 0.630252
vt 0.703372 0.513306
vt 0.704478 0.527325
vt 0.698609 0.527494
vt 0.697503 0.513475
vt 0.699412 0.455761
vt 0.700393 0.470653
vt 0.694525 0.470822
vt 0.693544 0.455930
vt 0.698345 0.439502
vt 0.692477 0.439672
vt 0.711111 0.600719
vt 0.711142 0.613089
vt 0.705274 0.613258
vt 0.705242 0.600889
vt 0.705670 0.541368
vt 0.707013 0.555731
vt 0.701144 0.555901
vt 0.699801 0.541537
vt 0.701329 0.484987
vt 0.702319 0.499181
vt 0.696451 0.499350
vt 0.695461 0.485156
vt 0.697370 0.421127
vt 0.691502 0.421296
vt 0.709528 0.622898
vt 0.703660 0.623067
vt 0.083769 0.357276
vt 0.086457 0.352626
vt 0.204830 0.389150
vt 0.205430 0.389069
vt 0.204822 0.396709
vt 0.205430 0.397715
vt 0.204736 0.383768
vt 0.205309 0.382818
vt 0.119900 0.417757
vt 0.120486 0.416479
vt 0.119900 0.422083
vt 0.120486 0.421360
vt 0.079782 0.258865
vt 0.080212 0.257104
vt 0.080212 0.263663
vt 0.079782 0.241067
vt 0.080237 0.247067
vt 0.079782 0.248958
vt 0.079782 0.266095
vt 0.080171 0.263663
vt 0.080171 0.270845
vt 0.079782 0.248958
vt 0.080207 0.254885
vt 0.079782 0.257104
vt 0.205687 0.357302
vt 0.204736 0.355516
vt 0.206787 0.350224
vt 0.206001 0.347377
vt 0.053050 0.255348
vt 0.052489 0.253360
vt 0.053107 0.250809
vt 0.052558 0.248899
vt 0.053003 0.259306
vt 0.052435 0.257912
vt 0.052985 0.263423
vt 0.052414 0.262646
vt 0.052996 0.269622
vt 0.052430 0.269982
vt 0.053107 0.275412
vt 0.052552 0.276764
vt 0.206867 0.389025
vt 0.206866 0.397675
vt 0.206756 0.382650
vt 0.121917 0.416616
vt 0.121918 0.421646
vt 0.120483 0.411224
vt 0.121914 0.411145
vt 0.120479 0.405782
vt 0.121909 0.405452
vt 0.213970 0.355053
vt 0.052524 0.241216
vt 0.213935 0.347376
vt 0.213893 0.359589
vt 0.213833 0.364201
vt 0.213809 0.368969
vt 0.213825 0.376302
vt 0.213952 0.383034
vt 0.208288 0.389154
vt 0.208287 0.397800
vt 0.208168 0.382893
vt 0.123348 0.416475
vt 0.123348 0.421356
vt 0.123345 0.411220
vt 0.123342 0.405777
vt 0.212525 0.355181
vt 0.212491 0.347499
vt 0.212456 0.359643
vt 0.212402 0.364195
vt 0.212381 0.368929
vt 0.212397 0.376265
vt 0.212519 0.383047
vt 0.208857 0.389256
vt 0.208848 0.396815
vt 0.208762 0.383874
vt 0.123932 0.417751
vt 0.123932 0.422077
vt 0.123930 0.412934
vt 0.200507 0.354340
vt 0.197879 0.359339
vt 0.198286 0.357438
vt 0.204736 0.347376
vt 0.203499 0.350058
vt 0.201295 0.352224
vt 0.204661 0.355616
vt 0.203434 0.357223
vt 0.211848 0.361620
vt 0.211906 0.357082
vt 0.211802 0.365578
vt 0.211783 0.369695
vt 0.211795 0.375894
vt 0.211906 0.381684
vt 0.209043 0.354933
vt 0.210824 0.360289
vt 0.207161 0.361595
vt 0.209471 0.381694
vt 0.204736 0.382650
vt 0.208154 0.375944
vt 0.211758 0.373366
vt 0.208725 0.369480
vt 0.211783 0.365865
vt 0.208345 0.365364
vt 0.201282 0.361222
vt 0.200252 0.382397
vt 0.195734 0.380686
vt 0.197969 0.375223
vt 0.194831 0.372095
vt 0.198456 0.368750
vt 0.196026 0.364686
vt 0.199500 0.364749
vt 0.205315 0.408411
vt 0.204736 0.408376
vt 0.052762 0.283387
vt 0.132861 0.417111
vt 0.131976 0.417535
vt 0.131976 0.405452
vt 0.205326 0.408411
vt 0.206768 0.408235
vt 0.214173 0.389582
vt 0.208175 0.408488
vt 0.079155 0.261927
vt 0.079763 0.260637
vt 0.079763 0.273197
vt 0.078864 0.282613
vt 0.078282 0.282652
vt 0.078282 0.270960
vt 0.198514 0.392974
vt 0.079155 0.260637
vt 0.079155 0.270959
vt 0.078281 0.270520
vt 0.212111 0.390001
vt 0.136211 0.415279
vt 0.204736 0.393197
vt 0.200955 0.393062
vt 0.069770 0.274489
vt 0.064826 0.274780
vt 0.069167 0.268007
vt 0.064223 0.268299
vt 0.071689 0.286111
vt 0.071646 0.277983
vt 0.074355 0.286104
vt 0.074445 0.277983
vt 0.131320 0.405452
vt 0.131976 0.413552
vt 0.128493 0.405685
vt 0.129320 0.413775
vt 0.064826 0.276394
vt 0.069770 0.276102
vt 0.210438 0.405146
vt 0.210438 0.390001
vt 0.053107 0.299380
vt 0.053107 0.284235
vt 0.063982 0.286786
vt 0.069478 0.286240
vt 0.063982 0.301928
vt 0.069478 0.301382
vt 0.053107 0.285066
vt 0.060786 0.285193
vt 0.053107 0.298733
vt 0.060786 0.298860
vt 0.071646 0.285788
vt 0.063982 0.286240
vt 0.071646 0.282445
vt 0.063982 0.282897
vt 0.070527 0.269549
vt 0.140544 0.409488
vt 0.139308 0.410074
vt 0.138192 0.405452
vt 0.069167 0.269707
vt 0.079782 0.241208
vt 0.078281 0.254011
vt 0.078281 0.241067
vt 0.128493 0.420953
vt 0.136291 0.414149
vt 0.136780 0.413832
vt 0.136211 0.414607
vt 0.140544 0.413137
vt 0.141851 0.411477
vt 0.145215 0.413137
vt 0.141040 0.410894
vt 0.138173 0.413369
vt 0.140498 0.412116
vt 0.136790 0.413827
vt 0.140553 0.405452
vt 0.140799 0.409467
vt 0.139256 0.412392
vt 0.139774 0.412124
vt 0.137124 0.407581
vt 0.136211 0.407173
vt 0.145076 0.411625
vt 0.138735 0.410341
vt 0.051175 0.517653
vt 0.048289 0.517653
vt 0.048429 0.500636
vt 0.051258 0.500636
vt 0.048569 0.489265
vt 0.050959 0.489265
vt 0.048399 0.471977
vt 0.051153 0.471976
vt 0.048355 0.451246
vt 0.051220 0.451245
vt 0.048350 0.428699
vt 0.051245 0.428698
vt 0.048355 0.405043
vt 0.051255 0.405042
vt 0.048359 0.380699
vt 0.051260 0.380698
vt 0.051261 0.355920
vt 0.048361 0.355921
vt 0.107780 0.245574
vt 0.104880 0.245574
vt 0.107776 0.220886
vt 0.104882 0.220887
vt 0.051258 0.331232
vt 0.048363 0.331233
vt 0.051241 0.307379
vt 0.048375 0.307379
vt 0.051182 0.285270
vt 0.048428 0.285271
vt 0.051134 0.266691
vt 0.048106 0.266692
vt 0.051270 0.253842
vt 0.048100 0.253842
vt 0.051146 0.533999
vt 0.048100 0.534618
vt 0.077686 0.276224
vt 0.077833 0.293981
vt 0.074653 0.276696
vt 0.074794 0.293860
vt 0.074841 0.311727
vt 0.077880 0.311848
vt 0.685976 0.169890
vt 0.679589 0.186900
vt 0.676885 0.186065
vt 0.683399 0.168715
vt 0.690629 0.158230
vt 0.688145 0.156822
vt 0.659459 0.253169
vt 0.654270 0.277128
vt 0.651060 0.278097
vt 0.656353 0.253659
vt 0.665720 0.229717
vt 0.662739 0.229738
vt 0.672598 0.207374
vt 0.669754 0.206948
vt 0.652803 0.402186
vt 0.659597 0.425635
vt 0.656492 0.426492
vt 0.649563 0.405656
vt 0.650401 0.389329
vt 0.647113 0.392543
vt 0.648508 0.370510
vt 0.645182 0.373347
vt 0.647779 0.348521
vt 0.644439 0.350918
vt 0.648455 0.325167
vt 0.645129 0.327097
vt 0.650629 0.301226
vt 0.647346 0.302677
vt 0.260849 0.374727
vt 0.254451 0.357760
vt 0.257028 0.356586
vt 0.263553 0.373892
vt 0.249802 0.346093
vt 0.252286 0.344685
vt 0.286169 0.464912
vt 0.280980 0.440964
vt 0.284086 0.441454
vt 0.289379 0.465881
vt 0.337498 0.330618
vt 0.331237 0.307178
vt 0.334219 0.307199
vt 0.340605 0.331108
vt 0.274718 0.417524
vt 0.267841 0.395191
vt 0.270685 0.394766
vt 0.277700 0.417545
vt 0.292126 0.332586
vt 0.299680 0.311913
vt 0.302785 0.312770
vt 0.295080 0.333856
vt 0.306481 0.288459
vt 0.309721 0.291928
vt 0.308877 0.275624
vt 0.312165 0.278836
vt 0.310771 0.256815
vt 0.314096 0.259650
vt 0.311499 0.234837
vt 0.314840 0.237233
vt 0.310823 0.211494
vt 0.314150 0.213424
vt 0.289810 0.488999
vt 0.293093 0.490449
vt 0.268642 0.376139
vt 0.280736 0.355360
vt 0.283841 0.356279
vt 0.271506 0.377474
vt 0.208857 0.385885
vt 0.208857 0.382718
vt 0.210906 0.382650
vt 0.210906 0.385818
vt 0.667146 0.446302
vt 0.663812 0.446766
vt 0.678536 0.469086
vt 0.690629 0.489876
vt 0.687765 0.491212
vt 0.675430 0.470006
vt 0.077692 0.314216
vt 0.074653 0.314095
vt 0.309257 0.407252
vt 0.304128 0.403408
vt 0.310775 0.386574
vt 0.323052 0.200815
vt 0.300570 0.496897
vt 0.305396 0.478020
vt 0.319104 0.289448
vt 0.315827 0.284880
vt 0.320002 0.269278
vt 0.304788 0.385205
vt 0.305413 0.372622
vt 0.312123 0.367747
vt 0.305018 0.344685
vt 0.313805 0.348026
vt 0.301515 0.472623
vt 0.358971 0.338091
vt 0.363120 0.343319
vt 0.358034 0.362277
vt 0.306601 0.453665
vt 0.303345 0.425069
vt 0.307887 0.429856
vt 0.302452 0.448437
vt 0.060717 0.241067
vt 0.063982 0.252112
vt 0.060688 0.260579
vt 0.063916 0.268726
vt 0.314974 0.301809
vt 0.318303 0.307216
vt 0.314840 0.312960
vt 0.316683 0.264573
vt 0.317566 0.242486
vt 0.320954 0.247405
vt 0.318477 0.219312
vt 0.321969 0.224477
vt 0.042282 0.254921
vt 0.048100 0.272059
vt 0.042790 0.275648
vt 0.043181 0.346521
vt 0.047071 0.365609
vt 0.043170 0.370777
vt 0.042808 0.439307
vt 0.046192 0.455094
vt 0.042690 0.459496
vt 0.047965 0.253842
vt 0.301762 0.385088
vt 0.296158 0.367130
vt 0.302246 0.372500
vt 0.296000 0.347338
vt 0.047322 0.341318
vt 0.103841 0.230972
vt 0.043173 0.322136
vt 0.047573 0.317116
vt 0.099700 0.236174
vt 0.043055 0.298292
vt 0.047825 0.293732
vt 0.045234 0.519328
vt 0.042282 0.510823
vt 0.045593 0.502699
vt 0.042383 0.494209
vt 0.045934 0.483190
vt 0.042589 0.477282
vt 0.046188 0.472044
vt 0.046357 0.434769
vt 0.042951 0.417414
vt 0.046579 0.412666
vt 0.043078 0.394464
vt 0.046821 0.389475
vt 0.189013 0.400235
vt 0.183856 0.387940
vt 0.187902 0.382294
vt 0.184810 0.370810
vt 0.188338 0.364783
vt 0.185449 0.354513
vt 0.188673 0.347376
vt 0.063982 0.284602
vt 0.060705 0.277211
vt 0.190936 0.382499
vt 0.194831 0.388681
vt 0.191372 0.364988
vt 0.194764 0.371483
vt 0.191707 0.347581
vt 0.194831 0.355147
vt 0.127809 0.405452
vt 0.128493 0.406704
vt 0.128493 0.418030
vt 0.123932 0.408334
vt 0.080237 0.259641
vt 0.080233 0.259643
vt 0.080233 0.248958
vt 0.078293 0.260637
vt 0.078282 0.254011
vt 0.079714 0.254043
vt 0.079730 0.260595
vt 0.078282 0.260637
vt 0.078864 0.270960
vt 0.079137 0.272980
vt 0.078864 0.273354
vt 0.079141 0.272981
vt 0.079782 0.270845
vt 0.080112 0.273460
vt 0.079782 0.274868
vt 0.080113 0.273448
vt 0.126212 0.418789
s 1
g off
g VWBeetle.cofre_
usemtl 
f 328/2341/2060 1782/2343/2062 101/2342/2061
f 1782/2343/2062 328/2341/2060 1781/2344/2063
f 365/104/2064 1784/2345/2066 2/103/2065
f 1784/2345/2066 365/104/2064 1783/2346/2067
f 54/255/2068 1786/2347/2070 543/254/2069
f 1786/2347/2070 54/255/2068 1785/2348/2071
f 642/2349/2072 1788/2350/2074 105/385/2073
f 1788/2350/2074 642/2349/2072 1787/2351/2075
f 683/440/2076 1790/2352/2078 108/438/2077
f 1790/2352/2078 683/440/2076 1789/2353/2079
f 108/438/2077 1791/2354/2081 685/441/2080
f 1791/2354/2081 108/438/2077 1790/2352/2078
f 686/994/2082 1793/2356/2084 102/2355/2083
f 1793/2356/2084 686/994/2082 1792/2357/2085
f 102/2355/2083 1781/2344/2063 328/2341/2060
f 1781/2344/2063 102/2355/2083 1793/2356/2084
f 333/2358/2086 1795/2360/2088 104/2359/2087
f 1795/2360/2088 333/2358/2086 1794/2361/2089
f 101/2342/2061 1794/2361/2089 333/2358/2086
f 1794/2361/2089 101/2342/2061 1782/2343/2062
f 361/877/2090 1797/2362/2092 107/436/2091
f 1797/2362/2092 361/877/2090 1796/2363/2093
f 105/385/2073 1796/2363/2093 361/877/2090
f 1796/2363/2093 105/385/2073 1788/2350/2074
f 109/446/2094 1783/2346/2067 365/104/2064
f 1783/2346/2067 109/446/2094 1798/2364/2095
f 543/254/2069 1799/2366/2097 53/2365/2096
f 1799/2366/2097 543/254/2069 1786/2347/2070
f 546/891/2098 1785/2348/2071 54/255/2068
f 104/2359/2087 1787/2351/2075 642/2349/2072
f 1787/2351/2075 104/2359/2087 1795/2360/2088
f 107/436/2091 1789/2353/2079 683/440/2076
f 1789/2353/2079 107/436/2091 1797/2362/2092
f 685/441/2080 1798/2364/2095 109/446/2094
f 1798/2364/2095 685/441/2080 1791/2354/2081
f 53/889/2096 1792/2357/2085 686/994/2082
f 1792/2357/2085 53/889/2096 1799/2367/2097
f 989/1247/2099 1801/2368/2101 1216/1246/2100
f 1801/2368/2101 989/1247/2099 1800/2369/2102
f 2/103/2065 1802/2370/2104 1253/1281/2103
f 1802/2370/2104 2/103/2065 1784/2345/2066
f 1431/1433/2105 1804/2371/2107 943/1432/2106
f 1804/2371/2107 1431/1433/2105 1803/2372/2108
f 993/1564/2109 1806/2373/2111 1529/1565/2110
f 1806/2373/2111 993/1564/2109 1805/2374/2112
f 996/1616/2113 1808/2375/2115 1570/1618/2114
f 1808/2375/2115 996/1616/2113 1807/2376/2116
f 1572/1619/2117 1807/2376/2116 996/1616/2113
f 1807/2376/2116 1572/1619/2117 1809/2377/2118
f 990/1621/2119 1811/2378/2121 1573/1620/2120
f 1811/2378/2121 990/1621/2119 1810/2379/2122
f 1216/1246/2100 1810/2379/2122 990/1621/2119
f 1810/2379/2122 1216/1246/2100 1801/2368/2101
f 992/1561/2123 1813/2380/2125 1221/2051/2124
f 1813/2380/2125 992/1561/2123 1812/2381/2126
f 1221/2051/2124 1800/2369/2102 989/1247/2099
f 1800/2369/2102 1221/2051/2124 1813/2380/2125
f 995/1613/2127 1815/2382/2129 1249/2052/2128
f 1815/2382/2129 995/1613/2127 1814/2383/2130
f 1249/2052/2128 1805/2374/2112 993/1564/2109
f 1805/2374/2112 1249/2052/2128 1815/2382/2129
f 1253/1281/2103 1816/2384/2132 997/1624/2131
f 1816/2384/2132 1253/1281/2103 1802/2370/2104
f 942/2385/2133 1803/2372/2108 1431/1433/2105
f 1803/2372/2108 942/2385/2133 1817/2386/2134
f 943/1432/2106 1818/2387/2136 1434/2064/2135
f 1818/2387/2136 943/1432/2106 1804/2371/2107
f 1529/1565/2110 1812/2381/2126 992/1561/2123
f 1812/2381/2126 1529/1565/2110 1806/2373/2111
f 1570/1618/2114 1814/2383/2130 995/1613/2127
f 1814/2383/2130 1570/1618/2114 1808/2375/2115
f 997/1624/2131 1809/2377/2118 1572/1619/2117
f 1809/2377/2118 997/1624/2131 1816/2384/2132
f 1573/1620/2120 1817/2388/2134 942/2168/2133
f 1817/2388/2134 1573/1620/2120 1811/2378/2121
f 1781/2389/2063 1820/2391/2137 1782/2390/2062
f 1820/2391/2137 1781/2389/2063 1819/2392/2138
f 1783/2393/2067 1822/2395/2139 1784/2394/2066
f 1822/2395/2139 1783/2393/2067 1821/2396/2140
f 1787/2397/2075 1824/2399/2141 1788/2398/2074
f 1824/2399/2141 1787/2397/2075 1823/2400/2142
f 1789/2401/2079 1826/2403/2143 1790/2402/2078
f 1826/2403/2143 1789/2401/2079 1825/2404/2144
f 1790/2402/2078 1827/2406/2145 1791/2405/2081
f 1827/2406/2145 1790/2402/2078 1826/2403/2143
f 1793/2407/2084 1819/2392/2138 1781/2389/2063
f 1794/2408/2089 1829/2410/2146 1795/2409/2088
f 1829/2410/2146 1794/2408/2089 1828/2411/2147
f 1782/2390/2062 1828/2411/2147 1794/2408/2089
f 1828/2411/2147 1782/2390/2062 1820/2391/2137
f 1796/2412/2093 1831/2414/2148 1797/2413/2092
f 1831/2414/2148 1796/2412/2093 1830/2415/2149
f 1788/2398/2074 1830/2415/2149 1796/2412/2093
f 1830/2415/2149 1788/2398/2074 1824/2399/2141
f 1798/2416/2095 1821/2396/2140 1783/2393/2067
f 1821/2396/2140 1798/2416/2095 1832/2417/2150
f 1795/2409/2088 1823/2400/2142 1787/2397/2075
f 1823/2400/2142 1795/2409/2088 1829/2410/2146
f 1797/2413/2092 1825/2404/2144 1789/2401/2079
f 1825/2404/2144 1797/2413/2092 1831/2414/2148
f 1791/2405/2081 1832/2417/2150 1798/2416/2095
f 1832/2417/2150 1791/2405/2081 1827/2406/2145
f 1800/2418/2102 1834/2420/2151 1801/2419/2101
f 1834/2420/2151 1800/2418/2102 1833/2421/2152
f 1784/2394/2066 1835/2423/2153 1802/2422/2104
f 1835/2423/2153 1784/2394/2066 1822/2395/2139
f 1803/2424/2108 1837/2426/2154 1804/2425/2107
f 1837/2426/2154 1803/2424/2108 1836/2427/2155
f 1805/2428/2112 1839/2430/2156 1806/2429/2111
f 1839/2430/2156 1805/2428/2112 1838/2431/2157
f 1807/2432/2116 1841/2434/2158 1808/2433/2115
f 1841/2434/2158 1807/2432/2116 1840/2435/2159
f 1809/2436/2118 1840/2435/2159 1807/2432/2116
f 1840/2435/2159 1809/2436/2118 1842/2437/2160
f 1810/2438/2122 1844/2440/2161 1811/2439/2121
f 1844/2440/2161 1810/2438/2122 1843/2441/2162
f 1801/2419/2101 1843/2441/2162 1810/2438/2122
f 1843/2441/2162 1801/2419/2101 1834/2420/2151
f 1812/2442/2126 1846/2444/2163 1813/2443/2125
f 1846/2444/2163 1812/2442/2126 1845/2445/2164
f 1813/2443/2125 1833/2421/2152 1800/2418/2102
f 1833/2421/2152 1813/2443/2125 1846/2444/2163
f 1814/2446/2130 1848/2448/2165 1815/2447/2129
f 1848/2448/2165 1814/2446/2130 1847/2449/2166
f 1815/2447/2129 1838/2431/2157 1805/2428/2112
f 1838/2431/2157 1815/2447/2129 1848/2448/2165
f 1802/2422/2104 1849/2451/2167 1816/2450/2132
f 1849/2451/2167 1802/2422/2104 1835/2423/2153
f 1817/2452/2134 1836/2427/2155 1803/2424/2108
f 1836/2427/2155 1817/2452/2134 1850/2453/2168
f 1804/2371/2107 1851/2454/2169 1818/2387/2136
f 1851/2454/2169 1804/2371/2107 1837/2455/2154
f 1806/2429/2111 1845/2445/2164 1812/2442/2126
f 1845/2445/2164 1806/2429/2111 1839/2430/2156
f 1808/2433/2115 1847/2449/2166 1814/2446/2130
f 1847/2449/2166 1808/2433/2115 1841/2434/2158
f 1816/2450/2132 1842/2437/2160 1809/2436/2118
f 1842/2437/2160 1816/2450/2132 1849/2451/2167
f 1811/2439/2121 1850/2453/2168 1817/2452/2134
f 1850/2453/2168 1811/2439/2121 1844/2440/2161
f 2078/2838/2451 2016/2831/2444 2041/2829/2442
g VWBeetle.cofre_Material.005
usemtl Material.005
f 257/1/1 256/3/3 12/2/2
f 260/4/4 259/6/5 12/5/2
f 263/7/6 262/9/8 14/8/7
f 266/10/9 265/11/10 14/8/7
f 269/12/11 268/14/13 15/13/12
f 272/15/14 271/17/16 16/16/15
f 275/18/17 274/20/19 17/19/18
f 278/21/20 277/23/22 18/22/21
f 281/24/23 280/26/25 19/25/24
f 284/27/26 283/29/28 20/28/27
f 287/30/29 286/32/31 22/31/30
f 290/33/32 289/35/34 23/34/33
f 293/36/35 292/37/36 12/5/2
f 296/38/37 295/40/39 26/39/38
f 299/41/40 298/42/41 26/39/38
f 302/43/42 301/44/43 15/13/12
f 305/45/44 304/46/45 15/13/12
f 308/47/46 307/49/48 28/48/47
f 311/50/49 310/52/50 17/51/18
f 314/53/51 313/55/53 29/54/52
f 317/56/54 316/57/55 19/25/24
f 320/58/56 319/60/58 30/59/57
f 323/61/59 322/63/61 21/62/60
f 326/64/62 325/66/64 31/65/63
f 329/67/65 328/69/67 101/68/66
f 332/70/68 331/72/70 25/71/69
f 335/73/71 334/75/73 32/74/72
f 338/76/74 337/78/76 166/77/75
f 340/79/77 338/76/74 166/77/75
f 343/80/78 342/82/80 170/81/79
f 346/83/81 345/85/83 163/84/82
f 349/86/84 348/88/86 174/87/85
f 352/89/87 351/91/89 175/90/88
f 355/92/90 354/94/92 178/93/91
f 358/95/93 357/97/95 179/96/94
f 360/98/96 340/79/77 166/77/75
f 363/99/97 362/101/99 33/100/98
f 366/102/100 365/104/102 2/103/101
f 369/105/103 368/107/105 183/106/104
f 372/108/106 371/109/107 178/93/91
f 375/110/108 374/112/110 187/111/109
f 378/113/111 377/114/112 179/96/94
f 381/115/113 380/117/115 191/116/114
f 384/118/116 383/119/117 175/90/88
f 387/120/118 386/122/120 195/121/119
f 390/123/121 389/125/123 197/124/122
f 393/126/124 392/128/126 199/127/125
f 396/129/127 395/131/129 36/130/128
f 402/132/130 401/134/132 35/133/131
f 405/135/133 404/137/135 3/136/134
f 408/138/136 407/140/138 37/139/137
f 414/141/139 413/143/141 202/142/140
f 417/144/142 416/146/144 204/145/143
f 420/147/145 419/149/147 206/148/146
f 423/150/148 422/151/149 195/121/119
f 426/152/150 425/153/151 202/142/140
f 429/154/152 428/156/154 210/155/153
f 432/157/155 431/159/157 213/158/156
f 435/160/158 434/162/160 215/161/159
f 438/163/161 437/165/163 217/164/162
f 441/166/164 440/168/166 219/167/165
f 444/169/167 443/170/168 215/161/159
f 447/171/169 446/173/171 222/172/170
f 450/174/172 449/176/174 39/175/173
f 456/177/175 455/179/177 38/178/176
f 462/180/178 461/181/179 23/34/33
f 465/182/180 464/184/182 40/183/181
f 468/185/183 467/187/185 24/186/184
f 471/188/186 470/190/188 42/189/187
f 474/191/189 473/192/190 191/116/114
f 477/193/191 476/195/193 224/194/192
f 480/196/194 479/197/195 219/167/165
f 479/198/195 482/200/196 219/199/165
f 485/201/197 484/203/199 228/202/198
f 487/204/200 441/166/164 219/167/165
f 490/205/201 489/207/203 41/206/202
f 493/208/204 492/210/206 5/209/205
f 496/211/207 495/213/208 40/212/181
f 499/214/209 498/216/211 47/215/210
f 502/217/212 501/218/213 42/189/187
f 505/219/214 504/221/216 48/220/215
f 508/222/217 507/224/219 44/223/218
f 511/225/220 510/227/222 45/226/221
f 514/228/223 513/230/225 6/229/224
f 517/231/226 516/233/228 46/232/227
f 520/234/229 519/236/231 52/235/230
f 523/237/232 522/238/233 52/235/230
f 526/239/234 525/240/235 48/220/215
f 529/241/236 528/242/237 52/235/230
f 532/243/238 531/245/240 49/244/239
f 535/246/241 534/248/243 51/247/242
f 538/249/244 537/250/245 51/247/242
f 541/251/246 540/253/248 7/252/247
f 543/254/249 256/256/3 54/255/250
f 545/257/251 544/259/253 55/258/252
f 544/259/253 255/260/254 55/258/252
f 547/261/255 262/9/8 57/262/256
f 550/263/257 549/265/259 58/264/258
f 549/265/259 258/266/260 58/264/258
f 551/267/261 259/268/5 57/262/256
f 553/269/262 552/271/264 59/270/263
f 552/271/264 261/272/265 59/270/263
f 554/273/266 268/275/13 61/274/267
f 548/276/268 556/278/270 56/277/269
f 556/278/270 264/279/271 56/277/269
f 558/280/272 265/11/10 61/274/267
f 272/15/14 560/282/274 63/281/273
f 560/282/274 267/283/275 63/281/273
f 562/284/276 274/20/19 65/285/277
f 269/286/11 564/287/278 63/281/273
f 564/287/278 270/288/279 63/281/273
f 566/289/280 271/17/16 65/285/277
f 278/21/20 568/291/282 67/290/281
f 568/291/282 273/292/283 67/290/281
f 570/293/284 280/295/25 69/294/285
f 275/18/17 572/296/286 67/290/281
f 572/296/286 276/297/287 67/290/281
f 574/298/288 277/23/22 69/294/285
f 284/27/26 576/300/290 71/299/289
f 576/300/290 279/301/291 71/299/289
f 579/302/292 578/304/294 73/303/293
f 281/305/23 581/306/295 71/299/289
f 581/306/295 282/307/296 71/299/289
f 583/308/297 283/29/28 73/303/293
f 287/30/29 585/310/299 75/309/298
f 587/311/300 289/35/34 77/312/301
f 590/313/302 589/315/303 75/314/298
f 589/315/303 285/316/304 75/314/298
f 592/317/305 286/32/31 77/318/301
f 468/185/183 594/320/307 79/319/306
f 594/320/307 288/321/308 79/319/306
f 596/322/309 295/40/39 81/323/310
f 332/70/68 598/325/312 82/324/311
f 598/325/312 291/326/313 82/324/311
f 599/327/314 292/37/36 81/323/310
f 601/328/315 600/330/317 83/329/316
f 600/330/317 294/331/318 83/329/316
f 602/332/319 301/44/43 85/333/320
f 605/334/321 604/336/323 86/335/322
f 604/336/323 297/337/324 86/335/322
f 606/338/325 298/42/41 85/333/320
f 555/339/326 607/341/328 60/340/327
f 607/341/328 300/342/329 60/340/327
f 609/343/330 307/49/48 88/344/331
f 603/345/332 611/347/334 84/346/333
f 611/347/334 303/348/335 84/346/333
f 612/349/336 304/46/45 88/344/331
f 311/50/49 613/351/338 89/350/337
f 613/351/338 306/352/339 89/350/337
f 615/353/340 313/55/53 91/354/341
f 308/47/46 617/355/342 89/350/337
f 617/355/342 309/356/343 89/350/337
f 618/357/344 310/52/50 91/354/341
f 317/56/54 619/359/346 92/358/345
f 619/359/346 312/360/347 92/358/345
f 621/361/348 319/60/58 94/362/349
f 314/53/51 623/363/350 92/358/345
f 623/363/350 315/364/351 92/358/345
f 624/365/352 316/57/55 94/362/349
f 323/61/59 625/367/354 95/366/353
f 625/367/354 318/368/355 95/366/353
f 627/369/356 325/371/64 97/370/357
f 320/58/56 629/372/358 95/366/353
f 629/372/358 321/373/359 95/366/353
f 630/374/360 322/63/61 97/370/357
f 462/180/178 631/376/362 98/375/361
f 631/376/362 324/377/363 98/375/361
f 633/378/364 331/72/70 100/379/365
f 335/73/71 635/380/366 101/68/66
f 635/380/366 329/67/65 101/68/66
f 293/36/35 637/381/367 82/324/311
f 637/381/367 330/382/368 82/324/311
f 639/383/369 334/75/73 104/384/370
f 363/99/97 641/386/372 105/385/371
f 641/386/372 642/387/373 105/385/371
f 644/388/374 643/390/376 165/389/375
f 647/391/377 646/393/379 164/392/378
f 646/393/379 336/394/380 164/392/378
f 649/395/381 647/391/377 164/392/378
f 652/396/382 651/398/384 167/397/383
f 651/398/384 339/399/385 167/397/383
f 654/400/386 345/85/83 169/401/387
f 645/402/388 656/404/390 168/403/389
f 656/404/390 341/405/391 168/403/389
f 658/406/392 342/82/80 169/401/387
f 661/407/393 660/409/395 171/408/394
f 660/409/395 344/410/396 171/408/394
f 662/411/397 351/91/89 173/412/398
f 358/95/93 664/414/400 172/413/399
f 664/414/400 347/415/401 172/413/399
f 665/416/402 348/88/86 173/412/398
f 667/417/403 666/419/405 162/418/404
f 666/419/405 350/420/406 162/418/404
f 668/421/407 357/97/95 177/422/408
f 671/423/409 670/425/411 176/424/410
f 670/425/411 353/426/412 176/424/410
f 672/427/413 354/94/92 177/422/408
f 349/86/84 673/428/414 172/413/399
f 673/428/414 356/429/415 172/413/399
f 675/430/416 652/396/382 167/397/383
f 677/431/417 676/433/419 180/432/418
f 676/433/419 359/434/420 180/432/418
f 679/435/421 362/101/99 107/436/422
f 682/437/423 681/439/425 108/438/424
f 681/439/425 683/440/426 108/438/424
f 685/441/427 682/437/423 108/438/424
f 636/442/428 686/444/430 102/443/429
f 688/445/431 684/447/433 109/446/432
f 402/132/130 690/449/435 111/448/434
f 690/449/435 364/450/436 111/448/434
f 691/451/437 674/453/439 182/452/438
f 694/454/440 693/456/442 181/455/441
f 693/456/442 367/457/443 181/455/441
f 696/458/444 374/112/110 185/459/445
f 692/460/446 698/462/448 184/461/447
f 698/462/448 370/463/449 184/461/447
f 699/464/450 371/109/107 185/459/445
f 390/123/121 700/466/452 186/465/451
f 700/466/452 373/467/453 186/465/451
f 702/468/454 380/117/115 189/469/455
f 669/470/456 704/472/458 188/471/457
f 704/472/458 376/473/459 188/471/457
f 706/474/460 377/114/112 189/469/455
f 423/150/148 708/476/462 190/475/461
f 708/476/462 379/477/463 190/475/461
f 709/478/464 386/122/120 193/479/465
f 663/480/466 710/482/468 192/481/467
f 710/482/468 382/483/469 192/481/467
f 712/484/470 383/119/117 193/479/465
f 420/147/145 714/486/472 194/485/471
f 714/486/472 385/487/473 194/485/471
f 716/488/474 392/128/126 196/489/475
f 375/110/108 718/490/476 186/465/451
f 718/490/476 388/491/477 186/465/451
f 719/492/478 389/125/123 196/489/475
f 474/191/189 720/494/480 198/493/479
f 720/494/480 391/495/481 198/493/479
f 721/496/482 398/498/484 114/497/483
f 405/135/133 723/500/486 115/499/485
f 723/500/486 394/501/487 115/499/485
f 725/502/488 395/131/129 114/497/483
f 408/138/136 727/504/490 116/503/489
f 727/504/490 397/505/491 116/503/489
f 729/506/492 404/137/135 117/507/493
f 366/102/100 731/508/494 111/448/434
f 731/508/494 400/509/495 111/448/434
f 733/510/496 401/134/132 117/507/493
f 396/129/127 735/511/497 115/499/485
f 735/511/497 403/512/498 115/499/485
f 736/513/499 410/515/501 118/514/500
f 399/516/502 737/517/503 116/503/489
f 737/517/503 406/518/504 116/503/489
f 739/519/505 407/140/138 118/514/500
f 456/177/175 741/521/507 120/520/506
f 741/521/507 409/522/508 120/520/506
f 743/523/509 416/146/144 201/524/510
f 477/193/191 745/526/512 200/525/511
f 745/526/512 412/527/513 200/525/511
f 747/528/514 413/143/141 201/524/510
f 444/169/167 749/530/516 203/529/515
f 749/530/516 415/531/517 203/529/515
f 752/532/518 751/534/520 205/533/519
f 387/120/118 754/535/521 194/485/471
f 754/535/521 418/536/522 194/485/471
f 756/537/523 425/153/151 207/538/524
f 381/115/113 758/539/525 190/475/461
f 758/539/525 421/540/526 190/475/461
f 759/541/527 422/151/149 207/538/524
f 429/154/152 760/543/529 208/542/528
f 760/543/529 424/544/530 208/542/528
f 762/545/531 761/547/533 209/546/532
f 426/152/150 764/548/534 208/542/528
f 764/548/534 427/549/535 208/542/528
f 765/550/536 434/162/160 212/551/537
f 763/552/538 766/554/540 211/553/539
f 766/554/540 430/555/541 211/553/539
f 768/556/542 431/159/157 212/551/537
f 438/163/161 770/558/544 214/557/543
f 770/558/544 433/559/545 214/557/543
f 772/560/546 440/168/166 216/561/547
f 435/160/158 774/562/548 214/557/543
f 774/562/548 436/563/549 214/557/543
f 776/564/550 437/165/163 216/561/547
f 779/565/551 778/567/553 218/566/552
f 778/567/553 439/568/554 218/566/552
f 781/569/555 446/173/171 220/570/556
f 417/144/142 783/571/557 203/529/515
f 783/571/557 442/572/558 203/529/515
f 784/573/559 443/170/168 220/570/556
f 480/196/194 785/575/561 221/574/560
f 785/575/561 445/576/562 221/574/560
f 786/577/563 452/579/565 124/578/564
f 459/580/566 787/582/568 125/581/567
f 787/582/568 448/583/569 125/581/567
f 789/584/570 449/176/174 124/578/564
f 490/585/201 791/587/572 126/586/571
f 791/587/572 451/588/573 126/586/571
f 792/589/574 458/591/576 127/590/575
f 411/592/577 793/593/578 120/520/506
f 793/593/578 454/594/579 120/520/506
f 795/595/580 455/179/177 127/590/575
f 450/174/172 797/596/581 125/581/567
f 797/596/581 457/597/582 125/581/567
f 799/598/583 464/184/182 128/599/584
f 326/64/62 801/600/585 98/375/361
f 801/600/585 460/601/586 98/375/361
f 803/602/587 461/181/179 128/599/584
f 806/603/588 805/605/590 130/604/589
f 805/606/590 463/608/591 130/607/589
f 807/609/592 470/611/188 131/610/593
f 290/33/32 808/613/594 79/612/306
f 808/614/594 466/615/595 79/319/306
f 810/616/596 467/187/185 131/617/593
f 813/618/597 812/620/599 133/619/598
f 812/620/599 469/621/600 133/619/598
f 815/622/601 476/195/193 223/623/602
f 393/126/124 817/624/603 198/493/479
f 817/624/603 472/625/604 198/493/479
f 818/626/605 473/192/190 223/623/602
f 414/141/139 819/627/606 200/525/511
f 819/627/606 475/628/607 200/525/511
f 822/629/608 821/631/610 225/630/609
f 447/171/169 824/632/611 221/574/560
f 824/632/611 478/633/612 221/574/560
f 826/634/613 484/203/199 226/635/614
f 821/631/610 828/636/615 225/630/609
f 828/636/615 481/637/616 225/630/609
f 829/638/617 482/200/196 226/635/614
f 832/639/618 831/641/620 227/640/619
f 831/641/620 483/642/621 227/640/619
f 834/643/622 779/565/551 218/566/552
f 830/644/623 836/646/625 229/645/624
f 836/646/625 486/647/626 229/645/624
f 838/648/627 492/210/206 138/649/628
f 453/650/629 839/652/630 126/651/571
f 839/652/630 488/653/631 126/651/571
f 841/654/632 489/655/203 138/649/628
f 508/222/217 843/657/634 139/656/633
f 843/657/634 491/658/635 139/656/633
f 845/659/636 498/216/211 141/660/637
f 848/661/638 847/663/640 137/662/639
f 847/663/640 494/664/641 137/662/639
f 849/665/642 495/213/208 141/660/637
f 502/217/212 850/667/644 142/666/643
f 850/667/644 497/668/645 142/666/643
f 851/669/646 504/221/216 144/670/647
f 499/214/209 853/671/648 142/666/643
f 853/671/648 500/672/649 142/666/643
f 854/673/650 501/218/213 144/670/647
f 856/674/651 855/676/653 145/675/652
f 855/677/653 503/679/654 145/678/652
f 858/680/655 857/682/657 135/681/656
f 493/208/204 860/683/658 139/656/633
f 860/683/658 506/684/659 139/656/633
f 862/685/660 513/230/225 149/686/661
f 859/687/662 864/689/664 148/688/663
f 864/689/664 509/690/665 148/688/663
f 866/691/666 510/692/222 149/686/661
f 538/249/244 868/694/668 151/693/667
f 868/694/668 512/695/669 151/693/667
f 869/696/670 519/236/231 153/697/671
f 872/698/672 871/700/674 136/699/673
f 871/700/674 515/701/675 136/699/673
f 873/702/676 516/233/228 153/697/671
f 875/703/677 874/705/679 154/704/678
f 874/705/679 518/706/680 154/704/678
f 877/707/681 876/709/683 155/708/682
f 870/710/684 878/712/686 152/711/685
f 878/712/686 521/713/687 152/711/685
f 879/714/688 528/242/237 156/715/689
f 852/716/690 880/718/692 143/717/691
f 880/718/692 524/719/693 143/717/691
f 882/720/694 525/240/235 156/715/689
f 532/243/238 884/722/696 157/721/695
f 884/723/696 527/725/697 157/724/695
f 885/726/698 534/248/243 158/727/699
f 529/241/236 886/728/700 157/724/695
f 886/729/700 530/730/701 157/721/695
f 888/731/702 531/245/240 158/727/699
f 891/732/703 890/734/705 159/733/704
f 890/734/705 533/735/706 159/733/704
f 893/736/707 540/253/248 161/737/708
f 514/228/223 895/738/709 151/693/667
f 895/738/709 536/739/710 151/693/667
f 896/740/711 537/250/245 161/737/708
f 898/741/712 897/743/714 160/742/713
f 897/743/714 539/744/715 160/742/713
f 299/745/716 26/747/718 163/746/717
f 640/748/719 33/750/721 166/749/720
f 595/751/722 80/753/724 171/752/723
f 605/754/725 86/756/727 162/755/726
f 605/754/725 899/758/729 27/757/728
f 678/759/730 106/761/732 180/760/731
f 687/762/733 110/764/735 181/763/734
f 616/765/736 28/767/738 206/766/737
f 622/768/739 29/770/741 210/769/740
f 872/771/742 136/773/744 227/772/743
f 496/774/745 40/776/747 231/775/746
f 507/777/748 135/779/750 233/778/749
f 517/780/751 46/782/753 234/781/752
f 597/783/754 25/785/756 235/784/755
f 608/786/757 87/788/759 236/787/758
f 711/789/760 899/758/729 175/790/761
f 614/791/762 90/793/764 205/792/763
f 620/794/765 93/796/767 209/795/766
f 626/797/768 96/799/770 237/798/769
f 628/800/771 30/802/773 213/801/772
f 632/803/774 99/805/776 238/804/775
f 634/806/777 32/808/779 170/807/778
f 638/809/780 103/811/782 165/810/781
f 680/812/783 34/814/785 183/813/784
f 689/815/786 35/817/788 241/816/787
f 734/818/789 36/820/791 187/819/790
f 732/821/792 112/823/794 242/822/793
f 726/824/795 37/826/797 199/825/796
f 724/827/798 113/829/800 245/828/799
f 738/830/801 119/832/803 246/831/802
f 740/833/804 38/835/806 224/834/805
f 796/836/807 39/838/809 204/837/808
f 794/839/810 121/841/812 247/840/811
f 800/842/813 31/844/815 217/843/814
f 798/845/816 122/847/818 252/846/817
f 790/848/819 41/850/821 222/849/820
f 788/851/822 123/853/824 253/852/823
f 842/854/825 44/856/827 232/855/826
f 840/857/828 134/859/830 254/858/829
f 857/860/831 45/862/833 228/861/832
f 848/863/834 137/865/836 230/864/835
f 578/304/294 900/866/837 73/303/293
f 900/866/837 583/308/297 73/303/293
f 255/260/254 54/255/250 256/256/3
f 55/258/252 255/260/254 257/867/1
f 255/260/254 256/256/3 257/867/1
f 258/266/260 57/262/256 259/268/5
f 58/264/258 258/266/260 260/868/4
f 258/266/260 259/268/5 260/868/4
f 261/869/265 57/262/256 262/9/8
f 59/270/263 261/272/265 263/870/6
f 261/869/265 262/9/8 263/7/6
f 264/279/271 61/274/267 265/11/10
f 56/277/269 264/279/271 266/10/9
f 264/279/271 265/11/10 266/10/9
f 267/283/275 61/274/267 268/275/13
f 63/281/273 267/283/275 269/286/11
f 267/283/275 268/275/13 269/286/11
f 270/288/279 65/285/277 271/17/16
f 63/281/273 270/288/279 272/15/14
f 270/288/279 271/17/16 272/15/14
f 273/292/283 65/285/277 274/20/19
f 67/290/281 273/292/283 275/18/17
f 273/292/283 274/20/19 275/18/17
f 276/297/287 69/294/285 277/23/22
f 67/290/281 276/297/287 278/21/20
f 276/297/287 277/23/22 278/21/20
f 279/301/291 69/294/285 280/295/25
f 71/299/289 279/301/291 281/305/23
f 279/301/291 280/295/25 281/305/23
f 282/307/296 73/303/293 283/29/28
f 71/299/289 282/307/296 284/27/26
f 282/307/296 283/29/28 284/27/26
f 285/871/304 77/318/301 286/32/31
f 75/309/298 285/871/304 287/30/29
f 285/871/304 286/32/31 287/30/29
f 288/872/308 77/312/301 289/35/34
f 79/612/306 288/872/308 290/33/32
f 288/872/308 289/35/34 290/33/32
f 291/326/313 81/323/310 292/37/36
f 82/324/311 291/326/313 293/36/35
f 291/326/313 292/37/36 293/36/35
f 294/331/318 81/323/310 295/40/39
f 83/329/316 294/331/318 296/38/37
f 294/331/318 295/40/39 296/38/37
f 297/337/324 85/333/320 298/42/41
f 86/335/322 297/337/324 299/41/40
f 297/337/324 298/42/41 299/41/40
f 300/342/329 85/333/320 301/44/43
f 60/340/327 300/342/329 302/43/42
f 300/342/329 301/44/43 302/43/42
f 303/348/335 88/344/331 304/46/45
f 84/346/333 303/348/335 305/45/44
f 303/348/335 304/46/45 305/45/44
f 306/352/339 88/344/331 307/49/48
f 89/350/337 306/352/339 308/47/46
f 306/352/339 307/49/48 308/47/46
f 309/356/343 91/354/341 310/52/50
f 89/350/337 309/356/343 311/50/49
f 309/356/343 310/52/50 311/50/49
f 312/360/347 91/354/341 313/55/53
f 92/358/345 312/360/347 314/53/51
f 312/360/347 313/55/53 314/53/51
f 315/364/351 94/362/349 316/57/55
f 92/358/345 315/364/351 317/56/54
f 315/364/351 316/57/55 317/56/54
f 318/368/355 94/362/349 319/60/58
f 95/366/353 318/368/355 320/58/56
f 318/368/355 319/60/58 320/58/56
f 321/373/359 97/370/357 322/63/61
f 95/366/353 321/373/359 323/61/59
f 321/373/359 322/63/61 323/61/59
f 324/873/363 97/370/357 325/371/64
f 98/375/361 324/377/363 326/64/62
f 324/873/363 325/371/64 326/874/62
f 327/875/838 102/443/429 328/69/67
f 100/379/365 327/875/838 329/67/65
f 327/875/838 328/69/67 329/67/65
f 330/382/368 100/379/365 331/72/70
f 82/324/311 330/382/368 332/70/68
f 330/382/368 331/72/70 332/70/68
f 333/876/839 104/384/370 334/75/73
f 101/68/66 333/876/839 335/73/71
f 333/876/839 334/75/73 335/73/71
f 336/394/380 165/389/375 337/78/76
f 164/392/378 336/394/380 338/76/74
f 336/394/380 337/78/76 338/76/74
f 339/399/385 164/392/378 338/76/74
f 167/397/383 339/399/385 340/79/77
f 339/399/385 338/76/74 340/79/77
f 341/405/391 169/401/387 342/82/80
f 168/403/389 341/405/391 343/80/78
f 341/405/391 342/82/80 343/80/78
f 344/410/396 169/401/387 345/85/83
f 171/408/394 344/410/396 346/83/81
f 344/410/396 345/85/83 346/83/81
f 347/415/401 173/412/398 348/88/86
f 172/413/399 347/415/401 349/86/84
f 347/415/401 348/88/86 349/86/84
f 350/420/406 173/412/398 351/91/89
f 162/418/404 350/420/406 352/89/87
f 350/420/406 351/91/89 352/89/87
f 353/426/412 177/422/408 354/94/92
f 176/424/410 353/426/412 355/92/90
f 353/426/412 354/94/92 355/92/90
f 356/429/415 177/422/408 357/97/95
f 172/413/399 356/429/415 358/95/93
f 356/429/415 357/97/95 358/95/93
f 359/434/420 167/397/383 340/79/77
f 180/432/418 359/434/420 360/98/96
f 359/434/420 340/79/77 360/98/96
f 361/877/840 107/436/422 362/101/99
f 105/385/371 361/877/840 363/99/97
f 361/877/840 362/101/99 363/99/97
f 364/450/436 109/446/432 365/104/102
f 111/448/434 364/450/436 366/102/100
f 364/450/436 365/104/102 366/102/100
f 367/457/443 182/452/438 368/107/105
f 181/455/441 367/457/443 369/105/103
f 367/457/443 368/107/105 369/105/103
f 370/463/449 185/459/445 371/109/107
f 184/461/447 370/463/449 372/108/106
f 370/463/449 371/109/107 372/108/106
f 373/467/453 185/459/445 374/112/110
f 186/465/451 373/467/453 375/110/108
f 373/467/453 374/112/110 375/110/108
f 376/473/459 189/469/455 377/114/112
f 188/471/457 376/473/459 378/113/111
f 376/473/459 377/114/112 378/113/111
f 379/477/463 189/469/455 380/117/115
f 190/475/461 379/477/463 381/115/113
f 379/477/463 380/117/115 381/115/113
f 382/483/469 193/479/465 383/119/117
f 192/481/467 382/483/469 384/118/116
f 382/483/469 383/119/117 384/118/116
f 385/487/473 193/479/465 386/122/120
f 194/485/471 385/487/473 387/120/118
f 385/487/473 386/122/120 387/120/118
f 388/491/477 196/489/475 389/125/123
f 186/465/451 388/491/477 390/123/121
f 388/491/477 389/125/123 390/123/121
f 391/495/481 196/489/475 392/128/126
f 198/493/479 391/495/481 393/126/124
f 391/495/481 392/128/126 393/126/124
f 394/501/487 114/497/483 395/131/129
f 115/499/485 394/501/487 396/129/127
f 394/501/487 395/131/129 396/129/127
f 397/505/491 114/497/483 398/498/484
f 116/503/489 397/505/491 399/516/502
f 397/505/491 398/498/484 399/516/502
f 400/509/495 117/507/493 401/134/132
f 111/448/434 400/509/495 402/132/130
f 400/509/495 401/134/132 402/132/130
f 403/512/498 117/507/493 404/137/135
f 115/499/485 403/512/498 405/135/133
f 403/512/498 404/137/135 405/135/133
f 406/518/504 118/514/500 407/140/138
f 116/503/489 406/518/504 408/138/136
f 406/518/504 407/140/138 408/138/136
f 409/522/508 118/514/500 410/515/501
f 120/520/506 409/522/508 411/592/577
f 409/522/508 410/515/501 411/592/577
f 412/527/513 201/524/510 413/143/141
f 200/525/511 412/527/513 414/141/139
f 412/527/513 413/143/141 414/141/139
f 415/531/517 201/524/510 416/146/144
f 203/529/515 415/531/517 417/144/142
f 415/531/517 416/146/144 417/144/142
f 418/536/522 205/533/519 419/149/147
f 194/485/471 418/536/522 420/147/145
f 418/536/522 419/149/147 420/147/145
f 421/540/526 207/538/524 422/151/149
f 190/475/461 421/540/526 423/150/148
f 421/540/526 422/151/149 423/150/148
f 424/544/530 207/538/524 425/153/151
f 208/542/528 424/544/530 426/152/150
f 424/544/530 425/153/151 426/152/150
f 427/549/535 209/546/532 428/156/154
f 208/542/528 427/549/535 429/154/152
f 427/549/535 428/156/154 429/154/152
f 430/555/541 212/551/537 431/159/157
f 211/553/539 430/555/541 432/157/155
f 430/555/541 431/159/157 432/157/155
f 433/559/545 212/551/537 434/162/160
f 214/557/543 433/559/545 435/160/158
f 433/559/545 434/162/160 435/160/158
f 436/563/549 216/561/547 437/165/163
f 214/557/543 436/563/549 438/163/161
f 436/563/549 437/165/163 438/163/161
f 439/568/554 216/561/547 440/168/166
f 218/566/552 439/568/554 441/166/164
f 439/568/554 440/168/166 441/166/164
f 442/572/558 220/570/556 443/170/168
f 203/529/515 442/572/558 444/169/167
f 442/572/558 443/170/168 444/169/167
f 445/576/562 220/570/556 446/173/171
f 221/574/560 445/576/562 447/171/169
f 445/576/562 446/173/171 447/171/169
f 448/583/569 124/578/564 449/176/174
f 125/581/567 448/583/569 450/174/172
f 448/583/569 449/176/174 450/174/172
f 451/588/573 124/578/564 452/579/565
f 126/586/571 451/588/573 453/878/629
f 451/588/573 452/579/565 453/878/629
f 454/594/579 127/590/575 455/179/177
f 120/520/506 454/594/579 456/177/175
f 454/594/579 455/179/177 456/177/175
f 457/597/582 127/590/575 458/591/576
f 125/581/567 457/597/582 459/580/566
f 457/597/582 458/591/576 459/580/566
f 460/601/586 128/599/584 461/181/179
f 98/375/361 460/601/586 462/180/178
f 460/601/586 461/181/179 462/180/178
f 463/608/591 128/599/584 464/184/182
f 130/607/589 463/608/591 465/182/180
f 463/608/591 464/184/182 465/182/180
f 466/615/595 131/617/593 467/187/185
f 79/319/306 466/615/595 468/185/183
f 466/615/595 467/187/185 468/185/183
f 469/621/600 131/617/593 470/879/188
f 133/619/598 469/621/600 471/880/186
f 469/881/600 470/190/188 471/188/186
f 472/625/604 223/623/602 473/192/190
f 198/493/479 472/625/604 474/191/189
f 472/625/604 473/192/190 474/191/189
f 475/628/607 223/623/602 476/195/193
f 200/525/511 475/628/607 477/193/191
f 475/628/607 476/195/193 477/193/191
f 478/882/612 225/630/609 479/198/195
f 221/574/560 478/633/612 480/196/194
f 478/633/612 479/197/195 480/196/194
f 481/637/616 226/635/614 482/200/196
f 225/630/609 481/637/616 479/198/195
f 481/637/616 482/200/196 479/198/195
f 483/642/621 226/635/614 484/203/199
f 227/640/619 483/642/621 485/201/197
f 483/642/621 484/203/199 485/201/197
f 486/883/626 218/566/552 441/166/164
f 229/645/624 486/647/626 487/884/200
f 486/883/626 441/166/164 487/204/200
f 488/653/631 138/649/628 489/655/203
f 126/651/571 488/653/631 490/885/201
f 488/653/631 489/655/203 490/885/201
f 491/658/635 138/649/628 492/210/206
f 139/656/633 491/658/635 493/208/204
f 491/658/635 492/210/206 493/208/204
f 494/664/641 141/660/637 495/213/208
f 137/662/639 494/664/641 496/211/207
f 494/664/641 495/213/208 496/211/207
f 497/668/645 141/660/637 498/216/211
f 142/666/643 497/668/645 499/214/209
f 497/668/645 498/216/211 499/214/209
f 500/672/649 144/670/647 501/218/213
f 142/666/643 500/672/649 502/217/212
f 500/672/649 501/218/213 502/217/212
f 503/679/654 144/670/647 504/221/216
f 145/678/652 503/679/654 505/219/214
f 503/679/654 504/221/216 505/219/214
f 506/684/659 135/886/656 507/224/219
f 139/656/633 506/684/659 508/222/217
f 506/684/659 507/224/219 508/222/217
f 509/690/665 149/686/661 510/692/222
f 148/688/663 509/690/665 511/887/220
f 509/690/665 510/692/222 511/887/220
f 512/695/669 149/686/661 513/230/225
f 151/693/667 512/695/669 514/228/223
f 512/695/669 513/230/225 514/228/223
f 515/701/675 153/697/671 516/233/228
f 136/699/673 515/701/675 517/231/226
f 515/701/675 516/233/228 517/231/226
f 518/706/680 153/697/671 519/236/231
f 154/704/678 518/706/680 520/234/229
f 518/706/680 519/236/231 520/234/229
f 521/713/687 155/708/682 522/238/233
f 152/711/685 521/713/687 523/237/232
f 521/713/687 522/238/233 523/237/232
f 524/719/693 156/715/689 525/240/235
f 143/717/691 524/719/693 526/239/234
f 524/719/693 525/240/235 526/239/234
f 527/725/697 156/715/689 528/242/237
f 157/724/695 527/725/697 529/241/236
f 527/725/697 528/242/237 529/241/236
f 530/730/701 158/727/699 531/245/240
f 157/721/695 530/730/701 532/243/238
f 530/730/701 531/245/240 532/243/238
f 533/735/706 158/727/699 534/248/243
f 159/733/704 533/735/706 535/246/241
f 533/735/706 534/248/243 535/246/241
f 536/739/710 161/737/708 537/250/245
f 151/693/667 536/739/710 538/249/244
f 536/739/710 537/250/245 538/249/244
f 539/744/715 161/737/708 540/253/248
f 160/742/713 539/744/715 541/251/246
f 539/744/715 540/253/248 541/251/246
f 542/888/841 12/2/2 256/3/3
f 53/889/842 542/888/841 543/890/249
f 542/888/841 256/3/3 543/890/249
f 546/891/843 54/255/250 255/260/254
f 546/891/843 255/260/254 544/259/253
f 266/10/9 14/8/7 262/9/8
f 56/277/269 266/10/9 547/261/255
f 266/10/9 262/9/8 547/261/255
f 548/276/268 56/277/269 549/265/259
f 13/892/844 548/276/268 550/263/257
f 548/276/268 549/265/259 550/263/257
f 547/261/255 57/262/256 258/266/260
f 56/277/269 547/261/255 549/265/259
f 547/261/255 258/266/260 549/265/259
f 257/1/1 12/2/2 259/893/5
f 55/258/252 257/867/1 551/267/261
f 257/867/1 259/268/5 551/267/261
f 545/257/251 55/258/252 552/894/264
f 545/895/251 552/271/264 553/269/262
f 551/267/261 57/262/256 261/869/265
f 55/258/252 551/267/261 552/894/264
f 551/267/261 261/869/265 552/894/264
f 302/896/42 15/897/12 268/275/13
f 60/898/327 302/896/42 554/273/266
f 302/896/42 268/275/13 554/273/266
f 555/899/326 60/898/327 556/278/270
f 13/892/844 555/899/326 548/276/268
f 555/899/326 556/278/270 548/276/268
f 554/273/266 61/274/267 264/279/271
f 60/898/327 554/273/266 556/278/270
f 554/273/266 264/279/271 556/278/270
f 557/900/845 14/8/7 265/11/10
f 62/901/846 557/900/845 558/280/272
f 557/900/845 265/11/10 558/280/272
f 559/902/847 62/901/846 560/282/274
f 16/16/15 559/902/847 272/15/14
f 559/902/847 560/282/274 272/15/14
f 558/280/272 61/274/267 267/283/275
f 62/901/846 558/280/272 560/282/274
f 558/280/272 267/283/275 560/282/274
f 561/903/848 17/19/18 274/20/19
f 64/904/849 561/903/848 562/284/276
f 561/903/848 274/20/19 562/284/276
f 563/905/850 64/904/849 564/287/278
f 15/13/12 563/906/850 269/12/11
f 563/905/850 564/287/278 269/286/11
f 562/284/276 65/285/277 270/288/279
f 64/904/849 562/284/276 564/287/278
f 562/284/276 270/288/279 564/287/278
f 565/907/851 16/16/15 271/17/16
f 66/908/852 565/910/851 566/909/280
f 565/907/851 271/17/16 566/289/280
f 567/911/853 66/912/852 568/291/282
f 18/22/21 567/911/853 278/21/20
f 567/911/853 568/291/282 278/21/20
f 566/289/280 65/285/277 273/292/283
f 66/912/852 566/289/280 568/291/282
f 566/289/280 273/292/283 568/291/282
f 569/913/854 19/25/24 280/26/25
f 68/914/855 569/916/854 570/915/284
f 569/913/854 280/26/25 570/917/284
f 571/918/856 68/920/855 572/919/286
f 17/19/18 571/921/856 275/18/17
f 571/922/856 572/924/286 275/923/17
f 570/293/284 69/294/285 276/297/287
f 68/925/855 570/927/284 572/926/286
f 570/293/284 276/297/287 572/296/286
f 573/928/857 18/22/21 277/23/22
f 70/929/858 573/928/857 574/298/288
f 573/928/857 277/23/22 574/298/288
f 575/930/859 70/929/858 576/300/290
f 20/28/27 575/930/859 284/27/26
f 575/930/859 576/300/290 284/27/26
f 574/298/288 69/294/285 279/301/291
f 70/929/858 574/298/288 576/300/290
f 574/298/288 279/301/291 576/300/290
f 577/931/860 21/62/60 578/932/294
f 72/933/861 577/931/860 579/934/292
f 577/931/860 578/932/294 579/934/292
f 580/935/862 72/933/861 581/936/295
f 19/25/24 580/935/862 281/24/23
f 580/935/862 581/936/295 281/24/23
f 579/302/292 73/303/293 282/307/296
f 72/933/861 579/934/292 581/936/295
f 579/302/292 282/307/296 581/306/295
f 582/937/863 20/28/27 283/29/28
f 74/938/864 582/937/863 583/308/297
f 582/937/863 283/29/28 583/308/297
f 584/939/865 74/938/864 585/310/299
f 22/31/30 584/939/865 287/30/29
f 584/939/865 585/310/299 287/30/29
f 586/940/866 23/34/33 289/35/34
f 76/941/867 586/943/866 587/942/300
f 586/940/866 289/35/34 587/311/300
f 588/944/868 76/941/867 589/315/303
f 21/62/60 588/944/868 590/313/302
f 588/944/868 589/315/303 590/313/302
f 587/942/300 77/945/301 285/316/304
f 76/941/867 587/942/300 589/315/303
f 587/942/300 285/316/304 589/315/303
f 591/946/869 22/31/30 286/32/31
f 78/947/870 591/946/869 592/317/305
f 591/946/869 286/32/31 592/317/305
f 593/948/871 78/947/870 594/320/307
f 24/186/184 593/948/871 468/185/183
f 593/948/871 594/320/307 468/185/183
f 592/317/305 77/318/301 288/321/308
f 78/947/870 592/317/305 594/320/307
f 592/317/305 288/321/308 594/320/307
f 595/949/872 26/39/38 295/40/39
f 80/950/873 595/949/872 596/322/309
f 595/949/872 295/40/39 596/322/309
f 597/951/874 80/950/873 598/325/312
f 25/71/69 597/951/874 332/70/68
f 597/951/874 598/325/312 332/70/68
f 596/322/309 81/323/310 291/326/313
f 80/950/873 596/322/309 598/325/312
f 596/322/309 291/326/313 598/325/312
f 260/4/4 12/5/2 292/37/36
f 58/952/258 260/4/4 599/327/314
f 260/4/4 292/37/36 599/327/314
f 550/953/257 58/952/258 600/330/317
f 13/954/844 550/953/257 601/328/315
f 550/953/257 600/330/317 601/328/315
f 599/327/314 81/323/310 294/331/318
f 58/952/258 599/327/314 600/330/317
f 599/327/314 294/331/318 600/330/317
f 305/45/44 15/13/12 301/44/43
f 84/346/333 305/45/44 602/332/319
f 305/45/44 301/44/43 602/332/319
f 603/345/332 84/346/333 604/336/323
f 27/955/875 603/345/332 605/334/321
f 603/345/332 604/336/323 605/334/321
f 602/332/319 85/333/320 297/337/324
f 84/346/333 602/332/319 604/336/323
f 602/332/319 297/337/324 604/336/323
f 296/38/37 26/39/38 298/42/41
f 83/329/316 296/38/37 606/338/325
f 296/38/37 298/42/41 606/338/325
f 601/328/315 83/329/316 607/341/328
f 13/954/844 601/328/315 555/339/326
f 601/328/315 607/341/328 555/339/326
f 606/338/325 85/333/320 300/342/329
f 83/329/316 606/338/325 607/341/328
f 606/338/325 300/342/329 607/341/328
f 608/956/876 28/48/47 307/49/48
f 87/957/877 608/956/876 609/343/330
f 608/956/876 307/49/48 609/343/330
f 610/958/878 87/957/877 611/347/334
f 27/955/875 610/958/878 603/345/332
f 610/958/878 611/347/334 603/345/332
f 609/343/330 88/344/331 303/348/335
f 87/957/877 609/343/330 611/347/334
f 609/343/330 303/348/335 611/347/334
f 563/906/850 15/13/12 304/46/45
f 64/959/849 563/906/850 612/349/336
f 563/906/850 304/46/45 612/349/336
f 561/960/848 64/959/849 613/351/338
f 17/51/18 561/960/848 311/50/49
f 561/960/848 613/351/338 311/50/49
f 612/349/336 88/344/331 306/352/339
f 64/959/849 612/349/336 613/351/338
f 612/349/336 306/352/339 613/351/338
f 614/961/879 29/54/52 313/55/53
f 90/962/880 614/961/879 615/353/340
f 614/961/879 313/55/53 615/353/340
f 616/963/881 90/962/880 617/355/342
f 28/48/47 616/963/881 308/47/46
f 616/963/881 617/355/342 308/47/46
f 615/353/340 91/354/341 309/356/343
f 90/962/880 615/353/340 617/355/342
f 615/353/340 309/356/343 617/355/342
f 571/964/856 17/51/18 310/52/50
f 68/965/855 571/964/856 618/357/344
f 571/964/856 310/52/50 618/357/344
f 569/913/854 68/965/855 619/359/346
f 19/25/24 569/913/854 317/56/54
f 569/913/854 619/359/346 317/56/54
f 618/357/344 91/354/341 312/360/347
f 68/965/855 618/357/344 619/359/346
f 618/357/344 312/360/347 619/359/346
f 620/966/882 30/59/57 319/60/58
f 93/967/883 620/966/882 621/361/348
f 620/966/882 319/60/58 621/361/348
f 622/968/884 93/967/883 623/363/350
f 29/54/52 622/968/884 314/53/51
f 622/968/884 623/363/350 314/53/51
f 621/361/348 94/362/349 315/364/351
f 93/967/883 621/361/348 623/363/350
f 621/361/348 315/364/351 623/363/350
f 580/935/862 19/25/24 316/57/55
f 72/933/861 580/935/862 624/365/352
f 580/935/862 316/57/55 624/365/352
f 577/931/860 72/933/861 625/367/354
f 21/62/60 577/931/860 323/61/59
f 577/931/860 625/367/354 323/61/59
f 624/365/352 94/362/349 318/368/355
f 72/933/861 624/365/352 625/367/354
f 624/365/352 318/368/355 625/367/354
f 626/969/885 31/970/63 325/371/64
f 96/971/886 626/969/885 627/369/356
f 626/969/885 325/371/64 627/369/356
f 628/972/887 96/971/886 629/372/358
f 30/59/57 628/972/887 320/58/56
f 628/972/887 629/372/358 320/58/56
f 627/369/356 97/370/357 321/373/359
f 96/971/886 627/369/356 629/372/358
f 627/369/356 321/373/359 629/372/358
f 588/944/868 21/62/60 322/63/61
f 76/941/867 588/944/868 630/374/360
f 588/944/868 322/63/61 630/374/360
f 586/943/866 76/941/867 631/973/362
f 23/34/33 586/940/866 462/180/178
f 586/940/866 631/376/362 462/180/178
f 630/374/360 97/370/357 324/873/363
f 76/941/867 630/374/360 631/973/362
f 630/374/360 324/873/363 631/973/362
f 632/974/888 25/71/69 331/72/70
f 99/975/889 632/974/888 633/378/364
f 632/974/888 331/72/70 633/378/364
f 634/976/890 99/975/889 635/380/366
f 32/74/72 634/976/890 335/73/71
f 634/976/890 635/380/366 335/73/71
f 633/378/364 100/379/365 329/67/65
f 99/975/889 633/378/364 635/380/366
f 633/378/364 329/67/65 635/380/366
f 636/442/428 102/443/429 637/381/367
f 12/5/2 636/442/428 293/36/35
f 636/442/428 637/381/367 293/36/35
f 327/875/838 100/379/365 330/382/368
f 102/443/429 327/875/838 637/381/367
f 327/875/838 330/382/368 637/381/367
f 638/977/891 32/74/72 334/75/73
f 103/978/892 638/977/891 639/383/369
f 638/977/891 334/75/73 639/383/369
f 640/979/893 103/978/892 641/386/372
f 33/100/98 640/979/893 363/99/97
f 640/979/893 641/386/372 363/99/97
f 639/383/369 104/384/370 642/387/373
f 103/978/892 639/383/369 641/386/372
f 639/383/369 642/387/373 641/386/372
f 343/80/78 170/81/79 643/390/376
f 168/403/389 343/80/78 644/388/374
f 343/80/78 643/390/376 644/388/374
f 645/402/388 168/403/389 646/393/379
f 174/87/85 645/402/388 647/391/377
f 645/402/388 646/393/379 647/391/377
f 644/388/374 165/389/375 336/394/380
f 168/403/389 644/388/374 646/393/379
f 644/388/374 336/394/380 646/393/379
f 648/980/894 174/87/85 647/391/377
f 239/981/895 648/980/894 649/395/381
f 648/980/894 647/391/377 649/395/381
f 650/982/896 239/981/895 651/398/384
f 178/93/91 650/982/896 652/396/382
f 650/982/896 651/398/384 652/396/382
f 649/395/381 164/392/378 339/399/385
f 239/981/895 649/395/381 651/398/384
f 649/395/381 339/399/385 651/398/384
f 653/983/897 163/84/82 345/85/83
f 240/984/898 653/983/897 654/400/386
f 653/983/897 345/85/83 654/400/386
f 655/985/899 240/984/898 656/404/390
f 174/87/85 655/985/899 645/402/388
f 655/985/899 656/404/390 645/402/388
f 654/400/386 169/401/387 341/405/391
f 240/984/898 654/400/386 656/404/390
f 654/400/386 341/405/391 656/404/390
f 657/986/900 170/81/79 342/82/80
f 238/987/901 657/986/900 658/406/392
f 657/986/900 342/82/80 658/406/392
f 659/988/902 238/987/901 660/409/395
f 661/407/393 235/989/903 660/409/395
f 235/989/903 659/988/902 660/409/395
f 658/406/392 169/401/387 344/410/396
f 238/987/901 658/406/392 660/409/395
f 658/406/392 344/410/396 660/409/395
f 384/118/116 175/90/88 351/91/89
f 192/481/467 384/118/116 662/411/397
f 384/118/116 351/91/89 662/411/397
f 663/480/466 192/481/467 664/414/400
f 179/96/94 663/480/466 358/95/93
f 663/480/466 664/414/400 358/95/93
f 662/411/397 173/412/398 347/415/401
f 192/481/467 662/411/397 664/414/400
f 662/411/397 347/415/401 664/414/400
f 655/985/899 174/87/85 348/88/86
f 240/984/898 655/985/899 665/416/402
f 655/985/899 348/88/86 665/416/402
f 653/983/897 240/984/898 666/419/405
f 163/84/82 653/983/897 667/417/403
f 653/983/897 666/419/405 667/417/403
f 665/416/402 173/412/398 350/420/406
f 240/984/898 665/416/402 666/419/405
f 665/416/402 350/420/406 666/419/405
f 378/113/111 179/96/94 357/97/95
f 188/471/457 378/113/111 668/421/407
f 378/113/111 357/97/95 668/421/407
f 669/470/456 188/471/457 670/425/411
f 197/124/122 669/470/456 671/423/409
f 669/470/456 670/425/411 671/423/409
f 668/421/407 177/422/408 353/426/412
f 188/471/457 668/421/407 670/425/411
f 668/421/407 353/426/412 670/425/411
f 650/982/896 178/93/91 354/94/92
f 239/981/895 650/982/896 672/427/413
f 650/982/896 354/94/92 672/427/413
f 648/980/894 239/981/895 673/428/414
f 174/87/85 648/980/894 349/86/84
f 648/980/894 673/428/414 349/86/84
f 672/427/413 177/422/408 356/429/415
f 239/981/895 672/427/413 673/428/414
f 672/427/413 356/429/415 673/428/414
f 674/453/439 178/93/91 652/396/382
f 182/452/438 674/453/439 675/430/416
f 674/453/439 652/396/382 675/430/416
f 368/107/105 182/452/438 676/433/419
f 183/106/104 368/107/105 677/431/417
f 368/107/105 676/433/419 677/431/417
f 675/430/416 167/397/383 359/434/420
f 182/452/438 675/430/416 676/433/419
f 675/430/416 359/434/420 676/433/419
f 678/990/904 33/100/98 362/101/99
f 106/991/905 678/990/904 679/435/421
f 678/990/904 362/101/99 679/435/421
f 680/992/906 106/991/905 681/439/425
f 34/993/907 680/992/906 682/437/423
f 680/992/906 681/439/425 682/437/423
f 679/435/421 107/436/422 683/440/426
f 106/991/905 679/435/421 681/439/425
f 679/435/421 683/440/426 681/439/425
f 684/447/433 34/993/907 682/437/423
f 109/446/432 684/447/433 685/441/427
f 684/447/433 682/437/423 685/441/427
f 542/888/841 53/889/842 686/994/430
f 12/5/2 542/995/841 636/442/428
f 542/995/841 686/444/430 636/442/428
f 687/996/908 34/993/907 684/447/433
f 110/997/909 687/996/908 688/445/431
f 687/996/908 684/447/433 688/445/431
f 689/998/910 110/997/909 690/449/435
f 35/133/131 689/998/910 402/132/130
f 689/998/910 690/449/435 402/132/130
f 688/445/431 109/446/432 364/450/436
f 110/997/909 688/445/431 690/449/435
f 688/445/431 364/450/436 690/449/435
f 372/108/106 178/93/91 674/453/439
f 184/461/447 372/108/106 691/451/437
f 372/108/106 674/453/439 691/451/437
f 692/460/446 184/461/447 693/456/442
f 241/999/911 692/460/446 694/454/440
f 692/460/446 693/456/442 694/454/440
f 691/451/437 182/452/438 367/457/443
f 184/461/447 691/451/437 693/456/442
f 691/451/437 367/457/443 693/456/442
f 695/1000/912 187/111/109 374/112/110
f 242/1001/913 695/1000/912 696/458/444
f 695/1000/912 374/112/110 696/458/444
f 697/1002/914 242/1001/913 698/462/448
f 241/999/911 697/1002/914 692/460/446
f 697/1002/914 698/462/448 692/460/446
f 696/458/444 185/459/445 370/463/449
f 242/1001/913 696/458/444 698/462/448
f 696/458/444 370/463/449 698/462/448
f 355/92/90 178/93/91 371/109/107
f 176/424/410 355/92/90 699/464/450
f 355/92/90 371/109/107 699/464/450
f 671/423/409 176/424/410 700/466/452
f 197/124/122 671/423/409 390/123/121
f 671/423/409 700/466/452 390/123/121
f 699/464/450 185/459/445 373/467/453
f 176/424/410 699/464/450 700/466/452
f 699/464/450 373/467/453 700/466/452
f 701/1003/915 191/116/114 380/117/115
f 243/1004/916 701/1003/915 702/468/454
f 701/1003/915 380/117/115 702/468/454
f 703/1005/917 243/1004/916 704/472/458
f 197/124/122 703/1005/917 669/470/456
f 703/1005/917 704/472/458 669/470/456
f 702/468/454 189/469/455 376/473/459
f 243/1004/916 702/468/454 704/472/458
f 702/468/454 376/473/459 704/472/458
f 705/1006/918 179/96/94 377/114/112
f 244/1007/919 705/1006/918 706/474/460
f 705/1006/918 377/114/112 706/474/460
f 707/1008/920 244/1007/919 708/476/462
f 195/121/119 707/1008/920 423/150/148
f 707/1008/920 708/476/462 423/150/148
f 706/474/460 189/469/455 379/477/463
f 244/1007/919 706/474/460 708/476/462
f 706/474/460 379/477/463 708/476/462
f 707/1008/920 195/121/119 386/122/120
f 244/1007/919 707/1008/920 709/478/464
f 707/1008/920 386/122/120 709/478/464
f 705/1006/918 244/1007/919 710/482/468
f 179/96/94 705/1006/918 663/480/466
f 705/1006/918 710/482/468 663/480/466
f 709/478/464 193/479/465 382/483/469
f 244/1007/919 709/478/464 710/482/468
f 709/478/464 382/483/469 710/482/468
f 711/1009/921 175/90/88 383/119/117
f 236/1010/922 711/1009/921 712/484/470
f 711/1009/921 383/119/117 712/484/470
f 713/1011/923 236/1010/922 714/486/472
f 206/148/146 713/1011/923 420/147/145
f 713/1011/923 714/486/472 420/147/145
f 712/484/470 193/479/465 385/487/473
f 236/1010/922 712/484/470 714/486/472
f 712/484/470 385/487/473 714/486/472
f 715/1012/924 199/127/125 392/128/126
f 245/1013/925 715/1012/924 716/488/474
f 715/1012/924 392/128/126 716/488/474
f 717/1014/926 245/1013/925 718/490/476
f 187/111/109 717/1014/926 375/110/108
f 717/1014/926 718/490/476 375/110/108
f 716/488/474 196/489/475 388/491/477
f 245/1013/925 716/488/474 718/490/476
f 716/488/474 388/491/477 718/490/476
f 703/1005/917 197/124/122 389/125/123
f 243/1004/916 703/1005/917 719/492/478
f 703/1005/917 389/125/123 719/492/478
f 701/1003/915 243/1004/916 720/494/480
f 191/116/114 701/1003/915 474/191/189
f 701/1003/915 720/494/480 474/191/189
f 719/492/478 196/489/475 391/495/481
f 243/1004/916 719/492/478 720/494/480
f 719/492/478 391/495/481 720/494/480
f 3/136/134 722/1015/927 405/135/133
f 722/1015/927 723/500/486 405/135/133
f 721/496/482 114/497/483 394/501/487
f 721/496/482 394/501/487 723/500/486
f 724/1016/928 36/130/128 395/131/129
f 113/1017/929 724/1016/928 725/502/488
f 724/1016/928 395/131/129 725/502/488
f 726/1018/930 113/1017/929 727/504/490
f 37/139/137 726/1018/930 408/138/136
f 726/1018/930 727/504/490 408/138/136
f 725/502/488 114/497/483 397/505/491
f 113/1017/929 725/502/488 727/504/490
f 725/502/488 397/505/491 727/504/490
f 728/1019/931 3/136/134 404/137/135
f 8/1020/932 728/1019/931 729/506/492
f 728/1019/931 404/137/135 729/506/492
f 730/1021/933 8/1020/932 731/508/494
f 2/103/101 730/1021/933 366/102/100
f 730/1021/933 731/508/494 366/102/100
f 729/506/492 117/507/493 400/509/495
f 8/1020/932 729/506/492 731/508/494
f 729/506/492 400/509/495 731/508/494
f 732/1022/934 35/133/131 401/134/132
f 112/1023/935 732/1022/934 733/510/496
f 732/1022/934 401/134/132 733/510/496
f 734/1024/936 112/1023/935 735/511/497
f 36/130/128 734/1024/936 396/129/127
f 734/1024/936 735/511/497 396/129/127
f 733/510/496 117/507/493 403/512/498
f 112/1023/935 733/510/496 735/511/497
f 733/510/496 403/512/498 735/511/497
f 736/513/499 118/514/500 406/518/504
f 736/513/499 406/518/504 737/517/503
f 738/1025/937 37/139/137 407/140/138
f 119/1026/938 738/1025/937 739/519/505
f 738/1025/937 407/140/138 739/519/505
f 740/1027/939 119/1026/938 741/521/507
f 38/178/176 740/1027/939 456/177/175
f 740/1027/939 741/521/507 456/177/175
f 739/519/505 118/514/500 409/522/508
f 119/1026/938 739/519/505 741/521/507
f 739/519/505 409/522/508 741/521/507
f 742/1028/940 204/145/143 416/146/144
f 247/1029/941 742/1028/940 743/523/509
f 742/1028/940 416/146/144 743/523/509
f 744/1030/942 247/1029/941 745/526/512
f 224/194/192 744/1030/942 477/193/191
f 744/1030/942 745/526/512 477/193/191
f 743/523/509 201/524/510 412/527/513
f 247/1029/941 743/523/509 745/526/512
f 743/523/509 412/527/513 745/526/512
f 746/1031/943 202/142/140 413/143/141
f 248/1032/944 746/1031/943 747/528/514
f 746/1031/943 413/143/141 747/528/514
f 748/1033/945 248/1032/944 749/530/516
f 215/161/159 748/1033/945 444/169/167
f 748/1033/945 749/530/516 444/169/167
f 747/528/514 201/524/510 415/531/517
f 248/1032/944 747/528/514 749/530/516
f 747/528/514 415/531/517 749/530/516
f 750/1034/946 210/155/153 751/534/520
f 249/1035/947 750/1034/946 752/532/518
f 750/1034/946 751/534/520 752/532/518
f 753/1036/948 249/1035/947 754/535/521
f 195/121/119 753/1036/948 387/120/118
f 753/1036/948 754/535/521 387/120/118
f 752/532/518 205/533/519 418/536/522
f 249/1035/947 752/532/518 754/535/521
f 752/532/518 418/536/522 754/535/521
f 755/1037/949 202/142/140 425/153/151
f 250/1038/950 755/1037/949 756/537/523
f 755/1037/949 425/153/151 756/537/523
f 757/1039/951 250/1038/950 758/539/525
f 191/116/114 757/1039/951 381/115/113
f 757/1039/951 758/539/525 381/115/113
f 756/537/523 207/538/524 421/540/526
f 250/1038/950 756/537/523 758/539/525
f 756/537/523 421/540/526 758/539/525
f 753/1036/948 195/121/119 422/151/149
f 249/1035/947 753/1036/948 759/541/527
f 753/1036/948 422/151/149 759/541/527
f 750/1034/946 249/1035/947 760/543/529
f 210/155/153 750/1034/946 429/154/152
f 750/1034/946 760/543/529 429/154/152
f 759/541/527 207/538/524 424/544/530
f 249/1035/947 759/541/527 760/543/529
f 759/541/527 424/544/530 760/543/529
f 432/157/155 213/158/156 761/547/533
f 211/553/539 432/157/155 762/545/531
f 432/157/155 761/547/533 762/545/531
f 763/552/538 211/553/539 764/548/534
f 202/142/140 763/552/538 426/152/150
f 763/552/538 764/548/534 426/152/150
f 762/545/531 209/546/532 427/549/535
f 211/553/539 762/545/531 764/548/534
f 762/545/531 427/549/535 764/548/534
f 748/1033/945 215/161/159 434/162/160
f 248/1032/944 748/1033/945 765/550/536
f 748/1033/945 434/162/160 765/550/536
f 746/1031/943 248/1032/944 766/554/540
f 202/142/140 746/1031/943 763/552/538
f 746/1031/943 766/554/540 763/552/538
f 765/550/536 212/551/537 430/555/541
f 248/1032/944 765/550/536 766/554/540
f 765/550/536 430/555/541 766/554/540
f 767/1040/952 213/158/156 431/159/157
f 237/1041/953 767/1040/952 768/556/542
f 767/1040/952 431/159/157 768/556/542
f 769/1042/954 237/1041/953 770/558/544
f 217/164/162 769/1042/954 438/163/161
f 769/1042/954 770/558/544 438/163/161
f 768/556/542 212/551/537 433/559/545
f 237/1041/953 768/556/542 770/558/544
f 768/556/542 433/559/545 770/558/544
f 771/1043/955 219/167/165 440/168/166
f 251/1044/956 771/1043/955 772/560/546
f 771/1043/955 440/168/166 772/560/546
f 773/1045/957 251/1044/956 774/562/548
f 215/161/159 773/1045/957 435/160/158
f 773/1045/957 774/562/548 435/160/158
f 772/560/546 216/561/547 436/563/549
f 251/1044/956 772/560/546 774/562/548
f 772/560/546 436/563/549 774/562/548
f 775/1046/958 217/164/162 437/165/163
f 252/1047/959 775/1046/958 776/564/550
f 775/1046/958 437/165/163 776/564/550
f 777/1048/960 252/1047/959 778/567/553
f 231/1049/961 777/1048/960 779/565/551
f 777/1048/960 778/567/553 779/565/551
f 776/564/550 216/561/547 439/568/554
f 252/1047/959 776/564/550 778/567/553
f 776/564/550 439/568/554 778/567/553
f 780/1050/962 222/172/170 446/173/171
f 253/1051/963 780/1050/962 781/569/555
f 780/1050/962 446/173/171 781/569/555
f 782/1052/964 253/1051/963 783/571/557
f 204/145/143 782/1052/964 417/144/142
f 782/1052/964 783/571/557 417/144/142
f 781/569/555 220/570/556 442/572/558
f 253/1051/963 781/569/555 783/571/557
f 781/569/555 442/572/558 783/571/557
f 773/1045/957 215/161/159 443/170/168
f 251/1044/956 773/1045/957 784/573/559
f 773/1045/957 443/170/168 784/573/559
f 771/1043/955 251/1044/956 785/575/561
f 219/167/165 771/1043/955 480/196/194
f 771/1043/955 785/575/561 480/196/194
f 784/573/559 220/570/556 445/576/562
f 251/1044/956 784/573/559 785/575/561
f 784/573/559 445/576/562 785/575/561
f 786/577/563 124/578/564 448/583/569
f 9/1053/965 786/577/563 787/582/568
f 786/577/563 448/583/569 787/582/568
f 788/1054/966 39/175/173 449/176/174
f 123/1055/967 788/1054/966 789/584/570
f 788/1054/966 449/176/174 789/584/570
f 790/1056/968 123/1055/967 791/587/572
f 41/1057/202 790/1056/968 490/585/201
f 790/1056/968 791/587/572 490/585/201
f 789/584/570 124/578/564 451/588/573
f 123/1055/967 789/584/570 791/587/572
f 789/584/570 451/588/573 791/587/572
f 792/589/574 127/590/575 454/594/579
f 792/589/574 454/594/579 793/593/578
f 794/1058/969 38/178/176 455/179/177
f 121/1059/970 794/1058/969 795/595/580
f 794/1058/969 455/179/177 795/595/580
f 796/1060/971 121/1059/970 797/596/581
f 39/175/173 796/1060/971 450/174/172
f 796/1060/971 797/596/581 450/174/172
f 795/595/580 127/590/575 457/597/582
f 121/1059/970 795/595/580 797/596/581
f 795/595/580 457/597/582 797/596/581
f 798/1061/972 40/183/181 464/184/182
f 122/1062/973 798/1061/972 799/598/583
f 798/1061/972 464/184/182 799/598/583
f 800/1063/974 122/1062/973 801/600/585
f 31/65/63 800/1063/974 326/64/62
f 800/1063/974 801/600/585 326/64/62
f 799/598/583 128/599/584 460/601/586
f 122/1062/973 799/598/583 801/600/585
f 799/598/583 460/601/586 801/600/585
f 802/1064/975 23/34/33 461/181/179
f 129/1065/976 802/1064/975 803/602/587
f 802/1064/975 461/181/179 803/602/587
f 804/1066/977 129/1067/976 805/605/590
f 42/189/187 804/1066/977 806/603/588
f 804/1066/977 805/605/590 806/603/588
f 803/602/587 128/599/584 463/608/591
f 129/1065/976 803/602/587 805/606/590
f 803/602/587 463/608/591 805/606/590
f 804/1066/977 42/189/187 470/190/188
f 129/1067/976 804/1066/977 807/1068/592
f 804/1066/977 470/190/188 807/1068/592
f 802/1064/975 129/1065/976 808/613/594
f 23/34/33 802/1064/975 290/33/32
f 802/1064/975 808/613/594 290/33/32
f 807/609/592 131/610/593 466/1069/595
f 129/1070/976 807/609/592 808/1071/594
f 807/609/592 466/1069/595 808/1071/594
f 809/1072/978 24/186/184 467/187/185
f 132/1073/979 809/1072/978 810/616/596
f 809/1072/978 467/187/185 810/616/596
f 811/1074/980 132/1073/979 812/620/599
f 43/1075/981 811/1074/980 813/618/597
f 811/1074/980 812/620/599 813/618/597
f 810/616/596 131/617/593 469/621/600
f 132/1073/979 810/616/596 812/620/599
f 810/616/596 469/621/600 812/620/599
f 814/1076/982 224/194/192 476/195/193
f 246/1077/983 814/1076/982 815/622/601
f 814/1076/982 476/195/193 815/622/601
f 816/1078/984 246/1077/983 817/624/603
f 199/127/125 816/1078/984 393/126/124
f 816/1078/984 817/624/603 393/126/124
f 815/622/601 223/623/602 472/625/604
f 246/1077/983 815/622/601 817/624/603
f 815/622/601 472/625/604 817/624/603
f 757/1039/951 191/116/114 473/192/190
f 250/1038/950 757/1039/951 818/626/605
f 757/1039/951 473/192/190 818/626/605
f 755/1037/949 250/1038/950 819/627/606
f 202/142/140 755/1037/949 414/141/139
f 755/1037/949 819/627/606 414/141/139
f 818/626/605 223/623/602 475/628/607
f 250/1038/950 818/626/605 819/627/606
f 818/626/605 475/628/607 819/627/606
f 820/1079/985 232/1080/986 821/631/610
f 254/1081/987 820/1079/985 822/629/608
f 820/1079/985 821/631/610 822/629/608
f 823/1082/988 254/1081/987 824/1083/611
f 222/1084/170 823/1086/988 447/1085/169
f 823/1087/988 824/632/611 447/171/169
f 822/629/608 225/630/609 478/882/612
f 254/1081/987 822/629/608 824/1083/611
f 822/629/608 478/882/612 824/1083/611
f 825/1088/989 228/202/198 484/203/199
f 233/1089/990 825/1088/989 826/634/613
f 825/1088/989 484/203/199 826/634/613
f 827/1090/991 233/1089/990 828/636/615
f 232/1080/986 827/1090/991 821/631/610
f 827/1090/991 828/636/615 821/631/610
f 826/634/613 226/635/614 481/637/616
f 233/1089/990 826/634/613 828/636/615
f 826/634/613 481/637/616 828/636/615
f 487/204/200 219/167/165 482/1091/196
f 229/645/624 487/884/200 829/638/617
f 487/884/200 482/200/196 829/638/617
f 830/644/623 229/645/624 831/641/620
f 234/1092/992 830/644/623 832/639/618
f 830/644/623 831/641/620 832/639/618
f 829/638/617 226/635/614 483/642/621
f 229/645/624 829/638/617 831/641/620
f 829/638/617 483/642/621 831/641/620
f 833/1093/993 231/1049/961 779/565/551
f 230/1094/994 833/1096/993 834/1095/622
f 833/1093/993 779/565/551 834/643/622
f 835/1097/995 230/1094/994 836/646/625
f 234/1092/992 835/1097/995 830/644/623
f 835/1097/995 836/646/625 830/644/623
f 834/1095/622 218/1098/552 486/647/626
f 230/1094/994 834/1095/622 836/646/625
f 834/1095/622 486/647/626 836/646/625
f 837/1099/996 5/209/205 492/210/206
f 837/1099/996 492/210/206 838/648/627
f 838/648/627 138/649/628 488/653/631
f 838/648/627 488/653/631 839/652/630
f 840/1100/997 41/206/202 489/207/203
f 134/1101/998 840/1102/997 841/654/632
f 840/1102/997 489/655/203 841/654/632
f 842/1103/999 134/1101/998 843/657/634
f 44/223/218 842/1103/999 508/222/217
f 842/1103/999 843/657/634 508/222/217
f 841/654/632 138/649/628 491/658/635
f 134/1101/998 841/654/632 843/657/634
f 841/654/632 491/658/635 843/657/634
f 844/1104/1000 47/215/210 498/216/211
f 140/1105/1001 844/1104/1000 845/659/636
f 844/1104/1000 498/216/211 845/659/636
f 846/1106/1002 140/1105/1001 847/663/640
f 46/232/227 846/1106/1002 848/661/638
f 846/1106/1002 847/663/640 848/661/638
f 845/659/636 141/660/637 494/664/641
f 140/1105/1001 845/659/636 847/663/640
f 845/659/636 494/664/641 847/663/640
f 465/1107/180 40/212/181 495/213/208
f 130/604/589 465/1107/180 849/665/642
f 465/1107/180 495/213/208 849/665/642
f 806/603/588 130/604/589 850/667/644
f 42/189/187 806/603/588 502/217/212
f 806/603/588 850/667/644 502/217/212
f 849/665/642 141/660/637 497/668/645
f 130/604/589 849/665/642 850/667/644
f 849/665/642 497/668/645 850/667/644
f 526/239/234 48/220/215 504/221/216
f 143/717/691 526/239/234 851/669/646
f 526/239/234 504/221/216 851/669/646
f 852/716/690 143/717/691 853/671/648
f 47/215/210 852/716/690 499/214/209
f 852/716/690 853/671/648 499/214/209
f 851/669/646 144/670/647 500/672/649
f 143/717/691 851/669/646 853/671/648
f 851/669/646 500/672/649 853/671/648
f 471/188/186 42/189/187 501/218/213
f 133/1108/598 471/188/186 854/673/650
f 471/188/186 501/218/213 854/673/650
f 813/618/597 133/619/598 855/676/653
f 43/1075/981 813/618/597 856/674/651
f 813/618/597 855/676/653 856/674/651
f 854/673/650 144/670/647 503/679/654
f 133/1108/598 854/673/650 855/677/653
f 854/673/650 503/679/654 855/677/653
f 511/225/220 45/226/221 857/682/657
f 148/688/663 511/887/220 858/1109/655
f 511/225/220 857/682/657 858/680/655
f 859/687/662 148/688/663 860/683/658
f 5/209/205 859/687/662 493/208/204
f 859/687/662 860/683/658 493/208/204
f 858/1109/655 135/886/656 506/684/659
f 148/688/663 858/1109/655 860/683/658
f 858/1109/655 506/684/659 860/683/658
f 861/1110/1003 6/229/224 513/230/225
f 10/1111/1004 861/1110/1003 862/685/660
f 861/1110/1003 513/230/225 862/685/660
f 863/1112/1005 10/1111/1004 864/689/664
f 5/209/205 863/1112/1005 859/687/662
f 863/1112/1005 864/689/664 859/687/662
f 862/685/660 149/686/661 509/690/665
f 10/1111/1004 862/685/660 864/689/664
f 862/685/660 509/690/665 864/689/664
f 865/1113/1006 45/226/221 510/227/222
f 150/1114/1007 865/1113/1006 866/1115/666
f 865/1113/1006 510/227/222 866/1115/666
f 867/1116/1008 150/1117/1007 868/694/668
f 51/247/242 867/1116/1008 538/249/244
f 867/1116/1008 868/694/668 538/249/244
f 866/691/666 149/686/661 512/695/669
f 150/1117/1007 866/691/666 868/694/668
f 866/691/666 512/695/669 868/694/668
f 523/237/232 52/235/230 519/236/231
f 152/711/685 523/237/232 869/696/670
f 523/237/232 519/236/231 869/696/670
f 870/710/684 152/711/685 871/700/674
f 45/226/221 870/710/684 872/698/672
f 870/710/684 871/700/674 872/698/672
f 869/696/670 153/697/671 515/701/675
f 152/711/685 869/696/670 871/700/674
f 869/696/670 515/701/675 871/700/674
f 846/1106/1002 46/232/227 516/233/228
f 140/1105/1001 846/1106/1002 873/702/676
f 846/1106/1002 516/233/228 873/702/676
f 844/1104/1000 140/1105/1001 874/705/679
f 47/215/210 844/1104/1000 875/703/677
f 844/1104/1000 874/705/679 875/703/677
f 873/702/676 153/697/671 518/706/680
f 140/1105/1001 873/702/676 874/705/679
f 873/702/676 518/706/680 874/705/679
f 867/1116/1008 51/247/242 876/1118/683
f 150/1114/1007 867/1119/1008 877/707/681
f 867/1119/1008 876/709/683 877/707/681
f 865/1113/1006 150/1114/1007 878/712/686
f 45/226/221 865/1113/1006 870/710/684
f 865/1113/1006 878/712/686 870/710/684
f 877/707/681 155/708/682 521/713/687
f 150/1114/1007 877/707/681 878/712/686
f 877/707/681 521/713/687 878/712/686
f 520/234/229 52/235/230 528/242/237
f 154/704/678 520/234/229 879/714/688
f 520/234/229 528/242/237 879/714/688
f 875/703/677 154/704/678 880/718/692
f 47/215/210 875/703/677 852/716/690
f 875/703/677 880/718/692 852/716/690
f 879/714/688 156/715/689 524/719/693
f 154/704/678 879/714/688 880/718/692
f 879/714/688 524/719/693 880/718/692
f 881/1120/1009 48/220/215 525/240/235
f 146/1121/1010 881/1120/1009 882/720/694
f 881/1120/1009 525/240/235 882/720/694
f 883/1122/1011 146/1123/1010 884/722/696
f 49/244/239 883/1122/1011 532/243/238
f 883/1122/1011 884/722/696 532/243/238
f 882/720/694 156/715/689 527/725/697
f 146/1121/1010 882/720/694 884/723/696
f 882/720/694 527/725/697 884/723/696
f 876/1118/683 51/247/242 534/248/243
f 155/1124/682 876/1118/683 885/726/698
f 876/1118/683 534/248/243 885/726/698
f 522/238/233 155/708/682 886/728/700
f 52/235/230 522/238/233 529/241/236
f 522/238/233 886/728/700 529/241/236
f 885/726/698 158/727/699 530/730/701
f 155/1124/682 885/726/698 886/729/700
f 885/726/698 530/730/701 886/729/700
f 887/1125/1012 49/244/239 531/245/240
f 147/1126/1013 887/1125/1012 888/731/702
f 887/1125/1012 531/245/240 888/731/702
f 889/1127/1014 147/1126/1013 890/734/705
f 50/1128/1015 889/1127/1014 891/732/703
f 889/1127/1014 890/734/705 891/732/703
f 888/731/702 158/727/699 533/735/706
f 147/1126/1013 888/731/702 890/734/705
f 888/731/702 533/735/706 890/734/705
f 892/1129/1016 7/252/247 540/253/248
f 11/1130/1017 892/1129/1016 893/736/707
f 892/1129/1016 540/253/248 893/736/707
f 894/1131/1018 11/1130/1017 895/738/709
f 6/229/224 894/1131/1018 514/228/223
f 894/1131/1018 895/738/709 514/228/223
f 893/736/707 161/737/708 536/739/710
f 11/1130/1017 893/736/707 895/738/709
f 893/736/707 536/739/710 895/738/709
f 535/246/241 51/247/242 537/250/245
f 159/733/704 535/246/241 896/740/711
f 535/246/241 537/250/245 896/740/711
f 891/732/703 159/733/704 897/743/714
f 50/1128/1015 891/732/703 898/741/712
f 891/732/703 897/743/714 898/741/712
f 896/740/711 161/737/708 539/744/715
f 159/733/704 896/740/711 897/743/714
f 896/740/711 539/744/715 897/743/714
f 667/1132/716 162/755/726 86/756/727
f 163/746/717 667/1132/716 299/745/716
f 667/1132/716 86/756/727 299/745/716
f 337/1133/1019 165/810/781 103/811/782
f 166/749/720 337/1133/1019 640/748/719
f 337/1133/1019 103/811/782 640/748/719
f 346/1134/1020 163/746/717 26/747/718
f 171/752/723 346/1134/1020 595/751/722
f 346/1134/1020 26/747/718 595/751/722
f 352/1135/1021 175/790/761 899/758/729
f 162/755/726 352/1135/1021 605/754/725
f 352/1135/1021 899/758/729 605/754/725
f 360/1136/1022 166/749/720 33/750/721
f 180/760/731 360/1136/1022 678/759/730
f 360/1136/1022 33/750/721 678/759/730
f 369/1137/1023 183/813/784 34/814/785
f 181/763/734 369/1138/1023 687/762/733
f 369/1137/1023 34/814/785 687/1139/733
f 419/1140/1024 205/792/763 90/793/764
f 206/766/737 419/1140/1024 616/765/736
f 419/1140/1024 90/793/764 616/765/736
f 428/1141/739 209/795/766 93/796/767
f 210/769/740 428/1141/739 622/768/739
f 428/1141/739 93/796/767 622/768/739
f 485/1142/1025 228/861/832 45/862/833
f 227/772/743 485/1143/1025 872/771/742
f 485/1142/1025 45/862/833 872/1144/742
f 833/1145/1026 230/864/835 137/865/836
f 231/775/746 833/1145/1026 496/774/745
f 833/1145/1026 137/865/836 496/774/745
f 827/1146/1027 232/855/826 44/856/827
f 233/778/749 827/1146/1027 507/777/748
f 827/1146/1027 44/856/827 507/777/748
f 832/1147/1028 227/772/743 136/773/744
f 234/781/752 832/1147/1028 517/780/751
f 832/1147/1028 136/773/744 517/780/751
f 661/1148/1029 171/752/723 80/753/724
f 235/784/755 661/1148/1029 597/783/754
f 661/1148/1029 80/753/724 597/783/754
f 713/1149/757 206/766/737 28/767/738
f 236/787/758 713/1149/757 608/786/757
f 713/1149/757 28/767/738 608/786/757
f 610/1150/1030 27/757/728 899/758/729
f 87/788/759 610/1150/1030 711/789/760
f 610/1150/1030 899/758/729 711/789/760
f 711/789/760 236/787/758 87/788/759
f 751/1151/762 210/769/740 29/770/741
f 205/792/763 751/1151/762 614/791/762
f 751/1151/762 29/770/741 614/791/762
f 761/1152/765 213/801/772 30/802/773
f 209/795/766 761/1152/765 620/794/765
f 761/1152/765 30/802/773 620/794/765
f 769/1153/768 217/843/814 31/844/815
f 237/798/769 769/1153/768 626/797/768
f 769/1153/768 31/844/815 626/797/768
f 767/1154/771 237/798/769 96/799/770
f 213/801/772 767/1154/771 628/800/771
f 767/1154/771 96/799/770 628/800/771
f 659/1155/1031 235/784/755 25/785/756
f 238/804/775 659/1156/1031 632/803/774
f 659/1155/1031 25/785/756 632/1157/774
f 657/1158/1032 238/804/775 99/805/776
f 170/807/778 657/1158/1032 634/806/777
f 657/1158/1032 99/805/776 634/806/777
f 643/1159/1033 170/807/778 32/808/779
f 165/810/781 643/1159/1033 638/809/780
f 643/1159/1033 32/808/779 638/809/780
f 677/1160/1034 180/760/731 106/761/732
f 183/813/784 677/1160/1034 680/812/783
f 677/1160/1034 106/761/732 680/812/783
f 694/1161/1035 181/763/734 110/764/735
f 241/816/787 694/1161/1035 689/815/786
f 694/1161/1035 110/764/735 689/815/786
f 695/1162/1036 242/822/793 112/823/794
f 187/819/790 695/1162/1036 734/818/789
f 695/1162/1036 112/823/794 734/818/789
f 697/1163/1037 241/816/787 35/817/788
f 242/822/793 697/1163/1037 732/821/792
f 697/1163/1037 35/817/788 732/821/792
f 715/1164/795 245/828/799 113/829/800
f 199/825/796 715/1164/795 726/824/795
f 715/1164/795 113/829/800 726/824/795
f 717/1165/1038 187/819/790 36/820/791
f 245/828/799 717/1165/1038 724/827/798
f 717/1165/1038 36/820/791 724/827/798
f 816/1166/801 199/825/796 37/826/797
f 246/831/802 816/1166/801 738/830/801
f 816/1166/801 37/826/797 738/830/801
f 814/1167/804 246/831/802 119/832/803
f 224/834/805 814/1167/804 740/833/804
f 814/1167/804 119/832/803 740/833/804
f 742/1168/807 247/840/811 121/841/812
f 204/837/808 742/1168/807 796/836/807
f 742/1168/807 121/841/812 796/836/807
f 744/1169/810 224/834/805 38/835/806
f 247/840/811 744/1169/810 794/839/810
f 744/1169/810 38/835/806 794/839/810
f 775/1170/813 252/846/817 122/847/818
f 217/843/814 775/1170/813 800/842/813
f 775/1170/813 122/847/818 800/842/813
f 777/1171/816 231/775/746 40/776/747
f 252/846/817 777/1171/816 798/845/816
f 777/1171/816 40/776/747 798/845/816
f 780/1172/1039 253/852/823 123/853/824
f 222/849/820 780/1172/1039 790/848/819
f 780/1172/1039 123/853/824 790/848/819
f 782/1173/822 204/837/808 39/838/809
f 253/852/823 782/1173/822 788/851/822
f 782/1173/822 39/838/809 788/851/822
f 820/1174/825 254/858/829 134/859/830
f 232/855/826 820/1174/825 842/854/825
f 820/1174/825 134/859/830 842/854/825
f 823/1175/828 222/849/820 41/850/821
f 254/858/829 823/1175/828 840/857/828
f 823/1175/828 41/850/821 840/857/828
f 825/1176/1040 233/778/749 135/779/750
f 228/861/832 825/1177/1040 857/860/831
f 825/1176/1040 135/779/750 857/1178/831
f 835/1179/834 234/781/752 46/782/753
f 230/864/835 835/1179/834 848/863/834
f 835/1179/834 46/782/753 848/863/834
f 590/1180/302 75/309/298 900/866/837
f 21/62/60 590/313/302 578/932/294
f 590/1180/302 900/866/837 578/304/294
f 585/310/299 74/938/864 583/308/297
f 75/309/298 585/310/299 900/866/837
f 585/310/299 583/308/297 900/866/837
f 1144/1181/1041 1145/1183/1043 901/1182/1042
f 1147/1184/1044 1148/1185/1045 901/1182/1042
f 1150/1186/1046 1151/1188/1048 903/1187/1047
f 1153/1189/1049 1154/1190/1050 903/1187/1047
f 1156/1191/1051 1157/1193/1053 904/1192/1052
f 1159/1194/1054 1160/1196/1056 905/1195/1055
f 1162/1197/1057 1163/1199/1059 906/1198/1058
f 1165/1200/1060 1166/1202/1062 907/1201/1061
f 1168/1203/1063 1169/1205/1065 908/1204/1064
f 1171/1206/1066 1172/1208/1068 909/1207/1067
f 1174/1209/1069 1175/1211/1071 911/1210/1070
f 1177/1212/1072 1178/1214/1074 912/1213/1073
f 1180/1215/1075 1181/1216/1076 901/1182/1042
f 1183/1217/1077 1184/1219/1079 915/1218/1078
f 1186/1220/1080 1187/1221/1081 915/1218/1078
f 1189/1222/1082 1190/1223/1083 904/1192/1052
f 1192/1224/1084 1193/1225/1085 904/1192/1052
f 1195/1226/1086 1196/1228/1088 917/1227/1087
f 1198/1229/1089 1199/1231/1090 906/1230/1058
f 1201/1232/1091 1202/1234/1093 918/1233/1092
f 1204/1235/1094 1205/1236/1095 908/1204/1064
f 1207/1237/1096 1208/1239/1098 919/1238/1097
f 1210/1240/1099 1211/1242/1101 910/1241/1100
f 1213/1243/1102 1214/1245/1104 920/1244/1103
f 1216/1246/1105 1217/1248/1107 989/1247/1106
f 1219/1249/1108 1220/1251/1110 914/1250/1109
f 1222/1252/1111 1223/1254/1113 921/1253/1112
f 1225/1255/1114 1226/1257/1116 1054/1256/1115
f 1226/1257/1116 1228/1258/1117 1054/1256/1115
f 1230/1259/1118 1231/1261/1120 1058/1260/1119
f 1233/1262/1121 1234/1264/1123 1051/1263/1122
f 1236/1265/1124 1237/1267/1126 1062/1266/1125
f 1239/1268/1127 1240/1270/1129 1063/1269/1128
f 1242/1271/1130 1243/1273/1132 1066/1272/1131
f 1245/1274/1133 1246/1276/1135 1067/1275/1134
f 1228/1258/1117 1248/1277/1136 1054/1256/1115
f 1250/1278/1137 1251/1280/1139 922/1279/1138
f 1253/1281/1140 1254/1282/1141 2/103/101
f 1256/1283/1142 1257/1285/1144 1071/1284/1143
f 1259/1286/1145 1260/1287/1146 1066/1272/1131
f 1262/1288/1147 1263/1290/1149 1075/1289/1148
f 1265/1291/1150 1266/1292/1151 1067/1275/1134
f 1268/1293/1152 1269/1295/1154 1079/1294/1153
f 1271/1296/1155 1272/1297/1156 1063/1269/1128
f 1274/1298/1157 1275/1300/1159 1083/1299/1158
f 1277/1301/1160 1278/1303/1162 1085/1302/1161
f 1280/1304/1163 1281/1306/1165 1087/1305/1164
f 1283/1307/1166 1284/1309/1168 925/1308/1167
f 1289/1310/1169 1290/1312/1171 924/1311/1170
f 1292/1313/1172 1293/1314/1173 3/136/134
f 1295/1315/1174 1296/1317/1176 926/1316/1175
f 1301/1318/1177 1302/1320/1179 1090/1319/1178
f 1304/1321/1180 1305/1323/1182 1092/1322/1181
f 1307/1324/1183 1308/1326/1185 1094/1325/1184
f 1310/1327/1186 1311/1328/1187 1083/1299/1158
f 1313/1329/1188 1314/1330/1189 1090/1319/1178
f 1316/1331/1190 1317/1333/1192 1098/1332/1191
f 1319/1334/1193 1320/1336/1195 1101/1335/1194
f 1322/1337/1196 1323/1339/1198 1103/1338/1197
f 1325/1340/1199 1326/1342/1201 1105/1341/1200
f 1328/1343/1202 1329/1345/1204 1107/1344/1203
f 1331/1346/1205 1332/1347/1206 1103/1338/1197
f 1334/1348/1207 1335/1350/1209 1110/1349/1208
f 1337/1351/1210 1338/1353/1212 928/1352/1211
f 1340/1354/1213 1341/1356/1215 4/1355/1214
f 1343/1357/1216 1344/1359/1218 927/1358/1217
f 1349/1360/1219 1350/1361/1220 912/1213/1073
f 1352/1362/1221 1353/1364/1223 929/1363/1222
f 1355/1365/1224 1356/1367/1226 913/1366/1225
f 1358/1368/1227 1359/1370/1229 931/1369/1228
f 1361/1371/1230 1362/1372/1231 1079/1294/1153
f 1364/1373/1232 1365/1375/1234 1112/1374/1233
f 1367/1376/1235 1368/1377/1236 1107/1344/1203
f 1370/1378/1237 1367/1380/1235 1107/1379/1203
f 1372/1381/1238 1373/1383/1240 1116/1382/1239
f 1329/1345/1204 1375/1384/1241 1107/1344/1203
f 1377/1385/1242 1378/1387/1244 930/1386/1243
f 1380/1388/1245 1381/1389/1246 5/209/205
f 1383/1390/1247 1384/1392/1248 929/1391/1222
f 1386/1393/1249 1387/1395/1251 936/1394/1250
f 1389/1396/1252 1390/1397/1253 931/1369/1228
f 1392/1398/1254 1393/1400/1256 937/1399/1255
f 1395/1401/1257 1396/1403/1259 933/1402/1258
f 1398/1404/1260 1399/1406/1262 934/1405/1261
f 1401/1407/1263 1402/1408/1264 6/229/224
f 1404/1409/1265 1405/1411/1267 935/1410/1266
f 1407/1412/1268 1408/1414/1270 941/1413/1269
f 1410/1415/1271 1411/1416/1272 941/1413/1269
f 1413/1417/1273 1414/1418/1274 937/1399/1255
f 1416/1419/1275 1417/1420/1276 941/1413/1269
f 1419/1421/1277 1420/1423/1279 938/1422/1278
f 1422/1424/1280 1423/1426/1282 940/1425/1281
f 1425/1427/1283 1426/1428/1284 940/1425/1281
f 1428/1429/1285 1429/1430/1286 7/252/247
f 1144/1431/1041 1431/1433/1288 943/1432/1287
f 1432/1434/1289 1433/1436/1291 944/1435/1290
f 1143/1437/1292 1432/1434/1289 944/1435/1290
f 1150/1186/1046 1435/1439/1294 946/1438/1293
f 1437/1440/1295 1438/1442/1297 947/1441/1296
f 1146/1443/1298 1437/1440/1295 947/1441/1296
f 1147/1444/1044 1439/1445/1299 946/1438/1293
f 1440/1446/1300 1441/1448/1302 948/1447/1301
f 1149/1449/1303 1440/1446/1300 948/1447/1301
f 1156/1450/1051 1442/1452/1305 950/1451/1304
f 1444/1453/1306 1436/1455/1308 945/1454/1307
f 1152/1456/1309 1444/1453/1306 945/1454/1307
f 1153/1189/1049 1446/1457/1310 950/1451/1304
f 1448/1458/1311 1160/1196/1056 952/1459/1312
f 1155/1460/1313 1448/1458/1311 952/1459/1312
f 1162/1197/1057 1450/1462/1315 954/1461/1314
f 1452/1463/1316 1157/1464/1053 952/1459/1312
f 1158/1465/1317 1452/1463/1316 952/1459/1312
f 1159/1194/1054 1454/1466/1318 954/1461/1314
f 1456/1467/1319 1166/1202/1062 956/1468/1320
f 1161/1469/1321 1456/1467/1319 956/1468/1320
f 1168/1470/1063 1458/1472/1323 958/1471/1322
f 1460/1473/1324 1163/1199/1059 956/1468/1320
f 1164/1474/1325 1460/1473/1324 956/1468/1320
f 1165/1200/1060 1462/1475/1326 958/1471/1322
f 1464/1476/1327 1172/1208/1068 960/1477/1328
f 1167/1478/1329 1464/1476/1327 960/1477/1328
f 1466/1479/1330 1467/1481/1332 962/1480/1331
f 1469/1482/1333 1169/1483/1065 960/1477/1328
f 1170/1484/1334 1469/1482/1333 960/1477/1328
f 1171/1206/1066 1471/1485/1335 962/1480/1331
f 1473/1486/1336 1175/1211/1071 964/1487/1337
f 1177/1212/1072 1475/1489/1339 966/1488/1338
f 1477/1490/1340 1478/1492/1341 964/1491/1337
f 1173/1493/1342 1477/1490/1340 964/1491/1337
f 1174/1209/1069 1479/1495/1343 966/1494/1338
f 1481/1496/1344 1356/1367/1226 967/1497/1345
f 1176/1498/1346 1481/1496/1344 967/1497/1345
f 1183/1217/1077 1483/1500/1348 969/1499/1347
f 1485/1501/1349 1220/1251/1110 970/1502/1350
f 1179/1503/1351 1485/1501/1349 970/1502/1350
f 1180/1215/1075 1486/1504/1352 969/1499/1347
f 1487/1505/1353 1488/1507/1355 971/1506/1354
f 1182/1508/1356 1487/1505/1353 971/1506/1354
f 1189/1222/1082 1489/1510/1358 973/1509/1357
f 1491/1511/1359 1492/1513/1361 974/1512/1360
f 1185/1514/1362 1491/1511/1359 974/1512/1360
f 1186/1220/1080 1493/1515/1363 973/1509/1357
f 1494/1516/1364 1443/1518/1366 949/1517/1365
f 1188/1519/1367 1494/1516/1364 949/1517/1365
f 1195/1226/1086 1496/1521/1369 976/1520/1368
f 1498/1522/1370 1490/1524/1372 972/1523/1371
f 1191/1525/1373 1498/1522/1370 972/1523/1371
f 1192/1526/1084 1499/1527/1374 976/1520/1368
f 1500/1528/1375 1199/1231/1090 977/1529/1376
f 1194/1530/1377 1500/1528/1375 977/1529/1376
f 1201/1232/1091 1502/1532/1379 979/1531/1378
f 1504/1533/1380 1196/1228/1088 977/1529/1376
f 1197/1534/1381 1504/1533/1380 977/1529/1376
f 1198/1229/1089 1505/1535/1382 979/1531/1378
f 1506/1536/1383 1205/1236/1095 980/1537/1384
f 1200/1538/1385 1506/1536/1383 980/1537/1384
f 1207/1237/1096 1508/1540/1387 982/1539/1386
f 1510/1541/1388 1202/1234/1093 980/1537/1384
f 1203/1542/1389 1510/1541/1388 980/1537/1384
f 1204/1235/1094 1511/1543/1390 982/1539/1386
f 1512/1544/1391 1211/1242/1101 983/1545/1392
f 1206/1546/1393 1512/1544/1391 983/1545/1392
f 1213/1243/1102 1514/1548/1395 985/1547/1394
f 1516/1549/1396 1208/1239/1098 983/1545/1392
f 1209/1550/1397 1516/1549/1396 983/1545/1392
f 1210/1240/1099 1517/1551/1398 985/1547/1394
f 1518/1552/1399 1350/1361/1220 986/1553/1400
f 1212/1554/1401 1518/1552/1399 986/1553/1400
f 1219/1555/1108 1520/1557/1403 988/1556/1402
f 1522/1558/1404 1223/1254/1113 989/1247/1106
f 1217/1248/1107 1522/1558/1404 989/1247/1106
f 1524/1559/1405 1181/1216/1076 970/1502/1350
f 1218/1560/1406 1524/1559/1405 970/1502/1350
f 1222/1252/1111 1526/1562/1408 992/1561/1407
f 1528/1563/1409 1251/1280/1139 993/1564/1410
f 1529/1565/1411 1528/1563/1409 993/1564/1410
f 1530/1566/1412 1531/1568/1414 1053/1567/1413
f 1533/1569/1415 1534/1571/1417 1052/1570/1416
f 1224/1572/1418 1533/1569/1415 1052/1570/1416
f 1534/1571/1417 1536/1573/1419 1052/1570/1416
f 1538/1574/1420 1539/1576/1422 1055/1575/1421
f 1227/1577/1423 1538/1574/1420 1055/1575/1421
f 1233/1262/1121 1541/1579/1425 1057/1578/1424
f 1543/1580/1426 1532/1582/1428 1056/1581/1427
f 1229/1583/1429 1543/1580/1426 1056/1581/1427
f 1230/1259/1118 1545/1584/1430 1057/1578/1424
f 1547/1585/1431 1548/1587/1433 1059/1586/1432
f 1232/1588/1434 1547/1585/1431 1059/1586/1432
f 1239/1268/1127 1549/1590/1436 1061/1589/1435
f 1551/1591/1437 1246/1276/1135 1060/1592/1438
f 1235/1593/1439 1551/1591/1437 1060/1592/1438
f 1236/1265/1124 1552/1594/1440 1061/1589/1435
f 1553/1595/1441 1554/1597/1443 1050/1596/1442
f 1238/1598/1444 1553/1595/1441 1050/1596/1442
f 1245/1274/1133 1555/1600/1446 1065/1599/1445
f 1557/1601/1447 1558/1603/1449 1064/1602/1448
f 1241/1604/1450 1557/1601/1447 1064/1602/1448
f 1242/1271/1130 1559/1605/1451 1065/1599/1445
f 1560/1606/1452 1237/1267/1126 1060/1592/1438
f 1244/1607/1453 1560/1606/1452 1060/1592/1438
f 1539/1576/1422 1562/1608/1454 1055/1575/1421
f 1563/1609/1455 1564/1611/1457 1068/1610/1456
f 1247/1612/1458 1563/1609/1455 1068/1610/1456
f 1250/1278/1137 1566/1614/1460 995/1613/1459
f 1568/1615/1461 1569/1617/1463 996/1616/1462
f 1570/1618/1464 1568/1615/1461 996/1616/1462
f 1569/1617/1463 1572/1619/1465 996/1616/1462
f 1573/1620/1466 1523/1622/1468 990/1621/1467
f 1571/1623/1469 1575/1625/1471 997/1624/1470
f 1577/1626/1472 1290/1312/1171 999/1627/1473
f 1252/1628/1474 1577/1626/1472 999/1627/1473
f 1561/1629/1475 1578/1631/1477 1070/1630/1476
f 1580/1632/1478 1581/1634/1480 1069/1633/1479
f 1255/1635/1481 1580/1632/1478 1069/1633/1479
f 1262/1288/1147 1583/1637/1483 1073/1636/1482
f 1585/1638/1484 1579/1640/1486 1072/1639/1485
f 1258/1641/1487 1585/1638/1484 1072/1639/1485
f 1259/1286/1145 1586/1642/1488 1073/1636/1482
f 1587/1643/1489 1278/1303/1162 1074/1644/1490
f 1261/1645/1491 1587/1643/1489 1074/1644/1490
f 1268/1293/1152 1589/1647/1493 1077/1646/1492
f 1591/1648/1494 1556/1650/1496 1076/1649/1495
f 1264/1651/1497 1591/1648/1494 1076/1649/1495
f 1265/1291/1150 1593/1652/1498 1077/1646/1492
f 1595/1653/1499 1311/1328/1187 1078/1654/1500
f 1267/1655/1501 1595/1653/1499 1078/1654/1500
f 1274/1298/1157 1596/1657/1503 1081/1656/1502
f 1597/1658/1504 1550/1660/1506 1080/1659/1505
f 1270/1661/1507 1597/1658/1504 1080/1659/1505
f 1271/1296/1155 1599/1662/1508 1081/1656/1502
f 1601/1663/1509 1308/1326/1185 1082/1664/1510
f 1273/1665/1511 1601/1663/1509 1082/1664/1510
f 1280/1304/1163 1603/1667/1513 1084/1666/1512
f 1605/1668/1514 1263/1290/1149 1074/1644/1490
f 1276/1669/1515 1605/1668/1514 1074/1644/1490
f 1277/1301/1160 1606/1670/1516 1084/1666/1512
f 1607/1671/1517 1362/1372/1231 1086/1672/1518
f 1279/1673/1519 1607/1671/1517 1086/1672/1518
f 1286/1674/1520 1609/1676/1522 1002/1675/1521
f 1610/1677/1523 1293/1314/1173 1003/1678/1524
f 1282/1679/1525 1610/1677/1523 1003/1678/1524
f 1283/1307/1166 1612/1680/1526 1002/1675/1521
f 1614/1681/1527 1296/1317/1176 1004/1682/1528
f 1285/1683/1529 1614/1681/1527 1004/1682/1528
f 1292/1313/1172 1615/1685/1531 1005/1684/1530
f 1616/1686/1532 1254/1282/1141 999/1627/1473
f 1288/1687/1533 1616/1686/1532 999/1627/1473
f 1289/1310/1169 1618/1688/1534 1005/1684/1530
f 1620/1689/1535 1284/1309/1168 1003/1678/1524
f 1291/1690/1536 1620/1689/1535 1003/1678/1524
f 1298/1691/1537 1621/1693/1539 1006/1692/1538
f 1622/1694/1540 1287/1695/1541 1004/1682/1528
f 1294/1696/1542 1622/1694/1540 1004/1682/1528
f 1295/1315/1174 1624/1697/1543 1006/1692/1538
f 1626/1698/1544 1344/1359/1218 1008/1699/1545
f 1297/1700/1546 1626/1698/1544 1008/1699/1545
f 1304/1321/1180 1628/1702/1548 1089/1701/1547
f 1630/1703/1549 1365/1375/1234 1088/1704/1550
f 1300/1705/1551 1630/1703/1549 1088/1704/1550
f 1301/1318/1177 1632/1706/1552 1089/1701/1547
f 1634/1707/1553 1332/1347/1206 1091/1708/1554
f 1303/1709/1555 1634/1707/1553 1091/1708/1554
f 1636/1710/1556 1637/1712/1558 1093/1711/1557
f 1639/1713/1559 1275/1300/1159 1082/1664/1510
f 1306/1714/1560 1639/1713/1559 1082/1664/1510
f 1313/1329/1188 1641/1716/1562 1095/1715/1561
f 1643/1717/1563 1269/1295/1154 1078/1654/1500
f 1309/1718/1564 1643/1717/1563 1078/1654/1500
f 1310/1327/1186 1644/1719/1565 1095/1715/1561
f 1645/1720/1566 1317/1333/1192 1096/1721/1567
f 1312/1722/1568 1645/1720/1566 1096/1721/1567
f 1646/1723/1569 1647/1725/1571 1097/1724/1570
f 1649/1726/1572 1314/1330/1189 1096/1721/1567
f 1315/1727/1573 1649/1726/1572 1096/1721/1567
f 1322/1337/1196 1650/1729/1575 1100/1728/1574
f 1651/1730/1576 1648/1732/1578 1099/1731/1577
f 1318/1733/1579 1651/1730/1576 1099/1731/1577
f 1319/1334/1193 1653/1734/1580 1100/1728/1574
f 1655/1735/1581 1326/1342/1201 1102/1736/1582
f 1321/1737/1583 1655/1735/1581 1102/1736/1582
f 1328/1343/1202 1657/1739/1585 1104/1738/1584
f 1659/1740/1586 1323/1339/1198 1102/1736/1582
f 1324/1741/1587 1659/1740/1586 1102/1736/1582
f 1325/1340/1199 1661/1742/1588 1104/1738/1584
f 1663/1743/1589 1664/1745/1591 1106/1744/1590
f 1327/1746/1592 1663/1743/1589 1106/1744/1590
f 1334/1348/1207 1666/1748/1594 1108/1747/1593
f 1668/1749/1595 1305/1323/1182 1091/1708/1554
f 1330/1750/1596 1668/1749/1595 1091/1708/1554
f 1331/1346/1205 1669/1751/1597 1108/1747/1593
f 1670/1752/1598 1368/1377/1236 1109/1753/1599
f 1333/1754/1600 1670/1752/1598 1109/1753/1599
f 1340/1354/1213 1671/1756/1602 1012/1755/1601
f 1672/1757/1603 1347/1759/1605 1013/1758/1604
f 1336/1760/1606 1672/1757/1603 1013/1758/1604
f 1337/1351/1210 1674/1761/1607 1012/1755/1601
f 1676/1762/1608 1378/1764/1244 1014/1763/1609
f 1339/1765/1610 1676/1762/1608 1014/1763/1609
f 1346/1766/1611 1677/1768/1613 1015/1767/1612
f 1678/1769/1614 1299/1770/1615 1008/1699/1545
f 1342/1771/1616 1678/1769/1614 1008/1699/1545
f 1343/1357/1216 1680/1772/1617 1015/1767/1612
f 1682/1773/1618 1338/1353/1212 1013/1758/1604
f 1345/1774/1619 1682/1773/1618 1013/1758/1604
f 1352/1775/1221 1684/1777/1621 1016/1776/1620
f 1686/1778/1622 1214/1245/1104 986/1553/1400
f 1348/1779/1623 1686/1778/1622 986/1553/1400
f 1349/1360/1219 1688/1780/1624 1016/1776/1620
f 1690/1781/1625 1691/1783/1627 1018/1782/1626
f 1351/1784/1628 1690/1781/1625 1018/1782/1626
f 1358/1368/1227 1692/1786/1630 1019/1785/1629
f 1693/1787/1631 1178/1789/1074 967/1788/1345
f 1354/1790/1632 1693/1787/1631 967/1788/1345
f 1355/1365/1224 1695/1792/1633 1019/1791/1629
f 1697/1793/1634 1698/1795/1636 1021/1794/1635
f 1357/1796/1637 1697/1798/1634 1021/1797/1635
f 1364/1373/1232 1700/1800/1639 1111/1799/1638
f 1702/1801/1640 1281/1306/1165 1086/1672/1518
f 1360/1802/1641 1702/1801/1640 1086/1672/1518
f 1361/1371/1230 1703/1803/1642 1111/1799/1638
f 1704/1804/1643 1302/1320/1179 1088/1704/1550
f 1363/1805/1644 1704/1804/1643 1088/1704/1550
f 1706/1806/1645 1707/1808/1647 1113/1807/1646
f 1709/1809/1648 1335/1350/1209 1109/1753/1599
f 1366/1810/1649 1709/1809/1648 1109/1753/1599
f 1372/1381/1238 1711/1812/1651 1114/1811/1650
f 1713/1813/1652 1706/1806/1645 1113/1807/1646
f 1369/1814/1653 1713/1813/1652 1113/1807/1646
f 1370/1378/1237 1714/1815/1654 1114/1811/1650
f 1716/1816/1655 1717/1818/1657 1115/1817/1656
f 1371/1819/1658 1716/1816/1655 1115/1817/1656
f 1664/1820/1591 1719/1822/1659 1106/1821/1590
f 1721/1823/1660 1715/1825/1662 1117/1824/1661
f 1374/1826/1663 1721/1823/1660 1117/1824/1661
f 1380/1388/1245 1722/1828/1665 1026/1827/1664
f 1723/1829/1666 1341/1831/1215 1014/1830/1609
f 1376/1832/1667 1723/1829/1666 1014/1830/1609
f 1377/1385/1242 1725/1833/1668 1026/1827/1664
f 1727/1834/1669 1396/1403/1259 1027/1835/1670
f 1379/1836/1671 1727/1834/1669 1027/1835/1670
f 1386/1393/1249 1729/1838/1673 1029/1837/1672
f 1731/1839/1674 1732/1841/1676 1025/1840/1675
f 1382/1842/1677 1731/1839/1674 1025/1840/1675
f 1383/1390/1247 1733/1843/1678 1029/1837/1672
f 1734/1844/1679 1390/1397/1253 1030/1845/1680
f 1385/1846/1681 1734/1844/1679 1030/1845/1680
f 1392/1398/1254 1735/1848/1683 1032/1847/1682
f 1737/1849/1684 1387/1395/1251 1030/1845/1680
f 1388/1850/1685 1737/1849/1684 1030/1845/1680
f 1389/1396/1252 1738/1851/1686 1032/1847/1682
f 1739/1852/1687 1740/1854/1689 1033/1853/1688
f 1391/1855/1690 1739/1852/1687 1033/1853/1688
f 1741/1856/1691 1742/1858/1693 1023/1857/1692
f 1744/1859/1694 1381/1389/1246 1027/1835/1670
f 1394/1860/1695 1744/1859/1694 1027/1835/1670
f 1401/1407/1263 1745/1862/1697 1037/1861/1696
f 1746/1863/1698 1743/1865/1700 1036/1864/1699
f 1397/1866/1701 1746/1863/1698 1036/1864/1699
f 1398/1404/1260 1748/1867/1702 1037/1861/1696
f 1750/1868/1703 1426/1428/1284 1039/1869/1704
f 1400/1870/1705 1750/1868/1703 1039/1869/1704
f 1407/1412/1268 1751/1872/1707 1041/1871/1706
f 1753/1873/1708 1754/1875/1710 1024/1874/1709
f 1403/1876/1711 1753/1873/1708 1024/1874/1709
f 1404/1409/1265 1755/1877/1712 1041/1871/1706
f 1756/1878/1713 1757/1880/1715 1042/1879/1714
f 1406/1881/1716 1756/1878/1713 1042/1879/1714
f 1758/1882/1717 1759/1884/1719 1043/1883/1718
f 1760/1885/1720 1752/1887/1722 1040/1886/1721
f 1409/1888/1723 1760/1885/1720 1040/1886/1721
f 1416/1419/1275 1761/1890/1725 1044/1889/1724
f 1762/1891/1726 1736/1893/1728 1031/1892/1727
f 1412/1894/1729 1762/1891/1726 1031/1892/1727
f 1413/1417/1273 1764/1895/1730 1044/1889/1724
f 1766/1896/1731 1420/1423/1279 1045/1897/1732
f 1415/1898/1733 1766/1896/1731 1045/1897/1732
f 1422/1424/1280 1767/1900/1735 1046/1899/1734
f 1768/1901/1736 1417/1420/1276 1045/1897/1732
f 1418/1902/1737 1768/1901/1736 1045/1897/1732
f 1419/1421/1277 1770/1903/1738 1046/1899/1734
f 1772/1904/1739 1773/1906/1741 1047/1905/1740
f 1421/1907/1742 1772/1904/1739 1047/1905/1740
f 1428/1429/1285 1774/1909/1744 1049/1908/1743
f 1775/1910/1745 1402/1408/1264 1039/1869/1704
f 1424/1911/1746 1775/1910/1745 1039/1869/1704
f 1425/1427/1283 1776/1912/1747 1049/1908/1743
f 1777/1913/1748 1778/1915/1750 1048/1914/1749
f 1427/1916/1751 1777/1913/1748 1048/1914/1749
f 915/1917/1752 1187/1919/1754 1051/1918/1753
f 922/1920/1755 1527/1922/1757 1054/1921/1756
f 968/1923/1758 1482/1925/1760 1059/1924/1759
f 974/1926/1761 1492/1928/1763 1050/1927/1762
f 1779/1929/1764 1492/1928/1763 916/1930/1765
f 994/1931/1766 1565/1933/1768 1068/1932/1767
f 998/1934/1769 1574/1936/1771 1069/1935/1770
f 917/1937/1772 1503/1939/1774 1094/1938/1773
f 918/1940/1775 1509/1942/1777 1098/1941/1776
f 1024/1943/1778 1754/1945/1780 1115/1944/1779
f 929/1946/1781 1384/1948/1783 1119/1947/1782
f 1023/1949/1784 1395/1951/1786 1121/1950/1785
f 935/1952/1787 1405/1954/1789 1122/1953/1788
f 914/1955/1790 1484/1957/1792 1123/1956/1791
f 975/1958/1793 1495/1960/1795 1124/1959/1794
f 1779/1929/1764 1598/1962/1797 1063/1961/1796
f 978/1963/1798 1501/1965/1800 1093/1964/1799
f 981/1966/1801 1507/1968/1803 1097/1967/1802
f 984/1969/1804 1513/1971/1806 1125/1970/1805
f 919/1972/1807 1515/1974/1809 1101/1973/1808
f 987/1975/1810 1519/1977/1812 1126/1976/1811
f 921/1978/1813 1521/1980/1815 1058/1979/1814
f 991/1981/1816 1525/1983/1818 1053/1982/1817
f 923/1984/1819 1567/1986/1821 1071/1985/1820
f 924/1987/1822 1576/1989/1824 1129/1988/1823
f 925/1990/1825 1619/1992/1827 1075/1991/1826
f 1000/1993/1828 1617/1995/1830 1130/1994/1829
f 926/1996/1831 1613/1998/1833 1087/1997/1832
f 1001/1999/1834 1611/2001/1836 1133/2000/1835
f 1007/2002/1837 1623/2004/1839 1134/2003/1838
f 927/2005/1840 1625/2007/1842 1112/2006/1841
f 928/2008/1843 1681/2010/1845 1092/2009/1844
f 1009/2011/1846 1679/2013/1848 1135/2012/1847
f 920/2014/1849 1685/2016/1851 1105/2015/1850
f 1010/2017/1852 1683/2019/1854 1140/2018/1853
f 930/2020/1855 1675/2022/1857 1110/2021/1856
f 1011/2023/1858 1673/2025/1860 1141/2024/1859
f 933/2026/1861 1726/2028/1863 1120/2027/1862
f 1022/2029/1864 1724/2031/1866 1142/2030/1865
f 934/2032/1867 1741/2034/1869 1116/2033/1868
f 1025/2035/1870 1732/2037/1872 1118/2036/1871
f 1780/2038/1873 1466/1479/1330 962/1480/1331
f 1471/1485/1335 1780/2038/1873 962/1480/1331
f 943/1432/1287 1143/1437/1292 1144/1431/1041
f 1143/1437/1292 944/1435/1290 1145/2039/1043
f 1144/1431/1041 1143/1437/1292 1145/2039/1043
f 946/1438/1293 1146/1443/1298 1147/1444/1044
f 1146/1443/1298 947/1441/1296 1148/2040/1045
f 1147/1444/1044 1146/1443/1298 1148/2040/1045
f 946/1438/1293 1149/2041/1303 1150/1186/1046
f 1149/1449/1303 948/1447/1301 1151/2042/1048
f 1150/1186/1046 1149/2041/1303 1151/1188/1048
f 950/1451/1304 1152/1456/1309 1153/1189/1049
f 1152/1456/1309 945/1454/1307 1154/1190/1050
f 1153/1189/1049 1152/1456/1309 1154/1190/1050
f 950/1451/1304 1155/1460/1313 1156/1450/1051
f 1155/1460/1313 952/1459/1312 1157/1464/1053
f 1156/1450/1051 1155/1460/1313 1157/1464/1053
f 954/1461/1314 1158/1465/1317 1159/1194/1054
f 1158/1465/1317 952/1459/1312 1160/1196/1056
f 1159/1194/1054 1158/1465/1317 1160/1196/1056
f 954/1461/1314 1161/1469/1321 1162/1197/1057
f 1161/1469/1321 956/1468/1320 1163/1199/1059
f 1162/1197/1057 1161/1469/1321 1163/1199/1059
f 958/1471/1322 1164/1474/1325 1165/1200/1060
f 1164/1474/1325 956/1468/1320 1166/1202/1062
f 1165/1200/1060 1164/1474/1325 1166/1202/1062
f 958/1471/1322 1167/1478/1329 1168/1470/1063
f 1167/1478/1329 960/1477/1328 1169/1483/1065
f 1168/1470/1063 1167/1478/1329 1169/1483/1065
f 962/1480/1331 1170/1484/1334 1171/1206/1066
f 1170/1484/1334 960/1477/1328 1172/1208/1068
f 1171/1206/1066 1170/1484/1334 1172/1208/1068
f 966/1494/1338 1173/2043/1342 1174/1209/1069
f 1173/2043/1342 964/1487/1337 1175/1211/1071
f 1174/1209/1069 1173/2043/1342 1175/1211/1071
f 966/1488/1338 1176/2044/1346 1177/1212/1072
f 1176/2044/1346 967/2045/1345 1178/1214/1074
f 1177/1212/1072 1176/2044/1346 1178/1214/1074
f 969/1499/1347 1179/1503/1351 1180/1215/1075
f 1179/1503/1351 970/1502/1350 1181/1216/1076
f 1180/1215/1075 1179/1503/1351 1181/1216/1076
f 969/1499/1347 1182/1508/1356 1183/1217/1077
f 1182/1508/1356 971/1506/1354 1184/1219/1079
f 1183/1217/1077 1182/1508/1356 1184/1219/1079
f 973/1509/1357 1185/1514/1362 1186/1220/1080
f 1185/1514/1362 974/1512/1360 1187/1221/1081
f 1186/1220/1080 1185/1514/1362 1187/1221/1081
f 973/1509/1357 1188/1519/1367 1189/1222/1082
f 1188/1519/1367 949/1517/1365 1190/1223/1083
f 1189/1222/1082 1188/1519/1367 1190/1223/1083
f 976/2046/1368 1191/2048/1373 1192/2047/1084
f 1191/1525/1373 972/1523/1371 1193/1225/1085
f 1192/1224/1084 1191/1525/1373 1193/1225/1085
f 976/1520/1368 1194/1530/1377 1195/1226/1086
f 1194/1530/1377 977/1529/1376 1196/1228/1088
f 1195/1226/1086 1194/1530/1377 1196/1228/1088
f 979/1531/1378 1197/1534/1381 1198/1229/1089
f 1197/1534/1381 977/1529/1376 1199/1231/1090
f 1198/1229/1089 1197/1534/1381 1199/1231/1090
f 979/1531/1378 1200/1538/1385 1201/1232/1091
f 1200/1538/1385 980/1537/1384 1202/1234/1093
f 1201/1232/1091 1200/1538/1385 1202/1234/1093
f 982/1539/1386 1203/1542/1389 1204/1235/1094
f 1203/1542/1389 980/1537/1384 1205/1236/1095
f 1204/1235/1094 1203/1542/1389 1205/1236/1095
f 982/1539/1386 1206/1546/1393 1207/1237/1096
f 1206/1546/1393 983/1545/1392 1208/1239/1098
f 1207/1237/1096 1206/1546/1393 1208/1239/1098
f 985/1547/1394 1209/1550/1397 1210/1240/1099
f 1209/1550/1397 983/1545/1392 1211/1242/1101
f 1210/1240/1099 1209/1550/1397 1211/1242/1101
f 985/1547/1394 1212/1554/1401 1213/1243/1102
f 1212/1554/1401 986/1553/1400 1214/1245/1104
f 1213/1243/1102 1212/1554/1401 1214/1245/1104
f 990/1621/1467 1215/2049/1874 1216/1246/1105
f 1215/2049/1874 988/1556/1402 1217/1248/1107
f 1216/1246/1105 1215/2049/1874 1217/1248/1107
f 988/1556/1402 1218/2050/1406 1219/1555/1108
f 1218/1560/1406 970/1502/1350 1220/1251/1110
f 1219/1249/1108 1218/1560/1406 1220/1251/1110
f 992/1561/1407 1221/2051/1875 1222/1252/1111
f 1221/2051/1875 989/1247/1106 1223/1254/1113
f 1222/1252/1111 1221/2051/1875 1223/1254/1113
f 1053/1567/1413 1224/1572/1418 1225/1255/1114
f 1224/1572/1418 1052/1570/1416 1226/1257/1116
f 1225/1255/1114 1224/1572/1418 1226/1257/1116
f 1052/1570/1416 1227/1577/1423 1226/1257/1116
f 1227/1577/1423 1055/1575/1421 1228/1258/1117
f 1226/1257/1116 1227/1577/1423 1228/1258/1117
f 1057/1578/1424 1229/1583/1429 1230/1259/1118
f 1229/1583/1429 1056/1581/1427 1231/1261/1120
f 1230/1259/1118 1229/1583/1429 1231/1261/1120
f 1057/1578/1424 1232/1588/1434 1233/1262/1121
f 1232/1588/1434 1059/1586/1432 1234/1264/1123
f 1233/1262/1121 1232/1588/1434 1234/1264/1123
f 1061/1589/1435 1235/1593/1439 1236/1265/1124
f 1235/1593/1439 1060/1592/1438 1237/1267/1126
f 1236/1265/1124 1235/1593/1439 1237/1267/1126
f 1061/1589/1435 1238/1598/1444 1239/1268/1127
f 1238/1598/1444 1050/1596/1442 1240/1270/1129
f 1239/1268/1127 1238/1598/1444 1240/1270/1129
f 1065/1599/1445 1241/1604/1450 1242/1271/1130
f 1241/1604/1450 1064/1602/1448 1243/1273/1132
f 1242/1271/1130 1241/1604/1450 1243/1273/1132
f 1065/1599/1445 1244/1607/1453 1245/1274/1133
f 1244/1607/1453 1060/1592/1438 1246/1276/1135
f 1245/1274/1133 1244/1607/1453 1246/1276/1135
f 1055/1575/1421 1247/1612/1458 1228/1258/1117
f 1247/1612/1458 1068/1610/1456 1248/1277/1136
f 1228/1258/1117 1247/1612/1458 1248/1277/1136
f 995/1613/1459 1249/2052/1876 1250/1278/1137
f 1249/2052/1876 993/1564/1410 1251/1280/1139
f 1250/1278/1137 1249/2052/1876 1251/1280/1139
f 997/1624/1470 1252/1628/1474 1253/1281/1140
f 1252/1628/1474 999/1627/1473 1254/1282/1141
f 1253/1281/1140 1252/1628/1474 1254/1282/1141
f 1070/1630/1476 1255/1635/1481 1256/1283/1142
f 1255/1635/1481 1069/1633/1479 1257/1285/1144
f 1256/1283/1142 1255/1635/1481 1257/1285/1144
f 1073/1636/1482 1258/1641/1487 1259/1286/1145
f 1258/1641/1487 1072/1639/1485 1260/1287/1146
f 1259/1286/1145 1258/1641/1487 1260/1287/1146
f 1073/1636/1482 1261/1645/1491 1262/1288/1147
f 1261/1645/1491 1074/1644/1490 1263/1290/1149
f 1262/1288/1147 1261/1645/1491 1263/1290/1149
f 1077/1646/1492 1264/1651/1497 1265/1291/1150
f 1264/1651/1497 1076/1649/1495 1266/1292/1151
f 1265/1291/1150 1264/1651/1497 1266/1292/1151
f 1077/1646/1492 1267/1655/1501 1268/1293/1152
f 1267/1655/1501 1078/1654/1500 1269/1295/1154
f 1268/1293/1152 1267/1655/1501 1269/1295/1154
f 1081/1656/1502 1270/1661/1507 1271/1296/1155
f 1270/1661/1507 1080/1659/1505 1272/1297/1156
f 1271/1296/1155 1270/1661/1507 1272/1297/1156
f 1081/1656/1502 1273/1665/1511 1274/1298/1157
f 1273/1665/1511 1082/1664/1510 1275/1300/1159
f 1274/1298/1157 1273/1665/1511 1275/1300/1159
f 1084/1666/1512 1276/1669/1515 1277/1301/1160
f 1276/1669/1515 1074/1644/1490 1278/1303/1162
f 1277/1301/1160 1276/1669/1515 1278/1303/1162
f 1084/1666/1512 1279/1673/1519 1280/1304/1163
f 1279/1673/1519 1086/1672/1518 1281/1306/1165
f 1280/1304/1163 1279/1673/1519 1281/1306/1165
f 1002/1675/1521 1282/1679/1525 1283/1307/1166
f 1282/1679/1525 1003/1678/1524 1284/1309/1168
f 1283/1307/1166 1282/1679/1525 1284/1309/1168
f 1002/1675/1521 1285/1683/1529 1286/1674/1520
f 1285/1683/1529 1004/1682/1528 1287/1695/1541
f 1286/1674/1520 1285/1683/1529 1287/1695/1541
f 1005/1684/1530 1288/1687/1533 1289/1310/1169
f 1288/1687/1533 999/1627/1473 1290/1312/1171
f 1289/1310/1169 1288/1687/1533 1290/1312/1171
f 1005/1684/1530 1291/1690/1536 1292/1313/1172
f 1291/1690/1536 1003/1678/1524 1293/1314/1173
f 1292/1313/1172 1291/1690/1536 1293/1314/1173
f 1006/1692/1538 1294/1696/1542 1295/1315/1174
f 1294/1696/1542 1004/1682/1528 1296/1317/1176
f 1295/1315/1174 1294/1696/1542 1296/1317/1176
f 1006/1692/1538 1297/1700/1546 1298/1691/1537
f 1297/1700/1546 1008/1699/1545 1299/1770/1615
f 1298/1691/1537 1297/1700/1546 1299/1770/1615
f 1089/1701/1547 1300/1705/1551 1301/1318/1177
f 1300/1705/1551 1088/1704/1550 1302/1320/1179
f 1301/1318/1177 1300/1705/1551 1302/1320/1179
f 1089/1701/1547 1303/1709/1555 1304/1321/1180
f 1303/1709/1555 1091/1708/1554 1305/1323/1182
f 1304/1321/1180 1303/1709/1555 1305/1323/1182
f 1093/1711/1557 1306/1714/1560 1307/1324/1183
f 1306/1714/1560 1082/1664/1510 1308/1326/1185
f 1307/1324/1183 1306/1714/1560 1308/1326/1185
f 1095/1715/1561 1309/1718/1564 1310/1327/1186
f 1309/1718/1564 1078/1654/1500 1311/1328/1187
f 1310/1327/1186 1309/1718/1564 1311/1328/1187
f 1095/1715/1561 1312/1722/1568 1313/1329/1188
f 1312/1722/1568 1096/1721/1567 1314/1330/1189
f 1313/1329/1188 1312/1722/1568 1314/1330/1189
f 1097/1724/1570 1315/1727/1573 1316/1331/1190
f 1315/1727/1573 1096/1721/1567 1317/1333/1192
f 1316/1331/1190 1315/1727/1573 1317/1333/1192
f 1100/1728/1574 1318/1733/1579 1319/1334/1193
f 1318/1733/1579 1099/1731/1577 1320/1336/1195
f 1319/1334/1193 1318/1733/1579 1320/1336/1195
f 1100/1728/1574 1321/1737/1583 1322/1337/1196
f 1321/1737/1583 1102/1736/1582 1323/1339/1198
f 1322/1337/1196 1321/1737/1583 1323/1339/1198
f 1104/1738/1584 1324/1741/1587 1325/1340/1199
f 1324/1741/1587 1102/1736/1582 1326/1342/1201
f 1325/1340/1199 1324/1741/1587 1326/1342/1201
f 1104/1738/1584 1327/1746/1592 1328/1343/1202
f 1327/1746/1592 1106/1744/1590 1329/1345/1204
f 1328/1343/1202 1327/1746/1592 1329/1345/1204
f 1108/1747/1593 1330/1750/1596 1331/1346/1205
f 1330/1750/1596 1091/1708/1554 1332/1347/1206
f 1331/1346/1205 1330/1750/1596 1332/1347/1206
f 1108/1747/1593 1333/1754/1600 1334/1348/1207
f 1333/1754/1600 1109/1753/1599 1335/1350/1209
f 1334/1348/1207 1333/1754/1600 1335/1350/1209
f 1012/1755/1601 1336/1760/1606 1337/1351/1210
f 1336/1760/1606 1013/1758/1604 1338/1353/1212
f 1337/1351/1210 1336/1760/1606 1338/1353/1212
f 1012/1755/1601 1339/1765/1610 1340/1354/1213
f 1339/1765/1610 1014/1763/1609 1341/1356/1215
f 1340/1354/1213 1339/1765/1610 1341/1356/1215
f 1015/1767/1612 1342/1771/1616 1343/1357/1216
f 1342/1771/1616 1008/1699/1545 1344/1359/1218
f 1343/1357/1216 1342/1771/1616 1344/1359/1218
f 1015/1767/1612 1345/1774/1619 1346/1766/1611
f 1345/1774/1619 1013/1758/1604 1347/1759/1605
f 1346/1766/1611 1345/1774/1619 1347/1759/1605
f 1016/1776/1620 1348/1779/1623 1349/1360/1219
f 1348/1779/1623 986/1553/1400 1350/1361/1220
f 1349/1360/1219 1348/1779/1623 1350/1361/1220
f 1016/1776/1620 1351/2053/1628 1352/1775/1221
f 1351/1784/1628 1018/1782/1626 1353/2054/1223
f 1352/1362/1221 1351/2055/1628 1353/1364/1223
f 1019/1785/1629 1354/1790/1632 1355/2056/1224
f 1354/2057/1632 967/1497/1345 1356/1367/1226
f 1355/1365/1224 1354/2057/1632 1356/1367/1226
f 1019/1785/1629 1357/1796/1637 1358/1368/1227
f 1357/1796/1637 1021/1797/1635 1359/1370/1229
f 1358/1368/1227 1357/1796/1637 1359/1370/1229
f 1111/1799/1638 1360/1802/1641 1361/1371/1230
f 1360/1802/1641 1086/1672/1518 1362/1372/1231
f 1361/1371/1230 1360/1802/1641 1362/1372/1231
f 1111/1799/1638 1363/1805/1644 1364/1373/1232
f 1363/1805/1644 1088/1704/1550 1365/1375/1234
f 1364/1373/1232 1363/1805/1644 1365/1375/1234
f 1113/1807/1646 1366/2058/1649 1367/1380/1235
f 1366/1810/1649 1109/1753/1599 1368/1377/1236
f 1367/1376/1235 1366/1810/1649 1368/1377/1236
f 1114/1811/1650 1369/1814/1653 1370/1378/1237
f 1369/1814/1653 1113/1807/1646 1367/1380/1235
f 1370/1378/1237 1369/1814/1653 1367/1380/1235
f 1114/1811/1650 1371/1819/1658 1372/1381/1238
f 1371/1819/1658 1115/1817/1656 1373/1383/1240
f 1372/1381/1238 1371/1819/1658 1373/1383/1240
f 1106/1744/1590 1374/2059/1663 1329/1345/1204
f 1374/1826/1663 1117/1824/1661 1375/2060/1241
f 1329/1345/1204 1374/2059/1663 1375/1384/1241
f 1026/1827/1664 1376/1832/1667 1377/1385/1242
f 1376/1832/1667 1014/1830/1609 1378/1387/1244
f 1377/1385/1242 1376/1832/1667 1378/1387/1244
f 1026/1827/1664 1379/1836/1671 1380/1388/1245
f 1379/1836/1671 1027/1835/1670 1381/1389/1246
f 1380/1388/1245 1379/1836/1671 1381/1389/1246
f 1029/1837/1672 1382/1842/1677 1383/1390/1247
f 1382/1842/1677 1025/1840/1675 1384/1392/1248
f 1383/1390/1247 1382/1842/1677 1384/1392/1248
f 1029/1837/1672 1385/1846/1681 1386/1393/1249
f 1385/1846/1681 1030/1845/1680 1387/1395/1251
f 1386/1393/1249 1385/1846/1681 1387/1395/1251
f 1032/1847/1682 1388/1850/1685 1389/1396/1252
f 1388/1850/1685 1030/1845/1680 1390/1397/1253
f 1389/1396/1252 1388/1850/1685 1390/1397/1253
f 1032/1847/1682 1391/1855/1690 1392/1398/1254
f 1391/1855/1690 1033/1853/1688 1393/1400/1256
f 1392/1398/1254 1391/1855/1690 1393/1400/1256
f 1023/1857/1692 1394/1860/1695 1395/1401/1257
f 1394/1860/1695 1027/1835/1670 1396/1403/1259
f 1395/1401/1257 1394/1860/1695 1396/1403/1259
f 1037/1861/1696 1397/1866/1701 1398/1404/1260
f 1397/1866/1701 1036/1864/1699 1399/1406/1262
f 1398/1404/1260 1397/1866/1701 1399/1406/1262
f 1037/1861/1696 1400/1870/1705 1401/1407/1263
f 1400/1870/1705 1039/1869/1704 1402/1408/1264
f 1401/1407/1263 1400/1870/1705 1402/1408/1264
f 1041/1871/1706 1403/1876/1711 1404/1409/1265
f 1403/1876/1711 1024/1874/1709 1405/1411/1267
f 1404/1409/1265 1403/1876/1711 1405/1411/1267
f 1041/1871/1706 1406/1881/1716 1407/1412/1268
f 1406/1881/1716 1042/1879/1714 1408/1414/1270
f 1407/1412/1268 1406/1881/1716 1408/1414/1270
f 1043/1883/1718 1409/1888/1723 1410/1415/1271
f 1409/1888/1723 1040/1886/1721 1411/1416/1272
f 1410/1415/1271 1409/1888/1723 1411/1416/1272
f 1044/1889/1724 1412/1894/1729 1413/1417/1273
f 1412/1894/1729 1031/1892/1727 1414/1418/1274
f 1413/1417/1273 1412/1894/1729 1414/1418/1274
f 1044/1889/1724 1415/1898/1733 1416/1419/1275
f 1415/1898/1733 1045/1897/1732 1417/1420/1276
f 1416/1419/1275 1415/1898/1733 1417/1420/1276
f 1046/1899/1734 1418/1902/1737 1419/1421/1277
f 1418/1902/1737 1045/1897/1732 1420/1423/1279
f 1419/1421/1277 1418/1902/1737 1420/1423/1279
f 1046/1899/1734 1421/1907/1742 1422/1424/1280
f 1421/1907/1742 1047/1905/1740 1423/1426/1282
f 1422/1424/1280 1421/1907/1742 1423/1426/1282
f 1049/1908/1743 1424/1911/1746 1425/1427/1283
f 1424/1911/1746 1039/1869/1704 1426/1428/1284
f 1425/1427/1283 1424/1911/1746 1426/1428/1284
f 1049/1908/1743 1427/1916/1751 1428/1429/1285
f 1427/1916/1751 1048/1914/1749 1429/1430/1286
f 1428/1429/1285 1427/1916/1751 1429/1430/1286
f 901/1182/1042 1430/2061/1877 1144/1181/1041
f 1430/2061/1877 942/2063/1878 1431/2062/1288
f 1144/1181/1041 1430/2061/1877 1431/2062/1288
f 943/1432/1287 1434/2064/1879 1143/1437/1292
f 1143/1437/1292 1434/2064/1879 1432/1434/1289
f 903/1187/1047 1154/1190/1050 1150/1186/1046
f 1154/1190/1050 945/1454/1307 1435/1439/1294
f 1150/1186/1046 1154/1190/1050 1435/1439/1294
f 945/1454/1307 1436/1455/1308 1437/1440/1295
f 1436/1455/1308 902/2065/1880 1438/1442/1297
f 1437/1440/1295 1436/1455/1308 1438/1442/1297
f 946/1438/1293 1435/1439/1294 1146/1443/1298
f 1435/1439/1294 945/1454/1307 1437/1440/1295
f 1146/1443/1298 1435/1439/1294 1437/1440/1295
f 901/1182/1042 1145/1183/1043 1147/1184/1044
f 1145/2039/1043 944/1435/1290 1439/1445/1299
f 1147/1444/1044 1145/2039/1043 1439/1445/1299
f 944/1435/1290 1433/1436/1291 1440/2066/1300
f 1440/1446/1300 1433/2067/1291 1441/1448/1302
f 946/1438/1293 1439/1445/1299 1149/2041/1303
f 1439/1445/1299 944/1435/1290 1440/2066/1300
f 1149/2041/1303 1439/1445/1299 1440/2066/1300
f 904/2068/1052 1190/2069/1083 1156/1450/1051
f 1190/2069/1083 949/2070/1365 1442/1452/1305
f 1156/1450/1051 1190/2069/1083 1442/1452/1305
f 949/2070/1365 1443/2071/1366 1444/1453/1306
f 1443/2071/1366 902/2065/1880 1436/1455/1308
f 1444/1453/1306 1443/2071/1366 1436/1455/1308
f 950/1451/1304 1442/1452/1305 1152/1456/1309
f 1442/1452/1305 949/2070/1365 1444/1453/1306
f 1152/1456/1309 1442/1452/1305 1444/1453/1306
f 903/1187/1047 1445/2072/1881 1153/1189/1049
f 1445/2072/1881 951/2073/1882 1446/1457/1310
f 1153/1189/1049 1445/2072/1881 1446/1457/1310
f 951/2073/1882 1447/2074/1883 1448/1458/1311
f 1447/2074/1883 905/1195/1055 1160/1196/1056
f 1448/1458/1311 1447/2074/1883 1160/1196/1056
f 950/1451/1304 1446/1457/1310 1155/1460/1313
f 1446/1457/1310 951/2073/1882 1448/1458/1311
f 1155/1460/1313 1446/1457/1310 1448/1458/1311
f 906/1198/1058 1449/2075/1884 1162/1197/1057
f 1449/2075/1884 953/2076/1885 1450/1462/1315
f 1162/1197/1057 1449/2075/1884 1450/1462/1315
f 953/2076/1885 1451/2077/1886 1452/1463/1316
f 1451/2078/1886 904/1192/1052 1157/1193/1053
f 1452/1463/1316 1451/2077/1886 1157/1464/1053
f 954/1461/1314 1450/1462/1315 1158/1465/1317
f 1450/1462/1315 953/2076/1885 1452/1463/1316
f 1158/1465/1317 1450/1462/1315 1452/1463/1316
f 905/1195/1055 1453/2079/1887 1159/1194/1054
f 1453/2080/1887 955/2082/1888 1454/2081/1318
f 1159/1194/1054 1453/2079/1887 1454/1466/1318
f 955/2083/1888 1455/2084/1889 1456/1467/1319
f 1455/2084/1889 907/1201/1061 1166/1202/1062
f 1456/1467/1319 1455/2084/1889 1166/1202/1062
f 954/1461/1314 1454/1466/1318 1161/1469/1321
f 1454/2081/1318 955/2082/1888 1456/2085/1319
f 1161/1469/1321 1454/1466/1318 1456/1467/1319
f 908/1204/1064 1457/2086/1890 1168/1203/1063
f 1457/2086/1890 957/2088/1891 1458/2087/1323
f 1168/1203/1063 1457/2086/1890 1458/2087/1323
f 957/2089/1891 1459/2091/1892 1460/2090/1324
f 1459/2092/1892 906/1198/1058 1163/1199/1059
f 1460/2093/1324 1459/2095/1892 1163/2094/1059
f 958/1471/1322 1458/1472/1323 1164/1474/1325
f 1458/2087/1323 957/2088/1891 1460/2096/1324
f 1164/1474/1325 1458/1472/1323 1460/1473/1324
f 907/1201/1061 1461/2097/1893 1165/1200/1060
f 1461/2097/1893 959/2098/1894 1462/1475/1326
f 1165/1200/1060 1461/2097/1893 1462/1475/1326
f 959/2098/1894 1463/2099/1895 1464/1476/1327
f 1463/2099/1895 909/1207/1067 1172/1208/1068
f 1464/1476/1327 1463/2099/1895 1172/1208/1068
f 958/1471/1322 1462/1475/1326 1167/1478/1329
f 1462/1475/1326 959/2098/1894 1464/1476/1327
f 1167/1478/1329 1462/1475/1326 1464/1476/1327
f 910/1241/1100 1465/2101/1896 1466/2100/1330
f 1465/2101/1896 961/2103/1897 1467/2102/1332
f 1466/2100/1330 1465/2101/1896 1467/2102/1332
f 961/2103/1897 1468/2105/1898 1469/2104/1333
f 1468/2105/1898 908/1204/1064 1169/1205/1065
f 1469/2104/1333 1468/2105/1898 1169/1205/1065
f 962/1480/1331 1467/1481/1332 1170/1484/1334
f 1467/2102/1332 961/2103/1897 1469/2104/1333
f 1170/1484/1334 1467/1481/1332 1469/1482/1333
f 909/1207/1067 1470/2106/1899 1171/1206/1066
f 1470/2106/1899 963/2107/1900 1471/1485/1335
f 1171/1206/1066 1470/2106/1899 1471/1485/1335
f 963/2107/1900 1472/2108/1901 1473/1486/1336
f 1472/2108/1901 911/1210/1070 1175/1211/1071
f 1473/1486/1336 1472/2108/1901 1175/1211/1071
f 912/1213/1073 1474/2109/1902 1177/1212/1072
f 1474/2109/1902 965/2110/1903 1475/1489/1339
f 1177/1212/1072 1474/2109/1902 1475/1489/1339
f 965/2110/1903 1476/2111/1904 1477/1490/1340
f 1476/2111/1904 910/1241/1100 1478/1492/1341
f 1477/1490/1340 1476/2111/1904 1478/1492/1341
f 966/1488/1338 1475/1489/1339 1173/1493/1342
f 1475/1489/1339 965/2110/1903 1477/1490/1340
f 1173/1493/1342 1475/1489/1339 1477/1490/1340
f 1480/2112/1905 913/1366/1225 1356/1367/1226
f 1481/1496/1344 1480/2112/1905 1356/1367/1226
f 966/1494/1338 1479/1495/1343 1176/1498/1346
f 1176/1498/1346 1479/1495/1343 1481/1496/1344
f 915/1218/1078 1482/2113/1906 1183/1217/1077
f 1482/2113/1906 968/2114/1907 1483/1500/1348
f 1183/1217/1077 1482/2113/1906 1483/1500/1348
f 968/2114/1907 1484/2115/1908 1485/1501/1349
f 1484/2115/1908 914/1250/1109 1220/1251/1110
f 1485/1501/1349 1484/2115/1908 1220/1251/1110
f 969/1499/1347 1483/1500/1348 1179/1503/1351
f 1483/1500/1348 968/2114/1907 1485/1501/1349
f 1179/1503/1351 1483/1500/1348 1485/1501/1349
f 901/1182/1042 1148/1185/1045 1180/1215/1075
f 1148/1185/1045 947/2116/1296 1486/1504/1352
f 1180/1215/1075 1148/1185/1045 1486/1504/1352
f 947/2116/1296 1438/2117/1297 1487/1505/1353
f 1438/2117/1297 902/2118/1880 1488/1507/1355
f 1487/1505/1353 1438/2117/1297 1488/1507/1355
f 969/1499/1347 1486/1504/1352 1182/1508/1356
f 1486/1504/1352 947/2116/1296 1487/1505/1353
f 1182/1508/1356 1486/1504/1352 1487/1505/1353
f 904/1192/1052 1193/1225/1085 1189/1222/1082
f 1193/1225/1085 972/1523/1371 1489/1510/1358
f 1189/1222/1082 1193/1225/1085 1489/1510/1358
f 972/1523/1371 1490/1524/1372 1491/1511/1359
f 1490/1524/1372 916/2119/1909 1492/1513/1361
f 1491/1511/1359 1490/1524/1372 1492/1513/1361
f 973/1509/1357 1489/1510/1358 1185/1514/1362
f 1489/1510/1358 972/1523/1371 1491/1511/1359
f 1185/1514/1362 1489/1510/1358 1491/1511/1359
f 915/1218/1078 1184/1219/1079 1186/1220/1080
f 1184/1219/1079 971/1506/1354 1493/1515/1363
f 1186/1220/1080 1184/1219/1079 1493/1515/1363
f 971/1506/1354 1488/1507/1355 1494/1516/1364
f 1488/1507/1355 902/2118/1880 1443/1518/1366
f 1494/1516/1364 1488/1507/1355 1443/1518/1366
f 973/1509/1357 1493/1515/1363 1188/1519/1367
f 1493/1515/1363 971/1506/1354 1494/1516/1364
f 1188/1519/1367 1493/1515/1363 1494/1516/1364
f 917/1227/1087 1495/2120/1910 1195/1226/1086
f 1495/2120/1910 975/2121/1911 1496/1521/1369
f 1195/1226/1086 1495/2120/1910 1496/1521/1369
f 975/2122/1911 1497/2124/1912 1498/2123/1370
f 1497/2125/1912 916/2119/1909 1490/1524/1372
f 1498/1522/1370 1497/2125/1912 1490/1524/1372
f 976/1520/1368 1496/1521/1369 1191/2126/1373
f 1496/2127/1369 975/2122/1911 1498/2123/1370
f 1191/2128/1373 1496/2127/1369 1498/2123/1370
f 904/1192/1052 1451/2078/1886 1192/1224/1084
f 1451/2129/1886 953/2131/1885 1499/2130/1374
f 1192/2047/1084 1451/2129/1886 1499/2130/1374
f 953/2132/1885 1449/2133/1884 1500/1528/1375
f 1449/2133/1884 906/1230/1058 1199/1231/1090
f 1500/1528/1375 1449/2133/1884 1199/1231/1090
f 976/1520/1368 1499/1527/1374 1194/1530/1377
f 1499/1527/1374 953/2132/1885 1500/1528/1375
f 1194/1530/1377 1499/1527/1374 1500/1528/1375
f 918/1233/1092 1501/2134/1913 1201/1232/1091
f 1501/2134/1913 978/2135/1914 1502/1532/1379
f 1201/1232/1091 1501/2134/1913 1502/1532/1379
f 978/2135/1914 1503/2136/1915 1504/1533/1380
f 1503/2136/1915 917/1227/1087 1196/1228/1088
f 1504/1533/1380 1503/2136/1915 1196/1228/1088
f 979/1531/1378 1502/1532/1379 1197/1534/1381
f 1502/1532/1379 978/2135/1914 1504/1533/1380
f 1197/1534/1381 1502/1532/1379 1504/1533/1380
f 906/1230/1058 1459/2137/1892 1198/1229/1089
f 1459/2137/1892 957/2088/1891 1505/1535/1382
f 1198/1229/1089 1459/2137/1892 1505/1535/1382
f 957/2088/1891 1457/2086/1890 1506/1536/1383
f 1457/2086/1890 908/1204/1064 1205/1236/1095
f 1506/1536/1383 1457/2086/1890 1205/1236/1095
f 979/1531/1378 1505/1535/1382 1200/1538/1385
f 1505/1535/1382 957/2088/1891 1506/1536/1383
f 1200/1538/1385 1505/1535/1382 1506/1536/1383
f 919/1238/1097 1507/2138/1916 1207/1237/1096
f 1507/2138/1916 981/2139/1917 1508/1540/1387
f 1207/1237/1096 1507/2138/1916 1508/1540/1387
f 981/2139/1917 1509/2140/1918 1510/1541/1388
f 1509/2140/1918 918/1233/1092 1202/1234/1093
f 1510/1541/1388 1509/2140/1918 1202/1234/1093
f 982/1539/1386 1508/1540/1387 1203/1542/1389
f 1508/1540/1387 981/2139/1917 1510/1541/1388
f 1203/1542/1389 1508/1540/1387 1510/1541/1388
f 908/1204/1064 1468/2105/1898 1204/1235/1094
f 1468/2105/1898 961/2103/1897 1511/1543/1390
f 1204/1235/1094 1468/2105/1898 1511/1543/1390
f 961/2103/1897 1465/2101/1896 1512/1544/1391
f 1465/2101/1896 910/1241/1100 1211/1242/1101
f 1512/1544/1391 1465/2101/1896 1211/1242/1101
f 982/1539/1386 1511/1543/1390 1206/1546/1393
f 1511/1543/1390 961/2103/1897 1512/1544/1391
f 1206/1546/1393 1511/1543/1390 1512/1544/1391
f 920/1244/1103 1513/2141/1919 1213/1243/1102
f 1513/2141/1919 984/2142/1920 1514/1548/1395
f 1213/1243/1102 1513/2141/1919 1514/1548/1395
f 984/2142/1920 1515/2143/1921 1516/1549/1396
f 1515/2143/1921 919/1238/1097 1208/1239/1098
f 1516/1549/1396 1515/2143/1921 1208/1239/1098
f 985/1547/1394 1514/1548/1395 1209/1550/1397
f 1514/1548/1395 984/2142/1920 1516/1549/1396
f 1209/1550/1397 1514/1548/1395 1516/1549/1396
f 910/1241/1100 1476/2111/1904 1210/1240/1099
f 1476/2111/1904 965/2110/1903 1517/1551/1398
f 1210/1240/1099 1476/2111/1904 1517/1551/1398
f 965/2110/1903 1474/2109/1902 1518/1552/1399
f 1474/2109/1902 912/1213/1073 1350/1361/1220
f 1518/1552/1399 1474/2109/1902 1350/1361/1220
f 985/1547/1394 1517/1551/1398 1212/1554/1401
f 1517/1551/1398 965/2110/1903 1518/1552/1399
f 1212/1554/1401 1517/1551/1398 1518/1552/1399
f 914/1250/1109 1519/2144/1922 1219/1249/1108
f 1519/2144/1922 987/2146/1923 1520/2145/1403
f 1219/1249/1108 1519/2144/1922 1520/2145/1403
f 987/2147/1923 1521/2148/1924 1522/1558/1404
f 1521/2148/1924 921/1253/1112 1223/1254/1113
f 1522/1558/1404 1521/2148/1924 1223/1254/1113
f 988/1556/1402 1520/1557/1403 1217/1248/1107
f 1520/1557/1403 987/2147/1923 1522/1558/1404
f 1217/1248/1107 1520/1557/1403 1522/1558/1404
f 990/1621/1467 1523/1622/1468 1524/2149/1405
f 1523/2150/1468 901/1182/1042 1181/1216/1076
f 1524/1559/1405 1523/2150/1468 1181/1216/1076
f 988/1556/1402 1215/2049/1874 1218/2050/1406
f 1215/2049/1874 990/1621/1467 1524/2149/1405
f 1218/2050/1406 1215/2049/1874 1524/2149/1405
f 921/1253/1112 1525/2151/1925 1222/1252/1111
f 1525/2151/1925 991/2152/1926 1526/1562/1408
f 1222/1252/1111 1525/2151/1925 1526/1562/1408
f 991/2152/1926 1527/2153/1927 1528/1563/1409
f 1527/2153/1927 922/1279/1138 1251/1280/1139
f 1528/1563/1409 1527/2153/1927 1251/1280/1139
f 992/1561/1407 1526/1562/1408 1529/1565/1411
f 1526/1562/1408 991/2152/1926 1528/1563/1409
f 1529/1565/1411 1526/1562/1408 1528/1563/1409
f 1058/1260/1119 1231/1261/1120 1530/1566/1412
f 1231/1261/1120 1056/1581/1427 1531/1568/1414
f 1530/1566/1412 1231/1261/1120 1531/1568/1414
f 1056/1581/1427 1532/1582/1428 1533/1569/1415
f 1532/1582/1428 1062/1266/1125 1534/1571/1417
f 1533/1569/1415 1532/1582/1428 1534/1571/1417
f 1053/1567/1413 1531/1568/1414 1224/1572/1418
f 1531/1568/1414 1056/1581/1427 1533/1569/1415
f 1224/1572/1418 1531/1568/1414 1533/1569/1415
f 1062/1266/1125 1535/2154/1928 1534/1571/1417
f 1535/2154/1928 1127/2155/1929 1536/1573/1419
f 1534/1571/1417 1535/2154/1928 1536/1573/1419
f 1127/2155/1929 1537/2156/1930 1538/1574/1420
f 1537/2156/1930 1066/1272/1131 1539/1576/1422
f 1538/1574/1420 1537/2156/1930 1539/1576/1422
f 1052/1570/1416 1536/1573/1419 1227/1577/1423
f 1536/1573/1419 1127/2155/1929 1538/1574/1420
f 1227/1577/1423 1536/1573/1419 1538/1574/1420
f 1051/1263/1122 1540/2157/1931 1233/1262/1121
f 1540/2157/1931 1128/2158/1932 1541/1579/1425
f 1233/1262/1121 1540/2157/1931 1541/1579/1425
f 1128/2158/1932 1542/2159/1933 1543/1580/1426
f 1542/2159/1933 1062/1266/1125 1532/1582/1428
f 1543/1580/1426 1542/2159/1933 1532/1582/1428
f 1057/1578/1424 1541/1579/1425 1229/1583/1429
f 1541/1579/1425 1128/2158/1932 1543/1580/1426
f 1229/1583/1429 1541/1579/1425 1543/1580/1426
f 1058/1260/1119 1544/2160/1934 1230/1259/1118
f 1544/2160/1934 1126/2161/1935 1545/1584/1430
f 1230/1259/1118 1544/2160/1934 1545/1584/1430
f 1126/2161/1935 1546/2162/1936 1547/1585/1431
f 1123/2163/1937 1548/1587/1433 1547/1585/1431
f 1546/2162/1936 1123/2163/1937 1547/1585/1431
f 1057/1578/1424 1545/1584/1430 1232/1588/1434
f 1545/1584/1430 1126/2161/1935 1547/1585/1431
f 1232/1588/1434 1545/1584/1430 1547/1585/1431
f 1063/1269/1128 1272/1297/1156 1239/1268/1127
f 1272/1297/1156 1080/1659/1505 1549/1590/1436
f 1239/1268/1127 1272/1297/1156 1549/1590/1436
f 1080/1659/1505 1550/1660/1506 1551/1591/1437
f 1550/1660/1506 1067/1275/1134 1246/1276/1135
f 1551/1591/1437 1550/1660/1506 1246/1276/1135
f 1061/1589/1435 1549/1590/1436 1235/1593/1439
f 1549/1590/1436 1080/1659/1505 1551/1591/1437
f 1235/1593/1439 1549/1590/1436 1551/1591/1437
f 1062/1266/1125 1542/2159/1933 1236/1265/1124
f 1542/2159/1933 1128/2158/1932 1552/1594/1440
f 1236/1265/1124 1542/2159/1933 1552/1594/1440
f 1128/2158/1932 1540/2157/1931 1553/1595/1441
f 1540/2157/1931 1051/1263/1122 1554/1597/1443
f 1553/1595/1441 1540/2157/1931 1554/1597/1443
f 1061/1589/1435 1552/1594/1440 1238/1598/1444
f 1552/1594/1440 1128/2158/1932 1553/1595/1441
f 1238/1598/1444 1552/1594/1440 1553/1595/1441
f 1067/1275/1134 1266/1292/1151 1245/1274/1133
f 1266/1292/1151 1076/1649/1495 1555/1600/1446
f 1245/1274/1133 1266/1292/1151 1555/1600/1446
f 1076/1649/1495 1556/1650/1496 1557/1601/1447
f 1556/1650/1496 1085/1302/1161 1558/1603/1449
f 1557/1601/1447 1556/1650/1496 1558/1603/1449
f 1065/1599/1445 1555/1600/1446 1241/1604/1450
f 1555/1600/1446 1076/1649/1495 1557/1601/1447
f 1241/1604/1450 1555/1600/1446 1557/1601/1447
f 1066/1272/1131 1537/2156/1930 1242/1271/1130
f 1537/2156/1930 1127/2155/1929 1559/1605/1451
f 1242/1271/1130 1537/2156/1930 1559/1605/1451
f 1127/2155/1929 1535/2154/1928 1560/1606/1452
f 1535/2154/1928 1062/1266/1125 1237/1267/1126
f 1560/1606/1452 1535/2154/1928 1237/1267/1126
f 1065/1599/1445 1559/1605/1451 1244/1607/1453
f 1559/1605/1451 1127/2155/1929 1560/1606/1452
f 1244/1607/1453 1559/1605/1451 1560/1606/1452
f 1066/1272/1131 1561/1629/1475 1539/1576/1422
f 1561/1629/1475 1070/1630/1476 1562/1608/1454
f 1539/1576/1422 1561/1629/1475 1562/1608/1454
f 1070/1630/1476 1256/1283/1142 1563/1609/1455
f 1256/1283/1142 1071/1284/1143 1564/1611/1457
f 1563/1609/1455 1256/1283/1142 1564/1611/1457
f 1055/1575/1421 1562/1608/1454 1247/1612/1458
f 1562/1608/1454 1070/1630/1476 1563/1609/1455
f 1247/1612/1458 1562/1608/1454 1563/1609/1455
f 922/1279/1138 1565/2164/1938 1250/1278/1137
f 1565/2164/1938 994/2165/1939 1566/1614/1460
f 1250/1278/1137 1565/2164/1938 1566/1614/1460
f 994/2165/1939 1567/2166/1940 1568/1615/1461
f 1567/2166/1940 923/2167/1941 1569/1617/1463
f 1568/1615/1461 1567/2166/1940 1569/1617/1463
f 995/1613/1459 1566/1614/1460 1570/1618/1464
f 1566/1614/1460 994/2165/1939 1568/1615/1461
f 1570/1618/1464 1566/1614/1460 1568/1615/1461
f 923/2167/1941 1571/1623/1469 1569/1617/1463
f 1571/1623/1469 997/1624/1470 1572/1619/1465
f 1569/1617/1463 1571/1623/1469 1572/1619/1465
f 942/2168/1878 1430/2169/1877 1573/1620/1466
f 1430/2061/1877 901/1182/1042 1523/2150/1468
f 1573/1620/1466 1430/2169/1877 1523/1622/1468
f 923/2167/1941 1574/2170/1942 1571/1623/1469
f 1574/2170/1942 998/2171/1943 1575/1625/1471
f 1571/1623/1469 1574/2170/1942 1575/1625/1471
f 998/2171/1943 1576/2172/1944 1577/1626/1472
f 1576/2172/1944 924/1311/1170 1290/1312/1171
f 1577/1626/1472 1576/2172/1944 1290/1312/1171
f 997/1624/1470 1575/1625/1471 1252/1628/1474
f 1575/1625/1471 998/2171/1943 1577/1626/1472
f 1252/1628/1474 1575/1625/1471 1577/1626/1472
f 1066/1272/1131 1260/1287/1146 1561/1629/1475
f 1260/1287/1146 1072/1639/1485 1578/1631/1477
f 1561/1629/1475 1260/1287/1146 1578/1631/1477
f 1072/1639/1485 1579/1640/1486 1580/1632/1478
f 1579/1640/1486 1129/2173/1945 1581/1634/1480
f 1580/1632/1478 1579/1640/1486 1581/1634/1480
f 1070/1630/1476 1578/1631/1477 1255/1635/1481
f 1578/1631/1477 1072/1639/1485 1580/1632/1478
f 1255/1635/1481 1578/1631/1477 1580/1632/1478
f 1075/1289/1148 1582/2174/1946 1262/1288/1147
f 1582/2174/1946 1130/2175/1947 1583/1637/1483
f 1262/1288/1147 1582/2174/1946 1583/1637/1483
f 1130/2175/1947 1584/2176/1948 1585/1638/1484
f 1584/2176/1948 1129/2173/1945 1579/1640/1486
f 1585/1638/1484 1584/2176/1948 1579/1640/1486
f 1073/1636/1482 1583/1637/1483 1258/1641/1487
f 1583/1637/1483 1130/2175/1947 1585/1638/1484
f 1258/1641/1487 1583/1637/1483 1585/1638/1484
f 1066/1272/1131 1243/1273/1132 1259/1286/1145
f 1243/1273/1132 1064/1602/1448 1586/1642/1488
f 1259/1286/1145 1243/1273/1132 1586/1642/1488
f 1064/1602/1448 1558/1603/1449 1587/1643/1489
f 1558/1603/1449 1085/1302/1161 1278/1303/1162
f 1587/1643/1489 1558/1603/1449 1278/1303/1162
f 1073/1636/1482 1586/1642/1488 1261/1645/1491
f 1586/1642/1488 1064/1602/1448 1587/1643/1489
f 1261/1645/1491 1586/1642/1488 1587/1643/1489
f 1079/1294/1153 1588/2177/1949 1268/1293/1152
f 1588/2177/1949 1131/2178/1950 1589/1647/1493
f 1268/1293/1152 1588/2177/1949 1589/1647/1493
f 1131/2178/1950 1590/2179/1951 1591/1648/1494
f 1590/2179/1951 1085/1302/1161 1556/1650/1496
f 1591/1648/1494 1590/2179/1951 1556/1650/1496
f 1077/1646/1492 1589/1647/1493 1264/1651/1497
f 1589/1647/1493 1131/2178/1950 1591/1648/1494
f 1264/1651/1497 1589/1647/1493 1591/1648/1494
f 1067/1275/1134 1592/2180/1952 1265/1291/1150
f 1592/2180/1952 1132/2181/1953 1593/1652/1498
f 1265/1291/1150 1592/2180/1952 1593/1652/1498
f 1132/2181/1953 1594/2182/1954 1595/1653/1499
f 1594/2182/1954 1083/1299/1158 1311/1328/1187
f 1595/1653/1499 1594/2182/1954 1311/1328/1187
f 1077/1646/1492 1593/1652/1498 1267/1655/1501
f 1593/1652/1498 1132/2181/1953 1595/1653/1499
f 1267/1655/1501 1593/1652/1498 1595/1653/1499
f 1083/1299/1158 1594/2182/1954 1274/1298/1157
f 1594/2182/1954 1132/2181/1953 1596/1657/1503
f 1274/1298/1157 1594/2182/1954 1596/1657/1503
f 1132/2181/1953 1592/2180/1952 1597/1658/1504
f 1592/2180/1952 1067/1275/1134 1550/1660/1506
f 1597/1658/1504 1592/2180/1952 1550/1660/1506
f 1081/1656/1502 1596/1657/1503 1270/1661/1507
f 1596/1657/1503 1132/2181/1953 1597/1658/1504
f 1270/1661/1507 1596/1657/1503 1597/1658/1504
f 1063/1269/1128 1598/2183/1955 1271/1296/1155
f 1598/2183/1955 1124/2184/1956 1599/1662/1508
f 1271/1296/1155 1598/2183/1955 1599/1662/1508
f 1124/2184/1956 1600/2185/1957 1601/1663/1509
f 1600/2185/1957 1094/1325/1184 1308/1326/1185
f 1601/1663/1509 1600/2185/1957 1308/1326/1185
f 1081/1656/1502 1599/1662/1508 1273/1665/1511
f 1599/1662/1508 1124/2184/1956 1601/1663/1509
f 1273/1665/1511 1599/1662/1508 1601/1663/1509
f 1087/1305/1164 1602/2186/1958 1280/1304/1163
f 1602/2186/1958 1133/2187/1959 1603/1667/1513
f 1280/1304/1163 1602/2186/1958 1603/1667/1513
f 1133/2187/1959 1604/2188/1960 1605/1668/1514
f 1604/2188/1960 1075/1289/1148 1263/1290/1149
f 1605/1668/1514 1604/2188/1960 1263/1290/1149
f 1084/1666/1512 1603/1667/1513 1276/1669/1515
f 1603/1667/1513 1133/2187/1959 1605/1668/1514
f 1276/1669/1515 1603/1667/1513 1605/1668/1514
f 1085/1302/1161 1590/2179/1951 1277/1301/1160
f 1590/2179/1951 1131/2178/1950 1606/1670/1516
f 1277/1301/1160 1590/2179/1951 1606/1670/1516
f 1131/2178/1950 1588/2177/1949 1607/1671/1517
f 1588/2177/1949 1079/1294/1153 1362/1372/1231
f 1607/1671/1517 1588/2177/1949 1362/1372/1231
f 1084/1666/1512 1606/1670/1516 1279/1673/1519
f 1606/1670/1516 1131/2178/1950 1607/1671/1517
f 1279/1673/1519 1606/1670/1516 1607/1671/1517
f 1286/1674/1520 1608/2189/1961 1609/1676/1522
f 722/1015/927 3/136/134 1293/1314/1173
f 1610/1677/1523 722/1015/927 1293/1314/1173
f 1002/1675/1521 1609/1676/1522 1282/1679/1525
f 1282/1679/1525 1609/1676/1522 1610/1677/1523
f 925/1308/1167 1611/2190/1962 1283/1307/1166
f 1611/2190/1962 1001/2191/1963 1612/1680/1526
f 1283/1307/1166 1611/2190/1962 1612/1680/1526
f 1001/2191/1963 1613/2192/1964 1614/1681/1527
f 1613/2192/1964 926/1316/1175 1296/1317/1176
f 1614/1681/1527 1613/2192/1964 1296/1317/1176
f 1002/1675/1521 1612/1680/1526 1285/1683/1529
f 1612/1680/1526 1001/2191/1963 1614/1681/1527
f 1285/1683/1529 1612/1680/1526 1614/1681/1527
f 3/136/134 728/1019/931 1292/1313/1172
f 728/1019/931 8/1020/932 1615/1685/1531
f 1292/1313/1172 728/1019/931 1615/1685/1531
f 8/1020/932 730/1021/933 1616/1686/1532
f 730/1021/933 2/103/101 1254/1282/1141
f 1616/1686/1532 730/1021/933 1254/1282/1141
f 1005/1684/1530 1615/1685/1531 1288/1687/1533
f 1615/1685/1531 8/1020/932 1616/1686/1532
f 1288/1687/1533 1615/1685/1531 1616/1686/1532
f 924/1311/1170 1617/2193/1965 1289/1310/1169
f 1617/2193/1965 1000/2194/1966 1618/1688/1534
f 1289/1310/1169 1617/2193/1965 1618/1688/1534
f 1000/2194/1966 1619/2195/1967 1620/1689/1535
f 1619/2195/1967 925/1308/1167 1284/1309/1168
f 1620/1689/1535 1619/2195/1967 1284/1309/1168
f 1005/1684/1530 1618/1688/1534 1291/1690/1536
f 1618/1688/1534 1000/2194/1966 1620/1689/1535
f 1291/1690/1536 1618/1688/1534 1620/1689/1535
f 1006/1692/1538 1621/1693/1539 1294/1696/1542
f 1294/1696/1542 1621/1693/1539 1622/1694/1540
f 926/1316/1175 1623/2196/1968 1295/1315/1174
f 1623/2196/1968 1007/2197/1969 1624/1697/1543
f 1295/1315/1174 1623/2196/1968 1624/1697/1543
f 1007/2197/1969 1625/2198/1970 1626/1698/1544
f 1625/2198/1970 927/1358/1217 1344/1359/1218
f 1626/1698/1544 1625/2198/1970 1344/1359/1218
f 1006/1692/1538 1624/1697/1543 1297/1700/1546
f 1624/1697/1543 1007/2197/1969 1626/1698/1544
f 1297/1700/1546 1624/1697/1543 1626/1698/1544
f 1092/1322/1181 1627/2199/1971 1304/1321/1180
f 1627/2199/1971 1135/2200/1972 1628/1702/1548
f 1304/1321/1180 1627/2199/1971 1628/1702/1548
f 1135/2200/1972 1629/2201/1973 1630/1703/1549
f 1629/2201/1973 1112/1374/1233 1365/1375/1234
f 1630/1703/1549 1629/2201/1973 1365/1375/1234
f 1089/1701/1547 1628/1702/1548 1300/1705/1551
f 1628/1702/1548 1135/2200/1972 1630/1703/1549
f 1300/1705/1551 1628/1702/1548 1630/1703/1549
f 1090/1319/1178 1631/2202/1974 1301/1318/1177
f 1631/2202/1974 1136/2203/1975 1632/1706/1552
f 1301/1318/1177 1631/2202/1974 1632/1706/1552
f 1136/2203/1975 1633/2204/1976 1634/1707/1553
f 1633/2204/1976 1103/1338/1197 1332/1347/1206
f 1634/1707/1553 1633/2204/1976 1332/1347/1206
f 1089/1701/1547 1632/1706/1552 1303/1709/1555
f 1632/1706/1552 1136/2203/1975 1634/1707/1553
f 1303/1709/1555 1632/1706/1552 1634/1707/1553
f 1098/1332/1191 1635/2205/1977 1636/1710/1556
f 1635/2205/1977 1137/2206/1978 1637/1712/1558
f 1636/1710/1556 1635/2205/1977 1637/1712/1558
f 1137/2206/1978 1638/2207/1979 1639/1713/1559
f 1638/2207/1979 1083/1299/1158 1275/1300/1159
f 1639/1713/1559 1638/2207/1979 1275/1300/1159
f 1093/1711/1557 1637/1712/1558 1306/1714/1560
f 1637/1712/1558 1137/2206/1978 1639/1713/1559
f 1306/1714/1560 1637/1712/1558 1639/1713/1559
f 1090/1319/1178 1640/2208/1980 1313/1329/1188
f 1640/2208/1980 1138/2209/1981 1641/1716/1562
f 1313/1329/1188 1640/2208/1980 1641/1716/1562
f 1138/2209/1981 1642/2210/1982 1643/1717/1563
f 1642/2210/1982 1079/1294/1153 1269/1295/1154
f 1643/1717/1563 1642/2210/1982 1269/1295/1154
f 1095/1715/1561 1641/1716/1562 1309/1718/1564
f 1641/1716/1562 1138/2209/1981 1643/1717/1563
f 1309/1718/1564 1641/1716/1562 1643/1717/1563
f 1083/1299/1158 1638/2207/1979 1310/1327/1186
f 1638/2207/1979 1137/2206/1978 1644/1719/1565
f 1310/1327/1186 1638/2207/1979 1644/1719/1565
f 1137/2206/1978 1635/2205/1977 1645/1720/1566
f 1635/2205/1977 1098/1332/1191 1317/1333/1192
f 1645/1720/1566 1635/2205/1977 1317/1333/1192
f 1095/1715/1561 1644/1719/1565 1312/1722/1568
f 1644/1719/1565 1137/2206/1978 1645/1720/1566
f 1312/1722/1568 1644/1719/1565 1645/1720/1566
f 1101/1335/1194 1320/1336/1195 1646/1723/1569
f 1320/1336/1195 1099/1731/1577 1647/1725/1571
f 1646/1723/1569 1320/1336/1195 1647/1725/1571
f 1099/1731/1577 1648/1732/1578 1649/1726/1572
f 1648/1732/1578 1090/1319/1178 1314/1330/1189
f 1649/1726/1572 1648/1732/1578 1314/1330/1189
f 1097/1724/1570 1647/1725/1571 1315/1727/1573
f 1647/1725/1571 1099/1731/1577 1649/1726/1572
f 1315/1727/1573 1647/1725/1571 1649/1726/1572
f 1103/1338/1197 1633/2204/1976 1322/1337/1196
f 1633/2204/1976 1136/2203/1975 1650/1729/1575
f 1322/1337/1196 1633/2204/1976 1650/1729/1575
f 1136/2203/1975 1631/2202/1974 1651/1730/1576
f 1631/2202/1974 1090/1319/1178 1648/1732/1578
f 1651/1730/1576 1631/2202/1974 1648/1732/1578
f 1100/1728/1574 1650/1729/1575 1318/1733/1579
f 1650/1729/1575 1136/2203/1975 1651/1730/1576
f 1318/1733/1579 1650/1729/1575 1651/1730/1576
f 1101/1335/1194 1652/2211/1983 1319/1334/1193
f 1652/2211/1983 1125/2212/1984 1653/1734/1580
f 1319/1334/1193 1652/2211/1983 1653/1734/1580
f 1125/2212/1984 1654/2213/1985 1655/1735/1581
f 1654/2213/1985 1105/1341/1200 1326/1342/1201
f 1655/1735/1581 1654/2213/1985 1326/1342/1201
f 1100/1728/1574 1653/1734/1580 1321/1737/1583
f 1653/1734/1580 1125/2212/1984 1655/1735/1581
f 1321/1737/1583 1653/1734/1580 1655/1735/1581
f 1107/1344/1203 1656/2214/1986 1328/1343/1202
f 1656/2214/1986 1139/2215/1987 1657/1739/1585
f 1328/1343/1202 1656/2214/1986 1657/1739/1585
f 1139/2215/1987 1658/2216/1988 1659/1740/1586
f 1658/2216/1988 1103/1338/1197 1323/1339/1198
f 1659/1740/1586 1658/2216/1988 1323/1339/1198
f 1104/1738/1584 1657/1739/1585 1324/1741/1587
f 1657/1739/1585 1139/2215/1987 1659/1740/1586
f 1324/1741/1587 1657/1739/1585 1659/1740/1586
f 1105/1341/1200 1660/2217/1989 1325/1340/1199
f 1660/2217/1989 1140/2218/1990 1661/1742/1588
f 1325/1340/1199 1660/2217/1989 1661/1742/1588
f 1140/2218/1990 1662/2219/1991 1663/1743/1589
f 1662/2219/1991 1119/2220/1992 1664/1745/1591
f 1663/1743/1589 1662/2219/1991 1664/1745/1591
f 1104/1738/1584 1661/1742/1588 1327/1746/1592
f 1661/1742/1588 1140/2218/1990 1663/1743/1589
f 1327/1746/1592 1661/1742/1588 1663/1743/1589
f 1110/1349/1208 1665/2221/1993 1334/1348/1207
f 1665/2221/1993 1141/2222/1994 1666/1748/1594
f 1334/1348/1207 1665/2221/1993 1666/1748/1594
f 1141/2222/1994 1667/2223/1995 1668/1749/1595
f 1667/2223/1995 1092/1322/1181 1305/1323/1182
f 1668/1749/1595 1667/2223/1995 1305/1323/1182
f 1108/1747/1593 1666/1748/1594 1330/1750/1596
f 1666/1748/1594 1141/2222/1994 1668/1749/1595
f 1330/1750/1596 1666/1748/1594 1668/1749/1595
f 1103/1338/1197 1658/2216/1988 1331/1346/1205
f 1658/2216/1988 1139/2215/1987 1669/1751/1597
f 1331/1346/1205 1658/2216/1988 1669/1751/1597
f 1139/2215/1987 1656/2214/1986 1670/1752/1598
f 1656/2214/1986 1107/1344/1203 1368/1377/1236
f 1670/1752/1598 1656/2214/1986 1368/1377/1236
f 1108/1747/1593 1669/1751/1597 1333/1754/1600
f 1669/1751/1597 1139/2215/1987 1670/1752/1598
f 1333/1754/1600 1669/1751/1597 1670/1752/1598
f 1012/1755/1601 1671/1756/1602 1336/1760/1606
f 1336/1760/1606 1671/1756/1602 1672/1757/1603
f 928/1352/1211 1673/2224/1996 1337/1351/1210
f 1673/2224/1996 1011/2225/1997 1674/1761/1607
f 1337/1351/1210 1673/2224/1996 1674/1761/1607
f 1011/2225/1997 1675/2226/1998 1676/1762/1608
f 1675/2226/1998 930/2227/1243 1378/1764/1244
f 1676/1762/1608 1675/2226/1998 1378/1764/1244
f 1012/1755/1601 1674/1761/1607 1339/1765/1610
f 1674/1761/1607 1011/2225/1997 1676/1762/1608
f 1339/1765/1610 1674/1761/1607 1676/1762/1608
f 1015/1767/1612 1677/1768/1613 1342/1771/1616
f 1342/1771/1616 1677/1768/1613 1678/1769/1614
f 927/1358/1217 1679/2228/1999 1343/1357/1216
f 1679/2228/1999 1009/2229/2000 1680/1772/1617
f 1343/1357/1216 1679/2228/1999 1680/1772/1617
f 1009/2229/2000 1681/2230/2001 1682/1773/1618
f 1681/2230/2001 928/1352/1211 1338/1353/1212
f 1682/1773/1618 1681/2230/2001 1338/1353/1212
f 1015/1767/1612 1680/1772/1617 1345/1774/1619
f 1680/1772/1617 1009/2229/2000 1682/1773/1618
f 1345/1774/1619 1680/1772/1617 1682/1773/1618
f 929/1363/1222 1683/2231/2002 1352/1362/1221
f 1683/2231/2002 1010/2233/2003 1684/2232/1621
f 1352/1362/1221 1683/2231/2002 1684/2232/1621
f 1010/2234/2003 1685/2235/2004 1686/1778/1622
f 1685/2235/2004 920/1244/1103 1214/1245/1104
f 1686/1778/1622 1685/2235/2004 1214/1245/1104
f 1016/1776/1620 1684/1777/1621 1348/1779/1623
f 1684/1777/1621 1010/2234/2003 1686/1778/1622
f 1348/1779/1623 1684/1777/1621 1686/1778/1622
f 912/1213/1073 1687/2236/2005 1349/1360/1219
f 1687/2236/2005 1017/2237/2006 1688/1780/1624
f 1349/1360/1219 1687/2236/2005 1688/1780/1624
f 1017/2238/2006 1689/2239/2007 1690/1781/1625
f 1689/2239/2007 931/1369/1228 1691/1783/1627
f 1690/1781/1625 1689/2239/2007 1691/1783/1627
f 1016/1776/1620 1688/1780/1624 1351/2053/1628
f 1688/2240/1624 1017/2238/2006 1690/1781/1625
f 1351/2053/1628 1688/1780/1624 1690/2241/1625
f 931/1369/1228 1689/2239/2007 1358/1368/1227
f 1689/2239/2007 1017/2238/2006 1692/1786/1630
f 1358/1368/1227 1689/2239/2007 1692/1786/1630
f 1017/2238/2006 1687/2242/2005 1693/1787/1631
f 1687/2236/2005 912/1213/1073 1178/1214/1074
f 1693/2243/1631 1687/2236/2005 1178/1214/1074
f 1019/1785/1629 1692/1786/1630 1354/1790/1632
f 1692/1786/1630 1017/2238/2006 1693/1787/1631
f 1354/1790/1632 1692/1786/1630 1693/1787/1631
f 913/1366/1225 1694/2244/2008 1355/1365/1224
f 1694/2244/2008 1020/2245/2009 1695/1792/1633
f 1355/1365/1224 1694/2244/2008 1695/1792/1633
f 1020/2245/2009 1696/2246/2010 1697/1793/1634
f 1696/2246/2010 932/2247/2011 1698/1795/1636
f 1697/1793/1634 1696/2246/2010 1698/1795/1636
f 1019/1785/1629 1695/2248/1633 1357/1796/1637
f 1695/1792/1633 1020/2245/2009 1697/1793/1634
f 1357/2249/1637 1695/1792/1633 1697/1793/1634
f 1112/1374/1233 1699/2250/2012 1364/1373/1232
f 1699/2250/2012 1134/2251/2013 1700/1800/1639
f 1364/1373/1232 1699/2250/2012 1700/1800/1639
f 1134/2251/2013 1701/2252/2014 1702/1801/1640
f 1701/2252/2014 1087/1305/1164 1281/1306/1165
f 1702/1801/1640 1701/2252/2014 1281/1306/1165
f 1111/1799/1638 1700/1800/1639 1360/1802/1641
f 1700/1800/1639 1134/2251/2013 1702/1801/1640
f 1360/1802/1641 1700/1800/1639 1702/1801/1640
f 1079/1294/1153 1642/2210/1982 1361/1371/1230
f 1642/2210/1982 1138/2209/1981 1703/1803/1642
f 1361/1371/1230 1642/2210/1982 1703/1803/1642
f 1138/2209/1981 1640/2208/1980 1704/1804/1643
f 1640/2208/1980 1090/1319/1178 1302/1320/1179
f 1704/1804/1643 1640/2208/1980 1302/1320/1179
f 1111/1799/1638 1703/1803/1642 1363/1805/1644
f 1703/1803/1642 1138/2209/1981 1704/1804/1643
f 1363/1805/1644 1703/1803/1642 1704/1804/1643
f 1120/2253/2015 1705/2254/2016 1706/1806/1645
f 1705/2254/2016 1142/2255/2017 1707/1808/1647
f 1706/1806/1645 1705/2254/2016 1707/1808/1647
f 1142/2255/2017 1708/2257/2018 1709/2256/1648
f 1708/2258/2018 1110/2260/1208 1335/2259/1209
f 1709/1809/1648 1708/2261/2018 1335/1350/1209
f 1113/1807/1646 1707/1808/1647 1366/2058/1649
f 1707/1808/1647 1142/2255/2017 1709/2256/1648
f 1366/2058/1649 1707/1808/1647 1709/2256/1648
f 1116/1382/1239 1710/2262/2019 1372/1381/1238
f 1710/2262/2019 1121/2263/2020 1711/1812/1651
f 1372/1381/1238 1710/2262/2019 1711/1812/1651
f 1121/2263/2020 1712/2264/2021 1713/1813/1652
f 1712/2264/2021 1120/2253/2015 1706/1806/1645
f 1713/1813/1652 1712/2264/2021 1706/1806/1645
f 1114/1811/1650 1711/1812/1651 1369/1814/1653
f 1711/1812/1651 1121/2263/2020 1713/1813/1652
f 1369/1814/1653 1711/1812/1651 1713/1813/1652
f 1107/1379/1203 1375/2060/1241 1370/1378/1237
f 1375/2060/1241 1117/1824/1661 1714/1815/1654
f 1370/1378/1237 1375/2060/1241 1714/1815/1654
f 1117/1824/1661 1715/1825/1662 1716/1816/1655
f 1715/1825/1662 1122/2265/2022 1717/1818/1657
f 1716/1816/1655 1715/1825/1662 1717/1818/1657
f 1114/1811/1650 1714/1815/1654 1371/1819/1658
f 1714/1815/1654 1117/1824/1661 1716/1816/1655
f 1371/1819/1658 1714/1815/1654 1716/1816/1655
f 1119/2220/1992 1718/2266/2023 1664/1745/1591
f 1718/2267/2023 1118/2268/2024 1719/1822/1659
f 1664/1820/1591 1718/2267/2023 1719/1822/1659
f 1118/2268/2024 1720/2269/2025 1721/1823/1660
f 1720/2269/2025 1122/2265/2022 1715/1825/1662
f 1721/1823/1660 1720/2269/2025 1715/1825/1662
f 1106/1821/1590 1719/1822/1659 1374/1826/1663
f 1719/1822/1659 1118/2268/2024 1721/1823/1660
f 1374/1826/1663 1719/1822/1659 1721/1823/1660
f 5/209/205 837/1099/996 1380/1388/1245
f 1380/1388/1245 837/1099/996 1722/1828/1665
f 1026/1827/1664 1722/1828/1665 1376/1832/1667
f 1376/1832/1667 1722/1828/1665 1723/1829/1666
f 930/1386/1243 1724/2270/2026 1377/1385/1242
f 1724/2270/2026 1022/2271/2027 1725/1833/1668
f 1377/1385/1242 1724/2270/2026 1725/1833/1668
f 1022/2271/2027 1726/2272/2028 1727/1834/1669
f 1726/2272/2028 933/1402/1258 1396/1403/1259
f 1727/1834/1669 1726/2272/2028 1396/1403/1259
f 1026/1827/1664 1725/1833/1668 1379/1836/1671
f 1725/1833/1668 1022/2271/2027 1727/1834/1669
f 1379/1836/1671 1725/1833/1668 1727/1834/1669
f 936/1394/1250 1728/2273/2029 1386/1393/1249
f 1728/2273/2029 1028/2274/2030 1729/1838/1673
f 1386/1393/1249 1728/2273/2029 1729/1838/1673
f 1028/2274/2030 1730/2275/2031 1731/1839/1674
f 1730/2275/2031 935/1410/1266 1732/1841/1676
f 1731/1839/1674 1730/2275/2031 1732/1841/1676
f 1029/1837/1672 1729/1838/1673 1382/1842/1677
f 1729/1838/1673 1028/2274/2030 1731/1839/1674
f 1382/1842/1677 1729/1838/1673 1731/1839/1674
f 929/1391/1222 1353/2054/1223 1383/1390/1247
f 1353/2054/1223 1018/1782/1626 1733/1843/1678
f 1383/1390/1247 1353/2054/1223 1733/1843/1678
f 1018/1782/1626 1691/1783/1627 1734/1844/1679
f 1691/1783/1627 931/1369/1228 1390/1397/1253
f 1734/1844/1679 1691/1783/1627 1390/1397/1253
f 1029/1837/1672 1733/1843/1678 1385/1846/1681
f 1733/1843/1678 1018/1782/1626 1734/1844/1679
f 1385/1846/1681 1733/1843/1678 1734/1844/1679
f 937/1399/1255 1414/1418/1274 1392/1398/1254
f 1414/1418/1274 1031/1892/1727 1735/1848/1683
f 1392/1398/1254 1414/1418/1274 1735/1848/1683
f 1031/1892/1727 1736/1893/1728 1737/1849/1684
f 1736/1893/1728 936/1394/1250 1387/1395/1251
f 1737/1849/1684 1736/1893/1728 1387/1395/1251
f 1032/1847/1682 1735/1848/1683 1388/1850/1685
f 1735/1848/1683 1031/1892/1727 1737/1849/1684
f 1388/1850/1685 1735/1848/1683 1737/1849/1684
f 931/1369/1228 1359/1370/1229 1389/1396/1252
f 1359/1370/1229 1021/1797/1635 1738/1851/1686
f 1389/1396/1252 1359/1370/1229 1738/1851/1686
f 1021/1797/1635 1698/2276/1636 1739/1852/1687
f 1698/1795/1636 932/2247/2011 1740/2277/1689
f 1739/1852/1687 1698/2276/1636 1740/1854/1689
f 1032/1847/1682 1738/1851/1686 1391/1855/1690
f 1738/1851/1686 1021/1797/1635 1739/1852/1687
f 1391/1855/1690 1738/1851/1686 1739/1852/1687
f 934/1405/1261 1399/1406/1262 1741/1856/1691
f 1399/1406/1262 1036/1864/1699 1742/1858/1693
f 1741/1856/1691 1399/1406/1262 1742/1858/1693
f 1036/1864/1699 1743/1865/1700 1744/1859/1694
f 1743/1865/1700 5/209/205 1381/1389/1246
f 1744/1859/1694 1743/1865/1700 1381/1389/1246
f 1023/1857/1692 1742/1858/1693 1394/1860/1695
f 1742/1858/1693 1036/1864/1699 1744/1859/1694
f 1394/1860/1695 1742/1858/1693 1744/1859/1694
f 6/229/224 861/1110/1003 1401/1407/1263
f 861/1110/1003 10/1111/1004 1745/1862/1697
f 1401/1407/1263 861/1110/1003 1745/1862/1697
f 10/1111/1004 863/1112/1005 1746/1863/1698
f 863/1112/1005 5/209/205 1743/1865/1700
f 1746/1863/1698 863/1112/1005 1743/1865/1700
f 1037/1861/1696 1745/1862/1697 1397/1866/1701
f 1745/1862/1697 10/1111/1004 1746/1863/1698
f 1397/1866/1701 1745/1862/1697 1746/1863/1698
f 934/1405/1261 1747/2278/2032 1398/1404/1260
f 1747/2278/2032 1038/2279/2033 1748/1867/1702
f 1398/1404/1260 1747/2278/2032 1748/1867/1702
f 1038/2279/2033 1749/2280/2034 1750/1868/1703
f 1749/2280/2034 940/1425/1281 1426/1428/1284
f 1750/1868/1703 1749/2280/2034 1426/1428/1284
f 1037/1861/1696 1748/1867/1702 1400/1870/1705
f 1748/1867/1702 1038/2279/2033 1750/1868/1703
f 1400/1870/1705 1748/1867/1702 1750/1868/1703
f 941/1413/1269 1411/1416/1272 1407/1412/1268
f 1411/1416/1272 1040/1886/1721 1751/1872/1707
f 1407/1412/1268 1411/1416/1272 1751/1872/1707
f 1040/1886/1721 1752/1887/1722 1753/1873/1708
f 1752/1887/1722 934/1405/1261 1754/1875/1710
f 1753/1873/1708 1752/1887/1722 1754/1875/1710
f 1041/1871/1706 1751/1872/1707 1403/1876/1711
f 1751/1872/1707 1040/1886/1721 1753/1873/1708
f 1403/1876/1711 1751/1872/1707 1753/1873/1708
f 935/1410/1266 1730/2275/2031 1404/1409/1265
f 1730/2275/2031 1028/2274/2030 1755/1877/1712
f 1404/1409/1265 1730/2275/2031 1755/1877/1712
f 1028/2274/2030 1728/2273/2029 1756/1878/1713
f 1728/2273/2029 936/1394/1250 1757/1880/1715
f 1756/1878/1713 1728/2273/2029 1757/1880/1715
f 1041/1871/1706 1755/1877/1712 1406/1881/1716
f 1755/1877/1712 1028/2274/2030 1756/1878/1713
f 1406/1881/1716 1755/1877/1712 1756/1878/1713
f 940/1425/1281 1749/2280/2034 1758/1882/1717
f 1749/2280/2034 1038/2279/2033 1759/1884/1719
f 1758/1882/1717 1749/2280/2034 1759/1884/1719
f 1038/2279/2033 1747/2278/2032 1760/1885/1720
f 1747/2278/2032 934/1405/1261 1752/1887/1722
f 1760/1885/1720 1747/2278/2032 1752/1887/1722
f 1043/1883/1718 1759/1884/1719 1409/1888/1723
f 1759/1884/1719 1038/2279/2033 1760/1885/1720
f 1409/1888/1723 1759/1884/1719 1760/1885/1720
f 941/1413/1269 1408/1414/1270 1416/1419/1275
f 1408/1414/1270 1042/1879/1714 1761/1890/1725
f 1416/1419/1275 1408/1414/1270 1761/1890/1725
f 1042/1879/1714 1757/1880/1715 1762/1891/1726
f 1757/1880/1715 936/1394/1250 1736/1893/1728
f 1762/1891/1726 1757/1880/1715 1736/1893/1728
f 1044/1889/1724 1761/1890/1725 1412/1894/1729
f 1761/1890/1725 1042/1879/1714 1762/1891/1726
f 1412/1894/1729 1761/1890/1725 1762/1891/1726
f 937/1399/1255 1763/2281/2035 1413/1417/1273
f 1763/2281/2035 1034/2282/2036 1764/1895/1730
f 1413/1417/1273 1763/2281/2035 1764/1895/1730
f 1034/2282/2036 1765/2283/2037 1766/1896/1731
f 1765/2283/2037 938/1422/1278 1420/1423/1279
f 1766/1896/1731 1765/2283/2037 1420/1423/1279
f 1044/1889/1724 1764/1895/1730 1415/1898/1733
f 1764/1895/1730 1034/2282/2036 1766/1896/1731
f 1415/1898/1733 1764/1895/1730 1766/1896/1731
f 940/1425/1281 1758/1882/1717 1422/1424/1280
f 1758/1882/1717 1043/1883/1718 1767/1900/1735
f 1422/1424/1280 1758/1882/1717 1767/1900/1735
f 1043/1883/1718 1410/1415/1271 1768/1901/1736
f 1410/1415/1271 941/1413/1269 1417/1420/1276
f 1768/1901/1736 1410/1415/1271 1417/1420/1276
f 1046/1899/1734 1767/1900/1735 1418/1902/1737
f 1767/1900/1735 1043/1883/1718 1768/1901/1736
f 1418/1902/1737 1767/1900/1735 1768/1901/1736
f 938/1422/1278 1769/2284/2038 1419/1421/1277
f 1769/2284/2038 1035/2285/2039 1770/1903/1738
f 1419/1421/1277 1769/2284/2038 1770/1903/1738
f 1035/2285/2039 1771/2286/2040 1772/1904/1739
f 1771/2286/2040 939/2287/2041 1773/1906/1741
f 1772/1904/1739 1771/2286/2040 1773/1906/1741
f 1046/1899/1734 1770/1903/1738 1421/1907/1742
f 1770/1903/1738 1035/2285/2039 1772/1904/1739
f 1421/1907/1742 1770/1903/1738 1772/1904/1739
f 7/252/247 892/1129/1016 1428/1429/1285
f 892/1129/1016 11/1130/1017 1774/1909/1744
f 1428/1429/1285 892/1129/1016 1774/1909/1744
f 11/1130/1017 894/1131/1018 1775/1910/1745
f 894/1131/1018 6/229/224 1402/1408/1264
f 1775/1910/1745 894/1131/1018 1402/1408/1264
f 1049/1908/1743 1774/1909/1744 1424/1911/1746
f 1774/1909/1744 11/1130/1017 1775/1910/1745
f 1424/1911/1746 1774/1909/1744 1775/1910/1745
f 940/1425/1281 1423/1426/1282 1425/1427/1283
f 1423/1426/1282 1047/1905/1740 1776/1912/1747
f 1425/1427/1283 1423/1426/1282 1776/1912/1747
f 1047/1905/1740 1773/1906/1741 1777/1913/1748
f 1773/1906/1741 939/2287/2041 1778/1915/1750
f 1777/1913/1748 1773/1906/1741 1778/1915/1750
f 1049/1908/1743 1776/1912/1747 1427/1916/1751
f 1776/1912/1747 1047/1905/1740 1777/1913/1748
f 1427/1916/1751 1776/1912/1747 1777/1913/1748
f 1050/1927/1762 1554/2288/1754 974/1926/1761
f 1554/2288/1754 1051/1918/1753 1187/1919/1754
f 974/1926/1761 1554/2288/1754 1187/1919/1754
f 1053/1982/1817 1225/2289/1757 991/1981/1816
f 1225/2289/1757 1054/1921/1756 1527/1922/1757
f 991/1981/1816 1225/2289/1757 1527/1922/1757
f 1051/1918/1753 1234/2290/2042 915/1917/1752
f 1234/2290/2042 1059/1924/1759 1482/1925/1760
f 915/1917/1752 1234/2290/2042 1482/1925/1760
f 1063/1961/1796 1240/2291/2043 1779/1929/1764
f 1240/2291/2043 1050/1927/1762 1492/1928/1763
f 1779/1929/1764 1240/2291/2043 1492/1928/1763
f 1054/1921/1756 1248/2292/1768 922/1920/1755
f 1248/2292/1768 1068/1932/1767 1565/1933/1768
f 922/1920/1755 1248/2292/1768 1565/1933/1768
f 1071/1985/1820 1257/2293/2044 923/1984/1819
f 1257/2293/2044 1069/1935/1770 1574/1936/1771
f 923/1984/1819 1257/2293/2044 1574/1936/1771
f 1093/1964/1799 1307/2294/2045 978/1963/1798
f 1307/2294/2045 1094/1938/1773 1503/1939/1774
f 978/1963/1798 1307/2294/2045 1503/1939/1774
f 1097/1967/1802 1316/2295/1777 981/1966/1801
f 1316/2295/1777 1098/1941/1776 1509/1942/1777
f 981/1966/1801 1316/2295/1777 1509/1942/1777
f 1116/2033/1868 1373/2296/2046 934/2032/1867
f 1373/2297/2046 1115/1944/1779 1754/1945/1780
f 934/2032/1867 1373/2296/2046 1754/2298/1780
f 1118/2036/1871 1718/2299/2047 1025/2035/1870
f 1718/2299/2047 1119/1947/1782 1384/1948/1783
f 1025/2035/1870 1718/2299/2047 1384/1948/1783
f 1120/2027/1862 1712/2300/2048 933/2026/1861
f 1712/2300/2048 1121/1950/1785 1395/1951/1786
f 933/2026/1861 1712/2300/2048 1395/1951/1786
f 1115/1944/1779 1717/2301/2049 1024/1943/1778
f 1717/2301/2049 1122/1953/1788 1405/1954/1789
f 1024/1943/1778 1717/2301/2049 1405/1954/1789
f 1059/1924/1759 1548/2302/2050 968/1923/1758
f 1548/2302/2050 1123/1956/1791 1484/1957/1792
f 968/1923/1758 1548/2302/2050 1484/1957/1792
f 1094/1938/1773 1600/2303/1795 917/1937/1772
f 1600/2303/1795 1124/1959/1794 1495/1960/1795
f 917/1937/1772 1600/2303/1795 1495/1960/1795
f 916/1930/1765 1497/2304/2051 1779/1929/1764
f 1497/2304/2051 975/1958/1793 1598/1962/1797
f 1779/1929/1764 1497/2304/2051 1598/1962/1797
f 1124/1959/1794 1598/1962/1797 975/1958/1793
f 1098/1941/1776 1636/2305/1800 918/1940/1775
f 1636/2305/1800 1093/1964/1799 1501/1965/1800
f 918/1940/1775 1636/2305/1800 1501/1965/1800
f 1101/1973/1808 1646/2306/1803 919/1972/1807
f 1646/2306/1803 1097/1967/1802 1507/1968/1803
f 919/1972/1807 1646/2306/1803 1507/1968/1803
f 1105/2015/1850 1654/2307/1806 920/2014/1849
f 1654/2307/1806 1125/1970/1805 1513/1971/1806
f 920/2014/1849 1654/2307/1806 1513/1971/1806
f 1125/1970/1805 1652/2308/1809 984/1969/1804
f 1652/2308/1809 1101/1973/1808 1515/1974/1809
f 984/1969/1804 1652/2308/1809 1515/1974/1809
f 1123/1956/1791 1546/2309/2052 914/1955/1790
f 1546/2310/2052 1126/1976/1811 1519/1977/1812
f 914/1955/1790 1546/2309/2052 1519/2311/1812
f 1126/1976/1811 1544/2312/2053 987/1975/1810
f 1544/2313/2053 1058/1979/1814 1521/1980/1815
f 987/2314/1810 1544/2313/2053 1521/1980/1815
f 1058/1979/1814 1530/2315/1818 921/1978/1813
f 1530/2315/1818 1053/1982/1817 1525/1983/1818
f 921/1978/1813 1530/2315/1818 1525/1983/1818
f 1068/1932/1767 1564/2316/2054 994/1931/1766
f 1564/2316/2054 1071/1985/1820 1567/1986/1821
f 994/1931/1766 1564/2316/2054 1567/1986/1821
f 1069/2317/1770 1581/2319/2055 998/2318/1769
f 1581/2319/2055 1129/1988/1823 1576/1989/1824
f 998/2318/1769 1581/2319/2055 1576/1989/1824
f 1130/1994/1829 1582/2320/1827 1000/1993/1828
f 1582/2320/1827 1075/1991/1826 1619/1992/1827
f 1000/1993/1828 1582/2320/1827 1619/1992/1827
f 1129/1988/1823 1584/2321/2056 924/1987/1822
f 1584/2321/2056 1130/1994/1829 1617/1995/1830
f 924/1987/1822 1584/2321/2056 1617/1995/1830
f 1133/2000/1835 1602/2322/1833 1001/1999/1834
f 1602/2322/1833 1087/1997/1832 1613/1998/1833
f 1001/1999/1834 1602/2322/1833 1613/1998/1833
f 1075/1991/1826 1604/2323/2057 925/1990/1825
f 1604/2323/2057 1133/2000/1835 1611/2001/1836
f 925/1990/1825 1604/2323/2057 1611/2001/1836
f 1087/1997/1832 1701/2324/1839 926/1996/1831
f 1701/2325/1839 1134/2003/1838 1623/2004/1839
f 926/2326/1831 1701/2325/1839 1623/2004/1839
f 1134/2003/1838 1699/2327/1842 1007/2002/1837
f 1699/2327/1842 1112/2006/1841 1625/2007/1842
f 1007/2002/1837 1699/2327/1842 1625/2007/1842
f 1135/2012/1847 1627/2328/1845 1009/2011/1846
f 1627/2328/1845 1092/2009/1844 1681/2010/1845
f 1009/2011/1846 1627/2328/1845 1681/2010/1845
f 1112/2006/1841 1629/2329/1848 927/2005/1840
f 1629/2329/1848 1135/2012/1847 1679/2013/1848
f 927/2005/1840 1629/2329/1848 1679/2013/1848
f 1140/2018/1853 1660/2330/1851 1010/2017/1852
f 1660/2330/1851 1105/2015/1850 1685/2016/1851
f 1010/2017/1852 1660/2330/1851 1685/2016/1851
f 1119/1947/1782 1662/2331/1854 929/1946/1781
f 1662/2331/1854 1140/2018/1853 1683/2019/1854
f 929/1946/1781 1662/2331/1854 1683/2019/1854
f 1141/2024/1859 1665/2332/2058 1011/2023/1858
f 1665/2332/2058 1110/2021/1856 1675/2022/1857
f 1011/2023/1858 1665/2332/2058 1675/2022/1857
f 1092/2009/1844 1667/2333/1860 928/2008/1843
f 1667/2333/1860 1141/2024/1859 1673/2025/1860
f 928/2008/1843 1667/2333/1860 1673/2025/1860
f 1142/2030/1865 1705/2334/1863 1022/2029/1864
f 1705/2334/1863 1120/2027/1862 1726/2028/1863
f 1022/2029/1864 1705/2334/1863 1726/2028/1863
f 1110/2021/1856 1708/2335/1866 930/2020/1855
f 1708/2335/1866 1142/2030/1865 1724/2031/1866
f 930/2020/1855 1708/2335/1866 1724/2031/1866
f 1121/1950/1785 1710/2336/2059 1023/1949/1784
f 1710/2337/2059 1116/2033/1868 1741/2034/1869
f 1023/1949/1784 1710/2336/2059 1741/2338/1869
f 1122/1953/1788 1720/2339/1872 935/1952/1787
f 1720/2339/1872 1118/2036/1871 1732/2037/1872
f 935/1952/1787 1720/2339/1872 1732/2037/1872
f 964/1487/1337 1478/2340/1341 1780/2038/1873
f 1478/1492/1341 910/1241/1100 1466/2100/1330
f 1780/2038/1873 1478/2340/1341 1466/1479/1330
f 963/2107/1900 1473/1486/1336 1471/1485/1335
f 1473/1486/1336 964/1487/1337 1780/2038/1873
f 1471/1485/1335 1473/1486/1336 1780/2038/1873
f 2018/2762/2380 2017/2764/2382 2008/2763/2381
f 2020/2765/2383 2019/2767/2385 2009/2766/2384
f 2024/2768/2386 2023/2770/2388 2010/2769/2387
f 2025/2771/2389 2008/2763/2381 2017/2764/2382
f 2012/2772/2390 2025/2771/2389 2026/2773/2391
f 2025/2771/2389 2017/2764/2382 2026/2773/2391
f 2027/2774/2392 2012/2772/2390 2028/2775/2393
f 2012/2772/2390 2026/2773/2391 2028/2775/2393
f 2029/2776/2394 2009/2766/2384 2019/2767/2385
f 2013/2777/2395 2029/2779/2394 2030/2778/2396
f 2029/2776/2394 2019/2767/2385 2030/2780/2396
f 2031/2781/2397 2013/2783/2395 2032/2782/2398
f 2008/2763/2381 2031/2781/2397 2018/2762/2380
f 2031/2781/2397 2032/2782/2398 2018/2762/2380
f 2013/2783/2395 2030/2780/2396 2032/2782/2398
f 2014/2784/2399 2033/2786/2401 2034/2785/2400
f 2033/2786/2401 2021/2787/2402 2034/2785/2400
f 2035/2788/2403 2014/2790/2405 2036/2789/2404
f 2010/2769/2387 2035/2788/2403 2024/2768/2386
f 2035/2788/2403 2036/2789/2404 2024/2768/2386
f 2037/2791/2406 2010/2769/2387 2023/2770/2388
f 2015/2792/2407 2037/2791/2406 2038/2793/2408
f 2037/2791/2406 2023/2770/2388 2038/2793/2408
f 2039/2794/2409 2015/2792/2407 2040/2795/2410
f 2009/2766/2384 2039/2794/2409 2020/2765/2383
f 2039/2794/2409 2040/2795/2410 2020/2765/2383
f 2015/2792/2407 2038/2793/2408 2040/2795/2410
f 2052/2796/2411 2053/2798/2413 2045/2797/2412
f 2054/2799/2414 2055/2801/2416 2046/2800/2415
f 2058/2802/2417 2059/2804/2419 2047/2803/2418
f 2045/2797/2412 2060/2805/2420 2052/2796/2411
f 2060/2806/2421 2048/2808/2423 2061/2807/2422
f 2048/2808/2423 2027/2774/2392 2062/2809/2424
f 2061/2807/2422 2048/2808/2423 2062/2809/2424
f 2046/2800/2415 2063/2810/2425 2054/2799/2414
f 2063/2811/2425 2049/2813/2427 2064/2812/2426
f 2054/2814/2414 2063/2811/2425 2064/2812/2426
f 2049/2813/2427 2065/2816/2429 2066/2815/2428
f 2065/2816/2429 2045/2797/2412 2053/2798/2413
f 2066/2815/2428 2065/2816/2429 2053/2798/2413
f 2064/2812/2426 2049/2813/2427 2066/2815/2428
f 2011/2817/2430 2067/2819/2432 2056/2818/2431
f 2067/2819/2432 2050/2821/2434 2068/2820/2433
f 2056/2818/2431 2067/2819/2432 2068/2820/2433
f 2050/2821/2434 2069/2823/2436 2070/2822/2435
f 2069/2823/2436 2047/2803/2418 2059/2804/2419
f 2070/2822/2435 2069/2823/2436 2059/2804/2419
f 2068/2820/2433 2050/2821/2434 2070/2822/2435
f 2047/2803/2418 2071/2824/2437 2058/2802/2417
f 2071/2824/2437 2051/2826/2439 2072/2825/2438
f 2058/2802/2417 2071/2824/2437 2072/2825/2438
f 2051/2826/2439 2073/2828/2441 2074/2827/2440
f 2073/2828/2441 2046/2800/2415 2055/2801/2416
f 2074/2827/2440 2073/2828/2441 2055/2801/2416
f 2072/2825/2438 2051/2826/2439 2074/2827/2440
f 2041/2829/2442 2016/2831/2444 2075/2830/2443
f 2016/2831/2444 2043/2833/2446 2076/2832/2445
f 2043/2833/2446 2011/2835/2448 2057/2834/2447
f 2076/2832/2445 2043/2833/2446 2057/2834/2447
f 2075/2830/2443 2016/2831/2444 2076/2832/2445
f 2048/2808/2423 2012/2772/2390 2027/2774/2392
f 2022/2836/2449 2021/2787/2402 2077/2837/2450
f 2033/2786/2401 2077/2837/2450 2021/2787/2402
f 2078/2838/2451 2041/2829/2442 2042/2839/2452
f 2079/2840/2453 2078/2838/2451 2044/2841/2454
f 2077/2842/2450 2079/2840/2453 2022/2843/2449
f 2079/2840/2453 2044/2841/2454 2022/2843/2449
f 2078/2838/2451 2042/2839/2452 2044/2841/2454
g VWBeetle.cofre_crome
usemtl crome
f 1852/2456/2170 1853/2458/2172 1854/2457/2171
f 1854/2457/2171 1853/2458/2172 1855/2459/2173
f 1856/2460/2174 1852/2456/2170 1857/2461/2175
f 1857/2461/2175 1852/2456/2170 1854/2457/2171
f 1858/2462/2176 1856/2464/2174 1859/2463/2177
f 1859/2463/2177 1856/2464/2174 1857/2465/2175
f 1860/2466/2178 1858/2468/2176 1861/2467/2179
f 1861/2469/2179 1858/2471/2176 1859/2470/2177
f 1862/2472/2180 1860/2474/2178 1863/2473/2181
f 1863/2475/2181 1860/2477/2178 1861/2476/2179
f 1864/2478/2182 1862/2480/2184 1865/2479/2183
f 1865/2479/2183 1862/2480/2184 1863/2481/2183
f 1866/2482/2185 1864/2484/2187 1867/2483/2186
f 1867/2483/2186 1864/2484/2187 1865/2485/2188
f 1868/2486/2189 1866/2482/2185 1869/2487/2190
f 1869/2487/2190 1866/2482/2185 1867/2483/2186
f 1870/2488/2191 1868/2486/2189 1871/2489/2192
f 1871/2489/2192 1868/2486/2189 1869/2487/2190
f 1872/2490/2193 1870/2488/2191 1873/2491/2194
f 1873/2491/2194 1870/2488/2191 1871/2489/2192
f 1874/2492/2195 1872/2490/2193 1875/2493/2196
f 1875/2493/2196 1872/2490/2193 1873/2491/2194
f 1854/2457/2171 1855/2459/2173 1876/2494/2197
f 1876/2494/2197 1855/2459/2173 1877/2495/2198
f 1857/2461/2175 1854/2457/2171 1878/2496/2199
f 1878/2496/2199 1854/2457/2171 1876/2494/2197
f 1859/2463/2177 1857/2465/2175 1879/2497/2200
f 1879/2497/2200 1857/2465/2175 1878/2498/2199
f 1861/2499/2179 1859/2463/2177 1880/2500/2201
f 1880/2500/2201 1859/2463/2177 1879/2497/2200
f 1863/2501/2181 1861/2499/2179 1881/2502/2202
f 1881/2502/2202 1861/2499/2179 1880/2500/2201
f 1865/2485/2203 1863/2504/2204 1882/2503/2204
f 1882/2503/2204 1863/2504/2204 1881/2505/2205
f 1867/2483/2186 1865/2485/2188 1883/2506/2206
f 1883/2506/2206 1865/2485/2188 1882/2503/2207
f 1869/2487/2190 1867/2483/2186 1884/2507/2208
f 1884/2507/2208 1867/2483/2186 1883/2506/2206
f 1871/2489/2192 1869/2487/2190 1885/2508/2209
f 1885/2508/2209 1869/2487/2190 1884/2507/2208
f 1873/2491/2194 1871/2489/2192 1886/2509/2210
f 1886/2509/2210 1871/2489/2192 1885/2508/2209
f 1875/2493/2196 1873/2491/2194 1887/2510/2211
f 1887/2510/2211 1873/2491/2194 1886/2509/2210
f 1876/2494/2197 1877/2495/2198 1888/2511/2212
f 1888/2511/2212 1877/2495/2198 1889/2512/2213
f 1878/2496/2199 1876/2494/2197 1890/2513/2214
f 1890/2513/2214 1876/2494/2197 1888/2511/2212
f 1879/2497/2200 1878/2498/2199 1891/2514/2215
f 1891/2514/2215 1878/2498/2199 1890/2515/2214
f 1880/2500/2201 1879/2497/2200 1892/2516/2216
f 1892/2516/2216 1879/2497/2200 1891/2514/2215
f 1881/2502/2202 1880/2500/2201 1893/2517/2217
f 1893/2517/2217 1880/2500/2201 1892/2516/2216
f 1882/2503/2218 1881/2505/2219 1894/2518/2219
f 1894/2518/2219 1881/2505/2219 1893/2519/2220
f 1883/2506/2206 1882/2503/2207 1895/2520/2221
f 1895/2520/2221 1882/2503/2207 1894/2518/2222
f 1884/2507/2208 1883/2506/2206 1896/2521/2223
f 1896/2521/2223 1883/2506/2206 1895/2520/2221
f 1885/2508/2209 1884/2507/2208 1897/2522/2224
f 1897/2522/2224 1884/2507/2208 1896/2521/2223
f 1886/2509/2210 1885/2508/2209 1898/2523/2225
f 1898/2523/2225 1885/2508/2209 1897/2522/2224
f 1887/2510/2211 1886/2509/2210 1899/2524/2226
f 1899/2524/2226 1886/2509/2210 1898/2523/2225
f 1888/2511/2212 1889/2512/2213 1900/2525/2227
f 1900/2525/2227 1889/2512/2213 1901/2526/2228
f 1890/2513/2214 1888/2511/2212 1902/2527/2229
f 1902/2527/2229 1888/2511/2212 1900/2525/2227
f 1891/2514/2215 1890/2515/2214 1903/2528/2230
f 1903/2528/2230 1890/2515/2214 1902/2529/2229
f 1892/2516/2216 1891/2514/2215 1904/2530/2231
f 1904/2531/2231 1891/2533/2215 1903/2532/2230
f 1893/2534/2217 1892/2536/2216 1905/2535/2232
f 1905/2535/2232 1892/2536/2216 1904/2531/2231
f 1894/2537/2233 1893/2534/2235 1906/2538/2234
f 1906/2538/2234 1893/2534/2235 1905/2535/2236
f 1895/2520/2221 1894/2518/2222 1907/2539/2237
f 1907/2539/2238 1894/2518/2238 1906/2540/2238
f 1896/2521/2223 1895/2520/2221 1908/2541/2239
f 1908/2541/2239 1895/2520/2221 1907/2539/2237
f 1897/2522/2224 1896/2521/2223 1909/2542/2240
f 1909/2542/2240 1896/2521/2223 1908/2541/2239
f 1898/2523/2225 1897/2522/2224 1910/2543/2241
f 1910/2543/2241 1897/2522/2224 1909/2542/2240
f 1899/2524/2226 1898/2523/2225 1911/2544/2242
f 1911/2544/2242 1898/2523/2225 1910/2543/2241
f 1864/2478/2182 1860/2545/2243 1862/2480/2184
f 1864/2478/2182 1858/2546/2243 1860/2545/2243
f 1866/2547/2243 1858/2546/2243 1864/2478/2182
f 1853/2548/2243 1872/2550/2243 1874/2549/2244
f 1852/2551/2243 1872/2550/2243 1853/2548/2243
f 1852/2551/2243 1870/2552/2243 1872/2550/2243
f 1856/2553/2243 1870/2552/2243 1852/2551/2243
f 1856/2553/2243 1868/2554/2243 1870/2552/2243
f 1858/2546/2243 1868/2554/2243 1856/2553/2243
f 1858/2546/2243 1866/2547/2243 1868/2554/2243
f 1905/2535/2236 1904/2531/2245 1906/2538/2234
f 1904/2531/2245 1903/2532/2245 1906/2538/2234
f 1906/2538/2234 1903/2532/2245 1907/2555/2245
f 1911/2556/2245 1910/2558/2245 1901/2557/2245
f 1901/2557/2245 1910/2558/2245 1900/2559/2245
f 1910/2558/2245 1909/2560/2245 1900/2559/2245
f 1900/2559/2245 1909/2560/2245 1902/2561/2245
f 1909/2560/2245 1908/2562/2245 1902/2561/2245
f 1902/2561/2245 1908/2562/2245 1903/2532/2245
f 1908/2562/2245 1907/2555/2245 1903/2532/2245
f 1913/2563/2246 1855/2459/2173 1912/2564/2247
f 1855/2459/2173 1913/2563/2246 1877/2495/2198
f 1914/2565/2248 1874/2492/2248 1875/2493/2248
f 1915/2566/2249 1874/2568/2249 1914/2567/2249
f 1916/2569/2250 1877/2495/2198 1913/2563/2246
f 1917/2570/2251 1877/2495/2198 1916/2569/2250
f 1877/2495/2198 1917/2570/2251 1889/2512/2213
f 1875/2493/2196 1918/2571/2253 1914/2565/2252
f 1918/2571/2253 1875/2493/2196 1887/2510/2211
f 1919/2572/2254 1889/2512/2213 1917/2570/2251
f 1889/2573/2213 1919/2575/2254 1901/2574/2228
f 1921/2576/2255 1901/2578/2255 1919/2577/2255
f 1901/2557/2245 1921/2579/2245 1911/2556/2245
f 1899/2580/2256 1922/2582/2256 1920/2581/2256
f 1922/2583/2257 1899/2524/2226 1911/2544/2242
f 1874/2568/2258 1915/2566/2260 1923/2584/2259
f 1922/2585/2261 1911/2556/2245 1924/2586/2262
f 1925/2587/2263 1926/2589/2264 1927/2588/2264
f 1928/2590/2264 1927/2588/2264 1926/2589/2264
f 1925/2591/2245 1929/2593/2245 1926/2592/2245
f 1929/2593/2245 1930/2594/2245 1926/2592/2245
f 1928/2595/2265 1923/2597/2266 1927/2596/2266
f 1931/2598/2267 1927/2596/2266 1923/2597/2266
f 1927/2588/2268 1931/2599/2268 1925/2587/2268
f 1929/2600/2268 1925/2587/2268 1931/2599/2268
f 1932/2601/2245 1933/2603/2245 1934/2602/2245
f 1935/2604/2245 1934/2602/2245 1933/2603/2245
f 1936/2605/2243 1937/2607/2243 1938/2606/2243
f 1939/2608/2243 1938/2606/2243 1937/2607/2243
f 1935/2609/2269 1933/2611/2269 1936/2610/2269
f 1937/2612/2269 1936/2610/2269 1933/2611/2269
f 1933/2613/2268 1932/2615/2268 1937/2614/2268
f 1939/2616/2268 1937/2614/2268 1932/2615/2268
f 1932/2615/2270 1934/2617/2270 1929/2600/2270
f 1939/2616/2271 1932/2615/2271 1929/2600/2271
f 1934/2618/2272 1935/2620/2274 1930/2619/2273
f 1934/2617/2275 1930/2621/2275 1929/2600/2275
f 1923/2622/2276 1938/2624/2276 1939/2623/2276
f 1923/2597/2277 1939/2625/2277 1931/2598/2277
f 1929/2600/2271 1931/2599/2271 1939/2616/2271
f 1912/2626/2278 1928/2628/2280 1913/2627/2279
f 1936/2629/2281 1938/2631/2283 1915/2630/2282
f 1914/2632/2284 1936/2629/2281 1915/2630/2282
f 1928/2628/2280 1926/2634/2286 1917/2633/2285
f 1913/2627/2279 1928/2628/2280 1917/2633/2285
f 1916/2635/2287 1913/2627/2279 1917/2633/2285
f 1935/2636/2288 1936/2629/2281 1918/2637/2289
f 1936/2629/2281 1914/2632/2284 1918/2637/2289
f 1917/2633/2285 1926/2634/2286 1919/2638/2290
f 1926/2634/2286 1930/2619/2273 1921/2639/2291
f 1919/2638/2290 1926/2634/2286 1921/2639/2291
f 1935/2620/2274 1920/2641/2293 1922/2640/2292
f 1915/2630/2282 1938/2631/2283 1923/2642/2294
f 1930/2619/2273 1935/2620/2274 1922/2640/2292
f 1924/2643/2295 1930/2619/2273 1922/2640/2292
f 1921/2639/2291 1930/2619/2273 1924/2643/2295
f 1924/2586/2262 1911/2556/2245 1921/2579/2245
f 1979/2644/2296 1994/2646/2298 1993/2645/2297
f 1979/2644/2296 1978/2647/2299 1994/2646/2298
f 1978/2647/2299 1995/2648/2300 1994/2646/2298
f 1980/2649/2301 1995/2648/2300 1978/2647/2299
f 1980/2649/2301 1996/2650/2302 1995/2648/2300
f 1981/2651/2303 1996/2650/2302 1980/2649/2301
f 1981/2651/2303 1997/2652/2304 1996/2650/2302
f 1982/2653/2305 1997/2652/2304 1981/2651/2303
f 1982/2653/2305 1998/2654/2306 1997/2652/2304
f 1983/2655/2307 1998/2654/2306 1982/2653/2305
f 1983/2655/2307 1999/2656/2308 1998/2654/2306
f 1984/2657/2309 1999/2656/2308 1983/2655/2307
f 1984/2657/2309 1988/2658/2310 1999/2656/2308
f 1975/2659/2310 1988/2658/2310 1984/2657/2309
f 1975/2659/2310 1974/2660/2311 1988/2658/2310
f 1974/2660/2311 1989/2661/2312 1988/2658/2310
f 1974/2662/2311 1976/2664/2313 1989/2663/2312
f 1976/2664/2313 1990/2665/2314 1989/2663/2312
f 1976/2666/2313 1977/2668/2315 1990/2667/2314
f 1977/2668/2315 1991/2669/2316 1990/2667/2314
f 1977/2668/2315 1972/2670/2317 1991/2669/2316
f 1972/2670/2317 1985/2671/2318 1991/2669/2316
f 1972/2670/2317 1971/2672/2319 1985/2671/2318
f 1971/2672/2319 1986/2673/2320 1985/2671/2318
f 1971/2672/2319 1973/2674/2321 1986/2673/2320
f 1973/2674/2321 1987/2675/2321 1986/2673/2320
f 2005/2676/2322 1979/2644/2296 1992/2677/2323
f 2005/2678/2322 1992/2680/2323 2006/2679/2324
f 2006/2679/2324 1992/2680/2323 2001/2681/2325
f 2006/2679/2324 2001/2681/2325 2000/2682/2326
f 2006/2679/2324 2000/2682/2326 2007/2683/2326
f 1979/2644/2296 1993/2645/2297 1992/2677/2323
f 1949/2684/2327 1972/2686/2329 1940/2685/2328
f 1972/2686/2329 1949/2684/2327 1971/2687/2330
f 1944/2688/2331 1971/2687/2330 1949/2684/2327
f 1971/2687/2330 1944/2688/2331 1973/2689/2332
f 1950/2690/2333 1975/2692/2245 1941/2691/2245
f 1975/2692/2245 1950/2690/2333 1974/2693/2245
f 1945/2694/2334 1974/2693/2245 1950/2690/2333
f 1974/2693/2245 1945/2694/2334 1976/2695/2335
f 1951/2696/2336 1976/2695/2335 1945/2694/2334
f 1976/2695/2335 1951/2696/2336 1977/2697/2337
f 1940/2685/2328 1977/2697/2337 1951/2696/2336
f 1977/2697/2337 1940/2685/2328 1972/2686/2329
f 1946/2698/2338 1979/2700/2340 1952/2699/2339
f 1979/2700/2340 1946/2698/2338 1978/2701/2341
f 1953/2702/2342 1978/2701/2341 1946/2698/2338
f 1978/2701/2341 1953/2702/2342 1980/2703/2343
f 1942/2704/2344 1980/2703/2343 1953/2702/2342
f 1980/2703/2343 1942/2704/2344 1981/2705/2345
f 1954/2706/2346 1981/2705/2345 1942/2704/2344
f 1981/2705/2345 1954/2706/2346 1982/2707/2347
f 1947/2708/2348 1982/2707/2347 1954/2706/2346
f 1982/2707/2347 1947/2708/2348 1983/2709/2349
f 1955/2710/2350 1983/2709/2349 1947/2708/2348
f 1983/2709/2349 1955/2710/2350 1984/2711/2350
f 1941/2691/2245 1984/2711/2350 1955/2710/2350
f 1984/2711/2350 1941/2691/2245 1975/2692/2245
f 1957/2712/2351 1986/2714/2353 1964/2713/2352
f 1986/2714/2353 1957/2712/2351 1985/2715/2354
f 1964/2713/2352 1987/2717/2355 1960/2716/2355
f 1987/2717/2355 1964/2713/2352 1986/2714/2353
f 1958/2718/2243 1989/2720/2357 1965/2719/2356
f 1989/2720/2357 1958/2718/2243 1988/2721/2243
f 1965/2722/2356 1990/2724/2359 1961/2723/2358
f 1990/2724/2359 1965/2722/2356 1989/2725/2357
f 1961/2726/2358 1991/2728/2361 1966/2727/2360
f 1991/2728/2361 1961/2726/2358 1990/2729/2359
f 1966/2727/2360 1985/2715/2354 1957/2712/2351
f 1985/2715/2354 1966/2727/2360 1991/2728/2361
f 1943/2730/2362 1993/2732/2297 1967/2731/2363
f 1993/2732/2297 1943/2730/2362 1992/2733/2323
f 1967/2731/2363 1994/2735/2365 1962/2734/2364
f 1994/2735/2365 1967/2731/2363 1993/2732/2297
f 1962/2734/2364 1995/2737/2367 1968/2736/2366
f 1995/2737/2367 1962/2734/2364 1994/2735/2365
f 1968/2736/2366 1996/2739/2369 1959/2738/2368
f 1996/2739/2369 1968/2736/2366 1995/2737/2367
f 1959/2738/2368 1997/2741/2371 1969/2740/2370
f 1997/2741/2371 1959/2738/2368 1996/2739/2369
f 1969/2740/2370 1998/2743/2373 1963/2742/2372
f 1998/2743/2373 1969/2740/2370 1997/2741/2371
f 1963/2742/2372 1999/2745/2374 1970/2744/2243
f 1999/2745/2374 1963/2742/2372 1998/2743/2373
f 1970/2744/2243 1988/2721/2243 1958/2718/2243
f 1988/2721/2243 1970/2744/2243 1999/2745/2374
f 1948/2746/2243 2001/2748/2243 1956/2747/2243
f 2001/2748/2243 1948/2746/2243 2000/2749/2243
f 1956/2747/2243 1992/2733/2375 1943/2730/2362
f 1992/2733/2375 1956/2747/2243 2001/2748/2243
f 1960/2750/2376 1973/2752/2376 1944/2751/2376
f 1973/2752/2376 1960/2750/2376 1987/2753/2376
f 1952/2699/2339 2005/2755/2377 2002/2754/2350
f 2005/2755/2377 1952/2699/2339 1979/2700/2340
f 2004/2756/2245 2007/2758/2245 2003/2757/2245
f 2007/2758/2245 2004/2756/2245 2006/2759/2245
f 2002/2754/2350 2006/2759/2245 2004/2756/2245
f 2006/2759/2245 2002/2754/2350 2005/2755/2377
f 2003/2760/2378 2000/2682/2378 1948/2761/2378
f 2000/2682/2378 2003/2760/2378 2007/2683/2379
f 2080/2844/2455 2085/2846/2457 2081/2845/2456
f 2085/2846/2458 2080/2844/2243 2082/2847/2459
f 2086/2848/2460 2081/2850/2456 2085/2849/2457
f 2088/2851/2461 2083/2853/2463 2084/2852/2462
f 2088/2851/2461 2087/2854/2464 2083/2853/2463
f 2084/2852/2462 2089/2855/2465 2088/2851/2461
f 2090/2856/2466 2091/2858/2468 2085/2857/2467
f 2085/2857/2467 2091/2858/2468 2086/2859/2469
f 2092/2860/2470 2087/2862/2472 2088/2861/2471
f 2092/2860/2470 2088/2861/2471 2089/2863/2473
f 2082/2847/2459 2090/2864/2474 2085/2846/2458
