# Blender 5.0.1
# www.blender.org
mtllib cochellantadelanteizq.mtl
g VWBeetle.001_Mesh
v 0.602960 0.825682 0.146595
v 0.600204 0.828296 -0.141557
v 0.619355 -0.805860 -0.156566
v 0.622110 -0.808475 0.131587
v 0.509191 0.299676 -0.781183
v 0.603223 0.017438 -0.834688
v 0.512039 0.016361 -0.833826
v 0.600376 0.300752 -0.782045
v 0.507645 0.547910 -0.634815
v 0.598830 0.548987 -0.635677
v 0.507585 0.731124 -0.412376
v 0.598770 0.732201 -0.413238
v 0.509019 0.827220 -0.140696
v 0.511775 0.824606 0.147457
v 0.515520 0.723597 0.417328
v 0.524103 0.285530 0.778149
v 0.610986 0.537455 0.635502
v 0.519801 0.536378 0.636364
v 0.615287 0.286606 0.777287
v 0.527907 0.001307 0.825580
v 0.619091 0.002384 0.824718
v 0.530754 -0.282007 0.772937
v 0.621938 -0.280931 0.772074
v 0.532301 -0.530242 0.626569
v 0.623485 -0.529165 0.625706
v 0.532361 -0.713456 0.404129
v 0.623545 -0.712379 0.403267
v 0.530926 -0.809551 0.132449
v 0.528171 -0.806937 -0.155704
v 0.524426 -0.705929 -0.425574
v 0.615611 -0.704852 -0.426436
v 0.520145 -0.518710 -0.644610
v 0.611329 -0.517633 -0.645472
v 0.515842 -0.267861 -0.786395
v 0.607027 -0.266784 -0.787257
v -0.213217 1.423707 0.015077
v -0.244476 1.735724 0.018205
v -0.234909 1.807792 0.018767
v -0.184368 1.887918 0.019010
v -0.078278 1.953552 0.018591
v 0.097934 1.982142 0.017166
v 0.275043 1.959634 0.015268
v 0.386004 1.901205 0.013677
v 0.443236 1.828086 0.012466
v 0.459158 1.761506 0.011710
v 0.455682 1.431604 0.008752
v -0.214873 1.412185 -0.174389
v -0.246511 1.721556 -0.214759
v -0.237032 1.793015 -0.224217
v -0.186588 1.872468 -0.235047
v -0.080576 1.937556 -0.244430
v 0.095603 1.965922 -0.249549
v 0.272742 1.943622 -0.248021
v 0.383776 1.885699 -0.241293
v 0.441098 1.813205 -0.232228
v 0.457101 1.747191 -0.223687
v 0.454026 1.420082 -0.180714
v -0.216186 1.374407 -0.360410
v -0.248126 1.675106 -0.443487
v -0.238716 1.744566 -0.462782
v -0.188348 1.821811 -0.484486
v -0.082399 1.885112 -0.502672
v 0.093755 1.912741 -0.511414
v 0.270917 1.891125 -0.506523
v 0.382009 1.834860 -0.491629
v 0.439402 1.764415 -0.472474
v 0.455470 1.700255 -0.454805
v 0.452713 1.382304 -0.366735
v -0.217131 1.311109 -0.539365
v -0.249287 1.597275 -0.663529
v -0.239928 1.663389 -0.692288
v -0.189615 1.736934 -0.724450
v -0.083710 1.797239 -0.751104
v 0.092425 1.823636 -0.763332
v 0.269604 1.803164 -0.755206
v 0.380737 1.749678 -0.732455
v 0.438182 1.682665 -0.703595
v 0.454296 1.621611 -0.677144
v 0.451768 1.319006 -0.545690
v -0.217689 1.223523 -0.707772
v -0.249974 1.489581 -0.870599
v -0.240644 1.551062 -0.908265
v -0.190364 1.619488 -0.950271
v -0.084485 1.675649 -0.984893
v 0.091639 1.700339 -1.000402
v 0.268828 1.681451 -0.989232
v 0.379986 1.631810 -0.959087
v 0.437461 1.569548 -0.921093
v 0.453603 1.512792 -0.886379
v 0.451210 1.231420 -0.714097
v -0.217850 1.113354 -0.862354
v -0.250172 1.354118 -1.060670
v -0.240851 1.409773 -1.106509
v -0.190580 1.471759 -1.157553
v -0.084709 1.522708 -1.199487
v 0.091412 1.545251 -1.218009
v 0.268605 1.528354 -1.204043
v 0.379769 1.483552 -1.167111
v 0.437253 1.427264 -1.120735
v 0.453403 1.375914 -1.078434
v 0.451049 1.121251 -0.868678
v -0.217611 0.982745 -1.000100
v -0.249877 1.193523 -1.230041
v -0.240543 1.242272 -1.283164
v -0.190259 1.296624 -1.342257
v -0.084377 1.341392 -1.390711
v 0.091749 1.361391 -1.411916
v 0.268938 1.346856 -1.395460
v 0.380091 1.307787 -1.352481
v 0.437562 1.258583 -1.298632
v 0.453700 1.213642 -1.249575
v 0.451288 0.990642 -1.006425
v -0.216975 0.834240 -1.118329
v -0.249096 1.010923 -1.375415
v -0.239729 1.051818 -1.434790
v -0.189407 1.097490 -1.500795
v -0.083495 1.135232 -1.554842
v 0.092644 1.152337 -1.578350
v 0.269820 1.140486 -1.559757
v 0.380946 1.107938 -1.511585
v 0.438382 1.066788 -1.451326
v 0.454489 1.029135 -1.396466
v 0.451924 0.842137 -1.124654
v -0.215957 0.670728 -1.214743
v -0.247844 0.809871 -1.493962
v -0.238422 0.842119 -1.558437
v -0.188041 0.878233 -1.630075
v -0.082081 0.908239 -1.688687
v 0.094078 0.922158 -1.714072
v 0.271236 0.913263 -1.693736
v 0.382317 0.887894 -1.641332
v 0.439698 0.855613 -1.575843
v 0.455755 0.825982 -1.516253
v 0.452942 0.678625 -1.221067
v -0.214574 0.495392 -1.287461
v -0.246144 0.594280 -1.583376
v -0.236649 0.617256 -1.651696
v -0.186187 0.643122 -1.727587
v -0.080162 0.664831 -1.789636
v 0.096024 0.675335 -1.816441
v 0.273157 0.669610 -1.794790
v 0.384178 0.651938 -1.739193
v 0.441483 0.629166 -1.669761
v 0.457473 0.608140 -1.606600
v 0.454325 0.503289 -1.293786
v -0.212855 0.311645 -1.335072
v -0.244030 0.368347 -1.641917
v -0.234445 0.381606 -1.712754
v -0.183882 0.396732 -1.791427
v -0.077775 0.409747 -1.855729
v 0.098444 0.416670 -1.883461
v 0.275546 0.414267 -1.860949
v 0.386491 0.404663 -1.803262
v 0.443704 0.391857 -1.731248
v 0.459609 0.379847 -1.665752
v 0.456044 0.319542 -1.341396
v -0.210833 0.123063 -1.356644
v -0.241543 0.136470 -1.668443
v -0.231851 0.139756 -1.740422
v -0.181170 0.143859 -1.820355
v -0.074967 0.147951 -1.885679
v 0.101291 0.151200 -1.913831
v 0.278356 0.152207 -1.890930
v 0.389213 0.150882 -1.832296
v 0.446316 0.148304 -1.759111
v 0.462121 0.145547 -1.692555
v 0.458066 0.130960 -1.362969
v -0.208546 -0.066683 -1.351763
v -0.238732 -0.096839 -1.662441
v -0.228919 -0.103588 -1.734161
v -0.178104 -0.110575 -1.813808
v -0.071794 -0.115461 -1.878901
v 0.104509 -0.115909 -1.906958
v 0.281534 -0.111472 -1.884144
v 0.392290 -0.104466 -1.825725
v 0.449268 -0.096753 -1.752805
v 0.464962 -0.090199 -1.686489
v 0.460352 -0.058786 -1.358088
v -0.206041 -0.253900 -1.320520
v -0.235651 -0.327039 -1.624025
v -0.225705 -0.343688 -1.694092
v -0.174744 -0.361617 -1.771915
v -0.068315 -0.375363 -1.835529
v 0.108036 -0.379458 -1.862976
v 0.285016 -0.371636 -1.840729
v 0.395662 -0.356410 -1.783682
v 0.452504 -0.338544 -1.712453
v 0.468075 -0.322803 -1.647673
v 0.462858 -0.246003 -1.326845
v -0.203364 -0.434944 -1.263524
v -0.232360 -0.549648 -1.553943
v -0.222273 -0.575871 -1.620997
v -0.171155 -0.604383 -1.695488
v -0.064600 -0.626694 -1.756405
v 0.111804 -0.634316 -1.782743
v 0.288735 -0.623222 -1.761526
v 0.399263 -0.600047 -1.706980
v 0.455961 -0.572362 -1.638844
v 0.471400 -0.547737 -1.576859
v 0.465534 -0.427047 -1.269848
v -0.200569 -0.606291 -1.181885
v -0.228924 -0.760335 -1.453562
v -0.218689 -0.795619 -1.516298
v -0.167408 -0.834146 -1.586017
v -0.060720 -0.864565 -1.643072
v 0.115738 -0.875525 -1.667818
v 0.292619 -0.861334 -1.648077
v 0.403024 -0.830636 -1.597115
v 0.459570 -0.793657 -1.533409
v 0.474872 -0.760624 -1.475429
v 0.468329 -0.598394 -1.188210
v -0.197711 -0.764607 -1.077193
v -0.225409 -0.954997 -1.324833
v -0.215022 -0.998653 -1.382032
v -0.163574 -1.046434 -1.445632
v -0.056751 -1.084343 -1.497732
v 0.119763 -1.098389 -1.520440
v 0.296592 -1.081335 -1.502591
v 0.406872 -1.043686 -1.456225
v 0.463263 -0.998121 -1.398197
v 0.478425 -0.957320 -1.345356
v 0.471188 -0.756710 -1.083518
v -0.194843 -0.906809 -0.951483
v -0.221883 -1.129847 -1.170262
v -0.211345 -1.181023 -1.220814
v -0.159729 -1.237116 -1.277065
v -0.052770 -1.281754 -1.323219
v 0.123800 -1.298570 -1.343476
v 0.300576 -1.278945 -1.327900
v 0.410731 -1.235053 -1.287054
v 0.466967 -1.181776 -1.235844
v 0.481987 -1.133996 -1.189170
v 0.474056 -0.898912 -0.957808
v -0.192023 -1.030130 -0.807203
v -0.218415 -1.281481 -0.992856
v -0.207728 -1.339179 -1.035779
v -0.155947 -1.402479 -1.083598
v -0.048855 -1.452953 -1.122924
v 0.127770 -1.472171 -1.140370
v 0.304495 -1.450317 -1.127402
v 0.414526 -1.401010 -1.092892
v 0.470609 -1.341045 -1.049506
v 0.485491 -1.287214 -1.009914
v 0.476876 -1.022233 -0.813528
v -0.189305 -1.132169 -0.647161
v -0.215073 -1.406947 -0.796073
v -0.204242 -1.470042 -0.830532
v -0.152303 -1.539306 -0.868996
v -0.045082 -1.594608 -0.900749
v 0.131596 -1.615814 -0.915078
v 0.308272 -1.592115 -0.905004
v 0.418183 -1.538328 -0.877520
v 0.474119 -1.472829 -0.842814
v 0.488868 -1.413991 -0.811074
v 0.479594 -1.124272 -0.653486
v -0.186742 -1.210941 -0.474475
v -0.211922 -1.503804 -0.583739
v -0.200955 -1.571065 -0.609065
v -0.148866 -1.644933 -0.637436
v -0.041524 -1.703962 -0.661018
v 0.135204 -1.726704 -0.671981
v 0.311834 -1.701580 -0.665030
v 0.421632 -1.644335 -0.645128
v 0.477429 -1.574564 -0.619787
v 0.492052 -1.511860 -0.596521
v 0.482157 -1.203045 -0.480800
v -0.184384 -1.264913 -0.292502
v -0.209023 -1.570167 -0.359987
v -0.197932 -1.640282 -0.375691
v -0.145705 -1.717304 -0.393425
v -0.038250 -1.778887 -0.408397
v 0.138523 -1.802680 -0.415815
v 0.315110 -1.776581 -0.412153
v 0.424805 -1.716967 -0.400240
v 0.480474 -1.644268 -0.384770
v 0.494982 -1.578916 -0.370433
v 0.484515 -1.257016 -0.298827
v -0.182277 -1.293033 -0.104785
v -0.206432 -1.604744 -0.129174
v -0.195229 -1.676345 -0.134951
v -0.142879 -1.755012 -0.141712
v -0.035325 -1.817925 -0.147803
v 0.141489 -1.842265 -0.151564
v 0.318039 -1.815658 -0.151295
v 0.427641 -1.754809 -0.147624
v 0.483195 -1.680586 -0.142333
v 0.497599 -1.613853 -0.137208
v 0.486622 -1.285137 -0.111110
v -0.180462 -1.294755 0.085021
v -0.204200 -1.606861 0.104209
v -0.192901 -1.678553 0.108471
v -0.140445 -1.757321 0.112803
v -0.032806 -1.820315 0.115693
v 0.144044 -1.844689 0.115630
v 0.320561 -1.818051 0.112468
v 0.430083 -1.757126 0.107805
v 0.485539 -1.682809 0.102802
v 0.499854 -1.615993 0.098613
v 0.488437 -1.286858 0.078696
v -0.178974 -1.270045 0.273223
v -0.202371 -1.576477 0.335619
v -0.190993 -1.646863 0.349833
v -0.138450 -1.724186 0.365165
v -0.030740 -1.786012 0.376960
v 0.146138 -1.809904 0.380564
v 0.322628 -1.783713 0.374000
v 0.432086 -1.723873 0.361075
v 0.487461 -1.650896 0.345864
v 0.501703 -1.585292 0.332440
v 0.489925 -1.262148 0.266898
v -0.177843 -1.219384 0.456157
v -0.200979 -1.514185 0.560552
v -0.189542 -1.581892 0.584441
v -0.136933 -1.656254 0.610464
v -0.029169 -1.715682 0.630915
v 0.147732 -1.738587 0.638084
v 0.324201 -1.713312 0.628212
v 0.433609 -1.655696 0.607255
v 0.488922 -1.585467 0.582123
v 0.503109 -1.522349 0.559722
v 0.491057 -1.211487 0.449832
v -0.177089 -1.143758 0.630261
v -0.200053 -1.421196 0.774629
v -0.188576 -1.484903 0.807724
v -0.135923 -1.554845 0.843926
v -0.028123 -1.610695 0.872617
v 0.148792 -1.632127 0.883175
v 0.325248 -1.608219 0.870156
v 0.434623 -1.553923 0.841556
v 0.489896 -1.487795 0.806980
v 0.504045 -1.428389 0.776037
v 0.491810 -1.135861 0.623936
v -0.176729 -1.044639 0.792150
v -0.199610 -1.299320 0.973686
v -0.188113 -1.357786 1.015342
v -0.135439 -1.421934 1.061005
v -0.027623 -1.473094 1.097355
v 0.149300 -1.492595 1.111069
v 0.325749 -1.470479 1.095123
v 0.435108 -1.420535 1.059414
v 0.490361 -1.359783 1.016058
v 0.504493 -1.305240 0.977171
v 0.492171 -1.036742 0.785825
v -0.176768 -0.923956 0.938671
v -0.199658 -1.150930 1.153845
v -0.188164 -1.203014 1.203250
v -0.135492 -1.260108 1.257477
v -0.027677 -1.305558 1.300760
v 0.149245 -1.322707 1.317328
v 0.325694 -1.302773 1.298733
v 0.435055 -1.258128 1.256591
v 0.490310 -1.203921 1.205289
v 0.504445 -1.155300 1.159212
v 0.492131 -0.916059 0.932346
v -0.177206 -0.784058 1.066971
v -0.200197 -0.978914 1.311602
v -0.188726 -1.023599 1.367791
v -0.136080 -1.072516 1.429517
v -0.028286 -1.111346 1.478870
v 0.148627 -1.125771 1.497939
v 0.325085 -1.108365 1.477024
v 0.434465 -1.069862 1.429249
v 0.489744 -1.023243 1.370989
v 0.503900 -0.981487 1.318617
v 0.491693 -0.776161 1.060646
v -0.178035 -0.627668 1.174554
v -0.201216 -0.786619 1.443884
v -0.189789 -0.823034 1.505763
v -0.137192 -0.862810 1.573779
v -0.029437 -0.894240 1.628222
v 0.147460 -0.905617 1.649385
v 0.323933 -0.891039 1.626527
v 0.433349 -0.859403 1.574029
v 0.488673 -0.821266 1.509932
v 0.502870 -0.787183 1.452281
v 0.490864 -0.619771 1.168229
v -0.179239 -0.457830 1.259326
v -0.202696 -0.577788 1.548120
v -0.191333 -0.605222 1.614481
v -0.138805 -0.635071 1.687451
v -0.031108 -0.658465 1.745906
v 0.145766 -0.666534 1.768722
v 0.322261 -0.655026 1.744329
v 0.431730 -0.630846 1.688110
v 0.487119 -0.601920 1.619417
v 0.501374 -0.576172 1.557604
v 0.489660 -0.449933 1.253002
v -0.180793 -0.277851 1.319638
v -0.204607 -0.356488 1.622277
v -0.193326 -0.374404 1.691829
v -0.140890 -0.393733 1.768322
v -0.033266 -0.408612 1.829632
v 0.143578 -0.413173 1.853623
v 0.320100 -0.404919 1.828140
v 0.429638 -0.388642 1.769272
v 0.485111 -0.369476 1.697309
v 0.499443 -0.352560 1.632537
v 0.488106 -0.269954 1.313313
v -0.182669 -0.091231 1.354315
v -0.206913 -0.127024 1.664914
v -0.195731 -0.135070 1.736299
v -0.143405 -0.143492 1.814821
v -0.035869 -0.149540 1.877770
v 0.140938 -0.150466 1.902437
v 0.317494 -0.145586 1.876327
v 0.427114 -0.137501 1.815937
v 0.482689 -0.128458 1.742093
v 0.497113 -0.120699 1.675620
v 0.486230 -0.083335 1.347990
v -0.184828 0.098395 1.362679
v -0.209569 0.106138 1.675201
v -0.198501 0.108119 1.747028
v -0.146300 0.110781 1.826039
v -0.038867 0.113705 1.889385
v 0.137898 0.116474 1.914215
v 0.314493 0.117926 1.887954
v 0.424208 0.117685 1.827196
v 0.479900 0.116444 1.752898
v 0.494430 0.114898 1.686014
v 0.484071 0.106291 1.356354
v -0.187230 0.287336 1.344573
v -0.212522 0.338457 1.652937
v -0.201581 0.350431 1.723807
v -0.149521 0.364136 1.801759
v -0.042202 0.376001 1.864248
v 0.134517 0.382450 1.888725
v 0.311156 0.380487 1.862792
v 0.420976 0.371950 1.802829
v 0.476798 0.360462 1.729513
v 0.491446 0.349645 1.663518
v 0.481669 0.295233 1.338249
v -0.189827 0.471916 1.300346
v -0.215716 0.565415 1.598557
v -0.204912 0.587149 1.667089
v -0.153004 0.611644 1.742455
v -0.045807 0.632242 1.802851
v 0.130860 0.642288 1.826465
v 0.307546 0.636987 1.801333
v 0.417480 0.620346 1.743312
v 0.473444 0.598848 1.672394
v 0.488219 0.578973 1.608569
v 0.479072 0.479813 1.294021
v -0.192570 0.648542 1.230860
v -0.219087 0.782592 1.513117
v -0.208429 0.813667 1.577974
v -0.156681 0.848485 1.649279
v -0.049614 0.877440 1.706386
v 0.127000 0.890927 1.728648
v 0.303735 0.882434 1.704771
v 0.413790 0.858038 1.649801
v 0.469902 0.826960 1.582652
v 0.484812 0.798419 1.522236
v 0.476329 0.656439 1.224535
v -0.195403 0.813776 1.137466
v -0.222572 0.985761 1.398281
v -0.212063 1.025574 1.458199
v -0.160481 1.070050 1.524045
v -0.053548 1.106823 1.576735
v 0.123011 1.123530 1.597177
v 0.299797 1.112049 1.574988
v 0.409976 1.080399 1.524119
v 0.466242 1.040359 1.462034
v 0.481291 1.003709 1.406202
v 0.473495 0.821673 1.131141
v -0.198274 0.964402 1.021984
v -0.226101 1.170968 1.256286
v -0.215744 1.218747 1.310095
v -0.164330 1.272027 1.369192
v -0.057533 1.315927 1.416417
v 0.118970 1.335569 1.434610
v 0.295809 1.321365 1.414508
v 0.406114 1.283101 1.368708
v 0.462535 1.234893 1.312888
v 0.477725 1.190852 1.262723
v 0.470625 0.972299 1.015659
v -0.201125 1.097488 0.886659
v -0.229606 1.334609 1.089892
v -0.219400 1.389425 1.136546
v -0.168152 1.450484 1.187733
v -0.061490 1.500682 1.228555
v 0.114957 1.522916 1.244110
v 0.291847 1.506306 1.226455
v 0.402277 1.462200 1.186598
v 0.458854 1.406773 1.138116
v 0.474183 1.356201 1.094592
v 0.467774 1.105384 0.880334
v -0.203901 1.210443 0.734128
v -0.233020 1.473497 0.902341
v -0.222960 1.534287 0.940930
v -0.171874 1.601948 0.983202
v -0.065344 1.657490 1.016805
v 0.111049 1.681925 1.029388
v 0.287990 1.663273 1.014491
v 0.398542 1.614208 0.981331
v 0.455269 1.552655 0.941123
v 0.470734 1.496540 0.905082
v 0.464999 1.218340 0.727804
v -0.206547 1.301070 0.567357
v -0.236274 1.584931 0.697283
v -0.226355 1.650513 0.727050
v -0.175424 1.723471 0.759575
v -0.069018 1.783302 0.785288
v 0.107323 1.809503 0.794622
v 0.284312 1.789212 0.782740
v 0.394980 1.736167 0.756901
v 0.451850 1.669699 0.725738
v 0.467446 1.609138 0.697881
v 0.462352 1.308967 0.561032
v -0.209014 1.367604 0.389594
v -0.239307 1.666740 0.478707
v -0.229518 1.735841 0.499075
v -0.178731 1.812688 0.521209
v -0.072442 1.875667 0.538510
v 0.103852 1.903164 0.544382
v 0.280884 1.881670 0.535713
v 0.391661 1.825705 0.517679
v 0.448665 1.755628 0.496156
v 0.464381 1.691802 0.477023
v 0.459885 1.375501 0.383269
v -0.211252 1.408750 0.204298
v -0.242059 1.717332 0.250870
v -0.232388 1.788610 0.261439
v -0.181732 1.867861 0.272743
v -0.075549 1.932787 0.281276
v 0.100701 1.961086 0.283537
v 0.277775 1.938849 0.278218
v 0.388649 1.881076 0.268320
v 0.445775 1.808768 0.256847
v 0.461601 1.742923 0.246806
v 0.457648 1.416647 0.197973
v -0.231108 0.752539 0.009158
v -0.200890 0.886639 0.010086
v -0.165145 0.998285 0.010757
v -0.125716 1.094959 0.011257
v -0.084446 1.184149 0.011671
v -0.089502 1.260968 0.012416
v -0.120024 1.261923 0.012717
v -0.151692 1.273295 0.013123
v -0.164819 1.294935 0.013445
v -0.171462 1.327353 0.013802
v -0.170710 1.357326 0.014067
v -0.238195 1.357267 0.014712
v -0.238974 1.423755 0.015323
v 0.471016 1.432137 0.008609
v 0.471771 1.367728 0.008018
v 0.406403 1.368496 0.008650
v 0.413870 0.731279 0.002798
v 0.480296 0.640273 0.001337
v 0.487016 0.066854 -0.003929
v -0.231953 0.746660 -0.087501
v -0.201897 0.879629 -0.105197
v -0.166288 0.990332 -0.120013
v -0.126976 1.086192 -0.132910
v -0.085813 1.174630 -0.144846
v -0.090963 1.250799 -0.154806
v -0.121487 1.251742 -0.154689
v -0.153169 1.263015 -0.155919
v -0.166323 1.284470 -0.158632
v -0.173005 1.316612 -0.162800
v -0.172290 1.346332 -0.166708
v -0.239776 1.346267 -0.166165
v -0.240636 1.412192 -0.174814
v 0.469355 1.420574 -0.181527
v 0.470188 1.356710 -0.173148
v 0.404818 1.357465 -0.172731
v 0.413061 0.725645 -0.089840
v 0.479598 0.635417 -0.078520
v -0.232623 0.727387 -0.182403
v -0.202696 0.856642 -0.218384
v -0.167194 0.964257 -0.248407
v -0.127975 1.057446 -0.274456
v -0.086898 1.143422 -0.298521
v -0.092122 1.217456 -0.318992
v -0.122647 1.218363 -0.319054
v -0.154340 1.229309 -0.321889
v -0.167515 1.250159 -0.327582
v -0.174229 1.281399 -0.336192
v -0.173542 1.310287 -0.344196
v -0.241030 1.310201 -0.343755
v -0.241954 1.374280 -0.361496
v 0.468037 1.382662 -0.368209
v 0.468932 1.320587 -0.351023
v 0.403561 1.321299 -0.350815
v 0.412419 0.707174 -0.180796
v 0.479045 0.619494 -0.156926
v -0.233105 0.695094 -0.273702
v -0.203271 0.818127 -0.327273
v -0.167846 0.920569 -0.371923
v -0.128694 1.009282 -0.410627
v -0.087679 1.091131 -0.446357
v -0.092955 1.161588 -0.476938
v -0.123482 1.162434 -0.477175
v -0.155183 1.172834 -0.481554
v -0.168373 1.192670 -0.490114
v -0.175110 1.222399 -0.502997
v -0.174444 1.249893 -0.514942
v -0.241932 1.249773 -0.514600
v -0.242902 1.310758 -0.541085
v 0.467089 1.319140 -0.547799
v 0.468029 1.260061 -0.522140
v 0.402656 1.260702 -0.522136
v 0.411957 0.676224 -0.268297
v 0.478647 0.592814 -0.232355
v -0.233390 0.650411 -0.359619
v -0.203611 0.764834 -0.429742
v -0.168231 0.860116 -0.488158
v -0.129119 0.942636 -0.538772
v -0.088140 1.018775 -0.585479
v -0.093448 1.084284 -0.625577
v -0.123975 1.085045 -0.625976
v -0.155681 1.094689 -0.631809
v -0.168881 1.113122 -0.643065
v -0.175630 1.140759 -0.659972
v -0.174977 1.166324 -0.675627
v -0.242465 1.166156 -0.675372
v -0.243462 1.222861 -0.710090
v 0.466529 1.231243 -0.716804
v 0.467495 1.176311 -0.683172
v 0.402121 1.176853 -0.683358
v 0.411684 0.633399 -0.350639
v 0.478411 0.555898 -0.303336
v -0.233472 0.594205 -0.438480
v -0.203709 0.697800 -0.523800
v -0.168343 0.784076 -0.594853
v -0.129241 0.858806 -0.656394
v -0.088273 0.927763 -0.713181
v -0.093590 0.987047 -0.762012
v -0.124118 0.987702 -0.762559
v -0.155825 0.996395 -0.769727
v -0.169027 1.013063 -0.783460
v -0.175780 1.038069 -0.804058
v -0.175130 1.061208 -0.823117
v -0.242618 1.060980 -0.822947
v -0.243624 1.112301 -0.865219
v 0.466367 1.120683 -0.871933
v 0.467341 1.070967 -0.830983
v 0.401967 1.071384 -0.831344
v 0.411605 0.579532 -0.426222
v 0.478343 0.509462 -0.368491
v -0.233350 0.527572 -0.508755
v -0.203563 0.618329 -0.607613
v -0.168177 0.693929 -0.689926
v -0.129059 0.759424 -0.761207
v -0.088075 0.819866 -0.826973
v -0.093379 0.871771 -0.883589
v -0.123906 0.872299 -0.884269
v -0.155611 0.879864 -0.892625
v -0.168809 0.894441 -0.908566
v -0.175557 0.916327 -0.932453
v -0.174902 0.936590 -0.954544
v -0.242390 0.936291 -0.954450
v -0.243384 0.981229 -1.003454
v 0.466607 0.989611 -1.010167
v 0.467570 0.946078 -0.962696
v 0.402197 0.946348 -0.963213
v 0.411722 0.515670 -0.493573
v 0.478444 0.454412 -0.426549
v -0.233026 0.451809 -0.569072
v -0.203176 0.527969 -0.679552
v -0.167739 0.591429 -0.771530
v -0.128576 0.646423 -0.851171
v -0.087551 0.697185 -0.924644
v -0.092818 0.740698 -0.987939
v -0.123345 0.741083 -0.988734
v -0.155045 0.747366 -0.998111
v -0.168232 0.759564 -1.015945
v -0.174965 0.777904 -1.042655
v -0.174295 0.794896 -1.067352
v -0.241783 0.794517 -1.067322
v -0.242746 0.832197 -1.122104
v 0.467245 0.840579 -1.128817
v 0.468177 0.804077 -1.075747
v 0.402805 0.804178 -1.076398
v 0.412032 0.443059 -0.551381
v 0.478712 0.391819 -0.476381
v -0.232506 0.368390 -0.618260
v -0.202556 0.428477 -0.738217
v -0.167036 0.478572 -0.838074
v -0.127801 0.522004 -0.924532
v -0.086709 0.562106 -1.004291
v -0.091919 0.596381 -1.073033
v -0.122444 0.596608 -1.073921
v -0.154136 0.601479 -1.084132
v -0.167307 0.611058 -1.103509
v -0.174015 0.625493 -1.132523
v -0.173323 0.638884 -1.159343
v -0.240811 0.638416 -1.159364
v -0.241724 0.668105 -1.218857
v 0.468267 0.676487 -1.225570
v 0.469151 0.647727 -1.167937
v 0.403780 0.647643 -1.168698
v 0.412531 0.363109 -0.598521
v 0.479142 0.322900 -0.517018
v -0.231801 0.278939 -0.655358
v -0.201715 0.321791 -0.782463
v -0.166081 0.357553 -0.888264
v -0.126749 0.388588 -0.979865
v -0.085567 0.417260 -1.064365
v -0.090699 0.441627 -1.137217
v -0.121223 0.441685 -1.138175
v -0.152903 0.445043 -1.149012
v -0.166052 0.451813 -1.169555
v -0.172727 0.462060 -1.200306
v -0.172004 0.471590 -1.228725
v -0.239491 0.471027 -1.228786
v -0.240336 0.492147 -1.291834
v 0.469654 0.500529 -1.298548
v 0.470473 0.480070 -1.237471
v 0.405103 0.479788 -1.238313
v 0.413207 0.277379 -0.634077
v 0.479724 0.248998 -0.547667
v -0.230924 0.185196 -0.679646
v -0.200669 0.209987 -0.811432
v -0.164895 0.230729 -0.921125
v -0.125441 0.248772 -1.016092
v -0.084147 0.265465 -1.103696
v -0.089182 0.279450 -1.179236
v -0.119704 0.279330 -1.180242
v -0.151369 0.281102 -1.191490
v -0.164490 0.284929 -1.212794
v -0.171124 0.290788 -1.244683
v -0.170364 0.296271 -1.274152
v -0.237850 0.295609 -1.274239
v -0.238611 0.307748 -1.339612
v 0.471379 0.316131 -1.346326
v 0.472117 0.304371 -1.282996
v 0.406749 0.303880 -1.283893
v 0.414047 0.187536 -0.657357
v 0.480449 0.171550 -0.567735
v -0.229892 0.088987 -0.690654
v -0.199439 0.095242 -0.824559
v -0.163499 0.100569 -0.936016
v -0.123902 0.105277 -1.032508
v -0.082476 0.109676 -1.121518
v -0.087397 0.113006 -1.198279
v -0.117917 0.112704 -1.199304
v -0.149564 0.112848 -1.210738
v -0.162653 0.113654 -1.232388
v -0.169239 0.115009 -1.264792
v -0.168435 0.116339 -1.294736
v -0.235919 0.115575 -1.294835
v -0.236582 0.118498 -1.361262
v 0.473409 0.126880 -1.367976
v 0.474051 0.124048 -1.303625
v 0.408685 0.123344 -1.304545
v 0.415036 0.095329 -0.667905
v 0.481301 0.092065 -0.576829
v -0.228726 -0.007816 -0.688163
v -0.198048 -0.020212 -0.821588
v -0.161921 -0.030396 -0.932647
v -0.122162 -0.039104 -1.028793
v -0.080587 -0.047075 -1.117484
v -0.085379 -0.054466 -1.193969
v -0.115897 -0.054951 -1.194990
v -0.147525 -0.056445 -1.206382
v -0.160577 -0.058679 -1.227954
v -0.167108 -0.061856 -1.260242
v -0.166253 -0.064704 -1.290078
v -0.233736 -0.065571 -1.290173
v -0.234287 -0.071921 -1.356364
v 0.475703 -0.063539 -1.363077
v 0.476237 -0.057387 -1.298956
v 0.410874 -0.058306 -1.299870
v 0.416154 0.002552 -0.665519
v 0.482265 0.012089 -0.574770
v -0.227447 -0.103328 -0.672225
v -0.196523 -0.134127 -0.802578
v -0.160192 -0.159615 -0.911082
v -0.120256 -0.181561 -1.005020
v -0.078517 -0.201737 -1.091674
v -0.083167 -0.219705 -1.166393
v -0.113683 -0.220372 -1.167384
v -0.145289 -0.223482 -1.178508
v -0.158301 -0.228714 -1.199578
v -0.164773 -0.236362 -1.231120
v -0.163862 -0.243334 -1.260268
v -0.231344 -0.244302 -1.260347
v -0.231773 -0.259802 -1.325009
v 0.478218 -0.251420 -1.331723
v 0.478633 -0.236405 -1.269081
v 0.413273 -0.237535 -1.269962
v 0.417379 -0.088988 -0.650243
v 0.483321 -0.066821 -0.561602
v -0.226082 -0.195692 -0.643146
v -0.194894 -0.244286 -0.767898
v -0.158344 -0.284573 -0.871743
v -0.118219 -0.319320 -0.961651
v -0.076306 -0.351299 -1.044591
v -0.080805 -0.379497 -1.116089
v -0.111318 -0.380338 -1.117024
v -0.142901 -0.385011 -1.127655
v -0.155870 -0.393143 -1.147814
v -0.162278 -0.405115 -1.177994
v -0.161309 -0.416074 -1.205886
v -0.228789 -0.417140 -1.205935
v -0.229087 -0.441488 -1.267812
v 0.480904 -0.433106 -1.274525
v 0.481192 -0.409519 -1.214583
v 0.415835 -0.410855 -1.215397
v 0.418688 -0.177509 -0.622373
v 0.484449 -0.143129 -0.537579
v -0.224656 -0.283108 -0.601496
v -0.193194 -0.348545 -0.718223
v -0.156415 -0.402838 -0.815396
v -0.116092 -0.449701 -0.899531
v -0.073998 -0.492850 -0.977147
v -0.078338 -0.530730 -1.044034
v -0.108849 -0.531737 -1.044890
v -0.140407 -0.537889 -1.054816
v -0.153332 -0.548765 -1.073668
v -0.159673 -0.564830 -1.101897
v -0.158642 -0.579562 -1.127992
v -0.226121 -0.580721 -1.127996
v -0.226282 -0.613443 -1.185884
v 0.483709 -0.605061 -1.192597
v 0.483865 -0.573362 -1.136519
v 0.418511 -0.574892 -1.137241
v 0.420054 -0.261289 -0.582457
v 0.485627 -0.215350 -0.503169
v -0.223198 -0.363876 -0.548085
v -0.191454 -0.444875 -0.654521
v -0.154442 -0.512109 -0.743136
v -0.113917 -0.570166 -0.819868
v -0.071636 -0.623636 -0.890661
v -0.075815 -0.670460 -0.951630
v -0.106323 -0.671621 -0.952385
v -0.137856 -0.679139 -0.961409
v -0.150736 -0.692552 -0.978582
v -0.157008 -0.712397 -1.004310
v -0.155914 -0.730616 -1.028101
v -0.223392 -0.731861 -1.028048
v -0.223413 -0.772320 -1.080818
v 0.486578 -0.763938 -1.087532
v 0.486598 -0.724744 -1.036411
v 0.421248 -0.726452 -1.037016
v 0.421452 -0.338698 -0.531268
v 0.486832 -0.282078 -0.459043
v -0.221735 -0.436424 -0.483952
v -0.189710 -0.531400 -0.578031
v -0.152463 -0.610258 -0.656369
v -0.111735 -0.678370 -0.724214
v -0.069267 -0.741110 -0.786810
v -0.073284 -0.795970 -0.840677
v -0.103789 -0.797267 -0.841312
v -0.135298 -0.806013 -0.849250
v -0.148131 -0.821704 -0.864409
v -0.154335 -0.844945 -0.887135
v -0.153178 -0.866296 -0.908157
v -0.220654 -0.867618 -0.908037
v -0.220535 -0.915027 -0.954663
v 0.489455 -0.906645 -0.961376
v 0.489340 -0.860718 -0.916207
v 0.423993 -0.862588 -0.916669
v 0.422854 -0.408228 -0.469800
v 0.488041 -0.342015 -0.406056
v -0.220296 -0.499339 -0.410345
v -0.187994 -0.606436 -0.490242
v -0.150516 -0.695375 -0.556786
v -0.109589 -0.772208 -0.614429
v -0.066937 -0.842987 -0.667619
v -0.070795 -0.904814 -0.713335
v -0.101297 -0.906231 -0.713828
v -0.132782 -0.916042 -0.720520
v -0.145570 -0.933707 -0.733371
v -0.151706 -0.959894 -0.752652
v -0.150488 -0.983960 -0.770495
v -0.217962 -0.985350 -0.770297
v -0.217705 -1.038785 -0.809872
v 0.492286 -1.030403 -0.816585
v 0.492037 -0.978638 -0.778246
v 0.426693 -0.980647 -0.778545
v 0.424233 -0.468525 -0.399255
v 0.489229 -0.393994 -0.345244
v -0.218909 -0.551396 -0.328696
v -0.186340 -0.668524 -0.392862
v -0.148640 -0.765804 -0.446324
v -0.107521 -0.849851 -0.492651
v -0.064692 -0.927283 -0.535407
v -0.068396 -0.994875 -0.572080
v -0.098896 -0.996391 -0.572421
v -0.130357 -1.007082 -0.577731
v -0.143101 -1.026382 -0.588016
v -0.149173 -1.055006 -0.603476
v -0.147894 -1.081320 -0.617796
v -0.215367 -1.082764 -0.617509
v -0.214977 -1.141186 -0.649263
v 0.495013 -1.132804 -0.655977
v 0.494636 -1.076208 -0.625215
v 0.429295 -1.078333 -0.625332
v 0.425562 -0.518418 -0.321003
v 0.490375 -0.437003 -0.277789
v -0.217602 -0.591583 -0.240596
v -0.184780 -0.716454 -0.287789
v -0.146872 -0.820173 -0.327135
v -0.105571 -0.909790 -0.361250
v -0.062574 -0.992357 -0.392751
v -0.066134 -1.064400 -0.419665
v -0.096631 -1.065992 -0.419838
v -0.128070 -1.077364 -0.423658
v -0.140774 -1.097926 -0.431177
v -0.146784 -1.128431 -0.442512
v -0.145449 -1.156479 -0.453028
v -0.212920 -1.157966 -0.452649
v -0.212406 -1.220238 -0.475964
v 0.497585 -1.211856 -0.482677
v 0.497087 -1.151531 -0.460092
v 0.431748 -1.153745 -0.460012
v 0.426815 -0.556934 -0.236568
v 0.491455 -0.470204 -0.205003
v -0.216399 -0.619118 -0.147759
v -0.183346 -0.749294 -0.177064
v -0.145244 -0.857425 -0.201534
v -0.103777 -0.950858 -0.222783
v -0.060626 -1.036944 -0.242420
v -0.064053 -1.112036 -0.259054
v -0.094548 -1.113680 -0.259050
v -0.125966 -1.125518 -0.261299
v -0.138632 -1.146944 -0.265905
v -0.144586 -1.178738 -0.272892
v -0.143199 -1.207975 -0.279401
v -0.210669 -1.209491 -0.278924
v -0.210039 -1.274401 -0.293345
v 0.499952 -1.266019 -0.300059
v 0.499341 -1.203139 -0.286088
v 0.434006 -1.205413 -0.285804
v 0.427968 -0.583323 -0.147592
v 0.492449 -0.492953 -0.128303
v -0.215324 -0.633464 -0.051990
v -0.182064 -0.766404 -0.062844
v -0.143790 -0.876834 -0.071972
v -0.102174 -0.972255 -0.079946
v -0.058886 -1.060174 -0.087347
v -0.062193 -1.136856 -0.093374
v -0.092686 -1.138527 -0.093189
v -0.124087 -1.150607 -0.093817
v -0.136719 -1.172483 -0.095416
v -0.142622 -1.204950 -0.097920
v -0.141189 -1.234805 -0.100295
v -0.208657 -1.236337 -0.099716
v -0.207925 -1.302621 -0.104962
v 0.502066 -1.294239 -0.111676
v 0.501356 -1.230027 -0.106593
v 0.436023 -1.232334 -0.106097
v 0.428998 -0.597072 -0.055807
v 0.493337 -0.504805 -0.049183
v -0.214398 -0.634343 0.044842
v -0.180959 -0.767452 0.052645
v -0.142537 -0.878022 0.059034
v -0.100792 -0.973566 0.064480
v -0.057386 -1.061596 0.069455
v -0.060591 -1.138375 0.074152
v -0.091082 -1.140048 0.074520
v -0.122467 -1.152143 0.075530
v -0.135070 -1.174047 0.076972
v -0.140931 -1.206555 0.078999
v -0.139457 -1.236448 0.080805
v -0.206925 -1.237981 0.081488
v -0.206103 -1.304349 0.085516
v 0.503888 -1.295967 0.078803
v 0.503092 -1.231674 0.074900
v 0.437760 -1.233982 0.075612
v 0.429886 -0.597914 0.036998
v 0.494102 -0.505531 0.030817
v -0.213639 -0.621737 0.140858
v -0.180054 -0.752417 0.167160
v -0.141510 -0.860967 0.188932
v -0.099660 -0.954763 0.207685
v -0.056157 -1.041183 0.224929
v -0.059278 -1.116566 0.240260
v -0.089768 -1.118215 0.240810
v -0.121140 -1.130096 0.243444
v -0.133719 -1.151605 0.247902
v -0.139544 -1.183522 0.254424
v -0.138038 -1.212871 0.260374
v -0.205504 -1.214391 0.261159
v -0.204610 -1.279552 0.274386
v 0.505381 -1.271169 0.267673
v 0.504514 -1.208046 0.254859
v 0.439185 -1.210326 0.255784
v 0.430613 -0.585832 0.129019
v 0.494729 -0.495116 0.110143
v -0.213061 -0.595891 0.234186
v -0.179365 -0.721591 0.278470
v -0.140729 -0.826000 0.315196
v -0.098799 -0.916214 0.346884
v -0.055222 -0.999332 0.376053
v -0.058279 -1.071852 0.401720
v -0.088768 -1.073452 0.402446
v -0.120130 -1.084896 0.406660
v -0.132691 -1.105593 0.414046
v -0.138489 -1.136300 0.424939
v -0.136958 -1.164534 0.434917
v -0.204424 -1.166026 0.435801
v -0.203474 -1.228710 0.457969
v 0.506516 -1.220328 0.451255
v 0.505596 -1.159603 0.429780
v 0.440268 -1.161826 0.430912
v 0.431167 -0.561061 0.218466
v 0.495206 -0.473762 0.187249
v -0.212677 -0.557308 0.323010
v -0.178907 -0.675575 0.384406
v -0.140209 -0.773802 0.435364
v -0.098226 -0.858669 0.479364
v -0.054600 -0.936856 0.519881
v -0.057614 -1.005103 0.555387
v -0.088102 -1.006630 0.556283
v -0.119458 -1.017421 0.561998
v -0.132006 -1.036907 0.572173
v -0.137786 -1.065808 0.587225
v -0.136239 -1.092377 0.601037
v -0.203705 -1.093827 0.602015
v -0.202718 -1.152816 0.632692
v 0.507272 -1.144434 0.625978
v 0.506317 -1.087289 0.596261
v 0.440989 -1.089427 0.597590
v 0.431535 -0.524084 0.303594
v 0.495524 -0.441887 0.260631
v -0.212493 -0.506740 0.405601
v -0.178688 -0.615264 0.482910
v -0.139960 -0.705389 0.547101
v -0.097952 -0.783247 0.602547
v -0.054302 -0.854972 0.653620
v -0.057296 -0.917619 0.698272
v -0.087784 -0.919050 0.699323
v -0.119136 -0.928987 0.706437
v -0.131679 -0.946884 0.719206
v -0.137450 -0.973418 0.738123
v -0.135895 -0.997803 0.755500
v -0.203360 -0.999200 0.756566
v -0.202356 -1.053345 0.795154
v 0.507634 -1.044963 0.788440
v 0.506662 -0.992511 0.751059
v 0.441335 -0.994537 0.752571
v 0.431711 -0.475620 0.382749
v 0.495676 -0.400109 0.328866
v -0.212513 -0.445172 0.480351
v -0.178712 -0.541833 0.572063
v -0.139987 -0.622093 0.648231
v -0.097981 -0.691418 0.714037
v -0.054335 -0.755276 0.774662
v -0.057331 -0.811104 0.827591
v -0.087818 -0.812418 0.828784
v -0.119171 -0.821312 0.837163
v -0.131715 -0.837277 0.852280
v -0.137487 -0.860928 0.874695
v -0.135932 -0.882656 0.895300
v -0.203398 -0.883987 0.896445
v -0.202396 -0.932234 0.942194
v 0.507595 -0.923852 0.935480
v 0.506624 -0.877114 0.891162
v 0.441297 -0.879003 0.892839
v 0.431692 -0.416612 0.454390
v 0.495659 -0.349243 0.390623
v -0.212737 -0.373800 0.545806
v -0.178978 -0.456710 0.650129
v -0.140290 -0.525534 0.736784
v -0.098315 -0.584967 0.811663
v -0.054697 -0.639705 0.880652
v -0.057718 -0.687628 0.940831
v -0.088206 -0.688807 0.942149
v -0.119562 -0.696494 0.951634
v -0.132113 -0.710218 0.968805
v -0.137895 -0.730528 0.994286
v -0.136351 -0.749175 1.017715
v -0.203817 -0.750430 1.018930
v -0.202836 -0.791840 1.070949
v 0.507155 -0.783458 1.064236
v 0.506205 -0.743343 1.013843
v 0.440877 -0.745074 1.015666
v 0.431478 -0.348208 0.517122
v 0.495474 -0.290277 0.444700
v -0.213160 -0.294014 0.600692
v -0.179483 -0.361552 0.715590
v -0.140862 -0.417592 0.811040
v -0.098946 -0.465967 0.893524
v -0.055382 -0.510509 0.969527
v -0.058450 -0.549597 1.035785
v -0.088938 -0.550625 1.037206
v -0.120302 -0.556961 1.047621
v -0.132866 -0.568180 1.066516
v -0.138668 -0.584755 1.094564
v -0.137142 -0.599958 1.120364
v -0.204608 -0.601129 1.121638
v -0.203668 -0.634895 1.178914
v 0.506323 -0.626514 1.172201
v 0.505412 -0.593803 1.116714
v 0.440084 -0.595356 1.118659
v 0.431072 -0.271742 0.569725
v 0.495125 -0.224360 0.490046
v -0.213774 -0.207368 0.643940
v -0.180215 -0.258212 0.767171
v -0.141693 -0.300369 0.869550
v -0.099862 -0.336735 0.958029
v -0.056376 -0.370205 1.039557
v -0.059512 -0.399696 1.110607
v -0.090002 -0.400560 1.112109
v -0.121376 -0.405430 1.123256
v -0.133959 -0.413929 1.143508
v -0.139790 -0.426448 1.173582
v -0.138290 -0.437910 1.201249
v -0.205757 -0.438989 1.202568
v -0.204876 -0.464455 1.263988
v 0.505115 -0.456073 1.257274
v 0.504261 -0.431403 1.197775
v 0.438931 -0.432765 1.199815
v 0.430484 -0.188699 0.611176
v 0.494618 -0.152775 0.525777
v -0.214567 -0.115547 0.674709
v -0.181161 -0.148700 0.803867
v -0.142766 -0.176145 0.911178
v -0.101045 -0.199785 1.003921
v -0.057660 -0.221523 1.089382
v -0.060884 -0.240844 1.163837
v -0.091375 -0.241534 1.165399
v -0.122763 -0.244851 1.177066
v -0.135371 -0.250467 1.198284
v -0.141239 -0.258687 1.229799
v -0.139773 -0.266186 1.258793
v -0.207241 -0.267167 1.260145
v -0.206436 -0.283838 1.324512
v 0.503555 -0.275456 1.317799
v 0.502775 -0.259306 1.255443
v 0.437443 -0.260464 1.257552
v 0.429724 -0.100698 0.640664
v 0.493962 -0.076916 0.551197
v -0.215523 -0.020339 0.692400
v -0.182302 -0.035149 0.824967
v -0.144060 -0.047339 0.935111
v -0.102472 -0.057784 1.030306
v -0.059209 -0.067355 1.118028
v -0.062539 -0.076132 1.194443
v -0.093032 -0.076642 1.196037
v -0.124436 -0.078347 1.208004
v -0.137074 -0.080974 1.229778
v -0.142987 -0.084737 1.262121
v -0.141563 -0.088126 1.291878
v -0.209031 -0.089007 1.293250
v -0.208318 -0.096557 1.359311
v 0.501673 -0.088174 1.352597
v 0.500982 -0.080861 1.288601
v 0.435648 -0.081807 1.290749
v 0.428807 -0.009451 0.657619
v 0.493172 0.001742 0.565812
v -0.216625 0.076402 0.696668
v -0.183616 0.080232 0.830058
v -0.145551 0.083542 0.940885
v -0.104115 0.086506 1.036673
v -0.060993 0.089297 1.124939
v -0.064445 0.091234 1.201827
v -0.094940 0.090907 1.203430
v -0.126363 0.090839 1.215469
v -0.139035 0.091250 1.237376
v -0.145000 0.092015 1.269919
v -0.143623 0.092802 1.299861
v -0.211093 0.092024 1.301236
v -0.210485 0.093742 1.367707
v 0.499506 0.102124 1.360994
v 0.498917 0.100460 1.296601
v 0.433580 0.099728 1.298758
v 0.427751 0.083267 0.661709
v 0.492262 0.081668 0.569339
v -0.217851 0.172795 0.687431
v -0.185077 0.195196 0.819040
v -0.147209 0.213951 0.928388
v -0.105942 0.230275 1.022894
v -0.062978 0.245383 1.109981
v -0.066565 0.257995 1.185845
v -0.097063 0.257852 1.187431
v -0.128506 0.259414 1.199314
v -0.141217 0.262851 1.220931
v -0.147239 0.268129 1.253041
v -0.145915 0.273077 1.282585
v -0.213386 0.272402 1.283950
v -0.212895 0.283354 1.349536
v 0.497095 0.291735 1.342822
v 0.496620 0.281126 1.279288
v 0.431281 0.280609 1.281424
v 0.426577 0.175650 0.652856
v 0.491249 0.161304 0.561707
v -0.219176 0.266962 0.664866
v -0.186658 0.307507 0.792129
v -0.149001 0.341350 0.897863
v -0.107919 0.370725 0.989241
v -0.065123 0.397866 1.073445
v -0.068858 0.420908 1.146811
v -0.099358 0.420943 1.148353
v -0.130823 0.424098 1.159854
v -0.143576 0.430492 1.180763
v -0.149660 0.440178 1.211817
v -0.148393 0.449191 1.240386
v -0.215866 0.448616 1.241728
v -0.215502 0.468589 1.305152
v 0.494489 0.476970 1.298439
v 0.494136 0.457623 1.236997
v 0.428795 0.457313 1.239084
v 0.425307 0.265900 0.631232
v 0.490155 0.239103 0.543065
v -0.220575 0.357072 0.629416
v -0.188326 0.414978 0.749849
v -0.150894 0.463259 0.849902
v -0.110005 0.505123 0.936368
v -0.067389 0.543779 1.016041
v -0.071278 0.576800 1.085481
v -0.101781 0.577005 1.086956
v -0.133270 0.581686 1.097857
v -0.146066 0.590909 1.117654
v -0.152216 0.604813 1.147048
v -0.151009 0.617716 1.174088
v -0.218484 0.617237 1.175391
v -0.218254 0.645841 1.235419
v 0.491737 0.654223 1.228705
v 0.491514 0.626513 1.170554
v 0.426169 0.626404 1.172563
v 0.423966 0.352262 0.597256
v 0.488999 0.313549 0.513777
v -0.222020 0.441369 0.581770
v -0.190051 0.515517 0.693023
v -0.152850 0.577305 0.785442
v -0.112162 0.630852 0.865304
v -0.069730 0.680279 0.938889
v -0.073779 0.722637 1.003051
v -0.104284 0.723002 1.004437
v -0.135798 0.729108 1.014531
v -0.148640 0.740978 1.032831
v -0.154857 0.758829 1.059995
v -0.153713 0.775371 1.084977
v -0.221189 0.774981 1.086230
v -0.221098 0.811660 1.141695
v 0.488893 0.820043 1.134981
v 0.488804 0.784510 1.081251
v 0.423456 0.784588 1.083153
v 0.422580 0.433053 0.551592
v 0.487804 0.383193 0.474413
v -0.223485 0.518214 0.522854
v -0.191797 0.607168 0.622756
v -0.154831 0.681268 0.705734
v -0.114346 0.745466 0.777431
v -0.072101 0.804713 0.843488
v -0.076312 0.855581 0.901125
v -0.106821 0.856091 0.902398
v -0.138359 0.863498 0.911496
v -0.151247 0.877781 0.927947
v -0.157533 0.899229 0.952352
v -0.156452 0.919088 0.974791
v -0.223929 0.918779 0.975982
v -0.223978 0.962821 1.025802
v 0.486013 0.971203 1.019088
v 0.486060 0.928538 0.970826
v 0.420709 0.928787 0.972598
v 0.421177 0.506701 0.495125
v 0.486594 0.446680 0.425738
v -0.224939 0.586111 0.453816
v -0.193532 0.688146 0.540414
v -0.156799 0.773125 0.612332
v -0.116515 0.846733 0.674461
v -0.074456 0.914656 0.731694
v -0.078828 0.973044 0.781686
v -0.109339 0.973683 0.782829
v -0.140903 0.982239 0.790759
v -0.153836 0.998653 0.805041
v -0.160190 1.023280 0.826215
v -0.159172 1.046069 0.845674
v -0.226651 1.045833 0.846791
v -0.226839 1.096379 0.889998
v 0.483152 1.104761 0.883285
v 0.483334 1.055796 0.841429
v 0.417979 1.056195 0.843047
v 0.419783 0.571774 0.428958
v 0.485393 0.502775 0.368702
v -0.226355 0.643737 0.375998
v -0.195221 0.756875 0.447604
v -0.158715 0.851088 0.507053
v -0.118627 0.932683 0.558397
v -0.076749 1.007969 0.605687
v -0.081278 1.072739 0.647060
v -0.111792 1.073488 0.648055
v -0.143379 1.083018 0.654669
v -0.156357 1.101242 0.666508
v -0.162777 1.128567 0.684039
v -0.161820 1.153844 0.700139
v -0.229301 1.153669 0.701174
v -0.229625 1.209734 0.736925
v 0.480366 1.218116 0.730212
v 0.480680 1.163804 0.695578
v 0.415322 1.164330 0.697023
v 0.418426 0.627003 0.354379
v 0.484223 0.550384 0.304411
v -0.227706 0.689972 0.290916
v -0.196831 0.812019 0.346131
v -0.160541 0.913639 0.391947
v -0.120641 1.001642 0.431498
v -0.078936 1.082837 0.467917
v -0.083615 1.152727 0.499866
v -0.114131 1.153563 0.500699
v -0.145741 1.163876 0.505873
v -0.158761 1.183552 0.515043
v -0.165244 1.213041 0.528590
v -0.164346 1.240314 0.541017
v -0.231828 1.240188 0.541961
v -0.232281 1.300683 0.569563
v 0.477710 1.309065 0.562850
v 0.478149 1.250461 0.536111
v 0.412788 1.251091 0.537369
v 0.417132 0.671315 0.272836
v 0.483107 0.588583 0.234117
v -0.228964 0.723916 0.200227
v -0.198332 0.852502 0.237966
v -0.162244 0.959561 0.269252
v -0.122518 1.052269 0.296234
v -0.080973 1.137801 0.321065
v -0.085791 1.211451 0.342969
v -0.116310 1.212351 0.343634
v -0.147941 1.223239 0.347271
v -0.161001 1.243980 0.353592
v -0.167544 1.275058 0.362894
v -0.166699 1.303796 0.371407
v -0.234182 1.303706 0.372256
v -0.234756 1.367453 0.391169
v 0.475235 1.375835 0.384455
v 0.475790 1.314081 0.366133
v 0.410427 1.314786 0.367189
v 0.415926 0.703847 0.185919
v 0.482068 0.616626 0.159193
v -0.230106 0.744908 0.105695
v -0.199694 0.877538 0.125222
v -0.163788 0.987961 0.141360
v -0.124221 1.083578 0.155240
v -0.082822 1.171792 0.167989
v -0.087767 1.247767 0.179426
v -0.118287 1.248707 0.179909
v -0.149938 1.259950 0.181949
v -0.163034 1.281350 0.185302
v -0.169630 1.313410 0.190179
v -0.168834 1.343055 0.194611
v -0.236319 1.342987 0.195358
v -0.237002 1.408745 0.205216
v 0.472989 1.417127 0.198503
v 0.473651 1.353425 0.188952
v 0.408285 1.354177 0.189799
v 0.414831 0.723966 0.095318
v 0.481125 0.633969 0.081093
v -0.230097 -1.178497 -0.008369
v -0.229985 -1.181777 -0.000647
v -0.229864 -1.189556 0.002492
v -0.229804 -1.197277 -0.000790
v -0.229840 -1.200417 -0.008570
v -0.229952 -1.197137 -0.016291
v -0.230074 -1.189357 -0.019430
v -0.230134 -1.181636 -0.016149
v -0.210770 -1.181324 -0.008580
v -0.211653 -1.184459 -0.000847
v -0.213930 -1.191887 0.002319
v -0.216270 -1.199257 -0.000937
v -0.217300 -1.202252 -0.008707
v -0.216418 -1.199117 -0.016438
v -0.214140 -1.191689 -0.019604
v -0.211801 -1.184319 -0.016348
v -0.193264 -1.189986 -0.008826
v -0.195046 -1.192675 -0.001080
v -0.199498 -1.199028 0.002116
v -0.204010 -1.205323 -0.001109
v -0.205940 -1.207872 -0.008867
v -0.204158 -1.205183 -0.016611
v -0.199707 -1.198829 -0.019807
v -0.195194 -1.192535 -0.016582
v -0.179291 -1.203634 -0.009083
v -0.181792 -1.205621 -0.001325
v -0.187978 -1.210280 0.001904
v -0.194225 -1.214880 -0.001290
v -0.196874 -1.216728 -0.009034
v -0.194373 -1.214740 -0.016791
v -0.188187 -1.210081 -0.020019
v -0.181940 -1.205481 -0.016826
v -0.170220 -1.220931 -0.009327
v -0.173188 -1.222030 -0.001556
v -0.180499 -1.224541 0.001703
v -0.187873 -1.226994 -0.001460
v -0.190988 -1.227952 -0.009192
v -0.188021 -1.226853 -0.016961
v -0.180709 -1.224342 -0.020220
v -0.173336 -1.221889 -0.017057
v -0.166939 -1.240187 -0.009533
v -0.170075 -1.240295 -0.001751
v -0.177794 -1.240416 0.001533
v -0.185575 -1.240478 -0.001605
v -0.188859 -1.240446 -0.009325
v -0.185723 -1.240337 -0.017106
v -0.178004 -1.240217 -0.020390
v -0.170223 -1.240154 -0.017252
v -0.177899 -1.240316 -0.009429
v -0.291955 -1.182508 -0.000061
v -0.292067 -1.179228 -0.007783
v -0.291834 -1.190288 0.003078
v -0.291774 -1.198009 -0.000204
v -0.291810 -1.201149 -0.007985
v -0.291922 -1.197868 -0.015705
v -0.292044 -1.190089 -0.018844
v -0.292104 -1.182368 -0.015563
v -0.291787 -1.190407 0.007886
v -0.291925 -1.181078 0.004950
v -0.292068 -1.175258 -0.002910
v -0.292161 -1.175169 -0.012689
v -0.292170 -1.180846 -0.020654
v -0.292090 -1.190119 -0.023762
v -0.291952 -1.199448 -0.020825
v -0.291809 -1.205268 -0.012965
v -0.291715 -1.205357 -0.003187
v -0.291707 -1.199680 0.004779
v -0.317136 -1.190677 0.004962
v -0.317246 -1.183214 0.002612
v -0.317360 -1.178557 -0.003676
v -0.317435 -1.178486 -0.011500
v -0.317442 -1.183028 -0.017872
v -0.317378 -1.190447 -0.020357
v -0.317267 -1.197910 -0.018009
v -0.317153 -1.202566 -0.011721
v -0.317078 -1.202637 -0.003897
v -0.317072 -1.198096 0.002476
v -0.317257 -1.190562 -0.007698
v -0.395947 0.377725 0.007466
v -0.355156 0.513651 0.008176
v -0.296813 0.648541 0.008842
v -0.229693 0.782807 0.009418
v -0.396577 0.369003 -0.070045
v -0.356047 0.501352 -0.101420
v -0.297965 0.632634 -0.132904
v -0.231105 0.763312 -0.164302
v -0.396944 0.342383 -0.142116
v -0.356575 0.463183 -0.204893
v -0.298648 0.583269 -0.266728
v -0.231942 0.702811 -0.328312
v -0.397040 0.299565 -0.205651
v -0.356709 0.401363 -0.296225
v -0.298821 0.503314 -0.384851
v -0.232154 0.604820 -0.473082
v -0.396853 0.241629 -0.258276
v -0.356441 0.319483 -0.370112
v -0.298474 0.397417 -0.480412
v -0.231729 0.475035 -0.590198
v -0.396393 0.173033 -0.295262
v -0.355786 0.222304 -0.422258
v -0.297628 0.271731 -0.547853
v -0.230692 0.320998 -0.672852
v -0.395702 0.099170 -0.314402
v -0.354784 0.115472 -0.449632
v -0.296331 0.133561 -0.583258
v -0.229103 0.151660 -0.716244
v -0.394802 0.022040 -0.315537
v -0.353492 0.005196 -0.450645
v -0.294660 -0.009063 -0.584568
v -0.227054 -0.023136 -0.717849
v -0.393739 -0.053955 -0.298012
v -0.351985 -0.102115 -0.425237
v -0.292711 -0.147851 -0.551706
v -0.224666 -0.193232 -0.677575
v -0.392608 -0.122195 -0.263514
v -0.350350 -0.200225 -0.374885
v -0.290597 -0.274740 -0.486585
v -0.222075 -0.348744 -0.597763
v -0.391428 -0.181462 -0.212745
v -0.348683 -0.283431 -0.302514
v -0.288441 -0.382353 -0.392985
v -0.219433 -0.480632 -0.483050
v -0.390260 -0.227893 -0.147248
v -0.347081 -0.346898 -0.212333
v -0.286369 -0.464438 -0.276350
v -0.216894 -0.581232 -0.340105
v -0.389246 -0.255956 -0.075013
v -0.345637 -0.386938 -0.109578
v -0.284501 -0.516223 -0.143455
v -0.214604 -0.644699 -0.177233
v -0.388405 -0.265886 0.001555
v -0.344434 -0.401223 -0.000226
v -0.282946 -0.534699 -0.002025
v -0.212698 -0.667342 -0.003900
v -0.387790 -0.257690 0.076797
v -0.343543 -0.388924 0.109370
v -0.281794 -0.518791 0.139720
v -0.211286 -0.647847 0.169819
v -0.387410 -0.230951 0.150338
v -0.343016 -0.350755 0.212842
v -0.281111 -0.469426 0.273544
v -0.210449 -0.587346 0.333830
v -0.387313 -0.187332 0.215131
v -0.342882 -0.288934 0.304174
v -0.280938 -0.389471 0.391667
v -0.210237 -0.489355 0.478599
v -0.387507 -0.128110 0.268475
v -0.343150 -0.207055 0.378062
v -0.281285 -0.283574 0.487228
v -0.210662 -0.359570 0.595715
v -0.387974 -0.059327 0.305001
v -0.343804 -0.109875 0.430207
v -0.282131 -0.157888 0.554669
v -0.211699 -0.205533 0.678370
v -0.388688 0.016227 0.323881
v -0.344807 -0.003043 0.457581
v -0.283427 -0.019719 0.590074
v -0.213288 -0.036196 0.721762
v -0.389585 0.092551 0.324262
v -0.346099 0.107233 0.458594
v -0.285099 0.122905 0.591384
v -0.215336 0.138601 0.723367
v -0.390648 0.168092 0.306190
v -0.347606 0.214543 0.433187
v -0.287048 0.261694 0.558522
v -0.217725 0.308697 0.683092
v -0.391832 0.238821 0.269280
v -0.349240 0.312653 0.382835
v -0.289162 0.388583 0.493401
v -0.220316 0.464208 0.603280
v -0.392981 0.295840 0.218967
v -0.350907 0.395859 0.310463
v -0.291317 0.496196 0.399801
v -0.222958 0.596097 0.488567
v -0.394082 0.339416 0.156855
v -0.352509 0.459326 0.220282
v -0.293389 0.578281 0.283166
v -0.225497 0.696697 0.345622
v -0.395108 0.367845 0.083836
v -0.353953 0.499366 0.117528
v -0.295257 0.630065 0.150271
v -0.227786 0.760163 0.182750
v -0.352086 0.111062 0.005321
v -0.355224 0.301336 -0.088950
v -0.355103 0.309240 -0.066304
v -0.354947 0.314875 -0.042733
v -0.354756 0.318196 -0.018362
v -0.354530 0.319160 0.006671
v -0.354284 0.317811 0.031023
v -0.354018 0.314242 0.054710
v -0.353734 0.308496 0.077612
v -0.353433 0.300619 0.099609
v -0.392810 0.110582 0.005706
v -0.395948 0.300856 -0.088565
v -0.395827 0.308760 -0.065919
v -0.395671 0.314394 -0.042348
v -0.395480 0.317716 -0.017977
v -0.395254 0.318679 0.007056
v -0.395008 0.317330 0.031408
v -0.394742 0.313761 0.055095
v -0.394458 0.308015 0.077997
v -0.394157 0.300139 0.099994
v -0.355161 0.189563 -0.221864
v -0.355339 0.224261 -0.197377
v -0.355414 0.254397 -0.167616
v -0.355383 0.279338 -0.133242
v -0.351944 0.069073 -0.032044
v -0.351240 0.068405 0.041546
v -0.352743 0.277883 0.144132
v -0.352156 0.254083 0.176516
v -0.351554 0.225655 0.204757
v -0.350947 0.193148 0.228320
v -0.350348 0.157113 0.246670
v -0.348736 -0.092115 0.105984
v -0.350903 0.039306 0.040872
v -0.351581 0.039950 -0.030052
v -0.350650 -0.091230 -0.095303
v -0.354881 0.150936 -0.240422
v -0.395885 0.189082 -0.221480
v -0.396063 0.223780 -0.196992
v -0.396138 0.253916 -0.167231
v -0.396107 0.278857 -0.132857
v -0.392668 0.068592 -0.031659
v -0.391964 0.067925 0.041932
v -0.393467 0.277402 0.144517
v -0.392880 0.253603 0.176901
v -0.392277 0.225174 0.205142
v -0.391671 0.192668 0.228705
v -0.391072 0.156632 0.247055
v -0.389460 -0.092596 0.106369
v -0.391627 0.038825 0.041257
v -0.392305 0.039469 -0.029667
v -0.391374 -0.091711 -0.094918
v -0.395605 0.150455 -0.240037
v -0.349353 0.087356 0.264825
v -0.349247 0.079184 0.265781
v -0.349144 0.070934 0.266422
v -0.349042 0.062611 0.266762
v -0.348943 0.054224 0.266821
v -0.348610 0.024443 0.264870
v -0.348319 -0.004334 0.259695
v -0.348071 -0.031922 0.251481
v -0.347866 -0.058139 0.240407
v -0.347626 -0.097472 0.216687
v -0.347504 -0.131867 0.186643
v -0.347502 -0.160525 0.151069
v -0.347622 -0.182647 0.110754
v -0.390077 0.086875 0.265210
v -0.389971 0.078703 0.266167
v -0.389868 0.070453 0.266807
v -0.389766 0.062131 0.267147
v -0.389667 0.053743 0.267206
v -0.389334 0.023962 0.265255
v -0.389043 -0.004815 0.260080
v -0.388795 -0.032403 0.251866
v -0.388590 -0.058619 0.240792
v -0.388350 -0.097953 0.217072
v -0.388228 -0.132348 0.187028
v -0.388226 -0.161006 0.151454
v -0.388346 -0.183128 0.111139
v -0.347705 -0.190095 0.092693
v -0.347826 -0.197129 0.071074
v -0.347979 -0.202145 0.048655
v -0.348163 -0.205099 0.025544
v -0.348377 -0.205949 0.001849
v -0.348605 -0.204773 -0.020795
v -0.348850 -0.201694 -0.042881
v -0.349111 -0.196766 -0.064320
v -0.349386 -0.190041 -0.085021
v -0.350699 -0.007050 0.004594
v -0.388429 -0.190576 0.093078
v -0.388550 -0.197610 0.071460
v -0.388703 -0.202625 0.049040
v -0.388887 -0.205580 0.025929
v -0.389101 -0.206430 0.002234
v -0.389329 -0.205253 -0.020410
v -0.389574 -0.202175 -0.042497
v -0.389835 -0.197246 -0.063934
v -0.390110 -0.190522 -0.084636
v -0.391423 -0.007531 0.004980
v -0.349638 -0.182533 -0.102329
v -0.350157 -0.165107 -0.135404
v -0.350698 -0.143278 -0.165431
v -0.351254 -0.117481 -0.191994
v -0.351815 -0.088149 -0.214677
v -0.352382 -0.055048 -0.233383
v -0.352936 -0.019184 -0.247182
v -0.353467 0.018982 -0.255635
v -0.353964 0.058987 -0.258301
v -0.354054 0.066708 -0.258116
v -0.354140 0.074370 -0.257699
v -0.354224 0.081970 -0.257037
v -0.354304 0.089501 -0.256123
v -0.390362 -0.183014 -0.101943
v -0.390881 -0.165588 -0.135021
v -0.391422 -0.143758 -0.165047
v -0.391978 -0.117960 -0.191609
v -0.392539 -0.088629 -0.214292
v -0.393106 -0.055528 -0.232999
v -0.393660 -0.019664 -0.246797
v -0.394191 0.018501 -0.255250
v -0.394688 0.058507 -0.257915
v -0.394778 0.066227 -0.257731
v -0.394864 0.073890 -0.257314
v -0.394948 0.081489 -0.256652
v -0.395028 0.089020 -0.255738
vn -0.0125 0.2950 -0.9554
vn -0.0089 -0.0496 -0.9987
vn -0.0102 0.0677 -0.9977
vn -0.0134 0.4049 -0.9143
vn -0.0147 0.6039 -0.7969
vn -0.0150 0.6931 -0.7206
vn -0.0150 0.8401 -0.5422
vn -0.0148 0.8978 -0.4401
vn -0.0136 0.9749 -0.2222
vn -0.0127 0.9942 -0.1065
vn -0.0105 0.9921 0.1247
vn -0.0357 0.9689 0.2448
vn -0.0088 0.9618 0.2735
vn 0.0041 0.3882 0.9216
vn 0.0834 0.4914 0.8669
vn 0.0032 0.4462 0.8949
vn 0.0058 0.2776 0.9607
vn 0.0089 0.0496 0.9987
vn 0.0102 -0.0677 0.9977
vn 0.0125 -0.2950 0.9554
vn 0.0134 -0.4049 0.9143
vn 0.0147 -0.6039 0.7969
vn 0.0150 -0.6931 0.7206
vn 0.0150 -0.8401 0.5422
vn 0.0148 -0.8978 0.4401
vn 0.0136 -0.9749 0.2222
vn 0.0127 -0.9942 0.1064
vn 0.0105 -0.9921 -0.1247
vn 0.0092 -0.9707 -0.2401
vn 0.0062 -0.8897 -0.4565
vn 0.0045 -0.8301 -0.5575
vn 0.0011 -0.6800 -0.7332
vn -0.0007 -0.5894 -0.8079
vn -0.0041 -0.3882 -0.9216
vn -0.0058 -0.2776 -0.9607
vn -0.9998 0.0160 0.0070
vn -0.9950 -0.0998 0.0107
vn -0.9999 0.0154 0.0032
vn -0.9948 -0.0987 0.0229
vn -0.9403 0.3403 0.0073
vn -0.9407 0.3367 -0.0416
vn -0.7041 0.7101 0.0094
vn -0.7049 0.7035 -0.0906
vn -0.3498 0.9368 0.0103
vn -0.3510 0.9286 -0.1207
vn -0.0171 0.9998 0.0092
vn -0.0183 0.9913 -0.1300
vn 0.3009 0.9536 0.0071
vn 0.2997 0.9458 -0.1252
vn 0.6410 0.7675 0.0041
vn 0.6401 0.7615 -0.1018
vn 0.9007 0.4344 -0.0001
vn 0.9002 0.4314 -0.0591
vn 0.9937 0.1119 -0.0056
vn 0.9936 0.1115 -0.0196
vn 0.9999 -0.0105 -0.0103
vn 0.9999 -0.0103 -0.0069
vn -0.9999 0.0142 -0.0006
vn -0.9948 -0.0960 0.0349
vn -0.9410 0.3263 -0.0895
vn -0.7056 0.6830 -0.1887
vn -0.3518 0.9023 -0.2493
vn -0.0193 0.9636 -0.2667
vn 0.2988 0.9196 -0.2552
vn 0.6393 0.7409 -0.2058
vn 0.8998 0.4203 -0.1172
vn 0.9935 0.1091 -0.0334
vn 0.9999 -0.0098 -0.0041
vn -0.9999 0.0126 -0.0041
vn -0.9947 -0.0917 0.0464
vn -0.9413 0.3093 -0.1355
vn -0.7061 0.6491 -0.2830
vn -0.3525 0.8583 -0.3730
vn -0.0200 0.9171 -0.3983
vn 0.2982 0.8755 -0.3802
vn 0.6388 0.7060 -0.3059
vn 0.8995 0.4012 -0.1731
vn 0.9934 0.1048 -0.0467
vn 1.0000 -0.0087 -0.0009
vn -0.9999 0.0105 -0.0074
vn -0.9947 -0.0857 0.0571
vn -0.9414 0.2861 -0.1787
vn -0.7064 0.6024 -0.3716
vn -0.3529 0.7975 -0.4893
vn -0.0204 0.8527 -0.5220
vn 0.2978 0.8145 -0.4978
vn 0.6385 0.6574 -0.4002
vn 0.8993 0.3745 -0.2259
vn 0.9933 0.0987 -0.0593
vn 1.0000 -0.0074 0.0019
vn -0.9999 0.0079 -0.0103
vn -0.9947 -0.0784 0.0669
vn -0.9414 0.2571 -0.2182
vn -0.7065 0.5438 -0.4529
vn -0.3531 0.7211 -0.5961
vn -0.0205 0.7717 -0.6356
vn 0.2977 0.7378 -0.6059
vn 0.6384 0.5963 -0.4867
vn 0.8992 0.3407 -0.2744
vn 0.9933 0.0909 -0.0709
vn 1.0000 -0.0056 0.0044
vn -0.9999 0.0050 -0.0129
vn -0.9947 -0.0697 0.0757
vn -0.9414 0.2229 -0.2533
vn -0.7063 0.4745 -0.5253
vn -0.3528 0.6307 -0.6912
vn -0.0203 0.6757 -0.7369
vn 0.2978 0.6467 -0.7022
vn 0.6385 0.5236 -0.5640
vn 0.8993 0.3005 -0.3177
vn 0.9933 0.0816 -0.0813
vn 1.0000 -0.0036 0.0066
vn -0.9999 0.0017 -0.0150
vn -0.9947 -0.0599 0.0831
vn -0.9412 0.1841 -0.2833
vn -0.7060 0.3958 -0.5873
vn -0.3524 0.5278 -0.7728
vn -0.0199 0.5666 -0.8238
vn 0.2983 0.5431 -0.7849
vn 0.6389 0.4410 -0.6304
vn 0.8995 0.2546 -0.3551
vn 0.9934 0.0709 -0.0904
vn 1.0000 -0.0008 0.0089
vn -0.9999 -0.0018 -0.0166
vn -0.9948 -0.0493 0.0891
vn -0.9409 0.1416 -0.3076
vn -0.7055 0.3092 -0.6378
vn -0.3517 0.4147 -0.8393
vn -0.0191 0.4464 -0.8946
vn 0.2989 0.4290 -0.8524
vn 0.6394 0.3499 -0.6846
vn 0.8998 0.2040 -0.3856
vn 0.9935 0.0590 -0.0978
vn 0.9999 0.0016 0.0103
vn -0.9998 -0.0055 -0.0178
vn -0.9949 -0.0378 0.0935
vn -0.9406 0.0960 -0.3258
vn -0.7047 0.2164 -0.6757
vn -0.3508 0.2933 -0.8893
vn -0.0181 0.3175 -0.9481
vn 0.2999 0.3067 -0.9033
vn 0.6402 0.2521 -0.7257
vn 0.9002 0.1496 -0.4089
vn 0.9936 0.0463 -0.1035
vn 0.9999 0.0044 0.0115
vn -0.9998 -0.0094 -0.0184
vn -0.9950 -0.0258 0.0963
vn -0.9401 0.0484 -0.3374
vn -0.7038 0.1193 -0.7003
vn -0.3496 0.1662 -0.9220
vn -0.0168 0.1825 -0.9831
vn 0.3011 0.1784 -0.9367
vn 0.6411 0.1496 -0.7527
vn 0.9007 0.0926 -0.4244
vn 0.9937 0.0328 -0.1074
vn 0.9999 0.0074 0.0124
vn -0.9997 -0.0133 -0.0184
vn -0.9951 -0.0136 0.0974
vn -0.9396 -0.0004 -0.3424
vn -0.7027 0.0196 -0.7112
vn -0.3482 0.0358 -0.9367
vn -0.0153 0.0439 -0.9989
vn 0.3025 0.0467 -0.9520
vn 0.6423 0.0443 -0.7652
vn 0.9014 0.0339 -0.4317
vn 0.9938 0.0190 -0.1094
vn 0.9999 0.0103 0.0128
vn -0.9997 -0.0171 -0.0180
vn -0.9953 -0.0014 0.0968
vn -0.9390 -0.0494 -0.3404
vn -0.7015 -0.0805 -0.7081
vn -0.3466 -0.0954 -0.9332
vn -0.0137 -0.0956 -0.9953
vn 0.3041 -0.0857 -0.9488
vn 0.6435 -0.0617 -0.7629
vn 0.9021 -0.0252 -0.4308
vn 0.9940 0.0050 -0.1094
vn 0.9998 0.0139 0.0127
vn -0.9996 -0.0209 -0.0169
vn -0.9955 0.0108 0.0945
vn -0.9383 -0.0976 -0.3317
vn -0.7002 -0.1793 -0.6911
vn -0.3449 -0.2248 -0.9113
vn -0.0118 -0.2332 -0.9724
vn 0.3059 -0.2165 -0.9271
vn 0.6449 -0.1663 -0.7459
vn 0.9029 -0.0836 -0.4217
vn 0.9942 -0.0088 -0.1075
vn 0.9998 0.0165 0.0123
vn -0.9996 -0.0245 -0.0154
vn -0.9956 0.0224 0.0906
vn -0.9376 -0.1441 -0.3163
vn -0.6988 -0.2747 -0.6605
vn -0.3429 -0.3499 -0.8717
vn -0.0099 -0.3662 -0.9305
vn 0.3078 -0.3430 -0.8875
vn 0.6465 -0.2676 -0.7145
vn 0.9037 -0.1402 -0.4046
vn 0.9944 -0.0223 -0.1037
vn 0.9997 0.0195 0.0114
vn -0.9995 -0.0278 -0.0134
vn -0.9958 0.0333 0.0850
vn -0.9369 -0.1881 -0.2947
vn -0.6973 -0.3649 -0.6169
vn -0.3411 -0.4683 -0.8151
vn -0.0078 -0.4921 -0.8705
vn 0.3097 -0.4627 -0.8307
vn 0.6480 -0.3635 -0.6693
vn 0.9046 -0.1938 -0.3797
vn 0.9946 -0.0351 -0.0981
vn 0.9997 0.0223 0.0102
vn -0.9995 -0.0309 -0.0110
vn -0.9960 0.0433 0.0781
vn -0.9362 -0.2286 -0.2671
vn -0.6958 -0.4482 -0.5612
vn -0.3391 -0.5777 -0.7425
vn -0.0057 -0.6085 -0.7935
vn 0.3117 -0.5733 -0.7577
vn 0.6496 -0.4521 -0.6112
vn 0.9054 -0.2435 -0.3477
vn 0.9948 -0.0470 -0.0907
vn 0.9997 0.0250 0.0085
vn -0.9994 -0.0335 -0.0081
vn -0.9962 0.0524 0.0697
vn -0.9354 -0.2649 -0.2341
vn -0.6943 -0.5230 -0.4945
vn -0.3371 -0.6759 -0.6554
vn -0.0036 -0.7130 -0.7011
vn 0.3137 -0.6727 -0.6701
vn 0.6512 -0.5319 -0.5413
vn 0.9063 -0.2882 -0.3090
vn 0.9950 -0.0577 -0.0817
vn 0.9996 0.0274 0.0064
vn -0.9993 -0.0357 -0.0049
vn -0.9964 0.0602 0.0602
vn -0.9347 -0.2962 -0.1964
vn -0.6928 -0.5877 -0.4180
vn -0.3352 -0.7610 -0.5555
vn -0.0015 -0.8036 -0.5951
vn 0.3156 -0.7590 -0.5694
vn 0.6528 -0.6011 -0.4610
vn 0.9072 -0.3271 -0.2645
vn 0.9952 -0.0671 -0.0713
vn 0.9996 0.0294 0.0042
vn -0.9993 -0.0375 -0.0014
vn -0.9965 0.0665 0.0497
vn -0.9340 -0.3220 -0.1547
vn -0.6914 -0.6411 -0.3332
vn -0.3332 -0.8314 -0.4447
vn 0.0005 -0.8786 -0.4775
vn 0.3175 -0.8304 -0.4578
vn 0.6543 -0.6585 -0.3719
vn 0.9081 -0.3594 -0.2150
vn 0.9954 -0.0749 -0.0598
vn 0.9995 0.0314 0.0012
vn -0.9992 -0.0388 0.0022
vn -0.9967 0.0714 0.0384
vn -0.9333 -0.3418 -0.1099
vn -0.6900 -0.6822 -0.2418
vn -0.3315 -0.8856 -0.3252
vn 0.0024 -0.9365 -0.3506
vn 0.3194 -0.8856 -0.3373
vn 0.6557 -0.7029 -0.2756
vn 0.9089 -0.3845 -0.1615
vn 0.9956 -0.0811 -0.0472
vn 0.9995 0.0326 -0.0016
vn -0.9992 -0.0395 0.0061
vn -0.9969 0.0746 0.0265
vn -0.9327 -0.3551 -0.0627
vn -0.6888 -0.7102 -0.1456
vn -0.3299 -0.9227 -0.1993
vn 0.0041 -0.9762 -0.2168
vn 0.3210 -0.9235 -0.2102
vn 0.6571 -0.7334 -0.1741
vn 0.9096 -0.4020 -0.1050
vn 0.9958 -0.0855 -0.0339
vn 0.9994 0.0334 -0.0042
vn -0.9992 -0.0397 0.0099
vn -0.9970 0.0761 0.0143
vn -0.9322 -0.3617 -0.0141
vn -0.6877 -0.7246 -0.0464
vn -0.3284 -0.9420 -0.0695
vn 0.0056 -0.9969 -0.0789
vn 0.3225 -0.9433 -0.0792
vn 0.6583 -0.7496 -0.0693
vn 0.9103 -0.4114 -0.0466
vn 0.9959 -0.0879 -0.0202
vn 0.9994 0.0339 -0.0072
vn -0.9991 -0.0394 0.0138
vn -0.9971 0.0760 0.0021
vn -0.9317 -0.3614 0.0349
vn -0.6867 -0.7249 0.0538
vn -0.3272 -0.9429 0.0618
vn 0.0070 -0.9981 0.0606
vn 0.3238 -0.9446 0.0533
vn 0.6592 -0.7510 0.0367
vn 0.9109 -0.4125 0.0125
vn 0.9961 -0.0885 -0.0062
vn 0.9994 0.0340 -0.0108
vn -0.9991 -0.0385 0.0176
vn -0.9972 0.0741 -0.0101
vn -0.9314 -0.3544 0.0834
vn -0.6859 -0.7114 0.1531
vn -0.3261 -0.9257 0.1919
vn 0.0081 -0.9800 0.1990
vn 0.3247 -0.9276 0.1848
vn 0.6601 -0.7377 0.1418
vn 0.9113 -0.4055 0.0713
vn 0.9962 -0.0870 0.0077
vn 0.9993 0.0337 -0.0136
vn -0.9991 -0.0371 0.0213
vn -0.9973 0.0705 -0.0218
vn -0.9311 -0.3407 0.1305
vn -0.6853 -0.6841 0.2496
vn -0.3254 -0.8904 0.3183
vn 0.0089 -0.9427 0.3334
vn 0.3256 -0.8924 0.3125
vn 0.6607 -0.7098 0.2441
vn 0.9117 -0.3903 0.1284
vn 0.9963 -0.0837 0.0213
vn 0.9993 0.0329 -0.0166
vn -0.9991 -0.0352 0.0247
vn -0.9973 0.0654 -0.0330
vn -0.9309 -0.3205 0.1752
vn -0.6849 -0.6437 0.3413
vn -0.3248 -0.8379 0.4386
vn 0.0095 -0.8872 0.4614
vn 0.3262 -0.8397 0.4341
vn 0.6611 -0.6680 0.3416
vn 0.9119 -0.3674 0.1828
vn 0.9963 -0.0785 0.0343
vn 0.9993 0.0318 -0.0193
vn -0.9991 -0.0329 0.0278
vn -0.9973 0.0587 -0.0433
vn -0.9308 -0.2944 0.2166
vn -0.6848 -0.5910 0.4265
vn -0.3246 -0.7692 0.5504
vn 0.0097 -0.8143 0.5803
vn 0.3264 -0.7707 0.5473
vn 0.6613 -0.6130 0.4322
vn 0.9121 -0.3370 0.2336
vn 0.9964 -0.0715 0.0464
vn 0.9993 0.0301 -0.0221
vn -0.9991 -0.0301 0.0305
vn -0.9973 0.0508 -0.0526
vn -0.9308 -0.2627 0.2540
vn -0.6848 -0.5268 0.5035
vn -0.3246 -0.6856 0.6516
vn 0.0097 -0.7256 0.6880
vn 0.3264 -0.6865 0.6497
vn 0.6613 -0.5459 0.5144
vn 0.9120 -0.2999 0.2796
vn 0.9964 -0.0629 0.0575
vn 0.9993 0.0279 -0.0248
vn -0.9991 -0.0270 0.0329
vn -0.9973 0.0414 -0.0607
vn -0.9310 -0.2261 0.2867
vn -0.6850 -0.4526 0.5708
vn -0.3249 -0.5887 0.7402
vn 0.0094 -0.6228 0.7823
vn 0.3261 -0.5890 0.7395
vn 0.6611 -0.4681 0.5864
vn 0.9119 -0.2568 0.3201
vn 0.9963 -0.0529 0.0672
vn 0.9993 0.0259 -0.0267
vn -0.9991 -0.0236 0.0348
vn -0.9972 0.0312 -0.0674
vn -0.9312 -0.1854 0.3139
vn -0.6855 -0.3698 0.6272
vn -0.3255 -0.4804 0.8144
vn 0.0088 -0.5079 0.8614
vn 0.3255 -0.4799 0.8147
vn 0.6607 -0.3810 0.6468
vn 0.9117 -0.2085 0.3541
vn 0.9963 -0.0416 0.0755
vn 0.9993 0.0235 -0.0284
vn -0.9991 -0.0200 0.0362
vn -0.9972 0.0201 -0.0726
vn -0.9315 -0.1412 0.3352
vn -0.6861 -0.2799 0.6715
vn -0.3263 -0.3629 0.8728
vn 0.0079 -0.3830 0.9237
vn 0.3246 -0.3614 0.8741
vn 0.6600 -0.2864 0.6945
vn 0.9113 -0.1558 0.3811
vn 0.9962 -0.0293 0.0821
vn 0.9993 0.0208 -0.0298
vn -0.9992 -0.0162 0.0370
vn -0.9971 0.0083 -0.0763
vn -0.9319 -0.0945 0.3502
vn -0.6869 -0.1847 0.7029
vn -0.3274 -0.2384 0.9143
vn 0.0067 -0.2508 0.9680
vn 0.3236 -0.2358 0.9164
vn 0.6591 -0.1860 0.7287
vn 0.9108 -0.1000 0.4005
vn 0.9961 -0.0161 0.0869
vn 0.9994 0.0177 -0.0309
vn -0.9992 -0.0123 0.0374
vn -0.9969 -0.0038 -0.0783
vn -0.9324 -0.0462 0.3585
vn -0.6879 -0.0861 0.7206
vn -0.3287 -0.1093 0.9381
vn 0.0054 -0.1136 0.9935
vn 0.3222 -0.1055 0.9408
vn 0.6581 -0.0818 0.7485
vn 0.9103 -0.0420 0.4119
vn 0.9960 -0.0025 0.0898
vn 0.9994 0.0148 -0.0315
vn -0.9993 -0.0084 0.0372
vn -0.9968 -0.0160 -0.0785
vn -0.9330 0.0028 0.3599
vn -0.6891 0.0141 0.7245
vn -0.3302 0.0219 0.9436
vn 0.0038 0.0258 0.9997
vn 0.3207 0.0269 0.9468
vn 0.6569 0.0241 0.7536
vn 0.9096 0.0170 0.4152
vn 0.9958 0.0115 0.0908
vn 0.9994 0.0117 -0.0317
vn -0.9993 -0.0046 0.0364
vn -0.9966 -0.0282 -0.0771
vn -0.9336 0.0515 0.3546
vn -0.6904 0.1138 0.7145
vn -0.3319 0.1525 0.9309
vn 0.0020 0.1646 0.9864
vn 0.3190 0.1589 0.9343
vn 0.6556 0.1296 0.7439
vn 0.9088 0.0759 0.4102
vn 0.9956 0.0254 0.0899
vn 0.9995 0.0085 -0.0315
vn -0.9994 -0.0009 0.0352
vn -0.9965 -0.0402 -0.0739
vn -0.9343 0.0990 0.3425
vn -0.6917 0.2111 0.6906
vn -0.3337 0.2801 0.9001
vn 0.0001 0.3003 0.9538
vn 0.3173 0.2878 0.9036
vn 0.6541 0.2329 0.7197
vn 0.9080 0.1336 0.3970
vn 0.9954 0.0391 0.0870
vn 0.9995 0.0054 -0.0308
vn -0.9994 0.0026 0.0334
vn -0.9963 -0.0514 -0.0692
vn -0.9350 0.1444 0.3240
vn -0.6932 0.3042 0.6534
vn -0.3356 0.4021 0.8519
vn -0.0019 0.4301 0.9028
vn 0.3153 0.4112 0.8553
vn 0.6525 0.3317 0.6813
vn 0.9072 0.1888 0.3760
vn 0.9952 0.0523 0.0823
vn 0.9996 0.0025 -0.0297
vn -0.9995 0.0058 0.0311
vn -0.9961 -0.0620 -0.0629
vn -0.9357 0.1867 0.2993
vn -0.6947 0.3911 0.6037
vn -0.3376 0.5163 0.7871
vn -0.0040 0.5515 0.8341
vn 0.3134 0.5267 0.7902
vn 0.6510 0.4242 0.6295
vn 0.9063 0.2406 0.3474
vn 0.9950 0.0647 0.0758
vn 0.9996 -0.0002 -0.0282
vn -0.9996 0.0086 0.0285
vn -0.9959 -0.0716 -0.0552
vn -0.9365 0.2252 0.2689
vn -0.6962 0.4703 0.5423
vn -0.3395 0.6203 0.7071
vn -0.0061 0.6622 0.7493
vn 0.3114 0.6319 0.7097
vn 0.6494 0.5086 0.5654
vn 0.9054 0.2879 0.3120
vn 0.9948 0.0760 0.0676
vn 0.9996 -0.0025 -0.0265
vn -0.9996 0.0111 0.0255
vn -0.9957 -0.0800 -0.0462
vn -0.9372 0.2591 0.2335
vn -0.6977 0.5402 0.4705
vn -0.3415 0.7122 0.6133
vn -0.0082 0.7601 0.6498
vn 0.3094 0.7250 0.6154
vn 0.6478 0.5832 0.4901
vn 0.9045 0.3298 0.2703
vn 0.9946 0.0861 0.0579
vn 0.9997 -0.0048 -0.0243
vn -0.9997 0.0131 0.0221
vn -0.9955 -0.0871 -0.0362
vn -0.9379 0.2878 0.1937
vn -0.6992 0.5995 0.3897
vn -0.3434 0.7901 0.5078
vn -0.0103 0.8431 0.5377
vn 0.3074 0.8040 0.5089
vn 0.6463 0.6467 0.4052
vn 0.9037 0.3655 0.2232
vn 0.9944 0.0947 0.0469
vn 0.9997 -0.0070 -0.0214
vn -0.9997 0.0146 0.0185
vn -0.9954 -0.0927 -0.0252
vn -0.9386 0.3106 0.1504
vn -0.7006 0.6468 0.3014
vn -0.3452 0.8526 0.3923
vn -0.0122 0.9097 0.4151
vn 0.3055 0.8675 0.3926
vn 0.6448 0.6977 0.3123
vn 0.9028 0.3943 0.1715
vn 0.9942 0.1017 0.0348
vn 0.9998 -0.0082 -0.0191
vn -0.9998 0.0156 0.0148
vn -0.9952 -0.0967 -0.0137
vn -0.9392 0.3271 0.1042
vn -0.7019 0.6815 0.2073
vn -0.3469 0.8984 0.2693
vn -0.0140 0.9586 0.2845
vn 0.3039 0.9141 0.2685
vn 0.6434 0.7353 0.2131
vn 0.9021 0.4156 0.1164
vn 0.9940 0.1070 0.0218
vn 0.9998 -0.0094 -0.0162
vn -0.9998 0.0161 0.0109
vn -0.9951 -0.0991 -0.0017
vn -0.9398 0.3371 0.0562
vn -0.7030 0.7027 0.1094
vn -0.3484 0.9266 0.1412
vn -0.0157 0.9888 0.1483
vn 0.3023 0.9430 0.1392
vn 0.6421 0.7587 0.1097
vn 0.9014 0.4291 0.0588
vn 0.9938 0.1104 0.0083
vn 0.9999 -0.0102 -0.0131
vn -0.9649 0.2626 0.0106
vn -0.9755 0.2198 0.0060
vn -0.9652 0.2601 -0.0275
vn -0.9758 0.2171 -0.0262
vn -0.9398 0.3415 0.0113
vn -0.9402 0.3384 -0.0378
vn -0.9170 0.3988 0.0119
vn -0.9174 0.3954 -0.0451
vn -0.9074 0.4198 0.0225
vn -0.9079 0.4175 -0.0375
vn -0.9978 -0.0657 0.0077
vn -0.9978 -0.0658 0.0102
vn -0.9977 -0.0655 0.0152
vn -0.9977 -0.0651 0.0176
vn -0.1870 -0.9823 -0.0079
vn -0.0311 -0.9994 0.0145
vn -0.1859 -0.9741 0.1287
vn -0.0299 -0.9877 0.1534
vn -0.3382 -0.9407 -0.0271
vn -0.3370 -0.9358 0.1035
vn -0.9310 -0.3650 0.0018
vn -0.8548 -0.5188 0.0153
vn -0.9306 -0.3626 0.0512
vn -0.8542 -0.5128 0.0860
vn -0.9961 -0.0884 0.0061
vn -0.9960 -0.0882 0.0168
vn -0.9996 0.0250 0.0105
vn -0.9997 0.0248 0.0054
vn 0.0006 -0.9995 -0.0324
vn 0.0010 -0.9999 0.0142
vn 0.0018 -0.9943 0.1071
vn 0.0022 -0.9882 0.1532
vn -0.9999 -0.0118 0.0095
vn -0.0115 0.9994 0.0325
vn -0.0119 0.9998 -0.0141
vn -0.0127 0.9942 -0.1069
vn -0.0131 0.9881 -0.1531
vn 0.9999 0.0118 -0.0095
vn -0.0121 -0.9994 -0.0322
vn -0.0116 -0.9998 0.0143
vn -0.0108 -0.9942 0.1071
vn -0.0104 -0.9881 0.1533
vn 0.8078 0.5894 0.0111
vn 0.8075 0.5897 -0.0159
vn 0.8070 0.5864 -0.0697
vn 0.8068 0.5829 -0.0965
vn -0.9655 0.2524 -0.0649
vn -0.9760 0.2099 -0.0577
vn -0.9406 0.3285 -0.0860
vn -0.9178 0.3840 -0.1011
vn -0.9083 0.4069 -0.0967
vn -0.9977 -0.0641 0.0226
vn -0.9977 -0.0635 0.0250
vn -0.1849 -0.9470 0.2627
vn -0.0290 -0.9568 0.2893
vn -0.3360 -0.9128 0.2322
vn -0.9302 -0.3532 0.0997
vn -0.8537 -0.4971 0.1552
vn -0.9959 -0.0864 0.0273
vn -0.9997 0.0238 0.0003
vn 0.0028 -0.9697 0.2444
vn 0.0031 -0.9573 0.2892
vn -0.0138 0.9696 -0.2443
vn -0.0140 0.9572 -0.2892
vn -0.0098 -0.9696 0.2444
vn -0.0095 -0.9572 0.2893
vn 0.8064 0.5721 -0.1494
vn 0.8063 0.5649 -0.1754
vn -0.9656 0.2395 -0.1009
vn -0.9762 0.1985 -0.0878
vn -0.9408 0.3119 -0.1323
vn -0.9181 0.3648 -0.1550
vn -0.9087 0.3882 -0.1538
vn -0.9976 -0.0617 0.0299
vn -0.9976 -0.0608 0.0320
vn -0.1842 -0.9015 0.3916
vn -0.0284 -0.9073 0.4196
vn -0.3353 -0.8721 0.3564
vn -0.9300 -0.3373 0.1464
vn -0.8534 -0.4719 0.2216
vn -0.9958 -0.0832 0.0376
vn -0.9997 0.0223 -0.0044
vn 0.0036 -0.9262 0.3769
vn 0.0038 -0.9077 0.4196
vn -0.0145 0.9262 -0.3768
vn -0.0147 0.9076 -0.4196
vn -0.0091 -0.9262 0.3770
vn -0.0089 -0.9076 0.4197
vn 0.8060 0.5469 -0.2263
vn 0.8059 0.5362 -0.2511
vn -0.9658 0.2217 -0.1348
vn -0.9762 0.1829 -0.1161
vn -0.9410 0.2891 -0.1759
vn -0.9183 0.3384 -0.2057
vn -0.9089 0.3617 -0.2077
vn -0.9976 -0.0584 0.0367
vn -0.9976 -0.0572 0.0387
vn -0.1839 -0.8385 0.5130
vn -0.0280 -0.8401 0.5417
vn -0.3349 -0.8145 0.4738
vn -0.9298 -0.3149 0.1905
vn -0.8532 -0.4377 0.2837
vn -0.9958 -0.0785 0.0472
vn -0.9998 0.0200 -0.0090
vn 0.0040 -0.8648 0.5022
vn 0.0041 -0.8405 0.5419
vn -0.0150 0.8647 -0.5021
vn -0.0150 0.8404 -0.5418
vn -0.0086 -0.8647 0.5022
vn -0.0085 -0.8404 0.5419
vn 0.8057 0.5113 -0.2990
vn 0.8057 0.4972 -0.3220
vn -0.9658 0.1995 -0.1658
vn -0.9763 0.1636 -0.1419
vn -0.9410 0.2605 -0.2159
vn -0.9183 0.3051 -0.2522
vn -0.9089 0.3280 -0.2574
vn -0.9976 -0.0542 0.0428
vn -0.9976 -0.0527 0.0447
vn -0.1838 -0.7592 0.6244
vn -0.0279 -0.7566 0.6533
vn -0.3347 -0.7411 0.5820
vn -0.9297 -0.2867 0.2310
vn -0.8532 -0.3951 0.3406
vn -0.9958 -0.0726 0.0561
vn -0.9998 0.0171 -0.0133
vn 0.0042 -0.7865 0.6176
vn 0.0042 -0.7569 0.6536
vn -0.0151 0.7864 -0.6175
vn -0.0151 0.7568 -0.6535
vn -0.0084 -0.7864 0.6176
vn -0.0084 -0.7568 0.6535
vn 0.8057 0.4658 -0.3660
vn 0.8057 0.4487 -0.3868
vn -0.9657 0.1731 -0.1934
vn -0.9762 0.1408 -0.1649
vn -0.9410 0.2266 -0.2515
vn -0.9183 0.2657 -0.2936
vn -0.9089 0.2877 -0.3020
vn -0.9976 -0.0492 0.0484
vn -0.9976 -0.0473 0.0501
vn -0.1839 -0.6652 0.7237
vn -0.0282 -0.6583 0.7522
vn -0.3348 -0.6534 0.6790
vn -0.9298 -0.2531 0.2672
vn -0.8533 -0.3451 0.3909
vn -0.9958 -0.0655 0.0642
vn -0.9998 0.0135 -0.0173
vn 0.0041 -0.6929 0.7211
vn 0.0040 -0.6585 0.7525
vn -0.0150 0.6928 -0.7210
vn -0.0149 0.6585 -0.7525
vn -0.0085 -0.6929 0.7210
vn -0.0087 -0.6586 0.7525
vn 0.8057 0.4115 -0.4260
vn 0.8058 0.3916 -0.4442
vn -0.9656 0.1432 -0.2172
vn -0.9761 0.1151 -0.1843
vn -0.9408 0.1880 -0.2821
vn -0.9181 0.2210 -0.3291
vn -0.9087 0.2416 -0.3405
vn -0.9976 -0.0433 0.0533
vn -0.9977 -0.0414 0.0546
vn -0.1843 -0.5583 0.8089
vn -0.0287 -0.5473 0.8364
vn -0.3352 -0.5530 0.7628
vn -0.9300 -0.2148 0.2984
vn -0.8535 -0.2886 0.4338
vn -0.9958 -0.0574 0.0711
vn -0.9997 0.0098 -0.0203
vn 0.0036 -0.5858 0.8104
vn 0.0035 -0.5474 0.8369
vn -0.0146 0.5857 -0.8104
vn -0.0144 0.5473 -0.8368
vn -0.0090 -0.5858 0.8104
vn -0.0092 -0.5474 0.8368
vn 0.8060 0.3494 -0.4779
vn 0.8061 0.3271 -0.4932
vn -0.9654 0.1101 -0.2364
vn -0.9759 0.0870 -0.2001
vn -0.9405 0.1456 -0.3069
vn -0.9177 0.1717 -0.3581
vn -0.9084 0.1905 -0.3722
vn -0.9977 -0.0369 0.0572
vn -0.9977 -0.0348 0.0583
vn -0.1850 -0.4406 0.8784
vn -0.0295 -0.4256 0.9044
vn -0.3359 -0.4419 0.8318
vn -0.9302 -0.1725 0.3239
vn -0.8539 -0.2266 0.4684
vn -0.9959 -0.0484 0.0769
vn -0.9997 0.0052 -0.0232
vn 0.0030 -0.4673 0.8841
vn 0.0027 -0.4256 0.9049
vn -0.0139 0.4672 -0.8840
vn -0.0136 0.4255 -0.9048
vn -0.0097 -0.4673 0.8840
vn -0.0100 -0.4257 0.9048
vn 0.8064 0.2806 -0.5206
vn 0.8065 0.2565 -0.5326
vn -0.9651 0.0747 -0.2509
vn -0.9757 0.0569 -0.2118
vn -0.9402 0.1001 -0.3257
vn -0.9173 0.1190 -0.3800
vn -0.9080 0.1356 -0.3965
vn -0.9977 -0.0301 0.0602
vn -0.9978 -0.0278 0.0610
vn -0.1860 -0.3143 0.9309
vn -0.0306 -0.2957 0.9548
vn -0.3368 -0.3224 0.8847
vn -0.9306 -0.1271 0.3433
vn -0.8545 -0.1604 0.4941
vn -0.9959 -0.0386 0.0813
vn -0.9997 0.0007 -0.0251
vn 0.0020 -0.3397 0.9405
vn 0.0016 -0.2956 0.9553
vn -0.0129 0.3396 -0.9405
vn -0.0125 0.2954 -0.9553
vn -0.0107 -0.3398 0.9404
vn -0.0110 -0.2956 0.9552
vn 0.8069 0.2066 -0.5533
vn 0.8072 0.1810 -0.5619
vn -0.9648 0.0377 -0.2604
vn -0.9754 0.0255 -0.2191
vn -0.9397 0.0525 -0.3379
vn -0.9167 0.0637 -0.3944
vn -0.9074 0.0778 -0.4129
vn -0.9978 -0.0229 0.0623
vn -0.9978 -0.0205 0.0627
vn -0.1873 -0.1819 0.9653
vn -0.0319 -0.1600 0.9866
vn -0.3379 -0.1966 0.9204
vn -0.9310 -0.0794 0.3562
vn -0.8552 -0.0914 0.5103
vn -0.9960 -0.0284 0.0844
vn -0.9996 -0.0044 -0.0266
vn 0.0008 -0.2055 0.9787
vn 0.0003 -0.1598 0.9872
vn -0.0117 0.2054 -0.9786
vn -0.0112 0.1596 -0.9871
vn -0.0119 -0.2056 0.9786
vn -0.0123 -0.1599 0.9871
vn 0.8076 0.1288 -0.5754
vn 0.8079 0.1022 -0.5804
vn -0.9644 -0.0003 -0.2646
vn -0.9750 -0.0067 -0.2221
vn -0.9392 0.0036 -0.3434
vn -0.9162 0.0068 -0.4007
vn -0.9068 0.0183 -0.4211
vn -0.9979 -0.0154 0.0633
vn -0.9979 -0.0130 0.0634
vn -0.1888 -0.0461 0.9809
vn -0.0334 -0.0212 0.9992
vn -0.3393 -0.0671 0.9383
vn -0.9315 -0.0304 0.3624
vn -0.8559 -0.0207 0.5167
vn -0.9961 -0.0178 0.0859
vn -0.9996 -0.0093 -0.0273
vn -0.0007 -0.0673 0.9977
vn -0.0012 -0.0208 0.9998
vn -0.0102 0.0672 -0.9977
vn -0.0097 0.0207 -0.9997
vn -0.0133 -0.0675 0.9976
vn -0.0138 -0.0210 0.9997
vn 0.8085 0.0486 -0.5865
vn 0.8088 0.0216 -0.5877
vn -0.9639 -0.0385 -0.2636
vn -0.9746 -0.0389 -0.2205
vn -0.9386 -0.0455 -0.3421
vn -0.9155 -0.0504 -0.3991
vn -0.9061 -0.0418 -0.4210
vn -0.9980 -0.0078 0.0633
vn -0.9980 -0.0055 0.0631
vn -0.1904 0.0905 0.9775
vn -0.0351 0.1180 0.9924
vn -0.3409 0.0636 0.9380
vn -0.9321 0.0190 0.3616
vn -0.8568 0.0502 0.5132
vn -0.9963 -0.0071 0.0860
vn -0.9995 -0.0145 -0.0273
vn -0.0023 0.0722 0.9974
vn -0.0029 0.1185 0.9929
vn -0.0086 -0.0723 -0.9973
vn -0.0080 -0.1187 -0.9929
vn -0.0150 0.0720 0.9973
vn -0.0156 0.1183 0.9929
vn 0.8095 -0.0323 -0.5863
vn 0.8098 -0.0592 -0.5837
vn -0.9634 -0.0761 -0.2571
vn -0.9742 -0.0706 -0.2144
vn -0.9379 -0.0940 -0.3338
vn -0.9147 -0.1067 -0.3897
vn -0.9053 -0.1013 -0.4125
vn -0.9981 -0.0004 0.0622
vn -0.9981 0.0020 0.0616
vn -0.1922 0.2254 0.9551
vn -0.0369 0.2549 0.9663
vn -0.3426 0.1930 0.9194
vn -0.9328 0.0678 0.3540
vn -0.8577 0.1199 0.4999
vn -0.9964 0.0035 0.0846
vn -0.9995 -0.0195 -0.0265
vn -0.0042 0.2103 0.9776
vn -0.0048 0.2555 0.9668
vn -0.0068 -0.2104 -0.9776
vn -0.0061 -0.2557 -0.9667
vn -0.0168 0.2100 0.9776
vn -0.0174 0.2553 0.9667
vn 0.8105 -0.1124 -0.5748
vn 0.8109 -0.1387 -0.5685
vn -0.9628 -0.1126 -0.2455
vn -0.9737 -0.1011 -0.2040
vn -0.9373 -0.1409 -0.3189
vn -0.9139 -0.1612 -0.3725
vn -0.9045 -0.1590 -0.3958
vn -0.9982 0.0069 0.0601
vn -0.9982 0.0091 0.0592
vn -0.1942 0.3559 0.9141
vn -0.0389 0.3869 0.9213
vn -0.3444 0.3186 0.8831
vn -0.9335 0.1151 0.3397
vn -0.8588 0.1870 0.4770
vn -0.9966 0.0139 0.0818
vn -0.9994 -0.0245 -0.0251
vn -0.0061 0.3442 0.9389
vn -0.0068 0.3876 0.9218
vn -0.0048 -0.3444 -0.9388
vn -0.0041 -0.3877 -0.9218
vn -0.0187 0.3440 0.9388
vn -0.0194 0.3873 0.9217
vn 0.8116 -0.1902 -0.5523
vn 0.8120 -0.2153 -0.5425
vn -0.9623 -0.1470 -0.2289
vn -0.9732 -0.1299 -0.1895
vn -0.9365 -0.1853 -0.2976
vn -0.9131 -0.2128 -0.3477
vn -0.9036 -0.2138 -0.3712
vn -0.9983 0.0136 0.0571
vn -0.9983 0.0158 0.0559
vn -0.1962 0.4793 0.8554
vn -0.0410 0.5112 0.8585
vn -0.3463 0.4379 0.8296
vn -0.9342 0.1599 0.3189
vn -0.8598 0.2504 0.4450
vn -0.9967 0.0237 0.0775
vn -0.9993 -0.0293 -0.0229
vn -0.0081 0.4715 0.8818
vn -0.0088 0.5121 0.8589
vn -0.0028 -0.4717 -0.8818
vn -0.0021 -0.5122 -0.8588
vn -0.0208 0.4713 0.8817
vn -0.0215 0.5118 0.8588
vn 0.8128 -0.2640 -0.5192
vn 0.8132 -0.2875 -0.5060
vn -0.9617 -0.1788 -0.2077
vn -0.9728 -0.1564 -0.1711
vn -0.9357 -0.2262 -0.2706
vn -0.9123 -0.2604 -0.3162
vn -0.9027 -0.2647 -0.3392
vn -0.9984 0.0201 0.0530
vn -0.9984 0.0220 0.0515
vn -0.1982 0.5934 0.7801
vn -0.0431 0.6257 0.7789
vn -0.3483 0.5486 0.7601
vn -0.9349 0.2014 0.2921
vn -0.8609 0.3087 0.4045
vn -0.9969 0.0328 0.0719
vn -0.9992 -0.0335 -0.0203
vn -0.0102 0.5896 0.8076
vn -0.0110 0.6266 0.7793
vn -0.0007 -0.5898 -0.8075
vn -0.0000 -0.6268 -0.7792
vn -0.0229 0.5894 0.8075
vn -0.0236 0.6263 0.7792
vn 0.8140 -0.3326 -0.4762
vn 0.8144 -0.3540 -0.4598
vn -0.9611 -0.2073 -0.1823
vn -0.9723 -0.1801 -0.1491
vn -0.9350 -0.2630 -0.2378
vn -0.9114 -0.3032 -0.2783
vn -0.9018 -0.3106 -0.3005
vn -0.9985 0.0258 0.0482
vn -0.9985 0.0276 0.0464
vn -0.2004 0.6960 0.6896
vn -0.0452 0.7279 0.6842
vn -0.3503 0.6485 0.6758
vn -0.9357 0.2388 0.2598
vn -0.8619 0.3607 0.3563
vn -0.9970 0.0411 0.0651
vn -0.9992 -0.0376 -0.0168
vn -0.0124 0.6963 0.7177
vn -0.0131 0.7289 0.6845
vn 0.0014 -0.6964 -0.7176
vn 0.0021 -0.7291 -0.6844
vn -0.0250 0.6960 0.7176
vn -0.0257 0.7286 0.6844
vn 0.8153 -0.3944 -0.4240
vn 0.8157 -0.4133 -0.4048
vn -0.9606 -0.2321 -0.1532
vn -0.9718 -0.2005 -0.1241
vn -0.9343 -0.2949 -0.2003
vn -0.9106 -0.3402 -0.2348
vn -0.9009 -0.3507 -0.2558
vn -0.9986 0.0309 0.0425
vn -0.9987 0.0323 0.0406
vn -0.2023 0.7848 0.5857
vn -0.0472 0.8160 0.5762
vn -0.3522 0.7358 0.5784
vn -0.9364 0.2712 0.2226
vn -0.8630 0.4055 0.3013
vn -0.9972 0.0483 0.0572
vn -0.9991 -0.0408 -0.0131
vn -0.0144 0.7893 0.6138
vn -0.0151 0.8171 0.5764
vn 0.0035 -0.7895 -0.6137
vn 0.0042 -0.8172 -0.5763
vn -0.0271 0.7890 0.6138
vn -0.0277 0.8167 0.5764
vn 0.8165 -0.4484 -0.3637
vn 0.8169 -0.4645 -0.3420
vn -0.9600 -0.2525 -0.1209
vn -0.9713 -0.2172 -0.0965
vn -0.9336 -0.3212 -0.1588
vn -0.9097 -0.3709 -0.1865
vn -0.9000 -0.3842 -0.2059
vn -0.9987 0.0351 0.0363
vn -0.9988 0.0362 0.0342
vn -0.2042 0.8584 0.4706
vn -0.0492 0.8881 0.4569
vn -0.3541 0.8086 0.4699
vn -0.9371 0.2982 0.1812
vn -0.8640 0.4423 0.2406
vn -0.9973 0.0544 0.0484
vn -0.9990 -0.0438 -0.0087
vn -0.0165 0.8671 0.4979
vn -0.0171 0.8893 0.4570
vn 0.0055 -0.8672 -0.4979
vn 0.0062 -0.8895 -0.4569
vn -0.0291 0.8667 0.4979
vn -0.0297 0.8889 0.4571
vn 0.8176 -0.4935 -0.2965
vn 0.8180 -0.5064 -0.2728
vn -0.9595 -0.2683 -0.0861
vn -0.9709 -0.2299 -0.0669
vn -0.9329 -0.3415 -0.1140
vn -0.9089 -0.3946 -0.1346
vn -0.8992 -0.4103 -0.1518
vn -0.9988 0.0383 0.0295
vn -0.9989 0.0392 0.0272
vn -0.2061 0.9152 0.3462
vn -0.0511 0.9430 0.3288
vn -0.3559 0.8656 0.3522
vn -0.9378 0.3192 0.1365
vn -0.8649 0.4702 0.1754
vn -0.9975 0.0591 0.0388
vn -0.9989 -0.0459 -0.0043
vn -0.0183 0.9279 0.3724
vn -0.0190 0.9442 0.3288
vn 0.0074 -0.9281 -0.3723
vn 0.0080 -0.9444 -0.3287
vn -0.0310 0.9275 0.3724
vn -0.0316 0.9439 0.3289
vn 0.8187 -0.5288 -0.2237
vn 0.8191 -0.5383 -0.1984
vn -0.9590 -0.2790 -0.0494
vn -0.9705 -0.2384 -0.0357
vn -0.9323 -0.3554 -0.0668
vn -0.9082 -0.4108 -0.0798
vn -0.8984 -0.4288 -0.0947
vn -0.9989 0.0406 0.0223
vn -0.9990 0.0412 0.0200
vn -0.2078 0.9542 0.2151
vn -0.0528 0.9795 0.1943
vn -0.3575 0.9057 0.2278
vn -0.9384 0.3338 0.0893
vn -0.8658 0.4888 0.1069
vn -0.9976 0.0625 0.0286
vn -0.9989 -0.0475 0.0007
vn -0.0201 0.9707 0.2396
vn -0.0207 0.9807 0.1942
vn 0.0092 -0.9708 -0.2396
vn 0.0097 -0.9809 -0.1941
vn -0.0327 0.9703 0.2397
vn -0.0333 0.9804 0.1943
vn 0.8198 -0.5536 -0.1467
vn 0.8201 -0.5595 -0.1203
vn -0.9586 -0.2845 -0.0115
vn -0.9702 -0.2424 -0.0037
vn -0.9318 -0.3626 -0.0182
vn -0.9076 -0.4192 -0.0232
vn -0.8978 -0.4390 -0.0354
vn -0.9990 0.0419 0.0150
vn -0.9990 0.0421 0.0125
vn -0.2093 0.9746 0.0799
vn -0.0543 0.9970 0.0560
vn -0.3590 0.9281 0.0990
vn -0.9390 0.3416 0.0405
vn -0.8666 0.4977 0.0365
vn -0.9978 0.0645 0.0181
vn -0.9988 -0.0484 0.0058
vn -0.0217 0.9945 0.1022
vn -0.0222 0.9982 0.0558
vn 0.0108 -0.9947 -0.1021
vn 0.0113 -0.9984 -0.0557
vn -0.0343 0.9942 0.1023
vn -0.0348 0.9978 0.0559
vn 0.8207 -0.5675 -0.0669
vn 0.8210 -0.5696 -0.0400
vn -0.9582 -0.2848 0.0266
vn -0.9699 -0.2420 0.0286
vn -0.9313 -0.3629 0.0310
vn -0.9071 -0.4196 0.0339
vn -0.8972 -0.4410 0.0246
vn -0.9991 0.0422 0.0074
vn -0.9991 0.0420 0.0049
vn -0.2107 0.9759 -0.0568
vn -0.0556 0.9950 -0.0833
vn -0.3603 0.9323 -0.0317
vn -0.9394 0.3426 -0.0088
vn -0.8672 0.4967 -0.0345
vn -0.9979 0.0649 0.0074
vn -0.9988 -0.0486 0.0110
vn -0.0231 0.9990 -0.0372
vn -0.0235 0.9962 -0.0837
vn 0.0121 -0.9992 0.0373
vn 0.0126 -0.9964 0.0838
vn -0.0357 0.9987 -0.0371
vn -0.0361 0.9958 -0.0836
vn 0.8215 -0.5701 0.0140
vn 0.8217 -0.5684 0.0409
vn -0.9579 -0.2796 0.0645
vn -0.9696 -0.2370 0.0605
vn -0.9310 -0.3563 0.0798
vn -0.9066 -0.4122 0.0906
vn -0.8967 -0.4346 0.0843
vn -0.9991 0.0413 -0.0002
vn -0.9992 0.0409 -0.0025
vn -0.2117 0.9582 -0.1924
vn -0.0566 0.9736 -0.2211
vn -0.3614 0.9183 -0.1617
vn -0.9399 0.3366 -0.0579
vn -0.8678 0.4858 -0.1046
vn -0.9980 0.0639 -0.0032
vn -0.9987 -0.0480 0.0159
vn -0.0242 0.9841 -0.1759
vn -0.0245 0.9748 -0.2216
vn 0.0133 -0.9843 0.1760
vn 0.0136 -0.9750 0.2217
vn -0.0368 0.9837 -0.1758
vn -0.0372 0.9745 -0.2214
vn 0.8221 -0.5614 0.0944
vn 0.8223 -0.5560 0.1209
vn -0.9577 -0.2693 0.1013
vn -0.9694 -0.2277 0.0913
vn -0.9307 -0.3431 0.1272
vn -0.9063 -0.3968 0.1456
vn -0.8963 -0.4199 0.1426
vn -0.9992 0.0395 -0.0074
vn -0.9992 0.0387 -0.0097
vn -0.2126 0.9218 -0.3242
vn -0.0574 0.9333 -0.3545
vn -0.3622 0.8864 -0.2884
vn -0.9401 0.3240 -0.1056
vn -0.8682 0.4653 -0.1725
vn -0.9980 0.0615 -0.0136
vn -0.9987 -0.0467 0.0210
vn -0.0251 0.9500 -0.3112
vn -0.0253 0.9345 -0.3551
vn 0.0142 -0.9502 0.3113
vn 0.0144 -0.9347 0.3552
vn -0.0377 0.9497 -0.3110
vn -0.0379 0.9341 -0.3549
vn 0.8226 -0.5416 0.1729
vn 0.8228 -0.5326 0.1984
vn -0.9576 -0.2539 0.1363
vn -0.9693 -0.2142 0.1206
vn -0.9305 -0.3234 0.1722
vn -0.9061 -0.3739 0.1980
vn -0.8961 -0.3972 0.1983
vn -0.9992 0.0366 -0.0144
vn -0.9992 0.0356 -0.0165
vn -0.2131 0.8674 -0.4497
vn -0.0579 0.8748 -0.4810
vn -0.3627 0.8371 -0.4095
vn -0.9403 0.3048 -0.1511
vn -0.8684 0.4355 -0.2370
vn -0.9981 0.0575 -0.0236
vn -0.9987 -0.0449 0.0256
vn -0.0257 0.8974 -0.4404
vn -0.0258 0.8759 -0.4817
vn 0.0148 -0.8976 0.4405
vn 0.0149 -0.8761 0.4819
vn -0.0383 0.8971 -0.4402
vn -0.0384 0.8756 -0.4815
vn 0.8230 -0.5111 0.2479
vn 0.8231 -0.4987 0.2718
vn -0.9575 -0.2338 0.1689
vn -0.9693 -0.1966 0.1478
vn -0.9303 -0.2977 0.2141
vn -0.9059 -0.3441 0.2467
vn -0.8959 -0.3670 0.2502
vn -0.9992 0.0329 -0.0209
vn -0.9992 0.0314 -0.0229
vn -0.2133 0.7961 -0.5663
vn -0.0581 0.7993 -0.5981
vn -0.3630 0.7714 -0.5226
vn -0.9404 0.2794 -0.1936
vn -0.8685 0.3971 -0.2966
vn -0.9981 0.0522 -0.0329
vn -0.9987 -0.0423 0.0301
vn -0.0260 0.8274 -0.5611
vn -0.0260 0.8004 -0.5990
vn 0.0151 -0.8276 0.5612
vn 0.0151 -0.8005 0.5991
vn -0.0386 0.8270 -0.5608
vn -0.0386 0.8000 -0.5987
vn 0.8232 -0.4705 0.3179
vn 0.8232 -0.4548 0.3399
vn -0.9575 -0.2094 0.1983
vn -0.9693 -0.1756 0.1722
vn -0.9304 -0.2663 0.2520
vn -0.9060 -0.3077 0.2908
vn -0.8959 -0.3300 0.2974
vn -0.9992 0.0282 -0.0268
vn -0.9992 0.0265 -0.0286
vn -0.2133 0.7093 -0.6719
vn -0.0581 0.7082 -0.7036
vn -0.3631 0.6907 -0.6254
vn -0.9404 0.2484 -0.2320
vn -0.8685 0.3507 -0.3503
vn -0.9981 0.0457 -0.0414
vn -0.9987 -0.0391 0.0341
vn -0.0260 0.7412 -0.6708
vn -0.0260 0.7092 -0.7046
vn 0.0151 -0.7414 0.6709
vn 0.0150 -0.7093 0.7047
vn -0.0386 0.7409 -0.6705
vn -0.0386 0.7089 -0.7043
vn 0.8232 -0.4205 0.3815
vn 0.8232 -0.4019 0.4011
vn -0.9576 -0.1812 0.2240
vn -0.9694 -0.1513 0.1935
vn -0.9305 -0.2299 0.2852
vn -0.9061 -0.2655 0.3294
vn -0.8960 -0.2866 0.3391
vn -0.9992 0.0228 -0.0320
vn -0.9992 0.0210 -0.0335
vn -0.2129 0.6086 -0.7644
vn -0.0577 0.6033 -0.7954
vn -0.3628 0.5964 -0.7160
vn -0.9403 0.2124 -0.2658
vn -0.8683 0.2972 -0.3971
vn -0.9981 0.0381 -0.0489
vn -0.9987 -0.0353 0.0378
vn -0.0257 0.6406 -0.7674
vn -0.0256 0.6042 -0.7964
vn 0.0148 -0.6408 0.7676
vn 0.0147 -0.6044 0.7966
vn -0.0384 0.6403 -0.7671
vn -0.0382 0.6039 -0.7961
vn 0.8230 -0.3621 0.4376
vn 0.8229 -0.3410 0.4544
vn -0.9578 -0.1496 0.2456
vn -0.9695 -0.1243 0.2111
vn -0.9307 -0.1893 0.3129
vn -0.9063 -0.2184 0.3618
vn -0.8963 -0.2379 0.3743
vn -0.9992 0.0166 -0.0365
vn -0.9992 0.0146 -0.0377
vn -0.2123 0.4960 -0.8420
vn -0.0570 0.4866 -0.8717
vn -0.3623 0.4904 -0.7926
vn -0.9401 0.1720 -0.2942
vn -0.8680 0.2379 -0.4359
vn -0.9980 0.0295 -0.0553
vn -0.9987 -0.0311 0.0407
vn -0.0252 0.5276 -0.8491
vn -0.0249 0.4875 -0.8728
vn 0.0143 -0.5277 0.8493
vn 0.0140 -0.4876 0.8730
vn -0.0378 0.5273 -0.8488
vn -0.0376 0.4872 -0.8725
vn 0.8227 -0.2965 0.4850
vn 0.8226 -0.2733 0.4987
vn -0.9580 -0.1154 0.2625
vn -0.9697 -0.0951 0.2248
vn -0.9310 -0.1453 0.3348
vn -0.9067 -0.1673 0.3872
vn -0.8966 -0.1848 0.4024
vn -0.9992 0.0100 -0.0399
vn -0.9991 0.0078 -0.0408
vn -0.2116 0.3736 -0.9031
vn -0.0561 0.3605 -0.9311
vn -0.3615 0.3748 -0.8537
vn -0.9398 0.1280 -0.3167
vn -0.8675 0.1737 -0.4661
vn -0.9980 0.0200 -0.0604
vn -0.9987 -0.0267 0.0431
vn -0.0244 0.4042 -0.9143
vn -0.0240 0.3612 -0.9322
vn 0.0134 -0.4044 0.9145
vn 0.0131 -0.3614 0.9323
vn -0.0370 0.4040 -0.9140
vn -0.0366 0.3610 -0.9319
vn 0.8222 -0.2250 0.5228
vn 0.8220 -0.2000 0.5332
vn -0.9583 -0.0791 0.2745
vn -0.9700 -0.0642 0.2344
vn -0.9314 -0.0987 0.3504
vn -0.9072 -0.1130 0.4053
vn -0.8971 -0.1283 0.4228
vn -0.9991 0.0029 -0.0425
vn -0.9991 0.0006 -0.0431
vn -0.2104 0.2440 -0.9467
vn -0.0549 0.2274 -0.9723
vn -0.3605 0.2519 -0.8981
vn -0.9394 0.0814 -0.3329
vn -0.8669 0.1059 -0.4871
vn -0.9979 0.0100 -0.0642
vn -0.9988 -0.0217 0.0449
vn -0.0232 0.2730 -0.9617
vn -0.0228 0.2280 -0.9734
vn 0.0123 -0.2732 0.9619
vn 0.0119 -0.2281 0.9736
vn -0.0359 0.2728 -0.9614
vn -0.0354 0.2277 -0.9731
vn 0.8216 -0.1489 0.5503
vn 0.8213 -0.1227 0.5571
vn -0.9587 -0.0415 0.2814
vn -0.9703 -0.0324 0.2396
vn -0.9319 -0.0502 0.3591
vn -0.9077 -0.0569 0.4157
vn -0.8977 -0.0695 0.4351
vn -0.9990 -0.0045 -0.0440
vn -0.9990 -0.0069 -0.0443
vn -0.2090 0.1097 -0.9717
vn -0.0535 0.0898 -0.9945
vn -0.3592 0.1239 -0.9250
vn -0.9389 0.0329 -0.3425
vn -0.8662 0.0358 -0.4985
vn -0.9978 -0.0004 -0.0665
vn -0.9988 -0.0169 0.0459
vn -0.0219 0.1365 -0.9904
vn -0.0214 0.0902 -0.9957
vn 0.0110 -0.1366 0.9906
vn 0.0105 -0.0904 0.9959
vn -0.0345 0.1363 -0.9901
vn -0.0340 0.0901 -0.9954
vn 0.8208 -0.0697 0.5670
vn 0.8205 -0.0428 0.5700
vn -0.9591 -0.0033 0.2829
vn -0.9707 -0.0001 0.2402
vn -0.9325 -0.0011 0.3612
vn -0.9084 0.0003 0.4181
vn -0.8983 -0.0095 0.4392
vn -0.9989 -0.0121 -0.0445
vn -0.9989 -0.0144 -0.0445
vn -0.2076 -0.0270 -0.9778
vn -0.0519 -0.0496 -0.9974
vn -0.3578 -0.0065 -0.9338
vn -0.9384 -0.0164 -0.3452
vn -0.8654 -0.0352 -0.4999
vn -0.9977 -0.0111 -0.0673
vn -0.9989 -0.0117 0.0462
vn -0.0203 -0.0027 -0.9998
vn -0.0198 -0.0492 -0.9986
vn 0.0094 0.0025 1.0000
vn 0.0089 0.0491 0.9988
vn -0.0330 -0.0028 -0.9995
vn -0.0324 -0.0494 -0.9983
vn 0.8199 0.0111 0.5724
vn 0.8196 0.0381 0.5717
vn -0.9596 0.0347 0.2791
vn -0.9711 0.0319 0.2364
vn -0.9331 0.0478 0.3564
vn -0.9091 0.0572 0.4126
vn -0.8991 0.0503 0.4348
vn -0.9988 -0.0195 -0.0440
vn -0.9988 -0.0218 -0.0436
vn -0.2058 -0.1631 -0.9649
vn -0.0501 -0.1880 -0.9809
vn -0.3561 -0.1369 -0.9244
vn -0.9378 -0.0656 -0.3410
vn -0.8644 -0.1056 -0.4915
vn -0.9975 -0.0218 -0.0667
vn -0.9989 -0.0065 0.0459
vn -0.0186 -0.1418 -0.9897
vn -0.0180 -0.1877 -0.9821
vn 0.0077 0.1417 0.9899
vn 0.0071 0.1876 0.9822
vn -0.0312 -0.1419 -0.9894
vn -0.0306 -0.1878 -0.9817
vn 0.8189 0.0918 0.5666
vn 0.8185 0.1184 0.5621
vn -0.9602 0.0719 0.2701
vn -0.9716 0.0631 0.2282
vn -0.9337 0.0956 0.3449
vn -0.9099 0.1127 0.3992
vn -0.8999 0.1091 0.4222
vn -0.9987 -0.0269 -0.0424
vn -0.9987 -0.0291 -0.0417
vn -0.2039 -0.2961 -0.9331
vn -0.0482 -0.3227 -0.9453
vn -0.3543 -0.2647 -0.8969
vn -0.9371 -0.1138 -0.3300
vn -0.8635 -0.1742 -0.4734
vn -0.9974 -0.0323 -0.0645
vn -0.9990 -0.0016 0.0448
vn -0.0167 -0.2781 -0.9604
vn -0.0161 -0.3226 -0.9464
vn 0.0058 0.2781 0.9605
vn 0.0051 0.3225 0.9466
vn -0.0293 -0.2783 -0.9601
vn -0.0287 -0.3227 -0.9461
vn 0.8178 0.1709 0.5495
vn 0.8174 0.1967 0.5414
vn -0.9607 0.1074 0.2560
vn -0.9720 0.0929 0.2156
vn -0.9345 0.1414 0.3267
vn -0.9107 0.1659 0.3783
vn -0.9008 0.1655 0.4015
vn -0.9986 -0.0339 -0.0398
vn -0.9986 -0.0360 -0.0388
vn -0.2019 -0.4233 -0.8832
vn -0.0462 -0.4512 -0.8912
vn -0.3525 -0.3874 -0.8519
vn -0.9364 -0.1599 -0.3124
vn -0.8624 -0.2396 -0.4459
vn -0.9972 -0.0424 -0.0610
vn -0.9991 0.0034 0.0430
vn -0.0147 -0.4091 -0.9124
vn -0.0140 -0.4512 -0.8923
vn 0.0038 0.4090 0.9125
vn 0.0031 0.4511 0.8925
vn -0.0274 -0.4092 -0.9120
vn -0.0267 -0.4512 -0.8920
vn 0.8166 0.2469 0.5217
vn 0.8162 0.2713 0.5101
vn -0.9613 0.1406 0.2371
vn -0.9725 0.1205 0.1991
vn -0.9352 0.1841 0.3024
vn -0.9116 0.2156 0.3501
vn -0.9017 0.2185 0.3732
vn -0.9985 -0.0406 -0.0362
vn -0.9985 -0.0425 -0.0350
vn -0.1998 -0.5424 -0.8160
vn -0.0441 -0.5709 -0.8199
vn -0.3505 -0.5027 -0.7902
vn -0.9357 -0.2032 -0.2886
vn -0.8614 -0.3005 -0.4095
vn -0.9971 -0.0519 -0.0561
vn -0.9991 0.0079 0.0405
vn -0.0126 -0.5321 -0.8466
vn -0.0120 -0.5710 -0.8209
vn 0.0017 0.5320 0.8467
vn 0.0010 0.5709 0.8210
vn -0.0253 -0.5322 -0.8463
vn -0.0246 -0.5710 -0.8206
vn 0.8154 0.3183 0.4835
vn 0.8150 0.3408 0.4686
vn -0.9618 0.1708 0.2137
vn -0.9730 0.1457 0.1789
vn -0.9360 0.2231 0.2724
vn -0.9125 0.2609 0.3152
vn -0.9026 0.2670 0.3377
vn -0.9984 -0.0467 -0.0318
vn -0.9984 -0.0485 -0.0302
vn -0.1979 -0.6510 -0.7329
vn -0.0420 -0.6795 -0.7325
vn -0.3486 -0.6083 -0.7131
vn -0.9349 -0.2427 -0.2589
vn -0.8603 -0.3559 -0.3650
vn -0.9969 -0.0606 -0.0498
vn -0.9992 0.0121 0.0375
vn -0.0105 -0.6448 -0.7643
vn -0.0098 -0.6797 -0.7335
vn -0.0004 0.6447 0.7644
vn -0.0011 0.6796 0.7336
vn -0.0232 -0.6448 -0.7640
vn -0.0225 -0.6797 -0.7332
vn 0.8142 0.3836 0.4358
vn 0.8138 0.4039 0.4179
vn -0.9624 0.1975 0.1864
vn -0.9735 0.1678 0.1553
vn -0.9367 0.2575 0.2373
vn -0.9132 0.3010 0.2746
vn -0.9035 0.3101 0.2959
vn -0.9983 -0.0521 -0.0265
vn -0.9983 -0.0536 -0.0247
vn -0.1958 -0.7469 -0.6355
vn -0.0399 -0.7748 -0.6309
vn -0.3466 -0.7021 -0.6221
vn -0.9342 -0.2777 -0.2241
vn -0.8592 -0.4044 -0.3133
vn -0.9968 -0.0684 -0.0424
vn -0.9993 0.0157 0.0339
vn -0.0084 -0.7449 -0.6671
vn -0.0077 -0.7751 -0.6318
vn -0.0025 0.7448 0.6673
vn -0.0032 0.7751 0.6319
vn -0.0211 -0.7449 -0.6669
vn -0.0204 -0.7751 -0.6315
vn 0.8130 0.4417 0.3794
vn 0.8126 0.4592 0.3589
vn -0.9630 0.2202 0.1556
vn -0.9740 0.1864 0.1290
vn -0.9374 0.2867 0.1977
vn -0.9142 0.3349 0.2284
vn -0.9044 0.3470 0.2485
vn -0.9982 -0.0566 -0.0206
vn -0.9981 -0.0580 -0.0185
vn -0.1938 -0.8283 -0.5257
vn -0.0378 -0.8552 -0.5170
vn -0.3447 -0.7823 -0.5188
vn -0.9334 -0.3075 -0.1847
vn -0.8582 -0.4453 -0.2553
vn -0.9966 -0.0750 -0.0340
vn -0.9994 0.0189 0.0297
vn -0.0064 -0.8305 -0.5570
vn -0.0057 -0.8555 -0.5178
vn -0.0045 0.8304 0.5571
vn -0.0052 0.8554 0.5179
vn -0.0190 -0.8305 -0.5568
vn -0.0183 -0.8555 -0.5175
vn 0.8118 0.4914 0.3155
vn 0.8114 0.5059 0.2927
vn -0.9635 0.2383 0.1219
vn -0.9744 0.2011 0.1003
vn -0.9381 0.3100 0.1544
vn -0.9149 0.3621 0.1783
vn -0.9052 0.3769 0.1964
vn -0.9981 -0.0604 -0.0141
vn -0.9980 -0.0614 -0.0119
vn -0.1919 -0.8937 -0.4056
vn -0.0359 -0.9188 -0.3930
vn -0.3428 -0.8474 -0.4055
vn -0.9327 -0.3316 -0.1416
vn -0.8572 -0.4777 -0.1922
vn -0.9964 -0.0805 -0.0249
vn -0.9994 0.0213 0.0255
vn -0.0044 -0.8999 -0.4360
vn -0.0038 -0.9192 -0.3937
vn -0.0065 0.8998 0.4362
vn -0.0071 0.9192 0.3938
vn -0.0170 -0.8999 -0.4358
vn -0.0164 -0.9192 -0.3935
vn 0.8107 0.5317 0.2453
vn 0.8103 0.5429 0.2208
vn -0.9640 0.2515 0.0861
vn -0.9748 0.2117 0.0698
vn -0.9387 0.3272 0.1083
vn -0.9157 0.3821 0.1247
vn -0.9060 0.3992 0.1406
vn -0.9980 -0.0632 -0.0071
vn -0.9979 -0.0639 -0.0047
vn -0.1901 -0.9417 -0.2776
vn -0.0341 -0.9646 -0.2614
vn -0.3411 -0.8961 -0.2841
vn -0.9321 -0.3494 -0.0955
vn -0.8563 -0.5011 -0.1252
vn -0.9963 -0.0845 -0.0149
vn -0.9995 0.0233 0.0205
vn -0.0026 -0.9518 -0.3066
vn -0.0020 -0.9651 -0.2619
vn -0.0083 0.9518 0.3067
vn -0.0089 0.9650 0.2620
vn -0.0152 -0.9518 -0.3064
vn -0.0146 -0.9650 -0.2617
vn 0.8096 0.5618 0.1702
vn 0.8093 0.5695 0.1443
vn -0.9644 0.2597 0.0488
vn -0.9752 0.2180 0.0382
vn -0.9393 0.3377 0.0603
vn -0.9163 0.3944 0.0689
vn -0.9067 0.4136 0.0823
vn -0.9979 -0.0650 0.0003
vn -0.9979 -0.0653 0.0026
vn -0.1885 -0.9714 -0.1441
vn -0.0325 -0.9917 -0.1247
vn -0.3395 -0.9274 -0.1572
vn -0.9315 -0.3606 -0.0474
vn -0.8555 -0.5148 -0.0556
vn -0.9962 -0.0873 -0.0046
vn -0.9996 0.0245 0.0157
vn -0.0009 -0.9852 -0.1711
vn -0.0004 -0.9921 -0.1251
vn -0.0100 0.9852 0.1712
vn -0.0105 0.9921 0.1252
vn -0.0135 -0.9852 -0.1710
vn -0.0130 -0.9921 -0.1249
vn 0.8086 0.5812 0.0916
vn 0.8083 0.5852 0.0649
vn 0.2024 0.6719 0.7125
vn 0.0668 0.9977 0.0077
vn 0.2978 0.9546 0.0058
vn 0.0465 0.7001 0.7126
vn -0.0113 -0.0025 0.9999
vn -0.0014 -0.0091 1.0000
vn -0.2180 -0.6756 0.7043
vn -0.0483 -0.7118 0.7007
vn -0.2978 -0.9546 -0.0058
vn -0.0669 -0.9977 -0.0077
vn -0.2024 -0.6718 -0.7126
vn -0.0465 -0.7000 -0.7126
vn 0.0113 0.0025 -0.9999
vn 0.0013 0.0090 -1.0000
vn 0.2180 0.6755 -0.7044
vn 0.0482 0.7118 -0.7007
vn 0.4024 0.5783 0.7097
vn 0.5782 0.8159 0.0018
vn -0.0083 0.0036 1.0000
vn -0.4138 -0.5734 0.7071
vn -0.5782 -0.8159 -0.0019
vn -0.4024 -0.5782 -0.7098
vn 0.0083 -0.0035 -1.0000
vn 0.4138 0.5734 -0.7071
vn 0.5637 0.4274 0.7068
vn 0.8020 0.5973 -0.0023
vn -0.0035 0.0085 1.0000
vn -0.5684 -0.4157 0.7100
vn -0.8020 -0.5973 0.0022
vn -0.5637 -0.4273 -0.7069
vn 0.0035 -0.0084 -1.0000
vn 0.5684 0.4157 -0.7100
vn 0.6705 0.2340 0.7041
vn 0.9473 0.3202 -0.0062
vn 0.0026 0.0116 0.9999
vn -0.6667 -0.2179 0.7127
vn -0.9473 -0.3202 0.0061
vn -0.6704 -0.2340 -0.7041
vn -0.0026 -0.0116 -0.9999
vn 0.6667 0.2179 -0.7128
vn 0.7942 0.1290 0.5939
vn 0.9754 0.1677 -0.1429
vn 0.1459 0.0142 0.9892
vn -0.5910 -0.1093 0.7992
vn -0.9754 -0.1678 0.1429
vn -0.7941 -0.1290 -0.5939
vn -0.1459 -0.0143 -0.9892
vn 0.5910 0.1092 -0.7992
vn 0.0117 -0.9999 -0.0092
vn -0.0103 0.9893 0.1458
vn 0.0006 0.5965 0.8026
vn 0.0111 -0.1457 0.9893
vn 0.0151 -0.8026 0.5964
vn 0.0103 -0.9892 -0.1459
vn -0.0006 -0.5964 -0.8027
vn -0.0111 0.1457 -0.9893
vn -0.0150 0.8026 -0.5964
vn -0.1208 0.4842 0.8666
vn -0.1151 0.0964 0.9887
vn -0.1126 -0.1172 0.9867
vn -0.1241 0.6581 0.7426
vn -0.1300 0.9001 0.4159
vn -0.1327 0.9679 0.2134
vn -0.1366 0.9716 -0.1931
vn -0.1378 0.9074 -0.3970
vn -0.1381 0.6715 -0.7280
vn -0.1373 0.4997 -0.8553
vn -0.1340 0.1143 -0.9844
vn -0.1315 -0.0993 -0.9863
vn -0.1258 -0.4870 -0.8643
vn -0.1225 -0.6611 -0.7402
vn -0.1166 -0.9030 -0.4136
vn -0.1139 -0.9708 -0.2110
vn -0.1100 -0.9745 0.1956
vn -0.1088 -0.9103 0.3993
vn -0.1085 -0.6744 0.7304
vn -0.1093 -0.5027 0.8575
vn -0.9394 0.3428 0.0098
vn -0.9578 0.2874 -0.0005
vn -0.9401 0.3327 -0.0748
vn -0.9584 0.2765 -0.0716
vn -0.9064 0.4222 0.0115
vn -0.9073 0.4103 -0.0922
vn -0.8941 0.4468 0.0311
vn -0.8950 0.4390 -0.0790
vn -0.9405 0.3026 -0.1546
vn -0.9587 0.2489 -0.1379
vn -0.9078 0.3739 -0.1900
vn -0.8956 0.4050 -0.1840
vn -0.9406 0.2544 -0.2248
vn -0.9588 0.2063 -0.1955
vn -0.9079 0.3152 -0.2763
vn -0.8958 0.3468 -0.2779
vn -0.9404 0.1907 -0.2814
vn -0.9586 0.1510 -0.2415
vn -0.9076 0.2377 -0.3460
vn -0.8956 0.2679 -0.3551
vn -0.9399 0.1154 -0.3213
vn -0.9581 0.0862 -0.2731
vn -0.9070 0.1456 -0.3951
vn -0.8950 0.1728 -0.4112
vn -0.9392 0.0327 -0.3419
vn -0.9574 0.0162 -0.2882
vn -0.9061 0.0444 -0.4208
vn -0.8941 0.0671 -0.4429
vn -0.9382 -0.0524 -0.3421
vn -0.9566 -0.0553 -0.2861
vn -0.9048 -0.0599 -0.4215
vn -0.8928 -0.0431 -0.4483
vn -0.9371 -0.1351 -0.3220
vn -0.9556 -0.1246 -0.2670
vn -0.9034 -0.1614 -0.3973
vn -0.8914 -0.1515 -0.4273
vn -0.9358 -0.2106 -0.2826
vn -0.9546 -0.1872 -0.2318
vn -0.9019 -0.2541 -0.3494
vn -0.8897 -0.2516 -0.3809
vn -0.9346 -0.2745 -0.2264
vn -0.9536 -0.2396 -0.1823
vn -0.9003 -0.3327 -0.2807
vn -0.8881 -0.3378 -0.3118
vn -0.9333 -0.3233 -0.1563
vn -0.9525 -0.2792 -0.1213
vn -0.8988 -0.3925 -0.1952
vn -0.8864 -0.4049 -0.2242
vn -0.9321 -0.3539 -0.0767
vn -0.9516 -0.3028 -0.0530
vn -0.8974 -0.4302 -0.0979
vn -0.8850 -0.4491 -0.1231
vn -0.9312 -0.3644 0.0079
vn -0.9508 -0.3094 0.0181
vn -0.8963 -0.4434 0.0056
vn -0.8837 -0.4678 -0.0143
vn -0.9305 -0.3545 0.0922
vn -0.9502 -0.2988 0.0886
vn -0.8954 -0.4316 0.1092
vn -0.8828 -0.4599 0.0958
vn -0.9301 -0.3245 0.1719
vn -0.9499 -0.2713 0.1552
vn -0.8949 -0.3953 0.2070
vn -0.8822 -0.4259 0.2008
vn -0.9300 -0.2763 0.2423
vn -0.9499 -0.2282 0.2134
vn -0.8948 -0.3365 0.2933
vn -0.8820 -0.3678 0.2947
vn -0.9302 -0.2126 0.2992
vn -0.9501 -0.1724 0.2599
vn -0.8951 -0.2589 0.3630
vn -0.8822 -0.2889 0.3719
vn -0.9306 -0.1372 0.3393
vn -0.9505 -0.1073 0.2915
vn -0.8957 -0.1668 0.4121
vn -0.8828 -0.1938 0.4280
vn -0.9314 -0.0544 0.3599
vn -0.9512 -0.0369 0.3065
vn -0.8966 -0.0657 0.4378
vn -0.8837 -0.0881 0.4597
vn -0.9324 0.0308 0.3602
vn -0.9520 0.0347 0.3042
vn -0.8979 0.0386 0.4386
vn -0.8850 0.0222 0.4651
vn -0.9335 0.1136 0.3400
vn -0.9531 0.1041 0.2843
vn -0.8993 0.1401 0.4143
vn -0.8864 0.1305 0.4441
vn -0.9348 0.1894 0.3004
vn -0.9541 0.1671 0.2485
vn -0.9008 0.2328 0.3664
vn -0.8881 0.2307 0.3977
vn -0.9361 0.2534 0.2440
vn -0.9551 0.2191 0.1994
vn -0.9024 0.3114 0.2978
vn -0.8897 0.3168 0.3287
vn -0.9373 0.3018 0.1742
vn -0.9561 0.2577 0.1395
vn -0.9039 0.3712 0.2123
vn -0.8914 0.3839 0.2410
vn -0.9384 0.3322 0.0945
vn -0.9570 0.2811 0.0713
vn -0.9053 0.4089 0.1150
vn -0.8928 0.4281 0.1399
vn 0.0032 0.4440 0.8960
vn 0.0139 -0.9641 0.2650
vn 0.0143 -0.9441 0.3294
vn 0.0141 -0.9546 0.2974
vn 0.0132 -0.9858 0.1676
vn 0.0135 -0.9797 0.2001
vn 0.0124 -0.9974 0.0706
vn 0.0127 -0.9946 0.1028
vn 0.0116 -0.9996 -0.0242
vn 0.0119 -0.9999 0.0071
vn 0.0106 -0.9930 -0.1180
vn 0.0109 -0.9962 -0.0867
vn 0.0095 -0.9772 -0.2122
vn 0.0099 -0.9835 -0.1808
vn 0.0083 -0.9519 -0.3063
vn 0.0088 -0.9614 -0.2750
vn 0.0079 -0.9414 -0.3372
vn -0.0137 0.4452 -0.8953
vn 0.0149 -0.6625 0.7489
vn 0.0143 -0.5303 0.8477
vn 0.0147 -0.6204 0.7841
vn 0.0140 -0.4823 0.8759
vn 0.0151 -0.7760 0.6305
vn 0.0151 -0.7404 0.6720
vn 0.0151 -0.8093 0.5872
vn -0.0034 -0.4337 -0.9010
vn 0.0137 -0.4397 0.8980
vn 0.0024 -0.7404 -0.6722
vn 0.0039 -0.8058 -0.5922
vn 0.0032 -0.7741 -0.6330
vn 0.0001 -0.6278 -0.7783
vn 0.0008 -0.6672 -0.7449
vn -0.0023 -0.4995 -0.8663
vn -0.0015 -0.5440 -0.8391
vn -0.0031 -0.4538 -0.8911
vn -0.0140 0.4915 -0.8708
vn -0.0117 0.9999 0.0092
vn 0.0020 0.5141 0.8578
vn 0.0136 -0.4329 0.9013
vn -0.0083 -0.0904 -0.9959
vn -0.0080 -0.1164 -0.9932
vn -0.0082 -0.1035 -0.9946
vn -0.0088 -0.0531 -0.9985
vn -0.0087 -0.0653 -0.9978
vn -0.0092 -0.0185 -0.9998
vn -0.0091 -0.0297 -0.9995
vn -0.0099 0.0411 -0.9991
vn -0.0097 0.0170 -0.9998
vn -0.0110 0.1398 -0.9901
vn -0.0106 0.1026 -0.9947
vn -0.0121 0.2495 -0.9683
vn -0.0118 0.2133 -0.9769
vn -0.0130 0.3549 -0.9348
vn -0.0127 0.3203 -0.9472
vn -0.0139 0.4749 -0.8799
vn -0.0136 0.4324 -0.9016
vn -0.0147 0.6127 -0.7902
vn -0.0145 0.5654 -0.8247
vn -0.0151 0.7409 -0.6715
vn -0.0150 0.7004 -0.7136
vn -0.0150 0.8469 -0.5316
vn -0.0151 0.8141 -0.5805
vn -0.0149 0.8766 -0.4810
vn 0.0141 -0.4955 0.8685
vn -0.0138 0.9685 -0.2488
vn -0.0142 0.9509 -0.3093
vn -0.0140 0.9601 -0.2792
vn -0.0131 0.9874 -0.1574
vn -0.0134 0.9821 -0.1879
vn -0.0124 0.9977 -0.0661
vn -0.0127 0.9953 -0.0964
vn -0.0116 0.9997 0.0227
vn -0.0119 0.9999 -0.0065
vn -0.0107 0.9939 0.1095
vn -0.0110 0.9967 0.0808
vn -0.0097 0.9806 0.1957
vn -0.0101 0.9859 0.1670
vn -0.0087 0.9597 0.2810
vn -0.0090 0.9675 0.2527
vn -0.0083 0.9510 0.3090
vn -0.0047 0.8360 0.5487
vn -0.0060 0.8847 0.4662
vn -0.0054 0.8614 0.5080
vn -0.0026 0.7495 0.6620
vn -0.0033 0.7800 0.6257
vn -0.0004 0.6484 0.7613
vn -0.0012 0.6836 0.7298
vn 0.0017 0.5332 0.8460
vn 0.0010 0.5731 0.8195
vn 0.0039 0.4044 0.9146
vn 0.0031 0.4488 0.8936
vn 0.0060 0.2646 0.9643
vn 0.0053 0.3123 0.9500
vn 0.0080 0.1168 0.9931
vn 0.0074 0.1668 0.9860
vn 0.0094 0.0064 0.9999
vn 0.0090 0.0365 0.9993
vn 0.0100 -0.0441 0.9990
vn 0.0099 -0.0340 0.9994
vn 0.0103 -0.0759 0.9971
vn 0.0102 -0.0652 0.9978
vn 0.0107 -0.1091 0.9940
vn 0.0106 -0.0978 0.9951
vn 0.0108 -0.1203 0.9927
vn 0.0108 -0.1200 0.9927
vn -0.0024 -0.4922 -0.8705
vn -0.9999 -0.0118 0.0094
vn -0.9999 -0.0118 0.0093
vn -0.9999 -0.0118 0.0063
vn -0.9999 -0.0118 0.0098
vn -0.9999 -0.0118 0.0080
vn -0.9999 -0.0118 0.0097
vt 0.000000 0.000000
vt 12.143000 28.000000
vt 11.901930 28.000000
vt 12.125190 30.446779
vt 11.881950 30.434561
vt 12.269240 28.000000
vt 12.252580 30.453400
vt -0.925770 21.250000
vt -1.000000 21.250000
vt -0.925770 23.141300
vt -1.000000 23.141411
vt -0.771690 21.250000
vt -0.771690 23.141220
vt -0.517130 21.250000
vt -0.517130 23.141180
vt -0.262130 21.250000
vt -0.262130 23.141211
vt -0.103120 21.250000
vt -0.103120 23.141291
vt -0.021830 21.250000
vt -0.021830 23.141390
vt 15.838250 28.000000
vt 15.695660 28.000000
vt 15.855890 30.447741
vt 15.712000 30.455210
vt 16.223881 28.000000
vt 16.244961 30.426029
vt 12.070060 32.891201
vt 11.820130 32.866169
vt 12.201000 32.904732
vt -0.925770 25.032551
vt -1.000000 25.032770
vt -0.771690 25.032391
vt -0.517130 25.032320
vt -0.262130 25.032379
vt -0.103120 25.032539
vt -0.021830 25.032730
vt 15.910490 32.893169
vt 15.762590 32.908421
vt 16.310160 32.848789
vt 11.972090 35.330601
vt 11.710370 35.291451
vt 12.109290 35.351620
vt -0.925770 26.923710
vt -1.000000 26.924030
vt -0.771690 26.923470
vt -0.517130 26.923380
vt -0.262130 26.923460
vt -0.103120 26.923691
vt -0.021830 26.923981
vt 16.007540 35.333672
vt 15.852550 35.357361
vt 16.425859 35.264561
vt 11.820550 37.761501
vt 11.540860 37.706051
vt 11.967310 37.791031
vt -0.925770 28.814730
vt -1.000000 28.815149
vt -0.771690 28.814421
vt -0.517130 28.814301
vt -0.262130 28.814409
vt -0.103120 28.814699
vt -0.021830 28.815081
vt 16.157669 37.765831
vt 15.991840 37.799080
vt 16.604361 37.668510
vt 11.596440 40.178879
vt 11.290840 40.103699
vt 11.757070 40.218521
vt -0.925770 30.705570
vt -1.000000 30.706079
vt -0.771690 30.705191
vt -0.517130 30.705050
vt -0.262130 30.705179
vt -0.103120 30.705530
vt -0.021840 30.705999
vt 16.379730 40.184711
vt 16.198179 40.229301
vt 16.867220 40.053749
vt 11.266060 42.574661
vt 10.923830 42.474388
vt 11.446470 42.626949
vt -0.925770 32.596199
vt -1.000000 32.596790
vt -0.771690 32.595760
vt -0.517130 32.595589
vt -0.262130 32.595749
vt -0.103120 32.596149
vt -0.021840 32.596691
vt 16.707199 42.582390
vt 16.503189 42.641151
vt 17.252119 42.409229
vt 10.766720 44.934380
vt 10.373070 44.800411
vt 10.975320 45.003479
vt -0.925770 34.486568
vt -1.000000 34.487221
vt -0.771690 34.486080
vt -0.517130 34.485889
vt -0.262130 34.486069
vt -0.103120 34.486519
vt -0.021840 34.487122
vt 17.202400 44.944630
vt 16.966330 45.022209
vt 17.827271 44.715599
vt 9.972500 47.228851
vt 9.508340 47.046810
vt 10.220950 47.321930
vt -0.925770 36.376671
vt -1.000000 36.377380
vt -0.771690 36.376141
vt -0.517130 36.375931
vt -0.262130 36.376122
vt -0.103120 36.376610
vt -0.021840 36.377258
vt 17.990820 47.242710
vt 17.709209 47.347130
vt 18.723610 46.935070
vt 8.605650 49.390331
vt 8.057740 49.135590
vt 8.905170 49.520279
vt -0.925770 38.266460
vt -1.000000 38.267208
vt -0.771690 38.265900
vt -0.517130 38.265678
vt -0.262130 38.265881
vt -0.103120 38.266399
vt -0.021840 38.267090
vt 19.350401 49.409729
vt 19.009741 49.555550
vt 20.206390 48.985100
vt 6.024150 51.235710
vt 5.460650 50.871960
vt 6.345460 51.423599
vt -0.925770 40.155930
vt -1.000000 40.156700
vt -0.771690 40.155350
vt -0.517130 40.155121
vt -0.262130 40.155331
vt -0.103120 40.155861
vt -0.021840 40.156582
vt 21.929270 51.263691
vt 21.561100 51.475101
vt 22.790661 50.667931
vt 1.260650 52.265411
vt 1.072360 51.796700
vt 1.362620 52.512772
vt -0.925770 42.045059
vt -1.000000 42.045849
vt -0.771690 42.044479
vt -0.517130 42.044250
vt -0.262130 42.044460
vt -0.103120 42.044998
vt -0.021840 42.045731
vt 26.724211 52.302040
vt 26.607460 52.581600
vt 26.990120 51.548191
vt -4.276280 51.827259
vt -3.871720 51.394932
vt -4.537840 52.048130
vt -0.925770 43.933861
vt -1.000000 43.934650
vt -0.771690 43.933281
vt -0.517130 43.933048
vt -0.262130 43.933262
vt -0.103120 43.933800
vt -0.021840 43.934521
vt 32.312599 51.860359
vt 32.616631 52.108791
vt 31.669630 51.168240
vt 51.723721 51.827259
vt 52.128281 51.394932
vt 48.290298 50.249550
vt 48.823990 49.926830
vt 51.462158 52.048130
vt 47.978569 50.406319
vt -0.925770 45.822330
vt -1.000000 45.823101
vt -0.771690 45.821758
vt -0.517130 45.821541
vt -0.262130 45.821751
vt -0.103120 45.822269
vt -0.021840 45.822971
vt 35.754471 50.273449
vt 36.111622 50.448471
vt 34.906090 49.756371
vt 46.510941 48.196949
vt 46.986431 47.958549
vt 46.245590 48.309040
vt -0.925770 47.710468
vt -1.000000 47.711201
vt -0.771690 47.709930
vt -0.517130 47.709709
vt -0.262130 47.709911
vt -0.103120 47.710419
vt -0.021840 47.711090
vt -0.000000 45.823662
vt -0.000000 47.711750
vt 36.767559 47.833229
vt 37.527710 48.214230
vt 45.518421 45.957920
vt 45.923611 45.776669
vt 45.297180 46.041328
vt -0.925770 49.598301
vt -1.000000 49.598980
vt -0.771690 49.597790
vt -0.517130 49.597599
vt -0.262130 49.597771
vt -0.103120 49.598251
vt -0.021840 49.598881
vt -0.000000 49.599491
vt 37.864239 45.682510
vt 38.514011 45.970871
vt 44.912949 43.634521
vt 45.263279 43.493931
vt 44.723862 43.698200
vt -0.925770 51.485840
vt -1.000000 51.486462
vt -0.771690 51.485371
vt -0.517130 51.485199
vt -0.262130 51.485359
vt -0.103120 51.485790
vt -0.021840 51.486359
vt -0.000000 51.486919
vt 38.552139 43.421940
vt 39.114868 43.644470
vt 44.519489 41.267658
vt 44.829861 41.158081
vt 44.353081 41.316669
vt -0.925770 53.373119
vt -1.000000 53.373661
vt -0.771690 53.372711
vt -0.517130 53.372551
vt -0.262130 53.372700
vt -0.103120 53.373070
vt -0.021840 53.373569
vt -0.000000 53.374069
vt 39.006050 41.102749
vt 39.505051 41.275360
vt 44.254261 38.876301
vt 44.535980 38.791908
vt 44.103840 38.913670
vt -0.925770 55.260151
vt -1.000000 55.260620
vt -0.771690 55.259811
vt -0.517130 55.259670
vt -0.262130 55.259800
vt -0.103120 55.260120
vt -0.021840 55.260540
vt -0.000000 55.260960
vt 39.314789 38.749828
vt 39.767941 38.882191
vt 44.073540 36.470322
vt 44.334999 36.407501
vt 43.934311 36.497921
vt -0.925770 57.146999
vt -1.000000 57.147369
vt -0.771690 57.146721
vt -0.517130 57.146610
vt -0.262130 57.146709
vt -0.103120 57.146969
vt -0.021840 57.147308
vt -0.000000 57.147640
vt 39.526329 36.376499
vt 39.947021 36.474682
vt 43.953049 34.055401
vt 44.200699 34.011879
vt 43.821400 34.074421
vt -0.925770 59.033691
vt -1.000000 59.033958
vt -0.771690 59.033489
vt -0.517130 59.033409
vt -0.262130 59.033482
vt -0.103120 59.033661
vt -0.021840 59.033909
vt -0.000000 59.034149
vt 39.667870 33.990570
vt 40.066399 34.058411
vt 43.878941 31.635139
vt 44.117981 31.609520
vt 43.751991 31.646290
vt -0.925770 60.920261
vt -1.000000 60.920422
vt -0.771690 60.920139
vt -0.517130 60.920090
vt -0.262130 60.920132
vt -0.103120 60.920250
vt -0.021840 60.920391
vt -0.000000 60.920540
vt 39.755112 31.597059
vt 40.139820 31.636909
vt 43.843590 29.212009
vt 44.078480 29.203560
vt 43.718891 29.215691
vt -0.925770 62.806759
vt -1.000000 62.806820
vt -0.771690 62.806721
vt -0.517130 62.806702
vt -0.262130 62.806721
vt -0.103120 62.806759
vt -0.021840 62.806801
vt -0.000000 62.806850
vt 39.796780 29.199450
vt 40.174839 29.212601
vt 43.843590 26.787979
vt 44.078480 26.796440
vt 43.718891 26.784309
vt -0.925770 64.693237
vt -1.000000 64.693176
vt -0.771690 64.693283
vt -0.517130 64.693298
vt -0.262130 64.693283
vt -0.103120 64.693237
vt -0.021840 64.693192
vt -0.000000 64.693153
vt 39.796780 26.800550
vt 40.174839 26.787399
vt 43.878941 24.364861
vt 44.117981 24.390480
vt 43.751991 24.353710
vt -0.925770 66.579742
vt -1.000000 66.579567
vt -0.771690 66.579857
vt -0.517130 66.579910
vt -0.262130 66.579857
vt -0.103120 66.579750
vt -0.021840 66.579613
vt -0.000000 66.579453
vt 39.755112 24.402950
vt 40.139820 24.363091
vt 43.953049 21.944599
vt 44.200699 21.988119
vt 43.821400 21.925579
vt -0.925770 68.466309
vt -1.000000 68.466042
vt -0.771690 68.466507
vt -0.517130 68.466591
vt -0.262130 68.466522
vt -0.103120 68.466331
vt -0.021840 68.466087
vt 40.283390 24.350809
vt 40.066399 21.941589
vt 40.215321 21.920641
vt 39.667870 22.009430
vt 44.073540 19.529680
vt 44.334999 19.592501
vt 43.934311 19.502081
vt -0.925770 70.352997
vt -1.000000 70.352631
vt -0.771690 70.353279
vt -0.517130 70.353394
vt -0.262130 70.353287
vt -0.103120 70.353027
vt -0.021840 70.352692
vt 39.947021 19.525320
vt 40.104542 19.494890
vt 39.526329 19.623501
vt 44.254261 17.123699
vt 44.535980 17.208090
vt 44.103840 17.086330
vt -0.925770 72.239853
vt -1.000000 72.239380
vt -0.771690 72.240189
vt -0.517130 72.240334
vt -0.262130 72.240196
vt -0.103120 72.239883
vt -0.021840 72.239464
vt 39.767941 17.117809
vt 39.938160 17.076580
vt 39.314789 17.250170
vt 44.519489 14.732330
vt 44.829861 14.841910
vt 44.353081 14.683320
vt -0.925770 74.126877
vt -1.000000 74.126343
vt -0.771690 74.127289
vt -0.517130 74.127449
vt -0.262130 74.127296
vt -0.103120 74.126923
vt -0.021840 74.126419
vt 39.505039 14.724640
vt 39.693459 14.670500
vt 39.006050 14.897250
vt 44.912949 12.365470
vt 45.263279 12.506070
vt 44.723862 12.301800
vt -0.925770 76.014153
vt -1.000000 76.013527
vt -0.771690 76.014633
vt -0.517130 76.014801
vt -0.262130 76.014633
vt -0.103120 76.014214
vt -0.021840 76.013634
vt 39.114868 12.355530
vt 39.329159 12.285080
vt 38.552139 12.578070
vt 45.518421 10.042080
vt 45.923599 10.223330
vt 45.297180 9.958670
vt -0.925770 77.901703
vt -1.000000 77.901016
vt -0.771690 77.902206
vt -0.517130 77.902397
vt -0.262130 77.902222
vt -0.103120 77.901749
vt -0.021840 77.901123
vt 38.514011 10.029120
vt 38.765121 9.936660
vt 37.864239 10.317490
vt 46.510941 7.803050
vt 46.986431 8.041440
vt 46.245590 7.690950
vt -0.925770 79.789528
vt -1.000000 79.788803
vt -0.771690 79.790077
vt -0.517130 79.790283
vt -0.262130 79.790092
vt -0.103120 79.789581
vt -0.021840 79.788918
vt 37.527710 7.785770
vt 37.829769 7.661170
vt 36.767559 8.166770
vt 48.290298 5.750450
vt 48.823978 6.073160
vt 47.978569 5.593680
vt -0.925770 81.677658
vt -1.000000 81.676903
vt -0.771690 81.678230
vt -0.517130 81.678459
vt -0.262130 81.678253
vt -0.103120 81.677719
vt -0.021840 81.677017
vt 35.754471 5.726550
vt 36.111610 5.551520
vt 34.906090 6.243620
vt 51.723721 4.172740
vt 52.128269 4.605060
vt 51.462170 3.951870
vt -0.925770 83.566132
vt -1.000000 83.565353
vt -0.771690 83.566719
vt -0.517130 83.566948
vt -0.262130 83.566727
vt -0.103120 83.566193
vt -0.021840 83.565468
vt 32.312599 4.139640
vt 32.616631 3.891220
vt 31.669630 4.831760
vt -4.276280 4.172740
vt -3.871730 4.605060
vt 1.260660 3.734580
vt 1.072370 4.203300
vt -4.537830 3.951870
vt 1.362640 3.487230
vt -0.925770 -1.433870
vt -1.000000 -1.434650
vt -0.925770 0.454940
vt -1.000000 0.454150
vt -0.771690 -1.433280
vt -0.771690 0.455530
vt -0.517120 -1.433050
vt -0.517120 0.455760
vt -0.262130 -1.433270
vt -0.262130 0.455540
vt -0.103120 -1.433810
vt -0.103120 0.455000
vt -0.021830 -1.434530
vt -0.021830 0.454280
vt 26.724199 3.697960
vt 26.607450 3.418400
vt 26.990120 4.451810
vt 6.024150 4.764290
vt 5.460650 5.128030
vt 6.345470 4.576400
vt -0.925770 2.344070
vt -1.000000 2.343300
vt -0.771690 2.344650
vt -0.517120 2.344880
vt -0.262130 2.344670
vt -0.103120 2.344130
vt -0.021830 2.343420
vt 21.929279 4.736310
vt 21.561110 4.524900
vt 22.790661 5.332070
vt 8.605650 6.609670
vt 8.057740 6.864400
vt 8.905180 6.479730
vt -0.925770 4.233540
vt -1.000000 4.232790
vt -0.771690 4.234110
vt -0.517120 4.234320
vt -0.262130 4.234120
vt -0.103120 4.233600
vt -0.021830 4.232910
vt 19.350401 6.590270
vt 19.009741 6.444450
vt 20.206400 7.014900
vt 9.972500 8.771150
vt 9.508350 8.953190
vt 10.220950 8.678080
vt -0.925770 6.123340
vt -1.000000 6.122630
vt -0.771690 6.123870
vt -0.517120 6.124070
vt -0.262130 6.123880
vt -0.103120 6.123390
vt -0.021830 6.122740
vt 17.990820 8.757290
vt 17.709209 8.652870
vt 18.723610 9.064930
vt 10.766720 11.065620
vt 10.373070 11.199590
vt 10.975320 10.996520
vt -0.925770 8.013430
vt -1.000000 8.012770
vt -0.771690 8.013920
vt -0.517120 8.014110
vt -0.262130 8.013930
vt -0.103120 8.013480
vt -0.021830 8.012880
vt 17.202400 11.055370
vt 16.966339 10.977790
vt 17.827271 11.284390
vt 11.266060 13.425340
vt 10.923830 13.525610
vt 11.446470 13.373050
vt -0.925770 9.903800
vt -1.000000 9.903220
vt -0.771690 9.904240
vt -0.517120 9.904410
vt -0.262130 9.904250
vt -0.103120 9.903850
vt -0.021830 9.903310
vt 16.707199 13.417610
vt 16.503201 13.358860
vt 17.252119 13.590760
vt 11.596440 15.821120
vt 11.290850 15.896300
vt 11.757070 15.781480
vt -0.925770 11.794430
vt -1.000000 11.793920
vt -0.771690 11.794810
vt -0.517120 11.794960
vt -0.262130 11.794820
vt -0.103120 11.794470
vt -0.021830 11.794000
vt 16.379730 15.815290
vt 16.198179 15.770700
vt 16.867229 15.946250
vt 11.820550 18.238501
vt 11.540860 18.293949
vt 11.967310 18.208969
vt -0.925770 13.685270
vt -1.000000 13.684850
vt -0.771690 13.685580
vt -0.517120 13.685700
vt -0.262130 13.685590
vt -0.103120 13.685300
vt -0.021830 13.684910
vt 16.157669 18.234171
vt 15.991840 18.200920
vt 16.604361 18.331480
vt 11.972090 20.669399
vt 11.710370 20.708549
vt 12.109290 20.648380
vt -0.925770 15.576290
vt -1.000000 15.575970
vt -0.771690 15.576530
vt -0.517120 15.576630
vt -0.262130 15.576540
vt -0.103120 15.576320
vt -0.021830 15.576020
vt 16.007540 20.666330
vt 15.852550 20.642639
vt 16.425859 20.735451
vt 12.070060 23.108801
vt 11.820130 23.133829
vt 12.201000 23.095280
vt -0.925770 17.467449
vt -1.000000 17.467230
vt -0.771690 17.467621
vt -0.517120 17.467680
vt -0.262130 17.467621
vt -0.103120 17.467470
vt -0.021830 17.467270
vt 15.910490 23.106831
vt 15.762590 23.091579
vt 16.310160 23.151211
vt 12.125190 25.553221
vt 11.881950 25.565430
vt 12.252580 25.546600
vt -0.925770 19.358700
vt -1.000000 19.358589
vt -0.771690 19.358780
vt -0.517130 19.358810
vt -0.262130 19.358780
vt -0.103120 19.358709
vt -0.021830 19.358610
vt 15.855890 25.552259
vt 15.712000 25.544790
vt 16.244961 25.573971
s 19
g off
g VWBeetle.001_crome
usemtl crome
f 1421/1/1600 1425/1/1602 1420/1/1601
f 1425/1/1602 1424/1/1603 1420/1/1601
f 1422/1/1604 1426/1/1605 1421/1/1600
f 1426/1/1605 1425/1/1602 1421/1/1600
f 1423/1/1606 1427/1/1607 1422/1/1604
f 1427/1/1607 1426/1/1605 1422/1/1604
f 1425/1/1602 1429/1/1608 1424/1/1603
f 1429/1/1608 1428/1/1609 1424/1/1603
f 1426/1/1605 1430/1/1610 1425/1/1602
f 1430/1/1610 1429/1/1608 1425/1/1602
f 1427/1/1607 1431/1/1611 1426/1/1605
f 1431/1/1611 1430/1/1610 1426/1/1605
f 1429/1/1608 1433/1/1612 1428/1/1609
f 1433/1/1612 1432/1/1613 1428/1/1609
f 1430/1/1610 1434/1/1614 1429/1/1608
f 1434/1/1614 1433/1/1612 1429/1/1608
f 1431/1/1611 1435/1/1615 1430/1/1610
f 1435/1/1615 1434/1/1614 1430/1/1610
f 1433/1/1612 1437/1/1616 1432/1/1613
f 1437/1/1616 1436/1/1617 1432/1/1613
f 1434/1/1614 1438/1/1618 1433/1/1612
f 1438/1/1618 1437/1/1616 1433/1/1612
f 1435/1/1615 1439/1/1619 1434/1/1614
f 1439/1/1619 1438/1/1618 1434/1/1614
f 1437/1/1616 1441/1/1620 1436/1/1617
f 1441/1/1620 1440/1/1621 1436/1/1617
f 1438/1/1618 1442/1/1622 1437/1/1616
f 1442/1/1622 1441/1/1620 1437/1/1616
f 1439/1/1619 1443/1/1623 1438/1/1618
f 1443/1/1623 1442/1/1622 1438/1/1618
f 1441/1/1620 1445/1/1624 1440/1/1621
f 1445/1/1624 1444/1/1625 1440/1/1621
f 1442/1/1622 1446/1/1626 1441/1/1620
f 1446/1/1626 1445/1/1624 1441/1/1620
f 1443/1/1623 1447/1/1627 1442/1/1622
f 1447/1/1627 1446/1/1626 1442/1/1622
f 1445/1/1624 1449/1/1628 1444/1/1625
f 1449/1/1628 1448/1/1629 1444/1/1625
f 1446/1/1626 1450/1/1630 1445/1/1624
f 1450/1/1630 1449/1/1628 1445/1/1624
f 1447/1/1627 1451/1/1631 1446/1/1626
f 1451/1/1631 1450/1/1630 1446/1/1626
f 1449/1/1628 1453/1/1632 1448/1/1629
f 1453/1/1632 1452/1/1633 1448/1/1629
f 1450/1/1630 1454/1/1634 1449/1/1628
f 1454/1/1634 1453/1/1632 1449/1/1628
f 1451/1/1631 1455/1/1635 1450/1/1630
f 1455/1/1635 1454/1/1634 1450/1/1630
f 1453/1/1632 1457/1/1636 1452/1/1633
f 1457/1/1636 1456/1/1637 1452/1/1633
f 1454/1/1634 1458/1/1638 1453/1/1632
f 1458/1/1638 1457/1/1636 1453/1/1632
f 1455/1/1635 1459/1/1639 1454/1/1634
f 1459/1/1639 1458/1/1638 1454/1/1634
f 1457/1/1636 1461/1/1640 1456/1/1637
f 1461/1/1640 1460/1/1641 1456/1/1637
f 1458/1/1638 1462/1/1642 1457/1/1636
f 1462/1/1642 1461/1/1640 1457/1/1636
f 1459/1/1639 1463/1/1643 1458/1/1638
f 1463/1/1643 1462/1/1642 1458/1/1638
f 1461/1/1640 1465/1/1644 1460/1/1641
f 1465/1/1644 1464/1/1645 1460/1/1641
f 1462/1/1642 1466/1/1646 1461/1/1640
f 1466/1/1646 1465/1/1644 1461/1/1640
f 1463/1/1643 1467/1/1647 1462/1/1642
f 1467/1/1647 1466/1/1646 1462/1/1642
f 1465/1/1644 1469/1/1648 1464/1/1645
f 1469/1/1648 1468/1/1649 1464/1/1645
f 1466/1/1646 1470/1/1650 1465/1/1644
f 1470/1/1650 1469/1/1648 1465/1/1644
f 1467/1/1647 1471/1/1651 1466/1/1646
f 1471/1/1651 1470/1/1650 1466/1/1646
f 1469/1/1648 1473/1/1652 1468/1/1649
f 1473/1/1652 1472/1/1653 1468/1/1649
f 1470/1/1650 1474/1/1654 1469/1/1648
f 1474/1/1654 1473/1/1652 1469/1/1648
f 1471/1/1651 1475/1/1655 1470/1/1650
f 1475/1/1655 1474/1/1654 1470/1/1650
f 1473/1/1652 1477/1/1656 1472/1/1653
f 1477/1/1656 1476/1/1657 1472/1/1653
f 1474/1/1654 1478/1/1658 1473/1/1652
f 1478/1/1658 1477/1/1656 1473/1/1652
f 1475/1/1655 1479/1/1659 1474/1/1654
f 1479/1/1659 1478/1/1658 1474/1/1654
f 1477/1/1656 1481/1/1660 1476/1/1657
f 1481/1/1660 1480/1/1661 1476/1/1657
f 1478/1/1658 1482/1/1662 1477/1/1656
f 1482/1/1662 1481/1/1660 1477/1/1656
f 1479/1/1659 1483/1/1663 1478/1/1658
f 1483/1/1663 1482/1/1662 1478/1/1658
f 1481/1/1660 1485/1/1664 1480/1/1661
f 1485/1/1664 1484/1/1665 1480/1/1661
f 1482/1/1662 1486/1/1666 1481/1/1660
f 1486/1/1666 1485/1/1664 1481/1/1660
f 1483/1/1663 1487/1/1667 1482/1/1662
f 1487/1/1667 1486/1/1666 1482/1/1662
f 1485/1/1664 1489/1/1668 1484/1/1665
f 1489/1/1668 1488/1/1669 1484/1/1665
f 1486/1/1666 1490/1/1670 1485/1/1664
f 1490/1/1670 1489/1/1668 1485/1/1664
f 1487/1/1667 1491/1/1671 1486/1/1666
f 1491/1/1671 1490/1/1670 1486/1/1666
f 1489/1/1668 1493/1/1672 1488/1/1669
f 1493/1/1672 1492/1/1673 1488/1/1669
f 1490/1/1670 1494/1/1674 1489/1/1668
f 1494/1/1674 1493/1/1672 1489/1/1668
f 1491/1/1671 1495/1/1675 1490/1/1670
f 1495/1/1675 1494/1/1674 1490/1/1670
f 1493/1/1672 1497/1/1676 1492/1/1673
f 1497/1/1676 1496/1/1677 1492/1/1673
f 1494/1/1674 1498/1/1678 1493/1/1672
f 1498/1/1678 1497/1/1676 1493/1/1672
f 1495/1/1675 1499/1/1679 1494/1/1674
f 1499/1/1679 1498/1/1678 1494/1/1674
f 1497/1/1676 1501/1/1680 1496/1/1677
f 1501/1/1680 1500/1/1681 1496/1/1677
f 1498/1/1678 1502/1/1682 1497/1/1676
f 1502/1/1682 1501/1/1680 1497/1/1676
f 1499/1/1679 1503/1/1683 1498/1/1678
f 1503/1/1683 1502/1/1682 1498/1/1678
f 1501/1/1680 1505/1/1684 1500/1/1681
f 1505/1/1684 1504/1/1685 1500/1/1681
f 1502/1/1682 1506/1/1686 1501/1/1680
f 1506/1/1686 1505/1/1684 1501/1/1680
f 1503/1/1683 1507/1/1687 1502/1/1682
f 1507/1/1687 1506/1/1686 1502/1/1682
f 1505/1/1684 1509/1/1688 1504/1/1685
f 1509/1/1688 1508/1/1689 1504/1/1685
f 1506/1/1686 1510/1/1690 1505/1/1684
f 1510/1/1690 1509/1/1688 1505/1/1684
f 1507/1/1687 1511/1/1691 1506/1/1686
f 1511/1/1691 1510/1/1690 1506/1/1686
f 1509/1/1688 1513/1/1692 1508/1/1689
f 1513/1/1692 1512/1/1693 1508/1/1689
f 1510/1/1690 1514/1/1694 1509/1/1688
f 1514/1/1694 1513/1/1692 1509/1/1688
f 1511/1/1691 1515/1/1695 1510/1/1690
f 1515/1/1695 1514/1/1694 1510/1/1690
f 1513/1/1692 1517/1/1696 1512/1/1693
f 1517/1/1696 1516/1/1697 1512/1/1693
f 1514/1/1694 1518/1/1698 1513/1/1692
f 1518/1/1698 1517/1/1696 1513/1/1692
f 1515/1/1695 1519/1/1699 1514/1/1694
f 1519/1/1699 1518/1/1698 1514/1/1694
f 1517/1/1696 1521/1/1700 1516/1/1697
f 1521/1/1700 1520/1/1701 1516/1/1697
f 1518/1/1698 1522/1/1702 1517/1/1696
f 1522/1/1702 1521/1/1700 1517/1/1696
f 1519/1/1699 1523/1/1703 1518/1/1698
f 1523/1/1703 1522/1/1702 1518/1/1698
f 1521/1/1700 1421/1/1600 1520/1/1701
f 1421/1/1600 1420/1/1601 1520/1/1701
f 1522/1/1702 1422/1/1604 1521/1/1700
f 1422/1/1604 1421/1/1600 1521/1/1700
f 1523/1/1703 1423/1/1606 1522/1/1702
f 1423/1/1606 1422/1/1604 1522/1/1702
s 20
f 1525/1/1704 1535/1/1704 1524/1/1704
f 1535/1/1704 1534/1/1704 1524/1/1704
s 21
f 1526/1/1705 1536/1/1707 1525/1/1706
f 1536/1/1707 1535/1/1706 1525/1/1706
f 1527/1/1708 1537/1/1709 1526/1/1705
f 1537/1/1709 1536/1/1707 1526/1/1705
f 1528/1/1710 1538/1/1711 1527/1/1708
f 1538/1/1711 1537/1/1709 1527/1/1708
f 1529/1/1712 1539/1/1713 1528/1/1710
f 1539/1/1713 1538/1/1711 1528/1/1710
f 1530/1/1714 1540/1/1715 1529/1/1712
f 1540/1/1715 1539/1/1713 1529/1/1712
f 1531/1/1716 1541/1/1717 1530/1/1714
f 1541/1/1717 1540/1/1715 1530/1/1714
f 1532/1/1718 1542/1/1719 1531/1/1716
f 1542/1/1719 1541/1/1717 1531/1/1716
f 1533/1/1720 1543/1/1720 1532/1/1718
f 1543/1/1720 1542/1/1719 1532/1/1718
s 22
f 1524/1/1721 1534/1/1721 1533/1/1721
f 1534/1/1721 1543/1/1721 1533/1/1721
s 23
f 1545/1/1722 1561/1/1724 1544/1/1723
f 1561/1/1724 1560/1/1725 1544/1/1723
f 1546/1/1726 1562/1/1727 1545/1/1722
f 1562/1/1727 1561/1/1724 1545/1/1722
f 1547/1/1728 1563/1/1728 1546/1/1726
f 1563/1/1728 1562/1/1727 1546/1/1726
s 24
f 1548/1/1729 1564/1/1729 1547/1/1729
f 1564/1/1729 1563/1/1729 1547/1/1729
s 25
f 1549/1/1571 1565/1/1571 1548/1/1571
f 1565/1/1571 1564/1/1571 1548/1/1571
s 26
f 1550/1/1730 1566/1/1730 1549/1/1730
f 1566/1/1730 1565/1/1730 1549/1/1730
s 27
f 1551/1/1731 1567/1/1733 1550/1/1732
f 1567/1/1733 1566/1/1732 1550/1/1732
f 1552/1/1734 1568/1/1735 1551/1/1731
f 1568/1/1735 1567/1/1733 1551/1/1731
f 1553/1/1736 1569/1/1737 1552/1/1734
f 1569/1/1737 1568/1/1735 1552/1/1734
f 1554/1/1738 1570/1/1738 1553/1/1736
f 1570/1/1738 1569/1/1737 1553/1/1736
s 28
f 1555/1/1739 1571/1/1739 1554/1/1739
f 1571/1/1739 1570/1/1739 1554/1/1739
s 29
f 1556/1/1704 1572/1/1704 1555/1/1704
f 1572/1/1704 1571/1/1704 1555/1/1704
s 30
f 1557/1/1740 1573/1/1740 1556/1/1740
f 1573/1/1740 1572/1/1740 1556/1/1740
s 31
f 1558/1/1721 1574/1/1721 1557/1/1721
f 1574/1/1721 1573/1/1721 1557/1/1721
s 32
f 1559/1/1741 1575/1/1741 1558/1/1741
f 1575/1/1741 1574/1/1741 1558/1/1741
s 23
f 1544/1/1723 1560/1/1725 1559/1/1742
f 1560/1/1725 1575/1/1742 1559/1/1742
s 33
f 1577/1/1743 1590/1/1745 1576/1/1744
f 1590/1/1745 1589/1/1744 1576/1/1744
f 1578/1/1746 1591/1/1747 1577/1/1743
f 1591/1/1747 1590/1/1745 1577/1/1743
f 1579/1/1748 1592/1/1749 1578/1/1746
f 1592/1/1749 1591/1/1747 1578/1/1746
f 1580/1/1750 1593/1/1751 1579/1/1748
f 1593/1/1751 1592/1/1749 1579/1/1748
f 1581/1/1752 1594/1/1753 1580/1/1750
f 1594/1/1753 1593/1/1751 1580/1/1750
f 1582/1/1754 1595/1/1755 1581/1/1752
f 1595/1/1755 1594/1/1753 1581/1/1752
f 1583/1/1756 1596/1/1757 1582/1/1754
f 1596/1/1757 1595/1/1755 1582/1/1754
f 1584/1/1758 1597/1/1759 1583/1/1756
f 1597/1/1759 1596/1/1757 1583/1/1756
f 1585/1/1760 1598/1/1761 1584/1/1758
f 1598/1/1761 1597/1/1759 1584/1/1758
f 1586/1/1762 1599/1/1763 1585/1/1760
f 1599/1/1763 1598/1/1761 1585/1/1760
f 1587/1/1764 1600/1/1765 1586/1/1762
f 1600/1/1765 1599/1/1763 1586/1/1762
f 1588/1/1766 1601/1/1766 1587/1/1764
f 1601/1/1766 1600/1/1765 1587/1/1764
s 34
f 1576/1/1767 1589/1/1767 1588/1/1767
f 1589/1/1767 1601/1/1767 1588/1/1767
s 35
f 1603/1/1768 1613/1/1770 1602/1/1769
f 1613/1/1770 1612/1/1769 1602/1/1769
f 1604/1/1771 1614/1/1772 1603/1/1768
f 1614/1/1772 1613/1/1770 1603/1/1768
f 1605/1/1773 1615/1/1774 1604/1/1771
f 1615/1/1774 1614/1/1772 1604/1/1771
f 1606/1/1775 1616/1/1776 1605/1/1773
f 1616/1/1776 1615/1/1774 1605/1/1773
f 1607/1/1777 1617/1/1778 1606/1/1775
f 1617/1/1778 1616/1/1776 1606/1/1775
f 1608/1/1779 1618/1/1780 1607/1/1777
f 1618/1/1780 1617/1/1778 1607/1/1777
f 1609/1/1781 1619/1/1782 1608/1/1779
f 1619/1/1782 1618/1/1780 1608/1/1779
f 1610/1/1783 1620/1/1783 1609/1/1781
f 1620/1/1783 1619/1/1782 1609/1/1781
s 36
f 1611/1/1730 1621/1/1730 1610/1/1730
f 1621/1/1730 1620/1/1730 1610/1/1730
s 37
f 1602/1/1729 1612/1/1729 1611/1/1729
f 1612/1/1729 1621/1/1729 1611/1/1729
s 38
f 1623/1/1784 1636/1/1786 1622/1/1785
f 1636/1/1786 1635/1/1785 1622/1/1785
f 1624/1/1787 1637/1/1788 1623/1/1784
f 1637/1/1788 1636/1/1786 1623/1/1784
f 1625/1/1789 1638/1/1790 1624/1/1787
f 1638/1/1790 1637/1/1788 1624/1/1787
f 1626/1/1791 1639/1/1792 1625/1/1789
f 1639/1/1792 1638/1/1790 1625/1/1789
f 1627/1/1793 1640/1/1794 1626/1/1791
f 1640/1/1794 1639/1/1792 1626/1/1791
f 1628/1/1795 1641/1/1796 1627/1/1793
f 1641/1/1796 1640/1/1794 1627/1/1793
f 1629/1/1797 1642/1/1798 1628/1/1795
f 1642/1/1798 1641/1/1796 1628/1/1795
f 1630/1/1799 1643/1/1800 1629/1/1797
f 1643/1/1800 1642/1/1798 1629/1/1797
f 1631/1/1801 1644/1/1802 1630/1/1799
f 1644/1/1802 1643/1/1800 1630/1/1799
f 1632/1/1803 1645/1/1804 1631/1/1801
f 1645/1/1804 1644/1/1802 1631/1/1801
f 1633/1/1805 1646/1/1806 1632/1/1803
f 1646/1/1806 1645/1/1804 1632/1/1803
f 1634/1/1807 1647/1/1808 1633/1/1805
f 1647/1/1808 1646/1/1806 1633/1/1805
s 39
f 1622/1/1809 1635/1/1809 1634/1/1809
f 1635/1/1809 1647/1/1809 1634/1/1809
s 40
f 1589/1/563 1571/1/563 1601/1/563
f 1571/1/563 1589/1/563 1570/1/563
f 1570/1/563 1589/1/563 1500/1/563
f 1508/1/563 1512/1/563 1543/1/563
f 1512/1/563 1516/1/563 1543/1/563
f 1500/1/563 1504/1/563 1570/1/563
f 1589/1/563 1590/1/563 1500/1/563
f 1516/1/563 1520/1/563 1543/1/563
f 1543/1/563 1520/1/563 1542/1/563
f 1590/1/563 1591/1/563 1500/1/563
f 1591/1/563 1592/1/563 1500/1/563
f 1504/1/563 1508/1/563 1570/1/563
f 1570/1/563 1508/1/563 1569/1/563
f 1569/1/563 1508/1/563 1568/1/563
f 1592/1/563 1593/1/563 1500/1/563
f 1542/1/563 1520/1/563 1541/1/563
f 1520/1/563 1420/1/563 1541/1/563
f 1541/1/563 1420/1/563 1540/1/563
f 1540/1/563 1420/1/563 1539/1/563
f 1420/1/563 1424/1/563 1539/1/563
f 1539/1/563 1424/1/563 1538/1/563
f 1538/1/563 1424/1/563 1537/1/563
f 1537/1/563 1424/1/563 1536/1/563
f 1424/1/563 1428/1/563 1536/1/563
f 1536/1/563 1428/1/563 1535/1/563
f 1500/1/563 1593/1/563 1496/1/563
f 1593/1/563 1594/1/563 1496/1/563
f 1496/1/563 1594/1/563 1492/1/563
f 1594/1/563 1595/1/563 1492/1/563
f 1595/1/563 1596/1/563 1492/1/563
f 1492/1/563 1596/1/563 1488/1/563
f 1596/1/563 1597/1/563 1488/1/563
f 1597/1/563 1598/1/563 1488/1/563
f 1488/1/563 1598/1/563 1484/1/563
f 1598/1/563 1599/1/563 1484/1/563
f 1599/1/563 1600/1/563 1484/1/563
f 1484/1/563 1600/1/563 1480/1/563
f 1600/1/563 1601/1/563 1480/1/563
f 1480/1/563 1601/1/563 1476/1/563
f 1601/1/563 1612/1/563 1476/1/563
f 1612/1/563 1613/1/563 1476/1/563
f 1613/1/563 1614/1/563 1476/1/563
f 1476/1/563 1614/1/563 1472/1/563
f 1614/1/563 1615/1/563 1472/1/563
f 1615/1/563 1616/1/563 1472/1/563
f 1472/1/563 1616/1/563 1468/1/563
f 1616/1/563 1617/1/563 1468/1/563
f 1617/1/563 1618/1/563 1468/1/563
f 1618/1/563 1619/1/563 1468/1/563
f 1468/1/563 1619/1/563 1464/1/563
f 1619/1/563 1620/1/563 1464/1/563
f 1620/1/563 1635/1/563 1464/1/563
f 1635/1/563 1636/1/563 1464/1/563
f 1464/1/563 1636/1/563 1460/1/563
f 1636/1/563 1637/1/1810 1460/1/563
f 1637/1/1810 1638/1/1810 1460/1/563
f 1460/1/563 1638/1/1810 1456/1/1810
f 1638/1/1810 1639/1/1810 1456/1/1810
f 1456/1/1810 1639/1/1810 1452/1/1810
f 1639/1/1810 1640/1/1810 1452/1/1810
f 1640/1/1810 1641/1/1810 1452/1/1810
f 1452/1/1810 1641/1/1810 1448/1/1810
f 1641/1/1810 1642/1/1810 1448/1/1810
f 1642/1/1810 1643/1/1810 1448/1/1810
f 1448/1/1810 1643/1/1810 1444/1/1810
f 1643/1/1810 1644/1/1810 1444/1/1810
f 1644/1/1810 1645/1/1810 1444/1/1810
f 1645/1/1810 1646/1/1810 1444/1/1810
f 1646/1/1810 1647/1/563 1444/1/1810
f 1444/1/1810 1647/1/563 1440/1/1810
f 1620/1/563 1621/1/563 1635/1/563
f 1612/1/563 1601/1/563 1621/1/563
f 1601/1/563 1571/1/563 1621/1/563
f 1571/1/563 1572/1/563 1621/1/563
f 1572/1/563 1573/1/563 1621/1/563
f 1573/1/563 1574/1/563 1621/1/563
f 1621/1/563 1574/1/563 1635/1/563
f 1635/1/563 1574/1/563 1647/1/563
f 1574/1/563 1575/1/1810 1647/1/563
f 1647/1/563 1575/1/1810 1440/1/1810
f 1440/1/1810 1575/1/1810 1436/1/1810
f 1575/1/1810 1560/1/563 1436/1/1810
f 1560/1/563 1561/1/1810 1436/1/1810
f 1436/1/1810 1561/1/1810 1432/1/563
f 1561/1/1810 1562/1/563 1432/1/563
f 1432/1/563 1562/1/563 1428/1/563
f 1562/1/563 1563/1/563 1428/1/563
f 1428/1/563 1563/1/563 1535/1/563
f 1535/1/563 1563/1/563 1534/1/563
f 1563/1/563 1564/1/563 1534/1/563
f 1564/1/563 1565/1/563 1534/1/563
f 1565/1/563 1566/1/563 1534/1/563
f 1534/1/563 1566/1/563 1543/1/563
f 1543/1/563 1566/1/563 1508/1/563
f 1566/1/563 1567/1/563 1508/1/563
f 1508/1/563 1567/1/563 1568/1/563
s 41
f 1524/1/563 1533/1/563 1525/1/563
f 1525/1/563 1533/1/563 1526/1/563
f 1526/1/563 1533/1/563 1527/1/563
f 1527/1/563 1533/1/563 1528/1/563
f 1528/1/563 1533/1/563 1529/1/563
f 1529/1/563 1533/1/563 1530/1/563
f 1530/1/563 1533/1/563 1531/1/1810
f 1531/1/1810 1533/1/563 1532/1/563
s 42
f 1555/1/563 1554/1/563 1556/1/563
f 1558/1/563 1557/1/563 1559/1/563
f 1547/1/563 1546/1/563 1548/1/563
f 1550/1/563 1549/1/563 1551/1/563
f 1551/1/563 1549/1/563 1552/1/563
f 1546/1/563 1545/1/563 1548/1/563
f 1552/1/563 1549/1/563 1553/1/563
f 1545/1/563 1544/1/563 1548/1/563
f 1553/1/563 1549/1/563 1554/1/563
f 1554/1/563 1549/1/563 1556/1/563
f 1544/1/563 1559/1/563 1548/1/563
f 1559/1/563 1557/1/563 1548/1/563
f 1548/1/563 1557/1/563 1549/1/563
f 1557/1/563 1556/1/563 1549/1/563
s 43
f 1588/1/563 1587/1/563 1576/1/1810
f 1587/1/563 1586/1/563 1576/1/1810
f 1586/1/563 1585/1/563 1576/1/1810
f 1585/1/563 1584/1/563 1576/1/1810
f 1584/1/563 1583/1/563 1576/1/1810
f 1583/1/563 1582/1/563 1576/1/1810
f 1582/1/563 1581/1/563 1576/1/1810
f 1581/1/563 1580/1/1810 1576/1/1810
f 1580/1/1810 1579/1/563 1576/1/1810
f 1579/1/563 1578/1/1811 1576/1/1810
f 1578/1/1811 1577/1/1812 1576/1/1810
s 44
f 1611/1/563 1610/1/563 1602/1/563
f 1610/1/563 1609/1/563 1602/1/563
f 1609/1/563 1608/1/563 1602/1/563
f 1608/1/563 1607/1/563 1602/1/563
f 1607/1/563 1606/1/563 1602/1/563
f 1606/1/563 1605/1/563 1602/1/563
f 1605/1/563 1604/1/1810 1602/1/563
f 1604/1/1810 1603/1/563 1602/1/563
s 45
f 1622/1/563 1634/1/563 1623/1/563
f 1623/1/563 1634/1/563 1624/1/563
f 1624/1/563 1634/1/563 1625/1/563
f 1625/1/563 1634/1/563 1626/1/563
f 1626/1/563 1634/1/563 1627/1/563
f 1627/1/563 1634/1/563 1628/1/563
f 1628/1/563 1634/1/563 1629/1/1810
f 1629/1/1810 1634/1/563 1630/1/1813
f 1630/1/1813 1634/1/563 1631/1/563
f 1631/1/563 1634/1/563 1632/1/1814
f 1632/1/1814 1634/1/563 1633/1/1815
s 1
g VWBeetle.001_Black0
usemtl Black0
f 5/1/1 6/1/3 7/1/2
f 8/1/4 6/1/3 5/1/1
f 9/1/5 8/1/4 5/1/1
f 10/1/6 8/1/4 9/1/5
f 11/1/7 10/1/6 9/1/5
f 12/1/8 10/1/6 11/1/7
f 13/1/9 12/1/8 11/1/7
f 2/1/10 12/1/8 13/1/9
f 14/1/11 2/1/10 13/1/9
f 1/1/12 2/1/10 14/1/11
f 15/1/13 1/1/12 14/1/11
f 16/1/14 17/1/16 18/1/15
f 19/1/17 17/1/16 16/1/14
f 20/1/18 19/1/17 16/1/14
f 21/1/19 19/1/17 20/1/18
f 22/1/20 21/1/19 20/1/18
f 23/1/21 21/1/19 22/1/20
f 24/1/22 23/1/21 22/1/20
f 25/1/23 23/1/21 24/1/22
f 26/1/24 25/1/23 24/1/22
f 27/1/25 25/1/23 26/1/24
f 28/1/26 27/1/25 26/1/24
f 4/1/27 27/1/25 28/1/26
f 29/1/28 4/1/27 28/1/26
f 3/1/29 4/1/27 29/1/28
f 30/1/30 3/1/29 29/1/28
f 31/1/31 3/1/29 30/1/30
f 32/1/32 31/1/31 30/1/30
f 33/1/33 31/1/31 32/1/32
f 34/1/34 33/1/33 32/1/32
f 35/1/35 33/1/33 34/1/34
f 7/1/2 35/1/35 34/1/34
f 6/1/3 35/1/35 7/1/2
s 2
g VWBeetle.001_Grey
usemtl Grey
f 37/2/36 48/4/38 36/3/37
f 48/4/38 47/5/39 36/3/37
f 38/6/40 49/7/41 37/2/36
f 49/7/41 48/4/38 37/2/36
f 45/22/54 56/24/55 44/23/52
f 56/24/55 55/25/53 44/23/52
f 46/26/56 57/27/57 45/22/54
f 57/27/57 56/24/55 45/22/54
f 48/4/38 59/28/58 47/5/39
f 59/28/58 58/29/59 47/5/39
f 49/7/41 60/30/60 48/4/38
f 60/30/60 59/28/58 48/4/38
f 56/24/55 67/38/67 55/25/53
f 67/38/67 66/39/66 55/25/53
f 57/27/57 68/40/68 56/24/55
f 68/40/68 67/38/67 56/24/55
f 59/28/58 70/41/69 58/29/59
f 70/41/69 69/42/70 58/29/59
f 60/30/60 71/43/71 59/28/58
f 71/43/71 70/41/69 59/28/58
f 67/38/67 78/51/78 66/39/66
f 78/51/78 77/52/77 66/39/66
f 68/40/68 79/53/79 67/38/67
f 79/53/79 78/51/78 67/38/67
f 70/41/69 81/54/80 69/42/70
f 81/54/80 80/55/81 69/42/70
f 71/43/71 82/56/82 70/41/69
f 82/56/82 81/54/80 70/41/69
f 78/51/78 89/64/89 77/52/77
f 89/64/89 88/65/88 77/52/77
f 79/53/79 90/66/90 78/51/78
f 90/66/90 89/64/89 78/51/78
f 81/54/80 92/67/91 80/55/81
f 92/67/91 91/68/92 80/55/81
f 82/56/82 93/69/93 81/54/80
f 93/69/93 92/67/91 81/54/80
f 89/64/89 100/77/100 88/65/88
f 100/77/100 99/78/99 88/65/88
f 90/66/90 101/79/101 89/64/89
f 101/79/101 100/77/100 89/64/89
f 92/67/91 103/80/102 91/68/92
f 103/80/102 102/81/103 91/68/92
f 93/69/93 104/82/104 92/67/91
f 104/82/104 103/80/102 92/67/91
f 100/77/100 111/90/111 99/78/99
f 111/90/111 110/91/110 99/78/99
f 101/79/101 112/92/112 100/77/100
f 112/92/112 111/90/111 100/77/100
f 103/80/102 114/93/113 102/81/103
f 114/93/113 113/94/114 102/81/103
f 104/82/104 115/95/115 103/80/102
f 115/95/115 114/93/113 103/80/102
f 111/90/111 122/103/122 110/91/110
f 122/103/122 121/104/121 110/91/110
f 112/92/112 123/105/123 111/90/111
f 123/105/123 122/103/122 111/90/111
f 114/93/113 125/106/124 113/94/114
f 125/106/124 124/107/125 113/94/114
f 115/95/115 126/108/126 114/93/113
f 126/108/126 125/106/124 114/93/113
f 122/103/122 133/116/133 121/104/121
f 133/116/133 132/117/132 121/104/121
f 123/105/123 134/118/134 122/103/122
f 134/118/134 133/116/133 122/103/122
f 125/106/124 136/119/135 124/107/125
f 136/119/135 135/120/136 124/107/125
f 126/108/126 137/121/137 125/106/124
f 137/121/137 136/119/135 125/106/124
f 133/116/133 144/129/144 132/117/132
f 144/129/144 143/130/143 132/117/132
f 134/118/134 145/131/145 133/116/133
f 145/131/145 144/129/144 133/116/133
f 136/119/135 147/132/146 135/120/136
f 147/132/146 146/133/147 135/120/136
f 137/121/137 148/134/148 136/119/135
f 148/134/148 147/132/146 136/119/135
f 144/129/144 155/142/155 143/130/143
f 155/142/155 154/143/154 143/130/143
f 145/131/145 156/144/156 144/129/144
f 156/144/156 155/142/155 144/129/144
f 147/132/146 158/145/157 146/133/147
f 158/145/157 157/146/158 146/133/147
f 148/134/148 159/147/159 147/132/146
f 159/147/159 158/145/157 147/132/146
f 155/142/155 166/155/166 154/143/154
f 166/155/166 165/156/165 154/143/154
f 156/144/156 167/157/167 155/142/155
f 167/157/167 166/155/166 155/142/155
f 158/145/157 169/158/168 157/146/158
f 169/158/168 168/159/169 157/146/158
f 159/147/159 170/160/170 158/145/157
f 170/160/170 169/158/168 158/145/157
f 166/155/166 177/168/177 165/156/165
f 177/168/177 176/169/176 165/156/165
f 167/157/167 178/170/178 166/155/166
f 178/170/178 177/168/177 166/155/166
f 169/171/168 180/173/179 168/172/169
f 180/173/179 179/174/180 168/172/169
f 170/175/170 181/176/181 169/171/168
f 181/176/181 180/173/179 169/171/168
f 177/168/177 188/184/188 176/169/176
f 188/184/188 187/185/187 176/169/176
f 178/170/178 189/186/189 177/168/177
f 189/186/189 188/184/188 177/168/177
f 180/173/179 191/187/190 179/174/180
f 191/187/190 190/188/191 179/174/180
f 181/176/181 192/189/192 180/173/179
f 192/189/192 191/187/190 180/173/179
f 189/186/189 200/199/200 188/184/188
f 200/199/200 199/200/199 188/184/188
f 191/187/190 202/201/201 190/188/191
f 202/201/201 201/202/202 190/188/191
f 192/189/192 203/203/203 191/187/190
f 203/203/203 202/201/201 191/187/190
f 200/199/200 211/212/211 199/200/199
f 211/212/211 210/213/210 199/200/199
f 202/201/201 213/214/212 201/202/202
f 213/214/212 212/215/213 201/202/202
f 203/203/203 214/216/214 202/201/201
f 214/216/214 213/214/212 202/201/201
f 211/212/211 222/225/222 210/213/210
f 222/225/222 221/226/221 210/213/210
f 213/214/212 224/227/223 212/215/213
f 224/227/223 223/228/224 212/215/213
f 214/216/214 225/229/225 213/214/212
f 225/229/225 224/227/223 213/214/212
f 222/225/222 233/238/233 221/226/221
f 233/238/233 232/239/232 221/226/221
f 224/227/223 235/240/234 223/228/224
f 235/240/234 234/241/235 223/228/224
f 225/229/225 236/242/236 224/227/223
f 236/242/236 235/240/234 224/227/223
f 233/238/233 244/251/244 232/239/232
f 244/251/244 243/252/243 232/239/232
f 235/240/234 246/253/245 234/241/235
f 246/253/245 245/254/246 234/241/235
f 236/242/236 247/255/247 235/240/234
f 247/255/247 246/253/245 235/240/234
f 244/251/244 255/264/255 243/252/243
f 255/264/255 254/265/254 243/252/243
f 246/253/245 257/266/256 245/254/246
f 257/266/256 256/267/257 245/254/246
f 247/255/247 258/268/258 246/253/245
f 258/268/258 257/266/256 246/253/245
f 255/264/255 266/277/266 254/265/254
f 266/277/266 265/278/265 254/265/254
f 257/266/256 268/279/267 256/267/257
f 268/279/267 267/280/268 256/267/257
f 258/268/258 269/281/269 257/266/256
f 269/281/269 268/279/267 257/266/256
f 266/277/266 277/290/277 265/278/265
f 277/290/277 276/291/276 265/278/265
f 268/279/267 279/292/278 267/280/268
f 279/292/278 278/293/279 267/280/268
f 269/281/269 280/294/280 268/279/267
f 280/294/280 279/292/278 268/279/267
f 277/290/277 288/303/288 276/291/276
f 288/303/288 287/304/287 276/291/276
f 279/292/278 290/305/289 278/293/279
f 290/305/289 289/306/290 278/293/279
f 280/294/280 291/307/291 279/292/278
f 291/307/291 290/305/289 279/292/278
f 288/303/288 299/316/299 287/304/287
f 299/316/299 298/317/298 287/304/287
f 290/305/289 301/318/300 289/306/290
f 301/318/300 300/319/301 289/306/290
f 291/307/291 302/320/302 290/305/289
f 302/320/302 301/318/300 290/305/289
f 299/316/299 310/329/310 298/317/298
f 310/329/310 309/330/309 298/317/298
f 301/318/300 312/331/311 300/319/301
f 312/331/311 311/332/312 300/319/301
f 302/320/302 313/333/313 301/318/300
f 313/333/313 312/331/311 301/318/300
f 309/330/309 320/342/320 308/341/308
f 320/342/320 319/343/319 308/341/308
f 310/329/310 321/344/321 309/330/309
f 321/344/321 320/342/320 309/330/309
f 312/331/311 323/345/322 311/332/312
f 323/345/322 322/346/323 311/332/312
f 313/333/313 324/347/324 312/331/311
f 324/347/324 323/345/322 312/331/311
f 320/342/320 331/355/331 319/343/319
f 331/355/331 330/356/330 319/343/319
f 321/344/321 332/357/332 320/342/320
f 332/357/332 331/355/331 320/342/320
f 323/345/322 334/358/333 322/346/323
f 334/358/333 333/359/334 322/346/323
f 324/347/324 335/360/335 323/345/322
f 335/360/335 334/358/333 323/345/322
f 331/355/331 342/368/342 330/356/330
f 342/368/342 341/369/341 330/356/330
f 332/357/332 343/370/343 331/355/331
f 343/370/343 342/368/342 331/355/331
f 334/358/333 345/371/344 333/359/334
f 345/371/344 344/372/345 333/359/334
f 335/360/335 346/373/346 334/358/333
f 346/373/346 345/371/344 334/358/333
f 342/368/342 353/381/353 341/369/341
f 353/381/353 352/382/352 341/369/341
f 343/370/343 354/383/354 342/368/342
f 354/383/354 353/381/353 342/368/342
f 345/371/344 356/384/355 344/372/345
f 356/384/355 355/385/356 344/372/345
f 346/373/346 357/386/357 345/371/344
f 357/386/357 356/384/355 345/371/344
f 353/381/353 364/394/364 352/382/352
f 364/394/364 363/395/363 352/382/352
f 354/383/354 365/396/365 353/381/353
f 365/396/365 364/394/364 353/381/353
f 356/384/355 367/397/366 355/385/356
f 367/397/366 366/398/367 355/385/356
f 357/386/357 368/399/368 356/384/355
f 368/399/368 367/397/366 356/384/355
f 364/394/364 375/407/375 363/395/363
f 375/407/375 374/408/374 363/395/363
f 365/396/365 376/409/376 364/394/364
f 376/409/376 375/407/375 364/394/364
f 367/397/366 378/410/377 366/398/367
f 378/410/377 377/411/378 366/398/367
f 368/399/368 379/412/379 367/397/366
f 379/412/379 378/410/377 367/397/366
f 375/407/375 386/420/386 374/408/374
f 386/420/386 385/421/385 374/408/374
f 376/409/376 387/422/387 375/407/375
f 387/422/387 386/420/386 375/407/375
f 378/410/377 389/423/388 377/411/378
f 389/423/388 388/424/389 377/411/378
f 379/412/379 390/425/390 378/410/377
f 390/425/390 389/423/388 378/410/377
f 386/420/386 397/433/397 385/421/385
f 397/433/397 396/434/396 385/421/385
f 387/422/387 398/435/398 386/420/386
f 398/435/398 397/433/397 386/420/386
f 389/423/388 400/436/399 388/424/389
f 400/436/399 399/437/400 388/424/389
f 390/425/390 401/438/401 389/423/388
f 401/438/401 400/436/399 389/423/388
f 397/433/397 408/446/408 396/434/396
f 408/446/408 407/447/407 396/434/396
f 398/435/398 409/448/409 397/433/397
f 409/448/409 408/446/408 397/433/397
f 400/449/399 411/451/410 399/450/400
f 411/451/410 410/452/411 399/450/400
f 401/453/401 412/454/412 400/449/399
f 412/454/412 411/451/410 400/449/399
f 408/446/408 419/469/419 407/447/407
f 419/469/419 418/470/418 407/447/407
f 409/448/409 420/471/420 408/446/408
f 420/471/420 419/469/419 408/446/408
f 411/451/410 422/472/421 410/452/411
f 422/472/421 421/473/422 410/452/411
f 412/454/412 423/474/423 411/451/410
f 423/474/423 422/472/421 411/451/410
f 419/469/419 430/482/430 418/470/418
f 430/482/430 429/483/429 418/470/418
f 420/471/420 431/484/431 419/469/419
f 431/484/431 430/482/430 419/469/419
f 422/472/421 433/485/432 421/473/422
f 433/485/432 432/486/433 421/473/422
f 423/474/423 434/487/434 422/472/421
f 434/487/434 433/485/432 422/472/421
f 430/482/430 441/495/441 429/483/429
f 441/495/441 440/496/440 429/483/429
f 431/484/431 442/497/442 430/482/430
f 442/497/442 441/495/441 430/482/430
f 433/485/432 444/498/443 432/486/433
f 444/498/443 443/499/444 432/486/433
f 434/487/434 445/500/445 433/485/432
f 445/500/445 444/498/443 433/485/432
f 441/495/441 452/508/452 440/496/440
f 452/508/452 451/509/451 440/496/440
f 442/497/442 453/510/453 441/495/441
f 453/510/453 452/508/452 441/495/441
f 444/498/443 455/511/454 443/499/444
f 455/511/454 454/512/455 443/499/444
f 445/500/445 456/513/456 444/498/443
f 456/513/456 455/511/454 444/498/443
f 452/508/452 463/521/463 451/509/451
f 463/521/463 462/522/462 451/509/451
f 453/510/453 464/523/464 452/508/452
f 464/523/464 463/521/463 452/508/452
f 455/511/454 466/524/465 454/512/455
f 466/524/465 465/525/466 454/512/455
f 456/513/456 467/526/467 455/511/454
f 467/526/467 466/524/465 455/511/454
f 463/521/463 474/534/474 462/522/462
f 474/534/474 473/535/473 462/522/462
f 464/523/464 475/536/475 463/521/463
f 475/536/475 474/534/474 463/521/463
f 466/524/465 477/537/476 465/525/466
f 477/537/476 476/538/477 465/525/466
f 467/526/467 478/539/478 466/524/465
f 478/539/478 477/537/476 466/524/465
f 474/534/474 485/547/485 473/535/473
f 485/547/485 484/548/484 473/535/473
f 475/536/475 486/549/486 474/534/474
f 486/549/486 485/547/485 474/534/474
f 477/537/476 488/550/487 476/538/477
f 488/550/487 487/551/488 476/538/477
f 478/539/478 489/552/489 477/537/476
f 489/552/489 488/550/487 477/537/476
f 485/547/485 496/560/496 484/548/484
f 496/560/496 495/561/495 484/548/484
f 486/549/486 497/562/497 485/547/485
f 497/562/497 496/560/496 485/547/485
f 488/550/487 499/563/498 487/551/488
f 499/563/498 498/564/499 487/551/488
f 489/552/489 500/565/500 488/550/487
f 500/565/500 499/563/498 488/550/487
f 496/560/496 507/573/507 495/561/495
f 507/573/507 506/574/506 495/561/495
f 497/562/497 508/575/508 496/560/496
f 508/575/508 507/573/507 496/560/496
f 499/563/498 510/576/509 498/564/499
f 510/576/509 509/577/510 498/564/499
f 500/565/500 511/578/511 499/563/498
f 511/578/511 510/576/509 499/563/498
f 507/573/507 518/586/518 506/574/506
f 518/586/518 517/587/517 506/574/506
f 508/575/508 519/588/519 507/573/507
f 519/588/519 518/586/518 507/573/507
f 510/576/509 521/589/520 509/577/510
f 521/589/520 520/590/521 509/577/510
f 511/578/511 522/591/522 510/576/509
f 522/591/522 521/589/520 510/576/509
f 518/586/518 529/599/529 517/587/517
f 529/599/529 528/600/528 517/587/517
f 519/588/519 530/601/530 518/586/518
f 530/601/530 529/599/529 518/586/518
f 521/589/520 37/2/36 520/590/521
f 37/2/36 36/3/37 520/590/521
f 522/591/522 38/6/40 521/589/520
f 38/6/40 37/2/36 521/589/520
f 529/599/529 45/22/54 528/600/528
f 45/22/54 44/23/52 528/600/528
f 530/601/530 46/26/56 529/599/529
f 46/26/56 45/22/54 529/599/529
g VWBeetle.001_Picture
usemtl Picture
f 39/8/42 50/10/43 38/9/40
f 50/10/43 49/11/41 38/9/40
f 40/12/44 51/13/45 39/8/42
f 51/13/45 50/10/43 39/8/42
f 41/14/46 52/15/47 40/12/44
f 52/15/47 51/13/45 40/12/44
f 42/16/48 53/17/49 41/14/46
f 53/17/49 52/15/47 41/14/46
f 43/18/50 54/19/51 42/16/48
f 54/19/51 53/17/49 42/16/48
f 44/20/52 55/21/53 43/18/50
f 55/21/53 54/19/51 43/18/50
f 50/10/43 61/31/61 49/11/41
f 61/31/61 60/32/60 49/11/41
f 51/13/45 62/33/62 50/10/43
f 62/33/62 61/31/61 50/10/43
f 52/15/47 63/34/63 51/13/45
f 63/34/63 62/33/62 51/13/45
f 53/17/49 64/35/64 52/15/47
f 64/35/64 63/34/63 52/15/47
f 54/19/51 65/36/65 53/17/49
f 65/36/65 64/35/64 53/17/49
f 55/21/53 66/37/66 54/19/51
f 66/37/66 65/36/65 54/19/51
f 61/31/61 72/44/72 60/32/60
f 72/44/72 71/45/71 60/32/60
f 62/33/62 73/46/73 61/31/61
f 73/46/73 72/44/72 61/31/61
f 63/34/63 74/47/74 62/33/62
f 74/47/74 73/46/73 62/33/62
f 64/35/64 75/48/75 63/34/63
f 75/48/75 74/47/74 63/34/63
f 65/36/65 76/49/76 64/35/64
f 76/49/76 75/48/75 64/35/64
f 66/37/66 77/50/77 65/36/65
f 77/50/77 76/49/76 65/36/65
f 72/44/72 83/57/83 71/45/71
f 83/57/83 82/58/82 71/45/71
f 73/46/73 84/59/84 72/44/72
f 84/59/84 83/57/83 72/44/72
f 74/47/74 85/60/85 73/46/73
f 85/60/85 84/59/84 73/46/73
f 75/48/75 86/61/86 74/47/74
f 86/61/86 85/60/85 74/47/74
f 76/49/76 87/62/87 75/48/75
f 87/62/87 86/61/86 75/48/75
f 77/50/77 88/63/88 76/49/76
f 88/63/88 87/62/87 76/49/76
f 83/57/83 94/70/94 82/58/82
f 94/70/94 93/71/93 82/58/82
f 84/59/84 95/72/95 83/57/83
f 95/72/95 94/70/94 83/57/83
f 85/60/85 96/73/96 84/59/84
f 96/73/96 95/72/95 84/59/84
f 86/61/86 97/74/97 85/60/85
f 97/74/97 96/73/96 85/60/85
f 87/62/87 98/75/98 86/61/86
f 98/75/98 97/74/97 86/61/86
f 88/63/88 99/76/99 87/62/87
f 99/76/99 98/75/98 87/62/87
f 94/70/94 105/83/105 93/71/93
f 105/83/105 104/84/104 93/71/93
f 95/72/95 106/85/106 94/70/94
f 106/85/106 105/83/105 94/70/94
f 96/73/96 107/86/107 95/72/95
f 107/86/107 106/85/106 95/72/95
f 97/74/97 108/87/108 96/73/96
f 108/87/108 107/86/107 96/73/96
f 98/75/98 109/88/109 97/74/97
f 109/88/109 108/87/108 97/74/97
f 99/76/99 110/89/110 98/75/98
f 110/89/110 109/88/109 98/75/98
f 105/83/105 116/96/116 104/84/104
f 116/96/116 115/97/115 104/84/104
f 106/85/106 117/98/117 105/83/105
f 117/98/117 116/96/116 105/83/105
f 107/86/107 118/99/118 106/85/106
f 118/99/118 117/98/117 106/85/106
f 108/87/108 119/100/119 107/86/107
f 119/100/119 118/99/118 107/86/107
f 109/88/109 120/101/120 108/87/108
f 120/101/120 119/100/119 108/87/108
f 110/89/110 121/102/121 109/88/109
f 121/102/121 120/101/120 109/88/109
f 116/96/116 127/109/127 115/97/115
f 127/109/127 126/110/126 115/97/115
f 117/98/117 128/111/128 116/96/116
f 128/111/128 127/109/127 116/96/116
f 118/99/118 129/112/129 117/98/117
f 129/112/129 128/111/128 117/98/117
f 119/100/119 130/113/130 118/99/118
f 130/113/130 129/112/129 118/99/118
f 120/101/120 131/114/131 119/100/119
f 131/114/131 130/113/130 119/100/119
f 121/102/121 132/115/132 120/101/120
f 132/115/132 131/114/131 120/101/120
f 127/109/127 138/122/138 126/110/126
f 138/122/138 137/123/137 126/110/126
f 128/111/128 139/124/139 127/109/127
f 139/124/139 138/122/138 127/109/127
f 129/112/129 140/125/140 128/111/128
f 140/125/140 139/124/139 128/111/128
f 130/113/130 141/126/141 129/112/129
f 141/126/141 140/125/140 129/112/129
f 131/114/131 142/127/142 130/113/130
f 142/127/142 141/126/141 130/113/130
f 132/115/132 143/128/143 131/114/131
f 143/128/143 142/127/142 131/114/131
f 138/122/138 149/135/149 137/123/137
f 149/135/149 148/136/148 137/123/137
f 139/124/139 150/137/150 138/122/138
f 150/137/150 149/135/149 138/122/138
f 140/125/140 151/138/151 139/124/139
f 151/138/151 150/137/150 139/124/139
f 141/126/141 152/139/152 140/125/140
f 152/139/152 151/138/151 140/125/140
f 142/127/142 153/140/153 141/126/141
f 153/140/153 152/139/152 141/126/141
f 143/128/143 154/141/154 142/127/142
f 154/141/154 153/140/153 142/127/142
f 149/135/149 160/148/160 148/136/148
f 160/148/160 159/149/159 148/136/148
f 150/137/150 161/150/161 149/135/149
f 161/150/161 160/148/160 149/135/149
f 151/138/151 162/151/162 150/137/150
f 162/151/162 161/150/161 150/137/150
f 152/139/152 163/152/163 151/138/151
f 163/152/163 162/151/162 151/138/151
f 153/140/153 164/153/164 152/139/152
f 164/153/164 163/152/163 152/139/152
f 154/141/154 165/154/165 153/140/153
f 165/154/165 164/153/164 153/140/153
f 160/148/160 171/161/171 159/149/159
f 171/161/171 170/162/170 159/149/159
f 161/150/161 172/163/172 160/148/160
f 172/163/172 171/161/171 160/148/160
f 162/151/162 173/164/173 161/150/161
f 173/164/173 172/163/172 161/150/161
f 163/152/163 174/165/174 162/151/162
f 174/165/174 173/164/173 162/151/162
f 164/153/164 175/166/175 163/152/163
f 175/166/175 174/165/174 163/152/163
f 165/154/165 176/167/176 164/153/164
f 176/167/176 175/166/175 164/153/164
f 171/161/171 182/177/182 170/162/170
f 182/177/182 181/178/181 170/162/170
f 172/163/172 183/179/183 171/161/171
f 183/179/183 182/177/182 171/161/171
f 173/164/173 184/180/184 172/163/172
f 184/180/184 183/179/183 172/163/172
f 174/165/174 185/181/185 173/164/173
f 185/181/185 184/180/184 173/164/173
f 175/166/175 186/182/186 174/165/174
f 186/182/186 185/181/185 174/165/174
f 176/167/176 187/183/187 175/166/175
f 187/183/187 186/182/186 175/166/175
f 182/177/182 193/190/193 181/178/181
f 193/190/193 192/191/192 181/178/181
f 183/179/183 194/192/194 182/177/182
f 194/192/194 193/190/193 182/177/182
f 184/180/184 195/193/195 183/179/183
f 195/193/195 194/192/194 183/179/183
f 185/181/185 196/194/196 184/180/184
f 196/194/196 195/193/195 184/180/184
f 186/182/186 197/195/197 185/181/185
f 197/195/197 196/194/196 185/181/185
f 187/183/187 198/196/198 186/182/186
f 198/196/198 197/195/197 186/182/186
f 188/197/188 199/198/199 187/183/187
f 199/198/199 198/196/198 187/183/187
f 193/190/193 204/204/204 192/191/192
f 204/204/204 203/205/203 192/191/192
f 194/192/194 205/206/205 193/190/193
f 205/206/205 204/204/204 193/190/193
f 195/193/195 206/207/206 194/192/194
f 206/207/206 205/206/205 194/192/194
f 196/194/196 207/208/207 195/193/195
f 207/208/207 206/207/206 195/193/195
f 197/195/197 208/209/208 196/194/196
f 208/209/208 207/208/207 196/194/196
f 198/196/198 209/210/209 197/195/197
f 209/210/209 208/209/208 197/195/197
f 199/198/199 210/211/210 198/196/198
f 210/211/210 209/210/209 198/196/198
f 204/204/204 215/217/215 203/205/203
f 215/217/215 214/218/214 203/205/203
f 205/206/205 216/219/216 204/204/204
f 216/219/216 215/217/215 204/204/204
f 206/207/206 217/220/217 205/206/205
f 217/220/217 216/219/216 205/206/205
f 207/208/207 218/221/218 206/207/206
f 218/221/218 217/220/217 206/207/206
f 208/209/208 219/222/219 207/208/207
f 219/222/219 218/221/218 207/208/207
f 209/210/209 220/223/220 208/209/208
f 220/223/220 219/222/219 208/209/208
f 210/211/210 221/224/221 209/210/209
f 221/224/221 220/223/220 209/210/209
f 215/217/215 226/230/226 214/218/214
f 226/230/226 225/231/225 214/218/214
f 216/219/216 227/232/227 215/217/215
f 227/232/227 226/230/226 215/217/215
f 217/220/217 228/233/228 216/219/216
f 228/233/228 227/232/227 216/219/216
f 218/221/218 229/234/229 217/220/217
f 229/234/229 228/233/228 217/220/217
f 219/222/219 230/235/230 218/221/218
f 230/235/230 229/234/229 218/221/218
f 220/223/220 231/236/231 219/222/219
f 231/236/231 230/235/230 219/222/219
f 221/224/221 232/237/232 220/223/220
f 232/237/232 231/236/231 220/223/220
f 226/230/226 237/243/237 225/231/225
f 237/243/237 236/244/236 225/231/225
f 227/232/227 238/245/238 226/230/226
f 238/245/238 237/243/237 226/230/226
f 228/233/228 239/246/239 227/232/227
f 239/246/239 238/245/238 227/232/227
f 229/234/229 240/247/240 228/233/228
f 240/247/240 239/246/239 228/233/228
f 230/235/230 241/248/241 229/234/229
f 241/248/241 240/247/240 229/234/229
f 231/236/231 242/249/242 230/235/230
f 242/249/242 241/248/241 230/235/230
f 232/237/232 243/250/243 231/236/231
f 243/250/243 242/249/242 231/236/231
f 237/243/237 248/256/248 236/244/236
f 248/256/248 247/257/247 236/244/236
f 238/245/238 249/258/249 237/243/237
f 249/258/249 248/256/248 237/243/237
f 239/246/239 250/259/250 238/245/238
f 250/259/250 249/258/249 238/245/238
f 240/247/240 251/260/251 239/246/239
f 251/260/251 250/259/250 239/246/239
f 241/248/241 252/261/252 240/247/240
f 252/261/252 251/260/251 240/247/240
f 242/249/242 253/262/253 241/248/241
f 253/262/253 252/261/252 241/248/241
f 243/250/243 254/263/254 242/249/242
f 254/263/254 253/262/253 242/249/242
f 248/256/248 259/269/259 247/257/247
f 259/269/259 258/270/258 247/257/247
f 249/258/249 260/271/260 248/256/248
f 260/271/260 259/269/259 248/256/248
f 250/259/250 261/272/261 249/258/249
f 261/272/261 260/271/260 249/258/249
f 251/260/251 262/273/262 250/259/250
f 262/273/262 261/272/261 250/259/250
f 252/261/252 263/274/263 251/260/251
f 263/274/263 262/273/262 251/260/251
f 253/262/253 264/275/264 252/261/252
f 264/275/264 263/274/263 252/261/252
f 254/263/254 265/276/265 253/262/253
f 265/276/265 264/275/264 253/262/253
f 259/269/259 270/282/270 258/270/258
f 270/282/270 269/283/269 258/270/258
f 260/271/260 271/284/271 259/269/259
f 271/284/271 270/282/270 259/269/259
f 261/272/261 272/285/272 260/271/260
f 272/285/272 271/284/271 260/271/260
f 262/273/262 273/286/273 261/272/261
f 273/286/273 272/285/272 261/272/261
f 263/274/263 274/287/274 262/273/262
f 274/287/274 273/286/273 262/273/262
f 264/275/264 275/288/275 263/274/263
f 275/288/275 274/287/274 263/274/263
f 265/276/265 276/289/276 264/275/264
f 276/289/276 275/288/275 264/275/264
f 270/282/270 281/295/281 269/283/269
f 281/295/281 280/296/280 269/283/269
f 271/284/271 282/297/282 270/282/270
f 282/297/282 281/295/281 270/282/270
f 272/285/272 283/298/283 271/284/271
f 283/298/283 282/297/282 271/284/271
f 273/286/273 284/299/284 272/285/272
f 284/299/284 283/298/283 272/285/272
f 274/287/274 285/300/285 273/286/273
f 285/300/285 284/299/284 273/286/273
f 275/288/275 286/301/286 274/287/274
f 286/301/286 285/300/285 274/287/274
f 276/289/276 287/302/287 275/288/275
f 287/302/287 286/301/286 275/288/275
f 281/295/281 292/308/292 280/296/280
f 292/308/292 291/309/291 280/296/280
f 282/297/282 293/310/293 281/295/281
f 293/310/293 292/308/292 281/295/281
f 283/298/283 294/311/294 282/297/282
f 294/311/294 293/310/293 282/297/282
f 284/299/284 295/312/295 283/298/283
f 295/312/295 294/311/294 283/298/283
f 285/300/285 296/313/296 284/299/284
f 296/313/296 295/312/295 284/299/284
f 286/301/286 297/314/297 285/300/285
f 297/314/297 296/313/296 285/300/285
f 287/302/287 298/315/298 286/301/286
f 298/315/298 297/314/297 286/301/286
f 292/308/292 303/321/303 291/309/291
f 303/321/303 302/322/302 291/309/291
f 293/310/293 304/323/304 292/308/292
f 304/323/304 303/321/303 292/308/292
f 294/311/294 305/324/305 293/310/293
f 305/324/305 304/323/304 293/310/293
f 295/312/295 306/325/306 294/311/294
f 306/325/306 305/324/305 294/311/294
f 296/313/296 307/326/307 295/312/295
f 307/326/307 306/325/306 295/312/295
f 297/314/297 308/327/308 296/313/296
f 308/327/308 307/326/307 296/313/296
f 298/315/298 309/328/309 297/314/297
f 309/328/309 308/327/308 297/314/297
f 303/321/303 314/334/314 302/322/302
f 314/334/314 313/335/313 302/322/302
f 304/323/304 315/336/315 303/321/303
f 315/336/315 314/334/314 303/321/303
f 305/324/305 316/337/316 304/323/304
f 316/337/316 315/336/315 304/323/304
f 306/325/306 317/338/317 305/324/305
f 317/338/317 316/337/316 305/324/305
f 307/326/307 318/339/318 306/325/306
f 318/339/318 317/338/317 306/325/306
f 308/327/308 319/340/319 307/326/307
f 319/340/319 318/339/318 307/326/307
f 314/334/314 325/348/325 313/335/313
f 325/348/325 324/349/324 313/335/313
f 315/336/315 326/350/326 314/334/314
f 326/350/326 325/348/325 314/334/314
f 316/337/316 327/351/327 315/336/315
f 327/351/327 326/350/326 315/336/315
f 317/338/317 328/352/328 316/337/316
f 328/352/328 327/351/327 316/337/316
f 318/339/318 329/353/329 317/338/317
f 329/353/329 328/352/328 317/338/317
f 319/340/319 330/354/330 318/339/318
f 330/354/330 329/353/329 318/339/318
f 325/348/325 336/361/336 324/349/324
f 336/361/336 335/362/335 324/349/324
f 326/350/326 337/363/337 325/348/325
f 337/363/337 336/361/336 325/348/325
f 327/351/327 338/364/338 326/350/326
f 338/364/338 337/363/337 326/350/326
f 328/352/328 339/365/339 327/351/327
f 339/365/339 338/364/338 327/351/327
f 329/353/329 340/366/340 328/352/328
f 340/366/340 339/365/339 328/352/328
f 330/354/330 341/367/341 329/353/329
f 341/367/341 340/366/340 329/353/329
f 336/361/336 347/374/347 335/362/335
f 347/374/347 346/375/346 335/362/335
f 337/363/337 348/376/348 336/361/336
f 348/376/348 347/374/347 336/361/336
f 338/364/338 349/377/349 337/363/337
f 349/377/349 348/376/348 337/363/337
f 339/365/339 350/378/350 338/364/338
f 350/378/350 349/377/349 338/364/338
f 340/366/340 351/379/351 339/365/339
f 351/379/351 350/378/350 339/365/339
f 341/367/341 352/380/352 340/366/340
f 352/380/352 351/379/351 340/366/340
f 347/374/347 358/387/358 346/375/346
f 358/387/358 357/388/357 346/375/346
f 348/376/348 359/389/359 347/374/347
f 359/389/359 358/387/358 347/374/347
f 349/377/349 360/390/360 348/376/348
f 360/390/360 359/389/359 348/376/348
f 350/378/350 361/391/361 349/377/349
f 361/391/361 360/390/360 349/377/349
f 351/379/351 362/392/362 350/378/350
f 362/392/362 361/391/361 350/378/350
f 352/380/352 363/393/363 351/379/351
f 363/393/363 362/392/362 351/379/351
f 358/387/358 369/400/369 357/388/357
f 369/400/369 368/401/368 357/388/357
f 359/389/359 370/402/370 358/387/358
f 370/402/370 369/400/369 358/387/358
f 360/390/360 371/403/371 359/389/359
f 371/403/371 370/402/370 359/389/359
f 361/391/361 372/404/372 360/390/360
f 372/404/372 371/403/371 360/390/360
f 362/392/362 373/405/373 361/391/361
f 373/405/373 372/404/372 361/391/361
f 363/393/363 374/406/374 362/392/362
f 374/406/374 373/405/373 362/392/362
f 369/400/369 380/413/380 368/401/368
f 380/413/380 379/414/379 368/401/368
f 370/402/370 381/415/381 369/400/369
f 381/415/381 380/413/380 369/400/369
f 371/403/371 382/416/382 370/402/370
f 382/416/382 381/415/381 370/402/370
f 372/404/372 383/417/383 371/403/371
f 383/417/383 382/416/382 371/403/371
f 373/405/373 384/418/384 372/404/372
f 384/418/384 383/417/383 372/404/372
f 374/406/374 385/419/385 373/405/373
f 385/419/385 384/418/384 373/405/373
f 380/413/380 391/426/391 379/414/379
f 391/426/391 390/427/390 379/414/379
f 381/415/381 392/428/392 380/413/380
f 392/428/392 391/426/391 380/413/380
f 382/416/382 393/429/393 381/415/381
f 393/429/393 392/428/392 381/415/381
f 383/417/383 394/430/394 382/416/382
f 394/430/394 393/429/393 382/416/382
f 384/418/384 395/431/395 383/417/383
f 395/431/395 394/430/394 383/417/383
f 385/419/385 396/432/396 384/418/384
f 396/432/396 395/431/395 384/418/384
f 391/426/391 402/439/402 390/427/390
f 402/439/402 401/440/401 390/427/390
f 392/428/392 403/441/403 391/426/391
f 403/441/403 402/439/402 391/426/391
f 393/429/393 404/442/404 392/428/392
f 404/442/404 403/441/403 392/428/392
f 394/430/394 405/443/405 393/429/393
f 405/443/405 404/442/404 393/429/393
f 395/431/395 406/444/406 394/430/394
f 406/444/406 405/443/405 394/430/394
f 396/432/396 407/445/407 395/431/395
f 407/445/407 406/444/406 395/431/395
f 402/455/402 413/457/413 401/456/401
f 413/457/413 412/458/412 401/456/401
f 403/459/403 414/460/414 402/455/402
f 414/460/414 413/457/413 402/455/402
f 404/461/404 415/462/415 403/459/403
f 415/462/415 414/460/414 403/459/403
f 405/463/405 416/464/416 404/461/404
f 416/464/416 415/462/415 404/461/404
f 406/465/406 417/466/417 405/463/405
f 417/466/417 416/464/416 405/463/405
f 407/467/407 418/468/418 406/465/406
f 418/468/418 417/466/417 406/465/406
f 413/457/413 424/475/424 412/458/412
f 424/475/424 423/476/423 412/458/412
f 414/460/414 425/477/425 413/457/413
f 425/477/425 424/475/424 413/457/413
f 415/462/415 426/478/426 414/460/414
f 426/478/426 425/477/425 414/460/414
f 416/464/416 427/479/427 415/462/415
f 427/479/427 426/478/426 415/462/415
f 417/466/417 428/480/428 416/464/416
f 428/480/428 427/479/427 416/464/416
f 418/468/418 429/481/429 417/466/417
f 429/481/429 428/480/428 417/466/417
f 424/475/424 435/488/435 423/476/423
f 435/488/435 434/489/434 423/476/423
f 425/477/425 436/490/436 424/475/424
f 436/490/436 435/488/435 424/475/424
f 426/478/426 437/491/437 425/477/425
f 437/491/437 436/490/436 425/477/425
f 427/479/427 438/492/438 426/478/426
f 438/492/438 437/491/437 426/478/426
f 428/480/428 439/493/439 427/479/427
f 439/493/439 438/492/438 427/479/427
f 429/481/429 440/494/440 428/480/428
f 440/494/440 439/493/439 428/480/428
f 435/488/435 446/501/446 434/489/434
f 446/501/446 445/502/445 434/489/434
f 436/490/436 447/503/447 435/488/435
f 447/503/447 446/501/446 435/488/435
f 437/491/437 448/504/448 436/490/436
f 448/504/448 447/503/447 436/490/436
f 438/492/438 449/505/449 437/491/437
f 449/505/449 448/504/448 437/491/437
f 439/493/439 450/506/450 438/492/438
f 450/506/450 449/505/449 438/492/438
f 440/494/440 451/507/451 439/493/439
f 451/507/451 450/506/450 439/493/439
f 446/501/446 457/514/457 445/502/445
f 457/514/457 456/515/456 445/502/445
f 447/503/447 458/516/458 446/501/446
f 458/516/458 457/514/457 446/501/446
f 448/504/448 459/517/459 447/503/447
f 459/517/459 458/516/458 447/503/447
f 449/505/449 460/518/460 448/504/448
f 460/518/460 459/517/459 448/504/448
f 450/506/450 461/519/461 449/505/449
f 461/519/461 460/518/460 449/505/449
f 451/507/451 462/520/462 450/506/450
f 462/520/462 461/519/461 450/506/450
f 457/514/457 468/527/468 456/515/456
f 468/527/468 467/528/467 456/515/456
f 458/516/458 469/529/469 457/514/457
f 469/529/469 468/527/468 457/514/457
f 459/517/459 470/530/470 458/516/458
f 470/530/470 469/529/469 458/516/458
f 460/518/460 471/531/471 459/517/459
f 471/531/471 470/530/470 459/517/459
f 461/519/461 472/532/472 460/518/460
f 472/532/472 471/531/471 460/518/460
f 462/520/462 473/533/473 461/519/461
f 473/533/473 472/532/472 461/519/461
f 468/527/468 479/540/479 467/528/467
f 479/540/479 478/541/478 467/528/467
f 469/529/469 480/542/480 468/527/468
f 480/542/480 479/540/479 468/527/468
f 470/530/470 481/543/481 469/529/469
f 481/543/481 480/542/480 469/529/469
f 471/531/471 482/544/482 470/530/470
f 482/544/482 481/543/481 470/530/470
f 472/532/472 483/545/483 471/531/471
f 483/545/483 482/544/482 471/531/471
f 473/533/473 484/546/484 472/532/472
f 484/546/484 483/545/483 472/532/472
f 479/540/479 490/553/490 478/541/478
f 490/553/490 489/554/489 478/541/478
f 480/542/480 491/555/491 479/540/479
f 491/555/491 490/553/490 479/540/479
f 481/543/481 492/556/492 480/542/480
f 492/556/492 491/555/491 480/542/480
f 482/544/482 493/557/493 481/543/481
f 493/557/493 492/556/492 481/543/481
f 483/545/483 494/558/494 482/544/482
f 494/558/494 493/557/493 482/544/482
f 484/546/484 495/559/495 483/545/483
f 495/559/495 494/558/494 483/545/483
f 490/553/490 501/566/501 489/554/489
f 501/566/501 500/567/500 489/554/489
f 491/555/491 502/568/502 490/553/490
f 502/568/502 501/566/501 490/553/490
f 492/556/492 503/569/503 491/555/491
f 503/569/503 502/568/502 491/555/491
f 493/557/493 504/570/504 492/556/492
f 504/570/504 503/569/503 492/556/492
f 494/558/494 505/571/505 493/557/493
f 505/571/505 504/570/504 493/557/493
f 495/559/495 506/572/506 494/558/494
f 506/572/506 505/571/505 494/558/494
f 501/566/501 512/579/512 500/567/500
f 512/579/512 511/580/511 500/567/500
f 502/568/502 513/581/513 501/566/501
f 513/581/513 512/579/512 501/566/501
f 503/569/503 514/582/514 502/568/502
f 514/582/514 513/581/513 502/568/502
f 504/570/504 515/583/515 503/569/503
f 515/583/515 514/582/514 503/569/503
f 505/571/505 516/584/516 504/570/504
f 516/584/516 515/583/515 504/570/504
f 506/572/506 517/585/517 505/571/505
f 517/585/517 516/584/516 505/571/505
f 512/579/512 523/592/523 511/580/511
f 523/592/523 522/593/522 511/580/511
f 513/581/513 524/594/524 512/579/512
f 524/594/524 523/592/523 512/579/512
f 514/582/514 525/595/525 513/581/513
f 525/595/525 524/594/524 513/581/513
f 515/583/515 526/596/526 514/582/514
f 526/596/526 525/595/525 514/582/514
f 516/584/516 527/597/527 515/583/515
f 527/597/527 526/596/526 515/583/515
f 517/585/517 528/598/528 516/584/516
f 528/598/528 527/597/527 516/584/516
f 523/592/523 39/8/42 522/593/522
f 39/8/42 38/9/40 522/593/522
f 524/594/524 40/12/44 523/592/523
f 40/12/44 39/8/42 523/592/523
f 525/595/525 41/14/46 524/594/524
f 41/14/46 40/12/44 524/594/524
f 526/596/526 42/16/48 525/595/525
f 42/16/48 41/14/46 525/595/525
f 527/597/527 43/18/50 526/596/526
f 43/18/50 42/16/48 526/596/526
f 528/598/528 44/20/52 527/597/527
f 44/20/52 43/18/50 527/597/527
s 3
g VWBeetle.001_white
usemtl white
f 532/1/531 551/1/533 531/1/532
f 551/1/533 550/1/534 531/1/532
f 533/1/535 552/1/536 532/1/531
f 552/1/536 551/1/533 532/1/531
f 534/1/537 553/1/538 533/1/535
f 553/1/538 552/1/536 533/1/535
f 535/1/539 554/1/540 534/1/537
f 554/1/540 553/1/538 534/1/537
s 4
f 536/1/541 555/1/543 535/1/542
f 555/1/543 554/1/544 535/1/542
s 5
f 537/1/545 556/1/547 536/1/546
f 556/1/547 555/1/548 536/1/546
f 538/1/549 557/1/550 537/1/545
f 557/1/550 556/1/547 537/1/545
s 6
f 539/1/551 558/1/553 538/1/552
f 558/1/553 557/1/554 538/1/552
f 540/1/555 559/1/556 539/1/551
f 559/1/556 558/1/553 539/1/551
f 541/1/557 560/1/558 540/1/555
f 560/1/558 559/1/556 540/1/555
s 7
f 542/1/559 561/1/561 541/1/560
f 561/1/561 560/1/562 541/1/560
s 8
f 543/1/563 562/1/563 542/1/563
f 562/1/563 561/1/563 542/1/563
s 9
f 544/1/564 563/1/566 543/1/565
f 563/1/566 562/1/567 543/1/565
s 10
f 545/1/568 564/1/568 544/1/568
f 564/1/568 563/1/568 544/1/568
s 11
f 546/1/569 565/1/571 545/1/570
f 565/1/571 564/1/572 545/1/570
s 12
f 547/1/568 566/1/568 546/1/568
f 566/1/568 565/1/568 546/1/568
s 13
f 548/1/573 567/1/575 547/1/574
f 567/1/575 566/1/576 547/1/574
s 14
f 549/1/568 567/1/568 548/1/568
s 3
f 551/1/533 569/1/577 550/1/534
f 569/1/577 568/1/578 550/1/534
f 552/1/536 570/1/579 551/1/533
f 570/1/579 569/1/577 551/1/533
f 553/1/538 571/1/580 552/1/536
f 571/1/580 570/1/579 552/1/536
f 554/1/540 572/1/581 553/1/538
f 572/1/581 571/1/580 553/1/538
s 4
f 555/1/543 573/1/582 554/1/544
f 573/1/582 572/1/583 554/1/544
s 5
f 556/1/547 574/1/584 555/1/548
f 574/1/584 573/1/585 555/1/548
f 557/1/550 575/1/586 556/1/547
f 575/1/586 574/1/584 556/1/547
s 6
f 558/1/553 576/1/587 557/1/554
f 576/1/587 575/1/588 557/1/554
f 559/1/556 577/1/589 558/1/553
f 577/1/589 576/1/587 558/1/553
f 560/1/558 578/1/590 559/1/556
f 578/1/590 577/1/589 559/1/556
s 7
f 561/1/561 579/1/591 560/1/562
f 579/1/591 578/1/592 560/1/562
s 8
f 562/1/563 580/1/563 561/1/563
f 580/1/563 579/1/563 561/1/563
s 9
f 563/1/566 581/1/593 562/1/567
f 581/1/593 580/1/594 562/1/567
s 10
f 564/1/568 582/1/568 563/1/568
f 582/1/568 581/1/568 563/1/568
s 11
f 565/1/571 583/1/595 564/1/572
f 583/1/595 582/1/596 564/1/572
s 12
f 566/1/568 584/1/568 565/1/568
f 584/1/568 583/1/568 565/1/568
s 13
f 567/1/575 585/1/597 566/1/576
f 585/1/597 584/1/598 566/1/576
s 14
f 549/1/568 585/1/568 567/1/568
s 3
f 569/1/577 587/1/599 568/1/578
f 587/1/599 586/1/600 568/1/578
f 570/1/579 588/1/601 569/1/577
f 588/1/601 587/1/599 569/1/577
f 571/1/580 589/1/602 570/1/579
f 589/1/602 588/1/601 570/1/579
f 572/1/581 590/1/603 571/1/580
f 590/1/603 589/1/602 571/1/580
s 4
f 573/1/582 591/1/604 572/1/583
f 591/1/604 590/1/605 572/1/583
s 5
f 574/1/584 592/1/606 573/1/585
f 592/1/606 591/1/607 573/1/585
f 575/1/586 593/1/608 574/1/584
f 593/1/608 592/1/606 574/1/584
s 6
f 576/1/587 594/1/609 575/1/588
f 594/1/609 593/1/610 575/1/588
f 577/1/589 595/1/611 576/1/587
f 595/1/611 594/1/609 576/1/587
f 578/1/590 596/1/612 577/1/589
f 596/1/612 595/1/611 577/1/589
s 7
f 579/1/591 597/1/613 578/1/592
f 597/1/613 596/1/614 578/1/592
s 8
f 580/1/563 598/1/563 579/1/563
f 598/1/563 597/1/563 579/1/563
s 9
f 581/1/593 599/1/615 580/1/594
f 599/1/615 598/1/616 580/1/594
s 10
f 582/1/568 600/1/568 581/1/568
f 600/1/568 599/1/568 581/1/568
s 11
f 583/1/595 601/1/617 582/1/596
f 601/1/617 600/1/618 582/1/596
s 12
f 584/1/568 602/1/568 583/1/568
f 602/1/568 601/1/568 583/1/568
s 13
f 585/1/597 603/1/619 584/1/598
f 603/1/619 602/1/620 584/1/598
s 14
f 549/1/568 603/1/568 585/1/568
s 3
f 587/1/599 605/1/621 586/1/600
f 605/1/621 604/1/622 586/1/600
f 588/1/601 606/1/623 587/1/599
f 606/1/623 605/1/621 587/1/599
f 589/1/602 607/1/624 588/1/601
f 607/1/624 606/1/623 588/1/601
f 590/1/603 608/1/625 589/1/602
f 608/1/625 607/1/624 589/1/602
s 4
f 591/1/604 609/1/626 590/1/605
f 609/1/626 608/1/627 590/1/605
s 5
f 592/1/606 610/1/628 591/1/607
f 610/1/628 609/1/629 591/1/607
f 593/1/608 611/1/630 592/1/606
f 611/1/630 610/1/628 592/1/606
s 6
f 594/1/609 612/1/631 593/1/610
f 612/1/631 611/1/632 593/1/610
f 595/1/611 613/1/633 594/1/609
f 613/1/633 612/1/631 594/1/609
f 596/1/612 614/1/634 595/1/611
f 614/1/634 613/1/633 595/1/611
s 7
f 597/1/613 615/1/635 596/1/614
f 615/1/635 614/1/636 596/1/614
s 8
f 598/1/563 616/1/563 597/1/563
f 616/1/563 615/1/563 597/1/563
s 9
f 599/1/615 617/1/637 598/1/616
f 617/1/637 616/1/638 598/1/616
s 10
f 600/1/568 618/1/568 599/1/568
f 618/1/568 617/1/568 599/1/568
s 11
f 601/1/617 619/1/639 600/1/618
f 619/1/639 618/1/640 600/1/618
s 12
f 602/1/568 620/1/568 601/1/568
f 620/1/568 619/1/568 601/1/568
s 13
f 603/1/619 621/1/641 602/1/620
f 621/1/641 620/1/642 602/1/620
s 14
f 549/1/568 621/1/568 603/1/568
s 3
f 605/1/621 623/1/643 604/1/622
f 623/1/643 622/1/644 604/1/622
f 606/1/623 624/1/645 605/1/621
f 624/1/645 623/1/643 605/1/621
f 607/1/624 625/1/646 606/1/623
f 625/1/646 624/1/645 606/1/623
f 608/1/625 626/1/647 607/1/624
f 626/1/647 625/1/646 607/1/624
s 4
f 609/1/626 627/1/648 608/1/627
f 627/1/648 626/1/649 608/1/627
s 5
f 610/1/628 628/1/650 609/1/629
f 628/1/650 627/1/651 609/1/629
f 611/1/630 629/1/652 610/1/628
f 629/1/652 628/1/650 610/1/628
s 6
f 612/1/631 630/1/653 611/1/632
f 630/1/653 629/1/654 611/1/632
f 613/1/633 631/1/655 612/1/631
f 631/1/655 630/1/653 612/1/631
f 614/1/634 632/1/656 613/1/633
f 632/1/656 631/1/655 613/1/633
s 7
f 615/1/635 633/1/657 614/1/636
f 633/1/657 632/1/658 614/1/636
s 8
f 616/1/563 634/1/563 615/1/563
f 634/1/563 633/1/563 615/1/563
s 9
f 617/1/637 635/1/659 616/1/638
f 635/1/659 634/1/660 616/1/638
s 10
f 618/1/568 636/1/568 617/1/568
f 636/1/568 635/1/568 617/1/568
s 11
f 619/1/639 637/1/661 618/1/640
f 637/1/661 636/1/662 618/1/640
s 12
f 620/1/568 638/1/568 619/1/568
f 638/1/568 637/1/568 619/1/568
s 13
f 621/1/641 639/1/663 620/1/642
f 639/1/663 638/1/664 620/1/642
s 14
f 549/1/568 639/1/568 621/1/568
s 3
f 623/1/643 641/1/665 622/1/644
f 641/1/665 640/1/666 622/1/644
f 624/1/645 642/1/667 623/1/643
f 642/1/667 641/1/665 623/1/643
f 625/1/646 643/1/668 624/1/645
f 643/1/668 642/1/667 624/1/645
f 626/1/647 644/1/669 625/1/646
f 644/1/669 643/1/668 625/1/646
s 4
f 627/1/648 645/1/670 626/1/649
f 645/1/670 644/1/671 626/1/649
s 5
f 628/1/650 646/1/672 627/1/651
f 646/1/672 645/1/673 627/1/651
f 629/1/652 647/1/674 628/1/650
f 647/1/674 646/1/672 628/1/650
s 6
f 630/1/653 648/1/675 629/1/654
f 648/1/675 647/1/676 629/1/654
f 631/1/655 649/1/677 630/1/653
f 649/1/677 648/1/675 630/1/653
f 632/1/656 650/1/678 631/1/655
f 650/1/678 649/1/677 631/1/655
s 7
f 633/1/657 651/1/679 632/1/658
f 651/1/679 650/1/680 632/1/658
s 8
f 634/1/563 652/1/563 633/1/563
f 652/1/563 651/1/563 633/1/563
s 9
f 635/1/659 653/1/681 634/1/660
f 653/1/681 652/1/682 634/1/660
s 10
f 636/1/568 654/1/568 635/1/568
f 654/1/568 653/1/568 635/1/568
s 11
f 637/1/661 655/1/683 636/1/662
f 655/1/683 654/1/684 636/1/662
s 12
f 638/1/568 656/1/568 637/1/568
f 656/1/568 655/1/568 637/1/568
s 13
f 639/1/663 657/1/685 638/1/664
f 657/1/685 656/1/686 638/1/664
s 14
f 549/1/568 657/1/568 639/1/568
s 3
f 641/1/665 659/1/687 640/1/666
f 659/1/687 658/1/688 640/1/666
f 642/1/667 660/1/689 641/1/665
f 660/1/689 659/1/687 641/1/665
f 643/1/668 661/1/690 642/1/667
f 661/1/690 660/1/689 642/1/667
f 644/1/669 662/1/691 643/1/668
f 662/1/691 661/1/690 643/1/668
s 4
f 645/1/670 663/1/692 644/1/671
f 663/1/692 662/1/693 644/1/671
s 5
f 646/1/672 664/1/694 645/1/673
f 664/1/694 663/1/695 645/1/673
f 647/1/674 665/1/696 646/1/672
f 665/1/696 664/1/694 646/1/672
s 6
f 648/1/675 666/1/697 647/1/676
f 666/1/697 665/1/698 647/1/676
f 649/1/677 667/1/699 648/1/675
f 667/1/699 666/1/697 648/1/675
f 650/1/678 668/1/700 649/1/677
f 668/1/700 667/1/699 649/1/677
s 7
f 651/1/679 669/1/701 650/1/680
f 669/1/701 668/1/702 650/1/680
s 8
f 652/1/563 670/1/563 651/1/563
f 670/1/563 669/1/563 651/1/563
s 9
f 653/1/681 671/1/703 652/1/682
f 671/1/703 670/1/704 652/1/682
s 10
f 654/1/568 672/1/568 653/1/568
f 672/1/568 671/1/568 653/1/568
s 11
f 655/1/683 673/1/705 654/1/684
f 673/1/705 672/1/706 654/1/684
s 12
f 656/1/568 674/1/568 655/1/568
f 674/1/568 673/1/568 655/1/568
s 13
f 657/1/685 675/1/707 656/1/686
f 675/1/707 674/1/708 656/1/686
s 14
f 549/1/568 675/1/568 657/1/568
s 3
f 659/1/687 677/1/709 658/1/688
f 677/1/709 676/1/710 658/1/688
f 660/1/689 678/1/711 659/1/687
f 678/1/711 677/1/709 659/1/687
f 661/1/690 679/1/712 660/1/689
f 679/1/712 678/1/711 660/1/689
f 662/1/691 680/1/713 661/1/690
f 680/1/713 679/1/712 661/1/690
s 4
f 663/1/692 681/1/714 662/1/693
f 681/1/714 680/1/715 662/1/693
s 5
f 664/1/694 682/1/716 663/1/695
f 682/1/716 681/1/717 663/1/695
f 665/1/696 683/1/718 664/1/694
f 683/1/718 682/1/716 664/1/694
s 6
f 666/1/697 684/1/719 665/1/698
f 684/1/719 683/1/720 665/1/698
f 667/1/699 685/1/721 666/1/697
f 685/1/721 684/1/719 666/1/697
f 668/1/700 686/1/722 667/1/699
f 686/1/722 685/1/721 667/1/699
s 7
f 669/1/701 687/1/723 668/1/702
f 687/1/723 686/1/724 668/1/702
s 8
f 670/1/563 688/1/563 669/1/563
f 688/1/563 687/1/563 669/1/563
s 9
f 671/1/703 689/1/725 670/1/704
f 689/1/725 688/1/726 670/1/704
s 10
f 672/1/568 690/1/568 671/1/568
f 690/1/568 689/1/568 671/1/568
s 11
f 673/1/705 691/1/727 672/1/706
f 691/1/727 690/1/728 672/1/706
s 12
f 674/1/568 692/1/568 673/1/568
f 692/1/568 691/1/568 673/1/568
s 13
f 675/1/707 693/1/729 674/1/708
f 693/1/729 692/1/730 674/1/708
s 14
f 549/1/568 693/1/568 675/1/568
s 3
f 677/1/709 695/1/731 676/1/710
f 695/1/731 694/1/732 676/1/710
f 678/1/711 696/1/733 677/1/709
f 696/1/733 695/1/731 677/1/709
f 679/1/712 697/1/734 678/1/711
f 697/1/734 696/1/733 678/1/711
f 680/1/713 698/1/735 679/1/712
f 698/1/735 697/1/734 679/1/712
s 4
f 681/1/714 699/1/736 680/1/715
f 699/1/736 698/1/737 680/1/715
s 5
f 682/1/716 700/1/738 681/1/717
f 700/1/738 699/1/739 681/1/717
f 683/1/718 701/1/740 682/1/716
f 701/1/740 700/1/738 682/1/716
s 6
f 684/1/719 702/1/741 683/1/720
f 702/1/741 701/1/742 683/1/720
f 685/1/721 703/1/743 684/1/719
f 703/1/743 702/1/741 684/1/719
f 686/1/722 704/1/744 685/1/721
f 704/1/744 703/1/743 685/1/721
s 7
f 687/1/723 705/1/745 686/1/724
f 705/1/745 704/1/746 686/1/724
s 8
f 688/1/563 706/1/563 687/1/563
f 706/1/563 705/1/563 687/1/563
s 9
f 689/1/725 707/1/747 688/1/726
f 707/1/747 706/1/748 688/1/726
s 10
f 690/1/568 708/1/568 689/1/568
f 708/1/568 707/1/568 689/1/568
s 11
f 691/1/727 709/1/749 690/1/728
f 709/1/749 708/1/750 690/1/728
s 12
f 692/1/568 710/1/568 691/1/568
f 710/1/568 709/1/568 691/1/568
s 13
f 693/1/729 711/1/751 692/1/730
f 711/1/751 710/1/752 692/1/730
s 14
f 549/1/568 711/1/568 693/1/568
s 3
f 695/1/731 713/1/753 694/1/732
f 713/1/753 712/1/754 694/1/732
f 696/1/733 714/1/755 695/1/731
f 714/1/755 713/1/753 695/1/731
f 697/1/734 715/1/756 696/1/733
f 715/1/756 714/1/755 696/1/733
f 698/1/735 716/1/757 697/1/734
f 716/1/757 715/1/756 697/1/734
s 4
f 699/1/736 717/1/758 698/1/737
f 717/1/758 716/1/759 698/1/737
s 5
f 700/1/738 718/1/760 699/1/739
f 718/1/760 717/1/761 699/1/739
f 701/1/740 719/1/762 700/1/738
f 719/1/762 718/1/760 700/1/738
s 6
f 702/1/741 720/1/763 701/1/742
f 720/1/763 719/1/764 701/1/742
f 703/1/743 721/1/765 702/1/741
f 721/1/765 720/1/763 702/1/741
f 704/1/744 722/1/766 703/1/743
f 722/1/766 721/1/765 703/1/743
s 7
f 705/1/745 723/1/767 704/1/746
f 723/1/767 722/1/768 704/1/746
s 8
f 706/1/563 724/1/563 705/1/563
f 724/1/563 723/1/563 705/1/563
s 9
f 707/1/747 725/1/769 706/1/748
f 725/1/769 724/1/770 706/1/748
s 10
f 708/1/568 726/1/568 707/1/568
f 726/1/568 725/1/568 707/1/568
s 11
f 709/1/749 727/1/771 708/1/750
f 727/1/771 726/1/772 708/1/750
s 12
f 710/1/568 728/1/568 709/1/568
f 728/1/568 727/1/568 709/1/568
s 13
f 711/1/751 729/1/773 710/1/752
f 729/1/773 728/1/774 710/1/752
s 14
f 549/1/568 729/1/568 711/1/568
s 3
f 713/1/753 731/1/775 712/1/754
f 731/1/775 730/1/776 712/1/754
f 714/1/755 732/1/777 713/1/753
f 732/1/777 731/1/775 713/1/753
f 715/1/756 733/1/778 714/1/755
f 733/1/778 732/1/777 714/1/755
f 716/1/757 734/1/779 715/1/756
f 734/1/779 733/1/778 715/1/756
s 4
f 717/1/758 735/1/780 716/1/759
f 735/1/780 734/1/781 716/1/759
s 5
f 718/1/760 736/1/782 717/1/761
f 736/1/782 735/1/783 717/1/761
f 719/1/762 737/1/784 718/1/760
f 737/1/784 736/1/782 718/1/760
s 6
f 720/1/763 738/1/785 719/1/764
f 738/1/785 737/1/786 719/1/764
f 721/1/765 739/1/787 720/1/763
f 739/1/787 738/1/785 720/1/763
f 722/1/766 740/1/788 721/1/765
f 740/1/788 739/1/787 721/1/765
s 7
f 723/1/767 741/1/789 722/1/768
f 741/1/789 740/1/790 722/1/768
s 8
f 724/1/563 742/1/563 723/1/563
f 742/1/563 741/1/563 723/1/563
s 9
f 725/1/769 743/1/791 724/1/770
f 743/1/791 742/1/792 724/1/770
s 10
f 726/1/568 744/1/568 725/1/568
f 744/1/568 743/1/568 725/1/568
s 11
f 727/1/771 745/1/793 726/1/772
f 745/1/793 744/1/794 726/1/772
s 12
f 728/1/568 746/1/568 727/1/568
f 746/1/568 745/1/568 727/1/568
s 13
f 729/1/773 747/1/795 728/1/774
f 747/1/795 746/1/796 728/1/774
s 14
f 549/1/568 747/1/568 729/1/568
s 3
f 731/1/775 749/1/797 730/1/776
f 749/1/797 748/1/798 730/1/776
f 732/1/777 750/1/799 731/1/775
f 750/1/799 749/1/797 731/1/775
f 733/1/778 751/1/800 732/1/777
f 751/1/800 750/1/799 732/1/777
f 734/1/779 752/1/801 733/1/778
f 752/1/801 751/1/800 733/1/778
s 4
f 735/1/780 753/1/802 734/1/781
f 753/1/802 752/1/803 734/1/781
s 5
f 736/1/782 754/1/804 735/1/783
f 754/1/804 753/1/805 735/1/783
f 737/1/784 755/1/806 736/1/782
f 755/1/806 754/1/804 736/1/782
s 6
f 738/1/785 756/1/807 737/1/786
f 756/1/807 755/1/808 737/1/786
f 739/1/787 757/1/809 738/1/785
f 757/1/809 756/1/807 738/1/785
f 740/1/788 758/1/810 739/1/787
f 758/1/810 757/1/809 739/1/787
s 7
f 741/1/789 759/1/811 740/1/790
f 759/1/811 758/1/812 740/1/790
s 8
f 742/1/563 760/1/563 741/1/563
f 760/1/563 759/1/563 741/1/563
s 9
f 743/1/791 761/1/813 742/1/792
f 761/1/813 760/1/814 742/1/792
s 10
f 744/1/568 762/1/568 743/1/568
f 762/1/568 761/1/568 743/1/568
s 11
f 745/1/793 763/1/815 744/1/794
f 763/1/815 762/1/816 744/1/794
s 12
f 746/1/568 764/1/568 745/1/568
f 764/1/568 763/1/568 745/1/568
s 13
f 747/1/795 765/1/817 746/1/796
f 765/1/817 764/1/818 746/1/796
s 14
f 549/1/568 765/1/568 747/1/568
s 3
f 749/1/797 767/1/819 748/1/798
f 767/1/819 766/1/820 748/1/798
f 750/1/799 768/1/821 749/1/797
f 768/1/821 767/1/819 749/1/797
f 751/1/800 769/1/822 750/1/799
f 769/1/822 768/1/821 750/1/799
f 752/1/801 770/1/823 751/1/800
f 770/1/823 769/1/822 751/1/800
s 4
f 753/1/802 771/1/824 752/1/803
f 771/1/824 770/1/825 752/1/803
s 5
f 754/1/804 772/1/826 753/1/805
f 772/1/826 771/1/827 753/1/805
f 755/1/806 773/1/828 754/1/804
f 773/1/828 772/1/826 754/1/804
s 6
f 756/1/807 774/1/829 755/1/808
f 774/1/829 773/1/830 755/1/808
f 757/1/809 775/1/831 756/1/807
f 775/1/831 774/1/829 756/1/807
f 758/1/810 776/1/832 757/1/809
f 776/1/832 775/1/831 757/1/809
s 7
f 759/1/811 777/1/833 758/1/812
f 777/1/833 776/1/834 758/1/812
s 8
f 760/1/563 778/1/563 759/1/563
f 778/1/563 777/1/563 759/1/563
s 9
f 761/1/813 779/1/835 760/1/814
f 779/1/835 778/1/836 760/1/814
s 10
f 762/1/568 780/1/568 761/1/568
f 780/1/568 779/1/568 761/1/568
s 11
f 763/1/815 781/1/837 762/1/816
f 781/1/837 780/1/838 762/1/816
s 12
f 764/1/568 782/1/568 763/1/568
f 782/1/568 781/1/568 763/1/568
s 13
f 765/1/817 783/1/839 764/1/818
f 783/1/839 782/1/840 764/1/818
s 14
f 549/1/568 783/1/568 765/1/568
s 3
f 767/1/819 785/1/841 766/1/820
f 785/1/841 784/1/842 766/1/820
f 768/1/821 786/1/843 767/1/819
f 786/1/843 785/1/841 767/1/819
f 769/1/822 787/1/844 768/1/821
f 787/1/844 786/1/843 768/1/821
f 770/1/823 788/1/845 769/1/822
f 788/1/845 787/1/844 769/1/822
s 4
f 771/1/824 789/1/846 770/1/825
f 789/1/846 788/1/847 770/1/825
s 5
f 772/1/826 790/1/848 771/1/827
f 790/1/848 789/1/849 771/1/827
f 773/1/828 791/1/850 772/1/826
f 791/1/850 790/1/848 772/1/826
s 6
f 774/1/829 792/1/851 773/1/830
f 792/1/851 791/1/852 773/1/830
f 775/1/831 793/1/853 774/1/829
f 793/1/853 792/1/851 774/1/829
f 776/1/832 794/1/854 775/1/831
f 794/1/854 793/1/853 775/1/831
s 7
f 777/1/833 795/1/855 776/1/834
f 795/1/855 794/1/856 776/1/834
s 8
f 778/1/563 796/1/563 777/1/563
f 796/1/563 795/1/563 777/1/563
s 9
f 779/1/835 797/1/857 778/1/836
f 797/1/857 796/1/858 778/1/836
s 10
f 780/1/568 798/1/568 779/1/568
f 798/1/568 797/1/568 779/1/568
s 11
f 781/1/837 799/1/859 780/1/838
f 799/1/859 798/1/860 780/1/838
s 12
f 782/1/568 800/1/568 781/1/568
f 800/1/568 799/1/568 781/1/568
s 13
f 783/1/839 801/1/861 782/1/840
f 801/1/861 800/1/862 782/1/840
s 14
f 549/1/568 801/1/568 783/1/568
s 3
f 785/1/841 803/1/863 784/1/842
f 803/1/863 802/1/864 784/1/842
f 786/1/843 804/1/865 785/1/841
f 804/1/865 803/1/863 785/1/841
f 787/1/844 805/1/866 786/1/843
f 805/1/866 804/1/865 786/1/843
f 788/1/845 806/1/867 787/1/844
f 806/1/867 805/1/866 787/1/844
s 4
f 789/1/846 807/1/868 788/1/847
f 807/1/868 806/1/869 788/1/847
s 5
f 790/1/848 808/1/870 789/1/849
f 808/1/870 807/1/871 789/1/849
f 791/1/850 809/1/872 790/1/848
f 809/1/872 808/1/870 790/1/848
s 6
f 792/1/851 810/1/873 791/1/852
f 810/1/873 809/1/874 791/1/852
f 793/1/853 811/1/875 792/1/851
f 811/1/875 810/1/873 792/1/851
f 794/1/854 812/1/876 793/1/853
f 812/1/876 811/1/875 793/1/853
s 7
f 795/1/855 813/1/877 794/1/856
f 813/1/877 812/1/878 794/1/856
s 8
f 796/1/563 814/1/563 795/1/563
f 814/1/563 813/1/563 795/1/563
s 9
f 797/1/857 815/1/879 796/1/858
f 815/1/879 814/1/880 796/1/858
s 10
f 798/1/568 816/1/568 797/1/568
f 816/1/568 815/1/568 797/1/568
s 11
f 799/1/859 817/1/881 798/1/860
f 817/1/881 816/1/882 798/1/860
s 12
f 800/1/568 818/1/568 799/1/568
f 818/1/568 817/1/568 799/1/568
s 13
f 801/1/861 819/1/883 800/1/862
f 819/1/883 818/1/884 800/1/862
s 14
f 549/1/568 819/1/568 801/1/568
s 3
f 803/1/863 821/1/885 802/1/864
f 821/1/885 820/1/886 802/1/864
f 804/1/865 822/1/887 803/1/863
f 822/1/887 821/1/885 803/1/863
f 805/1/866 823/1/888 804/1/865
f 823/1/888 822/1/887 804/1/865
f 806/1/867 824/1/889 805/1/866
f 824/1/889 823/1/888 805/1/866
s 4
f 807/1/868 825/1/890 806/1/869
f 825/1/890 824/1/891 806/1/869
s 5
f 808/1/870 826/1/892 807/1/871
f 826/1/892 825/1/893 807/1/871
f 809/1/872 827/1/894 808/1/870
f 827/1/894 826/1/892 808/1/870
s 6
f 810/1/873 828/1/895 809/1/874
f 828/1/895 827/1/896 809/1/874
f 811/1/875 829/1/897 810/1/873
f 829/1/897 828/1/895 810/1/873
f 812/1/876 830/1/898 811/1/875
f 830/1/898 829/1/897 811/1/875
s 7
f 813/1/877 831/1/899 812/1/878
f 831/1/899 830/1/900 812/1/878
s 8
f 814/1/563 832/1/563 813/1/563
f 832/1/563 831/1/563 813/1/563
s 9
f 815/1/879 833/1/901 814/1/880
f 833/1/901 832/1/902 814/1/880
s 10
f 816/1/568 834/1/568 815/1/568
f 834/1/568 833/1/568 815/1/568
s 11
f 817/1/881 835/1/903 816/1/882
f 835/1/903 834/1/904 816/1/882
s 12
f 818/1/568 836/1/568 817/1/568
f 836/1/568 835/1/568 817/1/568
s 13
f 819/1/883 837/1/905 818/1/884
f 837/1/905 836/1/906 818/1/884
s 14
f 549/1/568 837/1/568 819/1/568
s 3
f 821/1/885 839/1/907 820/1/886
f 839/1/907 838/1/908 820/1/886
f 822/1/887 840/1/909 821/1/885
f 840/1/909 839/1/907 821/1/885
f 823/1/888 841/1/910 822/1/887
f 841/1/910 840/1/909 822/1/887
f 824/1/889 842/1/911 823/1/888
f 842/1/911 841/1/910 823/1/888
s 4
f 825/1/890 843/1/912 824/1/891
f 843/1/912 842/1/913 824/1/891
s 5
f 826/1/892 844/1/914 825/1/893
f 844/1/914 843/1/915 825/1/893
f 827/1/894 845/1/916 826/1/892
f 845/1/916 844/1/914 826/1/892
s 6
f 828/1/895 846/1/917 827/1/896
f 846/1/917 845/1/918 827/1/896
f 829/1/897 847/1/919 828/1/895
f 847/1/919 846/1/917 828/1/895
f 830/1/898 848/1/920 829/1/897
f 848/1/920 847/1/919 829/1/897
s 7
f 831/1/899 849/1/921 830/1/900
f 849/1/921 848/1/922 830/1/900
s 8
f 832/1/563 850/1/563 831/1/563
f 850/1/563 849/1/563 831/1/563
s 9
f 833/1/901 851/1/923 832/1/902
f 851/1/923 850/1/924 832/1/902
s 10
f 834/1/568 852/1/568 833/1/568
f 852/1/568 851/1/568 833/1/568
s 11
f 835/1/903 853/1/925 834/1/904
f 853/1/925 852/1/926 834/1/904
s 12
f 836/1/568 854/1/568 835/1/568
f 854/1/568 853/1/568 835/1/568
s 13
f 837/1/905 855/1/927 836/1/906
f 855/1/927 854/1/928 836/1/906
s 14
f 549/1/568 855/1/568 837/1/568
s 3
f 839/1/907 857/1/929 838/1/908
f 857/1/929 856/1/930 838/1/908
f 840/1/909 858/1/931 839/1/907
f 858/1/931 857/1/929 839/1/907
f 841/1/910 859/1/932 840/1/909
f 859/1/932 858/1/931 840/1/909
f 842/1/911 860/1/933 841/1/910
f 860/1/933 859/1/932 841/1/910
s 4
f 843/1/912 861/1/934 842/1/913
f 861/1/934 860/1/935 842/1/913
s 5
f 844/1/914 862/1/936 843/1/915
f 862/1/936 861/1/937 843/1/915
f 845/1/916 863/1/938 844/1/914
f 863/1/938 862/1/936 844/1/914
s 6
f 846/1/917 864/1/939 845/1/918
f 864/1/939 863/1/940 845/1/918
f 847/1/919 865/1/941 846/1/917
f 865/1/941 864/1/939 846/1/917
f 848/1/920 866/1/942 847/1/919
f 866/1/942 865/1/941 847/1/919
s 7
f 849/1/921 867/1/943 848/1/922
f 867/1/943 866/1/944 848/1/922
s 8
f 850/1/563 868/1/563 849/1/563
f 868/1/563 867/1/563 849/1/563
s 9
f 851/1/923 869/1/945 850/1/924
f 869/1/945 868/1/946 850/1/924
s 10
f 852/1/568 870/1/568 851/1/568
f 870/1/568 869/1/568 851/1/568
s 11
f 853/1/925 871/1/947 852/1/926
f 871/1/947 870/1/948 852/1/926
s 12
f 854/1/568 872/1/568 853/1/568
f 872/1/568 871/1/568 853/1/568
s 13
f 855/1/927 873/1/949 854/1/928
f 873/1/949 872/1/950 854/1/928
s 14
f 549/1/568 873/1/568 855/1/568
s 3
f 857/1/929 875/1/951 856/1/930
f 875/1/951 874/1/952 856/1/930
f 858/1/931 876/1/953 857/1/929
f 876/1/953 875/1/951 857/1/929
f 859/1/932 877/1/954 858/1/931
f 877/1/954 876/1/953 858/1/931
f 860/1/933 878/1/955 859/1/932
f 878/1/955 877/1/954 859/1/932
s 4
f 861/1/934 879/1/956 860/1/935
f 879/1/956 878/1/957 860/1/935
s 5
f 862/1/936 880/1/958 861/1/937
f 880/1/958 879/1/959 861/1/937
f 863/1/938 881/1/960 862/1/936
f 881/1/960 880/1/958 862/1/936
s 6
f 864/1/939 882/1/961 863/1/940
f 882/1/961 881/1/962 863/1/940
f 865/1/941 883/1/963 864/1/939
f 883/1/963 882/1/961 864/1/939
f 866/1/942 884/1/964 865/1/941
f 884/1/964 883/1/963 865/1/941
s 7
f 867/1/943 885/1/965 866/1/944
f 885/1/965 884/1/966 866/1/944
s 8
f 868/1/563 886/1/563 867/1/563
f 886/1/563 885/1/563 867/1/563
s 9
f 869/1/945 887/1/967 868/1/946
f 887/1/967 886/1/968 868/1/946
s 10
f 870/1/568 888/1/568 869/1/568
f 888/1/568 887/1/568 869/1/568
s 11
f 871/1/947 889/1/969 870/1/948
f 889/1/969 888/1/970 870/1/948
s 12
f 872/1/568 890/1/568 871/1/568
f 890/1/568 889/1/568 871/1/568
s 13
f 873/1/949 891/1/971 872/1/950
f 891/1/971 890/1/972 872/1/950
s 14
f 549/1/568 891/1/568 873/1/568
s 3
f 875/1/951 893/1/973 874/1/952
f 893/1/973 892/1/974 874/1/952
f 876/1/953 894/1/975 875/1/951
f 894/1/975 893/1/973 875/1/951
f 877/1/954 895/1/976 876/1/953
f 895/1/976 894/1/975 876/1/953
f 878/1/955 896/1/977 877/1/954
f 896/1/977 895/1/976 877/1/954
s 4
f 879/1/956 897/1/978 878/1/957
f 897/1/978 896/1/979 878/1/957
s 5
f 880/1/958 898/1/980 879/1/959
f 898/1/980 897/1/981 879/1/959
f 881/1/960 899/1/982 880/1/958
f 899/1/982 898/1/980 880/1/958
s 6
f 882/1/961 900/1/983 881/1/962
f 900/1/983 899/1/984 881/1/962
f 883/1/963 901/1/985 882/1/961
f 901/1/985 900/1/983 882/1/961
f 884/1/964 902/1/986 883/1/963
f 902/1/986 901/1/985 883/1/963
s 7
f 885/1/965 903/1/987 884/1/966
f 903/1/987 902/1/988 884/1/966
s 8
f 886/1/563 904/1/563 885/1/563
f 904/1/563 903/1/563 885/1/563
s 9
f 887/1/967 905/1/989 886/1/968
f 905/1/989 904/1/990 886/1/968
s 10
f 888/1/568 906/1/568 887/1/568
f 906/1/568 905/1/568 887/1/568
s 11
f 889/1/969 907/1/991 888/1/970
f 907/1/991 906/1/992 888/1/970
s 12
f 890/1/568 908/1/568 889/1/568
f 908/1/568 907/1/568 889/1/568
s 13
f 891/1/971 909/1/993 890/1/972
f 909/1/993 908/1/994 890/1/972
s 14
f 549/1/568 909/1/568 891/1/568
s 3
f 893/1/973 911/1/995 892/1/974
f 911/1/995 910/1/996 892/1/974
f 894/1/975 912/1/997 893/1/973
f 912/1/997 911/1/995 893/1/973
f 895/1/976 913/1/998 894/1/975
f 913/1/998 912/1/997 894/1/975
f 896/1/977 914/1/999 895/1/976
f 914/1/999 913/1/998 895/1/976
s 4
f 897/1/978 915/1/1000 896/1/979
f 915/1/1000 914/1/1001 896/1/979
s 5
f 898/1/980 916/1/1002 897/1/981
f 916/1/1002 915/1/1003 897/1/981
f 899/1/982 917/1/1004 898/1/980
f 917/1/1004 916/1/1002 898/1/980
s 6
f 900/1/983 918/1/1005 899/1/984
f 918/1/1005 917/1/1006 899/1/984
f 901/1/985 919/1/1007 900/1/983
f 919/1/1007 918/1/1005 900/1/983
f 902/1/986 920/1/1008 901/1/985
f 920/1/1008 919/1/1007 901/1/985
s 7
f 903/1/987 921/1/1009 902/1/988
f 921/1/1009 920/1/1010 902/1/988
s 8
f 904/1/563 922/1/563 903/1/563
f 922/1/563 921/1/563 903/1/563
s 9
f 905/1/989 923/1/1011 904/1/990
f 923/1/1011 922/1/1012 904/1/990
s 10
f 906/1/568 924/1/568 905/1/568
f 924/1/568 923/1/568 905/1/568
s 11
f 907/1/991 925/1/1013 906/1/992
f 925/1/1013 924/1/1014 906/1/992
s 12
f 908/1/568 926/1/568 907/1/568
f 926/1/568 925/1/568 907/1/568
s 13
f 909/1/993 927/1/1015 908/1/994
f 927/1/1015 926/1/1016 908/1/994
s 14
f 549/1/568 927/1/568 909/1/568
s 3
f 911/1/995 929/1/1017 910/1/996
f 929/1/1017 928/1/1018 910/1/996
f 912/1/997 930/1/1019 911/1/995
f 930/1/1019 929/1/1017 911/1/995
f 913/1/998 931/1/1020 912/1/997
f 931/1/1020 930/1/1019 912/1/997
f 914/1/999 932/1/1021 913/1/998
f 932/1/1021 931/1/1020 913/1/998
s 4
f 915/1/1000 933/1/1022 914/1/1001
f 933/1/1022 932/1/1023 914/1/1001
s 5
f 916/1/1002 934/1/1024 915/1/1003
f 934/1/1024 933/1/1025 915/1/1003
f 917/1/1004 935/1/1026 916/1/1002
f 935/1/1026 934/1/1024 916/1/1002
s 6
f 918/1/1005 936/1/1027 917/1/1006
f 936/1/1027 935/1/1028 917/1/1006
f 919/1/1007 937/1/1029 918/1/1005
f 937/1/1029 936/1/1027 918/1/1005
f 920/1/1008 938/1/1030 919/1/1007
f 938/1/1030 937/1/1029 919/1/1007
s 7
f 921/1/1009 939/1/1031 920/1/1010
f 939/1/1031 938/1/1032 920/1/1010
s 8
f 922/1/563 940/1/563 921/1/563
f 940/1/563 939/1/563 921/1/563
s 9
f 923/1/1011 941/1/1033 922/1/1012
f 941/1/1033 940/1/1034 922/1/1012
s 10
f 924/1/568 942/1/568 923/1/568
f 942/1/568 941/1/568 923/1/568
s 11
f 925/1/1013 943/1/1035 924/1/1014
f 943/1/1035 942/1/1036 924/1/1014
s 12
f 926/1/568 944/1/568 925/1/568
f 944/1/568 943/1/568 925/1/568
s 13
f 927/1/1015 945/1/1037 926/1/1016
f 945/1/1037 944/1/1038 926/1/1016
s 14
f 549/1/568 945/1/568 927/1/568
s 3
f 929/1/1017 947/1/1039 928/1/1018
f 947/1/1039 946/1/1040 928/1/1018
f 930/1/1019 948/1/1041 929/1/1017
f 948/1/1041 947/1/1039 929/1/1017
f 931/1/1020 949/1/1042 930/1/1019
f 949/1/1042 948/1/1041 930/1/1019
f 932/1/1021 950/1/1043 931/1/1020
f 950/1/1043 949/1/1042 931/1/1020
s 4
f 933/1/1022 951/1/1044 932/1/1023
f 951/1/1044 950/1/1045 932/1/1023
s 5
f 934/1/1024 952/1/1046 933/1/1025
f 952/1/1046 951/1/1047 933/1/1025
f 935/1/1026 953/1/1048 934/1/1024
f 953/1/1048 952/1/1046 934/1/1024
s 6
f 936/1/1027 954/1/1049 935/1/1028
f 954/1/1049 953/1/1050 935/1/1028
f 937/1/1029 955/1/1051 936/1/1027
f 955/1/1051 954/1/1049 936/1/1027
f 938/1/1030 956/1/1052 937/1/1029
f 956/1/1052 955/1/1051 937/1/1029
s 7
f 939/1/1031 957/1/1053 938/1/1032
f 957/1/1053 956/1/1054 938/1/1032
s 8
f 940/1/563 958/1/563 939/1/563
f 958/1/563 957/1/563 939/1/563
s 9
f 941/1/1033 959/1/1055 940/1/1034
f 959/1/1055 958/1/1056 940/1/1034
s 10
f 942/1/568 960/1/568 941/1/568
f 960/1/568 959/1/568 941/1/568
s 11
f 943/1/1035 961/1/1057 942/1/1036
f 961/1/1057 960/1/1058 942/1/1036
s 12
f 944/1/568 962/1/568 943/1/568
f 962/1/568 961/1/568 943/1/568
s 13
f 945/1/1037 963/1/1059 944/1/1038
f 963/1/1059 962/1/1060 944/1/1038
s 14
f 549/1/568 963/1/568 945/1/568
s 3
f 947/1/1039 965/1/1061 946/1/1040
f 965/1/1061 964/1/1062 946/1/1040
f 948/1/1041 966/1/1063 947/1/1039
f 966/1/1063 965/1/1061 947/1/1039
f 949/1/1042 967/1/1064 948/1/1041
f 967/1/1064 966/1/1063 948/1/1041
f 950/1/1043 968/1/1065 949/1/1042
f 968/1/1065 967/1/1064 949/1/1042
s 4
f 951/1/1044 969/1/1066 950/1/1045
f 969/1/1066 968/1/1067 950/1/1045
s 5
f 952/1/1046 970/1/1068 951/1/1047
f 970/1/1068 969/1/1069 951/1/1047
f 953/1/1048 971/1/1070 952/1/1046
f 971/1/1070 970/1/1068 952/1/1046
s 6
f 954/1/1049 972/1/1071 953/1/1050
f 972/1/1071 971/1/1072 953/1/1050
f 955/1/1051 973/1/1073 954/1/1049
f 973/1/1073 972/1/1071 954/1/1049
f 956/1/1052 974/1/1074 955/1/1051
f 974/1/1074 973/1/1073 955/1/1051
s 7
f 957/1/1053 975/1/1075 956/1/1054
f 975/1/1075 974/1/1076 956/1/1054
s 8
f 958/1/563 976/1/563 957/1/563
f 976/1/563 975/1/563 957/1/563
s 9
f 959/1/1055 977/1/1077 958/1/1056
f 977/1/1077 976/1/1078 958/1/1056
s 10
f 960/1/568 978/1/568 959/1/568
f 978/1/568 977/1/568 959/1/568
s 11
f 961/1/1057 979/1/1079 960/1/1058
f 979/1/1079 978/1/1080 960/1/1058
s 12
f 962/1/568 980/1/568 961/1/568
f 980/1/568 979/1/568 961/1/568
s 13
f 963/1/1059 981/1/1081 962/1/1060
f 981/1/1081 980/1/1082 962/1/1060
s 14
f 549/1/568 981/1/568 963/1/568
s 3
f 965/1/1061 983/1/1083 964/1/1062
f 983/1/1083 982/1/1084 964/1/1062
f 966/1/1063 984/1/1085 965/1/1061
f 984/1/1085 983/1/1083 965/1/1061
f 967/1/1064 985/1/1086 966/1/1063
f 985/1/1086 984/1/1085 966/1/1063
f 968/1/1065 986/1/1087 967/1/1064
f 986/1/1087 985/1/1086 967/1/1064
s 4
f 969/1/1066 987/1/1088 968/1/1067
f 987/1/1088 986/1/1089 968/1/1067
s 5
f 970/1/1068 988/1/1090 969/1/1069
f 988/1/1090 987/1/1091 969/1/1069
f 971/1/1070 989/1/1092 970/1/1068
f 989/1/1092 988/1/1090 970/1/1068
s 6
f 972/1/1071 990/1/1093 971/1/1072
f 990/1/1093 989/1/1094 971/1/1072
f 973/1/1073 991/1/1095 972/1/1071
f 991/1/1095 990/1/1093 972/1/1071
f 974/1/1074 992/1/1096 973/1/1073
f 992/1/1096 991/1/1095 973/1/1073
s 7
f 975/1/1075 993/1/1097 974/1/1076
f 993/1/1097 992/1/1098 974/1/1076
s 8
f 976/1/563 994/1/563 975/1/563
f 994/1/563 993/1/563 975/1/563
s 9
f 977/1/1077 995/1/1099 976/1/1078
f 995/1/1099 994/1/1100 976/1/1078
s 10
f 978/1/568 996/1/568 977/1/568
f 996/1/568 995/1/568 977/1/568
s 11
f 979/1/1079 997/1/1101 978/1/1080
f 997/1/1101 996/1/1102 978/1/1080
s 12
f 980/1/568 998/1/568 979/1/568
f 998/1/568 997/1/568 979/1/568
s 13
f 981/1/1081 999/1/1103 980/1/1082
f 999/1/1103 998/1/1104 980/1/1082
s 14
f 549/1/568 999/1/568 981/1/568
s 3
f 983/1/1083 1001/1/1105 982/1/1084
f 1001/1/1105 1000/1/1106 982/1/1084
f 984/1/1085 1002/1/1107 983/1/1083
f 1002/1/1107 1001/1/1105 983/1/1083
f 985/1/1086 1003/1/1108 984/1/1085
f 1003/1/1108 1002/1/1107 984/1/1085
f 986/1/1087 1004/1/1109 985/1/1086
f 1004/1/1109 1003/1/1108 985/1/1086
s 4
f 987/1/1088 1005/1/1110 986/1/1089
f 1005/1/1110 1004/1/1111 986/1/1089
s 5
f 988/1/1090 1006/1/1112 987/1/1091
f 1006/1/1112 1005/1/1113 987/1/1091
f 989/1/1092 1007/1/1114 988/1/1090
f 1007/1/1114 1006/1/1112 988/1/1090
s 6
f 990/1/1093 1008/1/1115 989/1/1094
f 1008/1/1115 1007/1/1116 989/1/1094
f 991/1/1095 1009/1/1117 990/1/1093
f 1009/1/1117 1008/1/1115 990/1/1093
f 992/1/1096 1010/1/1118 991/1/1095
f 1010/1/1118 1009/1/1117 991/1/1095
s 7
f 993/1/1097 1011/1/1119 992/1/1098
f 1011/1/1119 1010/1/1120 992/1/1098
s 8
f 994/1/563 1012/1/563 993/1/563
f 1012/1/563 1011/1/563 993/1/563
s 9
f 995/1/1099 1013/1/1121 994/1/1100
f 1013/1/1121 1012/1/1122 994/1/1100
s 10
f 996/1/568 1014/1/568 995/1/568
f 1014/1/568 1013/1/568 995/1/568
s 11
f 997/1/1101 1015/1/1123 996/1/1102
f 1015/1/1123 1014/1/1124 996/1/1102
s 12
f 998/1/568 1016/1/568 997/1/568
f 1016/1/568 1015/1/568 997/1/568
s 13
f 999/1/1103 1017/1/1125 998/1/1104
f 1017/1/1125 1016/1/1126 998/1/1104
s 14
f 549/1/568 1017/1/568 999/1/568
s 3
f 1001/1/1105 1019/1/1127 1000/1/1106
f 1019/1/1127 1018/1/1128 1000/1/1106
f 1002/1/1107 1020/1/1129 1001/1/1105
f 1020/1/1129 1019/1/1127 1001/1/1105
f 1003/1/1108 1021/1/1130 1002/1/1107
f 1021/1/1130 1020/1/1129 1002/1/1107
f 1004/1/1109 1022/1/1131 1003/1/1108
f 1022/1/1131 1021/1/1130 1003/1/1108
s 4
f 1005/1/1110 1023/1/1132 1004/1/1111
f 1023/1/1132 1022/1/1133 1004/1/1111
s 5
f 1006/1/1112 1024/1/1134 1005/1/1113
f 1024/1/1134 1023/1/1135 1005/1/1113
f 1007/1/1114 1025/1/1136 1006/1/1112
f 1025/1/1136 1024/1/1134 1006/1/1112
s 6
f 1008/1/1115 1026/1/1137 1007/1/1116
f 1026/1/1137 1025/1/1138 1007/1/1116
f 1009/1/1117 1027/1/1139 1008/1/1115
f 1027/1/1139 1026/1/1137 1008/1/1115
f 1010/1/1118 1028/1/1140 1009/1/1117
f 1028/1/1140 1027/1/1139 1009/1/1117
s 7
f 1011/1/1119 1029/1/1141 1010/1/1120
f 1029/1/1141 1028/1/1142 1010/1/1120
s 8
f 1012/1/563 1030/1/563 1011/1/563
f 1030/1/563 1029/1/563 1011/1/563
s 9
f 1013/1/1121 1031/1/1143 1012/1/1122
f 1031/1/1143 1030/1/1144 1012/1/1122
s 10
f 1014/1/568 1032/1/568 1013/1/568
f 1032/1/568 1031/1/568 1013/1/568
s 11
f 1015/1/1123 1033/1/1145 1014/1/1124
f 1033/1/1145 1032/1/1146 1014/1/1124
s 12
f 1016/1/568 1034/1/568 1015/1/568
f 1034/1/568 1033/1/568 1015/1/568
s 13
f 1017/1/1125 1035/1/1147 1016/1/1126
f 1035/1/1147 1034/1/1148 1016/1/1126
s 14
f 549/1/568 1035/1/568 1017/1/568
s 3
f 1019/1/1127 1037/1/1149 1018/1/1128
f 1037/1/1149 1036/1/1150 1018/1/1128
f 1020/1/1129 1038/1/1151 1019/1/1127
f 1038/1/1151 1037/1/1149 1019/1/1127
f 1021/1/1130 1039/1/1152 1020/1/1129
f 1039/1/1152 1038/1/1151 1020/1/1129
f 1022/1/1131 1040/1/1153 1021/1/1130
f 1040/1/1153 1039/1/1152 1021/1/1130
s 4
f 1023/1/1132 1041/1/1154 1022/1/1133
f 1041/1/1154 1040/1/1155 1022/1/1133
s 5
f 1024/1/1134 1042/1/1156 1023/1/1135
f 1042/1/1156 1041/1/1157 1023/1/1135
f 1025/1/1136 1043/1/1158 1024/1/1134
f 1043/1/1158 1042/1/1156 1024/1/1134
s 6
f 1026/1/1137 1044/1/1159 1025/1/1138
f 1044/1/1159 1043/1/1160 1025/1/1138
f 1027/1/1139 1045/1/1161 1026/1/1137
f 1045/1/1161 1044/1/1159 1026/1/1137
f 1028/1/1140 1046/1/1162 1027/1/1139
f 1046/1/1162 1045/1/1161 1027/1/1139
s 7
f 1029/1/1141 1047/1/1163 1028/1/1142
f 1047/1/1163 1046/1/1164 1028/1/1142
s 8
f 1030/1/563 1048/1/563 1029/1/563
f 1048/1/563 1047/1/563 1029/1/563
s 9
f 1031/1/1143 1049/1/1165 1030/1/1144
f 1049/1/1165 1048/1/1166 1030/1/1144
s 10
f 1032/1/568 1050/1/568 1031/1/568
f 1050/1/568 1049/1/568 1031/1/568
s 11
f 1033/1/1145 1051/1/1167 1032/1/1146
f 1051/1/1167 1050/1/1168 1032/1/1146
s 12
f 1034/1/568 1052/1/568 1033/1/568
f 1052/1/568 1051/1/568 1033/1/568
s 13
f 1035/1/1147 1053/1/1169 1034/1/1148
f 1053/1/1169 1052/1/1170 1034/1/1148
s 14
f 549/1/568 1053/1/568 1035/1/568
s 3
f 1037/1/1149 1055/1/1171 1036/1/1150
f 1055/1/1171 1054/1/1172 1036/1/1150
f 1038/1/1151 1056/1/1173 1037/1/1149
f 1056/1/1173 1055/1/1171 1037/1/1149
f 1039/1/1152 1057/1/1174 1038/1/1151
f 1057/1/1174 1056/1/1173 1038/1/1151
f 1040/1/1153 1058/1/1175 1039/1/1152
f 1058/1/1175 1057/1/1174 1039/1/1152
s 4
f 1041/1/1154 1059/1/1176 1040/1/1155
f 1059/1/1176 1058/1/1177 1040/1/1155
s 5
f 1042/1/1156 1060/1/1178 1041/1/1157
f 1060/1/1178 1059/1/1179 1041/1/1157
f 1043/1/1158 1061/1/1180 1042/1/1156
f 1061/1/1180 1060/1/1178 1042/1/1156
s 6
f 1044/1/1159 1062/1/1181 1043/1/1160
f 1062/1/1181 1061/1/1182 1043/1/1160
f 1045/1/1161 1063/1/1183 1044/1/1159
f 1063/1/1183 1062/1/1181 1044/1/1159
f 1046/1/1162 1064/1/1184 1045/1/1161
f 1064/1/1184 1063/1/1183 1045/1/1161
s 7
f 1047/1/1163 1065/1/1185 1046/1/1164
f 1065/1/1185 1064/1/1186 1046/1/1164
s 8
f 1048/1/563 1066/1/563 1047/1/563
f 1066/1/563 1065/1/563 1047/1/563
s 9
f 1049/1/1165 1067/1/1187 1048/1/1166
f 1067/1/1187 1066/1/1188 1048/1/1166
s 10
f 1050/1/568 1068/1/568 1049/1/568
f 1068/1/568 1067/1/568 1049/1/568
s 11
f 1051/1/1167 1069/1/1189 1050/1/1168
f 1069/1/1189 1068/1/1190 1050/1/1168
s 12
f 1052/1/568 1070/1/568 1051/1/568
f 1070/1/568 1069/1/568 1051/1/568
s 13
f 1053/1/1169 1071/1/1191 1052/1/1170
f 1071/1/1191 1070/1/1192 1052/1/1170
s 14
f 549/1/568 1071/1/568 1053/1/568
s 3
f 1055/1/1171 1073/1/1193 1054/1/1172
f 1073/1/1193 1072/1/1194 1054/1/1172
f 1056/1/1173 1074/1/1195 1055/1/1171
f 1074/1/1195 1073/1/1193 1055/1/1171
f 1057/1/1174 1075/1/1196 1056/1/1173
f 1075/1/1196 1074/1/1195 1056/1/1173
f 1058/1/1175 1076/1/1197 1057/1/1174
f 1076/1/1197 1075/1/1196 1057/1/1174
s 4
f 1059/1/1176 1077/1/1198 1058/1/1177
f 1077/1/1198 1076/1/1199 1058/1/1177
s 5
f 1060/1/1178 1078/1/1200 1059/1/1179
f 1078/1/1200 1077/1/1201 1059/1/1179
f 1061/1/1180 1079/1/1202 1060/1/1178
f 1079/1/1202 1078/1/1200 1060/1/1178
s 6
f 1062/1/1181 1080/1/1203 1061/1/1182
f 1080/1/1203 1079/1/1204 1061/1/1182
f 1063/1/1183 1081/1/1205 1062/1/1181
f 1081/1/1205 1080/1/1203 1062/1/1181
f 1064/1/1184 1082/1/1206 1063/1/1183
f 1082/1/1206 1081/1/1205 1063/1/1183
s 7
f 1065/1/1185 1083/1/1207 1064/1/1186
f 1083/1/1207 1082/1/1208 1064/1/1186
s 8
f 1066/1/563 1084/1/563 1065/1/563
f 1084/1/563 1083/1/563 1065/1/563
s 9
f 1067/1/1187 1085/1/1209 1066/1/1188
f 1085/1/1209 1084/1/1210 1066/1/1188
s 10
f 1068/1/568 1086/1/568 1067/1/568
f 1086/1/568 1085/1/568 1067/1/568
s 11
f 1069/1/1189 1087/1/1211 1068/1/1190
f 1087/1/1211 1086/1/1212 1068/1/1190
s 12
f 1070/1/568 1088/1/568 1069/1/568
f 1088/1/568 1087/1/568 1069/1/568
s 13
f 1071/1/1191 1089/1/1213 1070/1/1192
f 1089/1/1213 1088/1/1214 1070/1/1192
s 14
f 549/1/568 1089/1/568 1071/1/568
s 3
f 1073/1/1193 1091/1/1215 1072/1/1194
f 1091/1/1215 1090/1/1216 1072/1/1194
f 1074/1/1195 1092/1/1217 1073/1/1193
f 1092/1/1217 1091/1/1215 1073/1/1193
f 1075/1/1196 1093/1/1218 1074/1/1195
f 1093/1/1218 1092/1/1217 1074/1/1195
f 1076/1/1197 1094/1/1219 1075/1/1196
f 1094/1/1219 1093/1/1218 1075/1/1196
s 4
f 1077/1/1198 1095/1/1220 1076/1/1199
f 1095/1/1220 1094/1/1221 1076/1/1199
s 5
f 1078/1/1200 1096/1/1222 1077/1/1201
f 1096/1/1222 1095/1/1223 1077/1/1201
f 1079/1/1202 1097/1/1224 1078/1/1200
f 1097/1/1224 1096/1/1222 1078/1/1200
s 6
f 1080/1/1203 1098/1/1225 1079/1/1204
f 1098/1/1225 1097/1/1226 1079/1/1204
f 1081/1/1205 1099/1/1227 1080/1/1203
f 1099/1/1227 1098/1/1225 1080/1/1203
f 1082/1/1206 1100/1/1228 1081/1/1205
f 1100/1/1228 1099/1/1227 1081/1/1205
s 7
f 1083/1/1207 1101/1/1229 1082/1/1208
f 1101/1/1229 1100/1/1230 1082/1/1208
s 8
f 1084/1/563 1102/1/563 1083/1/563
f 1102/1/563 1101/1/563 1083/1/563
s 9
f 1085/1/1209 1103/1/1231 1084/1/1210
f 1103/1/1231 1102/1/1232 1084/1/1210
s 10
f 1086/1/568 1104/1/568 1085/1/568
f 1104/1/568 1103/1/568 1085/1/568
s 11
f 1087/1/1211 1105/1/1233 1086/1/1212
f 1105/1/1233 1104/1/1234 1086/1/1212
s 12
f 1088/1/568 1106/1/568 1087/1/568
f 1106/1/568 1105/1/568 1087/1/568
s 13
f 1089/1/1213 1107/1/1235 1088/1/1214
f 1107/1/1235 1106/1/1236 1088/1/1214
s 14
f 549/1/568 1107/1/568 1089/1/568
s 3
f 1091/1/1215 1109/1/1237 1090/1/1216
f 1109/1/1237 1108/1/1238 1090/1/1216
f 1092/1/1217 1110/1/1239 1091/1/1215
f 1110/1/1239 1109/1/1237 1091/1/1215
f 1093/1/1218 1111/1/1240 1092/1/1217
f 1111/1/1240 1110/1/1239 1092/1/1217
f 1094/1/1219 1112/1/1241 1093/1/1218
f 1112/1/1241 1111/1/1240 1093/1/1218
s 4
f 1095/1/1220 1113/1/1242 1094/1/1221
f 1113/1/1242 1112/1/1243 1094/1/1221
s 5
f 1096/1/1222 1114/1/1244 1095/1/1223
f 1114/1/1244 1113/1/1245 1095/1/1223
f 1097/1/1224 1115/1/1246 1096/1/1222
f 1115/1/1246 1114/1/1244 1096/1/1222
s 6
f 1098/1/1225 1116/1/1247 1097/1/1226
f 1116/1/1247 1115/1/1248 1097/1/1226
f 1099/1/1227 1117/1/1249 1098/1/1225
f 1117/1/1249 1116/1/1247 1098/1/1225
f 1100/1/1228 1118/1/1250 1099/1/1227
f 1118/1/1250 1117/1/1249 1099/1/1227
s 7
f 1101/1/1229 1119/1/1251 1100/1/1230
f 1119/1/1251 1118/1/1252 1100/1/1230
s 8
f 1102/1/563 1120/1/563 1101/1/563
f 1120/1/563 1119/1/563 1101/1/563
s 9
f 1103/1/1231 1121/1/1253 1102/1/1232
f 1121/1/1253 1120/1/1254 1102/1/1232
s 10
f 1104/1/568 1122/1/568 1103/1/568
f 1122/1/568 1121/1/568 1103/1/568
s 11
f 1105/1/1233 1123/1/1255 1104/1/1234
f 1123/1/1255 1122/1/1256 1104/1/1234
s 12
f 1106/1/568 1124/1/568 1105/1/568
f 1124/1/568 1123/1/568 1105/1/568
s 13
f 1107/1/1235 1125/1/1257 1106/1/1236
f 1125/1/1257 1124/1/1258 1106/1/1236
s 14
f 549/1/568 1125/1/568 1107/1/568
s 3
f 1109/1/1237 1127/1/1259 1108/1/1238
f 1127/1/1259 1126/1/1260 1108/1/1238
f 1110/1/1239 1128/1/1261 1109/1/1237
f 1128/1/1261 1127/1/1259 1109/1/1237
f 1111/1/1240 1129/1/1262 1110/1/1239
f 1129/1/1262 1128/1/1261 1110/1/1239
f 1112/1/1241 1130/1/1263 1111/1/1240
f 1130/1/1263 1129/1/1262 1111/1/1240
s 4
f 1113/1/1242 1131/1/1264 1112/1/1243
f 1131/1/1264 1130/1/1265 1112/1/1243
s 5
f 1114/1/1244 1132/1/1266 1113/1/1245
f 1132/1/1266 1131/1/1267 1113/1/1245
f 1115/1/1246 1133/1/1268 1114/1/1244
f 1133/1/1268 1132/1/1266 1114/1/1244
s 6
f 1116/1/1247 1134/1/1269 1115/1/1248
f 1134/1/1269 1133/1/1270 1115/1/1248
f 1117/1/1249 1135/1/1271 1116/1/1247
f 1135/1/1271 1134/1/1269 1116/1/1247
f 1118/1/1250 1136/1/1272 1117/1/1249
f 1136/1/1272 1135/1/1271 1117/1/1249
s 7
f 1119/1/1251 1137/1/1273 1118/1/1252
f 1137/1/1273 1136/1/1274 1118/1/1252
s 8
f 1120/1/563 1138/1/563 1119/1/563
f 1138/1/563 1137/1/563 1119/1/563
s 9
f 1121/1/1253 1139/1/1275 1120/1/1254
f 1139/1/1275 1138/1/1276 1120/1/1254
s 10
f 1122/1/568 1140/1/568 1121/1/568
f 1140/1/568 1139/1/568 1121/1/568
s 11
f 1123/1/1255 1141/1/1277 1122/1/1256
f 1141/1/1277 1140/1/1278 1122/1/1256
s 12
f 1124/1/568 1142/1/568 1123/1/568
f 1142/1/568 1141/1/568 1123/1/568
s 13
f 1125/1/1257 1143/1/1279 1124/1/1258
f 1143/1/1279 1142/1/1280 1124/1/1258
s 14
f 549/1/568 1143/1/568 1125/1/568
s 3
f 1127/1/1259 1145/1/1281 1126/1/1260
f 1145/1/1281 1144/1/1282 1126/1/1260
f 1128/1/1261 1146/1/1283 1127/1/1259
f 1146/1/1283 1145/1/1281 1127/1/1259
f 1129/1/1262 1147/1/1284 1128/1/1261
f 1147/1/1284 1146/1/1283 1128/1/1261
f 1130/1/1263 1148/1/1285 1129/1/1262
f 1148/1/1285 1147/1/1284 1129/1/1262
s 4
f 1131/1/1264 1149/1/1286 1130/1/1265
f 1149/1/1286 1148/1/1287 1130/1/1265
s 5
f 1132/1/1266 1150/1/1288 1131/1/1267
f 1150/1/1288 1149/1/1289 1131/1/1267
f 1133/1/1268 1151/1/1290 1132/1/1266
f 1151/1/1290 1150/1/1288 1132/1/1266
s 6
f 1134/1/1269 1152/1/1291 1133/1/1270
f 1152/1/1291 1151/1/1292 1133/1/1270
f 1135/1/1271 1153/1/1293 1134/1/1269
f 1153/1/1293 1152/1/1291 1134/1/1269
f 1136/1/1272 1154/1/1294 1135/1/1271
f 1154/1/1294 1153/1/1293 1135/1/1271
s 7
f 1137/1/1273 1155/1/1295 1136/1/1274
f 1155/1/1295 1154/1/1296 1136/1/1274
s 8
f 1138/1/563 1156/1/563 1137/1/563
f 1156/1/563 1155/1/563 1137/1/563
s 9
f 1139/1/1275 1157/1/1297 1138/1/1276
f 1157/1/1297 1156/1/1298 1138/1/1276
s 10
f 1140/1/568 1158/1/568 1139/1/568
f 1158/1/568 1157/1/568 1139/1/568
s 11
f 1141/1/1277 1159/1/1299 1140/1/1278
f 1159/1/1299 1158/1/1300 1140/1/1278
s 12
f 1142/1/568 1160/1/568 1141/1/568
f 1160/1/568 1159/1/568 1141/1/568
s 13
f 1143/1/1279 1161/1/1301 1142/1/1280
f 1161/1/1301 1160/1/1302 1142/1/1280
s 14
f 549/1/568 1161/1/568 1143/1/568
s 3
f 1145/1/1281 1163/1/1303 1144/1/1282
f 1163/1/1303 1162/1/1304 1144/1/1282
f 1146/1/1283 1164/1/1305 1145/1/1281
f 1164/1/1305 1163/1/1303 1145/1/1281
f 1147/1/1284 1165/1/1306 1146/1/1283
f 1165/1/1306 1164/1/1305 1146/1/1283
f 1148/1/1285 1166/1/1307 1147/1/1284
f 1166/1/1307 1165/1/1306 1147/1/1284
s 4
f 1149/1/1286 1167/1/1308 1148/1/1287
f 1167/1/1308 1166/1/1309 1148/1/1287
s 5
f 1150/1/1288 1168/1/1310 1149/1/1289
f 1168/1/1310 1167/1/1311 1149/1/1289
f 1151/1/1290 1169/1/1312 1150/1/1288
f 1169/1/1312 1168/1/1310 1150/1/1288
s 6
f 1152/1/1291 1170/1/1313 1151/1/1292
f 1170/1/1313 1169/1/1314 1151/1/1292
f 1153/1/1293 1171/1/1315 1152/1/1291
f 1171/1/1315 1170/1/1313 1152/1/1291
f 1154/1/1294 1172/1/1316 1153/1/1293
f 1172/1/1316 1171/1/1315 1153/1/1293
s 7
f 1155/1/1295 1173/1/1317 1154/1/1296
f 1173/1/1317 1172/1/1318 1154/1/1296
s 8
f 1156/1/563 1174/1/563 1155/1/563
f 1174/1/563 1173/1/563 1155/1/563
s 9
f 1157/1/1297 1175/1/1319 1156/1/1298
f 1175/1/1319 1174/1/1320 1156/1/1298
s 10
f 1158/1/568 1176/1/568 1157/1/568
f 1176/1/568 1175/1/568 1157/1/568
s 11
f 1159/1/1299 1177/1/1321 1158/1/1300
f 1177/1/1321 1176/1/1322 1158/1/1300
s 12
f 1160/1/568 1178/1/568 1159/1/568
f 1178/1/568 1177/1/568 1159/1/568
s 13
f 1161/1/1301 1179/1/1323 1160/1/1302
f 1179/1/1323 1178/1/1324 1160/1/1302
s 14
f 549/1/568 1179/1/568 1161/1/568
s 3
f 1163/1/1303 1181/1/1325 1162/1/1304
f 1181/1/1325 1180/1/1326 1162/1/1304
f 1164/1/1305 1182/1/1327 1163/1/1303
f 1182/1/1327 1181/1/1325 1163/1/1303
f 1165/1/1306 1183/1/1328 1164/1/1305
f 1183/1/1328 1182/1/1327 1164/1/1305
f 1166/1/1307 1184/1/1329 1165/1/1306
f 1184/1/1329 1183/1/1328 1165/1/1306
s 4
f 1167/1/1308 1185/1/1330 1166/1/1309
f 1185/1/1330 1184/1/1331 1166/1/1309
s 5
f 1168/1/1310 1186/1/1332 1167/1/1311
f 1186/1/1332 1185/1/1333 1167/1/1311
f 1169/1/1312 1187/1/1334 1168/1/1310
f 1187/1/1334 1186/1/1332 1168/1/1310
s 6
f 1170/1/1313 1188/1/1335 1169/1/1314
f 1188/1/1335 1187/1/1336 1169/1/1314
f 1171/1/1315 1189/1/1337 1170/1/1313
f 1189/1/1337 1188/1/1335 1170/1/1313
f 1172/1/1316 1190/1/1338 1171/1/1315
f 1190/1/1338 1189/1/1337 1171/1/1315
s 7
f 1173/1/1317 1191/1/1339 1172/1/1318
f 1191/1/1339 1190/1/1340 1172/1/1318
s 8
f 1174/1/563 1192/1/563 1173/1/563
f 1192/1/563 1191/1/563 1173/1/563
s 9
f 1175/1/1319 1193/1/1341 1174/1/1320
f 1193/1/1341 1192/1/1342 1174/1/1320
s 10
f 1176/1/568 1194/1/568 1175/1/568
f 1194/1/568 1193/1/568 1175/1/568
s 11
f 1177/1/1321 1195/1/1343 1176/1/1322
f 1195/1/1343 1194/1/1344 1176/1/1322
s 12
f 1178/1/568 1196/1/568 1177/1/568
f 1196/1/568 1195/1/568 1177/1/568
s 13
f 1179/1/1323 1197/1/1345 1178/1/1324
f 1197/1/1345 1196/1/1346 1178/1/1324
s 14
f 549/1/568 1197/1/568 1179/1/568
s 3
f 1181/1/1325 1199/1/1347 1180/1/1326
f 1199/1/1347 1198/1/1348 1180/1/1326
f 1182/1/1327 1200/1/1349 1181/1/1325
f 1200/1/1349 1199/1/1347 1181/1/1325
f 1183/1/1328 1201/1/1350 1182/1/1327
f 1201/1/1350 1200/1/1349 1182/1/1327
f 1184/1/1329 1202/1/1351 1183/1/1328
f 1202/1/1351 1201/1/1350 1183/1/1328
s 4
f 1185/1/1330 1203/1/1352 1184/1/1331
f 1203/1/1352 1202/1/1353 1184/1/1331
s 5
f 1186/1/1332 1204/1/1354 1185/1/1333
f 1204/1/1354 1203/1/1355 1185/1/1333
f 1187/1/1334 1205/1/1356 1186/1/1332
f 1205/1/1356 1204/1/1354 1186/1/1332
s 6
f 1188/1/1335 1206/1/1357 1187/1/1336
f 1206/1/1357 1205/1/1358 1187/1/1336
f 1189/1/1337 1207/1/1359 1188/1/1335
f 1207/1/1359 1206/1/1357 1188/1/1335
f 1190/1/1338 1208/1/1360 1189/1/1337
f 1208/1/1360 1207/1/1359 1189/1/1337
s 7
f 1191/1/1339 1209/1/1361 1190/1/1340
f 1209/1/1361 1208/1/1362 1190/1/1340
s 8
f 1192/1/563 1210/1/563 1191/1/563
f 1210/1/563 1209/1/563 1191/1/563
s 9
f 1193/1/1341 1211/1/1363 1192/1/1342
f 1211/1/1363 1210/1/1364 1192/1/1342
s 10
f 1194/1/568 1212/1/568 1193/1/568
f 1212/1/568 1211/1/568 1193/1/568
s 11
f 1195/1/1343 1213/1/1365 1194/1/1344
f 1213/1/1365 1212/1/1366 1194/1/1344
s 12
f 1196/1/568 1214/1/568 1195/1/568
f 1214/1/568 1213/1/568 1195/1/568
s 13
f 1197/1/1345 1215/1/1367 1196/1/1346
f 1215/1/1367 1214/1/1368 1196/1/1346
s 14
f 549/1/568 1215/1/568 1197/1/568
s 3
f 1199/1/1347 1217/1/1369 1198/1/1348
f 1217/1/1369 1216/1/1370 1198/1/1348
f 1200/1/1349 1218/1/1371 1199/1/1347
f 1218/1/1371 1217/1/1369 1199/1/1347
f 1201/1/1350 1219/1/1372 1200/1/1349
f 1219/1/1372 1218/1/1371 1200/1/1349
f 1202/1/1351 1220/1/1373 1201/1/1350
f 1220/1/1373 1219/1/1372 1201/1/1350
s 4
f 1203/1/1352 1221/1/1374 1202/1/1353
f 1221/1/1374 1220/1/1375 1202/1/1353
s 5
f 1204/1/1354 1222/1/1376 1203/1/1355
f 1222/1/1376 1221/1/1377 1203/1/1355
f 1205/1/1356 1223/1/1378 1204/1/1354
f 1223/1/1378 1222/1/1376 1204/1/1354
s 6
f 1206/1/1357 1224/1/1379 1205/1/1358
f 1224/1/1379 1223/1/1380 1205/1/1358
f 1207/1/1359 1225/1/1381 1206/1/1357
f 1225/1/1381 1224/1/1379 1206/1/1357
f 1208/1/1360 1226/1/1382 1207/1/1359
f 1226/1/1382 1225/1/1381 1207/1/1359
s 7
f 1209/1/1361 1227/1/1383 1208/1/1362
f 1227/1/1383 1226/1/1384 1208/1/1362
s 8
f 1210/1/563 1228/1/563 1209/1/563
f 1228/1/563 1227/1/563 1209/1/563
s 9
f 1211/1/1363 1229/1/1385 1210/1/1364
f 1229/1/1385 1228/1/1386 1210/1/1364
s 10
f 1212/1/568 1230/1/568 1211/1/568
f 1230/1/568 1229/1/568 1211/1/568
s 11
f 1213/1/1365 1231/1/1387 1212/1/1366
f 1231/1/1387 1230/1/1388 1212/1/1366
s 12
f 1214/1/568 1232/1/568 1213/1/568
f 1232/1/568 1231/1/568 1213/1/568
s 13
f 1215/1/1367 1233/1/1389 1214/1/1368
f 1233/1/1389 1232/1/1390 1214/1/1368
s 14
f 549/1/568 1233/1/568 1215/1/568
s 3
f 1217/1/1369 1235/1/1391 1216/1/1370
f 1235/1/1391 1234/1/1392 1216/1/1370
f 1218/1/1371 1236/1/1393 1217/1/1369
f 1236/1/1393 1235/1/1391 1217/1/1369
f 1219/1/1372 1237/1/1394 1218/1/1371
f 1237/1/1394 1236/1/1393 1218/1/1371
f 1220/1/1373 1238/1/1395 1219/1/1372
f 1238/1/1395 1237/1/1394 1219/1/1372
s 4
f 1221/1/1374 1239/1/1396 1220/1/1375
f 1239/1/1396 1238/1/1397 1220/1/1375
s 5
f 1222/1/1376 1240/1/1398 1221/1/1377
f 1240/1/1398 1239/1/1399 1221/1/1377
f 1223/1/1378 1241/1/1400 1222/1/1376
f 1241/1/1400 1240/1/1398 1222/1/1376
s 6
f 1224/1/1379 1242/1/1401 1223/1/1380
f 1242/1/1401 1241/1/1402 1223/1/1380
f 1225/1/1381 1243/1/1403 1224/1/1379
f 1243/1/1403 1242/1/1401 1224/1/1379
f 1226/1/1382 1244/1/1404 1225/1/1381
f 1244/1/1404 1243/1/1403 1225/1/1381
s 7
f 1227/1/1383 1245/1/1405 1226/1/1384
f 1245/1/1405 1244/1/1406 1226/1/1384
s 8
f 1228/1/563 1246/1/563 1227/1/563
f 1246/1/563 1245/1/563 1227/1/563
s 9
f 1229/1/1385 1247/1/1407 1228/1/1386
f 1247/1/1407 1246/1/1408 1228/1/1386
s 10
f 1230/1/568 1248/1/568 1229/1/568
f 1248/1/568 1247/1/568 1229/1/568
s 11
f 1231/1/1387 1249/1/1409 1230/1/1388
f 1249/1/1409 1248/1/1410 1230/1/1388
s 12
f 1232/1/568 1250/1/568 1231/1/568
f 1250/1/568 1249/1/568 1231/1/568
s 13
f 1233/1/1389 1251/1/1411 1232/1/1390
f 1251/1/1411 1250/1/1412 1232/1/1390
s 14
f 549/1/568 1251/1/568 1233/1/568
s 3
f 1235/1/1391 1253/1/1413 1234/1/1392
f 1253/1/1413 1252/1/1414 1234/1/1392
f 1236/1/1393 1254/1/1415 1235/1/1391
f 1254/1/1415 1253/1/1413 1235/1/1391
f 1237/1/1394 1255/1/1416 1236/1/1393
f 1255/1/1416 1254/1/1415 1236/1/1393
f 1238/1/1395 1256/1/1417 1237/1/1394
f 1256/1/1417 1255/1/1416 1237/1/1394
s 4
f 1239/1/1396 1257/1/1418 1238/1/1397
f 1257/1/1418 1256/1/1419 1238/1/1397
s 5
f 1240/1/1398 1258/1/1420 1239/1/1399
f 1258/1/1420 1257/1/1421 1239/1/1399
f 1241/1/1400 1259/1/1422 1240/1/1398
f 1259/1/1422 1258/1/1420 1240/1/1398
s 6
f 1242/1/1401 1260/1/1423 1241/1/1402
f 1260/1/1423 1259/1/1424 1241/1/1402
f 1243/1/1403 1261/1/1425 1242/1/1401
f 1261/1/1425 1260/1/1423 1242/1/1401
f 1244/1/1404 1262/1/1426 1243/1/1403
f 1262/1/1426 1261/1/1425 1243/1/1403
s 7
f 1245/1/1405 1263/1/1427 1244/1/1406
f 1263/1/1427 1262/1/1428 1244/1/1406
s 8
f 1246/1/563 1264/1/563 1245/1/563
f 1264/1/563 1263/1/563 1245/1/563
s 9
f 1247/1/1407 1265/1/1429 1246/1/1408
f 1265/1/1429 1264/1/1430 1246/1/1408
s 10
f 1248/1/568 1266/1/568 1247/1/568
f 1266/1/568 1265/1/568 1247/1/568
s 11
f 1249/1/1409 1267/1/1431 1248/1/1410
f 1267/1/1431 1266/1/1432 1248/1/1410
s 12
f 1250/1/568 1268/1/568 1249/1/568
f 1268/1/568 1267/1/568 1249/1/568
s 13
f 1251/1/1411 1269/1/1433 1250/1/1412
f 1269/1/1433 1268/1/1434 1250/1/1412
s 14
f 549/1/568 1269/1/568 1251/1/568
s 3
f 1253/1/1413 1271/1/1435 1252/1/1414
f 1271/1/1435 1270/1/1436 1252/1/1414
f 1254/1/1415 1272/1/1437 1253/1/1413
f 1272/1/1437 1271/1/1435 1253/1/1413
f 1255/1/1416 1273/1/1438 1254/1/1415
f 1273/1/1438 1272/1/1437 1254/1/1415
f 1256/1/1417 1274/1/1439 1255/1/1416
f 1274/1/1439 1273/1/1438 1255/1/1416
s 4
f 1257/1/1418 1275/1/1440 1256/1/1419
f 1275/1/1440 1274/1/1441 1256/1/1419
s 5
f 1258/1/1420 1276/1/1442 1257/1/1421
f 1276/1/1442 1275/1/1443 1257/1/1421
f 1259/1/1422 1277/1/1444 1258/1/1420
f 1277/1/1444 1276/1/1442 1258/1/1420
s 6
f 1260/1/1423 1278/1/1445 1259/1/1424
f 1278/1/1445 1277/1/1446 1259/1/1424
f 1261/1/1425 1279/1/1447 1260/1/1423
f 1279/1/1447 1278/1/1445 1260/1/1423
f 1262/1/1426 1280/1/1448 1261/1/1425
f 1280/1/1448 1279/1/1447 1261/1/1425
s 7
f 1263/1/1427 1281/1/1449 1262/1/1428
f 1281/1/1449 1280/1/1450 1262/1/1428
s 8
f 1264/1/563 1282/1/563 1263/1/563
f 1282/1/563 1281/1/563 1263/1/563
s 9
f 1265/1/1429 1283/1/1451 1264/1/1430
f 1283/1/1451 1282/1/1452 1264/1/1430
s 10
f 1266/1/568 1284/1/568 1265/1/568
f 1284/1/568 1283/1/568 1265/1/568
s 11
f 1267/1/1431 1285/1/1453 1266/1/1432
f 1285/1/1453 1284/1/1454 1266/1/1432
s 12
f 1268/1/568 1286/1/568 1267/1/568
f 1286/1/568 1285/1/568 1267/1/568
s 13
f 1269/1/1433 1287/1/1455 1268/1/1434
f 1287/1/1455 1286/1/1456 1268/1/1434
s 14
f 549/1/568 1287/1/568 1269/1/568
s 3
f 1271/1/1435 1289/1/1457 1270/1/1436
f 1289/1/1457 1288/1/1458 1270/1/1436
f 1272/1/1437 1290/1/1459 1271/1/1435
f 1290/1/1459 1289/1/1457 1271/1/1435
f 1273/1/1438 1291/1/1460 1272/1/1437
f 1291/1/1460 1290/1/1459 1272/1/1437
f 1274/1/1439 1292/1/1461 1273/1/1438
f 1292/1/1461 1291/1/1460 1273/1/1438
s 4
f 1275/1/1440 1293/1/1462 1274/1/1441
f 1293/1/1462 1292/1/1463 1274/1/1441
s 5
f 1276/1/1442 1294/1/1464 1275/1/1443
f 1294/1/1464 1293/1/1465 1275/1/1443
f 1277/1/1444 1295/1/1466 1276/1/1442
f 1295/1/1466 1294/1/1464 1276/1/1442
s 6
f 1278/1/1445 1296/1/1467 1277/1/1446
f 1296/1/1467 1295/1/1468 1277/1/1446
f 1279/1/1447 1297/1/1469 1278/1/1445
f 1297/1/1469 1296/1/1467 1278/1/1445
f 1280/1/1448 1298/1/1470 1279/1/1447
f 1298/1/1470 1297/1/1469 1279/1/1447
s 7
f 1281/1/1449 1299/1/1471 1280/1/1450
f 1299/1/1471 1298/1/1472 1280/1/1450
s 8
f 1282/1/563 1300/1/563 1281/1/563
f 1300/1/563 1299/1/563 1281/1/563
s 9
f 1283/1/1451 1301/1/1473 1282/1/1452
f 1301/1/1473 1300/1/1474 1282/1/1452
s 10
f 1284/1/568 1302/1/568 1283/1/568
f 1302/1/568 1301/1/568 1283/1/568
s 11
f 1285/1/1453 1303/1/1475 1284/1/1454
f 1303/1/1475 1302/1/1476 1284/1/1454
s 12
f 1286/1/568 1304/1/568 1285/1/568
f 1304/1/568 1303/1/568 1285/1/568
s 13
f 1287/1/1455 1305/1/1477 1286/1/1456
f 1305/1/1477 1304/1/1478 1286/1/1456
s 14
f 549/1/568 1305/1/568 1287/1/568
s 3
f 1289/1/1457 1307/1/1479 1288/1/1458
f 1307/1/1479 1306/1/1480 1288/1/1458
f 1290/1/1459 1308/1/1481 1289/1/1457
f 1308/1/1481 1307/1/1479 1289/1/1457
f 1291/1/1460 1309/1/1482 1290/1/1459
f 1309/1/1482 1308/1/1481 1290/1/1459
f 1292/1/1461 1310/1/1483 1291/1/1460
f 1310/1/1483 1309/1/1482 1291/1/1460
s 4
f 1293/1/1462 1311/1/1484 1292/1/1463
f 1311/1/1484 1310/1/1485 1292/1/1463
s 5
f 1294/1/1464 1312/1/1486 1293/1/1465
f 1312/1/1486 1311/1/1487 1293/1/1465
f 1295/1/1466 1313/1/1488 1294/1/1464
f 1313/1/1488 1312/1/1486 1294/1/1464
s 6
f 1296/1/1467 1314/1/1489 1295/1/1468
f 1314/1/1489 1313/1/1490 1295/1/1468
f 1297/1/1469 1315/1/1491 1296/1/1467
f 1315/1/1491 1314/1/1489 1296/1/1467
f 1298/1/1470 1316/1/1492 1297/1/1469
f 1316/1/1492 1315/1/1491 1297/1/1469
s 7
f 1299/1/1471 1317/1/1493 1298/1/1472
f 1317/1/1493 1316/1/1494 1298/1/1472
s 8
f 1300/1/563 1318/1/563 1299/1/563
f 1318/1/563 1317/1/563 1299/1/563
s 9
f 1301/1/1473 1319/1/1495 1300/1/1474
f 1319/1/1495 1318/1/1496 1300/1/1474
s 10
f 1302/1/568 1320/1/568 1301/1/568
f 1320/1/568 1319/1/568 1301/1/568
s 11
f 1303/1/1475 1321/1/1497 1302/1/1476
f 1321/1/1497 1320/1/1498 1302/1/1476
s 12
f 1304/1/568 1322/1/568 1303/1/568
f 1322/1/568 1321/1/568 1303/1/568
s 13
f 1305/1/1477 1323/1/1499 1304/1/1478
f 1323/1/1499 1322/1/1500 1304/1/1478
s 14
f 549/1/568 1323/1/568 1305/1/568
s 3
f 1307/1/1479 1325/1/1501 1306/1/1480
f 1325/1/1501 1324/1/1502 1306/1/1480
f 1308/1/1481 1326/1/1503 1307/1/1479
f 1326/1/1503 1325/1/1501 1307/1/1479
f 1309/1/1482 1327/1/1504 1308/1/1481
f 1327/1/1504 1326/1/1503 1308/1/1481
f 1310/1/1483 1328/1/1505 1309/1/1482
f 1328/1/1505 1327/1/1504 1309/1/1482
s 4
f 1311/1/1484 1329/1/1506 1310/1/1485
f 1329/1/1506 1328/1/1507 1310/1/1485
s 5
f 1312/1/1486 1330/1/1508 1311/1/1487
f 1330/1/1508 1329/1/1509 1311/1/1487
f 1313/1/1488 1331/1/1510 1312/1/1486
f 1331/1/1510 1330/1/1508 1312/1/1486
s 6
f 1314/1/1489 1332/1/1511 1313/1/1490
f 1332/1/1511 1331/1/1512 1313/1/1490
f 1315/1/1491 1333/1/1513 1314/1/1489
f 1333/1/1513 1332/1/1511 1314/1/1489
f 1316/1/1492 1334/1/1514 1315/1/1491
f 1334/1/1514 1333/1/1513 1315/1/1491
s 7
f 1317/1/1493 1335/1/1515 1316/1/1494
f 1335/1/1515 1334/1/1516 1316/1/1494
s 8
f 1318/1/563 1336/1/563 1317/1/563
f 1336/1/563 1335/1/563 1317/1/563
s 9
f 1319/1/1495 1337/1/1517 1318/1/1496
f 1337/1/1517 1336/1/1518 1318/1/1496
s 10
f 1320/1/568 1338/1/568 1319/1/568
f 1338/1/568 1337/1/568 1319/1/568
s 11
f 1321/1/1497 1339/1/1519 1320/1/1498
f 1339/1/1519 1338/1/1520 1320/1/1498
s 12
f 1322/1/568 1340/1/568 1321/1/568
f 1340/1/568 1339/1/568 1321/1/568
s 13
f 1323/1/1499 1341/1/1521 1322/1/1500
f 1341/1/1521 1340/1/1522 1322/1/1500
s 14
f 549/1/568 1341/1/568 1323/1/568
s 3
f 1325/1/1501 532/1/531 1324/1/1502
f 532/1/531 531/1/532 1324/1/1502
f 1326/1/1503 533/1/535 1325/1/1501
f 533/1/535 532/1/531 1325/1/1501
f 1327/1/1504 534/1/537 1326/1/1503
f 534/1/537 533/1/535 1326/1/1503
f 1328/1/1505 535/1/539 1327/1/1504
f 535/1/539 534/1/537 1327/1/1504
s 4
f 1329/1/1506 536/1/541 1328/1/1507
f 536/1/541 535/1/542 1328/1/1507
s 5
f 1330/1/1508 537/1/545 1329/1/1509
f 537/1/545 536/1/546 1329/1/1509
f 1331/1/1510 538/1/549 1330/1/1508
f 538/1/549 537/1/545 1330/1/1508
s 6
f 1332/1/1511 539/1/551 1331/1/1512
f 539/1/551 538/1/552 1331/1/1512
f 1333/1/1513 540/1/555 1332/1/1511
f 540/1/555 539/1/551 1332/1/1511
f 1334/1/1514 541/1/557 1333/1/1513
f 541/1/557 540/1/555 1333/1/1513
s 7
f 1335/1/1515 542/1/559 1334/1/1516
f 542/1/559 541/1/560 1334/1/1516
s 8
f 1336/1/563 543/1/563 1335/1/563
f 543/1/563 542/1/563 1335/1/563
s 9
f 1337/1/1517 544/1/564 1336/1/1518
f 544/1/564 543/1/565 1336/1/1518
s 10
f 1338/1/568 545/1/568 1337/1/568
f 545/1/568 544/1/568 1337/1/568
s 11
f 1339/1/1519 546/1/569 1338/1/1520
f 546/1/569 545/1/570 1338/1/1520
s 12
f 1340/1/568 547/1/568 1339/1/568
f 547/1/568 546/1/568 1339/1/568
s 13
f 1341/1/1521 548/1/573 1340/1/1522
f 548/1/573 547/1/574 1340/1/1522
s 14
f 549/1/568 548/1/568 1341/1/568
s 15
g VWBeetle.001_tube
usemtl tube
f 1351/1/1523 1350/1/1525 1342/1/1524
f 1343/1/1526 1351/1/1523 1342/1/1524
f 1352/1/1527 1351/1/1523 1343/1/1526
f 1344/1/1528 1352/1/1527 1343/1/1526
f 1353/1/1529 1352/1/1527 1344/1/1528
f 1345/1/1530 1353/1/1529 1344/1/1528
f 1354/1/1531 1353/1/1529 1345/1/1530
f 1346/1/1532 1354/1/1531 1345/1/1530
f 1355/1/1533 1354/1/1531 1346/1/1532
f 1347/1/1534 1355/1/1533 1346/1/1532
f 1356/1/1535 1355/1/1533 1347/1/1534
f 1348/1/1536 1356/1/1535 1347/1/1534
f 1357/1/1537 1356/1/1535 1348/1/1536
f 1349/1/1538 1357/1/1537 1348/1/1536
f 1350/1/1525 1357/1/1537 1349/1/1538
f 1342/1/1524 1350/1/1525 1349/1/1538
f 1359/1/1539 1358/1/1540 1350/1/1525
f 1351/1/1523 1359/1/1539 1350/1/1525
f 1360/1/1541 1359/1/1539 1351/1/1523
f 1352/1/1527 1360/1/1541 1351/1/1523
f 1361/1/1542 1360/1/1541 1352/1/1527
f 1353/1/1529 1361/1/1542 1352/1/1527
f 1362/1/1543 1361/1/1542 1353/1/1529
f 1354/1/1531 1362/1/1543 1353/1/1529
f 1363/1/1544 1362/1/1543 1354/1/1531
f 1355/1/1533 1363/1/1544 1354/1/1531
f 1364/1/1545 1363/1/1544 1355/1/1533
f 1356/1/1535 1364/1/1545 1355/1/1533
f 1365/1/1546 1364/1/1545 1356/1/1535
f 1357/1/1537 1365/1/1546 1356/1/1535
f 1358/1/1540 1365/1/1546 1357/1/1537
f 1350/1/1525 1358/1/1540 1357/1/1537
f 1367/1/1547 1366/1/1548 1358/1/1540
f 1359/1/1539 1367/1/1547 1358/1/1540
f 1368/1/1549 1367/1/1547 1359/1/1539
f 1360/1/1541 1368/1/1549 1359/1/1539
f 1369/1/1550 1368/1/1549 1360/1/1541
f 1361/1/1542 1369/1/1550 1360/1/1541
f 1370/1/1551 1369/1/1550 1361/1/1542
f 1362/1/1543 1370/1/1551 1361/1/1542
f 1371/1/1552 1370/1/1551 1362/1/1543
f 1363/1/1544 1371/1/1552 1362/1/1543
f 1372/1/1553 1371/1/1552 1363/1/1544
f 1364/1/1545 1372/1/1553 1363/1/1544
f 1373/1/1554 1372/1/1553 1364/1/1545
f 1365/1/1546 1373/1/1554 1364/1/1545
f 1366/1/1548 1373/1/1554 1365/1/1546
f 1358/1/1540 1366/1/1548 1365/1/1546
f 1375/1/1555 1374/1/1556 1366/1/1548
f 1367/1/1547 1375/1/1555 1366/1/1548
f 1376/1/1557 1375/1/1555 1367/1/1547
f 1368/1/1549 1376/1/1557 1367/1/1547
f 1377/1/1558 1376/1/1557 1368/1/1549
f 1369/1/1550 1377/1/1558 1368/1/1549
f 1378/1/1559 1377/1/1558 1369/1/1550
f 1370/1/1551 1378/1/1559 1369/1/1550
f 1379/1/1560 1378/1/1559 1370/1/1551
f 1371/1/1552 1379/1/1560 1370/1/1551
f 1380/1/1561 1379/1/1560 1371/1/1552
f 1372/1/1553 1380/1/1561 1371/1/1552
f 1381/1/1562 1380/1/1561 1372/1/1553
f 1373/1/1554 1381/1/1562 1372/1/1553
f 1374/1/1556 1381/1/1562 1373/1/1554
f 1366/1/1548 1374/1/1556 1373/1/1554
f 1383/1/1563 1382/1/1564 1374/1/1556
f 1375/1/1555 1383/1/1563 1374/1/1556
f 1384/1/1565 1383/1/1563 1375/1/1555
f 1376/1/1557 1384/1/1565 1375/1/1555
f 1385/1/1566 1384/1/1565 1376/1/1557
f 1377/1/1558 1385/1/1566 1376/1/1557
f 1386/1/1567 1385/1/1566 1377/1/1558
f 1378/1/1559 1386/1/1567 1377/1/1558
f 1387/1/1568 1386/1/1567 1378/1/1559
f 1379/1/1560 1387/1/1568 1378/1/1559
f 1388/1/1569 1387/1/1568 1379/1/1560
f 1380/1/1561 1388/1/1569 1379/1/1560
f 1389/1/1570 1388/1/1569 1380/1/1561
f 1381/1/1562 1389/1/1570 1380/1/1561
f 1382/1/1564 1389/1/1570 1381/1/1562
f 1374/1/1556 1382/1/1564 1381/1/1562
s 16
f 1382/1/1571 1383/1/1571 1390/1/1571
f 1383/1/1571 1384/1/1571 1390/1/1571
f 1384/1/1571 1385/1/1571 1390/1/1571
f 1385/1/1571 1386/1/1571 1390/1/1571
f 1386/1/1571 1387/1/1571 1390/1/1571
f 1387/1/1571 1388/1/1571 1390/1/1571
f 1388/1/1571 1389/1/1571 1390/1/1571
f 1389/1/1571 1382/1/1571 1390/1/1571
s 15
f 1342/1/1524 1392/1/1572 1343/1/1526
f 1391/1/1573 1343/1/1526 1392/1/1572
f 1343/1/1526 1391/1/1573 1344/1/1528
f 1393/1/1574 1344/1/1528 1391/1/1573
f 1344/1/1528 1393/1/1574 1345/1/1530
f 1394/1/1575 1345/1/1530 1393/1/1574
f 1345/1/1530 1394/1/1575 1346/1/1532
f 1395/1/1576 1346/1/1532 1394/1/1575
f 1346/1/1532 1395/1/1576 1347/1/1534
f 1396/1/1577 1347/1/1534 1395/1/1576
f 1347/1/1534 1396/1/1577 1348/1/1536
f 1397/1/1578 1348/1/1536 1396/1/1577
f 1348/1/1536 1397/1/1578 1349/1/1538
f 1398/1/1579 1349/1/1538 1397/1/1578
f 1349/1/1538 1398/1/1579 1342/1/1524
f 1392/1/1572 1342/1/1524 1398/1/1579
s 17
g VWBeetle.001_black1
usemtl black1
f 1410/1/1580 1409/1/1582 1399/1/1581
f 1400/1/1583 1410/1/1580 1399/1/1581
f 1411/1/1584 1410/1/1580 1400/1/1583
f 1401/1/1585 1411/1/1584 1400/1/1583
f 1412/1/1586 1411/1/1584 1401/1/1585
f 1402/1/1587 1412/1/1586 1401/1/1585
f 1413/1/1588 1412/1/1586 1402/1/1587
f 1403/1/1589 1413/1/1588 1402/1/1587
f 1414/1/1590 1413/1/1588 1403/1/1589
f 1404/1/1591 1414/1/1590 1403/1/1589
f 1415/1/1592 1414/1/1590 1404/1/1591
f 1405/1/1593 1415/1/1592 1404/1/1591
f 1416/1/1594 1415/1/1592 1405/1/1593
f 1406/1/1595 1416/1/1594 1405/1/1593
f 1417/1/1596 1416/1/1594 1406/1/1595
f 1407/1/1597 1417/1/1596 1406/1/1595
f 1418/1/1598 1417/1/1596 1407/1/1597
f 1408/1/1599 1418/1/1598 1407/1/1597
f 1409/1/1582 1418/1/1598 1408/1/1599
f 1399/1/1581 1409/1/1582 1408/1/1599
s 18
f 1409/1/563 1410/1/563 1419/1/563
f 1410/1/563 1411/1/563 1419/1/563
f 1411/1/563 1412/1/563 1419/1/563
f 1412/1/563 1413/1/563 1419/1/563
f 1413/1/563 1414/1/563 1419/1/563
f 1414/1/563 1415/1/563 1419/1/563
f 1415/1/563 1416/1/563 1419/1/563
f 1416/1/563 1417/1/563 1419/1/563
f 1417/1/563 1418/1/563 1419/1/563
f 1418/1/563 1409/1/563 1419/1/563
l 15 18
