# Blender 5.0.1
# www.blender.org
mtllib lamp.mtl
o Plane
v -0.444381 -1.180713 -0.444381
v -0.444381 -1.180713 0.444381
v 0.444381 -1.180713 0.444381
v 0.444381 -1.180713 -0.444381
v 0.311496 1.938312 -0.000003
v 0.303150 1.938312 0.031147
v 0.280347 1.938312 0.053950
v 0.249197 1.938312 0.062297
v 0.218047 1.938312 0.053950
v 0.195244 1.938312 0.031147
v 0.186898 1.938312 -0.000003
v 0.195244 1.938312 -0.031152
v 0.218047 1.938312 -0.053955
v 0.249197 1.938312 -0.062302
v 0.280347 1.938312 -0.053955
v 0.303150 1.938312 -0.031152
v 0.308831 1.978971 -0.000003
v 0.300556 1.977881 0.031147
v 0.277948 1.974905 0.053950
v 0.247065 1.970839 0.062297
v 0.216182 1.966773 0.053950
v 0.193574 1.963797 0.031147
v 0.185299 1.962708 -0.000003
v 0.193574 1.963797 -0.031152
v 0.216182 1.966773 -0.053955
v 0.247065 1.970839 -0.062302
v 0.277948 1.974905 -0.053955
v 0.300556 1.977881 -0.031152
v 0.300882 2.018934 -0.000003
v 0.292820 2.016773 0.031147
v 0.270794 2.010871 0.053950
v 0.240706 2.002809 0.062297
v 0.210618 1.994747 0.053950
v 0.188591 1.988845 0.031147
v 0.180529 1.986685 -0.000003
v 0.188591 1.988845 -0.031152
v 0.210618 1.994747 -0.053955
v 0.240706 2.002809 -0.062302
v 0.270794 2.010871 -0.053955
v 0.292820 2.016773 -0.031152
v 0.287785 2.057517 -0.000003
v 0.280074 2.054323 0.031147
v 0.259006 2.045596 0.053950
v 0.230228 2.033676 0.062297
v 0.201450 2.021755 0.053950
v 0.180382 2.013029 0.031147
v 0.172671 2.009835 -0.000003
v 0.180382 2.013029 -0.031152
v 0.201450 2.021755 -0.053955
v 0.230228 2.033676 -0.062302
v 0.259006 2.045596 -0.053955
v 0.280074 2.054323 -0.031152
v 0.269764 2.094061 -0.000003
v 0.262535 2.089887 0.031147
v 0.242787 2.078486 0.053950
v 0.215811 2.062911 0.062297
v 0.188835 2.047336 0.053950
v 0.169086 2.035935 0.031147
v 0.161858 2.031761 -0.000003
v 0.169086 2.035935 -0.031152
v 0.188835 2.047336 -0.053955
v 0.215811 2.062911 -0.062302
v 0.242787 2.078486 -0.053955
v 0.262535 2.089887 -0.031152
v 0.247127 2.127939 -0.000003
v 0.240505 2.122858 0.031147
v 0.222414 2.108977 0.053950
v 0.197701 2.090014 0.062297
v 0.172989 2.071051 0.053950
v 0.154898 2.057170 0.031147
v 0.148276 2.052088 -0.000003
v 0.154898 2.057170 -0.031152
v 0.172989 2.071051 -0.053955
v 0.197701 2.090014 -0.062302
v 0.222414 2.108977 -0.053955
v 0.240505 2.122858 -0.031152
v 0.220261 2.158573 -0.000003
v 0.214359 2.152672 0.031147
v 0.198235 2.136547 0.053950
v 0.176209 2.114521 0.062297
v 0.154183 2.092495 0.053950
v 0.138059 2.076371 0.031147
v 0.132157 2.070469 -0.000003
v 0.138059 2.076371 -0.031152
v 0.154183 2.092495 -0.053955
v 0.176209 2.114521 -0.062302
v 0.198235 2.136547 -0.053955
v 0.214359 2.152672 -0.031152
v 0.189627 2.185439 -0.000003
v 0.184546 2.178817 0.031147
v 0.170664 2.160726 0.053950
v 0.151702 2.136014 0.062297
v 0.132739 2.111301 0.053950
v 0.118857 2.093210 0.031147
v 0.113776 2.086588 -0.000003
v 0.118857 2.093210 -0.031152
v 0.132739 2.111301 -0.053955
v 0.151702 2.136014 -0.062302
v 0.170664 2.160726 -0.053955
v 0.184546 2.178817 -0.031152
v 0.155748 2.208076 -0.000003
v 0.151575 2.200848 0.031147
v 0.140173 2.181100 0.053950
v 0.124598 2.154124 0.062297
v 0.109024 2.127147 0.053950
v 0.097622 2.107399 0.031147
v 0.093449 2.100171 -0.000003
v 0.097622 2.107399 -0.031152
v 0.109024 2.127147 -0.053955
v 0.124598 2.154124 -0.062302
v 0.140173 2.181100 -0.053955
v 0.151575 2.200848 -0.031152
v 0.119204 2.226097 -0.000003
v 0.116010 2.218386 0.031147
v 0.107284 2.197319 0.053950
v 0.095364 2.168540 0.062297
v 0.083443 2.139762 0.053950
v 0.074717 2.118695 0.031147
v 0.071523 2.110983 -0.000003
v 0.074717 2.118695 -0.031152
v 0.083443 2.139762 -0.053955
v 0.095364 2.168540 -0.062302
v 0.107284 2.197319 -0.053955
v 0.116010 2.218386 -0.031152
v 0.080621 2.239195 -0.000003
v 0.078461 2.231133 0.031147
v 0.072559 2.209107 0.053950
v 0.064497 2.179018 0.062297
v 0.056435 2.148930 0.053950
v 0.050533 2.126904 0.031147
v 0.048373 2.118842 -0.000003
v 0.050533 2.126904 -0.031152
v 0.056435 2.148930 -0.053955
v 0.064497 2.179018 -0.062302
v 0.072559 2.209107 -0.053955
v 0.078461 2.231133 -0.031152
v 0.040658 2.247144 -0.000003
v 0.039569 2.238869 0.031147
v 0.036592 2.216261 0.053950
v 0.032527 2.185377 0.062297
v 0.028461 2.154494 0.053950
v 0.025484 2.131886 0.031147
v 0.024395 2.123611 -0.000003
v 0.025484 2.131886 -0.031152
v 0.028461 2.154494 -0.053955
v 0.032527 2.185377 -0.062302
v 0.036592 2.216261 -0.053955
v 0.039569 2.238869 -0.031152
v -0.000000 2.249809 -0.000003
v -0.000000 2.241462 0.031147
v -0.000000 2.218659 0.053950
v -0.000000 2.187509 0.062297
v -0.000000 2.156360 0.053950
v -0.000000 2.133557 0.031147
v -0.000000 2.125210 -0.000003
v -0.000000 2.133557 -0.031152
v -0.000000 2.156360 -0.053955
v -0.000000 2.187509 -0.062302
v -0.000000 2.218659 -0.053955
v -0.000000 2.241462 -0.031152
v -0.040659 2.247144 -0.000003
v -0.039569 2.238868 0.031147
v -0.036593 2.216261 0.053950
v -0.032527 2.185377 0.062297
v -0.028461 2.154494 0.053950
v -0.025485 2.131886 0.031147
v -0.024395 2.123611 -0.000003
v -0.025485 2.131886 -0.031152
v -0.028461 2.154494 -0.053955
v -0.032527 2.185377 -0.062302
v -0.036593 2.216261 -0.053955
v -0.039569 2.238868 -0.031152
v -0.080621 2.239195 -0.000003
v -0.078461 2.231133 0.031147
v -0.072559 2.209107 0.053950
v -0.064497 2.179018 0.062297
v -0.056435 2.148930 0.053950
v -0.050533 2.126904 0.031147
v -0.048373 2.118842 -0.000003
v -0.050533 2.126904 -0.031152
v -0.056435 2.148930 -0.053955
v -0.064497 2.179018 -0.062302
v -0.072559 2.209107 -0.053955
v -0.078461 2.231133 -0.031152
v -0.119204 2.226097 -0.000003
v -0.116010 2.218386 0.031147
v -0.107284 2.197319 0.053950
v -0.095364 2.168540 0.062297
v -0.083443 2.139762 0.053950
v -0.074717 2.118695 0.031147
v -0.071523 2.110983 -0.000003
v -0.074717 2.118695 -0.031152
v -0.083443 2.139762 -0.053955
v -0.095364 2.168540 -0.062302
v -0.107284 2.197319 -0.053955
v -0.116010 2.218386 -0.031152
v -0.155748 2.208076 -0.000003
v -0.151575 2.200848 0.031147
v -0.140173 2.181100 0.053950
v -0.124598 2.154124 0.062297
v -0.109024 2.127147 0.053950
v -0.097622 2.107399 0.031147
v -0.093449 2.100171 -0.000003
v -0.097622 2.107399 -0.031152
v -0.109024 2.127147 -0.053955
v -0.124598 2.154124 -0.062302
v -0.140173 2.181100 -0.053955
v -0.151575 2.200848 -0.031152
v -0.189627 2.185439 -0.000003
v -0.184546 2.178817 0.031147
v -0.170664 2.160726 0.053950
v -0.151702 2.136014 0.062297
v -0.132739 2.111301 0.053950
v -0.118857 2.093210 0.031147
v -0.113776 2.086588 -0.000003
v -0.118857 2.093210 -0.031152
v -0.132739 2.111301 -0.053955
v -0.151702 2.136014 -0.062302
v -0.170664 2.160726 -0.053955
v -0.184546 2.178817 -0.031152
v -0.220261 2.158573 -0.000003
v -0.214359 2.152672 0.031147
v -0.198235 2.136547 0.053950
v -0.176209 2.114521 0.062297
v -0.154183 2.092495 0.053950
v -0.138059 2.076371 0.031147
v -0.132157 2.070469 -0.000003
v -0.138059 2.076371 -0.031152
v -0.154183 2.092495 -0.053955
v -0.176209 2.114521 -0.062302
v -0.198235 2.136547 -0.053955
v -0.214359 2.152672 -0.031152
v -0.247127 2.127939 -0.000003
v -0.240505 2.122858 0.031147
v -0.222414 2.108977 0.053950
v -0.197701 2.090014 0.062297
v -0.172989 2.071051 0.053950
v -0.154898 2.057170 0.031147
v -0.148276 2.052088 -0.000003
v -0.154898 2.057170 -0.031152
v -0.172989 2.071051 -0.053955
v -0.197701 2.090014 -0.062302
v -0.222414 2.108977 -0.053955
v -0.240505 2.122858 -0.031152
v -0.269764 2.094061 -0.000003
v -0.262535 2.089887 0.031147
v -0.242787 2.078486 0.053950
v -0.215811 2.062911 0.062297
v -0.188835 2.047336 0.053950
v -0.169086 2.035935 0.031147
v -0.161858 2.031761 -0.000003
v -0.169086 2.035935 -0.031152
v -0.188835 2.047336 -0.053955
v -0.215811 2.062911 -0.062302
v -0.242787 2.078486 -0.053955
v -0.262535 2.089887 -0.031152
v -0.287785 2.057517 -0.000003
v -0.280074 2.054323 0.031147
v -0.259007 2.045596 0.053950
v -0.230228 2.033676 0.062297
v -0.201449 2.021755 0.053950
v -0.180382 2.013029 0.031147
v -0.172671 2.009835 -0.000003
v -0.180382 2.013029 -0.031152
v -0.201449 2.021755 -0.053955
v -0.230228 2.033676 -0.062302
v -0.259007 2.045596 -0.053955
v -0.280074 2.054323 -0.031152
v -0.300882 2.018934 -0.000003
v -0.292820 2.016773 0.031147
v -0.270794 2.010871 0.053950
v -0.240706 2.002809 0.062297
v -0.210618 1.994747 0.053950
v -0.188591 1.988845 0.031147
v -0.180529 1.986685 -0.000003
v -0.188591 1.988845 -0.031152
v -0.210618 1.994747 -0.053955
v -0.240706 2.002809 -0.062302
v -0.270794 2.010871 -0.053955
v -0.292820 2.016773 -0.031152
v -0.308831 1.978971 -0.000003
v -0.300556 1.977881 0.031147
v -0.277948 1.974905 0.053950
v -0.247065 1.970839 0.062297
v -0.216182 1.966773 0.053950
v -0.193574 1.963797 0.031147
v -0.185299 1.962708 -0.000003
v -0.193574 1.963797 -0.031152
v -0.216182 1.966773 -0.053955
v -0.247065 1.970839 -0.062302
v -0.277948 1.974905 -0.053955
v -0.300556 1.977881 -0.031152
v -0.311496 1.938312 -0.000003
v -0.303150 1.938312 0.031147
v -0.280347 1.938312 0.053950
v -0.249197 1.938312 0.062297
v -0.218047 1.938312 0.053950
v -0.195244 1.938312 0.031147
v -0.186898 1.938312 -0.000003
v -0.195244 1.938312 -0.031152
v -0.218047 1.938312 -0.053955
v -0.249197 1.938312 -0.062302
v -0.280347 1.938312 -0.053955
v -0.303150 1.938312 -0.031152
v -0.308831 1.897654 -0.000003
v -0.300556 1.898743 0.031147
v -0.277948 1.901720 0.053950
v -0.247065 1.905786 0.062297
v -0.216182 1.909851 0.053950
v -0.193574 1.912828 0.031147
v -0.185299 1.913917 -0.000003
v -0.193574 1.912828 -0.031152
v -0.216182 1.909851 -0.053955
v -0.247065 1.905786 -0.062302
v -0.277948 1.901720 -0.053955
v -0.300556 1.898743 -0.031152
v -0.300882 1.857691 -0.000003
v -0.292820 1.859852 0.031147
v -0.270794 1.865753 0.053950
v -0.240706 1.873816 0.062297
v -0.210618 1.881878 0.053950
v -0.188591 1.887779 0.031147
v -0.180529 1.889940 -0.000003
v -0.188591 1.887779 -0.031152
v -0.210618 1.881878 -0.053955
v -0.240706 1.873816 -0.062302
v -0.270794 1.865753 -0.053955
v -0.292820 1.859852 -0.031152
v -0.287785 1.819108 -0.000003
v -0.280074 1.822302 0.031147
v -0.259007 1.831028 0.053950
v -0.230228 1.842949 0.062297
v -0.201450 1.854869 0.053950
v -0.180382 1.863596 0.031147
v -0.172671 1.866790 -0.000003
v -0.180382 1.863596 -0.031152
v -0.201450 1.854869 -0.053955
v -0.230228 1.842949 -0.062302
v -0.259007 1.831028 -0.053955
v -0.280074 1.822302 -0.031152
v -0.269764 1.782564 -0.000003
v -0.262535 1.786737 0.031147
v -0.242787 1.798139 0.053950
v -0.215811 1.813714 0.062297
v -0.188835 1.829289 0.053950
v -0.169087 1.840690 0.031147
v -0.161858 1.844863 -0.000003
v -0.169087 1.840690 -0.031152
v -0.188835 1.829289 -0.053955
v -0.215811 1.813714 -0.062302
v -0.242787 1.798139 -0.053955
v -0.262535 1.786737 -0.031152
v -0.247127 1.748685 -0.000003
v -0.240505 1.753767 0.031147
v -0.222414 1.767648 0.053950
v -0.197701 1.786611 0.062297
v -0.172989 1.805573 0.053950
v -0.154898 1.819455 0.031147
v -0.148276 1.824536 -0.000003
v -0.154898 1.819455 -0.031152
v -0.172989 1.805573 -0.053955
v -0.197701 1.786611 -0.062302
v -0.222414 1.767648 -0.053955
v -0.240505 1.753767 -0.031152
v -0.220261 1.718051 -0.000003
v -0.214359 1.723953 0.031147
v -0.198235 1.740077 0.053950
v -0.176209 1.762104 0.062297
v -0.154183 1.784130 0.053950
v -0.138059 1.800254 0.031147
v -0.132157 1.806156 -0.000003
v -0.138059 1.800254 -0.031152
v -0.154183 1.784130 -0.053955
v -0.176209 1.762104 -0.062302
v -0.198235 1.740077 -0.053955
v -0.214359 1.723953 -0.031152
v -0.189627 1.691186 -0.000003
v -0.184546 1.697808 0.031147
v -0.170664 1.715899 0.053950
v -0.151702 1.740611 0.062297
v -0.132739 1.765324 0.053950
v -0.118857 1.783415 0.031147
v -0.113776 1.790036 -0.000003
v -0.118857 1.783415 -0.031152
v -0.132739 1.765324 -0.053955
v -0.151702 1.740611 -0.062302
v -0.170664 1.715899 -0.053955
v -0.184546 1.697808 -0.031152
v -0.155748 1.668549 -0.000003
v -0.151575 1.675777 0.031147
v -0.140173 1.695525 0.053950
v -0.124598 1.722501 0.062297
v -0.109024 1.749478 0.053950
v -0.097622 1.769226 0.031147
v -0.093449 1.776454 -0.000003
v -0.097622 1.769226 -0.031152
v -0.109024 1.749478 -0.053955
v -0.124598 1.722501 -0.062302
v -0.140173 1.695525 -0.053955
v -0.151575 1.675777 -0.031152
v -0.119204 1.650527 -0.000003
v -0.116010 1.658238 0.031147
v -0.107284 1.679306 0.053950
v -0.095364 1.708084 0.062297
v -0.083443 1.736863 0.053950
v -0.074717 1.757930 0.031147
v -0.071523 1.765641 -0.000003
v -0.074717 1.757930 -0.031152
v -0.083443 1.736863 -0.053955
v -0.095364 1.708084 -0.062302
v -0.107284 1.679306 -0.053955
v -0.116010 1.658238 -0.031152
v -0.080621 1.637430 -0.000003
v -0.078461 1.645492 0.031147
v -0.072559 1.667518 0.053950
v -0.064497 1.697607 0.062297
v -0.056435 1.727695 0.053950
v -0.050533 1.749721 0.031147
v -0.048373 1.757783 -0.000003
v -0.050533 1.749721 -0.031152
v -0.056435 1.727695 -0.053955
v -0.064497 1.697607 -0.062302
v -0.072559 1.667518 -0.053955
v -0.078461 1.645492 -0.031152
v -0.040659 1.629481 -0.000003
v -0.039569 1.637756 0.031147
v -0.036593 1.660364 0.053950
v -0.032527 1.691247 0.062297
v -0.028461 1.722130 0.053950
v -0.025485 1.744738 0.031147
v -0.024395 1.753014 -0.000003
v -0.025485 1.744738 -0.031152
v -0.028461 1.722130 -0.053955
v -0.032527 1.691247 -0.062302
v -0.036593 1.660364 -0.053955
v -0.039569 1.637756 -0.031152
v -0.000000 1.626816 -0.000003
v -0.000000 1.635163 0.031147
v -0.000000 1.657966 0.053950
v -0.000000 1.689115 0.062297
v -0.000000 1.720265 0.053950
v -0.000000 1.743068 0.031147
v -0.000000 1.751415 -0.000003
v -0.000000 1.743068 -0.031152
v -0.000000 1.720265 -0.053955
v -0.000000 1.689115 -0.062302
v -0.000000 1.657966 -0.053955
v -0.000000 1.635163 -0.031152
v 0.040658 1.629481 -0.000003
v 0.039569 1.637756 0.031147
v 0.036592 1.660364 0.053950
v 0.032527 1.691247 0.062297
v 0.028461 1.722130 0.053950
v 0.025484 1.744738 0.031147
v 0.024395 1.753014 -0.000003
v 0.025484 1.744738 -0.031152
v 0.028461 1.722130 -0.053955
v 0.032527 1.691247 -0.062302
v 0.036592 1.660364 -0.053955
v 0.039569 1.637756 -0.031152
v 0.080621 1.637430 -0.000003
v 0.078461 1.645492 0.031147
v 0.072559 1.667518 0.053950
v 0.064497 1.697607 0.062297
v 0.056435 1.727695 0.053950
v 0.050533 1.749721 0.031147
v 0.048373 1.757783 -0.000003
v 0.050533 1.749721 -0.031152
v 0.056435 1.727695 -0.053955
v 0.064497 1.697607 -0.062302
v 0.072559 1.667518 -0.053955
v 0.078461 1.645492 -0.031152
v 0.119204 1.650527 -0.000003
v 0.116010 1.658238 0.031147
v 0.107284 1.679306 0.053950
v 0.095364 1.708084 0.062297
v 0.083443 1.736863 0.053950
v 0.074717 1.757930 0.031147
v 0.071523 1.765641 -0.000003
v 0.074717 1.757930 -0.031152
v 0.083443 1.736863 -0.053955
v 0.095364 1.708084 -0.062302
v 0.107284 1.679306 -0.053955
v 0.116010 1.658238 -0.031152
v 0.155748 1.668549 -0.000003
v 0.151575 1.675777 0.031147
v 0.140173 1.695525 0.053950
v 0.124598 1.722502 0.062297
v 0.109024 1.749478 0.053950
v 0.097622 1.769226 0.031147
v 0.093449 1.776454 -0.000003
v 0.097622 1.769226 -0.031152
v 0.109024 1.749478 -0.053955
v 0.124598 1.722502 -0.062302
v 0.140173 1.695525 -0.053955
v 0.151575 1.675777 -0.031152
v 0.189627 1.691186 -0.000003
v 0.184546 1.697808 0.031147
v 0.170664 1.715899 0.053950
v 0.151701 1.740611 0.062297
v 0.132739 1.765324 0.053950
v 0.118857 1.783415 0.031147
v 0.113776 1.790036 -0.000003
v 0.118857 1.783415 -0.031152
v 0.132739 1.765324 -0.053955
v 0.151701 1.740611 -0.062302
v 0.170664 1.715899 -0.053955
v 0.184546 1.697808 -0.031152
v 0.220261 1.718051 -0.000003
v 0.214359 1.723953 0.031147
v 0.198235 1.740077 0.053950
v 0.176209 1.762103 0.062297
v 0.154183 1.784130 0.053950
v 0.138058 1.800254 0.031147
v 0.132157 1.806156 -0.000003
v 0.138058 1.800254 -0.031152
v 0.154183 1.784130 -0.053955
v 0.176209 1.762103 -0.062302
v 0.198235 1.740077 -0.053955
v 0.214359 1.723953 -0.031152
v 0.247127 1.748686 -0.000003
v 0.240505 1.753767 0.031147
v 0.222414 1.767648 0.053950
v 0.197701 1.786611 0.062297
v 0.172989 1.805573 0.053950
v 0.154898 1.819455 0.031147
v 0.148276 1.824536 -0.000003
v 0.154898 1.819455 -0.031152
v 0.172989 1.805573 -0.053955
v 0.197701 1.786611 -0.062302
v 0.222414 1.767648 -0.053955
v 0.240505 1.753767 -0.031152
v 0.269764 1.782564 -0.000003
v 0.262535 1.786737 0.031147
v 0.242787 1.798139 0.053950
v 0.215811 1.813714 0.062297
v 0.188835 1.829289 0.053950
v 0.169086 1.840690 0.031147
v 0.161858 1.844863 -0.000003
v 0.169086 1.840690 -0.031152
v 0.188835 1.829289 -0.053955
v 0.215811 1.813714 -0.062302
v 0.242787 1.798139 -0.053955
v 0.262535 1.786737 -0.031152
v 0.287785 1.819108 -0.000003
v 0.280074 1.822302 0.031147
v 0.259006 1.831028 0.053950
v 0.230228 1.842949 0.062297
v 0.201449 1.854869 0.053950
v 0.180382 1.863595 0.031147
v 0.172671 1.866790 -0.000003
v 0.180382 1.863595 -0.031152
v 0.201449 1.854869 -0.053955
v 0.230228 1.842949 -0.062302
v 0.259006 1.831028 -0.053955
v 0.280074 1.822302 -0.031152
v 0.300882 1.857691 -0.000003
v 0.292820 1.859852 0.031147
v 0.270794 1.865753 0.053950
v 0.240706 1.873816 0.062297
v 0.210618 1.881878 0.053950
v 0.188591 1.887779 0.031147
v 0.180529 1.889940 -0.000003
v 0.188591 1.887779 -0.031152
v 0.210618 1.881878 -0.053955
v 0.240706 1.873816 -0.062302
v 0.270794 1.865753 -0.053955
v 0.292820 1.859852 -0.031152
v 0.308831 1.897654 -0.000003
v 0.300556 1.898743 0.031147
v 0.277948 1.901720 0.053950
v 0.247065 1.905786 0.062297
v 0.216182 1.909852 0.053950
v 0.193574 1.912828 0.031147
v 0.185299 1.913917 -0.000003
v 0.193574 1.912828 -0.031152
v 0.216182 1.909852 -0.053955
v 0.247065 1.905786 -0.062302
v 0.277948 1.901720 -0.053955
v 0.300556 1.898743 -0.031152
v 0.000000 -0.900149 -0.193172
v 0.000000 -0.513806 -0.193172
v 0.037686 -0.900149 -0.189460
v 0.037686 -0.513806 -0.189460
v 0.073923 -0.900149 -0.178467
v 0.073923 -0.513806 -0.178467
v 0.107320 -0.900149 -0.160616
v 0.107320 -0.513806 -0.160616
v 0.136593 -0.900149 -0.136593
v 0.136593 -0.513806 -0.136593
v 0.160616 -0.900149 -0.107320
v 0.160616 -0.513806 -0.107320
v 0.178467 -0.900149 -0.073924
v 0.178467 -0.513806 -0.073924
v 0.189460 -0.900149 -0.037686
v 0.189460 -0.513806 -0.037686
v 0.193171 -0.900149 -0.000000
v 0.193171 -0.513806 -0.000000
v 0.189460 -0.900149 0.037686
v 0.189460 -0.513806 0.037686
v 0.178467 -0.900149 0.073923
v 0.178467 -0.513806 0.073923
v 0.160616 -0.900149 0.107320
v 0.160616 -0.513806 0.107320
v 0.136593 -0.900149 0.136592
v 0.136593 -0.513806 0.136592
v 0.107320 -0.900149 0.160616
v 0.107320 -0.513806 0.160616
v 0.073923 -0.900149 0.178467
v 0.073923 -0.513806 0.178467
v 0.037686 -0.900149 0.189459
v 0.037686 -0.513806 0.189459
v -0.000000 -0.900149 0.193171
v -0.000000 -0.513806 0.193171
v -0.037686 -0.900149 0.189459
v -0.037686 -0.513806 0.189459
v -0.073923 -0.900149 0.178467
v -0.073923 -0.513806 0.178467
v -0.107320 -0.900149 0.160616
v -0.107320 -0.513806 0.160616
v -0.136593 -0.900149 0.136592
v -0.136593 -0.513806 0.136592
v -0.160616 -0.900149 0.107320
v -0.160616 -0.513806 0.107320
v -0.178467 -0.900149 0.073923
v -0.178467 -0.513806 0.073923
v -0.189460 -0.900149 0.037685
v -0.189460 -0.513806 0.037685
v -0.193171 -0.900149 -0.000000
v -0.193171 -0.513806 -0.000000
v -0.189459 -0.900149 -0.037686
v -0.189459 -0.513806 -0.037686
v -0.178467 -0.900149 -0.073924
v -0.178467 -0.513806 -0.073924
v -0.160616 -0.900149 -0.107321
v -0.160616 -0.513806 -0.107321
v -0.136592 -0.900149 -0.136593
v -0.136592 -0.513806 -0.136593
v -0.107320 -0.900149 -0.160616
v -0.107320 -0.513806 -0.160616
v -0.073923 -0.900149 -0.178467
v -0.073923 -0.513806 -0.178467
v -0.037686 -0.900149 -0.189460
v -0.037686 -0.513806 -0.189460
v 0.000000 -0.900149 -0.193172
v 0.000000 -0.513806 -0.193172
v 0.037686 -0.900149 -0.189460
v 0.037686 -0.513806 -0.189460
v 0.073923 -0.900149 -0.178467
v 0.073923 -0.513806 -0.178467
v 0.107320 -0.900149 -0.160616
v 0.107320 -0.513806 -0.160616
v 0.136593 -0.900149 -0.136593
v 0.136593 -0.513806 -0.136593
v 0.160616 -0.900149 -0.107320
v 0.160616 -0.513806 -0.107320
v 0.178467 -0.900149 -0.073924
v 0.178467 -0.513806 -0.073924
v 0.189460 -0.900149 -0.037686
v 0.189460 -0.513806 -0.037686
v 0.193171 -0.900149 -0.000000
v 0.193171 -0.513806 -0.000000
v 0.189460 -0.900149 0.037686
v 0.189460 -0.513806 0.037686
v 0.178467 -0.900149 0.073923
v 0.178467 -0.513806 0.073923
v 0.160616 -0.900149 0.107320
v 0.160616 -0.513806 0.107320
v 0.136593 -0.900149 0.136592
v 0.136593 -0.513806 0.136592
v 0.107320 -0.900149 0.160616
v 0.107320 -0.513806 0.160616
v 0.073923 -0.900149 0.178467
v 0.073923 -0.513806 0.178467
v 0.037686 -0.900149 0.189459
v 0.037686 -0.513806 0.189459
v -0.000000 -0.900149 0.193171
v -0.000000 -0.513806 0.193171
v -0.037686 -0.900149 0.189459
v -0.037686 -0.513806 0.189459
v -0.073923 -0.900149 0.178467
v -0.073923 -0.513806 0.178467
v -0.107320 -0.900149 0.160616
v -0.107320 -0.513806 0.160616
v -0.136593 -0.900149 0.136592
v -0.136593 -0.513806 0.136592
v -0.160616 -0.900149 0.107320
v -0.160616 -0.513806 0.107320
v -0.178467 -0.900149 0.073923
v -0.178467 -0.513806 0.073923
v -0.189460 -0.900149 0.037685
v -0.189460 -0.513806 0.037685
v -0.193171 -0.900149 -0.000000
v -0.193171 -0.513806 -0.000000
v -0.189459 -0.900149 -0.037686
v -0.189459 -0.513806 -0.037686
v -0.178467 -0.900149 -0.073924
v -0.178467 -0.513806 -0.073924
v -0.160616 -0.900149 -0.107321
v -0.160616 -0.513806 -0.107321
v -0.136592 -0.900149 -0.136593
v -0.136592 -0.513806 -0.136593
v -0.107320 -0.900149 -0.160616
v -0.107320 -0.513806 -0.160616
v -0.073923 -0.900149 -0.178467
v -0.073923 -0.513806 -0.178467
v -0.037686 -0.900149 -0.189460
v -0.037686 -0.513806 -0.189460
v 0.379080 -0.219327 0.000000
v 0.326692 -0.147222 0.000000
v 0.241928 -0.174764 0.000000
v 0.241928 -0.263891 0.000000
v 0.326692 -0.291433 0.000000
v 0.335659 -0.219327 -0.176167
v 0.289272 -0.147222 -0.151822
v 0.214216 -0.174764 -0.112429
v 0.214216 -0.263891 -0.112429
v 0.289272 -0.291433 -0.151822
v 0.215342 -0.219327 -0.311977
v 0.185582 -0.147222 -0.268863
v 0.137430 -0.174764 -0.199103
v 0.137430 -0.263891 -0.199103
v 0.185582 -0.291433 -0.268863
v 0.045693 -0.219327 -0.376316
v 0.039378 -0.147222 -0.324311
v 0.029161 -0.174764 -0.240164
v 0.029161 -0.263891 -0.240164
v 0.039378 -0.291433 -0.324311
v -0.134424 -0.219327 -0.354446
v -0.115847 -0.147222 -0.305463
v -0.085789 -0.174764 -0.226206
v -0.085789 -0.263891 -0.226206
v -0.115847 -0.291433 -0.305463
v -0.283746 -0.219327 -0.251376
v -0.244533 -0.147222 -0.216637
v -0.181086 -0.174764 -0.160428
v -0.181086 -0.263891 -0.160428
v -0.244533 -0.291433 -0.216637
v -0.368065 -0.219327 -0.090720
v -0.317200 -0.147222 -0.078183
v -0.234898 -0.174764 -0.057897
v -0.234898 -0.263891 -0.057897
v -0.317200 -0.291433 -0.078183
v -0.368065 -0.219327 0.090720
v -0.317200 -0.147222 0.078183
v -0.234898 -0.174764 0.057897
v -0.234898 -0.263891 0.057897
v -0.317200 -0.291433 0.078183
v -0.283746 -0.219327 0.251377
v -0.244533 -0.147222 0.216637
v -0.181086 -0.174764 0.160428
v -0.181086 -0.263891 0.160428
v -0.244533 -0.291433 0.216637
v -0.134424 -0.219327 0.354446
v -0.115847 -0.147222 0.305463
v -0.085789 -0.174764 0.226206
v -0.085789 -0.263891 0.226206
v -0.115847 -0.291433 0.305463
v 0.045693 -0.219327 0.376316
v 0.039378 -0.147222 0.324311
v 0.029161 -0.174764 0.240164
v 0.029161 -0.263891 0.240164
v 0.039378 -0.291433 0.324311
v 0.215342 -0.219327 0.311977
v 0.185582 -0.147222 0.268863
v 0.137430 -0.174764 0.199103
v 0.137430 -0.263891 0.199103
v 0.185582 -0.291433 0.268863
v 0.335659 -0.219327 0.176167
v 0.289272 -0.147222 0.151822
v 0.214216 -0.174764 0.112430
v 0.214216 -0.263891 0.112430
v 0.289272 -0.291433 0.151822
v 0.515262 0.309445 0.000000
v 0.444055 0.407454 0.000000
v 0.328839 0.370018 0.000000
v 0.328839 0.248873 0.000000
v 0.444055 0.211437 0.000000
v 0.456242 0.309445 -0.239454
v 0.393191 0.407454 -0.206362
v 0.291172 0.370018 -0.152819
v 0.291172 0.248873 -0.152819
v 0.393191 0.211437 -0.206362
v 0.292702 0.309445 -0.424053
v 0.252252 0.407454 -0.365450
v 0.186802 0.370018 -0.270629
v 0.186802 0.248873 -0.270629
v 0.252252 0.211437 -0.365450
v 0.062108 0.309445 -0.511505
v 0.053525 0.407454 -0.440817
v 0.039637 0.370018 -0.326441
v 0.039637 0.248873 -0.326441
v 0.053525 0.211437 -0.440817
v -0.182715 0.309445 -0.481779
v -0.157464 0.407454 -0.415198
v -0.116608 0.370018 -0.307469
v -0.116608 0.248873 -0.307469
v -0.157464 0.211437 -0.415198
v -0.385679 0.309445 -0.341682
v -0.332380 0.407454 -0.294463
v -0.246139 0.370018 -0.218060
v -0.246139 0.248873 -0.218060
v -0.332380 0.211437 -0.294463
v -0.500290 0.309445 -0.123310
v -0.431151 0.407454 -0.106269
v -0.319283 0.370018 -0.078696
v -0.319283 0.248873 -0.078696
v -0.431151 0.211437 -0.106269
v -0.500290 0.309445 0.123310
v -0.431151 0.407454 0.106269
v -0.319283 0.370018 0.078696
v -0.319283 0.248873 0.078696
v -0.431151 0.211437 0.106269
v -0.385679 0.309445 0.341682
v -0.332380 0.407454 0.294463
v -0.246139 0.370018 0.218060
v -0.246139 0.248873 0.218060
v -0.332380 0.211437 0.294463
v -0.182715 0.309445 0.481779
v -0.157464 0.407454 0.415198
v -0.116608 0.370018 0.307470
v -0.116608 0.248873 0.307470
v -0.157464 0.211437 0.415198
v 0.062108 0.309445 0.511505
v 0.053525 0.407454 0.440817
v 0.039637 0.370018 0.326441
v 0.039637 0.248873 0.326441
v 0.053525 0.211437 0.440817
v 0.292702 0.309445 0.424053
v 0.252252 0.407454 0.365450
v 0.186801 0.370018 0.270629
v 0.186801 0.248873 0.270629
v 0.252252 0.211437 0.365450
v 0.456242 0.309445 0.239455
v 0.393191 0.407454 0.206363
v 0.291172 0.370018 0.152819
v 0.291172 0.248873 0.152819
v 0.393191 0.211437 0.206363
v 0.448077 0.027433 0.000000
v 0.386155 0.112662 0.000000
v 0.285961 0.080108 0.000000
v 0.285961 -0.025241 0.000000
v 0.386155 -0.057796 0.000000
v 0.396753 0.027433 -0.208232
v 0.341923 0.112662 -0.179455
v 0.253206 0.080108 -0.132893
v 0.253206 -0.025241 -0.132893
v 0.341923 -0.057796 -0.179455
v 0.254537 0.027433 -0.368761
v 0.219361 0.112662 -0.317799
v 0.162445 0.080108 -0.235342
v 0.162445 -0.025241 -0.235342
v 0.219361 -0.057796 -0.317799
v 0.054010 0.027433 -0.444810
v 0.046546 0.112662 -0.383339
v 0.034469 0.080108 -0.283876
v 0.034469 -0.025241 -0.283876
v 0.046546 -0.057796 -0.383339
v -0.158891 0.027433 -0.418960
v -0.136932 0.112662 -0.361061
v -0.101403 0.080108 -0.267379
v -0.101403 -0.025241 -0.267379
v -0.136932 -0.057796 -0.361061
v -0.335391 0.027433 -0.297130
v -0.289041 0.112662 -0.256068
v -0.214045 0.080108 -0.189627
v -0.214045 -0.025241 -0.189627
v -0.289041 -0.057796 -0.256068
v -0.435057 0.027433 -0.107232
v -0.374934 0.112662 -0.092413
v -0.277652 0.080108 -0.068435
v -0.277652 -0.025241 -0.068435
v -0.374934 -0.057796 -0.092413
v -0.435057 0.027433 0.107232
v -0.374934 0.112662 0.092413
v -0.277652 0.080108 0.068435
v -0.277652 -0.025241 0.068435
v -0.374934 -0.057796 0.092413
v -0.335391 0.027433 0.297130
v -0.289041 0.112662 0.256068
v -0.214045 0.080108 0.189628
v -0.214045 -0.025241 0.189628
v -0.289041 -0.057796 0.256068
v -0.158891 0.027433 0.418960
v -0.136932 0.112662 0.361061
v -0.101403 0.080108 0.267379
v -0.101403 -0.025241 0.267379
v -0.136932 -0.057796 0.361061
v 0.054010 0.027433 0.444811
v 0.046546 0.112662 0.383339
v 0.034469 0.080108 0.283877
v 0.034469 -0.025241 0.283877
v 0.046546 -0.057796 0.383339
v 0.254537 0.027433 0.368761
v 0.219361 0.112662 0.317799
v 0.162444 0.080108 0.235342
v 0.162444 -0.025241 0.235342
v 0.219361 -0.057796 0.317799
v 0.396753 0.027433 0.208232
v 0.341923 0.112662 0.179455
v 0.253206 0.080108 0.132893
v 0.253206 -0.025241 0.132893
v 0.341923 -0.057796 0.179455
v -1.000000 1.003702 1.000000
v 1.000000 1.003702 1.000000
v -1.000000 1.003702 -1.000000
v 1.000000 1.003702 -1.000000
v -0.187265 1.534313 0.187265
v 0.187265 1.534313 0.187265
v -0.187265 1.534313 -0.187265
v 0.187265 1.534313 -0.187265
v -0.109123 1.629534 0.109123
v 0.109123 1.629534 0.109123
v -0.109123 1.629534 -0.109123
v 0.109123 1.629534 -0.109123
v -0.109123 1.790316 0.109123
v 0.109123 1.790316 0.109123
v -0.109123 1.790316 -0.109123
v 0.109123 1.790316 -0.109123
v -0.825808 0.786532 0.723678
v 0.723678 0.786532 0.825808
v -0.723678 0.786532 -0.825808
v 0.723678 0.786532 -0.825808
v -0.467145 -0.904590 0.365015
v 0.365015 -0.904590 0.467145
v -0.365015 -0.904590 -0.467145
v 0.365015 -0.904590 -0.467145
v -0.526483 -1.062845 -0.526483
v -0.526483 -1.062845 0.526483
v 0.526483 -1.062845 0.526483
v 0.526483 -1.062845 -0.526483
v -0.526483 -1.129146 -0.526483
v -0.526483 -1.129146 0.526483
v 0.526483 -1.129146 0.526483
v 0.526483 -1.129146 -0.526483
v -0.444381 -1.180713 -0.444381
v -0.444381 -1.180713 0.444381
v 0.444381 -1.180713 0.444381
v 0.444381 -1.180713 -0.444381
v 0.825808 0.786532 -0.723678
v -0.825808 0.786532 -0.723678
v 0.467145 -0.904590 -0.365015
v -0.467145 -0.904590 -0.365015
v -0.846555 0.884356 -0.846555
v -0.723678 0.786532 0.825808
v -0.446397 -1.002414 -0.446397
v -0.365015 -0.904590 0.467145
v -0.846555 0.884356 0.846555
v 0.825808 0.786532 0.723678
v -0.446397 -1.002414 0.446397
v 0.467145 -0.904590 0.365015
v 0.846555 0.884356 0.846555
v 0.846555 0.884356 -0.846555
v 0.446397 -1.002414 0.446397
v 0.446397 -1.002414 -0.446397
v 0.727984 0.807279 0.723678
v 0.727984 0.807279 -0.723678
v 0.369320 -0.883843 0.365015
v 0.369320 -0.883843 -0.365015
v 0.723678 0.807279 -0.727984
v -0.723678 0.807279 -0.727984
v 0.365015 -0.883843 -0.369320
v -0.365015 -0.883843 -0.369320
v -0.727984 0.807279 -0.723678
v -0.727984 0.807279 0.723678
v -0.369320 -0.883843 -0.365015
v -0.369320 -0.883843 0.365015
v -0.723678 0.807279 0.727984
v 0.723678 0.807279 0.727984
v -0.365015 -0.883843 0.369320
v 0.365015 -0.883843 0.369320
vn -0.0000 -1.0000 -0.0000
vn 0.9640 0.0632 0.2583
vn 0.7063 0.0463 0.7064
vn 0.2588 0.0170 0.9658
vn -0.2588 -0.0170 0.9658
vn -0.7064 -0.0463 0.7063
vn -0.9640 -0.0632 0.2583
vn -0.9640 -0.0632 -0.2583
vn -0.7064 -0.0463 -0.7063
vn -0.2588 -0.0170 -0.9658
vn 0.2588 0.0170 -0.9658
vn 0.7063 0.0463 -0.7063
vn 0.9640 0.0632 -0.2583
vn 0.9475 0.1885 0.2583
vn 0.6943 0.1381 0.7063
vn 0.2544 0.0506 0.9658
vn -0.2544 -0.0506 0.9658
vn -0.6943 -0.1381 0.7063
vn -0.9475 -0.1885 0.2583
vn -0.9475 -0.1885 -0.2583
vn -0.6943 -0.1381 -0.7063
vn -0.2544 -0.0506 -0.9658
vn 0.2544 0.0506 -0.9658
vn 0.6943 0.1381 -0.7063
vn 0.9475 0.1885 -0.2583
vn 0.9148 0.3105 0.2583
vn 0.6703 0.2275 0.7064
vn 0.2456 0.0834 0.9658
vn -0.2456 -0.0834 0.9658
vn -0.6703 -0.2275 0.7063
vn -0.9148 -0.3105 0.2583
vn -0.9148 -0.3105 -0.2583
vn -0.6703 -0.2275 -0.7063
vn -0.2456 -0.0834 -0.9658
vn 0.2456 0.0834 -0.9658
vn 0.6703 0.2275 -0.7064
vn 0.9148 0.3105 -0.2583
vn 0.8664 0.4273 0.2583
vn 0.6349 0.3131 0.7064
vn 0.2326 0.1147 0.9658
vn -0.2326 -0.1147 0.9658
vn -0.6349 -0.3131 0.7063
vn -0.8664 -0.4273 0.2583
vn -0.8664 -0.4273 -0.2583
vn -0.6349 -0.3131 -0.7063
vn -0.2326 -0.1147 -0.9658
vn 0.2326 0.1147 -0.9658
vn 0.6349 0.3131 -0.7064
vn 0.8664 0.4273 -0.2583
vn 0.8033 0.5367 0.2583
vn 0.5886 0.3933 0.7063
vn 0.2156 0.1441 0.9658
vn -0.2156 -0.1441 0.9658
vn -0.5886 -0.3933 0.7063
vn -0.8033 -0.5367 0.2583
vn -0.8033 -0.5367 -0.2583
vn -0.5886 -0.3933 -0.7063
vn -0.2156 -0.1441 -0.9658
vn 0.2156 0.1441 -0.9658
vn 0.5886 0.3933 -0.7063
vn 0.8033 0.5367 -0.2583
vn 0.7263 0.6370 0.2583
vn 0.5322 0.4667 0.7063
vn 0.1950 0.1710 0.9658
vn -0.1950 -0.1710 0.9658
vn -0.5322 -0.4667 0.7064
vn -0.7263 -0.6370 0.2583
vn -0.7263 -0.6370 -0.2583
vn -0.5322 -0.4667 -0.7064
vn -0.1950 -0.1710 -0.9658
vn 0.1950 0.1710 -0.9658
vn 0.5322 0.4667 -0.7063
vn 0.7263 0.6370 -0.2583
vn 0.6370 0.7263 0.2583
vn 0.4667 0.5322 0.7063
vn 0.1710 0.1950 0.9658
vn -0.1710 -0.1950 0.9658
vn -0.4667 -0.5322 0.7063
vn -0.6370 -0.7263 0.2583
vn -0.6370 -0.7263 -0.2583
vn -0.4667 -0.5322 -0.7063
vn -0.1710 -0.1950 -0.9658
vn 0.1710 0.1950 -0.9658
vn 0.4667 0.5322 -0.7063
vn 0.6370 0.7263 -0.2583
vn 0.5367 0.8033 0.2583
vn 0.3933 0.5886 0.7064
vn 0.1441 0.2156 0.9658
vn -0.1441 -0.2156 0.9658
vn -0.3933 -0.5886 0.7063
vn -0.5367 -0.8033 0.2583
vn -0.5367 -0.8033 -0.2583
vn -0.3933 -0.5886 -0.7063
vn -0.1441 -0.2156 -0.9658
vn 0.1441 0.2156 -0.9658
vn 0.3933 0.5886 -0.7063
vn 0.5367 0.8032 -0.2583
vn 0.4273 0.8664 0.2583
vn 0.3131 0.6349 0.7064
vn 0.1147 0.2326 0.9658
vn -0.1147 -0.2326 0.9658
vn -0.3131 -0.6349 0.7063
vn -0.4273 -0.8664 0.2583
vn -0.4273 -0.8664 -0.2583
vn -0.3131 -0.6349 -0.7063
vn -0.1147 -0.2326 -0.9658
vn 0.1147 0.2326 -0.9658
vn 0.3131 0.6349 -0.7064
vn 0.4273 0.8664 -0.2583
vn 0.3105 0.9148 0.2583
vn 0.2275 0.6703 0.7064
vn 0.0834 0.2456 0.9658
vn -0.0834 -0.2456 0.9658
vn -0.2275 -0.6703 0.7063
vn -0.3105 -0.9148 0.2583
vn -0.3105 -0.9148 -0.2583
vn -0.2275 -0.6703 -0.7063
vn -0.0834 -0.2456 -0.9658
vn 0.0834 0.2456 -0.9658
vn 0.2275 0.6703 -0.7064
vn 0.3105 0.9148 -0.2583
vn 0.1885 0.9475 0.2583
vn 0.1381 0.6943 0.7063
vn 0.0506 0.2544 0.9658
vn -0.0506 -0.2544 0.9658
vn -0.1381 -0.6943 0.7064
vn -0.1885 -0.9475 0.2583
vn -0.1885 -0.9475 -0.2583
vn -0.1381 -0.6943 -0.7064
vn -0.0506 -0.2544 -0.9658
vn 0.0506 0.2544 -0.9658
vn 0.1381 0.6943 -0.7063
vn 0.1885 0.9475 -0.2583
vn 0.0632 0.9640 0.2583
vn 0.0463 0.7063 0.7063
vn 0.0170 0.2588 0.9658
vn -0.0170 -0.2588 0.9658
vn -0.0463 -0.7063 0.7063
vn -0.0632 -0.9640 0.2583
vn -0.0632 -0.9640 -0.2583
vn -0.0463 -0.7063 -0.7063
vn -0.0170 -0.2588 -0.9658
vn 0.0170 0.2588 -0.9658
vn 0.0463 0.7063 -0.7063
vn 0.0632 0.9640 -0.2583
vn -0.0632 0.9640 0.2583
vn -0.0463 0.7064 0.7063
vn -0.0170 0.2588 0.9658
vn 0.0170 -0.2588 0.9658
vn 0.0463 -0.7063 0.7064
vn 0.0632 -0.9640 0.2583
vn 0.0632 -0.9640 -0.2583
vn 0.0463 -0.7063 -0.7064
vn 0.0170 -0.2588 -0.9658
vn -0.0170 0.2588 -0.9658
vn -0.0463 0.7064 -0.7063
vn -0.0632 0.9640 -0.2583
vn -0.1885 0.9475 0.2583
vn -0.1381 0.6943 0.7063
vn -0.0506 0.2544 0.9658
vn 0.0506 -0.2544 0.9658
vn 0.1381 -0.6943 0.7063
vn 0.1885 -0.9475 0.2583
vn 0.1885 -0.9475 -0.2583
vn 0.1381 -0.6943 -0.7063
vn 0.0506 -0.2544 -0.9658
vn -0.0506 0.2544 -0.9658
vn -0.1381 0.6943 -0.7063
vn -0.1885 0.9475 -0.2583
vn -0.3105 0.9148 0.2583
vn -0.2275 0.6703 0.7063
vn -0.0834 0.2456 0.9658
vn 0.0834 -0.2456 0.9658
vn 0.2275 -0.6703 0.7064
vn 0.3105 -0.9148 0.2583
vn 0.3105 -0.9148 -0.2583
vn 0.2275 -0.6703 -0.7064
vn 0.0834 -0.2456 -0.9658
vn -0.0834 0.2456 -0.9658
vn -0.2275 0.6703 -0.7063
vn -0.3105 0.9148 -0.2583
vn -0.4273 0.8664 0.2583
vn -0.3131 0.6349 0.7064
vn -0.1147 0.2326 0.9658
vn 0.1147 -0.2326 0.9658
vn 0.3131 -0.6349 0.7063
vn 0.4273 -0.8664 0.2583
vn 0.4273 -0.8664 -0.2583
vn 0.3131 -0.6349 -0.7064
vn 0.1147 -0.2326 -0.9658
vn -0.1147 0.2326 -0.9658
vn -0.3131 0.6349 -0.7064
vn -0.4273 0.8664 -0.2583
vn -0.5367 0.8032 0.2583
vn -0.3933 0.5886 0.7063
vn -0.1441 0.2156 0.9658
vn 0.1441 -0.2156 0.9658
vn 0.3933 -0.5886 0.7063
vn 0.5367 -0.8032 0.2583
vn 0.5367 -0.8032 -0.2583
vn 0.3933 -0.5886 -0.7064
vn 0.1441 -0.2156 -0.9658
vn -0.1441 0.2156 -0.9658
vn -0.3933 0.5886 -0.7064
vn -0.5367 0.8032 -0.2583
vn -0.6370 0.7263 0.2583
vn -0.4667 0.5322 0.7064
vn -0.1710 0.1950 0.9658
vn 0.1710 -0.1950 0.9658
vn 0.4667 -0.5322 0.7064
vn 0.6370 -0.7263 0.2583
vn 0.6370 -0.7263 -0.2583
vn 0.4667 -0.5322 -0.7064
vn 0.1710 -0.1950 -0.9658
vn -0.1710 0.1950 -0.9658
vn -0.4667 0.5322 -0.7063
vn -0.6370 0.7263 -0.2583
vn -0.7263 0.6370 0.2583
vn -0.5322 0.4667 0.7063
vn -0.1950 0.1710 0.9658
vn 0.1950 -0.1710 0.9658
vn 0.5322 -0.4667 0.7063
vn 0.7263 -0.6370 0.2583
vn 0.7263 -0.6370 -0.2583
vn 0.5322 -0.4667 -0.7063
vn 0.1950 -0.1710 -0.9658
vn -0.1950 0.1710 -0.9658
vn -0.5322 0.4667 -0.7063
vn -0.7263 0.6370 -0.2583
vn -0.8033 0.5367 0.2583
vn -0.5886 0.3933 0.7063
vn -0.2156 0.1441 0.9658
vn 0.2156 -0.1441 0.9658
vn 0.5886 -0.3933 0.7063
vn 0.8033 -0.5367 0.2583
vn 0.8033 -0.5367 -0.2583
vn 0.5886 -0.3933 -0.7063
vn 0.2156 -0.1441 -0.9658
vn -0.2156 0.1441 -0.9658
vn -0.5886 0.3933 -0.7063
vn -0.8033 0.5367 -0.2583
vn -0.8664 0.4273 0.2583
vn -0.6349 0.3131 0.7063
vn -0.2326 0.1147 0.9658
vn 0.2326 -0.1147 0.9658
vn 0.6349 -0.3131 0.7064
vn 0.8664 -0.4273 0.2583
vn 0.8664 -0.4273 -0.2583
vn 0.6349 -0.3131 -0.7064
vn 0.2326 -0.1147 -0.9658
vn -0.2326 0.1147 -0.9658
vn -0.6349 0.3131 -0.7063
vn -0.8664 0.4273 -0.2583
vn -0.9148 0.3105 0.2583
vn -0.6703 0.2275 0.7063
vn -0.2456 0.0834 0.9658
vn 0.2456 -0.0834 0.9658
vn 0.6703 -0.2275 0.7064
vn 0.9148 -0.3105 0.2583
vn 0.9148 -0.3105 -0.2583
vn 0.6703 -0.2275 -0.7064
vn 0.2456 -0.0834 -0.9658
vn -0.2456 0.0834 -0.9658
vn -0.6703 0.2275 -0.7063
vn -0.9148 0.3105 -0.2583
vn -0.9475 0.1885 0.2583
vn -0.6943 0.1381 0.7064
vn -0.2544 0.0506 0.9658
vn 0.2544 -0.0506 0.9658
vn 0.6943 -0.1381 0.7063
vn 0.9475 -0.1885 0.2583
vn 0.9475 -0.1885 -0.2583
vn 0.6943 -0.1381 -0.7063
vn 0.2544 -0.0506 -0.9658
vn -0.2544 0.0506 -0.9658
vn -0.6943 0.1381 -0.7064
vn -0.9475 0.1885 -0.2583
vn -0.9640 0.0632 0.2583
vn -0.7063 0.0463 0.7063
vn -0.2588 0.0170 0.9658
vn 0.2588 -0.0170 0.9658
vn 0.7063 -0.0463 0.7063
vn 0.9640 -0.0632 0.2583
vn 0.9640 -0.0632 -0.2583
vn 0.7064 -0.0463 -0.7063
vn 0.2588 -0.0170 -0.9658
vn -0.2588 0.0170 -0.9658
vn -0.7063 0.0463 -0.7063
vn -0.9640 0.0632 -0.2583
vn -0.7063 -0.0463 0.7063
vn 0.7063 0.0463 0.7063
vn -0.7063 -0.0463 -0.7063
vn 0.6703 0.2275 0.7063
vn 0.6703 0.2275 -0.7063
vn -0.6703 -0.2275 -0.7064
vn 0.6349 0.3131 0.7063
vn 0.5886 0.3933 0.7064
vn -0.5322 -0.4667 0.7063
vn -0.5322 -0.4667 -0.7063
vn 0.3933 0.5886 0.7063
vn 0.5367 0.8033 -0.2583
vn 0.3933 0.5886 -0.7064
vn 0.3131 0.6349 0.7063
vn 0.3131 0.6349 -0.7063
vn 0.2275 0.6703 -0.7063
vn -0.1381 -0.6943 0.7063
vn -0.1381 -0.6943 -0.7063
vn 0.0463 -0.7063 0.7063
vn -0.0463 0.7063 0.7064
vn -0.0463 0.7063 -0.7064
vn 0.0463 -0.7063 -0.7063
vn 0.2275 -0.6703 0.7063
vn 0.2275 -0.6703 -0.7063
vn -0.3131 0.6349 0.7063
vn -0.3131 0.6349 -0.7063
vn 0.3131 -0.6349 -0.7063
vn 0.5367 -0.8033 0.2583
vn -0.5367 0.8033 0.2583
vn -0.5367 0.8033 -0.2583
vn -0.3933 0.5886 -0.7063
vn 0.3933 -0.5886 -0.7063
vn 0.5367 -0.8033 -0.2583
vn 0.4667 -0.5322 0.7063
vn -0.4667 0.5322 0.7063
vn 0.4667 -0.5322 -0.7063
vn 0.5886 -0.3933 0.7064
vn -0.5886 0.3933 0.7064
vn 0.5886 -0.3933 -0.7064
vn 0.6349 -0.3131 0.7063
vn -0.6349 0.3131 0.7064
vn 0.6349 -0.3131 -0.7063
vn 0.6703 -0.2275 0.7063
vn 0.6703 -0.2275 -0.7063
vn 0.6943 -0.1381 0.7064
vn -0.6943 0.1381 0.7063
vn -0.6943 0.1381 -0.7063
vn 0.6943 -0.1381 -0.7064
vn -0.7063 0.0463 0.7064
vn -0.0000 1.0000 -0.0000
vn -0.0000 -0.0000 -1.0000
vn 0.1951 -0.0000 -0.9808
vn 0.3827 -0.0000 -0.9239
vn 0.5556 -0.0000 -0.8315
vn 0.7071 -0.0000 -0.7071
vn 0.8315 -0.0000 -0.5556
vn 0.9239 -0.0000 -0.3827
vn 0.9808 -0.0000 -0.1951
vn 1.0000 -0.0000 -0.0000
vn 0.9808 -0.0000 0.1951
vn 0.9239 -0.0000 0.3827
vn 0.8315 -0.0000 0.5556
vn 0.7071 -0.0000 0.7071
vn 0.5556 -0.0000 0.8315
vn 0.3827 -0.0000 0.9239
vn 0.1951 -0.0000 0.9808
vn -0.0000 -0.0000 1.0000
vn -0.1951 -0.0000 0.9808
vn -0.3827 -0.0000 0.9239
vn -0.5556 -0.0000 0.8315
vn -0.7071 -0.0000 0.7071
vn -0.8315 -0.0000 0.5556
vn -0.9239 -0.0000 0.3827
vn -0.9808 -0.0000 0.1951
vn -1.0000 -0.0000 -0.0000
vn -0.9808 -0.0000 -0.1951
vn -0.9239 -0.0000 -0.3827
vn -0.8315 -0.0000 -0.5556
vn -0.7071 -0.0000 -0.7071
vn -0.5556 -0.0000 -0.8315
vn -0.3827 -0.0000 -0.9239
vn -0.1951 -0.0000 -0.9808
vn 0.8855 -0.0000 -0.4647
vn 0.3859 0.9225 -0.0000
vn 0.3417 0.9225 -0.1794
vn -0.7729 0.6345 -0.0000
vn -0.6844 0.6345 0.3592
vn -0.7729 -0.6345 -0.0000
vn 0.3417 -0.9225 -0.1794
vn 0.3860 -0.9225 -0.0000
vn 0.2192 0.9225 -0.3176
vn -0.4391 0.6345 0.6361
vn -0.6844 -0.6345 0.3592
vn 0.2192 -0.9225 -0.3176
vn 0.1205 -0.0000 -0.9927
vn 0.5681 -0.0000 -0.8230
vn 0.0465 0.9225 -0.3831
vn -0.0932 0.6345 0.7673
vn -0.4391 -0.6345 0.6361
vn -0.0932 -0.6345 0.7673
vn 0.0465 -0.9225 -0.3831
vn -0.3546 -0.0000 -0.9350
vn 0.2741 0.6345 0.7227
vn 0.2741 -0.6345 0.7227
vn -0.1369 -0.9225 -0.3609
vn -0.7485 -0.0000 -0.6631
vn -0.1369 0.9225 -0.3609
vn -0.2889 0.9225 -0.2559
vn 0.5786 0.6345 0.5126
vn -0.2889 -0.9225 -0.2559
vn -0.9709 -0.0000 -0.2393
vn -0.3747 0.9225 -0.0924
vn 0.7505 0.6345 0.1850
vn 0.5786 -0.6345 0.5126
vn -0.3747 -0.9225 -0.0924
vn -0.9709 -0.0000 0.2393
vn 0.7505 0.6345 -0.1850
vn 0.7505 -0.6345 0.1850
vn 0.7505 -0.6345 -0.1850
vn -0.3747 -0.9225 0.0924
vn -0.7485 -0.0000 0.6631
vn -0.3747 0.9225 0.0924
vn 0.5786 0.6345 -0.5126
vn 0.5786 -0.6345 -0.5126
vn -0.2889 -0.9225 0.2559
vn -0.1369 0.9225 0.3609
vn -0.2889 0.9225 0.2559
vn 0.2741 0.6345 -0.7227
vn -0.1369 -0.9225 0.3609
vn -0.3546 -0.0000 0.9350
vn 0.0465 0.9225 0.3831
vn -0.0932 0.6345 -0.7673
vn 0.2741 -0.6345 -0.7227
vn -0.0932 -0.6345 -0.7673
vn 0.0465 -0.9225 0.3831
vn 0.5681 -0.0000 0.8230
vn 0.1205 -0.0000 0.9927
vn -0.4391 0.6345 -0.6361
vn -0.4391 -0.6345 -0.6361
vn 0.2192 -0.9225 0.3176
vn 0.8855 -0.0000 0.4647
vn 0.2192 0.9225 0.3176
vn -0.6844 0.6345 -0.3592
vn -0.6844 -0.6345 -0.3592
vn 0.3417 -0.9225 0.1794
vn 0.3417 0.9225 0.1794
vn 0.3859 -0.9225 -0.0000
vn -0.0000 -0.7894 -0.6139
vn -0.0000 0.6344 -0.7730
vn -0.0000 0.8373 -0.5467
vn -0.5467 0.8373 -0.0000
vn -0.0000 0.8373 0.5467
vn 0.5467 0.8373 -0.0000
vn -0.7730 0.6344 -0.0000
vn -0.0000 0.6344 0.7730
vn 0.7730 0.6344 -0.0000
vn 0.9791 0.1987 -0.0421
vn -0.6139 -0.7894 -0.0000
vn -0.0000 -0.7894 0.6139
vn 0.6139 -0.7894 -0.0000
vn -0.0000 0.7982 -0.6023
vn -0.0421 0.1987 -0.9791
vn -0.9791 0.1987 0.0421
vn 0.0421 0.1987 -0.9791
vn -0.6023 0.7982 -0.0000
vn -0.0000 0.7982 0.6023
vn 0.6023 0.7982 -0.0000
vn -0.0000 -0.8468 -0.5319
vn -0.5319 -0.8468 -0.0000
vn -0.0000 -0.8468 0.5319
vn 0.5319 -0.8468 -0.0000
vn -0.0000 -0.2075 -0.9782
vn -0.9782 -0.2075 -0.0000
vn -0.0000 -0.2075 0.9782
vn 0.9782 -0.2075 -0.0000
vn -0.2075 -0.9782 -0.0000
vn 0.2075 0.9782 -0.0000
vn 0.0421 0.1987 0.9791
vn -0.0000 -0.9782 0.2075
vn -0.0000 0.9782 -0.2075
vn -0.9791 0.1987 -0.0421
vn 0.2075 -0.9782 -0.0000
vn -0.2075 0.9782 -0.0000
vn -0.0421 0.1987 0.9791
vn -0.0000 -0.9782 -0.2075
vn -0.0000 0.9782 0.2075
vn 0.9791 0.1987 0.0421
vn 0.6773 0.2873 0.6773
vn 0.6773 0.2873 -0.6773
vn -0.6773 0.2873 -0.6773
vn -0.6703 -0.2275 0.7064
vn -0.6349 -0.3131 0.7064
vn -0.6349 -0.3131 -0.7064
vn 0.6349 0.3131 -0.7063
vn 0.5886 0.3933 -0.7064
vn 0.4667 0.5322 0.7064
vn -0.4667 -0.5322 -0.7064
vn 0.5367 0.8032 0.2583
vn -0.5367 -0.8032 0.2583
vn -0.5367 -0.8032 -0.2583
vn -0.3131 -0.6349 0.7064
vn -0.3131 -0.6349 -0.7064
vn 0.2275 0.6703 0.7063
vn -0.2275 -0.6703 -0.7064
vn 0.0463 0.7064 0.7063
vn -0.0463 -0.7063 0.7064
vn -0.0463 -0.7063 -0.7064
vn 0.0463 0.7064 -0.7063
vn 0.1381 -0.6943 0.7064
vn 0.1381 -0.6943 -0.7064
vn -0.2275 0.6703 0.7064
vn -0.2275 0.6703 -0.7064
vn 0.3933 -0.5886 0.7064
vn -0.4667 0.5322 -0.7064
vn 0.5322 -0.4667 0.7064
vn 0.5322 -0.4667 -0.7064
vn -0.6349 0.3131 -0.7064
vn -0.6703 0.2275 0.7064
vn -0.6703 0.2275 -0.7064
vn 0.7063 -0.0463 -0.7064
vn -0.7064 0.0463 -0.7063
vn -0.6943 -0.1381 0.7064
vn -0.6943 -0.1381 -0.7064
vn -0.5886 -0.3933 0.7064
vn -0.5886 -0.3933 -0.7064
vn 0.0463 0.7063 0.7064
vn 0.0463 0.7063 -0.7064
vn -0.0463 0.7063 0.7063
vn -0.0463 0.7063 -0.7063
vn 0.7063 -0.0463 0.7064
vn -0.6773 0.2873 0.6773
vt 0.000000 0.000000
vt 0.351851 0.000000
vt 0.386505 0.500000
vt 0.351851 0.500000
vt 0.000000 0.500000
vt 0.040749 1.000000
vt 0.000000 1.000000
vt 0.040749 0.500000
vt 0.086027 1.000000
vt 0.086027 0.500000
vt 0.134094 1.000000
vt 0.134094 0.500000
vt 0.183103 1.000000
vt 0.183103 0.500000
vt 0.231170 1.000000
vt 0.231170 0.500000
vt 0.276448 1.000000
vt 0.276448 0.500000
vt 0.317197 1.000000
vt 0.317197 0.500000
vt 0.351851 1.000000
vt 0.351851 0.500000
vt 0.392600 1.000000
vt 0.392600 0.500000
vt 0.437878 1.000000
vt 0.437878 0.500000
vt 0.485945 1.000000
vt 0.485945 0.500000
vt 0.534954 1.000000
vt 0.534954 0.500000
vt 0.583021 1.000000
vt 0.583021 0.500000
vt 0.628299 1.000000
vt 0.628299 0.500000
vt 0.669048 1.000000
vt 0.386505 0.000000
vt 0.421159 0.500000
vt 0.421159 0.000000
vt 0.461909 0.500000
vt 0.461909 0.000000
vt 0.507187 0.500000
vt 0.507187 0.000000
vt 0.555254 0.500000
vt 0.555254 0.000000
vt 0.604262 0.500000
vt 0.604262 0.000000
vt 0.652329 0.500000
vt 0.652329 0.000000
vt 0.697607 0.500000
vt 0.697607 0.000000
vt 0.738356 0.500000
vt 0.034654 0.500000
vt 0.000000 0.500000
vt 0.034654 0.000000
vt 0.075403 0.500000
vt 0.075403 0.000000
vt 0.120682 0.500000
vt 0.120682 0.000000
vt 0.168748 0.500000
vt 0.168748 0.000000
vt 0.217757 0.500000
vt 0.217757 0.000000
vt 0.265824 0.500000
vt 0.265824 0.000000
vt 0.311102 0.500000
vt 0.311102 0.000000
vt 0.030655 0.983307
vt 0.026177 0.911128
vt 0.061030 0.921519
vt 0.468777 0.407791
vt 0.438127 0.430167
vt 0.431867 0.394487
vt 0.880924 0.729957
vt 0.915874 0.778234
vt 0.888315 0.769455
vt 0.937017 0.717929
vt 0.946997 0.771267
vt 0.586584 0.451574
vt 0.582106 0.379395
vt 0.612761 0.398325
vt 0.499432 0.392153
vt 0.494954 0.448382
vt 0.465460 0.440019
vt 0.202870 0.822324
vt 0.239264 0.864191
vt 0.202870 0.864191
vt 0.908483 0.738736
vt 0.909362 0.685357
vt 0.577136 0.514721
vt 0.551731 0.441184
vt 0.540769 0.507225
vt 0.529807 0.439253
vt 0.281627 0.973932
vt 0.331861 0.947891
vt 0.320620 0.978276
vt 0.202870 0.775041
vt 0.239264 0.822324
vt 0.859128 0.711397
vt 0.888004 0.714615
vt 0.586584 0.573300
vt 0.540769 0.514457
vt 0.529807 0.580498
vt 0.504402 0.506961
vt 0.282506 0.920553
vt 0.302985 0.944674
vt 0.202870 0.733173
vt 0.239264 0.775041
vt 0.616078 0.581663
vt 0.596693 0.551604
vt 0.612761 0.613891
vt 0.551731 0.582429
vt 0.499432 0.642286
vt 0.494954 0.570108
vt 0.243992 0.888021
vt 0.253972 0.941359
vt 0.275115 0.881054
vt 0.310065 0.929332
vt 0.649671 0.627194
vt 0.117806 0.805352
vt 0.113329 0.733173
vt 0.143983 0.752103
vt 0.456603 0.678434
vt 0.468777 0.623357
vt 0.253972 0.826136
vt 0.282506 0.835226
vt 0.302674 0.889833
vt 0.643411 0.591515
vt 0.688859 0.610164
vt 0.108359 0.868499
vt 0.082954 0.794962
vt 0.411131 0.680661
vt 0.431867 0.654510
vt 0.302985 0.793568
vt 0.310065 0.844005
vt 0.696489 0.546717
vt 0.672431 0.578903
vt 0.117806 0.927078
vt 0.071992 0.868235
vt 0.173427 0.788630
vt 0.143983 0.750779
vt 0.173427 0.733173
vt 0.281627 0.769882
vt 0.331861 0.765622
vt 0.681470 0.498050
vt 0.667885 0.542437
vt 0.710075 0.502329
vt 0.721347 0.566700
vt 0.143983 0.967669
vt 0.082954 0.936207
vt 0.143983 0.860565
vt 0.143983 0.798571
vt 0.360192 0.628675
vt 0.371463 0.565773
vt 0.385049 0.603591
vt 0.681470 0.451630
vt 0.739692 0.444076
vt 0.739692 0.506760
vt 0.202870 0.860565
vt 0.202870 0.798571
vt 0.173427 0.860565
vt 0.143983 0.922560
vt 0.341846 0.577606
vt 0.371463 0.519353
vt 0.400068 0.570052
vt 0.696489 0.418091
vt 0.710075 0.455909
vt 0.202870 0.922560
vt 0.061030 0.780273
vt 0.000000 0.748812
vt 0.030655 0.733173
vt 0.341846 0.514922
vt 0.385049 0.474965
vt 0.400068 0.523632
vt 0.888004 0.865721
vt 0.870369 0.927143
vt 0.859128 0.893666
vt 0.202870 0.970352
vt 0.173427 0.932501
vt 0.071992 0.848245
vt 0.026177 0.789402
vt 0.360191 0.454982
vt 0.409107 0.442779
vt 0.880924 0.815283
vt 0.860445 0.856942
vt 0.908483 0.824062
vt 0.909362 0.889407
vt 0.649671 0.367172
vt 0.670407 0.341020
vt 0.688859 0.365253
vt 0.035624 0.847981
vt 0.392679 0.411518
vt 0.937017 0.833152
vt 0.624935 0.343247
vt 0.326946 0.648160
vt 0.243992 0.706416
vt 0.279573 0.634037
vt 0.392745 0.003173
vt 0.438406 0.065061
vt 0.401253 0.051670
vt 0.769319 0.407547
vt 0.816824 0.473169
vt 0.779365 0.461236
vt 0.806778 0.419480
vt 0.859128 0.463699
vt 0.062273 0.150269
vt 0.056187 0.052161
vt 0.097854 0.077891
vt 0.525869 0.064020
vt 0.442915 0.021256
vt 0.484582 0.000000
vt 0.464755 0.105918
vt 0.946997 0.802189
vt 0.996465 0.859097
vt 0.946997 0.859097
vt 0.807973 0.346926
vt 0.845562 0.391199
vt -0.000000 0.235742
vt 0.014900 0.136146
vt 0.540769 0.156411
vt 0.478496 0.076429
vt 0.880055 0.334552
vt 0.856084 0.288878
vt 0.895334 0.293252
vt 0.946997 0.737920
vt 0.996465 0.802189
vt 0.739692 0.382321
vt 0.778941 0.386694
vt 0.049432 0.236102
vt 0.014900 0.328133
vt 0.525869 0.256007
vt 0.491337 0.156052
vt 0.789464 0.284373
vt 0.827053 0.328647
vt 0.946997 0.681013
vt 0.996465 0.737920
vt 0.102363 0.327092
vt 0.062273 0.315724
vt 0.076014 0.286235
vt 0.097854 0.370897
vt 0.484582 0.339992
vt 0.478496 0.241884
vt 0.775898 0.211874
vt 0.828248 0.256092
vt 0.818202 0.202404
vt 0.865707 0.268025
vt 0.148024 0.388980
vt 0.921401 0.439129
vt 0.915315 0.341020
vt 0.956982 0.366750
vt 0.392745 0.356606
vt 0.442915 0.314262
vt 0.789464 0.127757
vt 0.828248 0.140112
vt 0.855661 0.214337
vt 0.178961 0.323341
vt 0.139516 0.340483
vt 0.908560 0.524961
vt 0.874028 0.425006
vt 0.364560 0.392153
vt 0.426367 0.389126
vt 0.827053 0.051294
vt 0.856084 0.083488
vt 0.865707 0.152045
vt 0.211662 0.279591
vt 0.201290 0.365831
vt 0.874028 0.616992
vt 0.859128 0.524602
vt 0.684652 0.704907
vt 0.644632 0.653458
vt 0.684653 0.629529
vt 0.880055 0.000000
vt 0.191247 0.213441
vt 0.172781 0.273775
vt 0.230128 0.219258
vt 0.245449 0.306753
vt 0.921401 0.604584
vt 0.915315 0.681013
vt 0.684652 0.802685
vt 0.644632 0.718420
vt 0.270385 0.252076
vt 0.329107 0.287396
vt 0.295320 0.321491
vt 0.191247 0.150345
vt 0.230128 0.156162
vt 0.270385 0.225280
vt 0.724673 0.802685
vt 0.724673 0.718420
vt 0.684652 0.900464
vt 0.644632 0.802685
vt 0.270385 0.166873
vt 0.310641 0.235992
vt 0.310641 0.172895
vt 0.349522 0.241808
vt 0.211662 0.104757
vt 0.270385 0.140077
vt 0.285659 0.392153
vt 0.279573 0.468582
vt 0.243992 0.413409
vt 0.329107 0.112562
vt 0.349522 0.178712
vt 0.778941 0.592084
vt 0.754971 0.675572
vt 0.739692 0.630069
vt 0.724673 0.951912
vt 0.724673 0.886951
vt 0.326946 0.456173
vt 0.292414 0.548205
vt 0.339479 0.026322
vt 0.295320 0.085400
vt 0.769319 0.523527
vt 0.741483 0.580151
vt 0.806778 0.535460
vt 0.807973 0.624279
vt 0.148024 0.035547
vt 0.176210 0.000000
vt 0.201290 0.032938
vt 0.341846 0.548564
vt 0.361808 0.068812
vt 0.845562 0.547816
vt 0.114402 0.003027
vt 0.413984 0.903288
vt 0.341846 0.953947
vt 0.372788 0.891006
vt 0.647175 0.002759
vt 0.686882 0.056578
vt 0.654574 0.044933
vt 0.566533 0.687381
vt 0.607844 0.744446
vt 0.575269 0.734069
vt 0.632835 0.673165
vt 0.644632 0.736211
vt 0.054153 0.522829
vt 0.048861 0.437513
vt 0.085095 0.459887
vt 0.727037 0.000000
vt 0.721745 0.066463
vt 0.690803 0.018485
vt 0.709796 0.092108
vt 0.956982 0.446397
vt 1.000000 0.495885
vt 0.956982 0.495885
vt 0.574901 0.669247
vt 0.599108 0.697758
vt 0.042987 0.597469
vt 0.012957 0.510547
vt 0.775898 0.136017
vt 0.762941 0.055673
vt 0.784177 0.961367
vt 0.843554 0.930587
vt 0.830267 0.966502
vt 0.956982 0.390508
vt 1.000000 0.446397
vt 0.540769 0.665444
vt 0.600147 0.634664
vt 0.054153 0.666710
vt -0.000000 0.597157
vt 0.721745 0.210345
vt 0.732911 0.135704
vt 0.785216 0.898273
vt 0.809423 0.926784
vt 0.956982 0.341020
vt 1.000000 0.390508
vt 0.089016 0.676596
vt 0.066102 0.641066
vt 0.085095 0.714689
vt 0.012957 0.677501
vt 0.727037 0.295661
vt 0.762941 0.222626
vt 0.739692 0.859820
vt 0.751489 0.922866
vt 0.776480 0.851585
vt 0.817791 0.908650
vt 0.128724 0.730414
vt 0.512036 0.703036
vt 0.439899 0.753696
vt 0.475802 0.680661
vt 0.676413 0.338388
vt 0.690803 0.273286
vt 0.785216 0.797416
vt 0.809055 0.861962
vt 0.155626 0.673333
vt 0.121324 0.688241
vt 0.469928 0.840618
vt 0.481095 0.765977
vt 0.622665 0.341020
vt 0.647175 0.310109
vt 0.784177 0.720178
vt 0.751489 0.786671
vt 0.809423 0.748175
vt 0.817791 0.807793
vt 0.184063 0.635289
vt 0.175044 0.710284
vt 0.481095 0.909859
vt 0.426941 0.840306
vt 0.930136 0.065550
vt 0.895334 0.020809
vt 0.930136 -0.000000
vt 0.843554 0.715143
vt 0.166310 0.577764
vt 0.150252 0.630230
vt 0.200121 0.582822
vt 0.213445 0.658909
vt 0.512036 0.957838
vt 0.439899 0.920650
vt 0.930136 0.150579
vt 0.895334 0.077301
vt 0.540769 0.219208
vt 0.591835 0.249922
vt 0.562453 0.279572
vt 0.166310 0.522894
vt 0.200121 0.527953
vt 0.235129 0.588059
vt 0.964939 0.150579
vt 0.964939 0.077301
vt 0.930136 0.235608
vt 0.895334 0.150579
vt 0.540769 0.145114
vt 0.575777 0.205221
vt 0.575777 0.150352
vt 0.609588 0.210279
vt 0.213445 0.453602
vt 0.235129 0.513965
vt 0.964939 0.223857
vt 0.413984 0.736334
vt 0.341846 0.699146
vt 0.378081 0.680661
vt 0.562453 0.074265
vt 0.591835 0.097885
vt 0.609588 0.155410
vt 0.574901 0.847856
vt 0.554056 0.920459
vt 0.540769 0.880888
vt 0.964939 0.280348
vt 0.383955 0.816365
vt 0.372788 0.747125
vt 0.600854 0.022890
vt 0.566533 0.788239
vt 0.542326 0.837479
vt 0.599108 0.798616
vt 0.600147 0.875853
vt 0.128724 0.423065
vt 0.153234 0.392153
vt 0.175044 0.420796
vt 0.426941 0.816678
vt 0.620272 0.059840
vt 0.632835 0.809360
vt 0.099485 0.394785
vt 0.351302 0.351302
vt 0.324349 0.026953
vt 0.351302 0.000000
vt 0.739461 0.936815
vt 0.723514 0.884754
vt 0.739461 0.871028
vt 0.702603 0.000002
vt 0.560055 0.208336
vt 0.560055 0.142549
vt 0.702603 0.351303
vt 0.494269 0.208335
vt 0.351302 0.000000
vt 0.351302 0.351301
vt 0.494269 0.142549
vt 0.723514 0.923089
vt 0.695315 0.884754
vt 0.783608 0.936815
vt 0.767660 0.884754
vt 0.783608 0.871028
vt 0.783608 0.871028
vt 0.799310 0.922982
vt 0.783608 0.936813
vt 0.913660 0.936814
vt 0.897830 0.884753
vt 0.913660 0.871028
vt 0.827479 0.909364
vt 0.865814 0.871028
vt 0.865814 0.909363
vt 0.767660 0.923089
vt 0.739461 0.884754
vt 0.799310 0.884648
vt 0.827479 0.922968
vt 0.352516 0.351303
vt 0.370079 0.650577
vt 0.352516 0.650515
vt 0.026953 0.026953
vt 0.000000 0.000000
vt 0.000000 0.351302
vt 0.324349 0.324349
vt 0.866226 0.700117
vt 0.880269 0.871028
vt 0.866226 0.856937
vt 0.315684 0.351302
vt 0.333247 0.651192
vt 0.315684 0.651140
vt 0.370079 0.351303
vt 0.387643 0.651193
vt 0.370079 0.651141
vt 0.315684 0.351302
vt 0.298120 0.651192
vt 0.298120 0.351355
vt 0.897830 0.686073
vt 0.909458 0.871028
vt 0.897830 0.871028
vt 0.695315 0.871027
vt 0.709406 0.856936
vt 0.695315 0.686073
vt 0.709406 0.700116
vt 0.880269 0.686074
vt 0.395554 0.871846
vt 0.381133 0.701312
vt 0.395554 0.686891
vt 0.909458 0.686073
vt 0.921086 0.871028
vt 0.909458 0.871028
vt 0.944326 0.871023
vt 0.932709 0.686079
vt 0.944326 0.686073
vt 0.921087 0.686073
vt 0.932709 0.871028
vt 0.921086 0.871028
vt 0.225021 0.701312
vt 0.210599 0.686891
vt 0.225021 0.857424
vt 0.210599 0.871846
vt 0.381133 0.857424
vt 0.724187 0.352531
vt 1.000000 0.335174
vt 0.978417 0.352531
vt 0.915417 0.652587
vt 0.772892 0.669944
vt 0.787186 0.652587
vt 0.929712 0.669944
vt 0.702603 0.335174
vt 0.426790 0.368660
vt 0.681020 0.368660
vt 0.618020 0.668716
vt 0.475495 0.686073
vt 0.489790 0.668716
vt 0.632315 0.686073
vt 0.405207 0.351303
vt 0.212495 0.669492
vt 0.069956 0.686891
vt 0.084268 0.669492
vt 0.275789 0.368702
vt 0.226773 0.686891
vt 0.021566 0.368702
vt -0.000000 0.351302
vt 0.724187 0.017378
vt 1.000000 0.000000
vt 0.978417 0.017378
vt 0.915417 0.317796
vt 0.772892 0.335174
vt 0.787186 0.317796
vt 0.702603 0.000000
vt 0.929712 0.335174
vt 0.423146 0.976181
vt 0.677376 0.958998
vt 0.677376 0.976181
vt 0.046491 0.751321
vt 0.063665 0.879543
vt 0.046490 0.879552
vt 0.880269 0.686073
vt 0.897830 0.984816
vt 0.880269 0.984709
vt 0.695315 0.958242
vt 0.678132 0.704012
vt 0.695315 0.704012
vt 0.192660 0.733382
vt 0.064422 0.750557
vt 0.064430 0.733382
vt 0.405207 0.651141
vt 0.387643 0.351356
vt 0.405207 0.351303
vt 0.677376 0.686073
vt 0.423146 0.703256
vt 0.423146 0.686073
vt 0.210599 0.879552
vt 0.193408 0.751313
vt 0.210599 0.751321
vt 0.405207 0.704012
vt 0.422390 0.958242
vt 0.405207 0.958242
vt 0.064429 0.897491
vt 0.192652 0.880300
vt 0.192660 0.897491
vt 0.352516 0.650515
vt 0.334952 0.351365
vt 0.352516 0.351303
vt 0.334712 0.351302
vt 0.333978 0.649898
vt 0.333978 0.351514
vt 0.333978 0.351554
vt 0.333247 0.351355
vt 0.297389 0.651392
vt 0.297389 0.351554
vt 0.063666 0.751313
vt 0.669048 0.500000
vt 0.738356 0.000000
vt -0.000000 0.964377
vt 0.484846 0.470078
vt 0.870369 0.681012
vt 0.239264 0.733173
vt 0.582106 0.629529
vt 0.392679 0.656429
vt 0.330544 0.802347
vt 0.320620 0.732145
vt 0.113329 0.983307
vt 0.721347 0.393007
vt 0.413653 0.479245
vt 0.173427 0.987957
vt 0.285659 0.732145
vt 0.754971 0.341020
vt 0.996465 0.681013
vt 0.056187 0.392153
vt 0.339479 0.359215
vt 0.893543 0.095421
vt 0.895334 0.045504
vt 0.956982 0.659756
vt 0.644632 0.886951
vt 0.245449 0.070662
vt 0.367988 0.118379
vt 0.684652 0.975842
vt 0.378081 0.976322
vt 0.554056 0.629529
vt 1.000000 0.341020
vt 0.048861 0.733173
vt 0.600854 0.312377
vt 0.841997 0.758552
vt 0.830267 0.675572
vt 0.475802 0.976322
vt 0.895334 0.223857
vt 0.184063 0.483251
vt 0.625646 0.102943
vt 0.930136 0.301158
vt 0.695315 0.923089
vt 0.897830 0.923089
vt 0.827479 0.871028
vt 0.739461 0.923089
vt 0.827479 0.884633
vt 0.370079 0.351365
vt 0.026953 0.324349
vt 0.387643 0.351356
vt 0.921086 0.686073
vt 0.932709 0.871029
vt 0.932709 0.686073
vt 0.297389 0.351302
vt 0.423146 0.958998
vt 0.897830 0.686180
vt 0.678132 0.958242
vt 0.192652 0.750557
vt 0.387643 0.651193
vt 0.677376 0.703256
vt 0.193408 0.879544
vt 0.422390 0.704012
vt 0.064421 0.880300
vt 0.334952 0.650577
vt 0.334712 0.649686
vt 0.333978 0.651392
vt 0.000000 0.687647
vt 0.000756 0.686891
s 0
g off
g Plane_
usemtl 
f 1/1/1 3/1/1 2/1/1
f 17/1/2 6/1/2 5/1/2
f 6/1/3 19/1/3 7/1/3
f 19/1/4 8/1/4 7/1/4
f 8/1/5 21/1/5 9/1/5
f 9/1/6 22/1/6 10/1/6
f 22/1/7 11/1/7 10/1/7
f 11/1/8 24/1/8 12/1/8
f 24/1/9 13/1/9 12/1/9
f 25/1/10 14/1/10 13/1/10
f 26/1/11 15/1/11 14/1/11
f 27/1/12 16/1/12 15/1/12
f 16/1/13 17/1/13 5/1/13
f 29/1/14 18/1/14 17/1/14
f 18/1/15 31/1/15 19/1/15
f 31/1/16 20/1/16 19/1/16
f 20/1/17 33/1/17 21/1/17
f 33/1/18 22/1/18 21/1/18
f 34/1/19 23/1/19 22/1/19
f 23/1/20 36/1/20 24/1/20
f 24/1/21 37/1/21 25/1/21
f 37/1/22 26/1/22 25/1/22
f 26/1/23 39/1/23 27/1/23
f 39/1/24 28/1/24 27/1/24
f 28/1/25 29/1/25 17/1/25
f 41/1/26 30/1/26 29/1/26
f 30/1/27 43/1/27 31/1/27
f 31/1/28 44/1/28 32/1/28
f 32/1/29 45/1/29 33/1/29
f 45/1/30 34/1/30 33/1/30
f 34/1/31 47/1/31 35/1/31
f 47/1/32 36/1/32 35/1/32
f 36/1/33 49/1/33 37/1/33
f 49/1/34 38/1/34 37/1/34
f 50/1/35 39/1/35 38/1/35
f 51/1/36 40/1/36 39/1/36
f 40/1/37 41/1/37 29/1/37
f 53/1/38 42/1/38 41/1/38
f 42/1/39 55/1/39 43/1/39
f 43/1/40 56/1/40 44/1/40
f 56/1/41 45/1/41 44/1/41
f 57/1/42 46/1/42 45/1/42
f 46/1/43 59/1/43 47/1/43
f 59/1/44 48/1/44 47/1/44
f 48/1/45 61/1/45 49/1/45
f 49/1/46 62/1/46 50/1/46
f 62/1/47 51/1/47 50/1/47
f 63/1/48 52/1/48 51/1/48
f 52/1/49 53/1/49 41/1/49
f 53/1/50 66/1/50 54/1/50
f 54/1/51 67/1/51 55/1/51
f 55/1/52 68/1/52 56/1/52
f 68/1/53 57/1/53 56/1/53
f 69/1/54 58/1/54 57/1/54
f 58/1/55 71/1/55 59/1/55
f 71/1/56 60/1/56 59/1/56
f 60/1/57 73/1/57 61/1/57
f 61/1/58 74/1/58 62/1/58
f 74/1/59 63/1/59 62/1/59
f 75/1/60 64/1/60 63/1/60
f 76/1/61 53/1/61 64/1/61
f 77/1/62 66/1/62 65/1/62
f 78/1/63 67/1/63 66/1/63
f 67/1/64 80/1/64 68/1/64
f 80/1/65 69/1/65 68/1/65
f 81/1/66 70/1/66 69/1/66
f 70/1/67 83/1/67 71/1/67
f 83/1/68 72/1/68 71/1/68
f 72/1/69 85/1/69 73/1/69
f 73/1/70 86/1/70 74/1/70
f 74/1/71 87/1/71 75/1/71
f 75/1/72 88/1/72 76/1/72
f 76/1/73 77/1/73 65/1/73
f 89/1/74 78/1/74 77/1/74
f 90/1/75 79/1/75 78/1/75
f 91/1/76 80/1/76 79/1/76
f 92/1/77 81/1/77 80/1/77
f 93/1/78 82/1/78 81/1/78
f 94/1/79 83/1/79 82/1/79
f 83/1/80 96/1/80 84/1/80
f 96/1/81 85/1/81 84/1/81
f 97/1/82 86/1/82 85/1/82
f 98/1/83 87/1/83 86/1/83
f 99/1/84 88/1/84 87/1/84
f 88/1/85 89/1/85 77/1/85
f 101/1/86 90/1/86 89/1/86
f 90/1/87 103/1/87 91/1/87
f 103/1/88 92/1/88 91/1/88
f 92/1/89 105/1/89 93/1/89
f 93/1/90 106/1/90 94/1/90
f 94/1/91 107/1/91 95/1/91
f 107/1/92 96/1/92 95/1/92
f 108/1/93 97/1/93 96/1/93
f 97/1/94 110/1/94 98/1/94
f 98/1/95 111/1/95 99/1/95
f 111/1/96 100/1/96 99/1/96
f 112/1/97 89/1/97 100/1/97
f 113/1/98 102/1/98 101/1/98
f 102/1/99 115/1/99 103/1/99
f 115/1/100 104/1/100 103/1/100
f 116/1/101 105/1/101 104/1/101
f 117/1/102 106/1/102 105/1/102
f 106/1/103 119/1/103 107/1/103
f 119/1/104 108/1/104 107/1/104
f 120/1/105 109/1/105 108/1/105
f 109/1/106 122/1/106 110/1/106
f 110/1/107 123/1/107 111/1/107
f 123/1/108 112/1/108 111/1/108
f 112/1/109 113/1/109 101/1/109
f 125/1/110 114/1/110 113/1/110
f 114/1/111 127/1/111 115/1/111
f 115/1/112 128/1/112 116/1/112
f 116/1/113 129/1/113 117/1/113
f 117/1/114 130/1/114 118/1/114
f 130/1/115 119/1/115 118/1/115
f 119/1/116 132/1/116 120/1/116
f 120/1/117 133/1/117 121/1/117
f 133/1/118 122/1/118 121/1/118
f 134/1/119 123/1/119 122/1/119
f 135/1/120 124/1/120 123/1/120
f 124/1/121 125/1/121 113/1/121
f 125/1/122 138/1/122 126/1/122
f 138/1/123 127/1/123 126/1/123
f 139/1/124 128/1/124 127/1/124
f 140/1/125 129/1/125 128/1/125
f 141/1/126 130/1/126 129/1/126
f 142/1/127 131/1/127 130/1/127
f 131/1/128 144/1/128 132/1/128
f 132/1/129 145/1/129 133/1/129
f 145/1/130 134/1/130 133/1/130
f 134/1/131 147/1/131 135/1/131
f 135/1/132 148/1/132 136/1/132
f 148/1/133 125/1/133 136/1/133
f 149/1/134 138/1/134 137/1/134
f 150/1/135 139/1/135 138/1/135
f 139/1/136 152/1/136 140/1/136
f 140/1/137 153/1/137 141/1/137
f 141/1/138 154/1/138 142/1/138
f 154/1/139 143/1/139 142/1/139
f 143/1/140 156/1/140 144/1/140
f 156/1/141 145/1/141 144/1/141
f 157/1/142 146/1/142 145/1/142
f 158/1/143 147/1/143 146/1/143
f 147/1/144 160/1/144 148/1/144
f 148/1/145 149/1/145 137/1/145
f 149/1/146 162/1/146 150/1/146
f 150/1/147 163/1/147 151/1/147
f 163/1/148 152/1/148 151/1/148
f 164/1/149 153/1/149 152/1/149
f 165/1/150 154/1/150 153/1/150
f 154/1/151 167/1/151 155/1/151
f 155/1/152 168/1/152 156/1/152
f 156/1/153 169/1/153 157/1/153
f 157/1/154 170/1/154 158/1/154
f 158/1/155 171/1/155 159/1/155
f 159/1/156 172/1/156 160/1/156
f 172/1/157 149/1/157 160/1/157
f 173/1/158 162/1/158 161/1/158
f 162/1/159 175/1/159 163/1/159
f 175/1/160 164/1/160 163/1/160
f 164/1/161 177/1/161 165/1/161
f 165/1/162 178/1/162 166/1/162
f 166/1/163 179/1/163 167/1/163
f 179/1/164 168/1/164 167/1/164
f 180/1/165 169/1/165 168/1/165
f 169/1/166 182/1/166 170/1/166
f 182/1/167 171/1/167 170/1/167
f 183/1/168 172/1/168 171/1/168
f 172/1/169 173/1/169 161/1/169
f 173/1/170 186/1/170 174/1/170
f 186/1/171 175/1/171 174/1/171
f 187/1/172 176/1/172 175/1/172
f 188/1/173 177/1/173 176/1/173
f 189/1/174 178/1/174 177/1/174
f 178/1/175 191/1/175 179/1/175
f 191/1/176 180/1/176 179/1/176
f 192/1/177 181/1/177 180/1/177
f 181/1/178 194/1/178 182/1/178
f 182/1/179 195/1/179 183/1/179
f 183/1/180 196/1/180 184/1/180
f 196/1/181 173/1/181 184/1/181
f 197/1/182 186/1/182 185/1/182
f 198/1/183 187/1/183 186/1/183
f 187/1/184 200/1/184 188/1/184
f 188/1/185 201/1/185 189/1/185
f 189/1/186 202/1/186 190/1/186
f 202/1/187 191/1/187 190/1/187
f 191/1/188 204/1/188 192/1/188
f 204/1/189 193/1/189 192/1/189
f 205/1/190 194/1/190 193/1/190
f 206/1/191 195/1/191 194/1/191
f 195/1/192 208/1/192 196/1/192
f 196/1/193 197/1/193 185/1/193
f 197/1/194 210/1/194 198/1/194
f 210/1/195 199/1/195 198/1/195
f 199/1/196 212/1/196 200/1/196
f 212/1/197 201/1/197 200/1/197
f 201/1/198 214/1/198 202/1/198
f 214/1/199 203/1/199 202/1/199
f 203/1/200 216/1/200 204/1/200
f 204/1/201 217/1/201 205/1/201
f 205/1/202 218/1/202 206/1/202
f 218/1/203 207/1/203 206/1/203
f 219/1/204 208/1/204 207/1/204
f 208/1/205 209/1/205 197/1/205
f 209/1/206 222/1/206 210/1/206
f 222/1/207 211/1/207 210/1/207
f 211/1/208 224/1/208 212/1/208
f 224/1/209 213/1/209 212/1/209
f 213/1/210 226/1/210 214/1/210
f 214/1/211 227/1/211 215/1/211
f 227/1/212 216/1/212 215/1/212
f 228/1/213 217/1/213 216/1/213
f 229/1/214 218/1/214 217/1/214
f 230/1/215 219/1/215 218/1/215
f 219/1/216 232/1/216 220/1/216
f 232/1/217 209/1/217 220/1/217
f 233/1/218 222/1/218 221/1/218
f 234/1/219 223/1/219 222/1/219
f 235/1/220 224/1/220 223/1/220
f 224/1/221 237/1/221 225/1/221
f 225/1/222 238/1/222 226/1/222
f 226/1/223 239/1/223 227/1/223
f 227/1/224 240/1/224 228/1/224
f 240/1/225 229/1/225 228/1/225
f 241/1/226 230/1/226 229/1/226
f 230/1/227 243/1/227 231/1/227
f 231/1/228 244/1/228 232/1/228
f 232/1/229 233/1/229 221/1/229
f 245/1/230 234/1/230 233/1/230
f 246/1/231 235/1/231 234/1/231
f 247/1/232 236/1/232 235/1/232
f 236/1/233 249/1/233 237/1/233
f 237/1/234 250/1/234 238/1/234
f 250/1/235 239/1/235 238/1/235
f 239/1/236 252/1/236 240/1/236
f 252/1/237 241/1/237 240/1/237
f 253/1/238 242/1/238 241/1/238
f 242/1/239 255/1/239 243/1/239
f 243/1/240 256/1/240 244/1/240
f 244/1/241 245/1/241 233/1/241
f 245/1/242 258/1/242 246/1/242
f 258/1/243 247/1/243 246/1/243
f 247/1/244 260/1/244 248/1/244
f 248/1/245 261/1/245 249/1/245
f 249/1/246 262/1/246 250/1/246
f 262/1/247 251/1/247 250/1/247
f 251/1/248 264/1/248 252/1/248
f 264/1/249 253/1/249 252/1/249
f 265/1/250 254/1/250 253/1/250
f 254/1/251 267/1/251 255/1/251
f 255/1/252 268/1/252 256/1/252
f 268/1/253 245/1/253 256/1/253
f 257/1/254 270/1/254 258/1/254
f 270/1/255 259/1/255 258/1/255
f 271/1/256 260/1/256 259/1/256
f 260/1/257 273/1/257 261/1/257
f 261/1/258 274/1/258 262/1/258
f 274/1/259 263/1/259 262/1/259
f 263/1/260 276/1/260 264/1/260
f 276/1/261 265/1/261 264/1/261
f 277/1/262 266/1/262 265/1/262
f 266/1/263 279/1/263 267/1/263
f 267/1/264 280/1/264 268/1/264
f 280/1/265 257/1/265 268/1/265
f 269/1/266 282/1/266 270/1/266
f 270/1/267 283/1/267 271/1/267
f 283/1/268 272/1/268 271/1/268
f 284/1/269 273/1/269 272/1/269
f 273/1/270 286/1/270 274/1/270
f 286/1/271 275/1/271 274/1/271
f 275/1/272 288/1/272 276/1/272
f 288/1/273 277/1/273 276/1/273
f 277/1/274 290/1/274 278/1/274
f 290/1/275 279/1/275 278/1/275
f 291/1/276 280/1/276 279/1/276
f 292/1/277 269/1/277 280/1/277
f 281/1/278 294/1/278 282/1/278
f 294/1/279 283/1/279 282/1/279
f 295/1/280 284/1/280 283/1/280
f 284/1/281 297/1/281 285/1/281
f 297/1/282 286/1/282 285/1/282
f 286/1/283 299/1/283 287/1/283
f 299/1/284 288/1/284 287/1/284
f 300/1/285 289/1/285 288/1/285
f 289/1/286 302/1/286 290/1/286
f 302/1/287 291/1/287 290/1/287
f 303/1/288 292/1/288 291/1/288
f 304/1/289 281/1/289 292/1/289
f 305/1/7 294/1/7 293/1/7
f 306/1/290 295/1/290 294/1/290
f 307/1/5 296/1/5 295/1/5
f 308/1/4 297/1/4 296/1/4
f 297/1/291 310/1/291 298/1/291
f 310/1/2 299/1/2 298/1/2
f 299/1/13 312/1/13 300/1/13
f 312/1/12 301/1/12 300/1/12
f 301/1/11 314/1/11 302/1/11
f 302/1/10 315/1/10 303/1/10
f 303/1/292 316/1/292 304/1/292
f 304/1/8 305/1/8 293/1/8
f 317/1/19 306/1/19 305/1/19
f 318/1/18 307/1/18 306/1/18
f 319/1/17 308/1/17 307/1/17
f 320/1/16 309/1/16 308/1/16
f 309/1/15 322/1/15 310/1/15
f 310/1/14 323/1/14 311/1/14
f 323/1/25 312/1/25 311/1/25
f 324/1/24 313/1/24 312/1/24
f 313/1/23 326/1/23 314/1/23
f 326/1/22 315/1/22 314/1/22
f 315/1/21 328/1/21 316/1/21
f 316/1/20 317/1/20 305/1/20
f 317/1/31 330/1/31 318/1/31
f 318/1/30 331/1/30 319/1/30
f 319/1/29 332/1/29 320/1/29
f 332/1/28 321/1/28 320/1/28
f 333/1/293 322/1/293 321/1/293
f 322/1/26 335/1/26 323/1/26
f 335/1/37 324/1/37 323/1/37
f 324/1/294 337/1/294 325/1/294
f 325/1/35 338/1/35 326/1/35
f 338/1/34 327/1/34 326/1/34
f 339/1/295 328/1/295 327/1/295
f 340/1/32 317/1/32 328/1/32
f 329/1/43 342/1/43 330/1/43
f 330/1/42 343/1/42 331/1/42
f 343/1/41 332/1/41 331/1/41
f 344/1/40 333/1/40 332/1/40
f 345/1/296 334/1/296 333/1/296
f 346/1/38 335/1/38 334/1/38
f 335/1/49 348/1/49 336/1/49
f 348/1/48 337/1/48 336/1/48
f 337/1/47 350/1/47 338/1/47
f 338/1/46 351/1/46 339/1/46
f 351/1/45 340/1/45 339/1/45
f 352/1/44 329/1/44 340/1/44
f 341/1/55 354/1/55 342/1/55
f 342/1/54 355/1/54 343/1/54
f 343/1/53 356/1/53 344/1/53
f 344/1/52 357/1/52 345/1/52
f 345/1/297 358/1/297 346/1/297
f 358/1/50 347/1/50 346/1/50
f 347/1/61 360/1/61 348/1/61
f 360/1/60 349/1/60 348/1/60
f 361/1/59 350/1/59 349/1/59
f 362/1/58 351/1/58 350/1/58
f 363/1/57 352/1/57 351/1/57
f 364/1/56 341/1/56 352/1/56
f 353/1/67 366/1/67 354/1/67
f 366/1/298 355/1/298 354/1/298
f 355/1/65 368/1/65 356/1/65
f 368/1/64 357/1/64 356/1/64
f 357/1/63 370/1/63 358/1/63
f 370/1/62 359/1/62 358/1/62
f 359/1/73 372/1/73 360/1/73
f 372/1/72 361/1/72 360/1/72
f 361/1/71 374/1/71 362/1/71
f 374/1/70 363/1/70 362/1/70
f 363/1/299 376/1/299 364/1/299
f 364/1/68 365/1/68 353/1/68
f 377/1/79 366/1/79 365/1/79
f 378/1/78 367/1/78 366/1/78
f 367/1/77 380/1/77 368/1/77
f 368/1/76 381/1/76 369/1/76
f 369/1/75 382/1/75 370/1/75
f 382/1/74 371/1/74 370/1/74
f 371/1/85 384/1/85 372/1/85
f 384/1/84 373/1/84 372/1/84
f 385/1/83 374/1/83 373/1/83
f 374/1/82 387/1/82 375/1/82
f 375/1/81 388/1/81 376/1/81
f 376/1/80 377/1/80 365/1/80
f 377/1/91 390/1/91 378/1/91
f 378/1/90 391/1/90 379/1/90
f 391/1/89 380/1/89 379/1/89
f 380/1/88 393/1/88 381/1/88
f 381/1/300 394/1/300 382/1/300
f 382/1/86 395/1/86 383/1/86
f 395/1/301 384/1/301 383/1/301
f 396/1/302 385/1/302 384/1/302
f 397/1/95 386/1/95 385/1/95
f 386/1/94 399/1/94 387/1/94
f 399/1/93 388/1/93 387/1/93
f 400/1/92 377/1/92 388/1/92
f 389/1/103 402/1/103 390/1/103
f 390/1/102 403/1/102 391/1/102
f 403/1/101 392/1/101 391/1/101
f 392/1/100 405/1/100 393/1/100
f 405/1/303 394/1/303 393/1/303
f 406/1/98 395/1/98 394/1/98
f 395/1/109 408/1/109 396/1/109
f 396/1/304 409/1/304 397/1/304
f 409/1/107 398/1/107 397/1/107
f 398/1/106 411/1/106 399/1/106
f 399/1/105 412/1/105 400/1/105
f 412/1/104 389/1/104 400/1/104
f 413/1/115 402/1/115 401/1/115
f 414/1/114 403/1/114 402/1/114
f 415/1/113 404/1/113 403/1/113
f 404/1/112 417/1/112 405/1/112
f 405/1/111 418/1/111 406/1/111
f 418/1/110 407/1/110 406/1/110
f 419/1/121 408/1/121 407/1/121
f 420/1/305 409/1/305 408/1/305
f 421/1/119 410/1/119 409/1/119
f 410/1/118 423/1/118 411/1/118
f 411/1/117 424/1/117 412/1/117
f 412/1/116 413/1/116 401/1/116
f 425/1/127 414/1/127 413/1/127
f 414/1/306 427/1/306 415/1/306
f 415/1/125 428/1/125 416/1/125
f 416/1/124 429/1/124 417/1/124
f 429/1/123 418/1/123 417/1/123
f 430/1/122 419/1/122 418/1/122
f 431/1/133 420/1/133 419/1/133
f 432/1/132 421/1/132 420/1/132
f 421/1/131 434/1/131 422/1/131
f 434/1/130 423/1/130 422/1/130
f 435/1/307 424/1/307 423/1/307
f 436/1/128 413/1/128 424/1/128
f 425/1/139 438/1/139 426/1/139
f 426/1/138 439/1/138 427/1/138
f 427/1/137 440/1/137 428/1/137
f 440/1/136 429/1/136 428/1/136
f 441/1/135 430/1/135 429/1/135
f 442/1/134 431/1/134 430/1/134
f 431/1/145 444/1/145 432/1/145
f 432/1/144 445/1/144 433/1/144
f 433/1/143 446/1/143 434/1/143
f 446/1/142 435/1/142 434/1/142
f 447/1/141 436/1/141 435/1/141
f 448/1/140 425/1/140 436/1/140
f 449/1/151 438/1/151 437/1/151
f 450/1/308 439/1/308 438/1/308
f 451/1/149 440/1/149 439/1/149
f 440/1/148 453/1/148 441/1/148
f 441/1/309 454/1/309 442/1/309
f 454/1/146 443/1/146 442/1/146
f 455/1/157 444/1/157 443/1/157
f 456/1/310 445/1/310 444/1/310
f 445/1/155 458/1/155 446/1/155
f 446/1/154 459/1/154 447/1/154
f 447/1/311 460/1/311 448/1/311
f 460/1/152 437/1/152 448/1/152
f 461/1/163 450/1/163 449/1/163
f 450/1/162 463/1/162 451/1/162
f 463/1/161 452/1/161 451/1/161
f 464/1/160 453/1/160 452/1/160
f 465/1/159 454/1/159 453/1/159
f 454/1/158 467/1/158 455/1/158
f 467/1/169 456/1/169 455/1/169
f 456/1/168 469/1/168 457/1/168
f 457/1/167 470/1/167 458/1/167
f 470/1/166 459/1/166 458/1/166
f 471/1/165 460/1/165 459/1/165
f 460/1/164 461/1/164 449/1/164
f 461/1/175 474/1/175 462/1/175
f 462/1/312 475/1/312 463/1/312
f 475/1/173 464/1/173 463/1/173
f 464/1/172 477/1/172 465/1/172
f 477/1/171 466/1/171 465/1/171
f 466/1/170 479/1/170 467/1/170
f 479/1/181 468/1/181 467/1/181
f 480/1/180 469/1/180 468/1/180
f 481/1/179 470/1/179 469/1/179
f 470/1/178 483/1/178 471/1/178
f 483/1/313 472/1/313 471/1/313
f 484/1/176 461/1/176 472/1/176
f 473/1/187 486/1/187 474/1/187
f 486/1/186 475/1/186 474/1/186
f 487/1/185 476/1/185 475/1/185
f 488/1/184 477/1/184 476/1/184
f 477/1/314 490/1/314 478/1/314
f 490/1/182 479/1/182 478/1/182
f 491/1/193 480/1/193 479/1/193
f 492/1/315 481/1/315 480/1/315
f 481/1/191 494/1/191 482/1/191
f 482/1/190 495/1/190 483/1/190
f 483/1/316 496/1/316 484/1/316
f 496/1/188 473/1/188 484/1/188
f 485/1/317 498/1/317 486/1/317
f 498/1/198 487/1/198 486/1/198
f 499/1/197 488/1/197 487/1/197
f 488/1/196 501/1/196 489/1/196
f 489/1/195 502/1/195 490/1/195
f 490/1/318 503/1/318 491/1/318
f 491/1/319 504/1/319 492/1/319
f 504/1/320 493/1/320 492/1/320
f 505/1/203 494/1/203 493/1/203
f 494/1/202 507/1/202 495/1/202
f 495/1/321 508/1/321 496/1/321
f 496/1/322 497/1/322 485/1/322
f 509/1/211 498/1/211 497/1/211
f 498/1/323 511/1/323 499/1/323
f 499/1/209 512/1/209 500/1/209
f 512/1/208 501/1/208 500/1/208
f 513/1/324 502/1/324 501/1/324
f 514/1/206 503/1/206 502/1/206
f 503/1/217 516/1/217 504/1/217
f 504/1/216 517/1/216 505/1/216
f 505/1/215 518/1/215 506/1/215
f 518/1/214 507/1/214 506/1/214
f 519/1/325 508/1/325 507/1/325
f 508/1/212 509/1/212 497/1/212
f 521/1/223 510/1/223 509/1/223
f 522/1/222 511/1/222 510/1/222
f 523/1/221 512/1/221 511/1/221
f 512/1/220 525/1/220 513/1/220
f 513/1/219 526/1/219 514/1/219
f 526/1/218 515/1/218 514/1/218
f 515/1/229 528/1/229 516/1/229
f 528/1/228 517/1/228 516/1/228
f 529/1/227 518/1/227 517/1/227
f 530/1/226 519/1/226 518/1/226
f 519/1/225 532/1/225 520/1/225
f 520/1/224 521/1/224 509/1/224
f 533/1/235 522/1/235 521/1/235
f 534/1/326 523/1/326 522/1/326
f 523/1/233 536/1/233 524/1/233
f 536/1/232 525/1/232 524/1/232
f 525/1/327 538/1/327 526/1/327
f 538/1/230 527/1/230 526/1/230
f 527/1/241 540/1/241 528/1/241
f 540/1/240 529/1/240 528/1/240
f 541/1/239 530/1/239 529/1/239
f 542/1/238 531/1/238 530/1/238
f 531/1/328 544/1/328 532/1/328
f 544/1/236 521/1/236 532/1/236
f 545/1/247 534/1/247 533/1/247
f 534/1/329 547/1/329 535/1/329
f 535/1/245 548/1/245 536/1/245
f 536/1/244 549/1/244 537/1/244
f 537/1/330 550/1/330 538/1/330
f 550/1/242 539/1/242 538/1/242
f 551/1/253 540/1/253 539/1/253
f 552/1/252 541/1/252 540/1/252
f 553/1/251 542/1/251 541/1/251
f 542/1/250 555/1/250 543/1/250
f 555/1/331 544/1/331 543/1/331
f 544/1/248 545/1/248 533/1/248
f 545/1/259 558/1/259 546/1/259
f 558/1/332 547/1/332 546/1/332
f 559/1/257 548/1/257 547/1/257
f 560/1/256 549/1/256 548/1/256
f 549/1/255 562/1/255 550/1/255
f 562/1/254 551/1/254 550/1/254
f 551/1/265 564/1/265 552/1/265
f 564/1/264 553/1/264 552/1/264
f 553/1/263 566/1/263 554/1/263
f 554/1/262 567/1/262 555/1/262
f 555/1/333 568/1/333 556/1/333
f 568/1/260 545/1/260 556/1/260
f 569/1/271 558/1/271 557/1/271
f 558/1/334 571/1/334 559/1/334
f 559/1/269 572/1/269 560/1/269
f 572/1/268 561/1/268 560/1/268
f 561/1/335 574/1/335 562/1/335
f 562/1/266 575/1/266 563/1/266
f 575/1/277 564/1/277 563/1/277
f 564/1/336 577/1/336 565/1/336
f 565/1/275 578/1/275 566/1/275
f 578/1/274 567/1/274 566/1/274
f 579/1/337 568/1/337 567/1/337
f 568/1/272 569/1/272 557/1/272
f 5/1/283 570/1/283 569/1/283
f 6/1/282 571/1/282 570/1/282
f 571/1/281 8/1/281 572/1/281
f 8/1/280 573/1/280 572/1/280
f 9/1/338 574/1/338 573/1/338
f 574/1/278 11/1/278 575/1/278
f 11/1/289 576/1/289 575/1/289
f 576/1/288 13/1/288 577/1/288
f 577/1/287 14/1/287 578/1/287
f 14/1/286 579/1/286 578/1/286
f 579/1/285 16/1/285 580/1/285
f 16/1/284 569/1/284 580/1/284
f 611/1/1 627/1/1 643/1/1
f 618/1/339 602/1/339 586/1/339
f 1/1/1 4/1/1 3/1/1
f 17/1/2 18/1/2 6/1/2
f 6/1/291 18/1/291 19/1/291
f 19/1/4 20/1/4 8/1/4
f 8/1/5 20/1/5 21/1/5
f 9/1/290 21/1/290 22/1/290
f 22/1/7 23/1/7 11/1/7
f 11/1/8 23/1/8 24/1/8
f 24/1/292 25/1/292 13/1/292
f 25/1/10 26/1/10 14/1/10
f 26/1/11 27/1/11 15/1/11
f 27/1/12 28/1/12 16/1/12
f 16/1/13 28/1/13 17/1/13
f 29/1/14 30/1/14 18/1/14
f 18/1/15 30/1/15 31/1/15
f 31/1/16 32/1/16 20/1/16
f 20/1/17 32/1/17 33/1/17
f 33/1/18 34/1/18 22/1/18
f 34/1/19 35/1/19 23/1/19
f 23/1/20 35/1/20 36/1/20
f 24/1/21 36/1/21 37/1/21
f 37/1/22 38/1/22 26/1/22
f 26/1/23 38/1/23 39/1/23
f 39/1/24 40/1/24 28/1/24
f 28/1/25 40/1/25 29/1/25
f 41/1/26 42/1/26 30/1/26
f 30/1/27 42/1/27 43/1/27
f 31/1/28 43/1/28 44/1/28
f 32/1/29 44/1/29 45/1/29
f 45/1/480 46/1/480 34/1/480
f 34/1/31 46/1/31 47/1/31
f 47/1/32 48/1/32 36/1/32
f 36/1/295 48/1/295 49/1/295
f 49/1/34 50/1/34 38/1/34
f 50/1/35 51/1/35 39/1/35
f 51/1/36 52/1/36 40/1/36
f 40/1/37 52/1/37 41/1/37
f 53/1/38 54/1/38 42/1/38
f 42/1/39 54/1/39 55/1/39
f 43/1/40 55/1/40 56/1/40
f 56/1/41 57/1/41 45/1/41
f 57/1/481 58/1/481 46/1/481
f 46/1/43 58/1/43 59/1/43
f 59/1/44 60/1/44 48/1/44
f 48/1/482 60/1/482 61/1/482
f 49/1/46 61/1/46 62/1/46
f 62/1/47 63/1/47 51/1/47
f 63/1/483 64/1/483 52/1/483
f 52/1/49 64/1/49 53/1/49
f 53/1/50 65/1/50 66/1/50
f 54/1/297 66/1/297 67/1/297
f 55/1/52 67/1/52 68/1/52
f 68/1/53 69/1/53 57/1/53
f 69/1/54 70/1/54 58/1/54
f 58/1/55 70/1/55 71/1/55
f 71/1/56 72/1/56 60/1/56
f 60/1/57 72/1/57 73/1/57
f 61/1/58 73/1/58 74/1/58
f 74/1/59 75/1/59 63/1/59
f 75/1/484 76/1/484 64/1/484
f 76/1/61 65/1/61 53/1/61
f 77/1/62 78/1/62 66/1/62
f 78/1/63 79/1/63 67/1/63
f 67/1/64 79/1/64 80/1/64
f 80/1/65 81/1/65 69/1/65
f 81/1/298 82/1/298 70/1/298
f 70/1/67 82/1/67 83/1/67
f 83/1/68 84/1/68 72/1/68
f 72/1/299 84/1/299 85/1/299
f 73/1/70 85/1/70 86/1/70
f 74/1/71 86/1/71 87/1/71
f 75/1/72 87/1/72 88/1/72
f 76/1/73 88/1/73 77/1/73
f 89/1/74 90/1/74 78/1/74
f 90/1/485 91/1/485 79/1/485
f 91/1/76 92/1/76 80/1/76
f 92/1/77 93/1/77 81/1/77
f 93/1/78 94/1/78 82/1/78
f 94/1/79 95/1/79 83/1/79
f 83/1/80 95/1/80 96/1/80
f 96/1/486 97/1/486 85/1/486
f 97/1/82 98/1/82 86/1/82
f 98/1/83 99/1/83 87/1/83
f 99/1/84 100/1/84 88/1/84
f 88/1/85 100/1/85 89/1/85
f 101/1/487 102/1/487 90/1/487
f 90/1/300 102/1/300 103/1/300
f 103/1/88 104/1/88 92/1/88
f 92/1/89 104/1/89 105/1/89
f 93/1/90 105/1/90 106/1/90
f 94/1/488 106/1/488 107/1/488
f 107/1/489 108/1/489 96/1/489
f 108/1/93 109/1/93 97/1/93
f 97/1/94 109/1/94 110/1/94
f 98/1/95 110/1/95 111/1/95
f 111/1/96 112/1/96 100/1/96
f 112/1/97 101/1/97 89/1/97
f 113/1/98 114/1/98 102/1/98
f 102/1/99 114/1/99 115/1/99
f 115/1/100 116/1/100 104/1/100
f 116/1/101 117/1/101 105/1/101
f 117/1/490 118/1/490 106/1/490
f 106/1/103 118/1/103 119/1/103
f 119/1/104 120/1/104 108/1/104
f 120/1/491 121/1/491 109/1/491
f 109/1/106 121/1/106 122/1/106
f 110/1/107 122/1/107 123/1/107
f 123/1/108 124/1/108 112/1/108
f 112/1/109 124/1/109 113/1/109
f 125/1/110 126/1/110 114/1/110
f 114/1/492 126/1/492 127/1/492
f 115/1/112 127/1/112 128/1/112
f 116/1/113 128/1/113 129/1/113
f 117/1/114 129/1/114 130/1/114
f 130/1/115 131/1/115 119/1/115
f 119/1/116 131/1/116 132/1/116
f 120/1/493 132/1/493 133/1/493
f 133/1/118 134/1/118 122/1/118
f 134/1/119 135/1/119 123/1/119
f 135/1/305 136/1/305 124/1/305
f 124/1/121 136/1/121 125/1/121
f 125/1/122 137/1/122 138/1/122
f 138/1/123 139/1/123 127/1/123
f 139/1/124 140/1/124 128/1/124
f 140/1/125 141/1/125 129/1/125
f 141/1/306 142/1/306 130/1/306
f 142/1/127 143/1/127 131/1/127
f 131/1/128 143/1/128 144/1/128
f 132/1/307 144/1/307 145/1/307
f 145/1/130 146/1/130 134/1/130
f 134/1/131 146/1/131 147/1/131
f 135/1/132 147/1/132 148/1/132
f 148/1/133 137/1/133 125/1/133
f 149/1/134 150/1/134 138/1/134
f 150/1/494 151/1/494 139/1/494
f 139/1/136 151/1/136 152/1/136
f 140/1/137 152/1/137 153/1/137
f 141/1/495 153/1/495 154/1/495
f 154/1/139 155/1/139 143/1/139
f 143/1/140 155/1/140 156/1/140
f 156/1/496 157/1/496 145/1/496
f 157/1/142 158/1/142 146/1/142
f 158/1/143 159/1/143 147/1/143
f 147/1/497 159/1/497 160/1/497
f 148/1/145 160/1/145 149/1/145
f 149/1/146 161/1/146 162/1/146
f 150/1/147 162/1/147 163/1/147
f 163/1/148 164/1/148 152/1/148
f 164/1/149 165/1/149 153/1/149
f 165/1/308 166/1/308 154/1/308
f 154/1/151 166/1/151 167/1/151
f 155/1/152 167/1/152 168/1/152
f 156/1/311 168/1/311 169/1/311
f 157/1/154 169/1/154 170/1/154
f 158/1/155 170/1/155 171/1/155
f 159/1/156 171/1/156 172/1/156
f 172/1/157 161/1/157 149/1/157
f 173/1/158 174/1/158 162/1/158
f 162/1/159 174/1/159 175/1/159
f 175/1/160 176/1/160 164/1/160
f 164/1/161 176/1/161 177/1/161
f 165/1/498 177/1/498 178/1/498
f 166/1/163 178/1/163 179/1/163
f 179/1/164 180/1/164 168/1/164
f 180/1/499 181/1/499 169/1/499
f 169/1/166 181/1/166 182/1/166
f 182/1/167 183/1/167 171/1/167
f 183/1/168 184/1/168 172/1/168
f 172/1/169 184/1/169 173/1/169
f 173/1/170 185/1/170 186/1/170
f 186/1/500 187/1/500 175/1/500
f 187/1/172 188/1/172 176/1/172
f 188/1/173 189/1/173 177/1/173
f 189/1/312 190/1/312 178/1/312
f 178/1/175 190/1/175 191/1/175
f 191/1/176 192/1/176 180/1/176
f 192/1/313 193/1/313 181/1/313
f 181/1/178 193/1/178 194/1/178
f 182/1/179 194/1/179 195/1/179
f 183/1/501 195/1/501 196/1/501
f 196/1/181 185/1/181 173/1/181
f 197/1/182 198/1/182 186/1/182
f 198/1/183 199/1/183 187/1/183
f 187/1/184 199/1/184 200/1/184
f 188/1/185 200/1/185 201/1/185
f 189/1/186 201/1/186 202/1/186
f 202/1/187 203/1/187 191/1/187
f 191/1/188 203/1/188 204/1/188
f 204/1/316 205/1/316 193/1/316
f 205/1/190 206/1/190 194/1/190
f 206/1/191 207/1/191 195/1/191
f 195/1/192 207/1/192 208/1/192
f 196/1/193 208/1/193 197/1/193
f 197/1/318 209/1/318 210/1/318
f 210/1/195 211/1/195 199/1/195
f 199/1/196 211/1/196 212/1/196
f 212/1/197 213/1/197 201/1/197
f 201/1/502 213/1/502 214/1/502
f 214/1/317 215/1/317 203/1/317
f 203/1/322 215/1/322 216/1/322
f 204/1/201 216/1/201 217/1/201
f 205/1/202 217/1/202 218/1/202
f 218/1/203 219/1/203 207/1/203
f 219/1/320 220/1/320 208/1/320
f 208/1/205 220/1/205 209/1/205
f 209/1/206 221/1/206 222/1/206
f 222/1/324 223/1/324 211/1/324
f 211/1/208 223/1/208 224/1/208
f 224/1/209 225/1/209 213/1/209
f 213/1/323 225/1/323 226/1/323
f 214/1/211 226/1/211 227/1/211
f 227/1/212 228/1/212 216/1/212
f 228/1/325 229/1/325 217/1/325
f 229/1/214 230/1/214 218/1/214
f 230/1/215 231/1/215 219/1/215
f 219/1/503 231/1/503 232/1/503
f 232/1/217 221/1/217 209/1/217
f 233/1/218 234/1/218 222/1/218
f 234/1/219 235/1/219 223/1/219
f 235/1/220 236/1/220 224/1/220
f 224/1/221 236/1/221 237/1/221
f 225/1/504 237/1/504 238/1/504
f 226/1/223 238/1/223 239/1/223
f 227/1/224 239/1/224 240/1/224
f 240/1/505 241/1/505 229/1/505
f 241/1/226 242/1/226 230/1/226
f 230/1/227 242/1/227 243/1/227
f 231/1/228 243/1/228 244/1/228
f 232/1/229 244/1/229 233/1/229
f 245/1/230 246/1/230 234/1/230
f 246/1/231 247/1/231 235/1/231
f 247/1/232 248/1/232 236/1/232
f 236/1/233 248/1/233 249/1/233
f 237/1/234 249/1/234 250/1/234
f 250/1/235 251/1/235 239/1/235
f 239/1/236 251/1/236 252/1/236
f 252/1/237 253/1/237 241/1/237
f 253/1/238 254/1/238 242/1/238
f 242/1/239 254/1/239 255/1/239
f 243/1/240 255/1/240 256/1/240
f 244/1/241 256/1/241 245/1/241
f 245/1/242 257/1/242 258/1/242
f 258/1/330 259/1/330 247/1/330
f 247/1/244 259/1/244 260/1/244
f 248/1/245 260/1/245 261/1/245
f 249/1/329 261/1/329 262/1/329
f 262/1/247 263/1/247 251/1/247
f 251/1/248 263/1/248 264/1/248
f 264/1/331 265/1/331 253/1/331
f 265/1/250 266/1/250 254/1/250
f 254/1/251 266/1/251 267/1/251
f 255/1/506 267/1/506 268/1/506
f 268/1/253 257/1/253 245/1/253
f 257/1/254 269/1/254 270/1/254
f 270/1/507 271/1/507 259/1/507
f 271/1/256 272/1/256 260/1/256
f 260/1/257 272/1/257 273/1/257
f 261/1/332 273/1/332 274/1/332
f 274/1/259 275/1/259 263/1/259
f 263/1/260 275/1/260 276/1/260
f 276/1/333 277/1/333 265/1/333
f 277/1/262 278/1/262 266/1/262
f 266/1/263 278/1/263 279/1/263
f 267/1/508 279/1/508 280/1/508
f 280/1/265 269/1/265 257/1/265
f 269/1/266 281/1/266 282/1/266
f 270/1/267 282/1/267 283/1/267
f 283/1/268 284/1/268 272/1/268
f 284/1/269 285/1/269 273/1/269
f 273/1/334 285/1/334 286/1/334
f 286/1/271 287/1/271 275/1/271
f 275/1/272 287/1/272 288/1/272
f 288/1/337 289/1/337 277/1/337
f 277/1/274 289/1/274 290/1/274
f 290/1/275 291/1/275 279/1/275
f 291/1/276 292/1/276 280/1/276
f 292/1/277 281/1/277 269/1/277
f 281/1/278 293/1/278 294/1/278
f 294/1/279 295/1/279 283/1/279
f 295/1/280 296/1/280 284/1/280
f 284/1/281 296/1/281 297/1/281
f 297/1/282 298/1/282 286/1/282
f 286/1/283 298/1/283 299/1/283
f 299/1/284 300/1/284 288/1/284
f 300/1/509 301/1/509 289/1/509
f 289/1/286 301/1/286 302/1/286
f 302/1/287 303/1/287 291/1/287
f 303/1/510 304/1/510 292/1/510
f 304/1/289 293/1/289 281/1/289
f 305/1/7 306/1/7 294/1/7
f 306/1/290 307/1/290 295/1/290
f 307/1/5 308/1/5 296/1/5
f 308/1/4 309/1/4 297/1/4
f 297/1/291 309/1/291 310/1/291
f 310/1/2 311/1/2 299/1/2
f 299/1/13 311/1/13 312/1/13
f 312/1/12 313/1/12 301/1/12
f 301/1/11 313/1/11 314/1/11
f 302/1/10 314/1/10 315/1/10
f 303/1/292 315/1/292 316/1/292
f 304/1/8 316/1/8 305/1/8
f 317/1/19 318/1/19 306/1/19
f 318/1/511 319/1/511 307/1/511
f 319/1/17 320/1/17 308/1/17
f 320/1/16 321/1/16 309/1/16
f 309/1/15 321/1/15 322/1/15
f 310/1/14 322/1/14 323/1/14
f 323/1/25 324/1/25 312/1/25
f 324/1/24 325/1/24 313/1/24
f 313/1/23 325/1/23 326/1/23
f 326/1/22 327/1/22 315/1/22
f 315/1/512 327/1/512 328/1/512
f 316/1/20 328/1/20 317/1/20
f 317/1/31 329/1/31 330/1/31
f 318/1/480 330/1/480 331/1/480
f 319/1/29 331/1/29 332/1/29
f 332/1/28 333/1/28 321/1/28
f 333/1/293 334/1/293 322/1/293
f 322/1/26 334/1/26 335/1/26
f 335/1/37 336/1/37 324/1/37
f 324/1/36 336/1/36 337/1/36
f 325/1/35 337/1/35 338/1/35
f 338/1/34 339/1/34 327/1/34
f 339/1/33 340/1/33 328/1/33
f 340/1/32 329/1/32 317/1/32
f 329/1/43 341/1/43 342/1/43
f 330/1/481 342/1/481 343/1/481
f 343/1/41 344/1/41 332/1/41
f 344/1/40 345/1/40 333/1/40
f 345/1/296 346/1/296 334/1/296
f 346/1/38 347/1/38 335/1/38
f 335/1/49 347/1/49 348/1/49
f 348/1/483 349/1/483 337/1/483
f 337/1/47 349/1/47 350/1/47
f 338/1/46 350/1/46 351/1/46
f 351/1/45 352/1/45 340/1/45
f 352/1/44 341/1/44 329/1/44
f 341/1/55 353/1/55 354/1/55
f 342/1/513 354/1/513 355/1/513
f 343/1/53 355/1/53 356/1/53
f 344/1/52 356/1/52 357/1/52
f 345/1/51 357/1/51 358/1/51
f 358/1/50 359/1/50 347/1/50
f 347/1/61 359/1/61 360/1/61
f 360/1/60 361/1/60 349/1/60
f 361/1/59 362/1/59 350/1/59
f 362/1/58 363/1/58 351/1/58
f 363/1/514 364/1/514 352/1/514
f 364/1/56 353/1/56 341/1/56
f 353/1/67 365/1/67 366/1/67
f 366/1/298 367/1/298 355/1/298
f 355/1/65 367/1/65 368/1/65
f 368/1/64 369/1/64 357/1/64
f 357/1/63 369/1/63 370/1/63
f 370/1/62 371/1/62 359/1/62
f 359/1/73 371/1/73 372/1/73
f 372/1/72 373/1/72 361/1/72
f 361/1/71 373/1/71 374/1/71
f 374/1/70 375/1/70 363/1/70
f 363/1/299 375/1/299 376/1/299
f 364/1/68 376/1/68 365/1/68
f 377/1/79 378/1/79 366/1/79
f 378/1/78 379/1/78 367/1/78
f 367/1/77 379/1/77 380/1/77
f 368/1/76 380/1/76 381/1/76
f 369/1/75 381/1/75 382/1/75
f 382/1/74 383/1/74 371/1/74
f 371/1/85 383/1/85 384/1/85
f 384/1/84 385/1/84 373/1/84
f 385/1/83 386/1/83 374/1/83
f 374/1/82 386/1/82 387/1/82
f 375/1/81 387/1/81 388/1/81
f 376/1/80 388/1/80 377/1/80
f 377/1/91 389/1/91 390/1/91
f 378/1/90 390/1/90 391/1/90
f 391/1/89 392/1/89 380/1/89
f 380/1/88 392/1/88 393/1/88
f 381/1/300 393/1/300 394/1/300
f 382/1/487 394/1/487 395/1/487
f 395/1/97 396/1/97 384/1/97
f 396/1/96 397/1/96 385/1/96
f 397/1/95 398/1/95 386/1/95
f 386/1/94 398/1/94 399/1/94
f 399/1/93 400/1/93 388/1/93
f 400/1/92 389/1/92 377/1/92
f 389/1/103 401/1/103 402/1/103
f 390/1/102 402/1/102 403/1/102
f 403/1/101 404/1/101 392/1/101
f 392/1/100 404/1/100 405/1/100
f 405/1/303 406/1/303 394/1/303
f 406/1/98 407/1/98 395/1/98
f 395/1/109 407/1/109 408/1/109
f 396/1/304 408/1/304 409/1/304
f 409/1/107 410/1/107 398/1/107
f 398/1/106 410/1/106 411/1/106
f 399/1/105 411/1/105 412/1/105
f 412/1/104 401/1/104 389/1/104
f 413/1/115 414/1/115 402/1/115
f 414/1/114 415/1/114 403/1/114
f 415/1/113 416/1/113 404/1/113
f 404/1/112 416/1/112 417/1/112
f 405/1/492 417/1/492 418/1/492
f 418/1/110 419/1/110 407/1/110
f 419/1/121 420/1/121 408/1/121
f 420/1/305 421/1/305 409/1/305
f 421/1/119 422/1/119 410/1/119
f 410/1/118 422/1/118 423/1/118
f 411/1/117 423/1/117 424/1/117
f 412/1/116 424/1/116 413/1/116
f 425/1/127 426/1/127 414/1/127
f 414/1/306 426/1/306 427/1/306
f 415/1/125 427/1/125 428/1/125
f 416/1/124 428/1/124 429/1/124
f 429/1/123 430/1/123 418/1/123
f 430/1/122 431/1/122 419/1/122
f 431/1/133 432/1/133 420/1/133
f 432/1/132 433/1/132 421/1/132
f 421/1/131 433/1/131 434/1/131
f 434/1/130 435/1/130 423/1/130
f 435/1/307 436/1/307 424/1/307
f 436/1/128 425/1/128 413/1/128
f 425/1/139 437/1/139 438/1/139
f 426/1/138 438/1/138 439/1/138
f 427/1/137 439/1/137 440/1/137
f 440/1/136 441/1/136 429/1/136
f 441/1/515 442/1/515 430/1/515
f 442/1/134 443/1/134 431/1/134
f 431/1/145 443/1/145 444/1/145
f 432/1/516 444/1/516 445/1/516
f 433/1/143 445/1/143 446/1/143
f 446/1/142 447/1/142 435/1/142
f 447/1/141 448/1/141 436/1/141
f 448/1/140 437/1/140 425/1/140
f 449/1/151 450/1/151 438/1/151
f 450/1/308 451/1/308 439/1/308
f 451/1/149 452/1/149 440/1/149
f 440/1/148 452/1/148 453/1/148
f 441/1/517 453/1/517 454/1/517
f 454/1/146 455/1/146 443/1/146
f 455/1/157 456/1/157 444/1/157
f 456/1/518 457/1/518 445/1/518
f 445/1/155 457/1/155 458/1/155
f 446/1/154 458/1/154 459/1/154
f 447/1/311 459/1/311 460/1/311
f 460/1/152 449/1/152 437/1/152
f 461/1/163 462/1/163 450/1/163
f 450/1/162 462/1/162 463/1/162
f 463/1/161 464/1/161 452/1/161
f 464/1/160 465/1/160 453/1/160
f 465/1/159 466/1/159 454/1/159
f 454/1/158 466/1/158 467/1/158
f 467/1/169 468/1/169 456/1/169
f 456/1/168 468/1/168 469/1/168
f 457/1/167 469/1/167 470/1/167
f 470/1/166 471/1/166 459/1/166
f 471/1/165 472/1/165 460/1/165
f 460/1/164 472/1/164 461/1/164
f 461/1/175 473/1/175 474/1/175
f 462/1/174 474/1/174 475/1/174
f 475/1/173 476/1/173 464/1/173
f 464/1/172 476/1/172 477/1/172
f 477/1/500 478/1/500 466/1/500
f 466/1/170 478/1/170 479/1/170
f 479/1/181 480/1/181 468/1/181
f 480/1/180 481/1/180 469/1/180
f 481/1/179 482/1/179 470/1/179
f 470/1/178 482/1/178 483/1/178
f 483/1/313 484/1/313 472/1/313
f 484/1/176 473/1/176 461/1/176
f 473/1/187 485/1/187 486/1/187
f 486/1/186 487/1/186 475/1/186
f 487/1/185 488/1/185 476/1/185
f 488/1/184 489/1/184 477/1/184
f 477/1/314 489/1/314 490/1/314
f 490/1/182 491/1/182 479/1/182
f 491/1/193 492/1/193 480/1/193
f 492/1/315 493/1/315 481/1/315
f 481/1/191 493/1/191 494/1/191
f 482/1/190 494/1/190 495/1/190
f 483/1/316 495/1/316 496/1/316
f 496/1/188 485/1/188 473/1/188
f 485/1/317 497/1/317 498/1/317
f 498/1/502 499/1/502 487/1/502
f 499/1/197 500/1/197 488/1/197
f 488/1/196 500/1/196 501/1/196
f 489/1/195 501/1/195 502/1/195
f 490/1/318 502/1/318 503/1/318
f 491/1/319 503/1/319 504/1/319
f 504/1/320 505/1/320 493/1/320
f 505/1/203 506/1/203 494/1/203
f 494/1/202 506/1/202 507/1/202
f 495/1/321 507/1/321 508/1/321
f 496/1/322 508/1/322 497/1/322
f 509/1/211 510/1/211 498/1/211
f 498/1/323 510/1/323 511/1/323
f 499/1/209 511/1/209 512/1/209
f 512/1/208 513/1/208 501/1/208
f 513/1/324 514/1/324 502/1/324
f 514/1/206 515/1/206 503/1/206
f 503/1/217 515/1/217 516/1/217
f 504/1/216 516/1/216 517/1/216
f 505/1/215 517/1/215 518/1/215
f 518/1/214 519/1/214 507/1/214
f 519/1/325 520/1/325 508/1/325
f 508/1/212 520/1/212 509/1/212
f 521/1/223 522/1/223 510/1/223
f 522/1/504 523/1/504 511/1/504
f 523/1/221 524/1/221 512/1/221
f 512/1/220 524/1/220 525/1/220
f 513/1/219 525/1/219 526/1/219
f 526/1/218 527/1/218 515/1/218
f 515/1/229 527/1/229 528/1/229
f 528/1/228 529/1/228 517/1/228
f 529/1/227 530/1/227 518/1/227
f 530/1/226 531/1/226 519/1/226
f 519/1/505 531/1/505 532/1/505
f 520/1/224 532/1/224 521/1/224
f 533/1/235 534/1/235 522/1/235
f 534/1/234 535/1/234 523/1/234
f 523/1/233 535/1/233 536/1/233
f 536/1/232 537/1/232 525/1/232
f 525/1/231 537/1/231 538/1/231
f 538/1/230 539/1/230 527/1/230
f 527/1/241 539/1/241 540/1/241
f 540/1/240 541/1/240 529/1/240
f 541/1/239 542/1/239 530/1/239
f 542/1/238 543/1/238 531/1/238
f 531/1/237 543/1/237 544/1/237
f 544/1/236 533/1/236 521/1/236
f 545/1/247 546/1/247 534/1/247
f 534/1/329 546/1/329 547/1/329
f 535/1/245 547/1/245 548/1/245
f 536/1/244 548/1/244 549/1/244
f 537/1/243 549/1/243 550/1/243
f 550/1/242 551/1/242 539/1/242
f 551/1/253 552/1/253 540/1/253
f 552/1/506 553/1/506 541/1/506
f 553/1/251 554/1/251 542/1/251
f 542/1/250 554/1/250 555/1/250
f 555/1/331 556/1/331 544/1/331
f 544/1/248 556/1/248 545/1/248
f 545/1/259 557/1/259 558/1/259
f 558/1/258 559/1/258 547/1/258
f 559/1/257 560/1/257 548/1/257
f 560/1/256 561/1/256 549/1/256
f 549/1/255 561/1/255 562/1/255
f 562/1/254 563/1/254 551/1/254
f 551/1/265 563/1/265 564/1/265
f 564/1/508 565/1/508 553/1/508
f 553/1/263 565/1/263 566/1/263
f 554/1/262 566/1/262 567/1/262
f 555/1/333 567/1/333 568/1/333
f 568/1/260 557/1/260 545/1/260
f 569/1/271 570/1/271 558/1/271
f 558/1/270 570/1/270 571/1/270
f 559/1/269 571/1/269 572/1/269
f 572/1/268 573/1/268 561/1/268
f 561/1/335 573/1/335 574/1/335
f 562/1/266 574/1/266 575/1/266
f 575/1/277 576/1/277 564/1/277
f 564/1/336 576/1/336 577/1/336
f 565/1/275 577/1/275 578/1/275
f 578/1/274 579/1/274 567/1/274
f 579/1/273 580/1/273 568/1/273
f 568/1/272 580/1/272 569/1/272
f 5/1/283 6/1/283 570/1/283
f 6/1/519 7/1/519 571/1/519
f 571/1/281 7/1/281 8/1/281
f 8/1/280 9/1/280 573/1/280
f 9/1/279 10/1/279 574/1/279
f 574/1/278 10/1/278 11/1/278
f 11/1/289 12/1/289 576/1/289
f 576/1/288 12/1/288 13/1/288
f 577/1/287 13/1/287 14/1/287
f 14/1/286 15/1/286 579/1/286
f 579/1/509 15/1/509 16/1/509
f 16/1/284 5/1/284 569/1/284
f 643/1/1 581/1/1 583/1/1
f 583/1/1 585/1/1 587/1/1
f 587/1/1 589/1/1 591/1/1
f 591/1/1 593/1/1 595/1/1
f 595/1/1 597/1/1 599/1/1
f 599/1/1 601/1/1 603/1/1
f 603/1/1 605/1/1 607/1/1
f 607/1/1 609/1/1 611/1/1
f 611/1/1 613/1/1 615/1/1
f 615/1/1 617/1/1 619/1/1
f 619/1/1 621/1/1 623/1/1
f 623/1/1 625/1/1 627/1/1
f 627/1/1 629/1/1 631/1/1
f 631/1/1 633/1/1 635/1/1
f 635/1/1 637/1/1 639/1/1
f 639/1/1 641/1/1 643/1/1
f 643/1/1 583/1/1 587/1/1
f 587/1/1 591/1/1 595/1/1
f 595/1/1 599/1/1 603/1/1
f 603/1/1 607/1/1 611/1/1
f 611/1/1 615/1/1 619/1/1
f 619/1/1 623/1/1 627/1/1
f 627/1/1 631/1/1 635/1/1
f 635/1/1 639/1/1 643/1/1
f 643/1/1 587/1/1 595/1/1
f 595/1/1 603/1/1 611/1/1
f 611/1/1 619/1/1 627/1/1
f 627/1/1 635/1/1 643/1/1
f 643/1/1 595/1/1 611/1/1
f 586/1/339 584/1/339 582/1/339
f 582/1/339 644/1/339 642/1/339
f 642/1/339 640/1/339 638/1/339
f 638/1/339 636/1/339 634/1/339
f 634/1/339 632/1/339 630/1/339
f 630/1/339 628/1/339 626/1/339
f 626/1/339 624/1/339 622/1/339
f 622/1/339 620/1/339 618/1/339
f 618/1/339 616/1/339 614/1/339
f 614/1/339 612/1/339 610/1/339
f 610/1/339 608/1/339 606/1/339
f 606/1/339 604/1/339 602/1/339
f 602/1/339 600/1/339 598/1/339
f 598/1/339 596/1/339 594/1/339
f 594/1/339 592/1/339 590/1/339
f 590/1/339 588/1/339 586/1/339
f 586/1/339 582/1/339 642/1/339
f 642/1/339 638/1/339 634/1/339
f 634/1/339 630/1/339 626/1/339
f 626/1/339 622/1/339 618/1/339
f 618/1/339 614/1/339 610/1/339
f 610/1/339 606/1/339 602/1/339
f 602/1/339 598/1/339 594/1/339
f 594/1/339 590/1/339 586/1/339
f 586/1/339 642/1/339 634/1/339
f 634/1/339 626/1/339 618/1/339
f 618/1/339 610/1/339 602/1/339
f 602/1/339 594/1/339 586/1/339
f 586/1/339 634/1/339 618/1/339
s 1
g Plane_Material.012
usemtl Material.012
f 646/2/340 647/3/341 645/4/340
f 648/5/341 649/6/342 647/7/341
f 650/8/342 651/9/343 649/6/342
f 652/10/343 653/11/344 651/9/343
f 654/12/344 655/13/345 653/11/344
f 656/14/345 657/15/346 655/13/345
f 658/16/346 659/17/347 657/15/346
f 660/18/347 661/19/348 659/17/347
f 662/20/348 663/21/349 661/19/348
f 664/22/349 665/23/350 663/21/349
f 666/24/350 667/25/351 665/23/350
f 668/26/351 669/27/352 667/25/351
f 670/28/352 671/29/353 669/27/352
f 672/30/353 673/31/354 671/29/353
f 674/32/354 675/33/355 673/31/354
f 676/34/355 677/35/356 675/33/355
f 678/36/356 679/37/357 677/3/356
f 680/38/357 681/39/358 679/37/357
f 682/40/358 683/41/359 681/39/358
f 684/42/359 685/43/360 683/41/359
f 686/44/360 687/45/361 685/43/360
f 688/46/361 689/47/362 687/45/361
f 690/48/362 691/49/363 689/47/362
f 692/50/363 693/51/364 691/49/363
f 694/1/364 695/52/365 693/53/364
f 696/54/365 697/55/366 695/52/365
f 698/56/366 699/57/367 697/55/366
f 700/58/367 701/59/368 699/57/367
f 702/60/368 703/61/369 701/59/368
f 704/62/369 705/63/370 703/61/369
f 706/64/370 707/65/371 705/63/370
f 708/66/371 645/4/340 707/65/371
f 646/2/340 648/36/341 647/3/341
f 648/5/341 650/8/342 649/6/342
f 650/8/342 652/10/343 651/9/343
f 652/10/343 654/12/344 653/11/344
f 654/12/344 656/14/345 655/13/345
f 656/14/345 658/16/346 657/15/346
f 658/16/346 660/18/347 659/17/347
f 660/18/347 662/20/348 661/19/348
f 662/20/348 664/22/349 663/21/349
f 664/22/349 666/24/350 665/23/350
f 666/24/350 668/26/351 667/25/351
f 668/26/351 670/28/352 669/27/352
f 670/28/352 672/30/353 671/29/353
f 672/30/353 674/32/354 673/31/354
f 674/32/354 676/34/355 675/33/355
f 676/34/355 678/595/356 677/35/356
f 678/36/356 680/38/357 679/37/357
f 680/38/357 682/40/358 681/39/358
f 682/40/358 684/42/359 683/41/359
f 684/42/359 686/44/360 685/43/360
f 686/44/360 688/46/361 687/45/361
f 688/46/361 690/48/362 689/47/362
f 690/48/362 692/50/363 691/49/363
f 692/50/363 694/596/364 693/51/364
f 694/1/364 696/54/365 695/52/365
f 696/54/365 698/56/366 697/55/366
f 698/56/366 700/58/367 699/57/367
f 700/58/367 702/60/368 701/59/368
f 702/60/368 704/62/369 703/61/369
f 704/62/369 706/64/370 705/63/370
f 706/64/370 708/66/371 707/65/371
f 708/66/371 646/2/340 645/4/340
g Plane_Material.008
usemtl Material.008
f 714/67/372 710/68/373 709/69/348
f 715/70/374 711/71/375 710/72/373
f 716/73/376 712/74/377 711/75/375
f 712/74/377 718/76/378 713/77/379
f 718/78/378 709/79/348 713/80/379
f 714/81/372 720/82/380 715/70/374
f 720/82/380 716/83/376 715/70/374
f 721/84/381 717/85/382 716/86/376
f 717/87/382 723/88/383 718/76/378
f 723/89/383 714/90/372 718/78/378
f 724/91/384 720/82/380 719/92/385
f 725/93/386 721/94/381 720/95/380
f 726/96/387 722/97/388 721/84/381
f 727/98/389 723/88/383 722/99/388
f 728/100/390 719/101/385 723/89/383
f 729/102/391 725/103/386 724/91/384
f 725/93/386 731/104/392 726/105/387
f 731/106/392 727/107/389 726/96/387
f 732/108/393 728/100/390 727/109/389
f 733/110/394 724/111/384 728/100/390
f 734/112/395 730/113/396 729/102/391
f 735/114/397 731/104/392 730/115/396
f 736/116/398 732/117/393 731/104/392
f 732/108/393 738/118/399 733/110/394
f 738/119/399 729/120/391 733/121/394
f 739/122/400 735/123/397 734/112/395
f 740/124/401 736/116/398 735/114/397
f 741/125/402 737/126/403 736/116/398
f 737/127/403 743/128/404 738/118/399
f 743/129/404 734/130/395 738/119/399
f 744/131/405 740/132/401 739/122/400
f 740/124/401 746/133/406 741/125/402
f 746/133/406 742/134/407 741/125/402
f 747/135/408 743/128/404 742/136/407
f 748/137/409 739/138/400 743/129/404
f 749/139/410 745/140/411 744/141/405
f 745/142/411 751/143/412 746/133/406
f 751/144/412 747/135/408 746/145/406
f 752/146/413 748/147/409 747/135/408
f 753/148/414 744/149/405 748/137/409
f 749/139/410 755/150/415 750/151/416
f 750/152/416 756/153/417 751/154/412
f 756/155/417 752/146/413 751/144/412
f 752/146/413 758/156/418 753/157/414
f 758/158/418 749/139/410 753/159/414
f 754/160/419 760/161/420 755/150/415
f 755/162/415 761/163/421 756/153/417
f 761/163/421 757/164/422 756/153/417
f 762/165/423 758/156/418 757/166/422
f 763/167/424 754/160/419 758/158/418
f 764/168/425 760/169/420 759/170/426
f 760/171/420 766/172/427 761/163/421
f 766/172/427 762/173/423 761/163/421
f 767/174/428 763/175/424 762/176/423
f 768/177/429 759/178/426 763/167/424
f 769/179/430 765/180/431 764/168/425
f 765/181/431 771/182/432 766/172/427
f 771/183/432 767/174/428 766/184/427
f 772/185/433 768/186/429 767/174/428
f 773/187/434 764/188/425 768/189/429
f 709/69/348 770/190/435 769/179/430
f 710/72/373 771/182/432 770/191/435
f 711/75/375 772/185/433 771/183/432
f 712/74/377 773/192/434 772/185/433
f 713/80/379 769/193/430 773/187/434
f 774/194/348 780/195/374 775/196/373
f 775/197/373 781/198/376 776/199/375
f 781/200/376 777/201/377 776/202/375
f 782/203/382 778/204/436 777/201/377
f 783/205/378 774/206/348 778/207/436
f 784/208/385 780/209/374 779/210/372
f 780/209/374 786/211/381 781/198/376
f 786/212/381 782/213/382 781/214/376
f 782/203/382 788/215/383 783/216/378
f 783/205/378 784/217/385 779/218/372
f 789/219/384 785/220/380 784/208/385
f 785/221/380 791/222/387 786/223/381
f 791/224/387 787/225/388 786/212/381
f 792/226/389 788/215/383 787/227/388
f 788/228/383 789/229/384 784/217/385
f 794/230/391 790/231/386 789/219/384
f 795/232/396 791/222/387 790/233/386
f 796/234/392 792/235/389 791/224/387
f 797/236/393 793/237/390 792/238/389
f 798/239/394 789/229/384 793/237/390
f 799/240/395 795/241/396 794/230/391
f 800/242/397 796/243/392 795/232/396
f 801/244/398 797/245/393 796/243/392
f 797/236/393 803/246/399 798/239/394
f 803/247/399 794/248/391 798/249/394
f 799/240/395 805/250/401 800/251/397
f 805/252/401 801/244/398 800/242/397
f 806/253/402 802/254/403 801/244/398
f 807/255/407 803/246/399 802/256/403
f 808/257/404 799/258/395 803/247/399
f 809/259/405 805/250/401 804/260/400
f 810/261/411 806/253/402 805/252/401
f 811/262/406 807/263/407 806/253/402
f 812/264/408 808/265/404 807/255/407
f 808/257/404 809/266/405 804/267/400
f 814/268/410 810/269/411 809/270/405
f 815/271/416 811/262/406 810/261/411
f 816/272/412 812/264/408 811/273/406
f 817/274/413 813/275/409 812/264/408
f 813/276/409 814/277/410 809/266/405
f 819/278/419 815/279/416 814/268/410
f 820/280/415 816/281/412 815/282/416
f 821/283/417 817/274/413 816/272/412
f 822/284/422 818/285/414 817/274/413
f 823/286/418 814/268/410 818/287/414
f 824/288/426 820/289/415 819/278/419
f 825/290/420 821/291/417 820/280/415
f 826/292/421 822/293/422 821/291/417
f 827/294/423 823/295/418 822/284/422
f 823/286/418 824/288/426 819/278/419
f 824/296/426 830/297/431 825/298/420
f 825/290/420 831/299/427 826/292/421
f 831/299/427 827/300/423 826/292/421
f 832/301/428 828/302/424 827/303/423
f 833/304/429 824/288/426 828/305/424
f 829/306/425 835/307/435 830/297/431
f 835/308/435 831/299/427 830/309/431
f 836/310/432 832/301/428 831/311/427
f 837/312/433 833/313/429 832/301/428
f 838/314/434 829/315/425 833/316/429
f 774/194/348 835/307/435 834/317/430
f 775/197/373 836/318/432 835/308/435
f 776/202/375 837/312/433 836/310/432
f 777/201/377 838/319/434 837/312/433
f 778/207/436 834/320/430 838/314/434
f 839/321/348 845/322/374 840/323/373
f 840/324/373 846/325/376 841/326/375
f 846/327/376 842/328/377 841/329/375
f 842/328/377 848/330/378 843/331/379
f 848/332/378 839/333/348 843/334/379
f 844/335/372 850/336/380 845/337/374
f 845/337/374 851/338/381 846/325/376
f 851/339/381 847/340/382 846/341/376
f 852/342/388 848/330/378 847/343/382
f 853/344/383 844/345/372 848/332/378
f 854/346/384 850/336/380 849/347/385
f 855/348/386 851/349/381 850/350/380
f 856/351/387 852/352/388 851/339/381
f 857/353/389 853/354/383 852/342/388
f 858/355/390 849/356/385 853/344/383
f 854/346/384 860/357/396 855/358/386
f 855/348/386 861/359/392 856/360/387
f 861/361/392 857/362/389 856/351/387
f 862/363/393 858/355/390 857/364/389
f 863/365/394 854/366/384 858/355/390
f 864/367/395 860/357/396 859/368/391
f 865/369/397 861/359/392 860/370/396
f 866/371/398 862/372/393 861/359/392
f 862/363/393 868/373/399 863/365/394
f 863/374/394 864/375/395 859/376/391
f 869/377/400 865/378/397 864/367/395
f 865/369/397 871/379/402 866/371/398
f 871/379/402 867/380/403 866/371/398
f 872/381/407 868/373/399 867/382/403
f 873/383/404 864/375/395 868/384/399
f 874/385/405 870/386/401 869/377/400
f 875/387/411 871/379/402 870/388/401
f 876/389/406 872/390/407 871/379/402
f 877/391/408 873/392/404 872/381/407
f 878/393/409 869/394/400 873/383/404
f 879/395/410 875/396/411 874/397/405
f 875/387/411 881/398/412 876/389/406
f 881/399/412 877/391/408 876/400/406
f 882/401/413 878/402/409 877/391/408
f 883/403/414 874/404/405 878/393/409
f 884/405/419 880/406/416 879/395/410
f 885/407/415 881/408/412 880/409/416
f 886/410/417 882/401/413 881/399/412
f 887/411/422 883/412/414 882/401/413
f 888/413/418 879/395/410 883/414/414
f 889/415/426 885/416/415 884/405/419
f 890/417/420 886/418/417 885/407/415
f 891/419/421 887/420/422 886/418/417
f 887/411/422 893/421/424 888/422/418
f 893/423/424 884/405/419 888/413/418
f 894/424/425 890/425/420 889/426/426
f 895/427/431 891/419/421 890/417/420
f 896/428/427 892/429/423 891/419/421
f 897/430/428 893/431/424 892/432/423
f 898/433/429 889/415/426 893/423/424
f 894/424/425 900/434/435 895/435/431
f 900/436/435 896/428/427 895/427/431
f 901/437/432 897/430/428 896/438/427
f 902/439/433 898/440/429 897/430/428
f 903/441/434 894/442/425 898/443/429
f 899/444/430 840/323/373 900/434/435
f 840/324/373 901/445/432 900/436/435
f 841/329/375 902/439/433 901/437/432
f 842/328/377 903/446/434 902/439/433
f 843/334/379 899/447/430 903/441/434
f 714/67/372 715/597/374 710/68/373
f 715/70/374 716/83/376 711/71/375
f 716/73/376 717/87/382 712/74/377
f 712/74/377 717/87/382 718/76/378
f 718/78/378 714/90/372 709/79/348
f 714/81/372 719/92/385 720/82/380
f 720/82/380 721/598/381 716/83/376
f 721/84/381 722/97/388 717/85/382
f 717/87/382 722/99/388 723/88/383
f 723/89/383 719/101/385 714/90/372
f 724/91/384 725/103/386 720/82/380
f 725/93/386 726/105/387 721/94/381
f 726/96/387 727/107/389 722/97/388
f 727/98/389 728/599/390 723/88/383
f 728/100/390 724/111/384 719/101/385
f 729/102/391 730/113/396 725/103/386
f 725/93/386 730/115/396 731/104/392
f 731/106/392 732/600/393 727/107/389
f 732/108/393 733/110/394 728/100/390
f 733/110/394 729/601/391 724/111/384
f 734/112/395 735/123/397 730/113/396
f 735/114/397 736/116/398 731/104/392
f 736/116/398 737/126/403 732/117/393
f 732/108/393 737/127/403 738/118/399
f 738/119/399 734/130/395 729/120/391
f 739/122/400 740/132/401 735/123/397
f 740/124/401 741/125/402 736/116/398
f 741/125/402 742/134/407 737/126/403
f 737/127/403 742/136/407 743/128/404
f 743/129/404 739/138/400 734/130/395
f 744/131/405 745/602/411 740/132/401
f 740/124/401 745/142/411 746/133/406
f 746/133/406 747/603/408 742/134/407
f 747/135/408 748/147/409 743/128/404
f 748/137/409 744/149/405 739/138/400
f 749/139/410 750/151/416 745/140/411
f 745/142/411 750/604/416 751/143/412
f 751/144/412 752/146/413 747/135/408
f 752/146/413 753/157/414 748/147/409
f 753/148/414 749/605/410 744/149/405
f 749/139/410 754/160/419 755/150/415
f 750/152/416 755/162/415 756/153/417
f 756/155/417 757/166/422 752/146/413
f 752/146/413 757/166/422 758/156/418
f 758/158/418 754/160/419 749/139/410
f 754/160/419 759/178/426 760/161/420
f 755/162/415 760/171/420 761/163/421
f 761/163/421 762/173/423 757/164/422
f 762/165/423 763/606/424 758/156/418
f 763/167/424 759/178/426 754/160/419
f 764/168/425 765/180/431 760/169/420
f 760/171/420 765/181/431 766/172/427
f 766/172/427 767/607/428 762/173/423
f 767/174/428 768/186/429 763/175/424
f 768/177/429 764/608/425 759/178/426
f 769/179/430 770/190/435 765/180/431
f 765/181/431 770/191/435 771/182/432
f 771/183/432 772/185/433 767/174/428
f 772/185/433 773/192/434 768/186/429
f 773/187/434 769/193/430 764/188/425
f 709/69/348 710/68/373 770/190/435
f 710/72/373 711/71/375 771/182/432
f 711/75/375 712/74/377 772/185/433
f 712/74/377 713/77/379 773/192/434
f 713/80/379 709/79/348 769/193/430
f 774/194/348 779/609/372 780/195/374
f 775/197/373 780/209/374 781/198/376
f 781/200/376 782/203/382 777/201/377
f 782/203/382 783/216/378 778/204/436
f 783/205/378 779/218/372 774/206/348
f 784/208/385 785/220/380 780/209/374
f 780/209/374 785/220/380 786/211/381
f 786/212/381 787/225/388 782/213/382
f 782/203/382 787/227/388 788/215/383
f 783/205/378 788/228/383 784/217/385
f 789/219/384 790/231/386 785/220/380
f 785/221/380 790/233/386 791/222/387
f 791/224/387 792/235/389 787/225/388
f 792/226/389 793/610/390 788/215/383
f 788/228/383 793/237/390 789/229/384
f 794/230/391 795/241/396 790/231/386
f 795/232/396 796/243/392 791/222/387
f 796/234/392 797/611/393 792/235/389
f 797/236/393 798/239/394 793/237/390
f 798/239/394 794/612/391 789/229/384
f 799/240/395 800/251/397 795/241/396
f 800/242/397 801/244/398 796/243/392
f 801/244/398 802/254/403 797/245/393
f 797/236/393 802/256/403 803/246/399
f 803/247/399 799/258/395 794/248/391
f 799/240/395 804/260/400 805/250/401
f 805/252/401 806/253/402 801/244/398
f 806/253/402 807/263/407 802/254/403
f 807/255/407 808/265/404 803/246/399
f 808/257/404 804/267/400 799/258/395
f 809/259/405 810/613/411 805/250/401
f 810/261/411 811/262/406 806/253/402
f 811/262/406 812/614/408 807/263/407
f 812/264/408 813/275/409 808/265/404
f 808/257/404 813/276/409 809/266/405
f 814/268/410 815/279/416 810/269/411
f 815/271/416 816/615/412 811/262/406
f 816/272/412 817/274/413 812/264/408
f 817/274/413 818/285/414 813/275/409
f 813/276/409 818/616/414 814/277/410
f 819/278/419 820/289/415 815/279/416
f 820/280/415 821/291/417 816/281/412
f 821/283/417 822/284/422 817/274/413
f 822/284/422 823/295/418 818/285/414
f 823/286/418 819/278/419 814/268/410
f 824/288/426 825/617/420 820/289/415
f 825/290/420 826/292/421 821/291/417
f 826/292/421 827/300/423 822/293/422
f 827/294/423 828/618/424 823/295/418
f 823/286/418 828/305/424 824/288/426
f 824/296/426 829/306/425 830/297/431
f 825/290/420 830/309/431 831/299/427
f 831/299/427 832/619/428 827/300/423
f 832/301/428 833/313/429 828/302/424
f 833/304/429 829/620/425 824/288/426
f 829/306/425 834/317/430 835/307/435
f 835/308/435 836/318/432 831/299/427
f 836/310/432 837/312/433 832/301/428
f 837/312/433 838/319/434 833/313/429
f 838/314/434 834/320/430 829/315/425
f 774/194/348 775/196/373 835/307/435
f 775/197/373 776/199/375 836/318/432
f 776/202/375 777/201/377 837/312/433
f 777/201/377 778/204/436 838/319/434
f 778/207/436 774/206/348 834/320/430
f 839/321/348 844/621/372 845/322/374
f 840/324/373 845/337/374 846/325/376
f 846/327/376 847/343/382 842/328/377
f 842/328/377 847/343/382 848/330/378
f 848/332/378 844/345/372 839/333/348
f 844/335/372 849/347/385 850/336/380
f 845/337/374 850/336/380 851/338/381
f 851/339/381 852/352/388 847/340/382
f 852/342/388 853/354/383 848/330/378
f 853/344/383 849/356/385 844/345/372
f 854/346/384 855/358/386 850/336/380
f 855/348/386 856/360/387 851/349/381
f 856/351/387 857/362/389 852/352/388
f 857/353/389 858/622/390 853/354/383
f 858/355/390 854/366/384 849/356/385
f 854/346/384 859/368/391 860/357/396
f 855/348/386 860/370/396 861/359/392
f 861/361/392 862/623/393 857/362/389
f 862/363/393 863/365/394 858/355/390
f 863/365/394 859/624/391 854/366/384
f 864/367/395 865/378/397 860/357/396
f 865/369/397 866/371/398 861/359/392
f 866/371/398 867/380/403 862/372/393
f 862/363/393 867/382/403 868/373/399
f 863/374/394 868/384/399 864/375/395
f 869/377/400 870/386/401 865/378/397
f 865/369/397 870/388/401 871/379/402
f 871/379/402 872/390/407 867/380/403
f 872/381/407 873/392/404 868/373/399
f 873/383/404 869/394/400 864/375/395
f 874/385/405 875/625/411 870/386/401
f 875/387/411 876/389/406 871/379/402
f 876/389/406 877/626/408 872/390/407
f 877/391/408 878/402/409 873/392/404
f 878/393/409 874/404/405 869/394/400
f 879/395/410 880/406/416 875/396/411
f 875/387/411 880/627/416 881/398/412
f 881/399/412 882/401/413 877/391/408
f 882/401/413 883/412/414 878/402/409
f 883/403/414 879/628/410 874/404/405
f 884/405/419 885/416/415 880/406/416
f 885/407/415 886/418/417 881/408/412
f 886/410/417 887/411/422 882/401/413
f 887/411/422 888/422/418 883/412/414
f 888/413/418 884/405/419 879/395/410
f 889/415/426 890/629/420 885/416/415
f 890/417/420 891/419/421 886/418/417
f 891/419/421 892/429/423 887/420/422
f 887/411/422 892/630/423 893/421/424
f 893/423/424 889/415/426 884/405/419
f 894/424/425 895/435/431 890/425/420
f 895/427/431 896/428/427 891/419/421
f 896/428/427 897/631/428 892/429/423
f 897/430/428 898/440/429 893/431/424
f 898/433/429 894/632/425 889/415/426
f 894/424/425 899/444/430 900/434/435
f 900/436/435 901/445/432 896/428/427
f 901/437/432 902/439/433 897/430/428
f 902/439/433 903/446/434 898/440/429
f 903/441/434 899/447/430 894/442/425
f 899/444/430 839/321/348 840/323/373
f 840/324/373 841/326/375 901/445/432
f 841/329/375 842/328/377 902/439/433
f 842/328/377 843/331/379 903/446/434
f 843/334/379 839/333/348 899/447/430
s 0
g Plane_Material.007
usemtl Material.007
f 907/448/437 944/449/437 906/450/437
f 910/451/438 915/452/438 911/453/438
f 914/462/340 919/463/340 915/452/340
f 908/464/443 914/465/443 910/466/443
f 909/467/444 912/468/444 908/469/444
f 911/470/445 913/471/445 909/472/445
f 917/473/339 918/474/339 916/475/339
f 912/476/364 918/477/364 914/465/364
f 913/478/356 916/479/356 912/468/356
f 915/1/348 917/1/348 913/1/348
f 922/480/446 963/481/446 926/482/446
f 906/450/447 948/483/447 904/484/447
f 904/1/448 952/1/448 905/1/448
f 905/485/449 953/486/449 907/448/449
f 955/487/450 928/488/450 946/489/450
f 920/490/451 967/491/451 924/492/451
f 921/493/452 971/494/452 925/495/452
f 949/496/453 958/497/453 956/498/453
f 931/499/340 932/500/340 928/501/340
f 946/489/454 929/502/454 950/503/454
f 950/503/455 930/504/455 954/505/455
f 954/505/456 931/506/456 955/487/456
f 935/507/457 936/508/457 932/509/457
f 928/510/364 933/511/364 929/512/364
f 929/513/356 934/514/356 930/515/356
f 930/516/348 935/517/348 931/518/348
f 932/509/458 937/519/458 933/520/458
f 933/520/459 938/521/459 934/522/459
f 934/522/460 939/523/460 935/507/460
f 922/524/461 953/525/461 923/526/461
f 927/527/461 946/528/461 926/529/461
f 923/526/461 955/530/461 927/527/461
f 922/524/461 946/528/461 944/531/461
f 920/532/462 944/457/462 941/533/462
f 943/534/462 950/535/462 924/536/462
f 941/533/462 946/537/462 943/534/462
f 920/532/462 950/535/462 948/538/462
f 921/1/463 948/1/463 945/1/463
f 947/539/463 954/540/463 925/541/463
f 945/542/463 950/543/463 947/539/463
f 921/544/463 954/540/463 952/545/463
f 940/546/464 952/547/464 949/548/464
f 951/549/464 955/550/464 942/551/464
f 940/546/464 955/550/464 953/552/464
f 949/548/464 954/553/464 951/549/464
f 949/554/465 957/555/465 940/556/465
f 942/557/466 958/558/466 951/559/466
f 940/560/467 959/561/467 942/562/467
f 923/563/468 961/564/468 922/565/468
f 926/566/469 962/567/469 927/568/469
f 927/569/470 960/570/470 923/571/470
f 941/572/471 965/573/471 920/574/471
f 924/575/472 966/576/472 943/577/472
f 943/1/473 964/1/473 941/1/473
f 945/578/474 969/579/474 921/580/474
f 925/581/475 970/582/475 947/583/475
f 947/584/476 968/585/476 945/586/476
f 964/587/477 963/588/477 961/589/477
f 968/590/478 967/491/478 965/591/478
f 956/498/479 971/592/479 969/593/479
f 957/555/1 969/579/1 965/573/1
f 959/594/339 966/576/339 970/582/339
f 907/448/437 953/486/437 944/449/437
f 910/451/438 914/462/438 915/452/438
f 914/462/340 918/633/340 919/463/340
f 908/464/443 912/476/443 914/465/443
f 909/467/444 913/478/444 912/468/444
f 911/470/445 915/634/445 913/471/445
f 917/473/339 919/635/339 918/474/339
f 912/476/364 916/636/364 918/477/364
f 913/478/356 917/637/356 916/479/356
f 915/1/348 919/1/348 917/1/348
f 922/480/446 961/638/446 963/481/446
f 906/450/447 944/449/447 948/483/447
f 904/1/448 948/1/448 952/1/448
f 905/485/449 952/639/449 953/486/449
f 955/487/450 931/506/450 928/488/450
f 920/490/451 965/591/451 967/491/451
f 921/493/452 969/640/452 971/494/452
f 949/496/453 951/492/453 958/497/453
f 931/499/340 935/510/340 932/500/340
f 946/489/454 928/488/454 929/502/454
f 950/503/455 929/502/455 930/504/455
f 954/505/456 930/504/456 931/506/456
f 935/507/457 939/523/457 936/508/457
f 928/510/364 932/641/364 933/511/364
f 929/513/356 933/642/356 934/514/356
f 930/516/348 934/643/348 935/517/348
f 932/509/458 936/508/458 937/519/458
f 933/520/459 937/519/459 938/521/459
f 934/522/460 938/521/460 939/523/460
f 922/524/461 944/531/461 953/525/461
f 927/527/461 955/530/461 946/528/461
f 923/526/461 953/525/461 955/530/461
f 922/524/461 926/529/461 946/528/461
f 920/532/462 948/538/462 944/457/462
f 943/534/462 946/537/462 950/535/462
f 941/533/462 944/457/462 946/537/462
f 920/532/462 924/536/462 950/535/462
f 921/1/463 952/1/463 948/1/463
f 947/539/463 950/543/463 954/540/463
f 945/542/463 948/644/463 950/543/463
f 921/544/463 925/541/463 954/540/463
f 940/546/464 953/552/464 952/547/464
f 951/549/464 954/553/464 955/550/464
f 940/546/464 942/551/464 955/550/464
f 949/548/464 952/547/464 954/553/464
f 949/554/465 956/645/465 957/555/465
f 942/557/466 959/594/466 958/558/466
f 940/560/467 957/646/467 959/561/467
f 923/563/468 960/647/468 961/564/468
f 926/566/469 963/648/469 962/567/469
f 927/569/470 962/649/470 960/570/470
f 941/572/471 964/650/471 965/573/471
f 924/575/472 967/651/472 966/576/472
f 943/1/473 966/1/473 964/1/473
f 945/578/474 968/652/474 969/579/474
f 925/581/475 971/653/475 970/582/475
f 947/584/476 970/654/476 968/585/476
f 964/587/477 966/655/477 963/588/477
f 968/590/478 970/656/478 967/491/478
f 956/498/479 958/497/479 971/592/479
f 965/573/1 964/650/1 961/564/1
f 961/564/1 960/647/1 957/555/1
f 957/555/1 956/645/1 969/579/1
f 969/579/1 968/652/1 965/573/1
f 965/573/1 961/564/1 957/555/1
f 971/653/339 958/558/339 959/594/339
f 959/594/520 957/657/520 960/658/520
f 962/567/339 963/648/339 966/576/339
f 959/594/520 960/658/520 962/567/520
f 970/582/339 971/653/339 959/594/339
f 966/576/339 967/651/339 970/582/339
f 959/594/339 962/567/339 966/576/339
g Plane_Material.006
usemtl Material.006
f 907/454/439 910/455/439 911/456/439
f 906/457/440 908/458/440 910/455/440
f 905/459/441 908/458/441 904/460/441
f 907/454/442 909/461/442 905/459/442
f 907/454/439 906/457/439 910/455/439
f 906/457/440 904/460/440 908/458/440
f 905/459/441 909/461/441 908/458/441
f 907/454/442 911/456/442 909/461/442
