# Blender 5.0.1
# www.blender.org
mtllib mandibula.mtl
g boca_Mesh
v 0.184589 -0.371870 -0.373153
v 0.184709 -0.364221 -0.429097
v 0.140193 -0.386385 -0.413601
v 0.239085 -0.344245 -0.385328
v 0.223040 -0.358090 -0.325987
v 0.119132 -0.399191 -0.366185
v 0.089731 -0.407131 -0.402641
v 0.150032 -0.389935 -0.320547
v 0.020411 -0.430353 -0.406285
v 0.041152 -0.426663 -0.365577
v -0.049125 -0.453832 -0.369413
v -0.031120 -0.451019 -0.321700
v -0.063485 -0.454692 -0.412971
v 0.065105 -0.420992 -0.319425
v 0.088106 -0.414856 -0.268585
v -0.012758 -0.447280 -0.270250
v 0.003175 -0.443710 -0.215772
v 0.107418 -0.409078 -0.214056
v -0.123431 -0.477953 -0.273649
v -0.242554 -0.506473 -0.277933
v -0.137411 -0.479703 -0.326026
v -0.252735 -0.506694 -0.331064
v -0.110791 -0.475978 -0.218804
v -0.233186 -0.505921 -0.222515
v -0.362466 -0.533330 -0.226657
v -0.225697 -0.505489 -0.165552
v -0.357235 -0.533735 -0.169579
v -0.221241 -0.505528 -0.107586
v -0.494190 -0.559050 -0.173585
v -0.354289 -0.534361 -0.111570
v -0.493152 -0.561557 -0.057435
v -0.492635 -0.560184 -0.115728
v -0.354189 -0.535651 -0.053158
v -0.357453 -0.537780 0.005038
v -0.495878 -0.563494 0.000680
v -0.220606 -0.506628 -0.049154
v -0.093844 -0.474631 -0.045367
v -0.095025 -0.473806 -0.103922
v -0.224408 -0.508949 0.009122
v -0.232079 -0.512195 0.066565
v -0.098198 -0.477233 0.012986
v -0.107406 -0.481244 0.070466
v -0.120249 -0.486101 0.126321
v 0.008975 -0.447642 0.074300
v 0.019635 -0.442762 0.016783
v 0.127552 -0.405664 0.020567
v 0.132859 -0.402273 -0.038641
v 0.024462 -0.439769 -0.041847
v 0.115598 -0.411632 0.078520
v 0.224110 -0.366082 0.024392
v 0.097935 -0.419480 0.134464
v 0.191012 -0.383143 0.140011
v -0.006303 -0.453850 0.130053
v 0.210918 -0.373346 0.083379
v 0.293791 -0.332972 0.088940
v 0.271761 -0.345125 0.147053
v 0.242665 -0.359637 0.201806
v 0.308325 -0.323675 0.212573
v 0.340473 -0.305478 0.155799
v 0.364629 -0.290402 0.095517
v 0.308065 -0.324191 0.028421
v 0.380177 -0.279656 0.032682
v 0.398035 -0.264342 0.166368
v 0.424277 -0.245407 0.103241
v 0.441030 -0.231935 0.037407
v 0.447884 -0.225721 -0.029892
v 0.491681 -0.180739 0.042631
v 0.499161 -0.173051 -0.028515
v 0.386592 -0.274469 -0.031452
v 0.383611 -0.275738 -0.096014
v 0.314196 -0.319844 -0.033541
v 0.311455 -0.320494 -0.095679
v 0.444653 -0.227773 -0.097483
v 0.431461 -0.237137 -0.164339
v 0.481000 -0.189064 -0.170833
v 0.495540 -0.176288 -0.100150
v 0.536869 -0.120735 -0.104185
v 0.568688 -0.060430 -0.111371
v 0.541172 -0.115568 -0.027479
v 0.574163 -0.051036 -0.026719
v 0.520563 -0.138465 -0.179747
v 0.493210 -0.164313 -0.252523
v 0.549662 -0.086923 -0.193535
v 0.519640 -0.120875 -0.270795
v 0.479584 -0.157907 -0.342310
v 0.534315 -0.081312 -0.296701
v 0.460007 -0.097225 -0.256670
v 0.492629 -0.124435 -0.369217
v 0.441944 -0.166376 -0.434652
v 0.494096 -0.096242 -0.403389
v 0.443179 -0.141306 -0.466708
v 0.536137 -0.048635 -0.333451
v 0.433680 -0.120976 -0.503989
v 0.483707 -0.074622 -0.445767
v 0.524326 -0.025501 -0.382636
v 0.464014 -0.015760 -0.350369
v 0.499787 -0.010706 -0.440397
v 0.429294 -0.048789 -0.544921
v 0.464121 -0.002279 -0.501734
v 0.461784 -0.059062 -0.493827
v 0.441780 -0.004694 -0.401854
v 0.405964 -0.051484 -0.451981
v 0.377274 -0.044365 -0.496343
v 0.409683 0.000426 -0.456270
v 0.339895 -0.041086 -0.540947
v 0.368844 0.001507 -0.510033
v 0.294110 -0.040757 -0.583461
v 0.319774 -0.000260 -0.559898
v 0.418200 0.001519 -0.562277
v 0.362925 0.001812 -0.618570
v 0.273357 -0.040979 -0.688927
v 0.334969 -0.040088 -0.644234
v 0.298017 -0.001109 -0.669712
v 0.259557 -0.004297 -0.607133
v 0.237643 -0.042466 -0.624326
v 0.201562 -0.045516 -0.729496
v 0.207775 -0.079272 -0.642911
v 0.146488 -0.083234 -0.674763
v 0.174058 -0.047502 -0.660173
v 0.258962 -0.078091 -0.608912
v 0.252732 -0.116938 -0.605165
v 0.301442 -0.079894 -0.573134
v 0.167833 -0.112745 -0.662997
v 0.214013 -0.113437 -0.634891
v 0.118783 -0.143543 -0.682772
v 0.158641 -0.146730 -0.660412
v 0.193321 -0.152276 -0.635855
v 0.091859 -0.178302 -0.684410
v 0.122263 -0.185974 -0.664131
v 0.222182 -0.159877 -0.609914
v 0.148173 -0.194917 -0.642009
v 0.038757 -0.218404 -0.688622
v -0.056710 -0.249652 -0.709019
v 0.061596 -0.228695 -0.669524
v 0.012745 -0.208683 -0.705723
v -0.078548 -0.238097 -0.723754
v -0.099835 -0.225880 -0.736055
v -0.014063 -0.199100 -0.720148
v 0.058859 -0.171944 -0.702093
v -0.117540 -0.212301 -0.745419
v -0.037260 -0.189178 -0.731061
v 0.028195 -0.167445 -0.715354
v -0.053949 -0.178467 -0.738066
v -0.126996 -0.195910 -0.751377
v -0.125346 -0.174604 -0.753794
v -0.219878 -0.216493 -0.764126
v -0.211675 -0.235701 -0.757975
v -0.197711 -0.251959 -0.749285
v -0.324843 -0.238122 -0.773740
v -0.317415 -0.259035 -0.767454
v -0.432384 -0.281875 -0.773078
v -0.306061 -0.277157 -0.759085
v -0.423041 -0.301231 -0.764796
v -0.439219 -0.259775 -0.779518
v -0.327404 -0.213564 -0.777896
v -0.560729 -0.281086 -0.781085
v -0.442857 -0.234401 -0.784083
v -0.565303 -0.255281 -0.786067
v -0.444125 -0.205890 -0.787002
v -0.568648 -0.226527 -0.789438
v -0.571277 -0.195558 -0.791432
v -0.444032 -0.174903 -0.788419
v -0.326011 -0.185397 -0.780047
v -0.322526 -0.154597 -0.780572
v -0.318719 -0.120877 -0.779914
v -0.208890 -0.135312 -0.767871
v -0.216163 -0.165942 -0.768649
v -0.206800 -0.023567 -0.763990
v -0.116104 -0.148277 -0.753269
v -0.103649 -0.117869 -0.750549
v -0.091534 -0.084255 -0.746656
v 0.001905 0.170129 -0.711077
v -0.078952 -0.081360 -0.820981
v -0.197738 -0.021290 -0.839030
v -0.091791 -0.115765 -0.825114
v 0.007213 -0.100515 -0.802620
v 0.017810 0.173033 -0.784607
v 0.095699 -0.089053 -0.775615
v 0.133085 0.168121 -0.756658
v 0.114922 0.165583 -0.683683
v -0.008429 -0.103008 -0.728972
v 0.075103 -0.091098 -0.703496
v 0.049340 -0.122170 -0.712714
v 0.113585 -0.115422 -0.688913
v -0.027188 -0.133364 -0.734371
v -0.043231 -0.158924 -0.737570
v 0.024119 -0.146191 -0.719936
v 0.073955 -0.143301 -0.702745
v 0.001187 -0.164257 -0.724943
v 0.069006 -0.121609 -0.785196
v 0.173245 -0.082212 -0.744532
v 0.138507 -0.116553 -0.759389
v 0.197960 -0.116406 -0.730587
v 0.240123 -0.079571 -0.709553
v 0.297200 -0.080880 -0.671449
v 0.249158 -0.120074 -0.698913
v 0.345079 -0.085581 -0.630587
v 0.386835 -0.042714 -0.595903
v 0.292521 -0.126882 -0.664837
v 0.328108 -0.136546 -0.628950
v 0.384097 -0.093609 -0.587958
v 0.413846 -0.105218 -0.545081
v 0.355335 -0.149120 -0.592573
v 0.285410 -0.190845 -0.635530
v 0.373573 -0.164926 -0.556932
v 0.260609 -0.177519 -0.666916
v 0.228547 -0.166467 -0.697363
v 0.180893 -0.216356 -0.700869
v 0.152385 -0.203891 -0.726878
v 0.203460 -0.230317 -0.673265
v 0.088745 -0.252966 -0.729713
v -0.014806 -0.287236 -0.753417
v 0.063726 -0.239042 -0.752484
v 0.002807 -0.302642 -0.731092
v 0.108845 -0.267641 -0.705099
v 0.219054 -0.246045 -0.644901
v 0.122986 -0.283341 -0.679278
v 0.130046 -0.300236 -0.652986
v 0.015454 -0.318506 -0.707319
v 0.226584 -0.263524 -0.616710
v 0.022005 -0.335005 -0.682532
v 0.021555 -0.352167 -0.657160
v -0.096164 -0.367487 -0.705603
v -0.102099 -0.351392 -0.729181
v -0.228228 -0.381855 -0.745019
v -0.113238 -0.335352 -0.751406
v -0.237749 -0.365644 -0.766094
v -0.128362 -0.319292 -0.771943
v -0.250385 -0.349005 -0.785345
v -0.036242 -0.272026 -0.773752
v -0.146411 -0.302839 -0.790450
v -0.265254 -0.331442 -0.802633
v -0.060151 -0.256692 -0.791553
v -0.166121 -0.285650 -0.806684
v -0.281134 -0.312877 -0.817724
v -0.083724 -0.240679 -0.806325
v -0.184996 -0.267216 -0.820161
v -0.296409 -0.292653 -0.830454
v -0.103460 -0.222900 -0.817741
v -0.200668 -0.246626 -0.830892
v -0.309193 -0.270341 -0.840659
v -0.114625 -0.202105 -0.825137
v -0.210218 -0.223258 -0.838277
v -0.317884 -0.245371 -0.848180
v -0.321104 -0.217327 -0.852867
v -0.434669 -0.267560 -0.854039
v -0.426837 -0.293490 -0.846467
v -0.551139 -0.315826 -0.848039
v -0.416161 -0.317019 -0.836452
v -0.542488 -0.340038 -0.838198
v -0.666246 -0.383775 -0.824084
v -0.673400 -0.361289 -0.835726
v -0.532940 -0.362080 -0.826377
v -0.523284 -0.382466 -0.812609
v -0.659264 -0.404470 -0.810499
v -0.403984 -0.338384 -0.824339
v -0.391397 -0.358057 -0.809970
v -0.379549 -0.376311 -0.793584
v -0.514127 -0.401196 -0.796811
v -0.652694 -0.423609 -0.795085
v -0.506045 -0.418723 -0.779113
v -0.646955 -0.441306 -0.777857
v -0.790090 -0.461142 -0.771592
v -0.642103 -0.457917 -0.758826
v -0.499669 -0.435220 -0.759635
v -0.786841 -0.477681 -0.752804
v -0.638647 -0.473456 -0.738006
v -0.495634 -0.450864 -0.738301
v -0.783980 -0.493206 -0.732400
v -0.636617 -0.488101 -0.715302
v -0.781386 -0.507560 -0.710173
v -0.779104 -0.521011 -0.686031
v -0.927040 -0.524114 -0.700094
v -0.930282 -0.509948 -0.721843
v -1.075820 -0.523666 -0.706685
v -0.932470 -0.494624 -0.742033
v -1.077436 -0.508528 -0.726663
v -1.220186 -0.519256 -0.707148
v -0.934103 -0.478069 -0.760575
v -1.077361 -0.492058 -0.745159
v -1.218413 -0.502952 -0.725800
v -0.935377 -0.460253 -0.777473
v -1.076319 -0.474325 -0.762094
v -1.214950 -0.485314 -0.742969
v -0.936759 -0.440921 -0.792735
v -1.074987 -0.455135 -0.777483
v -1.210616 -0.466397 -0.758681
v -0.938468 -0.420138 -0.806069
v -1.073881 -0.434508 -0.791041
v -1.206321 -0.446160 -0.772659
v -0.940980 -0.397734 -0.817683
v -1.073805 -0.412409 -0.802790
v -1.203267 -0.424509 -0.784835
v -0.944667 -0.373474 -0.827382
v -1.075538 -0.388630 -0.812646
v -1.202793 -0.401524 -0.794749
v -1.324156 -0.411942 -0.774422
v -1.079910 -0.363234 -0.820234
v -1.206087 -0.377021 -0.802429
v -1.326231 -0.388720 -0.782100
v -1.087309 -0.336157 -0.825764
v -1.214086 -0.351136 -0.807606
v -1.348741 -0.338593 -0.789076
v -1.334873 -0.364297 -0.786831
v -1.225759 -0.323832 -0.810749
v -1.239984 -0.295090 -0.812226
v -1.097237 -0.307468 -0.829423
v -1.366006 -0.311685 -0.789584
v -1.485042 -0.327168 -0.764115
v -1.507406 -0.300734 -0.761978
v -1.412298 -0.167478 -0.786650
v -1.255474 -0.265186 -0.812509
v -1.400957 -0.166246 -0.712246
v -1.355023 -0.308847 -0.715250
v -1.246047 -0.264487 -0.737772
v -1.493511 -0.299426 -0.688100
v -1.580386 -0.338628 -0.663122
v -1.626971 -0.185932 -0.656280
v -1.472183 -0.324061 -0.690221
v -1.452036 -0.346359 -0.691316
v -1.555960 -0.358437 -0.666035
v -1.622104 -0.385833 -0.643777
v -1.535768 -0.377191 -0.667139
v -1.648644 -0.369727 -0.640016
v -1.679212 -0.352513 -0.634241
v -1.435926 -0.367633 -0.690498
v -1.338579 -0.333255 -0.714901
v -1.325150 -0.356608 -0.712910
v -1.426994 -0.387144 -0.687136
v -1.525286 -0.394083 -0.664968
v -1.603521 -0.398686 -0.645077
v -1.527785 -0.409819 -0.658631
v -1.427015 -0.405175 -0.680786
v -1.315486 -0.397658 -0.702465
v -1.319142 -0.415924 -0.693823
v -1.317132 -0.377999 -0.708920
v -1.433922 -0.422133 -0.671703
v -1.539644 -0.425305 -0.648749
v -1.445013 -0.438325 -0.660416
v -1.555869 -0.440465 -0.636280
v -1.457539 -0.453708 -0.647448
v -1.656133 -0.438806 -0.611250
v -1.572766 -0.455119 -0.622016
v -1.676755 -0.452391 -0.595163
v -1.788908 -0.458727 -0.548654
v -1.769238 -0.445903 -0.567889
v -1.744467 -0.433346 -0.586287
v -1.693729 -0.465757 -0.577867
v -1.706244 -0.479010 -0.560041
v -1.587585 -0.469221 -0.606479
v -1.802881 -0.471984 -0.529169
v -1.713699 -0.492232 -0.541972
v -1.810814 -0.485450 -0.509618
v -1.885546 -0.461739 -0.498621
v -1.892674 -0.475647 -0.477558
v -1.954745 -0.477901 -0.424628
v -1.894080 -0.489967 -0.457144
v -1.954183 -0.462764 -0.446746
v -1.948198 -0.448710 -0.469839
v -1.998978 -0.447341 -0.416799
v -1.999434 -0.463383 -0.392399
v -2.029220 -0.432354 -0.392857
v -2.033463 -0.450072 -0.356598
v -1.950203 -0.493685 -0.404283
v -1.994387 -0.480847 -0.370182
v -2.029437 -0.466210 -0.333875
v -2.018436 -0.486719 -0.313768
v -2.057282 -0.452087 -0.293276
v -2.045675 -0.474443 -0.272397
v -2.063492 -0.433445 -0.318398
v -2.123515 -0.450596 -0.345044
v -2.158997 -0.369803 -0.292770
v -2.067244 -0.310761 -0.358238
v -2.095867 -0.354648 -0.273392
v -2.079801 -0.438111 -0.247826
v -2.065345 -0.464916 -0.226879
v -2.107855 -0.323666 -0.177680
v -2.080817 -0.457123 -0.169378
v -2.143420 -0.455467 -0.261069
v -2.099470 -0.505146 -0.292104
v -2.114743 -0.477345 -0.314750
v -2.125032 -0.490092 -0.239508
v -2.172793 -0.336681 -0.192251
v -2.143619 -0.477316 -0.180267
v -2.180266 -0.413902 -0.116156
v -2.153763 -0.471767 -0.114766
v -2.118336 -0.514386 -0.170582
v -2.126529 -0.512540 -0.113226
v -2.126153 -0.518678 -0.055529
v -2.153194 -0.482548 -0.048875
v -2.116514 -0.530091 -0.000305
v -2.142996 -0.500019 0.011215
v -2.183977 -0.334826 -0.024300
v -2.162466 -0.467257 0.030506
v -2.096892 -0.451858 0.025841
v -2.117722 -0.322025 -0.027809
v -2.114371 -0.400603 -0.110057
v -2.089699 -0.462073 -0.048067
v -2.090213 -0.452091 -0.108773
v -2.062310 -0.483427 -0.161914
v -2.069881 -0.481953 -0.107552
v -2.070680 -0.486361 -0.052946
v -2.039019 -0.515014 -0.010245
v -2.046048 -0.509698 -0.057744
v -2.064038 -0.494424 -0.002926
v -2.023396 -0.522765 0.034532
v -2.049007 -0.504641 0.042172
v -2.082771 -0.473673 0.009177
v -2.068779 -0.485445 0.053807
v -2.042858 -0.499784 0.095106
v -2.080436 -0.468725 0.069711
v -2.023478 -0.516204 0.084031
v -1.961520 -0.542098 0.118150
v -1.997734 -0.532088 0.076952
v -1.986392 -0.528439 0.125098
v -1.915329 -0.551815 0.158838
v -1.939320 -0.540222 0.166358
v -2.004687 -0.514184 0.135950
v -2.016117 -0.500104 0.150693
v -1.956520 -0.528047 0.177188
v -1.967373 -0.515504 0.191609
v -1.900082 -0.540255 0.217702
v -1.911019 -0.528964 0.231788
v -1.971482 -0.503294 0.209713
v -2.019896 -0.486886 0.169933
v -2.057612 -0.472112 0.129413
v -1.969173 -0.491624 0.230988
v -2.015921 -0.474543 0.193573
v -2.050742 -0.457939 0.162287
v -2.085757 -0.358867 0.120669
v -2.085340 -0.454017 0.090658
v -2.039096 -0.446211 0.191233
v -2.005153 -0.463537 0.220774
v -2.065893 -0.420039 0.170022
v -1.988545 -0.453761 0.249711
v -2.019947 -0.436399 0.224144
v -1.967654 -0.445023 0.279041
v -1.996868 -0.427373 0.256947
v -2.049791 -0.334722 0.190543
v -2.127167 -0.434066 0.198159
v -2.019179 -0.403341 0.241512
v -2.104527 -0.341233 0.235166
v -2.072546 -0.449906 0.269352
v -2.073748 -0.410703 0.286319
v -2.015278 -0.428497 0.344962
v -2.046295 -0.438525 0.307507
v -2.045892 -0.318084 0.315562
v -1.999723 -0.315019 0.259902
v -1.971209 -0.419605 0.287989
v -1.941576 -0.357249 0.321322
v -1.942909 -0.439107 0.306708
v -1.909920 -0.431330 0.336057
v -1.871060 -0.445602 0.353606
v -1.818184 -0.436408 0.381850
v -1.861606 -0.421856 0.366381
v -1.789626 -0.411244 0.400704
v -1.752735 -0.427477 0.411743
v -1.894593 -0.402185 0.354137
v -1.846005 -0.316438 0.390297
v -1.928198 -0.410208 0.419333
v -1.980862 -0.364643 0.382671
v -1.946403 -0.442653 0.398586
v -1.890294 -0.431715 0.434071
v -1.941270 -0.473742 0.388440
v -1.983600 -0.452751 0.365058
v -1.843537 -0.449444 0.450254
v -1.899957 -0.461733 0.418930
v -1.791669 -0.463442 0.467477
v -1.837040 -0.475982 0.442263
v -1.876256 -0.489446 0.416098
v -1.908719 -0.503207 0.389315
v -1.794560 -0.500337 0.446250
v -1.822073 -0.514884 0.423189
v -1.844472 -0.529198 0.399380
v -1.723868 -0.522445 0.457595
v -1.742259 -0.537275 0.436387
v -1.630130 -0.541583 0.472668
v -1.615748 -0.526165 0.491876
v -1.701933 -0.507131 0.477714
v -1.764009 -0.486033 0.467788
v -1.599103 -0.510057 0.509765
v -1.679319 -0.491678 0.495755
v -1.735037 -0.473373 0.485438
v -1.583300 -0.493207 0.525447
v -1.660363 -0.476195 0.510391
v -1.648426 -0.460956 0.520720
v -1.569562 -0.457608 0.546048
v -1.571688 -0.475799 0.538023
v -1.470316 -0.472307 0.566992
v -1.476752 -0.491375 0.555721
v -1.487202 -0.509370 0.541562
v -1.367450 -0.505226 0.572367
v -1.361277 -0.486262 0.585429
v -1.238447 -0.478330 0.613716
v -1.358384 -0.465990 0.596030
v -1.241110 -0.498042 0.601435
v -1.109869 -0.487719 0.628017
v -1.244914 -0.516250 0.587358
v -1.110513 -0.506342 0.614520
v -1.248761 -0.533036 0.571615
v -0.973401 -0.493202 0.638336
v -1.111382 -0.523424 0.599353
v -0.971469 -0.510453 0.623445
v -0.826434 -0.510054 0.627150
v -0.830663 -0.494315 0.643540
v -0.969570 -0.526197 0.607090
v -0.967209 -0.540510 0.589183
v -0.822460 -0.524430 0.609087
v -1.111777 -0.538987 0.582738
v -1.251559 -0.548490 0.554633
v -1.111037 -0.553321 0.564784
v -1.108645 -0.566327 0.545610
v -0.964133 -0.553707 0.569822
v -1.252409 -0.562663 0.536439
v -1.250611 -0.575578 0.517350
v -1.245378 -0.587361 0.497386
v -1.103922 -0.578201 0.525229
v -1.388633 -0.581509 0.485483
v -1.389824 -0.568597 0.504589
v -1.521778 -0.571102 0.469878
v -1.517554 -0.557208 0.489062
v -1.387293 -0.554606 0.523227
v -1.509507 -0.542250 0.507679
v -1.381915 -0.539389 0.540875
v -1.498954 -0.526287 0.525392
v -1.374900 -0.522935 0.557400
v -1.640823 -0.556185 0.452783
v -1.755701 -0.551584 0.414830
v -1.646729 -0.569973 0.432654
v -1.763181 -0.565274 0.393459
v -1.646545 -0.582978 0.412717
v -1.521186 -0.584004 0.450455
v -1.639555 -0.595058 0.393596
v -1.514756 -0.595808 0.431125
v -1.382804 -0.593305 0.465936
v -1.373221 -0.603842 0.445726
v -1.237395 -0.597901 0.476431
v -1.097555 -0.588832 0.503525
v -1.227486 -0.607330 0.454056
v -1.360803 -0.613239 0.424524
v -1.089958 -0.598328 0.480082
v -1.216542 -0.615594 0.429939
v -1.081738 -0.606764 0.454483
v -0.944241 -0.594869 0.475278
v -1.073664 -0.613919 0.426410
v -0.938826 -0.602395 0.445920
v -0.799996 -0.594481 0.428124
v -0.802715 -0.587857 0.461538
v -0.933950 -0.608657 0.413576
v -1.066475 -0.620036 0.395537
v -0.929952 -0.613871 0.378132
v -0.797514 -0.599880 0.391431
v -0.665665 -0.583054 0.401283
v -0.795248 -0.603958 0.351264
v -0.663901 -0.587215 0.360399
v -0.535347 -0.568122 0.366212
v -0.531900 -0.570518 0.321517
v -0.661206 -0.589865 0.315876
v -0.526729 -0.571447 0.273604
v -0.657618 -0.591191 0.268110
v -0.793094 -0.606726 0.307423
v -0.791077 -0.608283 0.260307
v -0.925577 -0.620682 0.296225
v -0.927094 -0.617889 0.338983
v -1.057219 -0.628999 0.323920
v -1.060767 -0.625103 0.361546
v -1.187752 -0.633574 0.342435
v -1.195467 -0.628688 0.374564
v -1.183524 -0.637360 0.306734
v -1.308787 -0.639262 0.321262
v -1.303697 -0.642980 0.287988
v -1.183610 -0.640183 0.267232
v -1.304928 -0.645688 0.250558
v -1.311086 -0.647435 0.209511
v -1.418101 -0.648343 0.233485
v -1.415424 -0.645871 0.268248
v -1.515641 -0.646354 0.248494
v -1.421785 -0.642325 0.298580
v -1.523967 -0.643027 0.274962
v -1.434963 -0.637616 0.325246
v -1.541804 -0.638300 0.297694
v -1.318887 -0.634481 0.350918
v -1.564254 -0.632339 0.318226
v -1.452246 -0.631737 0.349224
v -1.332186 -0.628573 0.377712
v -1.587566 -0.624934 0.337569
v -1.470902 -0.624584 0.371193
v -1.346757 -0.621483 0.401997
v -1.488423 -0.616202 0.391826
v -1.626652 -0.606151 0.374866
v -1.503515 -0.606626 0.411755
v -1.608831 -0.616190 0.356303
v -1.720619 -0.613243 0.318096
v -1.741145 -0.602567 0.335398
v -1.845484 -0.595850 0.293894
v -1.755870 -0.590903 0.353590
v -1.861583 -0.583323 0.311669
v -1.763501 -0.578365 0.372905
v -1.869747 -0.570257 0.331282
v -1.942454 -0.570369 0.269083
v -1.949265 -0.556266 0.289661
v -1.869398 -0.556832 0.352746
v -1.860651 -0.543205 0.375753
v -1.949381 -0.542356 0.312525
v -1.943357 -0.529081 0.337048
v -1.930551 -0.516253 0.362751
v -2.002492 -0.510115 0.300732
v -2.010253 -0.523948 0.273344
v -2.062598 -0.502764 0.234274
v -2.011542 -0.538760 0.248316
v -2.065737 -0.518923 0.205957
v -2.060076 -0.536391 0.182059
v -2.112161 -0.496234 0.161988
v -2.106024 -0.516250 0.135537
v -2.140123 -0.493297 0.085919
v -2.147417 -0.469183 0.115343
v -2.107553 -0.478426 0.194591
v -2.146861 -0.371594 0.150145
v -2.051673 -0.488169 0.265472
v -2.093705 -0.463073 0.231095
v -2.034456 -0.475144 0.298410
v -1.988542 -0.497281 0.329470
v -1.968339 -0.485157 0.358767
v -2.011769 -0.463342 0.331772
v -2.168704 -0.371790 0.077172
v -2.102850 -0.361335 0.062683
v -2.089987 -0.537350 0.115443
v -2.122450 -0.518918 0.065457
v -2.065745 -0.558237 0.100690
v -2.096838 -0.543869 0.051640
v -2.033878 -0.578244 0.090176
v -2.064169 -0.566958 0.042573
v -1.993041 -0.596650 0.083260
v -2.023069 -0.587996 0.037098
v -2.083954 -0.556781 -0.007064
v -2.044111 -0.580410 -0.010739
v -2.094431 -0.548896 -0.058698
v -2.056588 -0.574570 -0.059779
v -2.096028 -0.544628 -0.111473
v -2.055512 -0.571436 -0.158941
v -2.089473 -0.545181 -0.163940
v -2.060256 -0.571436 -0.109539
v -2.012718 -0.594152 -0.107369
v -2.006069 -0.596605 -0.059309
v -1.928711 -0.614375 -0.057073
v -1.990777 -0.600837 -0.011650
v -1.915279 -0.617660 -0.010143
v -1.968392 -0.606497 0.034872
v -1.894589 -0.621948 0.035765
v -1.825564 -0.631279 -0.006653
v -1.807544 -0.634515 0.039207
v -1.836537 -0.628464 -0.053625
v -1.720774 -0.640811 -0.001633
v -1.731037 -0.638725 -0.049204
v -1.613063 -0.644834 -0.044126
v -1.604597 -0.646583 0.004503
v -1.615375 -0.643294 -0.093287
v -1.733747 -0.636973 -0.097271
v -1.839733 -0.626476 -0.100999
v -1.933306 -0.612263 -0.104383
v -1.833983 -0.625514 -0.148146
v -1.820284 -0.625356 -0.194289
v -1.728344 -0.635755 -0.145122
v -1.928520 -0.611612 -0.151366
v -1.913932 -0.612233 -0.197403
v -1.995761 -0.595533 -0.201593
v -2.009803 -0.593921 -0.155015
v -1.970410 -0.598393 -0.246682
v -2.021367 -0.578839 -0.253331
v -2.042312 -0.574146 -0.207071
v -2.053710 -0.556531 -0.262688
v -2.075264 -0.549612 -0.214587
v -2.079123 -0.531829 -0.275290
v -2.102360 -0.521712 -0.224955
v -2.024354 -0.564921 -0.308004
v -2.048592 -0.543278 -0.321852
v -1.984400 -0.573755 -0.350630
v -2.009048 -0.554852 -0.365159
v -2.067084 -0.520411 -0.339409
v -2.026676 -0.534933 -0.382966
v -2.038210 -0.514764 -0.404198
v -2.080125 -0.497066 -0.361604
v -2.087092 -0.474511 -0.388851
v -2.086375 -0.454092 -0.421038
v -2.044150 -0.494991 -0.428985
v -1.990316 -0.495252 -0.492318
v -2.043729 -0.476469 -0.457025
v -1.990972 -0.512468 -0.467152
v -1.921689 -0.526461 -0.504177
v -1.985690 -0.530263 -0.444236
v -1.974605 -0.548243 -0.423862
v -1.916571 -0.542916 -0.482633
v -1.905106 -0.559205 -0.462906
v -1.828638 -0.552152 -0.519411
v -1.833704 -0.536549 -0.540175
v -1.731867 -0.543265 -0.574796
v -1.726577 -0.558161 -0.554508
v -1.832022 -0.520682 -0.562043
v -1.723338 -0.511921 -0.616995
v -1.730677 -0.527807 -0.595687
v -1.823828 -0.504708 -0.584625
v -1.920294 -0.510053 -0.527440
v -1.912332 -0.493899 -0.551826
v -1.983358 -0.478780 -0.519125
v -2.022451 -0.443614 -0.518440
v -2.036381 -0.459320 -0.487208
v -1.969529 -0.463165 -0.546761
v -1.947245 -0.447932 -0.574868
v -1.897307 -0.478000 -0.576819
v -2.001187 -0.428948 -0.549793
v -1.969886 -0.414831 -0.581176
v -2.008661 -0.392364 -0.562289
v -2.038905 -0.405654 -0.527453
v -2.075380 -0.331457 -0.493186
v -1.971664 -0.381787 -0.500835
v -1.984633 -0.386176 -0.490905
v -1.936654 -0.401533 -0.518158
v -1.959523 -0.408630 -0.497267
v -2.026635 -0.317594 -0.444226
v -1.975589 -0.422735 -0.472058
v -2.024248 -0.415994 -0.417822
v -2.050196 -0.385937 -0.411692
v -2.054290 -0.376649 -0.408771
v -2.111008 -0.408803 -0.425694
v -2.091381 -0.392655 -0.467763
v -2.077338 -0.435966 -0.456152
v -2.129474 -0.324740 -0.382063
v -1.991430 -0.436337 -0.440426
v -1.936338 -0.435930 -0.492898
v -1.917066 -0.424299 -0.515878
v -1.850934 -0.436517 -0.541038
v -1.871873 -0.448746 -0.519922
v -1.822177 -0.424774 -0.562045
v -1.716235 -0.421094 -0.603293
v -1.786217 -0.413518 -0.582662
v -1.887973 -0.413359 -0.539197
v -1.847224 -0.402465 -0.563390
v -1.743488 -0.402878 -0.602502
v -1.794203 -0.391536 -0.588337
v -1.895350 -0.390329 -0.546530
v -1.839772 -0.379065 -0.574598
v -1.937576 -0.323392 -0.526119
v -1.876280 -0.360253 -0.564046
v -1.970137 -0.328244 -0.591906
v -1.925072 -0.400432 -0.612771
v -1.905024 -0.364993 -0.632025
v -1.826874 -0.288240 -0.661805
v -1.863383 -0.385629 -0.644680
v -1.786305 -0.370759 -0.676252
v -1.805363 -0.287132 -0.590219
v -1.708762 -0.331998 -0.628352
v -1.765552 -0.366072 -0.604698
v -1.728194 -0.333500 -0.700590
v -1.696645 -0.356221 -0.706978
v -1.595700 -0.341825 -0.736487
v -1.642699 -0.187243 -0.729709
v -1.569997 -0.364476 -0.739336
v -1.464086 -0.352054 -0.765053
v -1.447426 -0.375606 -0.763976
v -1.437880 -0.398236 -0.759974
v -1.537951 -0.405463 -0.737264
v -1.549046 -0.385451 -0.740075
v -1.664831 -0.376456 -0.712594
v -1.637571 -0.394408 -0.716181
v -1.617964 -0.410352 -0.716830
v -1.710842 -0.403059 -0.693150
v -1.679496 -0.413371 -0.699331
v -1.705362 -0.425482 -0.687157
v -1.630202 -0.427041 -0.707390
v -1.540276 -0.425088 -0.729619
v -1.649493 -0.444211 -0.694058
v -1.671942 -0.461630 -0.677319
v -1.552244 -0.444253 -0.717932
v -1.734311 -0.439875 -0.671025
v -1.763494 -0.455881 -0.651439
v -1.807001 -0.430795 -0.650133
v -1.844401 -0.446287 -0.626562
v -1.870827 -0.417670 -0.630788
v -1.914754 -0.432822 -0.602990
v -1.874784 -0.462073 -0.601999
v -1.789031 -0.472235 -0.629956
v -1.809415 -0.488503 -0.607526
v -1.693186 -0.478756 -0.658337
v -1.710572 -0.495607 -0.638038
v -1.600741 -0.498972 -0.667745
v -1.585820 -0.481426 -0.686294
v -1.455245 -0.460688 -0.728117
v -1.568691 -0.463089 -0.703161
v -1.467593 -0.479727 -0.712535
v -1.478830 -0.497892 -0.695398
v -1.342006 -0.474670 -0.736881
v -1.334022 -0.454894 -0.751467
v -1.327436 -0.434047 -0.764165
v -1.444318 -0.440675 -0.741514
v -1.437487 -0.419920 -0.752405
v -1.349633 -0.493186 -0.720552
v -1.355709 -0.510618 -0.702850
v -1.487612 -0.515020 -0.676864
v -1.611925 -0.515759 -0.648170
v -1.492609 -0.531120 -0.657498
v -1.618232 -0.531682 -0.627935
v -1.492799 -0.546158 -0.637568
v -1.618954 -0.546832 -0.607624
v -1.613157 -0.561076 -0.587405
v -1.487260 -0.560092 -0.617249
v -1.601431 -0.574321 -0.567294
v -1.476895 -0.572873 -0.596464
v -1.714654 -0.572154 -0.534810
v -1.584845 -0.586229 -0.547011
v -1.564623 -0.596803 -0.526193
v -1.462816 -0.584431 -0.574943
v -1.696662 -0.584973 -0.515713
v -1.797403 -0.581050 -0.481631
v -1.816662 -0.567148 -0.499937
v -1.673377 -0.596328 -0.496828
v -1.542277 -0.605994 -0.504779
v -1.771316 -0.593521 -0.464297
v -1.646286 -0.605996 -0.477894
v -1.520944 -0.613698 -0.482155
v -1.739269 -0.604247 -0.447852
v -1.618431 -0.613968 -0.458796
v -1.504214 -0.620108 -0.457627
v -1.594578 -0.620245 -0.439067
v -1.670397 -0.619036 -0.418962
v -1.703831 -0.612832 -0.432258
v -1.726306 -0.618924 -0.392017
v -1.776765 -0.611006 -0.401948
v -1.820956 -0.600970 -0.414650
v -1.889752 -0.596321 -0.378248
v -1.857779 -0.588745 -0.429091
v -1.838236 -0.608426 -0.367792
v -1.776569 -0.618191 -0.360194
v -1.889953 -0.605088 -0.330241
v -1.820574 -0.616915 -0.324077
v -1.858642 -0.615297 -0.284382
v -1.934347 -0.601698 -0.289679
v -1.947042 -0.590803 -0.339097
v -1.991264 -0.584834 -0.297365
v -1.929537 -0.582049 -0.391020
v -1.885883 -0.574725 -0.445142
v -1.956587 -0.565669 -0.406181
v -1.890180 -0.613585 -0.241998
v -1.771897 -0.625979 -0.281502
v -1.799298 -0.625638 -0.239036
v -1.715542 -0.634979 -0.192075
v -1.696729 -0.634360 -0.237461
v -1.672865 -0.633491 -0.280796
v -1.563462 -0.637729 -0.281817
v -1.645680 -0.632308 -0.321329
v -1.739159 -0.626047 -0.321108
v -1.703501 -0.625593 -0.356716
v -1.670254 -0.624603 -0.385474
v -1.617978 -0.630493 -0.358228
v -1.520566 -0.633033 -0.363147
v -1.504089 -0.629615 -0.398621
v -1.594344 -0.628090 -0.390623
v -1.578301 -0.624929 -0.418211
v -1.640860 -0.623298 -0.407828
v -1.497395 -0.625347 -0.430147
v -1.396249 -0.624033 -0.443270
v -1.400982 -0.618364 -0.474682
v -1.286895 -0.614251 -0.490071
v -1.295483 -0.607270 -0.521059
v -1.412814 -0.611605 -0.502766
v -1.307427 -0.599304 -0.549316
v -1.428793 -0.603816 -0.528539
v -1.320766 -0.590189 -0.575281
v -1.446343 -0.594752 -0.552323
v -1.333650 -0.579830 -0.599500
v -1.198877 -0.572467 -0.620526
v -1.189166 -0.582833 -0.594896
v -1.345083 -0.568372 -0.622250
v -1.207741 -0.560921 -0.644302
v -1.353735 -0.555745 -0.643691
v -1.214847 -0.548238 -0.666499
v -1.358676 -0.541898 -0.664195
v -1.219171 -0.534385 -0.687386
v -1.359098 -0.526861 -0.683942
v -1.072042 -0.537719 -0.685418
v -1.066592 -0.550530 -0.662571
v -0.923272 -0.537230 -0.676602
v -1.060210 -0.562265 -0.637869
v -0.919088 -0.549290 -0.650969
v -0.914873 -0.560147 -0.623104
v -1.053302 -0.572873 -0.610922
v -1.046689 -0.582412 -0.581656
v -1.179449 -0.592170 -0.567137
v -1.041005 -0.590979 -0.549589
v -1.170937 -0.600395 -0.536783
v -1.164884 -0.607690 -0.503472
v -1.037047 -0.598457 -0.514540
v -1.162594 -0.613952 -0.466939
v -1.283611 -0.620327 -0.455807
v -1.400781 -0.628830 -0.408294
v -1.286753 -0.625514 -0.417999
v -1.295214 -0.629883 -0.376919
v -1.412360 -0.632823 -0.369794
v -1.164814 -0.619351 -0.426810
v -1.170642 -0.624012 -0.383460
v -1.178949 -0.627916 -0.337360
v -1.306780 -0.633585 -0.332907
v -1.040790 -0.615258 -0.388880
v -0.907690 -0.603592 -0.392733
v -1.036928 -0.610510 -0.434083
v -1.046325 -0.619280 -0.341003
v -1.052720 -0.622602 -0.290731
v -1.188343 -0.631268 -0.288876
v -0.910711 -0.607500 -0.343381
v -0.774083 -0.592832 -0.344057
v -0.914397 -0.610739 -0.291630
v -0.918247 -0.613460 -0.238069
v -0.775217 -0.595770 -0.291225
v -0.636795 -0.577630 -0.289360
v -0.638238 -0.575094 -0.342875
v -0.776516 -0.598188 -0.236583
v -0.777981 -0.600165 -0.180634
v -0.635617 -0.579633 -0.234038
v -0.634917 -0.581239 -0.177318
v -0.634917 -0.582668 -0.119813
v -0.779532 -0.601885 -0.123681
v -0.924914 -0.617530 -0.127280
v -0.781080 -0.603526 -0.066325
v -0.927054 -0.619232 -0.070943
v -0.782626 -0.605165 -0.009069
v -1.072363 -0.631307 -0.075551
v -1.069653 -0.629642 -0.130572
v -0.928050 -0.620745 -0.014669
v -1.072617 -0.632806 -0.020557
v -1.215004 -0.641285 -0.026592
v -1.070999 -0.634037 0.034097
v -1.211719 -0.642455 0.026509
v -1.206334 -0.643285 0.078677
v -1.340611 -0.648281 0.069456
v -1.068082 -0.634892 0.087696
v -1.348554 -0.647376 0.018918
v -1.479986 -0.648766 0.011470
v -1.353591 -0.646163 -0.032630
v -1.486748 -0.647333 -0.038521
v -1.354523 -0.644660 -0.084655
v -1.488426 -0.645849 -0.089067
v -1.350687 -0.643079 -0.136545
v -1.484029 -0.644312 -0.139340
v -1.610425 -0.641884 -0.142147
v -1.474584 -0.642756 -0.188970
v -1.599352 -0.640713 -0.190340
v -1.461291 -0.641011 -0.237386
v -1.583227 -0.639365 -0.237084
v -1.445245 -0.638838 -0.283911
v -1.319715 -0.636601 -0.286515
v -1.428164 -0.636163 -0.328194
v -1.541566 -0.635677 -0.324078
v -1.197680 -0.633957 -0.238470
v -1.332233 -0.639200 -0.237899
v -1.342890 -0.641311 -0.187817
v -1.205876 -0.636231 -0.186522
v -1.064984 -0.627659 -0.185029
v -1.059171 -0.625334 -0.238545
v -1.212124 -0.638197 -0.133610
v -1.215300 -0.639836 -0.080102
v -0.921844 -0.615624 -0.183085
v -1.469300 -0.649865 0.060378
v -1.591105 -0.648076 0.052081
v -1.455873 -0.650520 0.107675
v -1.573679 -0.649302 0.097774
v -1.682830 -0.644916 0.089399
v -1.554155 -0.649780 0.141044
v -1.657830 -0.646199 0.131302
v -1.535258 -0.649607 0.181010
v -1.717523 -0.641797 0.162251
v -1.751242 -0.639928 0.124620
v -1.632235 -0.646830 0.169536
v -1.782046 -0.637485 0.083183
v -1.868060 -0.626723 0.079925
v -1.833113 -0.631094 0.121831
v -1.704327 -0.643001 0.044809
v -1.900580 -0.619505 0.122920
v -1.790567 -0.634632 0.160470
v -1.793023 -0.630363 0.201338
v -1.741946 -0.637449 0.195295
v -1.853012 -0.625606 0.163438
v -1.838538 -0.621501 0.210583
v -1.903835 -0.614203 0.169996
v -1.877541 -0.610796 0.221961
v -1.941950 -0.600668 0.179568
v -1.953490 -0.605539 0.127583
v -1.993126 -0.589633 0.135772
v -1.938494 -0.612911 0.079886
v -2.023321 -0.572374 0.147363
v -2.045605 -0.554444 0.162598
v -1.971036 -0.585886 0.192130
v -1.907715 -0.598328 0.235334
v -1.928839 -0.584597 0.250995
v -1.992061 -0.570252 0.207542
v -2.005530 -0.554335 0.226277
v -1.822207 -0.607531 0.277745
v -1.792688 -0.617939 0.262804
v -1.695258 -0.622681 0.301361
v -1.758517 -0.626912 0.248932
v -1.721691 -0.634238 0.236277
v -1.666733 -0.630612 0.284854
v -1.637771 -0.637058 0.268197
v -1.613091 -0.641902 0.250558
v -1.595726 -0.645203 0.231351
v -1.657568 -0.642855 0.216855
v -1.687626 -0.639468 0.225699
v -1.685810 -0.642692 0.192845
v -1.610322 -0.646482 0.203187
v -1.520689 -0.648561 0.217173
v -1.427630 -0.649913 0.194849
v -1.320388 -0.648419 0.165292
v -1.441184 -0.650575 0.152720
v -1.330819 -0.648606 0.118459
v -1.199806 -0.643518 0.129292
v -1.064434 -0.635179 0.139829
v -1.193040 -0.643181 0.177926
v -1.060845 -0.634852 0.189975
v -1.187208 -0.642081 0.224052
v -1.057898 -0.633811 0.237818
v -0.925251 -0.622552 0.250054
v -1.056464 -0.631900 0.282639
v -0.925609 -0.623411 0.200987
v -0.926508 -0.623569 0.149521
v -0.789249 -0.608907 0.210307
v -0.653587 -0.591408 0.217482
v -0.649268 -0.590783 0.164581
v -0.787552 -0.608798 0.157820
v -0.645106 -0.589528 0.109691
v -0.785902 -0.607990 0.103448
v -0.927368 -0.623128 0.096069
v -0.784242 -0.606687 0.047688
v -0.641243 -0.587818 0.053303
v -0.928006 -0.622133 0.041237
v -0.638059 -0.586067 -0.004004
v -0.635962 -0.584224 -0.061840
v -0.500550 -0.565659 0.058235
v -0.506518 -0.567866 0.114751
v -0.371913 -0.543291 0.119072
v -0.363620 -0.540444 0.062638
v -0.513320 -0.569809 0.169750
v -0.381361 -0.546002 0.173877
v -0.520268 -0.571035 0.222861
v -0.400277 -0.549317 0.277033
v -0.391177 -0.548141 0.226683
v -0.268099 -0.523097 0.229290
v -0.254976 -0.519760 0.177207
v -0.135813 -0.491205 0.180092
v -0.242636 -0.515961 0.122812
v -0.025162 -0.460704 0.183286
v -0.152585 -0.496040 0.231133
v -0.046243 -0.467388 0.233158
v -0.280176 -0.525333 0.278728
v -0.168498 -0.499734 0.279125
v -0.083420 -0.476544 0.321441
v -0.066768 -0.473045 0.279269
v -0.180882 -0.501420 0.323865
v -0.289693 -0.525877 0.325279
v -0.407369 -0.549082 0.324573
v -0.411469 -0.547029 0.368941
v -0.294635 -0.524207 0.368513
v -0.293901 -0.519765 0.408374
v -0.186984 -0.500336 0.365250
v -0.411793 -0.542725 0.409770
v -0.536401 -0.563897 0.407418
v -0.409081 -0.536335 0.447334
v -0.288766 -0.512903 0.445019
v -0.176627 -0.488072 0.438204
v -0.404522 -0.528317 0.481790
v -0.281017 -0.503995 0.478886
v -0.165016 -0.477990 0.470609
v -0.399255 -0.518780 0.513502
v -0.272437 -0.493409 0.510118
v -0.152577 -0.466153 0.500981
v -0.264748 -0.481711 0.539251
v -0.394543 -0.507991 0.542728
v -0.141629 -0.453122 0.529539
v -0.391237 -0.496187 0.569638
v -0.259175 -0.468986 0.566248
v -0.133660 -0.439310 0.556531
v -0.390086 -0.483620 0.594305
v -0.256613 -0.455739 0.591373
v -0.129743 -0.425100 0.582019
v -0.258111 -0.442179 0.614789
v -0.392160 -0.470591 0.617192
v -0.130865 -0.410978 0.606061
v -0.397754 -0.457053 0.638191
v -0.264419 -0.428553 0.636571
v -0.137777 -0.397195 0.628730
v -0.406556 -0.442963 0.657312
v -0.274883 -0.414596 0.656542
v -0.149828 -0.383484 0.649950
v -0.288262 -0.400135 0.674742
v -0.417600 -0.427928 0.674692
v -0.165764 -0.369662 0.669263
v -0.430142 -0.411783 0.690056
v -0.303788 -0.384826 0.690902
v -0.184521 -0.355434 0.686505
v -0.443215 -0.394134 0.703542
v -0.320177 -0.368229 0.704968
v -0.204810 -0.340352 0.701424
v -0.335844 -0.349947 0.716796
v -0.224202 -0.323790 0.713904
v -0.466572 -0.352898 0.724539
v -0.348974 -0.329353 0.726452
v -0.455759 -0.374688 0.715087
v -0.581868 -0.397692 0.708644
v -0.590776 -0.375377 0.718062
v -0.598132 -0.350516 0.725687
v -0.474613 -0.328565 0.732031
v -0.719464 -0.396121 0.707200
v -0.726199 -0.371176 0.714845
v -0.850686 -0.414977 0.691911
v -0.712332 -0.418798 0.697722
v -0.845162 -0.437586 0.682390
v -0.704832 -0.439386 0.686507
v -0.571984 -0.417920 0.697404
v -0.561856 -0.436218 0.684319
v -0.552146 -0.452939 0.669360
v -0.697405 -0.458092 0.673635
v -0.690283 -0.475147 0.658895
v -0.835128 -0.477120 0.658158
v -0.975557 -0.474409 0.651459
v -0.839907 -0.458282 0.671208
v -0.978419 -0.453908 0.662904
v -1.110240 -0.467429 0.639727
v -1.112241 -0.445557 0.649529
v -0.982349 -0.431457 0.672466
v -0.987660 -0.407099 0.680237
v -0.856744 -0.390228 0.699570
v -0.994531 -0.380711 0.686012
v -0.863211 -0.363178 0.705474
v -0.870049 -0.334202 0.709815
v -1.002884 -0.352405 0.690094
v -0.732115 -0.343845 0.720672
v -0.603325 -0.323113 0.731436
v -0.737460 -0.314374 0.725067
v -0.607002 -0.293349 0.735686
v -0.742576 -0.282986 0.728117
v -0.877292 -0.303486 0.712788
v -0.884880 -0.271230 0.714789
v -1.012279 -0.322533 0.692884
v -1.022223 -0.291176 0.694496
v -1.145514 -0.340088 0.668765
v -1.158049 -0.309859 0.669774
v -1.057206 -0.154996 0.697246
v -1.170682 -0.278412 0.670112
v -1.290651 -0.327290 0.641273
v -1.316774 -0.123574 0.644778
v -1.436378 -0.314677 0.607655
v -1.302746 -0.120454 0.570699
v -1.419968 -0.311763 0.534239
v -1.402689 -0.339069 0.535839
v -1.521607 -0.353992 0.501783
v -1.555466 -0.238745 0.495231
v -1.573779 -0.241620 0.568093
v -1.418334 -0.343561 0.609337
v -1.539579 -0.358562 0.574713
v -1.677415 -0.346646 0.532694
v -1.654267 -0.346295 0.461405
v -1.632412 -0.368472 0.465765
v -1.733152 -0.380921 0.428482
v -1.706340 -0.302360 0.427519
v -1.732140 -0.301081 0.497575
v -1.756989 -0.385793 0.499237
v -1.652915 -0.372533 0.537836
v -1.626585 -0.396424 0.542880
v -1.517514 -0.384187 0.577591
v -1.399927 -0.370845 0.610469
v -1.496889 -0.408189 0.579268
v -1.601361 -0.418477 0.546938
v -1.382904 -0.396790 0.610495
v -1.261318 -0.383687 0.639777
v -1.249713 -0.409796 0.636744
v -1.369145 -0.421259 0.608464
v -1.480354 -0.430852 0.578663
v -1.360567 -0.444302 0.603822
v -1.241750 -0.434276 0.631547
v -1.116633 -0.421797 0.657310
v -1.238324 -0.457069 0.623863
v -1.124130 -0.396216 0.662848
v -1.133951 -0.368946 0.666561
v -1.470915 -0.452139 0.574790
v -1.580648 -0.438665 0.548515
v -1.694689 -0.428110 0.514238
v -1.667770 -0.445624 0.519160
v -1.740195 -0.452179 0.491631
v -1.775632 -0.438122 0.481879
v -1.709005 -0.462609 0.499453
v -1.814120 -0.419816 0.470646
v -1.725929 -0.408131 0.507056
v -1.871543 -0.323294 0.460054
v -1.275406 -0.356232 0.641073
v -1.704374 -0.400432 0.435807
v -1.674100 -0.418806 0.443003
v -1.582862 -0.409733 0.474829
v -1.607417 -0.389241 0.470750
v -1.480347 -0.399761 0.506496
v -1.500511 -0.377374 0.504690
v -1.368405 -0.388575 0.537159
v -1.384885 -0.364352 0.537105
v -1.262200 -0.349897 0.567252
v -1.248573 -0.375736 0.566084
v -1.113606 -0.386282 0.589143
v -1.123055 -0.361242 0.592410
v -1.237423 -0.399509 0.563397
v -1.355104 -0.410710 0.535574
v -1.464463 -0.420057 0.506232
v -1.455567 -0.438190 0.503223
v -1.347094 -0.430774 0.531691
v -1.230028 -0.421010 0.558960
v -1.106788 -0.408955 0.584260
v -1.227197 -0.440286 0.552449
v -1.345383 -0.448784 0.525181
v -1.455529 -0.454578 0.496806
v -1.348833 -0.465199 0.516363
v -1.227975 -0.457674 0.544083
v -1.101656 -0.447284 0.569527
v -1.102991 -0.429197 0.577651
v -1.231197 -0.473452 0.534086
v -1.235671 -0.487723 0.522792
v -1.355369 -0.480262 0.505691
v -1.102025 -0.463517 0.560000
v -0.969888 -0.450587 0.583071
v -1.103525 -0.478086 0.549383
v -0.968685 -0.465310 0.572726
v -0.832860 -0.449386 0.592274
v -0.967824 -0.478490 0.561310
v -0.829480 -0.462601 0.581128
v -0.691861 -0.443638 0.596301
v -0.697700 -0.430594 0.607573
v -0.826376 -0.474547 0.568606
v -0.966853 -0.490473 0.548826
v -0.965594 -0.501460 0.535075
v -0.686611 -0.455460 0.583742
v -0.823493 -0.485511 0.554801
v -0.963481 -0.511720 0.519965
v -0.682213 -0.466472 0.569778
v -0.820781 -0.495858 0.539505
v -0.818131 -0.505517 0.522824
v -0.960294 -0.521110 0.503706
v -0.678787 -0.476830 0.554202
v -0.539124 -0.454735 0.563607
v -0.543140 -0.444206 0.579571
v -0.676659 -0.486667 0.537002
v -0.815711 -0.514277 0.504658
v -0.537434 -0.464856 0.545987
v -0.675703 -0.495821 0.518284
v -0.813426 -0.522235 0.484708
v -0.537845 -0.474420 0.526720
v -0.675388 -0.504183 0.497667
v -0.811259 -0.529376 0.462373
v -0.539530 -0.483366 0.505532
v -0.675614 -0.511844 0.474651
v -0.809132 -0.535884 0.437351
v -0.542067 -0.491654 0.481934
v -0.675849 -0.518692 0.448853
v -0.807183 -0.541448 0.409045
v -0.544812 -0.499101 0.455650
v -0.675867 -0.524658 0.419782
v -0.805206 -0.546091 0.377161
v -0.675333 -0.529599 0.387049
v -0.547006 -0.505447 0.426207
v -0.548031 -0.510686 0.393222
v -0.422686 -0.484221 0.428251
v -0.417964 -0.477260 0.457581
v -0.297177 -0.453514 0.454486
v -0.412571 -0.469042 0.483960
v -0.288601 -0.444413 0.480576
v -0.171996 -0.417926 0.471328
v -0.280853 -0.434479 0.504363
v -0.161322 -0.406796 0.494827
v -0.050270 -0.377343 0.478992
v -0.153347 -0.395025 0.516865
v -0.040264 -0.364243 0.500921
v 0.062625 -0.331689 0.478429
v -0.034820 -0.351322 0.522015
v 0.069070 -0.317478 0.499885
v 0.160931 -0.268110 0.493017
v 0.161125 -0.282053 0.470855
v 0.068863 -0.304416 0.521124
v -0.035227 -0.339025 0.542429
v 0.061556 -0.292796 0.542025
v -0.041844 -0.327743 0.561941
v 0.047864 -0.282628 0.562310
v 0.153113 -0.256276 0.515511
v 0.215679 -0.208628 0.507573
v 0.138005 -0.246408 0.537950
v 0.231919 -0.218137 0.482473
v 0.281725 -0.168982 0.471911
v 0.299332 -0.178055 0.443358
v 0.308454 -0.190683 0.416278
v 0.240345 -0.230279 0.457987
v 0.240611 -0.245207 0.434901
v 0.232692 -0.262457 0.413027
v 0.308737 -0.207029 0.391756
v 0.366626 -0.148987 0.367836
v 0.367066 -0.167214 0.341470
v 0.300307 -0.226288 0.369716
v 0.357886 -0.189359 0.319337
v 0.283554 -0.247964 0.349783
v 0.339633 -0.214660 0.300470
v 0.406555 -0.151575 0.262022
v 0.416653 -0.125475 0.284181
v 0.386414 -0.181634 0.244583
v 0.356756 -0.213780 0.230525
v 0.424561 -0.149736 0.182720
v 0.392424 -0.187674 0.171147
v 0.453523 -0.121727 0.115695
v 0.446918 -0.113581 0.197973
v 0.479214 -0.076419 0.127272
v 0.501953 -0.044600 0.053263
v 0.458527 -0.081775 0.219419
v 0.493965 -0.035090 0.142842
v 0.540823 -0.097750 0.138280
v 0.556964 -0.050211 0.161351
v 0.564221 -0.066014 0.057483
v 0.532793 -0.125636 0.048785
v 0.511503 -0.030302 -0.027465
v 0.480336 -0.091566 -0.028190
v 0.476430 -0.096255 -0.101571
v 0.506321 -0.039208 -0.108594
v 0.488347 -0.064163 -0.186687
v 0.461398 -0.112380 -0.173454
v 0.426358 -0.156974 -0.166462
v 0.436109 -0.136028 -0.242113
v 0.422361 -0.132317 -0.323265
v 0.370933 -0.197361 -0.293436
v 0.403274 -0.175048 -0.231917
v 0.401353 -0.163894 -0.306443
v 0.376942 -0.166299 -0.383648
v 0.357622 -0.193269 -0.365160
v 0.278605 -0.248094 -0.400998
v 0.304416 -0.223442 -0.418160
v 0.329523 -0.221879 -0.349964
v 0.292663 -0.251243 -0.337335
v 0.331217 -0.231132 -0.283101
v 0.281324 -0.264986 -0.275258
v 0.246198 -0.280954 -0.327389
v 0.361064 -0.213547 -0.224173
v 0.308705 -0.251235 -0.218497
v 0.382338 -0.199752 -0.161580
v 0.328218 -0.240652 -0.158136
v 0.394538 -0.191184 -0.096473
v 0.439778 -0.145312 -0.098441
v 0.397445 -0.189417 -0.029899
v 0.443093 -0.142420 -0.028924
v 0.390974 -0.195294 0.036318
v 0.436031 -0.149662 0.040343
v 0.375224 -0.207779 0.100504
v 0.418969 -0.165581 0.107408
v 0.472439 -0.100977 0.044902
v 0.350658 -0.225366 0.161611
v 0.298719 -0.262524 0.153402
v 0.321386 -0.248350 0.094457
v 0.235311 -0.299037 0.146387
v 0.256217 -0.287463 0.089128
v 0.269904 -0.279149 0.028981
v 0.336006 -0.238217 0.032581
v 0.342060 -0.233348 -0.031271
v 0.273310 -0.275361 -0.095216
v 0.275724 -0.274846 -0.032991
v 0.339417 -0.234320 -0.095316
v 0.262815 -0.280127 -0.156176
v 0.245067 -0.288210 -0.214823
v 0.169089 -0.324128 -0.213172
v 0.185128 -0.318112 -0.155726
v 0.194534 -0.314688 -0.096032
v 0.080358 -0.359019 -0.213356
v 0.094320 -0.354755 -0.156614
v 0.102678 -0.352331 -0.097674
v -0.008534 -0.389597 -0.158496
v -0.020336 -0.392292 -0.214937
v -0.131251 -0.423767 -0.217663
v -0.035671 -0.395797 -0.268597
v -0.143388 -0.425659 -0.271792
v -0.260001 -0.453580 -0.275589
v -0.156972 -0.427238 -0.322752
v -0.269895 -0.453702 -0.327409
v -0.390749 -0.478398 -0.331845
v -0.279040 -0.453037 -0.375885
v -0.396858 -0.476544 -0.381006
v -0.521322 -0.498331 -0.384870
v -0.285816 -0.450851 -0.420453
v -0.401265 -0.473601 -0.426588
v -0.523789 -0.494678 -0.430780
v -0.650442 -0.517899 -0.387108
v -0.402889 -0.469029 -0.467949
v -0.524652 -0.489845 -0.472613
v -0.651237 -0.513874 -0.432762
v -0.782268 -0.535015 -0.387260
v -0.651558 -0.508768 -0.474372
v -0.781134 -0.525542 -0.473251
v -0.781516 -0.530703 -0.432262
v -0.912570 -0.544941 -0.429117
v -1.042233 -0.556369 -0.423559
v -0.914830 -0.549352 -0.385160
v -1.046185 -0.560837 -0.381153
v -0.911601 -0.539724 -0.468886
v -1.040517 -0.551312 -0.461811
v -1.167643 -0.554739 -0.484501
v -1.041716 -0.545473 -0.495922
v -1.165839 -0.560250 -0.452366
v -1.285025 -0.566548 -0.441080
v -1.288496 -0.571204 -0.407171
v -1.168305 -0.565223 -0.416035
v -1.174204 -0.569513 -0.375680
v -1.051647 -0.564718 -0.335373
v -1.296943 -0.575304 -0.369085
v -1.182538 -0.573260 -0.331678
v -1.057984 -0.567910 -0.286697
v -1.308434 -0.578863 -0.327269
v -1.191773 -0.576498 -0.284788
v -1.064414 -0.570701 -0.235713
v -1.321213 -0.581766 -0.282371
v -1.200980 -0.579174 -0.235479
v -1.209153 -0.581427 -0.184330
v -1.070194 -0.572919 -0.182894
v -1.333486 -0.584277 -0.234947
v -1.460319 -0.586073 -0.234270
v -1.444612 -0.583968 -0.279807
v -1.344027 -0.586388 -0.185462
v -1.215282 -0.583312 -0.131713
v -1.473490 -0.587813 -0.186651
v -1.351813 -0.588147 -0.134589
v -1.218451 -0.584947 -0.078406
v -1.482730 -0.589393 -0.137317
v -1.355547 -0.589740 -0.082798
v -1.218152 -0.586393 -0.024995
v -1.487011 -0.590854 -0.087138
v -1.354597 -0.591149 -0.030969
v -1.214955 -0.587538 0.027704
v -1.485538 -0.592390 -0.036800
v -1.349661 -0.592426 0.020174
v -1.209649 -0.588335 0.079170
v -1.478966 -0.593786 0.012886
v -1.341898 -0.593284 0.070108
v -1.203106 -0.588631 0.128783
v -1.468460 -0.594839 0.061191
v -1.332190 -0.593658 0.118106
v -1.321915 -0.593403 0.163435
v -1.196397 -0.588241 0.175916
v -1.455217 -0.595526 0.107481
v -1.570693 -0.594304 0.097546
v -1.587752 -0.593164 0.052861
v -1.440694 -0.595599 0.150919
v -1.551436 -0.594786 0.139307
v -1.312581 -0.592544 0.205550
v -1.427292 -0.594942 0.190943
v -1.306158 -0.590842 0.243702
v -1.417511 -0.593508 0.226680
v -1.532694 -0.594621 0.177267
v -1.518167 -0.593662 0.210425
v -1.627349 -0.591923 0.165556
v -1.652589 -0.591313 0.129233
v -1.709807 -0.587109 0.157045
v -1.677113 -0.589968 0.088946
v -1.742883 -0.585314 0.121631
v -1.772827 -0.582883 0.082219
v -1.853964 -0.572840 0.077780
v -1.879341 -0.568203 0.035351
v -1.797264 -0.580028 0.039672
v -1.698150 -0.588161 0.045567
v -1.714129 -0.586071 0.000036
v -1.814717 -0.576907 -0.005274
v -1.899163 -0.564072 -0.009836
v -1.825306 -0.574163 -0.051837
v -1.723990 -0.583965 -0.047223
v -1.828412 -0.572198 -0.098909
v -1.609234 -0.589938 -0.042232
v -1.600957 -0.591648 0.006094
v -1.726506 -0.582246 -0.095184
v -1.611435 -0.588327 -0.091288
v -1.721208 -0.581017 -0.142838
v -1.606600 -0.586994 -0.140053
v -1.708813 -0.580190 -0.189401
v -1.809781 -0.570981 -0.191219
v -1.823068 -0.571184 -0.145666
v -1.912657 -0.558043 -0.149065
v -1.916930 -0.558753 -0.102770
v -1.982207 -0.543476 -0.151561
v -1.912216 -0.560863 -0.056157
v -1.985054 -0.543647 -0.106314
v -1.979597 -0.545590 -0.059975
v -2.019204 -0.527129 -0.107462
v -2.014293 -0.527444 -0.153263
v -2.017701 -0.529022 -0.060633
v -2.039422 -0.507893 -0.156381
v -2.045870 -0.507167 -0.107210
v -2.027082 -0.511337 -0.202954
v -1.986069 -0.532697 -0.240162
v -2.008923 -0.516590 -0.246505
v -2.003113 -0.529504 -0.197432
v -2.028798 -0.496991 -0.257179
v -2.048497 -0.489001 -0.211901
v -2.003358 -0.505812 -0.298213
v -1.952142 -0.528963 -0.325171
v -1.970708 -0.514657 -0.336142
v -1.984709 -0.522782 -0.286907
v -1.984717 -0.498384 -0.351238
v -1.940969 -0.509022 -0.386597
v -1.926589 -0.523048 -0.372435
v -1.889683 -0.504317 -0.438268
v -1.863785 -0.530338 -0.408273
v -1.880071 -0.518040 -0.421731
v -1.780980 -0.535828 -0.443300
v -1.798057 -0.524764 -0.457113
v -1.808491 -0.512302 -0.472904
v -1.715429 -0.505146 -0.524234
v -1.812688 -0.499105 -0.490702
v -1.710970 -0.517447 -0.507307
v -1.601704 -0.519721 -0.540104
v -1.591296 -0.530366 -0.524068
v -1.700467 -0.528825 -0.491586
v -1.576175 -0.540005 -0.508173
v -1.684307 -0.539136 -0.476880
v -1.557436 -0.548481 -0.492046
v -1.662979 -0.548223 -0.462897
v -1.727702 -0.554138 -0.420042
v -1.757294 -0.545676 -0.431271
v -1.637803 -0.555993 -0.448873
v -1.611532 -0.562492 -0.434285
v -1.536615 -0.555839 -0.475333
v -1.694448 -0.561241 -0.409275
v -1.662862 -0.566308 -0.400105
v -1.765016 -0.558968 -0.381789
v -1.806058 -0.550665 -0.389343
v -1.839397 -0.541155 -0.397950
v -1.871117 -0.545948 -0.356336
v -1.824209 -0.555993 -0.351362
v -1.873705 -0.552539 -0.317047
v -1.923585 -0.541096 -0.319868
v -1.905039 -0.535238 -0.362428
v -1.961602 -0.536644 -0.280800
v -1.915622 -0.549271 -0.279120
v -1.808716 -0.563215 -0.314481
v -1.845703 -0.561516 -0.277055
v -1.876282 -0.559803 -0.236646
v -1.948197 -0.546628 -0.238143
v -1.898978 -0.558467 -0.193922
v -1.970180 -0.544588 -0.195281
v -1.762780 -0.571648 -0.275870
v -1.789433 -0.571287 -0.234884
v -1.690430 -0.579619 -0.234000
v -1.579928 -0.584425 -0.233903
v -1.595737 -0.585801 -0.187851
v -1.667209 -0.578779 -0.276053
v -1.560517 -0.582949 -0.277549
v -1.538965 -0.580892 -0.318118
v -1.640579 -0.577651 -0.314901
v -1.730997 -0.571714 -0.313602
v -1.696222 -0.571372 -0.346936
v -1.613371 -0.576091 -0.349819
v -1.766018 -0.564648 -0.347736
v -1.717106 -0.565726 -0.376204
v -1.663603 -0.570732 -0.372918
v -1.590137 -0.573889 -0.379530
v -1.634936 -0.569761 -0.392499
v -1.574282 -0.571278 -0.402933
v -1.495093 -0.571698 -0.415018
v -1.501159 -0.567360 -0.437596
v -1.589210 -0.567583 -0.418972
v -1.516567 -0.562115 -0.457312
v -1.399826 -0.565496 -0.454902
v -1.410742 -0.559928 -0.478286
v -1.295607 -0.555429 -0.496837
v -1.306572 -0.548855 -0.520097
v -1.425645 -0.553547 -0.499061
v -1.441953 -0.546179 -0.518148
v -1.318774 -0.541426 -0.541169
v -1.457241 -0.537913 -0.535984
v -1.330685 -0.533179 -0.560612
v -1.341072 -0.524026 -0.578686
v -1.470170 -0.528670 -0.553028
v -1.348893 -0.513842 -0.595763
v -1.479503 -0.518360 -0.569543
v -1.484243 -0.507125 -0.585905
v -1.606487 -0.508117 -0.556458
v -1.605274 -0.495784 -0.573325
v -1.598688 -0.482739 -0.590122
v -1.483469 -0.494926 -0.602187
v -1.352794 -0.490606 -0.628209
v -1.353037 -0.502697 -0.612210
v -1.478039 -0.482003 -0.618019
v -1.348889 -0.477646 -0.643483
v -1.342332 -0.463756 -0.657858
v -1.468945 -0.468208 -0.633226
v -1.334326 -0.448848 -0.671166
v -1.205233 -0.440960 -0.692540
v -1.200392 -0.424619 -0.703899
v -1.325992 -0.432935 -0.683238
v -1.196977 -0.406820 -0.713961
v -1.196012 -0.387599 -0.722355
v -1.069414 -0.395165 -0.731580
v -1.070036 -0.413292 -0.721948
v -0.938574 -0.380830 -0.746137
v -1.070560 -0.375166 -0.739814
v -1.198775 -0.366671 -0.728909
v -0.941586 -0.360453 -0.754314
v -0.946115 -0.337883 -0.760977
v -1.074381 -0.353252 -0.746474
v -1.081252 -0.329190 -0.751364
v -1.206231 -0.343712 -0.733444
v -1.217456 -0.318673 -0.736231
v -1.231113 -0.292757 -0.737463
v -1.090732 -0.302767 -0.754668
v -1.101734 -0.275511 -0.756591
v -1.143745 -0.063398 -0.753724
v -0.969320 -0.257026 -0.771900
v -0.960439 -0.285511 -0.769666
v -0.978895 -0.226366 -0.773298
v -0.828711 -0.266865 -0.780687
v -0.835541 -0.237599 -0.783144
v -0.840401 -0.098662 -0.781774
v -0.984723 -0.226148 -0.848611
v -0.708627 -0.183738 -0.866563
v -0.706643 -0.183914 -0.791058
v -0.843927 -0.097977 -0.857211
v -0.838739 -0.238696 -0.858515
v -0.703317 -0.217746 -0.865170
v -0.567337 -0.229232 -0.864823
v -0.570066 -0.196330 -0.866971
v -0.698128 -0.250402 -0.862646
v -0.831437 -0.270771 -0.855916
v -0.692804 -0.281301 -0.858673
v -0.563568 -0.260427 -0.861201
v -0.438992 -0.238874 -0.859241
v -0.558378 -0.289348 -0.855680
v -0.686911 -0.310244 -0.853032
v -0.818068 -0.329766 -0.846121
v -0.812144 -0.356226 -0.838415
v -0.680309 -0.336899 -0.845313
v -0.806860 -0.380639 -0.828775
v -0.802043 -0.403214 -0.817301
v -0.797611 -0.424056 -0.803892
v -0.793688 -0.443325 -0.788657
v -0.949757 -0.347509 -0.835076
v -0.824521 -0.301190 -0.851886
v -0.956704 -0.319495 -0.840769
v -0.965161 -0.289844 -0.844663
v -1.108919 -0.277460 -0.831597
v -0.974520 -0.258635 -0.847241
v -1.151344 -0.063460 -0.828794
v -0.440671 -0.207834 -0.862408
v -0.440651 -0.174737 -0.863973
v -0.320218 -0.186612 -0.855369
v -0.316810 -0.153705 -0.855943
v -0.211914 -0.196378 -0.842350
v -0.207615 -0.166317 -0.843671
v -0.200149 -0.133803 -0.842940
v -0.113775 -0.176923 -0.828180
v -0.104510 -0.147864 -0.827785
v -0.028419 -0.160487 -0.811345
v -0.012087 -0.132422 -0.808174
v -0.038873 -0.184096 -0.811235
v 0.018969 -0.169321 -0.797521
v 0.042978 -0.148234 -0.792508
v 0.097049 -0.147782 -0.773557
v 0.146207 -0.151043 -0.751136
v 0.049035 -0.175394 -0.786417
v 0.082780 -0.183167 -0.770950
v -0.019757 -0.199144 -0.802669
v 0.005944 -0.212796 -0.789579
v 0.035291 -0.225850 -0.772668
v 0.118946 -0.192826 -0.750559
v 0.190038 -0.157486 -0.725644
v -0.312766 -0.119111 -0.855255
v -0.446279 -0.071373 -0.862724
v -0.573983 -0.162327 -0.792471
v -0.449528 -0.072651 -0.787193
v -0.572580 -0.161856 -0.867974
v -0.702043 -0.216628 -0.789652
v -0.697423 -0.247098 -0.787289
v -0.692434 -0.275658 -0.783666
v -0.822147 -0.295036 -0.776910
v -0.687158 -0.301484 -0.778565
v -0.816322 -0.320583 -0.771787
v -0.681481 -0.324502 -0.771981
v -0.554501 -0.303823 -0.774578
v -0.546901 -0.323997 -0.766467
v -0.811140 -0.343524 -0.765214
v -0.675363 -0.345085 -0.763822
v -0.806644 -0.364129 -0.757101
v -0.669248 -0.363523 -0.754308
v -0.802658 -0.382599 -0.747648
v -0.936820 -0.399320 -0.736647
v -0.935842 -0.416091 -0.725835
v -1.071776 -0.429922 -0.710909
v -0.935272 -0.431378 -0.713796
v -1.073851 -0.445262 -0.698646
v -0.934757 -0.445512 -0.700429
v -1.210116 -0.456061 -0.679850
v -1.075556 -0.459330 -0.685139
v -0.933919 -0.458646 -0.685626
v -1.214146 -0.470053 -0.666006
v -1.076326 -0.472396 -0.670380
v -1.216430 -0.483071 -0.651088
v -1.075368 -0.484580 -0.654449
v -0.932373 -0.470928 -0.669480
v -1.216178 -0.495236 -0.635177
v -1.072371 -0.495840 -0.637336
v -1.206353 -0.516531 -0.600812
v -0.929923 -0.482387 -0.651988
v -1.212536 -0.506311 -0.618442
v -1.067731 -0.506114 -0.619051
v -1.062080 -0.515498 -0.599214
v -0.926851 -0.492890 -0.633153
v -0.785218 -0.476729 -0.642756
v -0.786921 -0.465966 -0.662146
v -0.923379 -0.502505 -0.612583
v -0.919842 -0.511373 -0.589890
v -1.056049 -0.524087 -0.577445
v -0.783852 -0.486765 -0.621555
v -0.645340 -0.468365 -0.625886
v -0.646623 -0.478075 -0.601850
v -0.782832 -0.496084 -0.598145
v -0.781966 -0.504644 -0.571917
v -0.916566 -0.519549 -0.564586
v -0.781357 -0.512433 -0.542676
v -0.648170 -0.487096 -0.575101
v -0.520766 -0.475957 -0.543703
v -0.516978 -0.467366 -0.573801
v -0.649669 -0.495310 -0.545130
v -0.512912 -0.457815 -0.600865
v -0.383440 -0.435406 -0.594942
v -0.377263 -0.424252 -0.619504
v -0.509275 -0.447364 -0.625316
v -0.372363 -0.412510 -0.641886
v -0.506426 -0.436404 -0.647475
v -0.644604 -0.457910 -0.647617
v -0.369759 -0.400282 -0.662519
v -0.505230 -0.424700 -0.667661
v -0.644799 -0.446638 -0.667452
v -0.370261 -0.387619 -0.681627
v -0.506123 -0.412534 -0.686393
v -0.646153 -0.434777 -0.685804
v -0.374231 -0.374913 -0.699431
v -0.509503 -0.399847 -0.703580
v -0.648966 -0.422281 -0.702580
v -0.381226 -0.361879 -0.715611
v -0.514992 -0.386790 -0.719117
v -0.652929 -0.409110 -0.717671
v -0.390412 -0.348369 -0.730240
v -0.522035 -0.373083 -0.733180
v -0.657827 -0.395201 -0.731268
v -0.530059 -0.358270 -0.745641
v -0.663276 -0.380066 -0.743448
v -0.799153 -0.399396 -0.736865
v -0.796044 -0.414622 -0.724753
v -0.793397 -0.428721 -0.711425
v -0.790940 -0.441837 -0.696475
v -0.788824 -0.454307 -0.680019
v -0.401026 -0.334045 -0.743388
v -0.538492 -0.341975 -0.756776
v -0.412296 -0.318483 -0.754922
v -0.292399 -0.293145 -0.748695
v -0.278061 -0.307746 -0.736450
v -0.162810 -0.279568 -0.724979
v -0.180674 -0.266306 -0.738158
v -0.264634 -0.321436 -0.722507
v -0.146330 -0.292309 -0.709825
v -0.253177 -0.334506 -0.706902
v -0.132609 -0.304948 -0.692944
v -0.244671 -0.347439 -0.689776
v -0.122597 -0.317783 -0.674672
v -0.240053 -0.360445 -0.671360
v -0.240034 -0.373508 -0.651575
v -0.117429 -0.330995 -0.655246
v -0.003757 -0.299607 -0.633231
v -0.009555 -0.286079 -0.653868
v -0.117721 -0.344665 -0.634884
v -0.122936 -0.358604 -0.613568
v -0.004475 -0.313960 -0.612198
v -0.010879 -0.328996 -0.590643
v 0.077576 -0.314679 -0.539949
v -0.131991 -0.372342 -0.591254
v 0.090712 -0.298039 -0.561675
v -0.021957 -0.344055 -0.568520
v 0.098218 -0.281803 -0.583369
v 0.188510 -0.248364 -0.548453
v 0.098999 -0.266524 -0.605277
v 0.189455 -0.232174 -0.571234
v 0.092673 -0.252694 -0.627222
v 0.079878 -0.240057 -0.648880
v 0.182622 -0.217945 -0.594785
v 0.244491 -0.169767 -0.583115
v 0.266876 -0.196715 -0.531126
v 0.259560 -0.181990 -0.556579
v 0.168618 -0.205603 -0.618585
v 0.332634 -0.159811 -0.485006
v 0.324782 -0.144380 -0.513059
v 0.308557 -0.132329 -0.543134
v 0.284410 -0.123211 -0.574208
v 0.335825 -0.084761 -0.536160
v 0.361993 -0.092997 -0.499303
v 0.379530 -0.104942 -0.464284
v 0.425295 -0.063260 -0.410503
v 0.434672 -0.080627 -0.374251
v 0.387131 -0.141995 -0.405863
v 0.433580 -0.103984 -0.345450
v 0.388077 -0.121221 -0.432731
v 0.474979 -0.034775 -0.306708
v 0.473484 -0.062890 -0.275037
v 0.331742 -0.178540 -0.459786
v 0.322209 -0.199939 -0.437679
v 0.265950 -0.213938 -0.507370
v 0.257050 -0.233245 -0.485392
v 0.180272 -0.266039 -0.526615
v 0.165341 -0.284566 -0.505589
v 0.240579 -0.253972 -0.465065
v 0.217153 -0.275399 -0.446253
v 0.144532 -0.303254 -0.485333
v 0.118733 -0.321603 -0.465810
v 0.059602 -0.331205 -0.518358
v -0.036935 -0.358709 -0.545796
v 0.038090 -0.347007 -0.496548
v -0.054232 -0.372490 -0.522014
v 0.015495 -0.361282 -0.474530
v 0.089693 -0.338788 -0.447149
v 0.062034 -0.352812 -0.431773
v 0.151534 -0.318018 -0.413857
v 0.109941 -0.338246 -0.402132
v 0.203155 -0.298778 -0.373886
v 0.187265 -0.296963 -0.429028
v 0.244955 -0.273379 -0.386075
v 0.152427 -0.324158 -0.364951
v 0.189134 -0.310939 -0.320450
v 0.220282 -0.298679 -0.269926
v 0.090844 -0.349730 -0.360431
v 0.120629 -0.340790 -0.316734
v 0.147312 -0.332000 -0.267124
v 0.016345 -0.375800 -0.360791
v 0.039487 -0.370406 -0.316370
v -0.053436 -0.399395 -0.318725
v -0.070860 -0.402081 -0.364517
v 0.061679 -0.364470 -0.266859
v -0.169916 -0.428026 -0.369970
v -0.084795 -0.403002 -0.405163
v -0.179556 -0.427083 -0.412950
v -0.090601 -0.400886 -0.440098
v -0.183382 -0.423810 -0.451202
v -0.179570 -0.417575 -0.484861
v -0.285717 -0.440603 -0.496446
v -0.288372 -0.446894 -0.460754
v -0.401114 -0.462744 -0.504966
v -0.278878 -0.432241 -0.528565
v -0.396445 -0.454835 -0.538159
v -0.523571 -0.483532 -0.510049
v -0.650901 -0.502573 -0.511724
v -0.781104 -0.519361 -0.509920
v -0.912138 -0.533761 -0.504476
v -0.913857 -0.526999 -0.536277
v -1.045143 -0.539039 -0.526178
v -1.050158 -0.531906 -0.553259
v -1.180701 -0.541656 -0.538278
v -1.189592 -0.534049 -0.561153
v -1.173069 -0.548505 -0.512917
v -1.287846 -0.561320 -0.470648
v -1.198421 -0.525697 -0.581806
v -0.269751 -0.422325 -0.557478
v -0.390240 -0.445624 -0.567973
v -0.157289 -0.397833 -0.542276
v -0.143926 -0.385495 -0.567506
v -0.259881 -0.411143 -0.583836
v -0.250948 -0.399150 -0.608099
v -0.243973 -0.386450 -0.630598
v -0.170068 -0.408686 -0.514891
v -0.071429 -0.384776 -0.496992
v -0.085044 -0.394575 -0.470103
v -0.004144 -0.372750 -0.452057
v -0.017679 -0.380711 -0.429224
v 0.037252 -0.363739 -0.419138
v -0.003668 -0.379592 -0.398779
v 0.062509 -0.357551 -0.394152
v -0.021062 -0.273332 -0.673685
v -0.037065 -0.261295 -0.692146
v -0.952435 -0.312899 -0.766029
v -1.395850 -0.570269 -0.428291
v -1.400609 -0.574547 -0.397311
v -1.501995 -0.575355 -0.387685
v -1.412171 -0.578269 -0.361906
v -1.518248 -0.578447 -0.355199
v -1.427772 -0.581302 -0.322494
v -1.966224 -0.549310 -0.013459
v -2.008545 -0.533181 -0.014147
v -1.945843 -0.554356 0.032021
v -1.991046 -0.539230 0.031027
v -1.918052 -0.560295 0.075087
v -1.964507 -0.546706 0.074118
v -1.882545 -0.566526 0.115361
v -1.928495 -0.554770 0.115260
v -1.837865 -0.572253 0.152203
v -1.883097 -0.562679 0.154369
v -1.780339 -0.577156 0.186327
v -1.822403 -0.569603 0.191034
v -1.857046 -0.560889 0.197681
v -1.711186 -0.581234 0.217998
v -1.745759 -0.575044 0.226485
v -1.777418 -0.567593 0.235586
v -1.882749 -0.550982 0.206512
v -1.804100 -0.559213 0.245752
v -1.706786 -0.564671 0.284487
v -1.683385 -0.572306 0.272446
v -1.656770 -0.578798 0.260425
v -1.629767 -0.584157 0.248043
v -1.556994 -0.580449 0.293022
v -1.578584 -0.574444 0.307575
v -1.464636 -0.574029 0.340924
v -1.598200 -0.567545 0.321605
v -1.480689 -0.567371 0.356750
v -1.355789 -0.564346 0.389274
v -1.494258 -0.559803 0.371969
v -1.366778 -0.556939 0.405663
v -1.233574 -0.550952 0.436194
v -1.375193 -0.548724 0.421244
v -1.240483 -0.542715 0.452419
v -1.101647 -0.533508 0.480088
v -1.244608 -0.533613 0.467943
v -1.105260 -0.524312 0.495929
v -1.106775 -0.514140 0.510854
v -1.245530 -0.523533 0.482882
v -1.106527 -0.503207 0.524747
v -1.243768 -0.512571 0.497118
v -1.105180 -0.491231 0.537596
v -1.240119 -0.500691 0.510430
v -1.370924 -0.506790 0.480364
v -1.363394 -0.494051 0.493607
v -1.484997 -0.497165 0.462276
v -1.472942 -0.483947 0.475659
v -1.582410 -0.484486 0.444634
v -1.599075 -0.497031 0.429537
v -1.462228 -0.469836 0.487425
v -1.566513 -0.471313 0.457925
v -1.660225 -0.469799 0.428998
v -1.641556 -0.457767 0.441737
v -1.554931 -0.457665 0.468503
v -1.552567 -0.443383 0.475035
v -1.629671 -0.446385 0.450366
v -1.562928 -0.427716 0.476739
v -1.648082 -0.434274 0.448151
v -1.718507 -0.439530 0.421612
v -1.688717 -0.447840 0.429748
v -1.713852 -0.455869 0.417128
v -1.768371 -0.447993 0.399075
v -1.812261 -0.457183 0.375989
v -1.742155 -0.465230 0.401382
v -1.772039 -0.476160 0.382350
v -1.849464 -0.466957 0.353076
v -1.907039 -0.454476 0.327748
v -1.929824 -0.462889 0.303475
v -1.879026 -0.477014 0.330572
v -1.947789 -0.471585 0.278932
v -1.898129 -0.486714 0.308973
v -1.798835 -0.486903 0.362408
v -1.820527 -0.497348 0.342618
v -1.835803 -0.508156 0.323100
v -1.704237 -0.493702 0.396030
v -1.722663 -0.504981 0.378112
v -1.736288 -0.515999 0.360137
v -1.744187 -0.526554 0.342735
v -1.624876 -0.520222 0.397301
v -1.504506 -0.521138 0.432799
v -1.613702 -0.508957 0.413612
v -1.495983 -0.509519 0.447944
v -1.631321 -0.531033 0.380934
v -1.745294 -0.536912 0.326231
v -1.631910 -0.541216 0.365050
v -1.509457 -0.531937 0.417476
v -1.380323 -0.529434 0.451607
v -1.376964 -0.518551 0.466287
v -1.509635 -0.542015 0.402006
v -1.626034 -0.550696 0.350065
v -1.380002 -0.539506 0.436451
v -1.504335 -0.551311 0.386910
v -1.614503 -0.559520 0.335658
v -1.725709 -0.556112 0.297278
v -1.838370 -0.539919 0.271390
v -1.738878 -0.546837 0.311151
v -1.824608 -0.549926 0.257616
v -1.844929 -0.529532 0.286978
v -1.916062 -0.517753 0.248540
v -1.915310 -0.506686 0.267554
v -1.909543 -0.496346 0.287992
v -1.844014 -0.518986 0.304282
v -1.961013 -0.481020 0.254603
v -1.682576 -0.481901 0.413250
v -1.096258 -0.541855 0.463217
v -1.089773 -0.549236 0.444901
v -1.224872 -0.558250 0.418843
v -0.956424 -0.529568 0.486189
v -0.952087 -0.537228 0.467005
v -1.082811 -0.555814 0.424617
v -0.947564 -0.544033 0.445645
v -1.075781 -0.561690 0.401851
v -0.943080 -0.550207 0.421599
v -1.069473 -0.566820 0.376081
v -0.938989 -0.555497 0.394361
v -1.064565 -0.571083 0.346791
v -0.935602 -0.560024 0.363521
v -1.061664 -0.574554 0.313561
v -0.933279 -0.563543 0.328772
v -0.803385 -0.549770 0.341194
v -0.932226 -0.566183 0.289407
v -1.061263 -0.577231 0.275778
v -1.062943 -0.579001 0.233656
v -1.190523 -0.587179 0.220040
v -1.186672 -0.585417 0.260322
v -1.186128 -0.582828 0.296128
v -1.189609 -0.579483 0.327437
v -1.304462 -0.588364 0.277236
v -1.308817 -0.585174 0.306014
v -1.419691 -0.588284 0.283091
v -1.317816 -0.581237 0.330778
v -1.196409 -0.575325 0.354770
v -1.414364 -0.591260 0.257348
v -1.519860 -0.589109 0.259227
v -1.512677 -0.591857 0.237645
v -1.591036 -0.590696 0.220351
v -1.606668 -0.588067 0.234787
v -1.605696 -0.591724 0.196394
v -1.678649 -0.588108 0.184819
v -1.679212 -0.585620 0.211384
v -1.651073 -0.588446 0.205903
v -1.732167 -0.583450 0.184126
v -1.779631 -0.580459 0.152739
v -1.820639 -0.576976 0.117144
v -1.536204 -0.585290 0.277175
v -1.431668 -0.584436 0.304866
v -1.447493 -0.579727 0.323852
v -1.329850 -0.576466 0.352474
v -1.343005 -0.570813 0.371759
v -1.215195 -0.564739 0.399839
v -1.205345 -0.570462 0.378657
v -1.066048 -0.580080 0.187908
v -0.932048 -0.567928 0.245937
v -0.799838 -0.553906 0.256329
v -0.801585 -0.552314 0.300852
v -0.932660 -0.568807 0.198864
v -0.798150 -0.554473 0.208228
v -0.933588 -0.568914 0.148899
v -1.069664 -0.580354 0.139164
v -1.073343 -0.580094 0.088131
v -0.934475 -0.568498 0.096447
v -1.076178 -0.579270 0.035133
v -0.935133 -0.567521 0.042315
v -1.077810 -0.578051 -0.019021
v -0.935202 -0.566231 -0.013194
v -1.077460 -0.576571 -0.073913
v -0.934196 -0.564632 -0.069366
v -1.074854 -0.574895 -0.128736
v -0.932058 -0.562933 -0.125603
v -0.788732 -0.547511 -0.122168
v -0.790277 -0.549150 -0.064911
v -0.928996 -0.561035 -0.181108
v -0.787192 -0.545801 -0.178722
v -0.925422 -0.558890 -0.235293
v -0.785648 -0.543858 -0.233968
v -0.921616 -0.556286 -0.287757
v -0.784379 -0.541467 -0.287511
v -0.917976 -0.553088 -0.337909
v -0.783190 -0.538583 -0.338841
v -0.649199 -0.521096 -0.337919
v -0.647911 -0.523564 -0.285907
v -0.513858 -0.502773 -0.283098
v -0.510234 -0.504131 -0.228492
v -0.646804 -0.525526 -0.231587
v -0.507525 -0.505222 -0.172002
v -0.646084 -0.527114 -0.175566
v -0.506077 -0.506425 -0.114350
v -0.646189 -0.528610 -0.118366
v -0.506495 -0.507813 -0.056055
v -0.647233 -0.530165 -0.060393
v -0.509224 -0.509752 0.002161
v -0.649317 -0.531920 -0.002555
v -0.652407 -0.533768 0.054452
v -0.513791 -0.511928 0.059518
v -0.791823 -0.550788 -0.007655
v -0.793430 -0.552303 0.048801
v -0.656141 -0.535388 0.110246
v -0.794961 -0.553518 0.103967
v -0.660176 -0.536633 0.164139
v -0.796480 -0.554314 0.157242
v -0.664356 -0.537238 0.215643
v -0.539113 -0.517522 0.270013
v -0.533006 -0.517115 0.221261
v -0.668233 -0.536987 0.264275
v -0.544137 -0.516718 0.315224
v -0.671560 -0.535712 0.309345
v -0.674000 -0.533271 0.350367
v -0.547216 -0.514457 0.356424
v -0.425413 -0.493682 0.359186
v -0.425498 -0.489831 0.395607
v -0.304781 -0.461324 0.425854
v -0.309906 -0.467335 0.394235
v -0.195359 -0.437070 0.418848
v -0.203384 -0.443868 0.389029
v -0.310674 -0.471271 0.358989
v -0.205338 -0.447956 0.355847
v -0.305992 -0.472737 0.319456
v -0.421574 -0.495530 0.318519
v -0.414660 -0.495821 0.273775
v -0.296840 -0.472132 0.275798
v -0.405912 -0.494650 0.225416
v -0.285030 -0.470004 0.228351
v -0.396443 -0.492586 0.173899
v -0.526295 -0.515893 0.169544
v -0.519729 -0.514031 0.115437
v -0.387219 -0.489867 0.119989
v -0.260261 -0.463095 0.123949
v -0.272353 -0.466728 0.177555
v -0.379148 -0.487088 0.063947
v -0.250025 -0.459382 0.068092
v -0.373082 -0.484412 0.006444
v -0.242565 -0.456195 0.010642
v -0.369928 -0.482353 -0.051857
v -0.238853 -0.453850 -0.047936
v -0.369924 -0.481074 -0.110466
v -0.239381 -0.452758 -0.106666
v -0.372862 -0.480364 -0.168273
v -0.243725 -0.452646 -0.164627
v -0.377797 -0.479929 -0.224842
v -0.250915 -0.453046 -0.221180
v -0.383970 -0.479357 -0.279540
v -0.517775 -0.500983 -0.335401
v -0.121760 -0.422263 -0.161217
v -0.115998 -0.421689 -0.103098
v -0.001427 -0.388146 -0.100117
v 0.000086 -0.388679 -0.040845
v 0.104526 -0.352569 -0.037785
v 0.099430 -0.355825 0.021931
v 0.196818 -0.314568 -0.035121
v 0.191331 -0.318246 0.025475
v 0.178677 -0.325317 0.084382
v 0.087893 -0.361682 0.080100
v -0.014899 -0.396468 0.076019
v -0.004642 -0.391611 0.018290
v 0.159559 -0.334676 0.140547
v 0.070872 -0.369348 0.135766
v 0.134806 -0.345695 0.193008
v -0.029732 -0.402463 0.131489
v 0.049340 -0.377940 0.187879
v 0.105507 -0.357414 0.240619
v -0.048034 -0.409107 0.183943
v 0.024529 -0.386809 0.235690
v 0.073444 -0.368982 0.282153
v -0.000940 -0.394872 0.278198
v -0.068457 -0.415672 0.232535
v -0.172047 -0.443564 0.230407
v -0.155734 -0.438878 0.180650
v -0.088298 -0.421110 0.276870
v -0.023011 -0.400914 0.314649
v -0.104363 -0.424525 0.316259
v -0.187484 -0.447094 0.276516
v -0.199404 -0.448856 0.318365
v -0.112073 -0.424522 0.350266
v -0.108072 -0.420191 0.379909
v -0.026390 -0.397564 0.366775
v -0.038673 -0.403996 0.343750
v 0.040843 -0.376530 0.350692
v 0.043307 -0.378823 0.313777
v 0.016748 -0.386509 0.336950
v 0.090275 -0.360267 0.324278
v 0.134653 -0.343897 0.289918
v 0.184849 -0.319403 0.301361
v 0.230302 -0.298834 0.257931
v 0.173770 -0.328037 0.247992
v 0.207565 -0.312895 0.199693
v 0.268189 -0.279731 0.208246
v 0.317628 -0.246616 0.218484
v 0.276201 -0.269962 0.270063
v 0.225948 -0.295040 0.315545
v 0.258733 -0.271091 0.331786
v 0.312420 -0.241838 0.284205
v 0.194969 -0.301053 0.372960
v 0.165971 -0.321156 0.354622
v 0.217304 -0.281319 0.392402
v 0.120305 -0.331222 0.407317
v 0.139957 -0.314209 0.428116
v 0.033720 -0.360986 0.434943
v 0.050554 -0.346300 0.456804
v 0.095519 -0.347999 0.386880
v 0.067547 -0.363667 0.367181
v 0.013453 -0.375037 0.412601
v -0.095963 -0.412303 0.406969
v -0.080186 -0.401926 0.432294
v -0.007993 -0.387618 0.389862
v -0.184123 -0.428236 0.446208
v -0.064038 -0.390019 0.456267
v 0.131209 -0.340961 0.337929
v 0.153870 -0.297592 0.449243
v -0.140602 -0.433822 0.127667
v -0.128091 -0.429104 0.072099
v -0.119190 -0.425133 0.014509
v -0.114923 -0.422505 -0.044246
v 0.512513 -0.148101 0.123100
v 0.481264 -0.178508 0.193902
v 0.473351 -0.197902 0.112231
v 0.506731 -0.136674 0.213290
v 0.462975 -0.178195 0.281957
v 0.474744 -0.147043 0.309294
v 0.520111 -0.099192 0.239832
v 0.474616 -0.121714 0.343254
v 0.520166 -0.069685 0.276304
v 0.505958 -0.050618 0.324718
v 0.557686 -0.013415 0.200327
v 0.540550 0.006215 0.260382
v 0.478784 0.012474 0.230276
v 0.494586 -0.003038 0.176492
v 0.458412 -0.057533 0.250049
v 0.416350 -0.104775 0.312415
v 0.445827 -0.042790 0.291496
v 0.384101 -0.082978 0.387509
v 0.421443 -0.034220 0.341660
v 0.405315 -0.090814 0.347581
v 0.448597 0.016262 0.296967
v 0.508552 0.012781 0.331896
v 0.478800 -0.040706 0.380943
v 0.440117 -0.037386 0.440177
v 0.437975 -0.092252 0.431527
v 0.387919 -0.032904 0.392383
v 0.462145 -0.103622 0.384788
v 0.409116 -0.153584 0.439471
v 0.420412 -0.170640 0.402933
v 0.346255 -0.200663 0.488144
v 0.356580 -0.216861 0.455403
v 0.420553 -0.192940 0.371151
v 0.356830 -0.236866 0.425484
v 0.410001 -0.219541 0.343663
v 0.389176 -0.249125 0.319912
v 0.440061 -0.213149 0.259812
v 0.347220 -0.259977 0.398211
v 0.328403 -0.285285 0.373323
v 0.273764 -0.299268 0.445280
v 0.282460 -0.278830 0.472261
v 0.282177 -0.260593 0.500533
v 0.188778 -0.337095 0.484656
v 0.196463 -0.318672 0.511157
v 0.196094 -0.301841 0.538190
v 0.272631 -0.245064 0.530276
v 0.187225 -0.286892 0.565537
v 0.098317 -0.356493 0.542256
v 0.097816 -0.340698 0.568059
v -0.011651 -0.377151 0.590567
v 0.089621 -0.326256 0.593610
v -0.032908 -0.349657 0.637194
v 0.074356 -0.313150 0.618228
v 0.170452 -0.273989 0.592609
v -0.019250 -0.363027 0.614526
v 0.146668 -0.262707 0.618741
v 0.254344 -0.232294 0.560505
v 0.227988 -0.221998 0.590342
v 0.297456 -0.178855 0.557067
v 0.326315 -0.188122 0.522423
v 0.355587 -0.133668 0.520121
v 0.387259 -0.141454 0.479188
v 0.403074 -0.086392 0.480525
v 0.391412 -0.038848 0.498007
v 0.358224 -0.084711 0.528936
v 0.304232 -0.086346 0.574104
v 0.314671 -0.129442 0.560401
v 0.333539 -0.043393 0.550998
v 0.266256 -0.050770 0.598147
v 0.233362 -0.051924 0.532243
v 0.293539 -0.043232 0.490130
v 0.344666 -0.036828 0.443400
v 0.266710 -0.084874 0.511337
v 0.314227 -0.081037 0.471747
v 0.353453 -0.080125 0.429746
v 0.273924 -0.121473 0.501110
v 0.309811 -0.122633 0.466569
v 0.256321 -0.163093 0.501064
v 0.337589 -0.127173 0.431713
v 0.223490 -0.160135 0.529632
v 0.183623 -0.159687 0.556738
v 0.126923 -0.194168 0.578284
v 0.162463 -0.196917 0.556202
v 0.192271 -0.201644 0.532406
v 0.116745 -0.238478 0.559565
v 0.090031 -0.232024 0.579589
v 0.028848 -0.273692 0.581313
v 0.005369 -0.265745 0.598563
v -0.090910 -0.298155 0.612439
v -0.070748 -0.307566 0.597359
v -0.021165 -0.258261 0.613614
v 0.058916 -0.226834 0.597655
v 0.086362 -0.193483 0.597971
v 0.025379 -0.222651 0.613125
v -0.005564 -0.220019 0.624427
v 0.040891 -0.195511 0.614949
v -0.048253 -0.250802 0.626247
v -0.071707 -0.242624 0.635598
v -0.152406 -0.266739 0.644619
v -0.134701 -0.278520 0.636315
v -0.088322 -0.233310 0.641569
v -0.077444 -0.214701 0.642045
v -0.160127 -0.231736 0.652991
v -0.032806 -0.218220 0.632209
v -0.161857 -0.251781 0.650134
v -0.255169 -0.273415 0.656660
v -0.256000 -0.251455 0.660493
v -0.150616 -0.206273 0.653602
v -0.251259 -0.225203 0.662491
v -0.361446 -0.245705 0.666667
v -0.362816 -0.272544 0.663850
v -0.360440 -0.295728 0.659429
v -0.478476 -0.293949 0.662545
v -0.247028 -0.290983 0.650842
v -0.352964 -0.315006 0.653349
v -0.467993 -0.338311 0.651414
v -0.474786 -0.317867 0.657642
v -0.596109 -0.339344 0.651473
v -0.727346 -0.335268 0.645969
v -0.722094 -0.359602 0.640799
v -0.600653 -0.315026 0.656562
v -0.589816 -0.360432 0.645014
v -0.716333 -0.380877 0.634220
v -0.582041 -0.378706 0.637267
v -0.458487 -0.355854 0.643734
v -0.341539 -0.331294 0.645555
v -0.447579 -0.371112 0.634651
v -0.573592 -0.394775 0.628393
v -0.327708 -0.345361 0.636284
v -0.436060 -0.384606 0.624228
v -0.564816 -0.408943 0.618176
v -0.313085 -0.357860 0.625273
v -0.425124 -0.396872 0.612318
v -0.415535 -0.408250 0.598992
v -0.556490 -0.421640 0.606783
v -0.299297 -0.369457 0.612760
v -0.180649 -0.339587 0.607758
v -0.287383 -0.380348 0.598512
v -0.166305 -0.350001 0.592389
v -0.278247 -0.391127 0.582686
v -0.054031 -0.317298 0.580373
v -0.155697 -0.360609 0.575409
v -0.272921 -0.401909 0.565352
v -0.149680 -0.371651 0.557087
v -0.272056 -0.412960 0.546584
v -0.149089 -0.383276 0.537596
v -0.275074 -0.423822 0.526311
v -0.403689 -0.450367 0.529514
v -0.407504 -0.460062 0.507846
v -0.402079 -0.440182 0.549231
v -0.403221 -0.429706 0.567376
v -0.407948 -0.419088 0.584022
v -0.549089 -0.433333 0.593988
v -0.197558 -0.328999 0.621458
v -0.215654 -0.317895 0.633136
v -0.113049 -0.288744 0.625561
v -0.232995 -0.305487 0.642967
v -0.703888 -0.416092 0.617572
v -0.836598 -0.434722 0.602446
v -0.710152 -0.399635 0.626516
v -0.840719 -0.418143 0.611455
v -0.971896 -0.434067 0.592238
v -0.974978 -0.415524 0.600225
v -0.845379 -0.399352 0.619303
v -0.979579 -0.394608 0.606727
v -0.850643 -0.378151 0.625794
v -0.985885 -0.371202 0.611843
v -0.856447 -0.354098 0.631040
v -0.862915 -0.327355 0.635036
v -0.869909 -0.298312 0.637873
v -0.993870 -0.345131 0.615678
v -1.002802 -0.316872 0.618241
v -0.732335 -0.308118 0.650016
v -0.737103 -0.278419 0.652933
v -0.742089 -0.247020 0.654886
v -0.606379 -0.257698 0.663151
v -0.479596 -0.266743 0.666003
v -0.479322 -0.236622 0.668272
v -0.478759 -0.204147 0.669508
v -0.603886 -0.287685 0.660363
v -0.608637 -0.225712 0.664896
v -0.611388 -0.191806 0.665874
v -0.769774 -0.089142 0.658590
v -0.498746 0.026897 0.674476
v -0.353766 -0.182942 0.668769
v -0.350682 -0.148170 0.668433
v -0.499540 0.025145 0.750064
v -0.352176 -0.184333 0.744333
v -0.348866 -0.149414 0.744007
v -0.479706 -0.206238 0.745082
v -0.614761 -0.193885 0.741381
v -0.611994 -0.228339 0.740389
v -0.747656 -0.250210 0.730202
v -0.775442 -0.091679 0.733920
v -0.892686 -0.237912 0.715910
v -0.884826 -0.234902 0.640854
v -0.877121 -0.267567 0.639747
v -1.047364 -0.151572 0.622457
v -1.158338 -0.275113 0.595690
v -1.012470 -0.287010 0.619723
v -1.146262 -0.305567 0.595462
v -1.134269 -0.334073 0.594481
v -1.276839 -0.322955 0.567219
v -0.609629 -0.261612 0.738515
v -0.480571 -0.271648 0.741405
v -0.480435 -0.239779 0.743815
v -0.356381 -0.217994 0.743765
v -0.359971 -0.249808 0.742160
v -0.247128 -0.228528 0.737777
v -0.251569 -0.257458 0.735521
v -0.361040 -0.279324 0.738982
v -0.478926 -0.301383 0.737599
v -0.357757 -0.305903 0.733801
v -0.249875 -0.283083 0.731018
v -0.153846 -0.260950 0.724181
v -0.240140 -0.304952 0.723736
v -0.142420 -0.280359 0.717209
v -0.122381 -0.296352 0.706764
v -0.032008 -0.267584 0.696032
v -0.058166 -0.255596 0.707704
v -0.098339 -0.310508 0.693275
v -0.002058 -0.278507 0.680890
v 0.027253 -0.289506 0.662427
v 0.045673 -0.236865 0.682689
v 0.082715 -0.244331 0.664433
v 0.154999 -0.207668 0.644583
v 0.110104 -0.203766 0.667431
v 0.117031 -0.252917 0.642869
v 0.194654 -0.213854 0.618627
v 0.053124 -0.300898 0.641354
v -0.051429 -0.336578 0.658216
v -0.073769 -0.323663 0.677025
v 0.215519 -0.168929 0.622252
v 0.260363 -0.172565 0.590703
v 0.265011 -0.128437 0.598353
v 0.206225 -0.130657 0.632963
v 0.137761 -0.136458 0.663807
v 0.167014 -0.099363 0.651259
v 0.240616 -0.091286 0.615114
v 0.162896 -0.168278 0.650704
v 0.102221 -0.171108 0.675838
v 0.060082 -0.202791 0.686758
v 0.005179 -0.205140 0.702361
v 0.031700 -0.178589 0.697275
v 0.058982 -0.146173 0.690058
v -0.066978 -0.219075 0.716584
v -0.050301 -0.191470 0.715050
v -0.143504 -0.208686 0.728695
v -0.130390 -0.177261 0.727457
v -0.030640 -0.159984 0.711396
v -0.152927 -0.236887 0.727817
v -0.077484 -0.241909 0.715410
v -0.019119 -0.226152 0.705548
v 0.011353 -0.230862 0.696182
v -0.117280 -0.143433 0.725079
v -0.012250 -0.125805 0.706473
v 0.082781 -0.110914 0.681913
v 0.092104 0.133507 0.678540
v 0.188967 -0.060969 0.639138
v -0.024710 0.136557 0.706141
v 0.163825 -0.061743 0.569059
v 0.075914 0.133812 0.605238
v 0.064672 -0.111148 0.609144
v -0.024558 -0.126073 0.632266
v -0.038339 0.136942 0.632113
v -0.106652 -0.108107 0.721967
v -0.115299 -0.107736 0.646979
v -0.125375 -0.143421 0.650097
v -0.235636 -0.162506 0.662213
v -0.244708 -0.004433 0.663546
v -0.239455 -0.005108 0.738831
v -0.230894 -0.163195 0.737583
v -0.239385 -0.196869 0.738295
v -0.137879 -0.176611 0.652409
v -0.243608 -0.195442 0.662958
v -0.357835 -0.215714 0.668227
v -0.042094 -0.160012 0.636919
v -0.061066 -0.189688 0.640437
v -0.009497 -0.200331 0.628916
v 0.016200 -0.176475 0.623839
v 0.042452 -0.146091 0.616841
v 0.142573 -0.099596 0.580813
v 0.115358 -0.135435 0.592549
v 0.081360 -0.167395 0.604092
v 0.136502 -0.161967 0.581669
v 0.177549 -0.127840 0.564676
v 0.230032 -0.123216 0.534051
v 0.209960 -0.091288 0.547801
v 0.356714 -0.135699 0.398314
v -0.010926 -0.392007 0.565694
v -0.016215 -0.407271 0.539942
v 0.091702 -0.373181 0.516130
v -0.026542 -0.422545 0.513146
v 0.079069 -0.390204 0.489725
v 0.173869 -0.356326 0.458632
v 0.061321 -0.406972 0.462982
v 0.152651 -0.375690 0.433126
v -0.040911 -0.437258 0.485449
v 0.039781 -0.422780 0.435956
v 0.096498 -0.411811 0.384196
v 0.126251 -0.394448 0.408090
v -0.074270 -0.462489 0.426329
v -0.057690 -0.450742 0.456515
v 0.017111 -0.436770 0.408744
v 0.067983 -0.425909 0.363521
v -0.002467 -0.447858 0.381192
v -0.087124 -0.471390 0.394319
v -0.015664 -0.455093 0.353117
v -0.091405 -0.476349 0.359648
v 0.070194 -0.428883 0.320177
v 0.000698 -0.452082 0.319731
v 0.042087 -0.436961 0.346199
v 0.023559 -0.445907 0.280804
v 0.050023 -0.437581 0.236529
v 0.101450 -0.418772 0.285890
v 0.119920 -0.409025 0.333791
v 0.166485 -0.392084 0.296405
v 0.134738 -0.406789 0.242400
v 0.207394 -0.375516 0.251946
v 0.165260 -0.394582 0.193434
v 0.075631 -0.428343 0.187449
v 0.220271 -0.365428 0.311406
v 0.268282 -0.343885 0.264771
v 0.264787 -0.338621 0.329752
v 0.318400 -0.312042 0.280600
v 0.362689 -0.287044 0.225941
v 0.300849 -0.311763 0.350561
v 0.358606 -0.280382 0.299046
v 0.406428 -0.250022 0.241620
v 0.444822 -0.221872 0.178969
v 0.201042 -0.366265 0.372486
v 0.232428 -0.343756 0.395456
v 0.256903 -0.321217 0.419733
v 0.163639 -0.388087 0.351565
v -0.184970 -0.495763 0.403250
v -0.683906 -0.490760 0.642369
v -0.543404 -0.468362 0.652506
v -0.536253 -0.482576 0.633936
v -0.678304 -0.505110 0.624152
v -0.531170 -0.496053 0.613525
v -0.673910 -0.518400 0.604127
v -0.528748 -0.508698 0.591258
v -0.670868 -0.530884 0.582382
v -0.528302 -0.520704 0.566950
v -0.669042 -0.542391 0.558626
v -0.529476 -0.531757 0.540420
v -0.531443 -0.541792 0.511390
v -0.668015 -0.552887 0.532572
v -0.808607 -0.571092 0.519636
v -0.811816 -0.561058 0.545017
v -0.667475 -0.562327 0.504129
v -0.667086 -0.570568 0.472909
v -0.533763 -0.550602 0.479680
v -0.805592 -0.580117 0.491974
v -0.949728 -0.586254 0.502060
v -0.955180 -0.576481 0.526470
v -0.960018 -0.565656 0.549022
v -0.815188 -0.549838 0.568121
v -0.818782 -0.537712 0.589441
v -0.535597 -0.558036 0.445116
v -0.666631 -0.577548 0.438721
v -0.497082 -0.557916 -0.230579
v -0.500889 -0.556590 -0.286193
v -0.368826 -0.532794 -0.282263
v -0.504848 -0.554658 -0.339994
v -0.375762 -0.531769 -0.335971
v -0.382108 -0.529815 -0.387238
v -0.508535 -0.551923 -0.391566
v -0.639523 -0.571831 -0.394066
v -0.773286 -0.589092 -0.394576
v -0.511205 -0.548064 -0.440279
v -0.640505 -0.567510 -0.442619
v -0.772723 -0.584486 -0.442378
v -0.512209 -0.542739 -0.485705
v -0.640867 -0.561926 -0.487821
v -0.511019 -0.535766 -0.527526
v -0.640402 -0.555029 -0.529464
v -0.772499 -0.578923 -0.486863
v -0.772674 -0.572129 -0.527826
v -0.905532 -0.586600 -0.522736
v -0.904804 -0.593266 -0.482855
v -1.035547 -0.604928 -0.476033
v -0.905523 -0.598904 -0.439387
v -0.907785 -0.578797 -0.559229
v -0.773246 -0.564099 -0.565367
v -0.910975 -0.570030 -0.592622
v -0.774139 -0.555023 -0.599687
v -0.638093 -0.537285 -0.602603
v -0.639418 -0.546856 -0.567657
v -0.636868 -0.526601 -0.634622
v -0.775528 -0.544772 -0.631090
v -0.636036 -0.514753 -0.663921
v -0.777110 -0.533388 -0.659768
v -0.635827 -0.501972 -0.690711
v -0.494878 -0.480175 -0.690284
v -0.497312 -0.493534 -0.663070
v -0.494075 -0.465899 -0.715319
v -0.355500 -0.440974 -0.709677
v -0.357818 -0.455843 -0.684399
v -0.226111 -0.429216 -0.672703
v -0.222360 -0.413649 -0.698323
v -0.362501 -0.469954 -0.656968
v -0.233047 -0.444159 -0.645356
v -0.368603 -0.483089 -0.627350
v -0.375500 -0.495085 -0.595224
v -0.242225 -0.458264 -0.616150
v -0.500778 -0.505985 -0.633461
v -0.504634 -0.517273 -0.601132
v -0.508349 -0.527210 -0.565962
v -0.381845 -0.505699 -0.560346
v -0.261882 -0.482658 -0.550673
v -0.386493 -0.514666 -0.522276
v -0.268897 -0.492047 -0.513681
v -0.388393 -0.521702 -0.480778
v -0.271782 -0.499080 -0.473311
v -0.386719 -0.526667 -0.435623
v -0.269092 -0.503533 -0.429216
v -0.262216 -0.505914 -0.381648
v -0.160645 -0.479298 -0.421239
v -0.069302 -0.451996 -0.452095
v -0.164500 -0.475539 -0.463483
v -0.150692 -0.480376 -0.375353
v -0.160442 -0.468472 -0.501918
v -0.063282 -0.444789 -0.487069
v 0.041556 -0.409219 -0.495519
v -0.048732 -0.433628 -0.518699
v 0.020571 -0.422155 -0.468718
v -0.150325 -0.458347 -0.536902
v -0.136987 -0.445977 -0.569237
v -0.252305 -0.471297 -0.584641
v -0.122923 -0.431868 -0.599506
v -0.012359 -0.404112 -0.576970
v -0.030572 -0.419801 -0.548559
v -0.110635 -0.416535 -0.627993
v 0.003381 -0.387249 -0.604420
v -0.101408 -0.400495 -0.655147
v 0.015048 -0.369778 -0.631169
v -0.096188 -0.383967 -0.680901
v 0.121471 -0.337433 -0.600528
v 0.129419 -0.318400 -0.626743
v 0.225646 -0.282857 -0.589304
v 0.299459 -0.268343 -0.518004
v 0.309415 -0.245598 -0.544769
v 0.406169 -0.051002 -0.053114
v 0.200544 -0.324858 -0.537335
v 0.107526 -0.356628 -0.574387
v 0.281359 -0.292322 -0.493102
v 0.255629 -0.316803 -0.469829
v 0.321505 -0.287753 -0.420502
v 0.350207 -0.259505 -0.441995
v 0.370223 -0.232202 -0.466159
v 0.381110 -0.206769 -0.493229
v 0.408051 -0.226810 -0.384597
v 0.430008 -0.195292 -0.407499
v 0.455537 -0.194695 -0.321202
v 0.421034 -0.233011 -0.304530
v 0.456019 -0.208756 -0.239384
v 0.408635 -0.252170 -0.229309
v 0.376616 -0.271154 -0.291136
v 0.371539 -0.282633 -0.159874
v 0.350730 -0.293974 -0.221692
v 0.321636 -0.308670 -0.280626
v 0.281604 -0.334144 -0.216752
v 0.300411 -0.325615 -0.157164
v 0.200557 -0.372582 -0.214207
v 0.217342 -0.366242 -0.156232
v 0.227393 -0.362557 -0.096413
v 0.122002 -0.404650 -0.156892
v 0.130789 -0.402103 -0.098137
v 0.022838 -0.439232 -0.100722
v 0.015402 -0.440820 -0.158913
v -0.101002 -0.474442 -0.161948
v 0.229814 -0.362265 -0.035894
v 0.177855 -0.380730 -0.269393
v 0.255538 -0.345279 -0.273409
v 0.335397 -0.292664 -0.348783
v 0.284503 -0.325611 -0.335540
v 0.284545 -0.316109 -0.401447
v 0.223212 -0.340928 -0.448237
v 0.376460 -0.259649 -0.365203
v 0.119487 -0.385818 -0.466009
v 0.150423 -0.366808 -0.488573
v 0.178104 -0.346161 -0.512488
v 0.088469 -0.375490 -0.548182
v 0.065524 -0.393299 -0.521860
v 0.089874 -0.401385 -0.446723
v 0.063206 -0.413488 -0.430670
v 0.005827 -0.431260 -0.440944
v 0.310514 -0.224792 -0.573533
v 0.382329 -0.184118 -0.523445
v 0.302354 -0.206510 -0.604024
v -0.222847 -0.397746 -0.722352
v -0.356493 -0.425645 -0.733235
v -0.361205 -0.409882 -0.755086
v -0.369200 -0.393480 -0.775212
v -1.815207 -0.402788 -0.658263
v -1.762694 -0.416232 -0.672331
v -1.747100 -0.388937 -0.685411
v -1.728420 -0.380653 -0.613824
v -1.693391 -0.392939 -0.621751
v -1.663361 -0.401315 -0.628020
v -1.688207 -0.410353 -0.617341
v -1.615515 -0.411449 -0.637232
v -1.634301 -0.425002 -0.625696
v -1.205454 -0.622629 0.403556
v -2.055020 -0.483789 0.110478
v -0.220733 -0.193222 -0.767565
vn 0.4182 -0.9003 -0.1208
vn 0.4182 -0.9003 -0.1210
vn 0.4187 -0.9000 -0.1209
vn 0.4188 -0.9000 -0.1207
vn 0.3708 -0.9247 -0.0862
vn 0.3712 -0.9244 -0.0871
vn 0.3719 -0.9243 -0.0856
vn 0.4461 -0.8908 -0.0868
vn 0.4456 -0.8911 -0.0860
vn 0.4445 -0.8914 -0.0878
vn 0.3879 -0.9197 -0.0601
vn 0.3891 -0.9189 -0.0653
vn 0.3888 -0.9192 -0.0627
vn 0.3247 -0.9434 -0.0670
vn 0.3262 -0.9426 -0.0718
vn 0.3257 -0.9429 -0.0698
vn 0.3716 -0.9245 -0.0849
vn 0.3877 -0.9200 -0.0579
vn 0.3364 -0.9406 -0.0470
vn 0.3376 -0.9399 -0.0512
vn 0.3373 -0.9401 -0.0495
vn 0.3247 -0.9435 -0.0658
vn 0.3362 -0.9407 -0.0456
vn 0.2870 -0.9555 -0.0685
vn 0.2861 -0.9560 -0.0654
vn 0.2861 -0.9559 -0.0661
vn 0.2946 -0.9546 -0.0445
vn 0.2942 -0.9547 -0.0440
vn 0.2939 -0.9547 -0.0471
vn 0.2944 -0.9545 -0.0476
vn 0.2871 -0.9554 -0.0693
vn 0.3495 -0.9364 -0.0313
vn 0.3489 -0.9367 -0.0306
vn 0.3484 -0.9367 -0.0338
vn 0.3024 -0.9527 -0.0315
vn 0.3029 -0.9525 -0.0320
vn 0.3031 -0.9525 -0.0293
vn 0.3027 -0.9526 -0.0289
vn 0.2681 -0.9632 -0.0214
vn 0.2678 -0.9630 -0.0313
vn 0.2728 -0.9618 -0.0221
vn 0.3134 -0.9494 -0.0201
vn 0.3137 -0.9494 -0.0129
vn 0.3103 -0.9505 -0.0178
vn 0.3113 -0.9501 -0.0215
vn 0.2642 -0.9639 -0.0335
vn 0.2729 -0.9619 -0.0158
vn 0.2340 -0.9716 -0.0354
vn 0.2339 -0.9719 -0.0262
vn 0.2317 -0.9721 -0.0352
vn 0.2382 -0.9710 -0.0206
vn 0.2644 -0.9639 -0.0310
vn 0.2323 -0.9719 -0.0373
vn 0.2382 -0.9709 -0.0237
vn 0.2419 -0.9702 -0.0168
vn 0.2042 -0.9781 -0.0399
vn 0.2070 -0.9780 -0.0274
vn 0.2077 -0.9779 -0.0240
vn 0.2103 -0.9774 -0.0198
vn 0.2103 -0.9774 -0.0224
vn 0.2122 -0.9770 -0.0210
vn 0.2119 -0.9771 -0.0198
vn 0.1797 -0.9832 -0.0314
vn 0.1823 -0.9829 -0.0254
vn 0.1822 -0.9830 -0.0223
vn 0.1835 -0.9828 -0.0227
vn 0.1840 -0.9827 -0.0229
vn 0.1834 -0.9828 -0.0221
vn 0.1845 -0.9826 -0.0235
vn 0.2128 -0.9769 -0.0205
vn 0.1835 -0.9827 -0.0238
vn 0.1835 -0.9827 -0.0244
vn 0.2121 -0.9769 -0.0251
vn 0.2131 -0.9767 -0.0245
vn 0.2119 -0.9770 -0.0242
vn 0.2444 -0.9695 -0.0192
vn 0.2452 -0.9692 -0.0241
vn 0.2451 -0.9693 -0.0188
vn 0.2445 -0.9693 -0.0258
vn 0.2441 -0.9696 -0.0175
vn 0.2102 -0.9774 -0.0234
vn 0.2420 -0.9700 -0.0243
vn 0.2414 -0.9701 -0.0263
vn 0.2441 -0.9695 -0.0239
vn 0.2376 -0.9712 -0.0192
vn 0.2732 -0.9616 -0.0266
vn 0.2782 -0.9601 -0.0279
vn 0.2771 -0.9605 -0.0244
vn 0.2810 -0.9594 -0.0238
vn 0.2812 -0.9593 -0.0256
vn 0.3278 -0.9446 -0.0158
vn 0.3246 -0.9456 -0.0227
vn 0.3255 -0.9452 -0.0264
vn 0.3200 -0.9471 -0.0234
vn 0.2831 -0.9589 -0.0175
vn 0.3242 -0.9458 -0.0174
vn 0.3203 -0.9469 -0.0281
vn 0.3778 -0.9257 -0.0204
vn 0.3729 -0.9277 -0.0204
vn 0.3737 -0.9272 -0.0265
vn 0.3788 -0.9252 -0.0231
vn 0.3147 -0.9488 -0.0274
vn 0.3640 -0.9313 -0.0167
vn 0.3640 -0.9311 -0.0225
vn 0.3130 -0.9496 -0.0192
vn 0.4382 -0.8988 -0.0130
vn 0.4381 -0.8987 -0.0190
vn 0.4453 -0.8952 -0.0197
vn 0.4324 -0.9016 -0.0129
vn 0.4330 -0.9013 -0.0157
vn 0.4203 -0.9073 -0.0066
vn 0.4195 -0.9077 -0.0035
vn 0.4188 -0.9081 -0.0043
vn 0.4878 -0.8729 0.0136
vn 0.4888 -0.8723 0.0106
vn 0.4897 -0.8718 0.0118
vn 0.4887 -0.8723 0.0148
vn 0.5080 -0.8614 0.0010
vn 0.5077 -0.8615 0.0022
vn 0.5069 -0.8620 -0.0019
vn 0.5072 -0.8618 -0.0030
vn 0.5893 -0.8077 0.0194
vn 0.5903 -0.8070 0.0165
vn 0.5916 -0.8060 0.0175
vn 0.5207 -0.8537 -0.0078
vn 0.5213 -0.8533 -0.0100
vn 0.5255 -0.8507 -0.0127
vn 0.5254 -0.8508 -0.0078
vn 0.6087 -0.7934 0.0026
vn 0.6092 -0.7930 0.0018
vn 0.6099 -0.7925 0.0053
vn 0.5906 -0.8067 0.0205
vn 0.6093 -0.7929 0.0059
vn 0.6191 -0.7853 -0.0047
vn 0.6195 -0.7850 -0.0059
vn 0.6199 -0.7846 -0.0074
vn 0.7009 -0.7130 0.0196
vn 0.7017 -0.7122 0.0191
vn 0.7022 -0.7116 0.0226
vn 0.7134 -0.7008 0.0029
vn 0.7116 -0.7026 -0.0030
vn 0.7181 -0.6960 -0.0021
vn 0.6192 -0.7852 -0.0073
vn 0.7135 -0.7006 0.0040
vn 0.5292 -0.8484 -0.0116
vn 0.5291 -0.8485 -0.0110
vn 0.6198 -0.7847 -0.0088
vn 0.6197 -0.7848 -0.0097
vn 0.5262 -0.8503 -0.0095
vn 0.5247 -0.8511 -0.0168
vn 0.7036 -0.7101 -0.0267
vn 0.7024 -0.7113 -0.0263
vn 0.7019 -0.7117 -0.0284
vn 0.6095 -0.7925 -0.0206
vn 0.6104 -0.7918 -0.0211
vn 0.6109 -0.7915 -0.0187
vn 0.7033 -0.7103 -0.0291
vn 0.7137 -0.7004 -0.0084
vn 0.7140 -0.7001 -0.0091
vn 0.7929 -0.6079 -0.0421
vn 0.7924 -0.6088 -0.0385
vn 0.7914 -0.6101 -0.0390
vn 0.8050 -0.5932 -0.0086
vn 0.8045 -0.5939 -0.0084
vn 0.8044 -0.5940 -0.0098
vn 0.8867 -0.4621 -0.0111
vn 0.8869 -0.4618 -0.0129
vn 0.8877 -0.4603 -0.0132
vn 0.8727 -0.4844 -0.0612
vn 0.8725 -0.4852 -0.0573
vn 0.8713 -0.4874 -0.0577
vn 0.8049 -0.5934 -0.0095
vn 0.8874 -0.4610 -0.0112
vn 0.7918 -0.6093 -0.0425
vn 0.7652 -0.6390 -0.0786
vn 0.7672 -0.6364 -0.0795
vn 0.7679 -0.6358 -0.0779
vn 0.8424 -0.5274 -0.1109
vn 0.8402 -0.5308 -0.1107
vn 0.8401 -0.5310 -0.1105
vn 0.8715 -0.4864 -0.0617
vn 0.8421 -0.5278 -0.1112
vn 0.7966 -0.5825 -0.1615
vn 0.7984 -0.5800 -0.1614
vn 0.7982 -0.5800 -0.1624
vn 0.8513 -0.4782 -0.2158
vn 0.8497 -0.4806 -0.2167
vn 0.8506 -0.4798 -0.2152
vn 0.3818 0.3613 0.8507
vn 0.3792 0.3698 0.8482
vn 0.3796 0.3666 0.8494
vn 0.8520 -0.4775 -0.2145
vn 0.2411 0.8435 -0.4800
vn 0.2412 0.8427 -0.4814
vn 0.2404 0.8439 -0.4796
vn 0.7888 -0.5513 -0.2716
vn 0.7904 -0.5497 -0.2705
vn 0.7893 -0.5505 -0.2720
vn 0.8211 -0.4613 -0.3362
vn 0.8209 -0.4616 -0.3361
vn 0.8206 -0.4620 -0.3366
vn 0.8841 -0.3741 -0.2801
vn 0.8835 -0.3751 -0.2805
vn 0.8839 -0.3745 -0.2800
vn 0.8205 -0.4618 -0.3370
vn 0.8317 -0.3770 -0.4075
vn 0.8325 -0.3758 -0.4070
vn 0.8322 -0.3769 -0.4067
vn 0.8845 -0.3735 -0.2796
vn 0.8937 -0.2770 -0.3531
vn 0.8933 -0.2775 -0.3536
vn 0.8937 -0.2771 -0.3528
vn 0.8315 -0.3781 -0.4071
vn 0.8940 -0.2767 -0.3525
vn 0.8794 -0.1854 -0.4385
vn 0.8793 -0.1859 -0.4385
vn 0.8800 -0.1863 -0.4369
vn 0.3300 0.8876 0.3214
vn 0.3304 0.8882 0.3193
vn 0.3292 0.8872 0.3233
vn 0.2127 0.9673 0.1384
vn 0.2093 0.9683 0.1362
vn 0.2108 0.9678 0.1377
vn 0.8414 -0.1056 -0.5301
vn 0.8419 -0.1014 -0.5301
vn 0.8419 -0.1090 -0.5285
vn 0.8414 -0.1124 -0.5286
vn 0.1146 0.9921 0.0504
vn 0.1111 0.9926 0.0493
vn 0.1135 0.9923 0.0503
vn 0.8804 -0.1852 -0.4365
vn 0.2142 0.9667 0.1400
vn 0.1170 0.9918 0.0517
vn -0.8800 0.1823 0.4385
vn -0.8794 0.1864 0.4381
vn -0.8800 0.1838 0.4380
vn -0.8417 0.1060 0.5295
vn -0.8418 0.0983 0.5307
vn -0.8413 0.1026 0.5307
vn -0.8413 0.1093 0.5294
vn -0.7813 0.0438 0.6226
vn -0.7802 0.0338 0.6247
vn -0.7803 0.0386 0.6243
vn -0.7813 0.0476 0.6224
vn 0.0386 0.9992 0.0130
vn 0.0382 0.9991 0.0185
vn 0.0386 0.9992 0.0126
vn -0.6988 -0.0081 0.7153
vn -0.6965 -0.0188 0.7173
vn -0.6970 -0.0146 0.7169
vn 0.0389 0.9992 0.0079
vn -0.6991 -0.0047 0.7150
vn -0.0171 0.9998 0.0033
vn -0.0151 0.9999 0.0029
vn -0.0178 0.9998 0.0032
vn -0.0197 0.9998 0.0036
vn 0.6008 0.0534 -0.7976
vn 0.6001 0.0575 -0.7979
vn 0.6032 0.0459 -0.7962
vn 0.6037 0.0423 -0.7961
vn 0.6998 0.0063 -0.7143
vn 0.7000 0.0026 -0.7141
vn 0.6980 0.0131 -0.7160
vn -0.0586 0.9983 0.0040
vn -0.0587 0.9983 0.0009
vn -0.0587 0.9983 0.0031
vn -0.0586 0.9983 0.0065
vn -0.6012 -0.0538 0.7973
vn -0.6001 -0.0548 0.7980
vn -0.5990 -0.0479 0.7993
vn -0.6001 -0.0468 0.7986
vn -0.7017 0.5973 -0.3884
vn -0.7022 0.5982 -0.3860
vn -0.7005 0.6002 -0.3861
vn -0.6999 0.5994 -0.3886
vn -0.0675 0.9977 -0.0058
vn -0.0685 0.9976 -0.0048
vn -0.0673 0.9977 -0.0058
vn -0.0665 0.9978 -0.0064
vn -0.5697 0.0161 0.8217
vn -0.5708 0.0177 0.8209
vn -0.5727 0.0125 0.8196
vn -0.4759 -0.0235 0.8792
vn -0.4725 -0.0347 0.8806
vn -0.4738 -0.0301 0.8801
vn -0.4770 -0.0193 0.8787
vn -0.5717 0.0109 0.8204
vn -0.6606 0.0724 0.7472
vn -0.6621 0.0830 0.7448
vn -0.6616 0.0771 0.7459
vn -0.6126 0.1724 0.7714
vn -0.6125 0.1707 0.7718
vn -0.6108 0.1718 0.7729
vn -0.6110 0.1735 0.7724
vn -0.6599 0.0652 0.7485
vn -0.5350 0.0974 0.8392
vn -0.5368 0.1080 0.8368
vn -0.5358 0.1009 0.8383
vn -0.5338 0.0893 0.8409
vn -0.4896 0.1968 0.8494
vn -0.4888 0.1862 0.8523
vn -0.4895 0.1959 0.8497
vn -0.4904 0.2056 0.8469
vn -0.5497 0.2723 0.7897
vn -0.5495 0.2802 0.7871
vn -0.5498 0.2723 0.7897
vn -0.5501 0.2635 0.7925
vn -0.4760 0.3651 0.8001
vn -0.4768 0.3665 0.7990
vn -0.4762 0.3664 0.7994
vn -0.4753 0.3650 0.8005
vn -0.4301 0.2935 0.8537
vn -0.4316 0.2949 0.8525
vn -0.4308 0.2947 0.8530
vn -0.3970 0.4396 0.8057
vn -0.3974 0.4417 0.8043
vn -0.3970 0.4416 0.8046
vn -0.5144 0.4395 0.7363
vn -0.5134 0.4432 0.7348
vn -0.5148 0.4387 0.7366
vn -0.5160 0.4344 0.7383
vn -0.4271 0.5126 0.7449
vn -0.4262 0.5148 0.7438
vn -0.4276 0.5116 0.7453
vn -0.3250 0.4834 0.8129
vn -0.3250 0.4858 0.8114
vn -0.3246 0.4858 0.8115
vn -0.3497 0.5569 0.7534
vn -0.3490 0.5583 0.7527
vn -0.3501 0.5559 0.7539
vn -0.4286 0.5089 0.7465
vn -0.3965 0.4395 0.8060
vn -0.3245 0.4834 0.8130
vn -0.3616 0.3671 0.8570
vn -0.3624 0.3624 0.8587
vn -0.3615 0.3707 0.8555
vn -0.2957 0.4065 0.8645
vn -0.2965 0.4040 0.8653
vn -0.2955 0.4101 0.8629
vn -0.2949 0.4127 0.8618
vn -0.3610 0.3756 0.8536
vn -0.3241 0.2950 0.8989
vn -0.3247 0.2910 0.8999
vn -0.3242 0.2996 0.8973
vn -0.2639 0.3225 0.9090
vn -0.2648 0.3202 0.9096
vn -0.2638 0.3275 0.9073
vn -0.2631 0.3306 0.9064
vn -0.3241 0.3052 0.8954
vn -0.2861 0.2092 0.9351
vn -0.2869 0.2059 0.9356
vn -0.2864 0.2157 0.9335
vn -0.2319 0.2257 0.9462
vn -0.2325 0.2247 0.9463
vn -0.2318 0.2298 0.9452
vn -0.2312 0.2316 0.9449
vn -0.1648 0.1310 0.9776
vn -0.1643 0.1287 0.9780
vn -0.1642 0.1290 0.9779
vn -0.2081 0.1102 0.9719
vn -0.2084 0.1108 0.9717
vn -0.2086 0.1047 0.9724
vn -0.1836 0.2337 0.9548
vn -0.1836 0.2320 0.9552
vn -0.1838 0.2336 0.9548
vn -0.1608 0.3438 0.9252
vn -0.1605 0.3445 0.9250
vn -0.1610 0.3413 0.9261
vn -0.2096 0.3335 0.9192
vn -0.2103 0.3324 0.9194
vn -0.2094 0.3370 0.9179
vn -0.1389 0.2438 0.9598
vn -0.1387 0.2440 0.9598
vn -0.1389 0.2427 0.9601
vn -0.1391 0.2426 0.9601
vn -0.2089 0.3383 0.9176
vn -0.1615 0.3408 0.9262
vn -0.0968 0.2528 0.9627
vn -0.0969 0.2528 0.9627
vn -0.0968 0.2536 0.9625
vn -0.1161 0.3497 0.9296
vn -0.1161 0.3483 0.9302
vn -0.1162 0.3483 0.9301
vn -0.1163 0.3497 0.9296
vn -0.0967 0.2536 0.9625
vn -0.0811 0.1618 0.9835
vn -0.0809 0.1607 0.9837
vn -0.0809 0.1609 0.9837
vn -0.0810 0.1620 0.9835
vn -0.0585 0.2622 0.9632
vn -0.0590 0.2620 0.9633
vn -0.0589 0.2616 0.9634
vn -0.0448 0.1761 0.9833
vn -0.0445 0.1744 0.9837
vn -0.0444 0.1746 0.9836
vn -0.0446 0.1763 0.9833
vn -0.0357 0.1070 0.9936
vn -0.0354 0.1050 0.9938
vn -0.0352 0.1051 0.9938
vn -0.0714 0.0901 0.9934
vn -0.0716 0.0904 0.9933
vn -0.0719 0.0872 0.9936
vn -0.0304 0.0560 0.9980
vn -0.0305 0.0563 0.9979
vn -0.0309 0.0536 0.9981
vn -0.0356 0.1072 0.9936
vn -0.0306 0.0533 0.9981
vn -0.0673 0.0342 0.9971
vn -0.0681 0.0377 0.9970
vn -0.0683 0.0373 0.9970
vn -0.0717 0.0869 0.9936
vn -0.0674 0.0338 0.9972
vn -0.1091 0.0136 0.9939
vn -0.1103 0.0185 0.9937
vn -0.1104 0.0178 0.9937
vn -0.1117 -0.0242 0.9935
vn -0.1118 -0.0227 0.9935
vn -0.1121 -0.0270 0.9933
vn -0.0614 -0.0148 0.9980
vn -0.0617 -0.0143 0.9980
vn -0.0616 -0.0144 0.9980
vn -0.1091 0.0129 0.9939
vn -0.1121 -0.0276 0.9933
vn -0.1565 -0.0016 0.9877
vn -0.1565 -0.0010 0.9877
vn -0.1568 -0.0072 0.9876
vn -0.1620 -0.0392 0.9860
vn -0.1625 -0.0359 0.9861
vn -0.1625 -0.0361 0.9860
vn -0.1567 -0.0077 0.9876
vn -0.1613 -0.0408 0.9861
vn -0.2192 -0.0532 0.9742
vn -0.2327 -0.0465 0.9714
vn -0.2216 -0.0524 0.9737
vn -0.9158 0.3658 -0.1660
vn -0.9163 0.3648 -0.1655
vn -0.9169 0.3655 -0.1601
vn 0.4452 0.8901 0.0977
vn 0.4446 0.8910 0.0922
vn 0.4445 0.8909 0.0934
vn 0.4451 0.8900 0.0988
vn 0.1621 0.0365 -0.9861
vn 0.1640 0.0402 -0.9856
vn 0.1636 0.0391 -0.9857
vn 0.2197 0.0531 -0.9741
vn 0.2195 0.0499 -0.9743
vn 0.2196 0.0514 -0.9742
vn 0.2198 0.0535 -0.9741
vn -0.9164 0.3665 -0.1607
vn 0.2587 0.0451 -0.9649
vn 0.2610 0.0459 -0.9642
vn 0.2584 0.0433 -0.9651
vn 0.2564 0.0423 -0.9656
vn 0.0308 0.9985 0.0443
vn 0.0308 0.9986 0.0438
vn 0.0308 0.9985 0.0447
vn 0.9064 0.3061 0.2911
vn 0.9010 0.3066 0.3068
vn 0.9010 0.3052 0.3084
vn 0.3939 0.0185 -0.9190
vn 0.3936 0.0170 -0.9191
vn 0.3928 0.0213 -0.9194
vn 0.0310 0.9985 0.0448
vn -0.2581 -0.0440 0.9651
vn -0.2603 -0.0424 0.9646
vn -0.2574 -0.0447 0.9653
vn -0.2558 -0.0460 0.9656
vn 0.9063 0.3046 0.2929
vn -0.3947 -0.0200 0.9186
vn -0.3948 -0.0157 0.9186
vn -0.3954 -0.0174 0.9184
vn -0.3907 -0.0300 0.9200
vn -0.3607 -0.0134 0.9326
vn -0.3604 -0.0144 0.9327
vn -0.3590 -0.0071 0.9333
vn -0.2797 -0.0230 0.9598
vn -0.2761 -0.0336 0.9605
vn -0.2773 -0.0304 0.9603
vn -0.3593 -0.0060 0.9332
vn -0.2804 -0.0206 0.9597
vn -0.2126 -0.0180 0.9770
vn -0.2100 -0.0258 0.9774
vn -0.2105 -0.0241 0.9773
vn -0.2065 0.0270 0.9781
vn -0.2064 0.0264 0.9781
vn -0.2061 0.0339 0.9779
vn -0.2661 0.0248 0.9636
vn -0.2663 0.0255 0.9636
vn -0.2666 0.0170 0.9637
vn -0.2666 0.0163 0.9637
vn -0.3401 0.0500 0.9391
vn -0.3403 0.0510 0.9389
vn -0.3420 0.0457 0.9386
vn -0.3249 0.1355 0.9360
vn -0.3257 0.1394 0.9351
vn -0.3251 0.1365 0.9358
vn -0.2625 0.0956 0.9602
vn -0.2580 0.0827 0.9626
vn -0.2600 0.0879 0.9616
vn -0.2627 0.0971 0.9600
vn -0.3244 0.1320 0.9366
vn -0.2863 0.2237 0.9317
vn -0.3813 0.2214 0.8976
vn -0.3821 0.2294 0.8952
vn -0.3811 0.2203 0.8979
vn -0.4183 0.1185 0.9005
vn -0.4182 0.1200 0.9004
vn -0.4201 0.1182 0.8998
vn -0.3418 0.0448 0.9387
vn -0.2085 0.1042 0.9725
vn -0.2062 0.0346 0.9779
vn -0.4203 0.1167 0.8999
vn -0.4498 0.0362 0.8924
vn -0.4467 0.0240 0.8944
vn -0.4484 0.0309 0.8933
vn -0.4511 0.0418 0.8915
vn -0.2128 -0.0167 0.9770
vn -0.2189 -0.0534 0.9743
vn 0.2784 0.0226 -0.9602
vn 0.2789 0.0306 -0.9598
vn 0.2794 0.0297 -0.9597
vn 0.3620 0.0057 -0.9322
vn 0.3628 0.0020 -0.9319
vn 0.3598 0.0123 -0.9330
vn 0.3897 0.0314 -0.9204
vn 0.3586 0.0169 -0.9333
vn 0.4515 -0.0351 -0.8916
vn 0.4496 -0.0401 -0.8923
vn 0.4489 -0.0384 -0.8928
vn 0.4509 -0.0335 -0.8919
vn 0.4755 0.0303 -0.8792
vn 0.4744 0.0350 -0.8796
vn 0.4777 0.0236 -0.8782
vn 0.4784 0.0195 -0.8779
vn 0.5363 -0.1026 -0.8378
vn 0.5369 -0.1084 -0.8366
vn 0.5355 -0.0989 -0.8387
vn 0.5740 -0.0157 -0.8187
vn 0.5720 -0.0211 -0.8200
vn 0.5708 -0.0193 -0.8208
vn 0.5727 -0.0139 -0.8196
vn 0.6125 -0.1742 -0.7711
vn 0.6123 -0.1805 -0.7698
vn 0.6117 -0.1716 -0.7722
vn 0.5347 -0.0923 -0.8400
vn 0.6621 -0.0786 -0.7453
vn 0.6623 -0.0838 -0.7446
vn 0.6610 -0.0738 -0.7467
vn 0.6606 -0.0677 -0.7477
vn 0.7365 -0.1450 -0.6608
vn 0.7359 -0.1502 -0.6602
vn 0.7357 -0.1413 -0.6624
vn 0.7817 -0.0462 -0.6219
vn 0.7816 -0.0499 -0.6218
vn 0.7807 -0.0407 -0.6236
vn 0.6975 0.0176 -0.7163
vn 0.7806 -0.0361 -0.6239
vn 0.6750 -0.2483 -0.6948
vn 0.6746 -0.2473 -0.6955
vn 0.6739 -0.2469 -0.6963
vn 0.6118 -0.1645 -0.7737
vn 0.6745 -0.2474 -0.6956
vn 0.7361 -0.1353 -0.6632
vn 0.7202 -0.3220 -0.6145
vn 0.7185 -0.3260 -0.6144
vn 0.7192 -0.3211 -0.6162
vn 0.7903 -0.2158 -0.5734
vn 0.7892 -0.2200 -0.5734
vn 0.7896 -0.2138 -0.5752
vn 0.7908 -0.2088 -0.5754
vn 0.7466 -0.3968 -0.5340
vn 0.7450 -0.3990 -0.5345
vn 0.7456 -0.3965 -0.5356
vn 0.7209 -0.3165 -0.6166
vn 0.8225 -0.2936 -0.4870
vn 0.8214 -0.2961 -0.4875
vn 0.8219 -0.2931 -0.4884
vn 0.8231 -0.2904 -0.4881
vn 0.6566 -0.4904 -0.5731
vn 0.6549 -0.4919 -0.5736
vn 0.6554 -0.4902 -0.5746
vn 0.6345 -0.4204 -0.6486
vn 0.6363 -0.4169 -0.6490
vn 0.6358 -0.4205 -0.6473
vn 0.7473 -0.3939 -0.5352
vn 0.6339 -0.4236 -0.6471
vn 0.5148 -0.4389 -0.7365
vn 0.5144 -0.4397 -0.7363
vn 0.5147 -0.4391 -0.7364
vn 0.5990 -0.3481 -0.7212
vn 0.6004 -0.3428 -0.7225
vn 0.6000 -0.3481 -0.7203
vn 0.5433 -0.5069 -0.6692
vn 0.5415 -0.5090 -0.6691
vn 0.5419 -0.5070 -0.6702
vn 0.5153 -0.4380 -0.7366
vn 0.5436 -0.5047 -0.6706
vn 0.4276 -0.5114 -0.7454
vn 0.4271 -0.5120 -0.7453
vn 0.4275 -0.5112 -0.7456
vn 0.4505 -0.5751 -0.6828
vn 0.4490 -0.5764 -0.6828
vn 0.4492 -0.5752 -0.6836
vn 0.4506 -0.5739 -0.6838
vn 0.3500 -0.5562 -0.7538
vn 0.3495 -0.5566 -0.7537
vn 0.3500 -0.5558 -0.7541
vn 0.3691 -0.6185 -0.6937
vn 0.3697 -0.6181 -0.6938
vn 0.3689 -0.6183 -0.6940
vn 0.4282 -0.5103 -0.7458
vn 0.3684 -0.6186 -0.6939
vn 0.4641 -0.6325 -0.6202
vn 0.4630 -0.6328 -0.6207
vn 0.4631 -0.6323 -0.6211
vn 0.4641 -0.6319 -0.6207
vn 0.3820 -0.6731 -0.6333
vn 0.3810 -0.6731 -0.6339
vn 0.3810 -0.6727 -0.6342
vn 0.4681 -0.6846 -0.5588
vn 0.4687 -0.6846 -0.5583
vn 0.4687 -0.6847 -0.5581
vn 0.3869 -0.7214 -0.5744
vn 0.3866 -0.7215 -0.5745
vn 0.3870 -0.7217 -0.5740
vn 0.4681 -0.6847 -0.5586
vn 0.3819 -0.6727 -0.6337
vn 0.3874 -0.7215 -0.5739
vn 0.3194 -0.7873 -0.5274
vn 0.3194 -0.7873 -0.5275
vn 0.3193 -0.7874 -0.5273
vn 0.3856 -0.7649 -0.5159
vn 0.3857 -0.7648 -0.5161
vn 0.3860 -0.7650 -0.5156
vn 0.3183 -0.7458 -0.5852
vn 0.3185 -0.7459 -0.5849
vn 0.3186 -0.7459 -0.5849
vn 0.3184 -0.7458 -0.5852
vn 0.2528 -0.7147 -0.6522
vn 0.2525 -0.7148 -0.6522
vn 0.2530 -0.7150 -0.6518
vn 0.2599 -0.7624 -0.5926
vn 0.2598 -0.7622 -0.5929
vn 0.2597 -0.7622 -0.5930
vn 0.3118 -0.6983 -0.6443
vn 0.3125 -0.6984 -0.6439
vn 0.3126 -0.6986 -0.6436
vn 0.2533 -0.7149 -0.6518
vn 0.3003 -0.6440 -0.7036
vn 0.2998 -0.6442 -0.7036
vn 0.3005 -0.6441 -0.7034
vn 0.3118 -0.6985 -0.6441
vn 0.2413 -0.6593 -0.7121
vn 0.2409 -0.6595 -0.7121
vn 0.2415 -0.6594 -0.7120
vn 0.3010 -0.6438 -0.7035
vn 0.2418 -0.6592 -0.7120
vn 0.2834 -0.5814 -0.7627
vn 0.2829 -0.5817 -0.7626
vn 0.2834 -0.5808 -0.7631
vn 0.2258 -0.5951 -0.7713
vn 0.2254 -0.5953 -0.7712
vn 0.2258 -0.5945 -0.7718
vn 0.2841 -0.5803 -0.7632
vn 0.2618 -0.5088 -0.8201
vn 0.2613 -0.5092 -0.8200
vn 0.2615 -0.5073 -0.8211
vn 0.2064 -0.5209 -0.8283
vn 0.2060 -0.5212 -0.8282
vn 0.2062 -0.5196 -0.8292
vn 0.2264 -0.5942 -0.7718
vn 0.2622 -0.5068 -0.8212
vn 0.2368 -0.4277 -0.8723
vn 0.2363 -0.4283 -0.8722
vn 0.2362 -0.4255 -0.8736
vn 0.1844 -0.4368 -0.8805
vn 0.1839 -0.4372 -0.8804
vn 0.1840 -0.4349 -0.8815
vn 0.2068 -0.5192 -0.8293
vn 0.2370 -0.4248 -0.8737
vn 0.2099 -0.3369 -0.9179
vn 0.2093 -0.3374 -0.9178
vn 0.2092 -0.3346 -0.9188
vn 0.1612 -0.3444 -0.9249
vn 0.1607 -0.3448 -0.9248
vn 0.1607 -0.3423 -0.9258
vn 0.1846 -0.4344 -0.8816
vn 0.2098 -0.3341 -0.9189
vn 0.1841 -0.2340 -0.9546
vn 0.1839 -0.2343 -0.9546
vn 0.1837 -0.2327 -0.9550
vn 0.1390 -0.2441 -0.9597
vn 0.1392 -0.2432 -0.9599
vn 0.1392 -0.2433 -0.9599
vn 0.1611 -0.3419 -0.9258
vn 0.1840 -0.2324 -0.9551
vn 0.1391 -0.2442 -0.9597
vn 0.1218 -0.1462 -0.9817
vn 0.1216 -0.1477 -0.9815
vn 0.1217 -0.1475 -0.9815
vn 0.0811 -0.1610 -0.9836
vn 0.0810 -0.1609 -0.9836
vn 0.0813 -0.1626 -0.9833
vn 0.0968 -0.2535 -0.9625
vn 0.0969 -0.2534 -0.9625
vn 0.0970 -0.2540 -0.9623
vn 0.0969 -0.2541 -0.9623
vn 0.1162 -0.3488 -0.9300
vn 0.1163 -0.3486 -0.9300
vn 0.1165 -0.3500 -0.9295
vn 0.0590 -0.2623 -0.9632
vn 0.0591 -0.2626 -0.9631
vn 0.0590 -0.2621 -0.9632
vn 0.0762 -0.3540 -0.9322
vn 0.0763 -0.3539 -0.9322
vn 0.0765 -0.3549 -0.9318
vn 0.0762 -0.3551 -0.9317
vn 0.0564 -0.4483 -0.8921
vn 0.0562 -0.4484 -0.8921
vn 0.0563 -0.4476 -0.8925
vn 0.0564 -0.4475 -0.8925
vn 0.0947 -0.4439 -0.8911
vn 0.0949 -0.4437 -0.8911
vn 0.0949 -0.4448 -0.8906
vn 0.0400 -0.3600 -0.9321
vn 0.0398 -0.3602 -0.9320
vn 0.0398 -0.3591 -0.9324
vn 0.0727 -0.5328 -0.8431
vn 0.0726 -0.5328 -0.8431
vn 0.0726 -0.5325 -0.8433
vn 0.1128 -0.5289 -0.8412
vn 0.1132 -0.5287 -0.8413
vn 0.1130 -0.5299 -0.8405
vn 0.0727 -0.5325 -0.8433
vn 0.0947 -0.4449 -0.8906
vn 0.1127 -0.5301 -0.8404
vn 0.1371 -0.4420 -0.8865
vn 0.1367 -0.4423 -0.8864
vn 0.1368 -0.4403 -0.8874
vn 0.1569 -0.5257 -0.8361
vn 0.1573 -0.5254 -0.8362
vn 0.1570 -0.5268 -0.8353
vn 0.1373 -0.4400 -0.8875
vn 0.1295 -0.6071 -0.7840
vn 0.1293 -0.6072 -0.7840
vn 0.1295 -0.6067 -0.7843
vn 0.1750 -0.6020 -0.7791
vn 0.1754 -0.6018 -0.7792
vn 0.1750 -0.6025 -0.7787
vn 0.1297 -0.6066 -0.7843
vn 0.1566 -0.5271 -0.8353
vn 0.1437 -0.6750 -0.7237
vn 0.1439 -0.6748 -0.7238
vn 0.1436 -0.6750 -0.7237
vn 0.0880 -0.6110 -0.7867
vn 0.0879 -0.6111 -0.7867
vn 0.0880 -0.6107 -0.7870
vn 0.1018 -0.6798 -0.7263
vn 0.1018 -0.6797 -0.7264
vn 0.1017 -0.6798 -0.7263
vn 0.1016 -0.6797 -0.7264
vn 0.1132 -0.7387 -0.6645
vn 0.1134 -0.7386 -0.6645
vn 0.1131 -0.7385 -0.6647
vn 0.0625 -0.6838 -0.7270
vn 0.0626 -0.6840 -0.7268
vn 0.0739 -0.7425 -0.6658
vn 0.0741 -0.7427 -0.6656
vn 0.0740 -0.7425 -0.6657
vn 0.1131 -0.7386 -0.6646
vn 0.1222 -0.7870 -0.6047
vn 0.1221 -0.7868 -0.6050
vn 0.0839 -0.7911 -0.6059
vn 0.0837 -0.7908 -0.6063
vn 0.0837 -0.7909 -0.6062
vn 0.1220 -0.7869 -0.6049
vn 0.1292 -0.8268 -0.5475
vn 0.1293 -0.8268 -0.5474
vn 0.1294 -0.8269 -0.5472
vn 0.0838 -0.7911 -0.6059
vn 0.0919 -0.8304 -0.5495
vn 0.0918 -0.8303 -0.5497
vn 0.0649 -0.8683 -0.4918
vn 0.0648 -0.8681 -0.4921
vn 0.0648 -0.8680 -0.4922
vn 0.0992 -0.8659 -0.4903
vn 0.0992 -0.8658 -0.4904
vn 0.0561 -0.8327 -0.5509
vn 0.0562 -0.8329 -0.5505
vn 0.0565 -0.8331 -0.5503
vn 0.0219 -0.8345 -0.5505
vn 0.0219 -0.8342 -0.5510
vn 0.0471 -0.7935 -0.6067
vn 0.0471 -0.7935 -0.6068
vn 0.0471 -0.7934 -0.6069
vn 0.0119 -0.7949 -0.6066
vn 0.0119 -0.7948 -0.6067
vn 0.0119 -0.7949 -0.6067
vn -0.0226 -0.7955 -0.6056
vn -0.0226 -0.7953 -0.6058
vn 0.0012 -0.7470 -0.6648
vn 0.0011 -0.7470 -0.6648
vn 0.0013 -0.7467 -0.6652
vn -0.0336 -0.7481 -0.6627
vn -0.0337 -0.7480 -0.6628
vn 0.0012 -0.7471 -0.6647
vn -0.0105 -0.6894 -0.7243
vn -0.0104 -0.6895 -0.7242
vn -0.0451 -0.6915 -0.7209
vn -0.0449 -0.6917 -0.7208
vn -0.0105 -0.6895 -0.7242
vn -0.0229 -0.6221 -0.7826
vn -0.0229 -0.6223 -0.7824
vn -0.0566 -0.6259 -0.7779
vn -0.0565 -0.6261 -0.7777
vn -0.0450 -0.6916 -0.7208
vn -0.0355 -0.5464 -0.8368
vn -0.0355 -0.5467 -0.8366
vn -0.0680 -0.5521 -0.8310
vn -0.0680 -0.5520 -0.8310
vn -0.0679 -0.5528 -0.8305
vn -0.0355 -0.5468 -0.8365
vn -0.0483 -0.4650 -0.8840
vn -0.0483 -0.4651 -0.8839
vn -0.0482 -0.4656 -0.8837
vn -0.0792 -0.4724 -0.8778
vn -0.0792 -0.4723 -0.8779
vn -0.0789 -0.4735 -0.8772
vn -0.0678 -0.5529 -0.8305
vn -0.0606 -0.3808 -0.9227
vn -0.0605 -0.3816 -0.9223
vn -0.0901 -0.3893 -0.9167
vn -0.0901 -0.3901 -0.9164
vn -0.0901 -0.3900 -0.9164
vn -0.0604 -0.3817 -0.9223
vn -0.1011 -0.3057 -0.9467
vn -0.1012 -0.3057 -0.9467
vn -0.1009 -0.3069 -0.9464
vn -0.1296 -0.3149 -0.9403
vn -0.1295 -0.3149 -0.9403
vn -0.1293 -0.3161 -0.9399
vn -0.1192 -0.3994 -0.9090
vn -0.1192 -0.3980 -0.9096
vn -0.1192 -0.3981 -0.9095
vn -0.1010 -0.3069 -0.9464
vn -0.1118 -0.2282 -0.9672
vn -0.1118 -0.2283 -0.9671
vn -0.1117 -0.2282 -0.9672
vn -0.1293 -0.3162 -0.9399
vn -0.1399 -0.2360 -0.9616
vn -0.1398 -0.2356 -0.9618
vn -0.1397 -0.2357 -0.9617
vn -0.1497 -0.1714 -0.9738
vn -0.1500 -0.1729 -0.9735
vn -0.1500 -0.1727 -0.9735
vn -0.1498 -0.1711 -0.9738
vn -0.1212 -0.1656 -0.9787
vn -0.1211 -0.1653 -0.9788
vn -0.1211 -0.1652 -0.9788
vn -0.1291 -0.1182 -0.9846
vn -0.1289 -0.1170 -0.9847
vn -0.1289 -0.1172 -0.9847
vn -0.1586 -0.1237 -0.9796
vn -0.1588 -0.1250 -0.9794
vn -0.1589 -0.1248 -0.9794
vn -0.1211 -0.1657 -0.9787
vn -0.1586 -0.1234 -0.9796
vn -0.1907 -0.0484 -0.9804
vn -0.1963 -0.0565 -0.9789
vn -0.1948 -0.0516 -0.9795
vn -0.1889 -0.1298 -0.9734
vn -0.1893 -0.1324 -0.9729
vn -0.1895 -0.1320 -0.9730
vn -0.1861 -0.0508 -0.9812
vn -0.1864 -0.0559 -0.9809
vn -0.7999 0.5863 0.1281
vn -0.7998 0.5866 0.1278
vn -0.8002 0.5868 0.1239
vn -0.1918 -0.0633 -0.9794
vn 0.5201 0.8499 -0.0848
vn 0.5210 0.8497 -0.0814
vn 0.5211 0.8495 -0.0819
vn 0.1822 0.0567 0.9816
vn 0.1886 0.0498 0.9808
vn 0.1893 0.0536 0.9805
vn 0.1955 0.0512 0.9794
vn -0.8003 0.5866 0.1242
vn 0.5203 0.8497 -0.0852
vn 0.2550 0.0592 0.9651
vn 0.2593 0.0465 0.9647
vn 0.2613 0.0440 0.9643
vn 0.2541 0.0611 0.9653
vn 0.6201 0.7724 -0.1373
vn 0.6193 0.7726 -0.1398
vn 0.6192 0.7728 -0.1395
vn 0.1957 0.0560 0.9791
vn 0.2206 0.1413 0.9651
vn 0.2208 0.1387 0.9654
vn 0.2207 0.1387 0.9654
vn 0.1891 0.1328 0.9729
vn 0.1892 0.1305 0.9732
vn 0.1891 0.1305 0.9732
vn 0.2204 0.1413 0.9651
vn 0.2409 0.1924 0.9513
vn 0.2413 0.1896 0.9518
vn 0.2412 0.1896 0.9518
vn 0.2408 0.1925 0.9513
vn 0.2096 0.1824 0.9606
vn 0.2092 0.1815 0.9609
vn 0.2097 0.1855 0.9600
vn 0.2539 0.1496 0.9556
vn 0.2535 0.1476 0.9560
vn 0.2539 0.1537 0.9549
vn 0.2543 0.1551 0.9546
vn 0.2100 0.1861 0.9598
vn 0.1795 0.1792 0.9673
vn 0.1796 0.1775 0.9676
vn 0.1794 0.1792 0.9673
vn 0.1690 0.2425 0.9553
vn 0.1690 0.2424 0.9553
vn 0.1977 0.2484 0.9483
vn 0.1976 0.2496 0.9480
vn 0.1977 0.2496 0.9479
vn 0.1978 0.2483 0.9483
vn 0.2148 0.3426 0.9146
vn 0.2148 0.3425 0.9146
vn 0.2145 0.3453 0.9136
vn 0.2266 0.2491 0.9416
vn 0.2264 0.2523 0.9408
vn 0.2265 0.2522 0.9408
vn 0.1868 0.3310 0.9250
vn 0.1868 0.3309 0.9250
vn 0.1868 0.3329 0.9243
vn 0.1868 0.3331 0.9242
vn 0.1583 0.3240 0.9327
vn 0.1586 0.3228 0.9331
vn 0.1586 0.3229 0.9331
vn 0.1491 0.4068 0.9013
vn 0.1491 0.4066 0.9013
vn 0.1489 0.4090 0.9003
vn 0.1490 0.4091 0.9003
vn 0.1794 0.4154 0.8918
vn 0.1793 0.4153 0.8918
vn 0.1790 0.4177 0.8908
vn 0.1584 0.3240 0.9327
vn 0.1410 0.4883 0.8612
vn 0.1404 0.4901 0.8603
vn 0.1405 0.4899 0.8604
vn 0.1791 0.4177 0.8907
vn 0.1739 0.4936 0.8522
vn 0.1729 0.4963 0.8508
vn 0.1732 0.4959 0.8509
vn 0.1741 0.4932 0.8523
vn 0.1684 0.5670 0.8063
vn 0.1683 0.5669 0.8064
vn 0.1679 0.5686 0.8053
vn 0.1680 0.5686 0.8053
vn 0.2117 0.5022 0.8384
vn 0.2134 0.4974 0.8409
vn 0.2128 0.4984 0.8404
vn 0.2143 0.5692 0.7938
vn 0.2129 0.5723 0.7919
vn 0.2135 0.5717 0.7922
vn 0.2149 0.5685 0.7942
vn 0.2147 0.6355 0.7416
vn 0.2138 0.6366 0.7409
vn 0.2142 0.6365 0.7409
vn 0.2628 0.5706 0.7780
vn 0.2627 0.5707 0.7780
vn 0.2620 0.5727 0.7767
vn 0.2636 0.6370 0.7244
vn 0.2643 0.6362 0.7249
vn 0.2638 0.6365 0.7247
vn 0.2632 0.6372 0.7243
vn 0.2621 0.5727 0.7767
vn 0.2620 0.6908 0.6739
vn 0.2623 0.6909 0.6737
vn 0.2620 0.6910 0.6737
vn 0.2125 0.6925 0.6894
vn 0.2122 0.6923 0.6897
vn 0.2124 0.6923 0.6896
vn 0.2152 0.6351 0.7418
vn 0.2618 0.6908 0.6740
vn 0.2577 0.7354 0.6268
vn 0.2575 0.7355 0.6267
vn 0.2571 0.7349 0.6276
vn 0.2572 0.7348 0.6277
vn 0.3196 0.7264 0.6084
vn 0.3198 0.7273 0.6073
vn 0.3193 0.7272 0.6076
vn 0.3180 0.6850 0.6555
vn 0.3186 0.6853 0.6548
vn 0.3179 0.6856 0.6549
vn 0.3192 0.7264 0.6087
vn 0.4245 0.7346 0.5294
vn 0.4246 0.7352 0.5284
vn 0.4242 0.7352 0.5288
vn 0.4241 0.7345 0.5298
vn 0.3160 0.7609 0.5668
vn 0.3159 0.7602 0.5676
vn 0.3162 0.7603 0.5674
vn 0.4220 0.7040 0.5712
vn 0.4225 0.7051 0.5695
vn 0.4215 0.7052 0.5701
vn 0.5531 0.6571 0.5122
vn 0.5536 0.6577 0.5109
vn 0.5525 0.6581 0.5116
vn 0.4211 0.7039 0.5720
vn 0.5570 0.6835 0.4718
vn 0.5570 0.6839 0.4712
vn 0.5567 0.6838 0.4716
vn 0.5566 0.6835 0.4722
vn 0.6565 0.6354 0.4065
vn 0.6573 0.6361 0.4041
vn 0.6560 0.6356 0.4072
vn 0.5450 0.7168 0.4349
vn 0.5449 0.7168 0.4350
vn 0.5450 0.7169 0.4348
vn 0.6554 0.6350 0.4088
vn 0.6494 0.6667 0.3659
vn 0.6493 0.6666 0.3661
vn 0.6493 0.6668 0.3657
vn 0.5452 0.7169 0.4345
vn 0.6495 0.6668 0.3654
vn 0.6313 0.6961 0.3420
vn 0.6314 0.6961 0.3417
vn 0.6318 0.6959 0.3414
vn 0.7164 0.6418 0.2738
vn 0.7161 0.6420 0.2740
vn 0.7160 0.6421 0.2740
vn 0.7296 0.6178 0.2934
vn 0.7295 0.6173 0.2947
vn 0.7303 0.6171 0.2929
vn 0.7160 0.6420 0.2741
vn 0.7305 0.6177 0.2913
vn 0.1554 0.5619 -0.8125
vn 0.1566 0.5638 -0.8109
vn 0.1561 0.5616 -0.8125
vn -0.4237 0.2520 0.8700
vn -0.4252 0.2533 0.8689
vn -0.4239 0.2529 0.8697
vn 0.8850 0.2188 0.4109
vn 0.8899 0.2218 0.3987
vn 0.8850 0.2182 0.4114
vn 0.1546 0.5593 -0.8144
vn 0.9197 0.3177 0.2308
vn 0.9095 0.3243 0.2603
vn 0.9189 0.3157 0.2366
vn -0.3023 0.2549 0.9185
vn -0.3051 0.2481 0.9194
vn -0.3007 0.2546 0.9191
vn 0.9228 0.3166 0.2198
vn -0.2980 0.2611 0.9182
vn 0.7791 0.5912 0.2086
vn 0.7788 0.5911 0.2099
vn 0.7792 0.5909 0.2091
vn 0.7795 0.5909 0.2080
vn 0.9656 0.2500 0.0709
vn 0.9587 0.2751 0.0727
vn 0.9599 0.2692 0.0788
vn 0.0618 0.5218 -0.8508
vn 0.0601 0.5220 -0.8508
vn 0.0610 0.5216 -0.8510
vn 0.9629 0.2574 0.0811
vn -0.9153 -0.3295 -0.2315
vn -0.9102 -0.3375 -0.2400
vn -0.9168 -0.3220 -0.2364
vn -0.9162 -0.3235 -0.2364
vn -0.7926 -0.5740 -0.2057
vn -0.7940 -0.5730 -0.2032
vn -0.7936 -0.5721 -0.2070
vn -0.7925 -0.5728 -0.2095
vn -0.9585 -0.2726 -0.0830
vn -0.9549 -0.2743 -0.1137
vn -0.9574 -0.2822 -0.0612
vn 0.0628 0.5214 -0.8510
vn -0.9303 -0.2718 -0.2462
vn -0.9233 -0.2710 -0.2722
vn -0.9176 -0.2849 -0.2774
vn -0.9607 -0.2721 -0.0556
vn -0.2456 0.6726 0.6981
vn -0.2454 0.6710 0.6997
vn -0.2452 0.6724 0.6984
vn -0.9316 -0.2757 -0.2367
vn -0.8190 -0.5670 -0.0883
vn -0.8199 -0.5659 -0.0874
vn -0.8203 -0.5648 -0.0901
vn -0.8194 -0.5660 -0.0910
vn -0.8185 -0.5702 -0.0697
vn -0.8172 -0.5715 -0.0738
vn -0.8162 -0.5732 -0.0722
vn -0.9526 -0.2895 0.0930
vn -0.9516 -0.2829 0.1205
vn -0.9554 -0.2695 0.1207
vn -0.8175 -0.5718 -0.0680
vn -0.7827 -0.6222 -0.0196
vn -0.7807 -0.6243 -0.0278
vn -0.7792 -0.6263 -0.0234
vn -0.7815 -0.6238 -0.0152
vn -0.9657 -0.2528 -0.0597
vn -0.9643 -0.2510 -0.0842
vn -0.9629 -0.2586 -0.0773
vn -0.9588 -0.2690 0.0910
vn -0.9664 -0.2558 -0.0239
vn -0.0236 0.3788 0.9252
vn -0.0232 0.3791 0.9251
vn -0.0235 0.3789 0.9251
vn -0.1316 0.7327 -0.6677
vn -0.1311 0.7326 -0.6679
vn -0.1322 0.7315 -0.6689
vn -0.1330 0.7313 -0.6689
vn 0.9568 0.2601 -0.1302
vn 0.9519 0.2767 -0.1315
vn 0.9537 0.2829 -0.1021
vn 0.9590 0.2641 -0.1026
vn -0.2455 0.6735 0.6972
vn 0.9298 0.2660 0.2543
vn 0.9319 0.2698 0.2422
vn 0.9163 0.2781 0.2883
vn 0.8099 0.5820 0.0739
vn 0.8086 0.5840 0.0713
vn 0.8072 0.5854 0.0754
vn 0.8110 0.5786 0.0865
vn 0.8115 0.5776 0.0890
vn 0.8125 0.5763 0.0877
vn 0.8120 0.5773 0.0853
vn 0.9226 0.2617 0.2834
vn 0.8085 0.5834 0.0775
vn 0.6620 0.7494 0.0118
vn 0.6627 0.7487 0.0165
vn 0.6649 0.7468 0.0095
vn 0.6643 0.7475 0.0047
vn 0.7090 0.7032 0.0534
vn 0.7083 0.7041 0.0509
vn 0.7067 0.7054 0.0547
vn 0.7693 0.6386 0.0208
vn 0.7704 0.6371 0.0245
vn 0.7717 0.6357 0.0194
vn 0.5974 0.8008 -0.0442
vn 0.5974 0.8011 -0.0379
vn 0.5993 0.7992 -0.0463
vn 0.5995 0.7986 -0.0529
vn 0.7022 0.7100 -0.0534
vn 0.7031 0.7094 -0.0486
vn 0.7036 0.7084 -0.0548
vn 0.7702 0.6376 0.0152
vn 0.7954 0.6008 -0.0801
vn 0.7963 0.5999 -0.0775
vn 0.7960 0.5999 -0.0807
vn 0.7028 0.7089 -0.0597
vn 0.9684 0.2423 0.0596
vn 0.9654 0.2528 0.0645
vn 0.9714 0.2280 0.0665
vn 0.6982 0.6902 -0.1902
vn 0.6989 0.6901 -0.1877
vn 0.6984 0.6900 -0.1900
vn 0.6193 0.7720 -0.1433
vn 0.6188 0.7711 -0.1499
vn 0.6187 0.7725 -0.1432
vn 0.7950 0.6008 -0.0836
vn 0.6192 0.7732 -0.1370
vn 0.4598 0.8709 -0.1736
vn 0.4608 0.8688 -0.1811
vn 0.4600 0.8705 -0.1751
vn 0.4591 0.8723 -0.1681
vn 0.5272 0.8424 -0.1115
vn 0.5279 0.8409 -0.1187
vn 0.5265 0.8429 -0.1111
vn 0.5334 0.8155 -0.2246
vn 0.5336 0.8167 -0.2197
vn 0.5333 0.8159 -0.2232
vn 0.3963 0.8926 -0.2150
vn 0.3976 0.8897 -0.2245
vn 0.3972 0.8913 -0.2186
vn 0.3959 0.8941 -0.2095
vn 0.4626 0.8434 -0.2731
vn 0.4628 0.8454 -0.2668
vn 0.4623 0.8446 -0.2701
vn 0.5331 0.8146 -0.2284
vn 0.5967 0.7513 -0.2819
vn 0.5971 0.7510 -0.2818
vn 0.5969 0.7517 -0.2804
vn 0.5159 0.7920 -0.3263
vn 0.5155 0.7922 -0.3265
vn 0.5159 0.7912 -0.3285
vn 0.4621 0.8425 -0.2768
vn 0.5163 0.7910 -0.3283
vn 0.4408 0.8249 -0.3539
vn 0.4416 0.8264 -0.3493
vn 0.4407 0.8262 -0.3511
vn 0.4399 0.8245 -0.3559
vn 0.4787 0.7804 -0.4024
vn 0.4795 0.7812 -0.3997
vn 0.4789 0.7811 -0.4006
vn 0.5595 0.7346 -0.3839
vn 0.5586 0.7342 -0.3858
vn 0.5594 0.7342 -0.3848
vn 0.5600 0.7346 -0.3831
vn 0.5947 0.6724 -0.4407
vn 0.5946 0.6725 -0.4407
vn 0.5949 0.6727 -0.4400
vn 0.6402 0.6871 -0.3436
vn 0.6406 0.6871 -0.3428
vn 0.6405 0.6870 -0.3432
vn 0.6749 0.6107 -0.4142
vn 0.6739 0.6108 -0.4157
vn 0.6742 0.6110 -0.4149
vn 0.5948 0.6726 -0.4402
vn 0.6748 0.6112 -0.4135
vn 0.6940 0.5258 -0.4919
vn 0.6941 0.5259 -0.4916
vn 0.6940 0.5260 -0.4917
vn 0.8888 0.1840 -0.4196
vn 0.8885 0.1832 -0.4208
vn 0.8872 0.1866 -0.4219
vn 0.9113 0.4033 -0.0825
vn 0.9291 0.3596 -0.0859
vn 0.9163 0.3711 -0.1506
vn 0.8831 0.2102 -0.4194
vn 0.6938 0.5259 -0.4920
vn 0.7025 0.4543 -0.5479
vn 0.7030 0.4533 -0.5480
vn 0.7026 0.4540 -0.5479
vn 0.9227 0.3286 -0.2016
vn 0.7694 0.0692 -0.6350
vn 0.7708 0.1009 -0.6290
vn 0.7716 0.0693 -0.6323
vn 0.7023 0.4548 -0.5477
vn 0.6969 0.3866 -0.6040
vn 0.6965 0.3881 -0.6035
vn 0.6968 0.3870 -0.6039
vn 0.6973 0.3855 -0.6043
vn 0.8898 0.2181 -0.4008
vn 0.8918 0.1804 -0.4149
vn 0.8800 0.1917 -0.4345
vn 0.7708 0.0623 -0.6340
vn -0.5351 0.3592 -0.7646
vn -0.5404 0.3575 -0.7617
vn -0.5459 0.3640 -0.7546
vn -0.5391 0.3652 -0.7589
vn 0.8530 0.1260 -0.5064
vn 0.4287 0.6526 0.6248
vn 0.4285 0.6525 0.6250
vn 0.4286 0.6525 0.6250
vn -0.8011 -0.0891 0.5919
vn -0.8012 -0.0850 0.5923
vn -0.7996 -0.0903 0.5937
vn -0.8722 -0.2159 0.4389
vn -0.8772 -0.1963 0.4382
vn -0.8882 -0.2130 0.4071
vn 0.4288 0.6526 0.6247
vn -0.7145 -0.0435 0.6982
vn -0.7145 -0.0393 0.6986
vn -0.7134 -0.0455 0.6993
vn -0.7157 -0.0672 0.6952
vn -0.8836 -0.2221 0.4122
vn -0.6845 0.3503 -0.6394
vn -0.6762 0.3505 -0.6480
vn -0.6748 0.3437 -0.6530
vn -0.6824 0.3435 -0.6453
vn 0.7099 0.3575 0.6068
vn 0.7100 0.3574 0.6068
vn 0.7102 0.3574 0.6066
vn 0.7100 0.3576 0.6067
vn 0.7019 0.0366 -0.7113
vn 0.7007 0.0300 -0.7128
vn 0.7002 0.0355 -0.7130
vn -0.6972 0.5844 -0.4151
vn -0.7001 0.5854 -0.4088
vn -0.6988 0.5870 -0.4088
vn 0.6271 0.1272 -0.7685
vn 0.6271 0.1250 -0.7688
vn 0.6269 0.1266 -0.7687
vn 0.6772 0.3275 -0.6589
vn 0.6765 0.3312 -0.6578
vn 0.6770 0.3287 -0.6586
vn 0.6273 0.1354 -0.7669
vn 0.7034 0.0634 -0.7079
vn 0.5351 0.3425 -0.7722
vn 0.5321 0.3604 -0.7662
vn 0.5347 0.3453 -0.7713
vn 0.4402 0.2856 -0.8513
vn 0.4419 0.2601 -0.8585
vn 0.4410 0.2800 -0.8527
vn 0.4392 0.2998 -0.8469
vn 0.5916 0.1921 -0.7830
vn 0.5860 0.1582 -0.7947
vn 0.5847 0.1703 -0.7932
vn 0.4117 0.1437 -0.8999
vn 0.4115 0.1409 -0.9004
vn 0.4118 0.1432 -0.8999
vn 0.3848 0.2306 -0.8937
vn 0.3847 0.2374 -0.8920
vn 0.3845 0.2338 -0.8930
vn 0.3848 0.2256 -0.8950
vn 0.5305 0.0673 -0.8450
vn 0.4708 0.8005 0.3709
vn 0.4717 0.8028 0.3646
vn 0.4705 0.8024 0.3672
vn 0.4118 0.1439 -0.8999
vn -0.7626 0.5850 -0.2761
vn -0.7659 0.5862 -0.2641
vn -0.7652 0.5874 -0.2636
vn 0.4695 0.8001 0.3735
vn -0.6262 -0.1336 0.7682
vn -0.6262 -0.1318 0.7684
vn -0.6258 -0.1347 0.7683
vn -0.5769 -0.1903 0.7943
vn -0.5826 -0.1688 0.7950
vn -0.5883 -0.1769 0.7891
vn -0.6961 0.5860 -0.4149
vn -0.5807 -0.1972 0.7899
vn -0.4450 -0.2849 0.8490
vn -0.4438 -0.2980 0.8451
vn -0.4450 -0.2802 0.8506
vn -0.5343 -0.3421 0.7730
vn -0.5360 -0.3409 0.7724
vn -0.5357 -0.3421 0.7720
vn -0.5340 -0.3425 0.7730
vn -0.6263 -0.1427 0.7664
vn -0.4461 -0.2641 0.8551
vn -0.3870 -0.3510 0.8527
vn -0.3877 -0.3463 0.8543
vn -0.3870 -0.3508 0.8527
vn -0.3865 -0.3551 0.8512
vn -0.4188 -0.4403 0.7942
vn -0.4195 -0.4390 0.7945
vn -0.4199 -0.4418 0.7928
vn -0.4194 -0.4428 0.7925
vn -0.3536 -0.4849 0.7999
vn -0.3533 -0.4852 0.7999
vn -0.3533 -0.4834 0.8009
vn -0.4734 -0.4993 0.7257
vn -0.4759 -0.4969 0.7257
vn -0.4741 -0.5019 0.7234
vn -0.3591 -0.5591 0.7473
vn -0.3588 -0.5593 0.7473
vn -0.3592 -0.5576 0.7484
vn -0.3598 -0.5573 0.7483
vn -0.3662 -0.6429 0.6728
vn -0.3673 -0.6426 0.6724
vn -0.3655 -0.6436 0.6724
vn -0.3033 -0.5867 0.7508
vn -0.3031 -0.5868 0.7509
vn -0.3035 -0.5854 0.7518
vn -0.2991 -0.6535 0.6953
vn -0.2985 -0.6542 0.6950
vn -0.2986 -0.6539 0.6951
vn -0.2992 -0.6532 0.6956
vn -0.2494 -0.6671 0.7020
vn -0.2493 -0.6671 0.7021
vn -0.2496 -0.6667 0.7023
vn -0.2498 -0.6667 0.7022
vn -0.3039 -0.5853 0.7517
vn -0.2570 -0.6007 0.7570
vn -0.2569 -0.6008 0.7570
vn -0.2573 -0.5996 0.7578
vn -0.2575 -0.5995 0.7578
vn -0.3043 -0.5169 0.8001
vn -0.3047 -0.5167 0.8001
vn -0.3042 -0.5190 0.7988
vn -0.3039 -0.5192 0.7988
vn -0.2621 -0.5311 0.8057
vn -0.2619 -0.5312 0.8058
vn -0.2624 -0.5289 0.8071
vn -0.3030 -0.4489 0.8406
vn -0.3034 -0.4487 0.8406
vn -0.3029 -0.4516 0.8392
vn -0.3027 -0.4518 0.8392
vn -0.2661 -0.4568 0.8488
vn -0.2658 -0.4570 0.8488
vn -0.2663 -0.4542 0.8502
vn -0.2627 -0.5287 0.8071
vn -0.3019 -0.3786 0.8749
vn -0.3034 -0.3739 0.8764
vn -0.3033 -0.3748 0.8761
vn -0.2720 -0.3712 0.8878
vn -0.2709 -0.3746 0.8867
vn -0.2710 -0.3740 0.8870
vn -0.2720 -0.3709 0.8879
vn -0.2666 -0.4540 0.8502
vn -0.2440 -0.3622 0.8996
vn -0.2439 -0.3623 0.8996
vn -0.2440 -0.3608 0.9002
vn -0.2345 -0.4471 0.8632
vn -0.2346 -0.4470 0.8632
vn -0.2342 -0.4499 0.8618
vn -0.2340 -0.4500 0.8618
vn -0.1933 -0.5238 0.8296
vn -0.1932 -0.5239 0.8296
vn -0.1935 -0.5220 0.8307
vn -0.2257 -0.5300 0.8174
vn -0.2266 -0.5279 0.8185
vn -0.2266 -0.5282 0.8184
vn -0.1936 -0.5219 0.8308
vn -0.2257 -0.5304 0.8172
vn -0.2042 -0.4402 0.8744
vn -0.2041 -0.4402 0.8744
vn -0.2042 -0.4385 0.8752
vn -0.1745 -0.4306 0.8855
vn -0.1745 -0.4307 0.8855
vn -0.1745 -0.4291 0.8862
vn -0.1622 -0.5135 0.8426
vn -0.1622 -0.5134 0.8427
vn -0.1621 -0.5150 0.8417
vn -0.2043 -0.4384 0.8753
vn -0.1496 -0.5934 0.7909
vn -0.1495 -0.5933 0.7910
vn -0.1495 -0.5942 0.7903
vn -0.1318 -0.5057 0.8526
vn -0.1318 -0.5058 0.8525
vn -0.1318 -0.5045 0.8533
vn -0.1174 -0.5864 0.8015
vn -0.1173 -0.5864 0.8015
vn -0.1173 -0.5871 0.8010
vn -0.1174 -0.5871 0.8009
vn -0.1023 -0.6615 0.7429
vn -0.1022 -0.6618 0.7427
vn -0.1023 -0.6618 0.7426
vn -0.0846 -0.5809 0.8096
vn -0.0847 -0.5809 0.8095
vn -0.0846 -0.5805 0.8098
vn -0.0682 -0.6577 0.7502
vn -0.0681 -0.6576 0.7503
vn -0.0682 -0.6578 0.7501
vn -0.0157 -0.7230 0.6907
vn -0.0157 -0.7232 0.6905
vn -0.0155 -0.7232 0.6905
vn -0.0154 -0.7231 0.6906
vn -0.0516 -0.7255 0.6863
vn -0.0515 -0.7255 0.6863
vn -0.0516 -0.7254 0.6863
vn -0.0325 -0.6543 0.7556
vn -0.0325 -0.6542 0.7556
vn -0.0324 -0.6541 0.7557
vn 0.0007 -0.7809 0.6246
vn 0.0009 -0.7811 0.6244
vn 0.0007 -0.7810 0.6246
vn -0.0358 -0.7825 0.6216
vn -0.0358 -0.7826 0.6215
vn 0.0005 -0.7808 0.6247
vn -0.0517 -0.7255 0.6863
vn -0.0358 -0.7825 0.6217
vn -0.0868 -0.7276 0.6804
vn -0.0869 -0.7277 0.6804
vn -0.0868 -0.7277 0.6804
vn -0.0713 -0.7836 0.6171
vn -0.0714 -0.7835 0.6173
vn -0.0868 -0.7276 0.6805
vn -0.0214 -0.8285 0.5595
vn -0.0214 -0.8286 0.5594
vn -0.0213 -0.8288 0.5592
vn -0.0565 -0.8292 0.5561
vn -0.0565 -0.8291 0.5562
vn -0.0212 -0.8288 0.5591
vn -0.0714 -0.7835 0.6172
vn -0.0566 -0.8294 0.5558
vn -0.0419 -0.8664 0.4976
vn -0.0419 -0.8664 0.4975
vn -0.0419 -0.8663 0.4978
vn -0.0767 -0.8658 0.4945
vn -0.0768 -0.8658 0.4945
vn -0.0767 -0.8661 0.4940
vn -0.0419 -0.8662 0.4979
vn -0.0920 -0.8288 0.5519
vn -0.0919 -0.8288 0.5519
vn -0.0922 -0.8286 0.5522
vn -0.0922 -0.8287 0.5520
vn -0.1438 -0.7833 0.6048
vn -0.1438 -0.7832 0.6049
vn -0.1438 -0.7834 0.6047
vn -0.1288 -0.8278 0.5461
vn -0.1287 -0.8276 0.5464
vn -0.1070 -0.7837 0.6119
vn -0.1071 -0.7836 0.6119
vn -0.1070 -0.7839 0.6116
vn -0.1438 -0.7834 0.6046
vn -0.1578 -0.7308 0.6641
vn -0.1578 -0.7310 0.6639
vn -0.1218 -0.7297 0.6729
vn -0.1218 -0.7297 0.6728
vn -0.1218 -0.7298 0.6728
vn -0.1070 -0.7840 0.6115
vn -0.1705 -0.6700 0.7225
vn -0.1706 -0.6697 0.7228
vn -0.1359 -0.6663 0.7332
vn -0.1359 -0.6660 0.7334
vn -0.1707 -0.6696 0.7228
vn -0.1824 -0.6005 0.7786
vn -0.1823 -0.6005 0.7786
vn -0.1825 -0.5994 0.7794
vn -0.1826 -0.5993 0.7794
vn -0.2176 -0.6037 0.7669
vn -0.2174 -0.6038 0.7669
vn -0.2178 -0.6026 0.7678
vn -0.2078 -0.6708 0.7119
vn -0.2080 -0.6708 0.7119
vn -0.2077 -0.6711 0.7117
vn -0.2180 -0.6025 0.7678
vn -0.2076 -0.6711 0.7117
vn -0.1963 -0.7304 0.6542
vn -0.1963 -0.7301 0.6545
vn -0.1963 -0.7302 0.6545
vn -0.2396 -0.7256 0.6450
vn -0.2396 -0.7256 0.6451
vn -0.2397 -0.7258 0.6447
vn -0.2274 -0.7768 0.5872
vn -0.2275 -0.7769 0.5871
vn -0.2274 -0.7764 0.5878
vn -0.1833 -0.7816 0.5962
vn -0.1834 -0.7816 0.5962
vn -0.1833 -0.7812 0.5967
vn -0.2399 -0.7259 0.6446
vn -0.1833 -0.7812 0.5968
vn -0.2273 -0.7763 0.5880
vn -0.2124 -0.8207 0.5304
vn -0.2124 -0.8205 0.5308
vn -0.1683 -0.8251 0.5393
vn -0.1684 -0.8252 0.5392
vn -0.1684 -0.8250 0.5395
vn -0.1683 -0.8249 0.5396
vn -0.1518 -0.8617 0.4842
vn -0.1516 -0.8622 0.4833
vn -0.1515 -0.8622 0.4834
vn -0.1517 -0.8616 0.4843
vn -0.1287 -0.8279 0.5460
vn -0.1128 -0.8644 0.4899
vn -0.1129 -0.8644 0.4900
vn -0.1128 -0.8646 0.4896
vn -0.0606 -0.8979 0.4360
vn -0.0606 -0.8980 0.4358
vn -0.0606 -0.8975 0.4369
vn -0.0954 -0.8958 0.4342
vn -0.0956 -0.8956 0.4344
vn -0.0956 -0.8967 0.4322
vn -0.0607 -0.8974 0.4369
vn -0.0767 -0.8661 0.4939
vn -0.0438 -0.9246 0.3784
vn -0.0439 -0.9246 0.3785
vn -0.0438 -0.9252 0.3769
vn -0.0270 -0.8987 0.4378
vn -0.0270 -0.8987 0.4377
vn -0.0271 -0.8983 0.4386
vn -0.0119 -0.9257 0.3781
vn -0.0115 -0.9264 0.3765
vn -0.0115 -0.9263 0.3767
vn -0.0438 -0.9253 0.3767
vn -0.0268 -0.9468 0.3207
vn -0.0269 -0.9467 0.3209
vn -0.0269 -0.9475 0.3185
vn -0.0118 -0.9257 0.3782
vn 0.0033 -0.9480 0.3184
vn 0.0033 -0.9479 0.3185
vn 0.0032 -0.9485 0.3167
vn 0.0034 -0.9486 0.3165
vn 0.0174 -0.9649 0.2619
vn 0.0173 -0.9649 0.2621
vn 0.0173 -0.9655 0.2598
vn 0.0328 -0.9484 0.3153
vn 0.0329 -0.9485 0.3151
vn 0.0328 -0.9479 0.3168
vn 0.0448 -0.9651 0.2581
vn 0.0447 -0.9651 0.2581
vn 0.0448 -0.9652 0.2578
vn 0.0448 -0.9652 0.2577
vn 0.0813 -0.9761 0.2014
vn 0.0812 -0.9761 0.2014
vn 0.0814 -0.9762 0.2011
vn 0.0814 -0.9761 0.2012
vn 0.0554 -0.9774 0.2042
vn 0.0554 -0.9773 0.2044
vn 0.0554 -0.9777 0.2028
vn 0.0725 -0.9641 0.2556
vn 0.0725 -0.9641 0.2554
vn 0.0725 -0.9637 0.2569
vn 0.0555 -0.9777 0.2026
vn 0.0644 -0.9861 0.1534
vn 0.0645 -0.9860 0.1535
vn 0.0645 -0.9862 0.1525
vn 0.0884 -0.9846 0.1508
vn 0.0884 -0.9846 0.1507
vn 0.0884 -0.9845 0.1515
vn 0.0881 -0.9846 0.1512
vn 0.1133 -0.9822 0.1499
vn 0.1133 -0.9822 0.1498
vn 0.1133 -0.9821 0.1507
vn 0.1179 -0.9874 0.1056
vn 0.1181 -0.9874 0.1056
vn 0.1179 -0.9874 0.1053
vn 0.1178 -0.9874 0.1055
vn 0.0942 -0.9898 0.1068
vn 0.0943 -0.9898 0.1067
vn 0.1414 -0.9844 0.1044
vn 0.1413 -0.9844 0.1044
vn 0.1415 -0.9844 0.1047
vn 0.1218 -0.9903 0.0668
vn 0.1216 -0.9903 0.0675
vn 0.1216 -0.9903 0.0670
vn 0.1443 -0.9873 0.0661
vn 0.1443 -0.9873 0.0663
vn 0.1442 -0.9874 0.0656
vn 0.1216 -0.9903 0.0671
vn 0.1468 -0.9885 0.0362
vn 0.1469 -0.9885 0.0364
vn 0.1468 -0.9885 0.0357
vn 0.1469 -0.9885 0.0357
vn 0.1245 -0.9915 0.0380
vn 0.1246 -0.9915 0.0381
vn 0.1247 -0.9915 0.0378
vn 0.1021 -0.9940 0.0393
vn 0.1021 -0.9940 0.0395
vn 0.1021 -0.9940 0.0387
vn 0.1245 -0.9915 0.0379
vn 0.0988 -0.9928 0.0682
vn 0.0990 -0.9927 0.0688
vn 0.0990 -0.9927 0.0689
vn 0.0989 -0.9927 0.0684
vn 0.0774 -0.9945 0.0700
vn 0.0774 -0.9945 0.0701
vn 0.0774 -0.9946 0.0696
vn 0.0718 -0.9915 0.1084
vn 0.0718 -0.9915 0.1082
vn 0.0718 -0.9915 0.1087
vn 0.0718 -0.9915 0.1088
vn 0.0499 -0.9926 0.1108
vn 0.0500 -0.9926 0.1103
vn 0.0498 -0.9926 0.1104
vn 0.0411 -0.9870 0.1553
vn 0.0411 -0.9870 0.1552
vn 0.0411 -0.9868 0.1564
vn 0.0411 -0.9868 0.1565
vn 0.0645 -0.9862 0.1524
vn 0.0500 -0.9926 0.1109
vn 0.0280 -0.9932 0.1131
vn 0.0279 -0.9932 0.1132
vn 0.0279 -0.9933 0.1119
vn 0.0279 -0.9933 0.1117
vn 0.0355 -0.9968 0.0711
vn 0.0356 -0.9968 0.0709
vn 0.0355 -0.9968 0.0710
vn 0.0565 -0.9959 0.0705
vn 0.0354 -0.9968 0.0712
vn 0.0171 -0.9991 0.0379
vn 0.0171 -0.9991 0.0386
vn 0.0391 -0.9985 0.0391
vn 0.0389 -0.9985 0.0397
vn 0.0390 -0.9985 0.0395
vn 0.0132 -0.9973 0.0716
vn 0.0132 -0.9974 0.0715
vn 0.0134 -0.9974 0.0709
vn 0.0132 -0.9974 0.0712
vn -0.0093 -0.9974 0.0717
vn -0.0093 -0.9974 0.0716
vn -0.0188 -0.9931 0.1160
vn -0.0190 -0.9929 0.1171
vn -0.0191 -0.9930 0.1169
vn 0.0047 -0.9935 0.1139
vn 0.0047 -0.9935 0.1137
vn 0.0048 -0.9934 0.1147
vn -0.0187 -0.9931 0.1157
vn -0.0331 -0.9860 0.1637
vn -0.0338 -0.9854 0.1669
vn -0.0340 -0.9855 0.1665
vn -0.0078 -0.9869 0.1613
vn -0.0076 -0.9869 0.1609
vn -0.0075 -0.9865 0.1635
vn 0.0047 -0.9934 0.1148
vn -0.0335 -0.9860 0.1632
vn -0.0517 -0.9755 0.2137
vn -0.0515 -0.9757 0.2129
vn -0.0513 -0.9748 0.2169
vn -0.0076 -0.9865 0.1638
vn -0.0232 -0.9770 0.2118
vn -0.0230 -0.9771 0.2113
vn -0.0229 -0.9764 0.2146
vn -0.0516 -0.9747 0.2175
vn -0.0714 -0.9618 0.2642
vn -0.0712 -0.9621 0.2634
vn -0.0710 -0.9609 0.2676
vn -0.0231 -0.9763 0.2150
vn -0.0403 -0.9636 0.2643
vn -0.0401 -0.9637 0.2638
vn -0.0400 -0.9628 0.2672
vn -0.0713 -0.9607 0.2683
vn -0.0917 -0.9436 0.3181
vn -0.0922 -0.9425 0.3213
vn -0.0926 -0.9426 0.3209
vn -0.0587 -0.9458 0.3193
vn -0.0585 -0.9460 0.3188
vn -0.0584 -0.9449 0.3222
vn -0.0402 -0.9627 0.2676
vn -0.0920 -0.9437 0.3177
vn -0.0773 -0.9234 0.3760
vn -0.0772 -0.9235 0.3757
vn -0.0771 -0.9225 0.3781
vn -0.0586 -0.9447 0.3226
vn -0.1128 -0.9200 0.3752
vn -0.1131 -0.9198 0.3757
vn -0.1131 -0.9212 0.3722
vn -0.1129 -0.9215 0.3717
vn -0.1280 -0.9404 0.3151
vn -0.1284 -0.9400 0.3160
vn -0.1285 -0.9416 0.3112
vn -0.1521 -0.9186 0.3647
vn -0.1518 -0.9189 0.3641
vn -0.1516 -0.9175 0.3677
vn -0.1519 -0.9172 0.3683
vn -0.1955 -0.9146 0.3540
vn -0.1958 -0.9142 0.3549
vn -0.1960 -0.9158 0.3505
vn -0.2219 -0.8863 0.4064
vn -0.2222 -0.8851 0.4090
vn -0.2227 -0.8852 0.4084
vn -0.1743 -0.8909 0.4193
vn -0.1741 -0.8911 0.4190
vn -0.1740 -0.8902 0.4211
vn -0.2223 -0.8864 0.4060
vn -0.2456 -0.8525 0.4614
vn -0.2455 -0.8526 0.4613
vn -0.2454 -0.8523 0.4620
vn -0.1947 -0.8584 0.4745
vn -0.1946 -0.8585 0.4744
vn -0.1946 -0.8582 0.4750
vn -0.1742 -0.8900 0.4214
vn -0.2455 -0.8522 0.4620
vn -0.3636 -0.8272 0.4283
vn -0.3630 -0.8288 0.4258
vn -0.3626 -0.8287 0.4264
vn -0.3629 -0.8271 0.4292
vn -0.3882 -0.7845 0.4836
vn -0.3880 -0.7851 0.4827
vn -0.3882 -0.7851 0.4826
vn -0.2639 -0.8144 0.5168
vn -0.2639 -0.8141 0.5173
vn -0.2639 -0.8141 0.5172
vn -0.2638 -0.8145 0.5168
vn -0.2789 -0.7682 0.5763
vn -0.2791 -0.7674 0.5773
vn -0.2790 -0.7675 0.5772
vn -0.3937 -0.7426 0.5418
vn -0.3951 -0.7425 0.5409
vn -0.3931 -0.7409 0.5446
vn -0.3882 -0.7844 0.4837
vn -0.3919 -0.7408 0.5456
vn -0.3807 -0.6989 0.6055
vn -0.3794 -0.6988 0.6065
vn -0.3817 -0.7000 0.6035
vn -0.5380 -0.6281 0.5621
vn -0.5388 -0.6279 0.5617
vn -0.5385 -0.6285 0.5613
vn -0.5280 -0.6872 0.4989
vn -0.5280 -0.6871 0.4991
vn -0.5280 -0.6872 0.4991
vn -0.5280 -0.6872 0.4990
vn -0.5081 -0.7336 0.4514
vn -0.5081 -0.7334 0.4517
vn -0.5086 -0.7337 0.4506
vn -0.5957 -0.6716 0.4407
vn -0.5958 -0.6718 0.4401
vn -0.5955 -0.6719 0.4404
vn -0.6200 -0.6104 0.4929
vn -0.6198 -0.6104 0.4932
vn -0.6202 -0.6102 0.4930
vn -0.5084 -0.7339 0.4504
vn -0.5953 -0.6716 0.4411
vn -0.6529 -0.6727 0.3482
vn -0.6529 -0.6723 0.3489
vn -0.6535 -0.6724 0.3477
vn -0.5608 -0.7335 0.3840
vn -0.5608 -0.7342 0.3827
vn -0.5603 -0.7341 0.3835
vn -0.6886 -0.5921 0.4186
vn -0.6885 -0.5922 0.4187
vn -0.6887 -0.5921 0.4185
vn -0.6535 -0.6727 0.3470
vn -0.7779 -0.5699 0.2648
vn -0.7775 -0.5702 0.2653
vn -0.7778 -0.5700 0.2647
vn -0.7780 -0.5698 0.2645
vn -0.8837 -0.2027 0.4219
vn -0.8766 -0.2261 0.4248
vn -0.8850 -0.2049 0.4181
vn -0.6888 -0.5920 0.4185
vn -0.9040 -0.4172 0.0938
vn -0.9114 -0.4009 0.0928
vn -0.9017 -0.3994 0.1654
vn -0.9077 -0.3839 0.1695
vn -0.7063 -0.5158 0.4848
vn -0.7064 -0.5158 0.4847
vn -0.7064 -0.5158 0.4846
vn -0.8851 -0.2006 0.4199
vn -0.7063 -0.5159 0.4847
vn -0.7987 -0.1148 0.5907
vn -0.7108 -0.4421 0.5471
vn -0.7108 -0.4423 0.5470
vn -0.7108 -0.4422 0.5470
vn -0.6344 -0.5426 0.5505
vn -0.6344 -0.5427 0.5505
vn -0.6344 -0.5426 0.5506
vn -0.6204 -0.6101 0.4928
vn -0.6346 -0.5424 0.5505
vn -0.6317 -0.4755 0.6123
vn -0.6324 -0.4749 0.6120
vn -0.6316 -0.4753 0.6125
vn -0.5263 -0.5544 0.6447
vn -0.5236 -0.5576 0.6441
vn -0.5247 -0.5552 0.6453
vn -0.5278 -0.5501 0.6472
vn -0.6312 -0.4756 0.6127
vn -0.5378 -0.6286 0.5618
vn -0.6797 -0.3179 0.6610
vn -0.6793 -0.3186 0.6610
vn -0.6788 -0.3183 0.6617
vn -0.6792 -0.3176 0.6616
vn -0.6056 -0.4158 0.6785
vn -0.6072 -0.4105 0.6803
vn -0.6058 -0.4162 0.6781
vn -0.7027 -0.3774 0.6032
vn -0.7024 -0.3782 0.6029
vn -0.7027 -0.3770 0.6034
vn -0.7031 -0.3760 0.6036
vn -0.6044 -0.4205 0.6766
vn -0.4720 -0.5032 0.7239
vn 0.2057 0.6451 0.7359
vn 0.2061 0.6451 0.7358
vn 0.2061 0.6454 0.7355
vn -0.4404 0.2866 -0.8508
vn -0.4374 0.2902 -0.8511
vn -0.4381 0.2865 -0.8520
vn 0.2057 0.6453 0.7357
vn -0.4411 0.2827 -0.8518
vn -0.9620 -0.2179 0.1649
vn -0.9575 -0.2155 0.1915
vn -0.9625 -0.2144 0.1661
vn 0.2086 0.3587 0.9098
vn 0.2093 0.3644 0.9074
vn 0.2054 0.3587 0.9106
vn -0.9652 -0.2121 0.1528
vn -0.2088 0.3894 -0.8971
vn -0.2038 0.3944 -0.8960
vn -0.2068 0.3880 -0.8981
vn 0.2040 0.3523 0.9134
vn -0.2121 0.3823 -0.8993
vn 0.9673 0.1916 -0.1662
vn 0.9594 0.2031 -0.1956
vn 0.9676 0.1905 -0.1657
vn 0.9692 0.1929 -0.1533
vn -0.7101 -0.6773 0.1924
vn -0.7100 -0.6785 0.1886
vn -0.7085 -0.6787 0.1931
vn -0.7089 -0.6772 0.1970
vn -0.8137 -0.5755 0.0820
vn -0.8144 -0.5736 0.0882
vn -0.8157 -0.5725 0.0832
vn -0.6215 -0.7700 0.1442
vn -0.6226 -0.7678 0.1508
vn -0.6232 -0.7687 0.1438
vn -0.6222 -0.7707 0.1376
vn -0.7105 -0.7017 0.0527
vn -0.7123 -0.6992 0.0611
vn -0.7131 -0.6989 0.0547
vn -0.8153 -0.5739 0.0771
vn -0.5295 -0.8409 0.1120
vn -0.5277 -0.8429 0.1047
vn -0.5282 -0.8418 0.1117
vn -0.5301 -0.8395 0.1191
vn -0.5989 -0.7996 0.0444
vn -0.6018 -0.7968 0.0539
vn -0.6015 -0.7975 0.0470
vn -0.7115 -0.7011 0.0465
vn -0.4230 -0.9024 0.0816
vn -0.4202 -0.9045 0.0728
vn -0.4217 -0.9032 0.0800
vn -0.4245 -0.9010 0.0890
vn -0.4781 -0.8774 0.0389
vn -0.4818 -0.8749 0.0494
vn -0.4806 -0.8759 0.0424
vn -0.5987 -0.8001 0.0375
vn -0.4768 -0.8784 0.0319
vn -0.5341 -0.8454 0.0043
vn -0.5378 -0.8430 0.0135
vn -0.5373 -0.8434 0.0083
vn -0.6618 -0.7496 -0.0125
vn -0.6650 -0.7468 -0.0034
vn -0.6654 -0.7464 -0.0085
vn -0.6623 -0.7490 -0.0176
vn -0.5335 -0.8458 -0.0009
vn -0.5787 -0.8150 -0.0300
vn -0.5815 -0.8132 -0.0241
vn -0.5816 -0.8130 -0.0270
vn -0.7051 -0.7070 -0.0545
vn -0.7071 -0.7054 -0.0497
vn -0.7078 -0.7045 -0.0520
vn -0.7058 -0.7062 -0.0568
vn -0.5997 -0.7978 -0.0624
vn -0.5998 -0.7977 -0.0618
vn -0.6003 -0.7973 -0.0631
vn -0.6001 -0.7973 -0.0637
vn -0.7189 -0.6903 -0.0820
vn -0.7190 -0.6902 -0.0818
vn -0.7191 -0.6901 -0.0818
vn -0.5787 -0.8149 -0.0330
vn -0.7189 -0.6902 -0.0821
vn -0.4342 -0.9001 -0.0367
vn -0.4352 -0.8996 -0.0353
vn -0.4352 -0.8996 -0.0360
vn -0.4139 -0.9103 -0.0098
vn -0.4167 -0.9090 -0.0035
vn -0.4162 -0.9093 -0.0066
vn -0.4132 -0.9105 -0.0129
vn -0.3803 -0.9248 0.0104
vn -0.3803 -0.9248 0.0073
vn -0.3769 -0.9261 0.0139
vn -0.3769 -0.9261 0.0170
vn -0.2212 -0.9750 -0.0203
vn -0.2206 -0.9753 -0.0102
vn -0.2191 -0.9754 -0.0253
vn -0.2184 -0.9758 -0.0128
vn -0.2160 -0.9764 -0.0047
vn -0.2117 -0.9773 -0.0081
vn -0.2107 -0.9775 -0.0051
vn -0.1447 -0.9893 -0.0184
vn -0.1464 -0.9890 -0.0199
vn -0.1479 -0.9887 -0.0258
vn -0.1491 -0.9885 -0.0253
vn -0.0849 -0.9961 -0.0244
vn -0.0894 -0.9956 -0.0263
vn -0.0885 -0.9956 -0.0308
vn -0.1452 -0.9892 -0.0207
vn -0.0941 -0.9951 -0.0304
vn -0.0945 -0.9950 -0.0336
vn -0.1478 -0.9886 -0.0293
vn -0.0515 -0.9982 -0.0321
vn -0.0502 -0.9982 -0.0320
vn -0.0504 -0.9983 -0.0296
vn -0.0479 -0.9984 -0.0298
vn -0.0476 -0.9986 -0.0250
vn -0.0517 -0.9982 -0.0315
vn -0.0958 -0.9948 -0.0333
vn -0.0959 -0.9948 -0.0339
vn -0.1445 -0.9890 -0.0325
vn -0.1483 -0.9885 -0.0299
vn -0.1477 -0.9884 -0.0340
vn -0.0945 -0.9949 -0.0361
vn -0.0941 -0.9950 -0.0342
vn -0.0897 -0.9951 -0.0412
vn -0.1389 -0.9896 -0.0383
vn -0.1431 -0.9889 -0.0396
vn -0.1376 -0.9893 -0.0482
vn -0.2031 -0.9783 -0.0412
vn -0.2045 -0.9782 -0.0373
vn -0.2046 -0.9781 -0.0383
vn -0.2032 -0.9782 -0.0422
vn -0.2156 -0.9761 -0.0278
vn -0.2168 -0.9759 -0.0247
vn -0.2190 -0.9755 -0.0201
vn -0.4216 -0.9034 -0.0784
vn -0.4213 -0.9037 -0.0758
vn -0.4230 -0.9025 -0.0812
vn -0.4343 -0.9000 -0.0376
vn -0.3696 -0.9221 -0.1146
vn -0.3751 -0.9207 -0.1077
vn -0.3745 -0.9205 -0.1117
vn -0.1905 -0.9800 -0.0573
vn -0.1892 -0.9800 -0.0612
vn -0.1889 -0.9802 -0.0601
vn -0.3688 -0.9219 -0.1187
vn -0.4233 -0.9021 -0.0838
vn -0.5509 -0.8215 -0.1469
vn -0.5536 -0.8201 -0.1448
vn -0.5533 -0.8200 -0.1466
vn -0.5882 -0.8018 -0.1054
vn -0.5898 -0.8009 -0.1035
vn -0.5899 -0.8007 -0.1047
vn -0.5507 -0.8213 -0.1488
vn -0.5883 -0.8016 -0.1067
vn -0.6580 -0.7332 -0.1717
vn -0.6599 -0.7317 -0.1707
vn -0.6601 -0.7313 -0.1719
vn -0.6997 -0.7038 -0.1226
vn -0.7005 -0.7034 -0.1208
vn -0.7011 -0.7022 -0.1242
vn -0.6583 -0.7326 -0.1731
vn -0.7003 -0.7026 -0.1260
vn -0.7367 -0.6490 -0.1899
vn -0.7381 -0.6483 -0.1868
vn -0.7382 -0.6468 -0.1916
vn -0.7880 -0.6008 -0.1346
vn -0.7894 -0.5992 -0.1331
vn -0.7905 -0.5977 -0.1341
vn -0.5990 -0.7685 -0.2250
vn -0.5981 -0.7678 -0.2298
vn -0.5974 -0.7699 -0.2242
vn -0.5985 -0.7705 -0.2195
vn -0.6693 -0.6996 -0.2503
vn -0.6706 -0.6995 -0.2468
vn -0.6706 -0.6982 -0.2507
vn -0.7369 -0.6474 -0.1948
vn -0.5101 -0.8134 -0.2795
vn -0.5114 -0.8153 -0.2716
vn -0.5120 -0.8126 -0.2785
vn -0.5108 -0.8104 -0.2868
vn -0.5832 -0.7500 -0.3121
vn -0.5849 -0.7507 -0.3072
vn -0.5849 -0.7490 -0.3112
vn -0.6694 -0.6980 -0.2544
vn -0.5834 -0.7481 -0.3162
vn -0.6309 -0.6966 -0.3417
vn -0.6308 -0.6962 -0.3426
vn -0.6309 -0.6964 -0.3420
vn -0.7188 -0.6385 -0.2751
vn -0.7199 -0.6382 -0.2728
vn -0.7196 -0.6375 -0.2751
vn -0.6308 -0.6968 -0.3414
vn -0.7187 -0.6376 -0.2774
vn -0.7481 -0.5915 -0.3007
vn -0.7479 -0.5915 -0.3012
vn -0.7482 -0.5914 -0.3008
vn -0.7481 -0.5916 -0.3005
vn -0.6566 -0.6576 -0.3694
vn -0.6567 -0.6577 -0.3689
vn -0.6568 -0.6574 -0.3693
vn -0.8809 -0.2258 -0.4159
vn -0.8700 -0.2483 -0.4261
vn -0.8788 -0.2245 -0.4211
vn -0.6733 -0.6140 -0.4118
vn -0.6729 -0.6140 -0.4125
vn -0.6733 -0.6139 -0.4120
vn -0.6565 -0.6575 -0.3698
vn -0.5569 -0.6829 -0.4727
vn -0.5570 -0.6829 -0.4726
vn -0.5571 -0.6833 -0.4720
vn -0.5572 -0.6832 -0.4720
vn -0.6736 -0.6140 -0.4114
vn -0.5448 -0.7168 -0.4351
vn -0.5449 -0.7169 -0.4349
vn -0.5449 -0.7168 -0.4352
vn -0.4257 -0.7346 -0.5283
vn -0.4247 -0.7341 -0.5298
vn -0.4254 -0.7341 -0.5292
vn -0.4155 -0.7649 -0.4922
vn -0.4157 -0.7650 -0.4920
vn -0.4157 -0.7646 -0.4925
vn -0.5448 -0.7167 -0.4354
vn -0.5216 -0.7506 -0.4056
vn -0.5204 -0.7499 -0.4086
vn -0.5203 -0.7508 -0.4069
vn -0.3927 -0.7963 -0.4601
vn -0.3932 -0.7966 -0.4591
vn -0.3936 -0.7952 -0.4612
vn -0.4155 -0.7646 -0.4927
vn -0.3929 -0.7949 -0.4624
vn -0.2840 -0.8257 -0.4874
vn -0.2846 -0.8260 -0.4866
vn -0.2849 -0.8243 -0.4893
vn -0.3055 -0.7931 -0.5269
vn -0.3057 -0.7932 -0.5268
vn -0.3056 -0.7929 -0.5272
vn -0.3055 -0.7928 -0.5274
vn -0.2346 -0.8085 -0.5397
vn -0.2348 -0.8091 -0.5388
vn -0.2350 -0.8090 -0.5389
vn -0.2488 -0.7734 -0.5831
vn -0.2487 -0.7733 -0.5832
vn -0.2488 -0.7733 -0.5832
vn -0.2346 -0.8084 -0.5399
vn -0.3170 -0.7609 -0.5661
vn -0.3169 -0.7610 -0.5661
vn -0.3168 -0.7605 -0.5668
vn -0.2574 -0.7350 -0.6273
vn -0.2575 -0.7351 -0.6272
vn -0.2575 -0.7355 -0.6267
vn -0.2575 -0.7354 -0.6268
vn -0.2489 -0.7734 -0.5830
vn -0.3204 -0.7274 -0.6069
vn -0.3203 -0.7273 -0.6070
vn -0.3200 -0.7265 -0.6081
vn -0.3169 -0.7605 -0.5668
vn -0.3201 -0.7265 -0.6081
vn -0.4230 -0.7034 -0.5713
vn -0.4251 -0.7041 -0.5688
vn -0.4236 -0.7042 -0.5698
vn -0.4219 -0.7033 -0.5722
vn -0.4264 -0.7346 -0.5277
vn -0.4120 -0.6654 -0.6225
vn -0.4097 -0.6648 -0.6246
vn -0.4112 -0.6647 -0.6237
vn -0.5596 -0.6455 -0.5198
vn -0.5612 -0.6456 -0.5179
vn -0.5599 -0.6459 -0.5189
vn -0.5510 -0.6009 -0.5791
vn -0.5488 -0.6008 -0.5813
vn -0.5504 -0.6003 -0.5802
vn -0.5528 -0.6003 -0.5780
vn -0.5237 -0.5426 -0.6568
vn -0.5258 -0.5423 -0.6553
vn -0.5242 -0.5431 -0.6559
vn -0.3939 -0.6094 -0.6882
vn -0.3921 -0.6098 -0.6888
vn -0.3934 -0.6096 -0.6883
vn -0.4137 -0.6652 -0.6216
vn -0.5219 -0.5434 -0.6575
vn -0.6002 -0.3649 -0.7118
vn -0.6016 -0.3659 -0.7101
vn -0.6020 -0.3649 -0.7102
vn -0.4776 -0.4684 -0.7433
vn -0.4766 -0.4692 -0.7434
vn -0.4777 -0.4682 -0.7434
vn -0.8246 -0.4341 -0.3628
vn -0.8473 -0.4389 -0.2992
vn -0.8437 -0.4494 -0.2936
vn -0.6006 -0.3638 -0.7120
vn -0.3462 0.9373 0.0403
vn -0.3468 0.9373 0.0331
vn -0.3474 0.9371 0.0350
vn 0.3852 0.6072 -0.6950
vn 0.3855 0.6014 -0.6998
vn 0.3808 0.6028 -0.7011
vn -0.8297 -0.4190 -0.3688
vn -0.3487 0.9361 0.0461
vn 0.3800 0.6063 -0.6986
vn 0.5465 0.3461 0.7626
vn 0.5444 0.3516 0.7616
vn 0.5447 0.3465 0.7637
vn 0.5465 0.3349 0.7676
vn 0.8445 0.4140 0.3398
vn 0.8137 0.3338 0.4758
vn 0.8344 0.3885 0.3909
vn -0.7355 0.5038 0.4530
vn -0.7370 0.5075 0.4464
vn -0.7473 0.4903 0.4485
vn 0.8581 0.3749 0.3508
vn 0.7356 0.2368 0.6347
vn 0.7376 0.2337 0.6335
vn 0.7376 0.2370 0.6323
vn 0.5355 0.2009 0.8203
vn 0.5247 0.2152 0.8236
vn 0.5247 0.2116 0.8246
vn 0.5288 0.1974 0.8255
vn -0.7463 0.4848 0.4561
vn -0.5341 0.7832 0.3183
vn -0.5924 0.7078 0.3848
vn -0.5705 0.7307 0.3749
vn -0.5257 0.7824 0.3338
vn -0.5566 -0.3729 -0.7424
vn -0.5715 -0.3570 -0.7389
vn -0.5612 -0.3864 -0.7319
vn -0.5639 -0.3589 -0.7437
vn -0.8870 -0.4592 0.0483
vn -0.8782 -0.4500 0.1624
vn -0.8680 -0.4712 0.1568
vn -0.8933 -0.4472 0.0440
vn 0.0987 0.5331 -0.8403
vn 0.0953 0.5251 -0.8457
vn 0.0979 0.5334 -0.8402
vn -0.4222 0.2516 0.8709
vn -0.8802 -0.2236 -0.4185
vn 0.1013 0.5391 -0.8361
vn -0.7403 -0.2526 -0.6230
vn -0.7425 -0.2496 -0.6216
vn -0.7422 -0.2521 -0.6210
vn -0.7342 -0.2724 -0.6219
vn -0.6829 -0.5578 -0.4717
vn -0.6838 -0.5577 -0.4706
vn -0.6831 -0.5580 -0.4712
vn -0.6826 -0.5578 -0.4721
vn 0.9221 0.3751 -0.0951
vn 0.9159 0.3853 -0.1128
vn 0.9144 0.4044 -0.0157
vn 0.9222 0.3861 -0.0194
vn 0.6714 0.5593 0.4863
vn 0.6709 0.5594 0.4869
vn 0.6715 0.5596 0.4857
vn 0.7320 0.2590 0.6302
vn 0.6723 0.5593 0.4849
vn 0.5521 0.6573 0.5130
vn 0.5398 0.6179 0.5717
vn 0.5413 0.6171 0.5711
vn 0.5391 0.6191 0.5711
vn 0.5387 0.6187 0.5719
vn 0.5129 0.5431 0.6648
vn 0.5145 0.5403 0.6658
vn 0.5127 0.5435 0.6647
vn 0.3919 0.6105 0.6882
vn 0.3905 0.6116 0.6881
vn 0.3918 0.6108 0.6881
vn 0.3936 0.6084 0.6892
vn 0.4095 0.6669 0.6226
vn 0.4088 0.6660 0.6240
vn 0.4099 0.6658 0.6234
vn 0.3142 0.6306 0.7097
vn 0.3134 0.6313 0.7094
vn 0.3140 0.6309 0.7095
vn 0.4109 0.6661 0.6225
vn 0.3174 0.6850 0.6557
vn 0.3149 0.6299 0.7100
vn 0.3092 0.5620 0.7672
vn 0.3082 0.5645 0.7657
vn 0.3088 0.5634 0.7663
vn 0.3715 0.5361 0.7580
vn 0.3735 0.5307 0.7608
vn 0.3719 0.5344 0.7590
vn 0.3100 0.5606 0.7679
vn 0.3703 0.5384 0.7570
vn 0.3022 0.4868 0.8196
vn 0.3035 0.4823 0.8218
vn 0.3027 0.4845 0.8207
vn 0.3015 0.4890 0.8186
vn 0.3517 0.4461 0.8230
vn 0.3531 0.4400 0.8256
vn 0.3519 0.4445 0.8238
vn 0.4180 0.3942 0.8184
vn 0.4208 0.3796 0.8239
vn 0.4180 0.3943 0.8184
vn 0.3507 0.4498 0.8214
vn 0.4676 0.4772 0.7441
vn 0.4697 0.4688 0.7480
vn 0.4675 0.4763 0.7447
vn 0.4649 0.4831 0.7420
vn 0.3319 0.3485 0.8766
vn 0.3325 0.3429 0.8786
vn 0.3318 0.3478 0.8769
vn 0.3312 0.3526 0.8752
vn 0.3668 0.3034 0.8794
vn 0.3676 0.2947 0.8821
vn 0.3665 0.3053 0.8789
vn 0.4160 0.4038 0.8148
vn 0.5088 0.1561 0.8466
vn 0.5087 0.1412 0.8493
vn 0.5137 0.1812 0.8386
vn 0.3659 0.3123 0.8767
vn 0.5193 0.0925 0.8496
vn 0.5196 0.1071 0.8477
vn 0.5191 0.0923 0.8497
vn 0.5190 0.0885 0.8502
vn 0.3755 0.8964 -0.2355
vn 0.3757 0.8969 -0.2333
vn 0.3758 0.8958 -0.2375
vn 0.4796 0.0903 0.8728
vn -0.7394 0.5859 0.3318
vn -0.7390 0.5857 0.3329
vn -0.7380 0.5870 0.3328
vn -0.5216 -0.1059 -0.8466
vn -0.5226 -0.1051 -0.8461
vn -0.5213 -0.1060 -0.8467
vn -0.5205 -0.1056 -0.8473
vn -0.5142 -0.1661 -0.8414
vn -0.5087 -0.1587 -0.8462
vn -0.5024 -0.1799 -0.8457
vn 0.3755 0.8953 -0.2396
vn -0.7384 0.5871 0.3317
vn -0.6544 0.7270 0.2081
vn -0.6540 0.7273 0.2083
vn -0.6546 0.7283 0.2029
vn -0.3499 -0.0354 -0.9361
vn -0.3500 -0.0287 -0.9363
vn -0.3504 -0.0318 -0.9360
vn -0.5063 -0.1862 -0.8420
vn -0.3521 -0.0516 -0.9346
vn -0.6550 0.7281 0.2024
vn 0.3574 0.0723 0.9311
vn 0.3741 0.1039 0.9216
vn 0.3520 0.0503 0.9346
vn 0.3511 0.0442 0.9353
vn 0.3751 0.9186 -0.1244
vn 0.3757 0.9185 -0.1236
vn 0.3757 0.9184 -0.1239
vn 0.3751 0.9186 -0.1247
vn 0.3443 0.0309 0.9383
vn 0.3480 0.0279 0.9371
vn 0.3471 0.0295 0.9373
vn 0.3437 0.0340 0.9385
vn -0.3516 -0.0528 -0.9347
vn -0.3738 -0.1052 -0.9215
vn -0.3592 -0.0721 -0.9305
vn -0.2601 -0.0450 -0.9645
vn -0.2649 -0.0551 -0.9627
vn -0.2633 -0.0473 -0.9636
vn -0.2579 -0.0484 -0.9650
vn -0.8345 0.5152 0.1952
vn -0.8352 0.5160 0.1899
vn -0.8361 0.5150 0.1890
vn -0.2615 -0.0590 -0.9634
vn -0.2815 -0.0833 -0.9559
vn 0.6199 0.7726 -0.1370
vn -0.8354 0.5142 0.1943
vn -0.2211 -0.1397 -0.9652
vn -0.2206 -0.1365 -0.9658
vn -0.2205 -0.1374 -0.9657
vn -0.2539 -0.1487 -0.9557
vn -0.2544 -0.1531 -0.9549
vn -0.2546 -0.1519 -0.9551
vn -0.2209 -0.1403 -0.9651
vn -0.2094 -0.1836 -0.9604
vn -0.2097 -0.1860 -0.9599
vn -0.2098 -0.1855 -0.9600
vn -0.1796 -0.1790 -0.9673
vn -0.1794 -0.1773 -0.9677
vn -0.1793 -0.1776 -0.9676
vn -0.1890 -0.1293 -0.9734
vn -0.1796 -0.1791 -0.9673
vn -0.1690 -0.2429 -0.9552
vn -0.1689 -0.2428 -0.9553
vn -0.1688 -0.2435 -0.9551
vn -0.1973 -0.2499 -0.9480
vn -0.1975 -0.2501 -0.9479
vn -0.1978 -0.2489 -0.9481
vn -0.1976 -0.2488 -0.9482
vn -0.2094 -0.1830 -0.9606
vn -0.2406 -0.1903 -0.9518
vn -0.2411 -0.1944 -0.9508
vn -0.2412 -0.1935 -0.9510
vn -0.2406 -0.1888 -0.9521
vn -0.2266 -0.2513 -0.9410
vn -0.2263 -0.2511 -0.9411
vn -0.2262 -0.2531 -0.9406
vn -0.2264 -0.2533 -0.9405
vn -0.2572 -0.2588 -0.9311
vn -0.2576 -0.2641 -0.9295
vn -0.2577 -0.2628 -0.9298
vn -0.2572 -0.2545 -0.9323
vn -0.2460 -0.3531 -0.9027
vn -0.2451 -0.3563 -0.9017
vn -0.2474 -0.3490 -0.9039
vn -0.2143 -0.3449 -0.9138
vn -0.2142 -0.3455 -0.9136
vn -0.2153 -0.3421 -0.9147
vn -0.2475 -0.3481 -0.9042
vn -0.2153 -0.3418 -0.9148
vn -0.2112 -0.4268 -0.8793
vn -0.2110 -0.4277 -0.8790
vn -0.2125 -0.4238 -0.8805
vn -0.2512 -0.4298 -0.8673
vn -0.2519 -0.4255 -0.8692
vn -0.2512 -0.4259 -0.8692
vn -0.2576 -0.5016 -0.8258
vn -0.2583 -0.4986 -0.8274
vn -0.2577 -0.4989 -0.8274
vn -0.2115 -0.5020 -0.8386
vn -0.2113 -0.5029 -0.8381
vn -0.2128 -0.4992 -0.8399
vn -0.2125 -0.4232 -0.8808
vn -0.2508 -0.4301 -0.8672
vn -0.2572 -0.5018 -0.8258
vn -0.3032 -0.4832 -0.8213
vn -0.3036 -0.4815 -0.8222
vn -0.3025 -0.4848 -0.8207
vn -0.2944 -0.4008 -0.8676
vn -0.2948 -0.3990 -0.8683
vn -0.2940 -0.4021 -0.8671
vn -0.3021 -0.4864 -0.8198
vn -0.3526 -0.4456 -0.8229
vn -0.3525 -0.4444 -0.8236
vn -0.3521 -0.4449 -0.8234
vn -0.3523 -0.4459 -0.8228
vn -0.3726 -0.5351 -0.7582
vn -0.3718 -0.5373 -0.7570
vn -0.3736 -0.5338 -0.7586
vn -0.3745 -0.5306 -0.7604
vn -0.3092 -0.5623 -0.7669
vn -0.3089 -0.5633 -0.7664
vn -0.3100 -0.5613 -0.7674
vn -0.3143 -0.6305 -0.7097
vn -0.3142 -0.6310 -0.7094
vn -0.3151 -0.6302 -0.7096
vn -0.3103 -0.5602 -0.7681
vn -0.3953 -0.6089 -0.6877
vn -0.3153 -0.6295 -0.7102
vn -0.2640 -0.6362 -0.7250
vn -0.2633 -0.6367 -0.7248
vn -0.2637 -0.6366 -0.7247
vn -0.2626 -0.5707 -0.7780
vn -0.2619 -0.5723 -0.7771
vn -0.2623 -0.5722 -0.7770
vn -0.2645 -0.6361 -0.7249
vn -0.2148 -0.6359 -0.7412
vn -0.2148 -0.6356 -0.7415
vn -0.2140 -0.6366 -0.7409
vn -0.2121 -0.6926 -0.6895
vn -0.2122 -0.6926 -0.6894
vn -0.2125 -0.6928 -0.6891
vn -0.2140 -0.6368 -0.7407
vn -0.2619 -0.6907 -0.6741
vn -0.2625 -0.6909 -0.6736
vn -0.2622 -0.6909 -0.6737
vn -0.2145 -0.5698 -0.7933
vn -0.2146 -0.5690 -0.7939
vn -0.2131 -0.5720 -0.7921
vn -0.1678 -0.5688 -0.8052
vn -0.1678 -0.5690 -0.8050
vn -0.1684 -0.5676 -0.8059
vn -0.1684 -0.5674 -0.8060
vn -0.1618 -0.6365 -0.7541
vn -0.1618 -0.6366 -0.7540
vn -0.1623 -0.6359 -0.7545
vn -0.1623 -0.6357 -0.7547
vn -0.1243 -0.6336 -0.7636
vn -0.1243 -0.6337 -0.7635
vn -0.1244 -0.6333 -0.7638
vn -0.1330 -0.5639 -0.8150
vn -0.1330 -0.5637 -0.8152
vn -0.1324 -0.5651 -0.8143
vn -0.1324 -0.5653 -0.8142
vn -0.1096 -0.4807 -0.8700
vn -0.1096 -0.4806 -0.8701
vn -0.1092 -0.4821 -0.8693
vn -0.0997 -0.5593 -0.8230
vn -0.0997 -0.5593 -0.8229
vn -0.1000 -0.5585 -0.8235
vn -0.1409 -0.4886 -0.8611
vn -0.1409 -0.4884 -0.8612
vn -0.1404 -0.4898 -0.8605
vn -0.1092 -0.4823 -0.8692
vn -0.1192 -0.3995 -0.9089
vn -0.1490 -0.4070 -0.9012
vn -0.1488 -0.4096 -0.9000
vn -0.1489 -0.4095 -0.9001
vn -0.1404 -0.4899 -0.8604
vn -0.1490 -0.4069 -0.9013
vn -0.1583 -0.3234 -0.9329
vn -0.1584 -0.3236 -0.9328
vn -0.1583 -0.3244 -0.9326
vn -0.1870 -0.3315 -0.9247
vn -0.1870 -0.3314 -0.9248
vn -0.1867 -0.3328 -0.9243
vn -0.1787 -0.4179 -0.8908
vn -0.1787 -0.4182 -0.8906
vn -0.1794 -0.4160 -0.8915
vn -0.1794 -0.4158 -0.8916
vn -0.1730 -0.4962 -0.8508
vn -0.1729 -0.4967 -0.8505
vn -0.1740 -0.4939 -0.8519
vn -0.1740 -0.4936 -0.8521
vn -0.1244 -0.6333 -0.7639
vn -0.0899 -0.6303 -0.7711
vn -0.0900 -0.6299 -0.7714
vn -0.1152 -0.6946 -0.7101
vn -0.1151 -0.6946 -0.7102
vn -0.0796 -0.6935 -0.7161
vn -0.0796 -0.6934 -0.7161
vn -0.1152 -0.6945 -0.7102
vn -0.0900 -0.6299 -0.7715
vn -0.1050 -0.7479 -0.6554
vn -0.1050 -0.7479 -0.6555
vn -0.1050 -0.7481 -0.6552
vn -0.1554 -0.6957 -0.7013
vn -0.1553 -0.6956 -0.7014
vn -0.1474 -0.7467 -0.6486
vn -0.1474 -0.7467 -0.6487
vn -0.1473 -0.7472 -0.6481
vn -0.1367 -0.7914 -0.5959
vn -0.1367 -0.7915 -0.5957
vn -0.1366 -0.7914 -0.5958
vn -0.1365 -0.7912 -0.5961
vn -0.2065 -0.7412 -0.6388
vn -0.2064 -0.7407 -0.6393
vn -0.1962 -0.7832 -0.5900
vn -0.1961 -0.7833 -0.5899
vn -0.1962 -0.7833 -0.5899
vn -0.1231 -0.8303 -0.5435
vn -0.1232 -0.8304 -0.5434
vn -0.1233 -0.8299 -0.5442
vn -0.1962 -0.7831 -0.5901
vn -0.1811 -0.8220 -0.5399
vn -0.1808 -0.8210 -0.5416
vn -0.1806 -0.8212 -0.5413
vn -0.1232 -0.8298 -0.5442
vn -0.1069 -0.8652 -0.4899
vn -0.1072 -0.8653 -0.4897
vn -0.1074 -0.8641 -0.4917
vn -0.1809 -0.8222 -0.5397
vn -0.1614 -0.8574 -0.4887
vn -0.1609 -0.8558 -0.4917
vn -0.1606 -0.8561 -0.4913
vn -0.1071 -0.8640 -0.4919
vn -0.0891 -0.8953 -0.4364
vn -0.0895 -0.8954 -0.4361
vn -0.0898 -0.8941 -0.4387
vn -0.1612 -0.8577 -0.4883
vn -0.1383 -0.8896 -0.4353
vn -0.1377 -0.8871 -0.4405
vn -0.1372 -0.8877 -0.4395
vn -0.1136 -0.9175 -0.3811
vn -0.1130 -0.9151 -0.3870
vn -0.1126 -0.9157 -0.3857
vn -0.0710 -0.9213 -0.3824
vn -0.0714 -0.9214 -0.3820
vn -0.0718 -0.9201 -0.3850
vn -0.0894 -0.8940 -0.4390
vn -0.1380 -0.8901 -0.4343
vn -0.1133 -0.9182 -0.3796
vn -0.1888 -0.8786 -0.4387
vn -0.1882 -0.8763 -0.4434
vn -0.1878 -0.8770 -0.4423
vn -0.1885 -0.8791 -0.4377
vn -0.1593 -0.9107 -0.3810
vn -0.1588 -0.9083 -0.3870
vn -0.1584 -0.9091 -0.3854
vn -0.0895 -0.9406 -0.3274
vn -0.0890 -0.9389 -0.3324
vn -0.0887 -0.9394 -0.3313
vn -0.0892 -0.9412 -0.3260
vn -0.1590 -0.9115 -0.3793
vn -0.1293 -0.9378 -0.3221
vn -0.1289 -0.9356 -0.3288
vn -0.1285 -0.9363 -0.3267
vn -0.0685 -0.9583 -0.2776
vn -0.0680 -0.9568 -0.2827
vn -0.0677 -0.9572 -0.2815
vn -0.0683 -0.9587 -0.2759
vn -0.1290 -0.9387 -0.3196
vn -0.1020 -0.9572 -0.2708
vn -0.1018 -0.9558 -0.2757
vn -0.1015 -0.9563 -0.2740
vn -0.0506 -0.9717 -0.2309
vn -0.0501 -0.9706 -0.2352
vn -0.0499 -0.9709 -0.2344
vn -0.0505 -0.9720 -0.2295
vn -0.0800 -0.9700 -0.2296
vn -0.0795 -0.9699 -0.2302
vn -0.0788 -0.9707 -0.2272
vn -0.0791 -0.9708 -0.2266
vn -0.1018 -0.9579 -0.2686
vn -0.1357 -0.9583 -0.2515
vn -0.1358 -0.9568 -0.2570
vn -0.1354 -0.9576 -0.2542
vn -0.1063 -0.9733 -0.2037
vn -0.1061 -0.9734 -0.2032
vn -0.1069 -0.9731 -0.2041
vn -0.1072 -0.9730 -0.2046
vn -0.1353 -0.9592 -0.2482
vn -0.1718 -0.9345 -0.3116
vn -0.1715 -0.9342 -0.3128
vn -0.1701 -0.9357 -0.3092
vn -0.2247 -0.9334 -0.2798
vn -0.2248 -0.9329 -0.2814
vn -0.2227 -0.9343 -0.2784
vn -0.1698 -0.9616 -0.2154
vn -0.1692 -0.9619 -0.2147
vn -0.1707 -0.9614 -0.2156
vn -0.1704 -0.9359 -0.3082
vn -0.1713 -0.9611 -0.2166
vn -0.1475 -0.9802 -0.1323
vn -0.1482 -0.9795 -0.1364
vn -0.1472 -0.9804 -0.1308
vn -0.1277 -0.9778 -0.1664
vn -0.1270 -0.9779 -0.1664
vn -0.1275 -0.9778 -0.1664
vn -0.2024 -0.9631 -0.1773
vn -0.2036 -0.9629 -0.1773
vn -0.2027 -0.9630 -0.1775
vn -0.1464 -0.9811 -0.1269
vn -0.1630 -0.9809 -0.1058
vn -0.1638 -0.9810 -0.1040
vn -0.1639 -0.9809 -0.1049
vn -0.1629 -0.9809 -0.1064
vn -0.2395 -0.9594 -0.1488
vn -0.2431 -0.9589 -0.1461
vn -0.2418 -0.9589 -0.1483
vn -0.2014 -0.9633 -0.1777
vn -0.2383 -0.9594 -0.1507
vn -0.2953 -0.9206 -0.2553
vn -0.2973 -0.9192 -0.2581
vn -0.2934 -0.9212 -0.2555
vn -0.3921 -0.8895 -0.2345
vn -0.3968 -0.8872 -0.2354
vn -0.3930 -0.8887 -0.2361
vn -0.2912 -0.9226 -0.2532
vn -0.2914 -0.8879 -0.3559
vn -0.2908 -0.8870 -0.3588
vn -0.2883 -0.8902 -0.3529
vn -0.2225 -0.9348 -0.2770
vn -0.3968 -0.8583 -0.3253
vn -0.3981 -0.8623 -0.3131
vn -0.3990 -0.8590 -0.3207
vn -0.2887 -0.8910 -0.3503
vn -0.3978 -0.8546 -0.3338
vn -0.3485 -0.8399 -0.4160
vn -0.3502 -0.8429 -0.4085
vn -0.3507 -0.8413 -0.4114
vn -0.4742 -0.7994 -0.3690
vn -0.4740 -0.7983 -0.3715
vn -0.4730 -0.8002 -0.3687
vn -0.2119 -0.9031 -0.3736
vn -0.2114 -0.9002 -0.3807
vn -0.2108 -0.9014 -0.3782
vn -0.2115 -0.9042 -0.3711
vn -0.3491 -0.8381 -0.4193
vn -0.2502 -0.8630 -0.4389
vn -0.2514 -0.8659 -0.4324
vn -0.2518 -0.8649 -0.4342
vn -0.2982 -0.9456 -0.1301
vn -0.3048 -0.9444 -0.1230
vn -0.3034 -0.9443 -0.1272
vn -0.2969 -0.9454 -0.1347
vn -0.4897 -0.8509 -0.1901
vn -0.4897 -0.8525 -0.1830
vn -0.4914 -0.8496 -0.1919
vn -0.3883 -0.8909 -0.2355
vn -0.4914 -0.8479 -0.1991
vn -0.1758 -0.9809 -0.0828
vn -0.1767 -0.9810 -0.0806
vn -0.1768 -0.9809 -0.0814
vn -0.1760 -0.9808 -0.0836
vn -0.1255 -0.9900 -0.0646
vn -0.1258 -0.9898 -0.0663
vn -0.1247 -0.9903 -0.0621
vn -0.1904 -0.9801 -0.0562
vn -0.1334 -0.9898 -0.0496
vn -0.1244 -0.9904 -0.0606
vn -0.1340 -0.9899 -0.0471
vn -0.0796 -0.9954 -0.0541
vn -0.0798 -0.9953 -0.0555
vn -0.0786 -0.9956 -0.0511
vn -0.0898 -0.9953 -0.0372
vn -0.0865 -0.9953 -0.0435
vn -0.0871 -0.9954 -0.0408
vn -0.0785 -0.9957 -0.0498
vn -0.0370 -0.9975 -0.0606
vn -0.0367 -0.9973 -0.0630
vn -0.0365 -0.9974 -0.0626
vn -0.0437 -0.9979 -0.0487
vn -0.0421 -0.9979 -0.0494
vn -0.0414 -0.9980 -0.0469
vn -0.0705 -0.9951 -0.0692
vn -0.0710 -0.9953 -0.0661
vn -0.0713 -0.9952 -0.0668
vn -0.0708 -0.9950 -0.0699
vn -0.1137 -0.9903 -0.0798
vn -0.1133 -0.9905 -0.0777
vn -0.1146 -0.9900 -0.0825
vn -0.1151 -0.9897 -0.0849
vn -0.1022 -0.9896 -0.1016
vn -0.1012 -0.9894 -0.1042
vn -0.1010 -0.9895 -0.1033
vn -0.1020 -0.9897 -0.1007
vn -0.0636 -0.9944 -0.0847
vn -0.0631 -0.9941 -0.0877
vn -0.0629 -0.9942 -0.0871
vn -0.0902 -0.9877 -0.1278
vn -0.0898 -0.9880 -0.1256
vn -0.0905 -0.9875 -0.1290
vn -0.0570 -0.9927 -0.1067
vn -0.0568 -0.9924 -0.1089
vn -0.0565 -0.9925 -0.1086
vn -0.0633 -0.9944 -0.0841
vn -0.0277 -0.9946 -0.1003
vn -0.0276 -0.9946 -0.0996
vn -0.0285 -0.9943 -0.1025
vn -0.0321 -0.9963 -0.0793
vn -0.0323 -0.9963 -0.0801
vn -0.0315 -0.9965 -0.0776
vn -0.0287 -0.9942 -0.1035
vn -0.0569 -0.9927 -0.1062
vn -0.0273 -0.9906 -0.1340
vn -0.0273 -0.9903 -0.1360
vn -0.0271 -0.9904 -0.1358
vn -0.0527 -0.9893 -0.1361
vn -0.0527 -0.9889 -0.1388
vn -0.0524 -0.9890 -0.1385
vn -0.0526 -0.9894 -0.1357
vn -0.0604 -0.9804 -0.1873
vn -0.0611 -0.9818 -0.1799
vn -0.0610 -0.9811 -0.1836
vn -0.0806 -0.9836 -0.1615
vn -0.0806 -0.9836 -0.1617
vn -0.0805 -0.9836 -0.1615
vn -0.0805 -0.9836 -0.1613
vn -0.0356 -0.9818 -0.1864
vn -0.0354 -0.9818 -0.1867
vn -0.0349 -0.9822 -0.1844
vn -0.0352 -0.9823 -0.1841
vn -0.0606 -0.9802 -0.1885
vn -0.0273 -0.9906 -0.1338
vn -0.0111 -0.9835 -0.1805
vn -0.0112 -0.9835 -0.1803
vn -0.0115 -0.9833 -0.1818
vn -0.0048 -0.9908 -0.1355
vn -0.0047 -0.9908 -0.1351
vn -0.0047 -0.9908 -0.1354
vn -0.0114 -0.9832 -0.1820
vn 0.0120 -0.9841 -0.1774
vn 0.0119 -0.9841 -0.1774
vn 0.0118 -0.9840 -0.1779
vn 0.0022 -0.9739 -0.2271
vn 0.0024 -0.9738 -0.2274
vn 0.0028 -0.9744 -0.2249
vn 0.0025 -0.9745 -0.2246
vn -0.0232 -0.9731 -0.2290
vn -0.0229 -0.9726 -0.2313
vn -0.0228 -0.9727 -0.2310
vn -0.0231 -0.9733 -0.2285
vn -0.0099 -0.9604 -0.2784
vn -0.0096 -0.9603 -0.2787
vn -0.0093 -0.9611 -0.2761
vn -0.0381 -0.9588 -0.2815
vn -0.0376 -0.9587 -0.2819
vn -0.0373 -0.9596 -0.2787
vn -0.0096 -0.9612 -0.2758
vn -0.0542 -0.9419 -0.3314
vn -0.0539 -0.9418 -0.3319
vn -0.0534 -0.9429 -0.3286
vn -0.0377 -0.9597 -0.2783
vn -0.0236 -0.9435 -0.3305
vn -0.0233 -0.9434 -0.3307
vn -0.0229 -0.9445 -0.3278
vn -0.0233 -0.9446 -0.3275
vn -0.0539 -0.9431 -0.3282
vn -0.0383 -0.9226 -0.3838
vn -0.0381 -0.9225 -0.3841
vn -0.0379 -0.9234 -0.3820
vn -0.0713 -0.9200 -0.3854
vn -0.0381 -0.9235 -0.3817
vn -0.0203 -0.8990 -0.4375
vn -0.0204 -0.8997 -0.4361
vn -0.0205 -0.8996 -0.4363
vn -0.0075 -0.9252 -0.3794
vn -0.0072 -0.9241 -0.3820
vn -0.0071 -0.9242 -0.3817
vn -0.0073 -0.9253 -0.3791
vn -0.0533 -0.8972 -0.4384
vn -0.0530 -0.8971 -0.4386
vn -0.0529 -0.8981 -0.4366
vn -0.0333 -0.8690 -0.4936
vn -0.0334 -0.8696 -0.4927
vn -0.0335 -0.8695 -0.4927
vn -0.0204 -0.8989 -0.4377
vn -0.0675 -0.8676 -0.4926
vn -0.0677 -0.8684 -0.4913
vn -0.0677 -0.8683 -0.4914
vn -0.0531 -0.8982 -0.4364
vn -0.0676 -0.8675 -0.4927
vn -0.0458 -0.8345 -0.5491
vn -0.0458 -0.8348 -0.5487
vn -0.0334 -0.8689 -0.4938
vn -0.0813 -0.8334 -0.5466
vn -0.0813 -0.8337 -0.5463
vn -0.0813 -0.8336 -0.5463
vn -0.0813 -0.8334 -0.5467
vn -0.0574 -0.7952 -0.6036
vn -0.0574 -0.7951 -0.6037
vn -0.0936 -0.7943 -0.6003
vn -0.0936 -0.7942 -0.6004
vn -0.0937 -0.7941 -0.6005
vn -0.0687 -0.7485 -0.6596
vn -0.0685 -0.7486 -0.6595
vn -0.0686 -0.7485 -0.6596
vn -0.0687 -0.7484 -0.6596
vn -0.0226 -0.7955 -0.6055
vn -0.0117 -0.8350 -0.5501
vn -0.0114 -0.8351 -0.5500
vn -0.0118 -0.8349 -0.5503
vn -0.0004 -0.8700 -0.4930
vn -0.0004 -0.8700 -0.4931
vn -0.0005 -0.8696 -0.4937
vn 0.0321 -0.8695 -0.4929
vn 0.0320 -0.8693 -0.4932
vn -0.0005 -0.8696 -0.4938
vn 0.0420 -0.9003 -0.4332
vn 0.0419 -0.9003 -0.4332
vn 0.0418 -0.9000 -0.4339
vn 0.0111 -0.9005 -0.4348
vn 0.0110 -0.9005 -0.4347
vn 0.0109 -0.9000 -0.4358
vn 0.0110 -0.8999 -0.4359
vn 0.0418 -0.8999 -0.4340
vn 0.0512 -0.9259 -0.3744
vn 0.0512 -0.9254 -0.3755
vn 0.0513 -0.9254 -0.3754
vn 0.0512 -0.9259 -0.3742
vn 0.0224 -0.9259 -0.3770
vn 0.0223 -0.9260 -0.3768
vn 0.0221 -0.9253 -0.3785
vn 0.0222 -0.9253 -0.3786
vn 0.0600 -0.9466 -0.3168
vn 0.0599 -0.9466 -0.3168
vn 0.0597 -0.9463 -0.3178
vn 0.0330 -0.9468 -0.3203
vn 0.0328 -0.9468 -0.3200
vn 0.0326 -0.9462 -0.3220
vn 0.0326 -0.9461 -0.3222
vn 0.0424 -0.9627 -0.2671
vn 0.0425 -0.9624 -0.2684
vn 0.0425 -0.9624 -0.2682
vn 0.0425 -0.9628 -0.2669
vn 0.0169 -0.9622 -0.2718
vn 0.0171 -0.9616 -0.2739
vn 0.0172 -0.9617 -0.2737
vn 0.0055 -0.9452 -0.3264
vn 0.0053 -0.9460 -0.3242
vn 0.0052 -0.9459 -0.3245
vn 0.0054 -0.9451 -0.3267
vn 0.0507 -0.9749 -0.2166
vn 0.0507 -0.9750 -0.2164
vn 0.0504 -0.9747 -0.2179
vn 0.0269 -0.9749 -0.2211
vn 0.0271 -0.9745 -0.2226
vn 0.0271 -0.9746 -0.2224
vn 0.0170 -0.9623 -0.2715
vn 0.0565 -0.9836 -0.1712
vn 0.0570 -0.9837 -0.1708
vn 0.0568 -0.9835 -0.1716
vn 0.0504 -0.9746 -0.2182
vn 0.0270 -0.9749 -0.2209
vn 0.0351 -0.9841 -0.1739
vn 0.0351 -0.9842 -0.1738
vn 0.0348 -0.9839 -0.1750
vn 0.0349 -0.9839 -0.1751
vn 0.0399 -0.9904 -0.1324
vn 0.0400 -0.9904 -0.1325
vn 0.0399 -0.9904 -0.1326
vn 0.0179 -0.9908 -0.1344
vn 0.0178 -0.9908 -0.1341
vn 0.0179 -0.9908 -0.1339
vn 0.0119 -0.9840 -0.1779
vn 0.0179 -0.9908 -0.1338
vn 0.0200 -0.9948 -0.0996
vn 0.0200 -0.9948 -0.0995
vn 0.0198 -0.9947 -0.1004
vn 0.0419 -0.9942 -0.0989
vn 0.0420 -0.9941 -0.0996
vn 0.0420 -0.9942 -0.0994
vn 0.0198 -0.9947 -0.1005
vn 0.0398 -0.9904 -0.1324
vn 0.0419 -0.9942 -0.0988
vn 0.0422 -0.9963 -0.0744
vn 0.0422 -0.9963 -0.0743
vn 0.0420 -0.9963 -0.0751
vn 0.0636 -0.9952 -0.0746
vn 0.0636 -0.9952 -0.0747
vn 0.0637 -0.9952 -0.0740
vn 0.0420 -0.9963 -0.0753
vn 0.0630 -0.9931 -0.0988
vn 0.0632 -0.9932 -0.0982
vn 0.0632 -0.9932 -0.0981
vn 0.0841 -0.9917 -0.0971
vn 0.0841 -0.9917 -0.0970
vn 0.0840 -0.9918 -0.0967
vn 0.0847 -0.9937 -0.0731
vn 0.0850 -0.9937 -0.0735
vn 0.0631 -0.9932 -0.0983
vn 0.0632 -0.9964 -0.0565
vn 0.0620 -0.9971 -0.0438
vn 0.0631 -0.9964 -0.0568
vn 0.0850 -0.9948 -0.0561
vn 0.0849 -0.9948 -0.0560
vn 0.0851 -0.9948 -0.0559
vn 0.0633 -0.9964 -0.0566
vn 0.0845 -0.9937 -0.0730
vn 0.0849 -0.9948 -0.0562
vn 0.1060 -0.9918 -0.0718
vn 0.1063 -0.9918 -0.0715
vn 0.1062 -0.9918 -0.0716
vn 0.1082 -0.9926 -0.0555
vn 0.1070 -0.9928 -0.0540
vn 0.0848 -0.9955 -0.0433
vn 0.0847 -0.9955 -0.0430
vn 0.0850 -0.9958 -0.0337
vn 0.1121 -0.9930 -0.0372
vn 0.1075 -0.9934 -0.0399
vn 0.1090 -0.9932 -0.0419
vn 0.1299 -0.9902 -0.0517
vn 0.1296 -0.9909 -0.0375
vn 0.1305 -0.9900 -0.0534
vn 0.1308 -0.9909 -0.0305
vn 0.1299 -0.9902 -0.0514
vn 0.1085 -0.9936 -0.0327
vn 0.1315 -0.9908 -0.0308
vn 0.1310 -0.9910 -0.0260
vn 0.1310 -0.9906 -0.0393
vn 0.1321 -0.9909 -0.0254
vn 0.1321 -0.9909 -0.0253
vn 0.1571 -0.9873 -0.0240
vn 0.1562 -0.9874 -0.0244
vn 0.1568 -0.9872 -0.0286
vn 0.1553 -0.9875 -0.0285
vn 0.1322 -0.9909 -0.0250
vn 0.1077 -0.9938 -0.0264
vn 0.1078 -0.9938 -0.0273
vn 0.1076 -0.9939 -0.0254
vn 0.1077 -0.9939 -0.0255
vn 0.1079 -0.9938 -0.0255
vn 0.1081 -0.9938 -0.0250
vn 0.0839 -0.9961 -0.0262
vn 0.0836 -0.9961 -0.0264
vn 0.0850 -0.9960 -0.0284
vn 0.0848 -0.9961 -0.0250
vn 0.0843 -0.9961 -0.0266
vn 0.0837 -0.9962 -0.0241
vn 0.0840 -0.9963 -0.0194
vn 0.0605 -0.9978 -0.0271
vn 0.0603 -0.9979 -0.0248
vn 0.0605 -0.9978 -0.0265
vn 0.0608 -0.9979 -0.0201
vn 0.0617 -0.9978 -0.0246
vn 0.0356 -0.9991 -0.0241
vn 0.0388 -0.9990 -0.0202
vn 0.0385 -0.9992 -0.0132
vn 0.0616 -0.9979 -0.0200
vn 0.0612 -0.9980 -0.0122
vn 0.0373 -0.9991 -0.0221
vn 0.0361 -0.9990 -0.0274
vn 0.0119 -0.9996 -0.0274
vn 0.0119 -0.9997 -0.0224
vn 0.0103 -0.9996 -0.0274
vn 0.0136 -0.9997 -0.0220
vn 0.0362 -0.9990 -0.0267
vn 0.0107 -0.9995 -0.0288
vn -0.0188 -0.9994 -0.0307
vn -0.0178 -0.9994 -0.0304
vn -0.0181 -0.9994 -0.0286
vn -0.0159 -0.9995 -0.0290
vn 0.0099 -0.9995 -0.0295
vn 0.0099 -0.9995 -0.0297
vn -0.0189 -0.9993 -0.0308
vn 0.0099 -0.9995 -0.0294
vn -0.0184 -0.9994 -0.0305
vn 0.0106 -0.9995 -0.0313
vn -0.0180 -0.9993 -0.0321
vn 0.0118 -0.9993 -0.0362
vn -0.0161 -0.9992 -0.0371
vn -0.0162 -0.9993 -0.0327
vn -0.0134 -0.9992 -0.0369
vn -0.0444 -0.9983 -0.0382
vn -0.0479 -0.9983 -0.0339
vn -0.0480 -0.9981 -0.0388
vn -0.0511 -0.9982 -0.0317
vn -0.0129 -0.9989 -0.0462
vn -0.0113 -0.9989 -0.0449
vn -0.0118 -0.9988 -0.0468
vn 0.0174 -0.9982 -0.0573
vn 0.0174 -0.9981 -0.0583
vn 0.0174 -0.9982 -0.0582
vn 0.0139 -0.9989 -0.0452
vn 0.0148 -0.9988 -0.0458
vn 0.0152 -0.9989 -0.0442
vn -0.0083 -0.9983 -0.0578
vn -0.0081 -0.9982 -0.0597
vn -0.0079 -0.9982 -0.0595
vn -0.0082 -0.9983 -0.0575
vn -0.0048 -0.9972 -0.0750
vn -0.0047 -0.9972 -0.0745
vn -0.0054 -0.9970 -0.0769
vn -0.0315 -0.9965 -0.0770
vn -0.0368 -0.9975 -0.0603
vn -0.0055 -0.9970 -0.0775
vn 0.0195 -0.9970 -0.0746
vn 0.0195 -0.9970 -0.0744
vn 0.0192 -0.9970 -0.0756
vn 0.0173 -0.9982 -0.0570
vn 0.0192 -0.9969 -0.0758
vn 0.0412 -0.9976 -0.0564
vn 0.0410 -0.9981 -0.0457
vn 0.0403 -0.9976 -0.0570
vn 0.0382 -0.9986 -0.0359
vn 0.0382 -0.9983 -0.0439
vn 0.0408 -0.9975 -0.0580
vn 0.0137 -0.9992 -0.0362
vn 0.0371 -0.9987 -0.0361
vn 0.0120 -0.9994 -0.0320
vn 0.0370 -0.9988 -0.0306
vn 0.0360 -0.9989 -0.0307
vn 0.0601 -0.9976 -0.0353
vn 0.0609 -0.9977 -0.0298
vn 0.0609 -0.9975 -0.0356
vn 0.0594 -0.9978 -0.0293
vn 0.0615 -0.9972 -0.0434
vn 0.0363 -0.9989 -0.0288
vn 0.0606 -0.9978 -0.0274
vn 0.0604 -0.9978 -0.0272
vn 0.0359 -0.9990 -0.0281
vn 0.0355 -0.9990 -0.0287
vn 0.0862 -0.9954 -0.0427
vn 0.0847 -0.9958 -0.0347
vn 0.0846 -0.9960 -0.0285
vn 0.1100 -0.9935 -0.0308
vn -0.0508 -0.9981 -0.0337
vn 0.0136 -0.9998 -0.0154
vn -0.0157 -0.9996 -0.0236
vn -0.0134 -0.9996 -0.0235
vn 0.0171 -0.9998 -0.0052
vn -0.0134 -0.9998 -0.0167
vn -0.0097 -0.9999 -0.0065
vn -0.0109 -0.9999 -0.0126
vn -0.0084 -1.0000 -0.0030
vn -0.0442 -0.9988 -0.0224
vn -0.0416 -0.9990 -0.0169
vn -0.0414 -0.9990 -0.0148
vn -0.0370 -0.9993 -0.0022
vn -0.0371 -0.9993 -0.0017
vn -0.0373 -0.9993 -0.0043
vn -0.0370 -0.9993 -0.0047
vn -0.0328 -0.9994 0.0129
vn -0.0340 -0.9993 0.0162
vn -0.0337 -0.9993 0.0151
vn -0.0325 -0.9994 0.0120
vn -0.0645 -0.9977 0.0204
vn -0.0649 -0.9977 0.0209
vn -0.0651 -0.9977 0.0180
vn -0.0648 -0.9977 0.0175
vn -0.0714 -0.9974 0.0025
vn -0.0701 -0.9975 -0.0013
vn -0.0703 -0.9975 -0.0000
vn -0.0718 -0.9974 0.0040
vn -0.1165 -0.9932 0.0076
vn -0.1159 -0.9932 0.0063
vn -0.1150 -0.9933 0.0110
vn -0.1314 -0.9913 -0.0119
vn -0.1343 -0.9909 -0.0038
vn -0.1334 -0.9910 -0.0071
vn -0.1155 -0.9932 0.0122
vn -0.1305 -0.9913 -0.0151
vn -0.0773 -0.9969 -0.0125
vn -0.0777 -0.9969 -0.0120
vn -0.0779 -0.9968 -0.0149
vn -0.0776 -0.9969 -0.0155
vn -0.0854 -0.9960 -0.0281
vn -0.0436 -0.9989 -0.0182
vn -0.1819 -0.9829 0.0276
vn -0.1819 -0.9830 0.0259
vn -0.1800 -0.9832 0.0297
vn -0.1559 -0.9860 0.0590
vn -0.1530 -0.9870 0.0493
vn -0.1550 -0.9863 0.0567
vn -0.1027 -0.9941 0.0343
vn -0.1029 -0.9941 0.0351
vn -0.1035 -0.9941 0.0328
vn -0.1331 -0.9865 0.0954
vn -0.1325 -0.9866 0.0956
vn -0.1331 -0.9865 0.0951
vn -0.1338 -0.9864 0.0955
vn -0.0940 -0.9938 0.0592
vn -0.0939 -0.9938 0.0597
vn -0.0946 -0.9938 0.0585
vn -0.1578 -0.9852 0.0664
vn -0.1033 -0.9941 0.0320
vn -0.1807 -0.9736 0.1392
vn -0.1833 -0.9729 0.1412
vn -0.1824 -0.9733 0.1396
vn -0.1798 -0.9740 0.1379
vn -0.2268 -0.9694 0.0939
vn -0.2288 -0.9690 0.0933
vn -0.2265 -0.9695 0.0935
vn -0.2453 -0.9514 0.1864
vn -0.2502 -0.9489 0.1925
vn -0.2497 -0.9497 0.1891
vn -0.2446 -0.9521 0.1834
vn -0.3169 -0.9353 0.1574
vn -0.3195 -0.9342 0.1587
vn -0.3181 -0.9349 0.1572
vn -0.2245 -0.9699 0.0941
vn -0.3698 -0.9211 0.1217
vn -0.3717 -0.9204 0.1212
vn -0.3695 -0.9213 0.1211
vn -0.3157 -0.9360 0.1559
vn -0.2657 -0.9618 0.0659
vn -0.2649 -0.9619 0.0675
vn -0.2672 -0.9614 0.0654
vn -0.2682 -0.9612 0.0642
vn -0.1801 -0.9831 0.0313
vn -0.1983 -0.9801 0.0011
vn -0.2000 -0.9798 0.0056
vn -0.1993 -0.9799 0.0033
vn -0.3009 -0.9528 0.0400
vn -0.3040 -0.9514 0.0488
vn -0.3023 -0.9523 0.0427
vn -0.2991 -0.9536 0.0335
vn -0.4603 -0.8705 0.1741
vn -0.4620 -0.8695 0.1747
vn -0.4607 -0.8704 0.1735
vn -0.3963 -0.8928 0.2142
vn -0.3952 -0.8946 0.2088
vn -0.3956 -0.8922 0.2178
vn -0.3676 -0.9220 0.1216
vn -0.5346 -0.8147 0.2246
vn -0.5353 -0.8133 0.2281
vn -0.5357 -0.8145 0.2228
vn -0.4628 -0.8446 0.2693
vn -0.4622 -0.8458 0.2665
vn -0.4617 -0.8443 0.2722
vn -0.4591 -0.8714 0.1730
vn -0.5351 -0.8158 0.2194
vn -0.3969 -0.8903 0.2233
vn -0.3222 -0.9162 0.2381
vn -0.3183 -0.9192 0.2320
vn -0.3183 -0.9184 0.2350
vn -0.3871 -0.8736 0.2950
vn -0.3889 -0.8712 0.2998
vn -0.3895 -0.8717 0.2974
vn -0.3878 -0.8740 0.2927
vn -0.4623 -0.8429 0.2752
vn -0.4404 -0.8267 0.3502
vn -0.4399 -0.8276 0.3487
vn -0.4389 -0.8260 0.3536
vn -0.5161 -0.7919 0.3265
vn -0.5165 -0.7909 0.3282
vn -0.5168 -0.7911 0.3271
vn -0.4394 -0.8251 0.3552
vn -0.4789 -0.7811 0.4007
vn -0.4786 -0.7817 0.3998
vn -0.4775 -0.7808 0.4030
vn -0.5604 -0.7334 0.3849
vn -0.5164 -0.7921 0.3255
vn -0.3254 -0.8681 0.3748
vn -0.3244 -0.8694 0.3728
vn -0.3232 -0.8656 0.3824
vn -0.2786 -0.9002 0.3349
vn -0.2760 -0.9043 0.3257
vn -0.2745 -0.9038 0.3282
vn -0.2280 -0.9317 0.2827
vn -0.2249 -0.9348 0.2750
vn -0.2242 -0.9344 0.2770
vn -0.3219 -0.9155 0.2414
vn -0.2771 -0.8996 0.3376
vn -0.1684 -0.9390 0.3000
vn -0.1675 -0.9402 0.2967
vn -0.1672 -0.9400 0.2973
vn -0.2270 -0.9313 0.2849
vn -0.1956 -0.9163 0.3495
vn -0.1680 -0.9388 0.3006
vn -0.1408 -0.9583 0.2489
vn -0.1394 -0.9594 0.2451
vn -0.1392 -0.9593 0.2458
vn -0.1820 -0.9570 0.2257
vn -0.1798 -0.9584 0.2215
vn -0.1796 -0.9582 0.2226
vn -0.1816 -0.9568 0.2271
vn -0.1448 -0.9735 0.1768
vn -0.1454 -0.9729 0.1796
vn -0.1448 -0.9740 0.1741
vn -0.1137 -0.9733 0.1995
vn -0.1133 -0.9738 0.1971
vn -0.1135 -0.9725 0.2032
vn -0.1402 -0.9581 0.2497
vn -0.1139 -0.9721 0.2050
vn -0.0611 -0.9839 0.1680
vn -0.0613 -0.9837 0.1688
vn -0.0615 -0.9844 0.1646
vn -0.0612 -0.9847 0.1633
vn -0.0900 -0.9827 0.1621
vn -0.0903 -0.9824 0.1636
vn -0.0902 -0.9833 0.1582
vn -0.0820 -0.9741 0.2109
vn -0.0817 -0.9745 0.2091
vn -0.0816 -0.9732 0.2151
vn -0.0430 -0.9917 0.1210
vn -0.0432 -0.9917 0.1215
vn -0.0434 -0.9921 0.1179
vn -0.0432 -0.9922 0.1168
vn -0.0683 -0.9908 0.1172
vn -0.0690 -0.9903 0.1203
vn -0.0694 -0.9904 0.1197
vn -0.0685 -0.9908 0.1167
vn -0.0898 -0.9838 0.1554
vn -0.1155 -0.9841 0.1347
vn -0.1159 -0.9838 0.1367
vn -0.1155 -0.9843 0.1335
vn -0.1150 -0.9847 0.1312
vn -0.0869 -0.9918 0.0932
vn -0.0868 -0.9918 0.0935
vn -0.0870 -0.9918 0.0932
vn -0.0872 -0.9918 0.0935
vn -0.0568 -0.9960 0.0691
vn -0.0587 -0.9956 0.0736
vn -0.0578 -0.9958 0.0713
vn -0.0593 -0.9974 0.0411
vn -0.0596 -0.9974 0.0416
vn -0.0598 -0.9975 0.0389
vn -0.0945 -0.9938 0.0578
vn -0.0565 -0.9961 0.0683
vn -0.0594 -0.9975 0.0385
vn -0.0318 -0.9970 0.0705
vn -0.0320 -0.9970 0.0708
vn -0.0318 -0.9972 0.0680
vn -0.0307 -0.9989 0.0353
vn -0.0305 -0.9989 0.0350
vn -0.0306 -0.9988 0.0371
vn -0.0308 -0.9988 0.0374
vn -0.0093 -0.9974 0.0718
vn -0.0060 -0.9993 0.0362
vn -0.0058 -0.9993 0.0359
vn -0.0059 -0.9993 0.0380
vn -0.0060 -0.9992 0.0383
vn -0.0317 -0.9972 0.0678
vn 0.0177 -0.9997 0.0137
vn 0.0178 -0.9998 0.0134
vn 0.0179 -0.9997 0.0151
vn 0.0171 -0.9991 0.0387
vn -0.0063 -0.9999 0.0126
vn -0.0062 -0.9999 0.0123
vn -0.0062 -0.9999 0.0143
vn 0.0177 -0.9997 0.0154
vn 0.0144 -0.9998 -0.0118
vn 0.0168 -0.9999 -0.0031
vn 0.0168 -0.9999 -0.0018
vn -0.0085 -1.0000 -0.0047
vn -0.0064 -0.9999 0.0146
vn 0.0398 -0.9991 -0.0127
vn 0.0393 -0.9992 -0.0020
vn 0.0402 -0.9992 -0.0004
vn 0.0563 -0.9984 -0.0023
vn 0.0672 -0.9977 -0.0105
vn 0.0622 -0.9981 0.0006
vn 0.0402 -0.9992 -0.0015
vn 0.0404 -0.9991 0.0161
vn 0.0404 -0.9991 0.0162
vn 0.0403 -0.9991 0.0152
vn 0.0404 -0.9991 0.0151
vn 0.0622 -0.9981 -0.0000
vn 0.0617 -0.9979 0.0171
vn 0.0618 -0.9979 0.0172
vn 0.0618 -0.9979 0.0168
vn 0.0618 -0.9979 0.0169
vn 0.0601 -0.9974 0.0398
vn 0.0602 -0.9974 0.0400
vn 0.0601 -0.9974 0.0397
vn 0.0392 -0.9985 0.0388
vn 0.0829 -0.9964 0.0175
vn 0.0829 -0.9964 0.0176
vn 0.0809 -0.9959 0.0401
vn 0.0809 -0.9959 0.0399
vn 0.0809 -0.9959 0.0395
vn 0.0602 -0.9974 0.0397
vn 0.0828 -0.9964 0.0177
vn 0.0820 -0.9966 0.0027
vn 0.0842 -0.9964 0.0016
vn 0.0839 -0.9965 0.0011
vn 0.1058 -0.9944 0.0006
vn 0.1059 -0.9944 0.0003
vn 0.1066 -0.9942 -0.0121
vn 0.1046 -0.9944 0.0165
vn 0.1042 -0.9944 0.0171
vn 0.1044 -0.9944 0.0167
vn 0.1045 -0.9944 0.0162
vn 0.1268 -0.9918 0.0163
vn 0.1269 -0.9918 0.0160
vn 0.1269 -0.9918 0.0163
vn 0.1292 -0.9916 0.0008
vn 0.1287 -0.9917 0.0001
vn 0.1286 -0.9917 -0.0006
vn 0.1295 -0.9915 -0.0124
vn 0.1112 -0.9938 -0.0094
vn 0.1304 -0.9914 -0.0116
vn 0.1069 -0.9942 -0.0104
vn 0.1305 -0.9912 -0.0199
vn 0.1322 -0.9909 -0.0237
vn 0.1073 -0.9940 -0.0189
vn 0.1070 -0.9941 -0.0199
vn 0.1316 -0.9910 -0.0238
vn 0.1308 -0.9912 -0.0195
vn 0.1078 -0.9939 -0.0246
vn 0.1318 -0.9910 -0.0246
vn 0.1569 -0.9873 -0.0241
vn 0.1569 -0.9873 -0.0246
vn 0.1573 -0.9873 -0.0234
vn 0.1558 -0.9875 -0.0238
vn 0.1321 -0.9909 -0.0247
vn 0.1572 -0.9873 -0.0242
vn 0.1570 -0.9873 -0.0245
vn 0.0867 -0.9960 -0.0206
vn 0.0843 -0.9962 -0.0196
vn 0.1556 -0.9876 -0.0205
vn 0.1545 -0.9879 -0.0131
vn 0.1543 -0.9878 -0.0198
vn 0.1825 -0.9830 -0.0213
vn 0.1797 -0.9836 -0.0144
vn 0.1803 -0.9834 -0.0216
vn 0.1774 -0.9840 -0.0150
vn 0.1530 -0.9881 -0.0135
vn 0.1823 -0.9830 -0.0241
vn 0.1527 -0.9883 -0.0012
vn 0.1769 -0.9842 -0.0037
vn 0.1757 -0.9844 -0.0048
vn 0.1518 -0.9884 -0.0021
vn 0.1519 -0.9884 -0.0014
vn 0.1727 -0.9849 0.0122
vn 0.1729 -0.9849 0.0114
vn 0.1727 -0.9849 0.0124
vn 0.1760 -0.9844 -0.0033
vn 0.1496 -0.9886 0.0148
vn 0.1495 -0.9886 0.0149
vn 0.1494 -0.9887 0.0138
vn 0.1978 -0.9802 0.0078
vn 0.1978 -0.9802 0.0075
vn 0.1981 -0.9801 0.0092
vn 0.2034 -0.9791 -0.0066
vn 0.2020 -0.9794 -0.0058
vn 0.2016 -0.9794 -0.0078
vn 0.2040 -0.9788 -0.0174
vn 0.2327 -0.9725 -0.0091
vn 0.2336 -0.9721 -0.0199
vn 0.2304 -0.9730 -0.0104
vn 0.2069 -0.9782 -0.0171
vn 0.2378 -0.9710 -0.0244
vn 0.2072 -0.9780 -0.0224
vn 0.2099 -0.9774 -0.0248
vn 0.2655 -0.9640 -0.0113
vn 0.2664 -0.9636 -0.0203
vn 0.2629 -0.9647 -0.0123
vn 0.2309 -0.9729 -0.0081
vn 0.2636 -0.9646 -0.0097
vn 0.2563 -0.9666 0.0022
vn 0.2563 -0.9666 0.0017
vn 0.2570 -0.9664 0.0046
vn 0.2255 -0.9742 0.0048
vn 0.2256 -0.9742 0.0045
vn 0.2260 -0.9741 0.0066
vn 0.2260 -0.9741 0.0070
vn 0.2505 -0.9677 0.0266
vn 0.2508 -0.9677 0.0242
vn 0.2510 -0.9677 0.0245
vn 0.2507 -0.9677 0.0270
vn 0.2570 -0.9664 0.0052
vn 0.2216 -0.9747 0.0287
vn 0.2216 -0.9747 0.0290
vn 0.2213 -0.9748 0.0272
vn 0.2213 -0.9748 0.0269
vn 0.1944 -0.9804 0.0313
vn 0.1944 -0.9804 0.0316
vn 0.1943 -0.9805 0.0306
vn 0.1919 -0.9794 0.0624
vn 0.1918 -0.9794 0.0625
vn 0.1917 -0.9794 0.0629
vn 0.1917 -0.9794 0.0631
vn 0.2187 -0.9739 0.0606
vn 0.2187 -0.9739 0.0605
vn 0.2189 -0.9738 0.0614
vn 0.2184 -0.9703 0.1044
vn 0.2186 -0.9702 0.1043
vn 0.2186 -0.9702 0.1049
vn 0.1906 -0.9761 0.1041
vn 0.1908 -0.9761 0.1044
vn 0.1910 -0.9760 0.1044
vn 0.2188 -0.9738 0.0614
vn 0.1651 -0.9807 0.1043
vn 0.1650 -0.9808 0.1043
vn 0.1635 -0.9749 0.1510
vn 0.1638 -0.9750 0.1499
vn 0.1638 -0.9750 0.1500
vn 0.1912 -0.9698 0.1516
vn 0.1911 -0.9697 0.1521
vn 0.1908 -0.9697 0.1522
vn 0.1911 -0.9698 0.1515
vn 0.2215 -0.9630 0.1534
vn 0.2211 -0.9629 0.1550
vn 0.2210 -0.9629 0.1547
vn 0.2259 -0.9517 0.2078
vn 0.2255 -0.9518 0.2080
vn 0.2256 -0.9523 0.2055
vn 0.1922 -0.9600 0.2036
vn 0.1924 -0.9600 0.2034
vn 0.1923 -0.9597 0.2051
vn 0.1921 -0.9597 0.2052
vn 0.1940 -0.9458 0.2606
vn 0.1937 -0.9458 0.2607
vn 0.1940 -0.9464 0.2584
vn 0.2261 -0.9522 0.2052
vn 0.2310 -0.9367 0.2630
vn 0.2306 -0.9368 0.2632
vn 0.2309 -0.9374 0.2609
vn 0.1943 -0.9463 0.2582
vn 0.1947 -0.9277 0.3187
vn 0.1953 -0.9281 0.3172
vn 0.1952 -0.9280 0.3174
vn 0.2357 -0.9172 0.3211
vn 0.2350 -0.9174 0.3213
vn 0.2356 -0.9181 0.3186
vn 0.2314 -0.9373 0.2607
vn 0.1948 -0.9048 0.3787
vn 0.1946 -0.9048 0.3789
vn 0.1949 -0.9053 0.3774
vn 0.1948 -0.9276 0.3188
vn 0.2390 -0.8939 0.3791
vn 0.2387 -0.8940 0.3792
vn 0.2391 -0.8945 0.3777
vn 0.2362 -0.9181 0.3184
vn 0.1952 -0.9053 0.3772
vn 0.2402 -0.8656 0.4393
vn 0.2398 -0.8657 0.4394
vn 0.2403 -0.8662 0.4382
vn 0.2396 -0.8944 0.3776
vn 0.1925 -0.8771 0.4400
vn 0.1924 -0.8772 0.4400
vn 0.1925 -0.8773 0.4396
vn 0.1926 -0.8773 0.4396
vn 0.2406 -0.8662 0.4380
vn 0.1876 -0.8444 0.5018
vn 0.1875 -0.8448 0.5012
vn 0.1877 -0.8445 0.5016
vn 0.2381 -0.8330 0.4995
vn 0.2381 -0.8331 0.4993
vn 0.2382 -0.8330 0.4994
vn 0.2383 -0.8329 0.4996
vn 0.1803 -0.8070 0.5624
vn 0.1802 -0.8070 0.5624
vn 0.1799 -0.8067 0.5629
vn 0.1877 -0.8443 0.5019
vn 0.2325 -0.7953 0.5598
vn 0.2324 -0.7953 0.5599
vn 0.2321 -0.7951 0.5603
vn 0.1800 -0.8067 0.5628
vn 0.1692 -0.7612 0.6260
vn 0.1691 -0.7612 0.6261
vn 0.1687 -0.7609 0.6265
vn 0.2224 -0.7503 0.6226
vn 0.2222 -0.7502 0.6228
vn 0.2216 -0.7498 0.6234
vn 0.2322 -0.7951 0.5603
vn 0.1688 -0.7610 0.6265
vn 0.1537 -0.7055 0.6918
vn 0.1532 -0.7054 0.6921
vn 0.1535 -0.7053 0.6921
vn 0.2072 -0.6960 0.6875
vn 0.2070 -0.6958 0.6877
vn 0.2063 -0.6959 0.6879
vn 0.2216 -0.7499 0.6233
vn 0.1352 -0.6388 0.7574
vn 0.1349 -0.6385 0.7577
vn 0.1342 -0.6393 0.7571
vn 0.1541 -0.7053 0.6919
vn 0.1876 -0.6317 0.7522
vn 0.1874 -0.6312 0.7526
vn 0.1864 -0.6322 0.7520
vn 0.2064 -0.6961 0.6877
vn 0.1343 -0.6396 0.7569
vn 0.1128 -0.5615 0.8197
vn 0.1125 -0.5611 0.8200
vn 0.1118 -0.5628 0.8190
vn 0.1639 -0.5560 0.8149
vn 0.1636 -0.5554 0.8154
vn 0.1627 -0.5574 0.8141
vn 0.1866 -0.6327 0.7516
vn 0.1120 -0.5633 0.8186
vn 0.0878 -0.4749 0.8756
vn 0.0877 -0.4766 0.8747
vn 0.0881 -0.4763 0.8748
vn 0.1373 -0.4696 0.8721
vn 0.1370 -0.4689 0.8726
vn 0.1361 -0.4721 0.8710
vn 0.1628 -0.5581 0.8136
vn 0.0881 -0.4746 0.8758
vn 0.1097 -0.3746 0.9207
vn 0.1095 -0.3742 0.9209
vn 0.1089 -0.3767 0.9199
vn 0.1363 -0.4729 0.8705
vn 0.0632 -0.3822 0.9219
vn 0.0634 -0.3826 0.9217
vn 0.0640 -0.3802 0.9227
vn 0.0637 -0.3798 0.9229
vn 0.0443 -0.4787 0.8769
vn 0.0445 -0.4790 0.8767
vn 0.0450 -0.4770 0.8778
vn 0.0229 -0.3851 0.9226
vn 0.0228 -0.3850 0.9226
vn 0.0226 -0.3860 0.9222
vn 0.0227 -0.3860 0.9222
vn -0.0321 -0.3009 0.9531
vn -0.0323 -0.3008 0.9531
vn -0.0322 -0.3008 0.9531
vn 0.0029 -0.2927 0.9562
vn 0.0029 -0.2925 0.9563
vn 0.0029 -0.2926 0.9562
vn 0.0028 -0.2926 0.9562
vn -0.0146 -0.3908 0.9204
vn -0.0145 -0.3909 0.9203
vn -0.0141 -0.3899 0.9207
vn -0.0658 -0.3095 0.9486
vn -0.0660 -0.3090 0.9488
vn -0.0662 -0.3088 0.9488
vn -0.0322 -0.3008 0.9532
vn -0.0497 -0.3968 0.9165
vn -0.0497 -0.3969 0.9165
vn -0.0497 -0.3967 0.9166
vn -0.0143 -0.3899 0.9207
vn -0.0319 -0.4853 0.8738
vn -0.0319 -0.4854 0.8737
vn -0.0318 -0.4848 0.8740
vn 0.0051 -0.4809 0.8767
vn 0.0052 -0.4811 0.8767
vn 0.0053 -0.4804 0.8770
vn 0.0052 -0.4802 0.8771
vn 0.0671 -0.5642 0.8229
vn 0.0669 -0.5640 0.8231
vn 0.0664 -0.5652 0.8223
vn 0.0253 -0.5677 0.8229
vn 0.0254 -0.5678 0.8228
vn 0.0258 -0.5670 0.8233
vn 0.0666 -0.5655 0.8221
vn 0.0448 -0.4768 0.8779
vn 0.0875 -0.6434 0.7605
vn 0.0876 -0.6435 0.7604
vn 0.0881 -0.6431 0.7607
vn 0.0256 -0.5668 0.8235
vn 0.0879 -0.6429 0.7608
vn 0.0449 -0.6469 0.7612
vn 0.0450 -0.6470 0.7612
vn 0.0453 -0.6467 0.7614
vn 0.0452 -0.6466 0.7615
vn 0.0054 -0.6506 0.7594
vn 0.0056 -0.6504 0.7596
vn -0.0130 -0.5715 0.8205
vn -0.0132 -0.5711 0.8208
vn -0.0130 -0.5714 0.8206
vn 0.0055 -0.6504 0.7596
vn -0.0500 -0.5758 0.8160
vn -0.0500 -0.5757 0.8162
vn -0.0502 -0.5758 0.8160
vn -0.0324 -0.6540 0.7558
vn -0.0130 -0.5716 0.8204
vn -0.0676 -0.4911 0.8685
vn -0.0677 -0.4912 0.8684
vn -0.0676 -0.4906 0.8688
vn -0.0319 -0.4847 0.8741
vn -0.0675 -0.4905 0.8688
vn -0.1157 -0.4117 0.9039
vn -0.1158 -0.4118 0.9039
vn -0.1157 -0.4108 0.9044
vn -0.1007 -0.4972 0.8618
vn -0.1007 -0.4970 0.8619
vn -0.1007 -0.4975 0.8616
vn -0.0839 -0.4038 0.9110
vn -0.0839 -0.4029 0.9114
vn -0.0839 -0.4040 0.9109
vn -0.1156 -0.4107 0.9044
vn -0.1294 -0.3272 0.9360
vn -0.1298 -0.3269 0.9361
vn -0.1295 -0.3270 0.9361
vn -0.0988 -0.3186 0.9427
vn -0.0989 -0.3178 0.9430
vn -0.0839 -0.4041 0.9109
vn -0.1115 -0.2389 0.9646
vn -0.1115 -0.2390 0.9646
vn -0.1115 -0.2397 0.9644
vn -0.1115 -0.2396 0.9644
vn -0.0795 -0.2291 0.9701
vn -0.0795 -0.2292 0.9701
vn -0.0794 -0.2283 0.9704
vn -0.0658 -0.3097 0.9486
vn -0.1211 -0.1758 0.9770
vn -0.1210 -0.1761 0.9769
vn -0.1212 -0.1764 0.9768
vn -0.0891 -0.1650 0.9823
vn -0.0893 -0.1652 0.9822
vn -0.0890 -0.1640 0.9824
vn -0.1212 -0.1766 0.9768
vn -0.0793 -0.2281 0.9704
vn -0.0470 -0.2170 0.9750
vn -0.0468 -0.2169 0.9751
vn -0.0473 -0.2175 0.9749
vn -0.0568 -0.1520 0.9867
vn -0.0570 -0.1523 0.9867
vn -0.0567 -0.1506 0.9870
vn -0.0472 -0.2178 0.9748
vn -0.0628 -0.1021 0.9928
vn -0.0630 -0.1023 0.9928
vn -0.0627 -0.1002 0.9930
vn -0.0567 -0.1505 0.9870
vn -0.0955 -0.1153 0.9887
vn -0.0954 -0.1151 0.9888
vn -0.0956 -0.1163 0.9886
vn -0.0957 -0.1163 0.9886
vn -0.1277 -0.1279 0.9835
vn -0.1276 -0.1277 0.9836
vn -0.1278 -0.1290 0.9834
vn -0.1324 -0.0927 0.9869
vn -0.1325 -0.0924 0.9869
vn -0.0997 -0.0807 0.9917
vn -0.0999 -0.0809 0.9917
vn -0.0995 -0.0795 0.9919
vn -0.1643 -0.1026 0.9811
vn -0.1644 -0.1026 0.9810
vn -0.1641 -0.1025 0.9811
vn -0.1323 -0.0927 0.9869
vn -0.1641 -0.1024 0.9811
vn -0.1586 -0.1389 0.9775
vn -0.1585 -0.1389 0.9775
vn -0.1585 -0.1385 0.9776
vn -0.1279 -0.1291 0.9834
vn -0.1667 -0.0664 0.9838
vn -0.1676 -0.0651 0.9837
vn -0.1679 -0.0652 0.9837
vn -0.1662 -0.0667 0.9838
vn -0.1947 -0.1112 0.9745
vn -0.1946 -0.1114 0.9745
vn -0.1946 -0.1107 0.9746
vn -0.2177 -0.0552 0.9745
vn -0.2262 -0.0629 0.9720
vn -0.2131 -0.0505 0.9757
vn -0.2128 -0.0495 0.9758
vn 0.7079 0.6894 0.1539
vn 0.7078 0.6895 0.1538
vn 0.7072 0.6895 0.1562
vn -0.2286 -0.0508 0.9722
vn -0.2285 -0.0500 0.9723
vn -0.2285 -0.0534 0.9721
vn -0.8280 0.5412 -0.1464
vn -0.8277 0.5416 -0.1469
vn -0.8273 0.5412 -0.1508
vn -0.8276 0.5408 -0.1503
vn 0.2265 0.0519 -0.9726
vn 0.2259 0.0540 -0.9726
vn 0.2290 0.0503 -0.9721
vn 0.4357 0.8894 0.1380
vn 0.4357 0.8891 0.1402
vn 0.4358 0.8891 0.1397
vn 0.2847 0.0563 -0.9569
vn 0.2838 0.0579 -0.9571
vn 0.2886 0.0462 -0.9563
vn 0.2893 0.0433 -0.9563
vn 0.4358 0.8895 0.1376
vn -0.2883 -0.0447 0.9565
vn -0.2909 -0.0416 0.9559
vn -0.2897 -0.0557 0.9555
vn -0.2964 -0.0666 0.9528
vn -0.2945 -0.0455 0.9546
vn -0.6842 0.7078 -0.1757
vn -0.6826 0.7092 -0.1762
vn -0.6802 0.7091 -0.1859
vn -0.6818 0.7076 -0.1854
vn 0.4082 -0.0369 -0.9122
vn 0.4068 -0.0315 -0.9130
vn 0.4126 -0.0769 -0.9077
vn 0.2944 0.0542 -0.9541
vn 0.2941 0.0467 -0.9546
vn 0.4090 -0.0832 -0.9087
vn 0.5568 0.8092 0.1876
vn 0.5564 0.8093 0.1883
vn 0.5570 0.8091 0.1875
vn -0.9086 0.2799 -0.3100
vn -0.9069 0.2844 -0.3108
vn -0.9051 0.2840 -0.3165
vn 0.5569 0.8091 0.1877
vn -0.9067 0.2794 -0.3159
vn -0.4051 0.0649 0.9120
vn -0.4067 0.0709 0.9108
vn -0.4266 0.0309 0.9039
vn -0.4334 0.0177 0.9010
vn -0.3254 -0.1433 0.9346
vn -0.3253 -0.1447 0.9345
vn -0.3247 -0.1397 0.9355
vn -0.2895 -0.1289 0.9485
vn -0.2895 -0.1279 0.9486
vn -0.2901 -0.1317 0.9479
vn -0.2965 -0.0517 0.9536
vn -0.2900 -0.1324 0.9478
vn -0.2564 -0.1216 0.9589
vn -0.2565 -0.1208 0.9590
vn -0.2570 -0.1241 0.9584
vn -0.2482 -0.1577 0.9558
vn -0.2482 -0.1580 0.9557
vn -0.2477 -0.1557 0.9562
vn -0.2800 -0.1613 0.9463
vn -0.2797 -0.1647 0.9459
vn -0.2794 -0.1643 0.9460
vn -0.2479 -0.1551 0.9563
vn -0.2796 -0.1609 0.9465
vn -0.2173 -0.1503 0.9645
vn -0.2174 -0.1498 0.9645
vn -0.2178 -0.1523 0.9640
vn -0.2087 -0.2003 0.9573
vn -0.2086 -0.2004 0.9573
vn -0.2085 -0.1993 0.9575
vn -0.2085 -0.1991 0.9575
vn -0.2384 -0.2061 0.9490
vn -0.2383 -0.2064 0.9490
vn -0.2380 -0.2044 0.9495
vn -0.1982 -0.2644 0.9438
vn -0.1982 -0.2640 0.9439
vn -0.1980 -0.2640 0.9440
vn -0.2381 -0.2040 0.9496
vn -0.2272 -0.2710 0.9354
vn -0.2271 -0.2711 0.9354
vn -0.2271 -0.2708 0.9355
vn -0.1980 -0.2639 0.9440
vn -0.1702 -0.2571 0.9513
vn -0.1702 -0.2573 0.9512
vn -0.1699 -0.2567 0.9514
vn -0.1866 -0.3436 0.9204
vn -0.1864 -0.3449 0.9200
vn -0.1582 -0.3350 0.9288
vn -0.1581 -0.3357 0.9286
vn -0.1866 -0.3435 0.9204
vn -0.1582 -0.3351 0.9288
vn -0.1454 -0.4196 0.8960
vn -0.1452 -0.4208 0.8955
vn -0.1452 -0.4207 0.8955
vn -0.1745 -0.4290 0.8863
vn -0.1699 -0.2566 0.9515
vn -0.1419 -0.2487 0.9581
vn -0.1419 -0.2490 0.9580
vn -0.1416 -0.2483 0.9583
vn -0.1293 -0.3272 0.9361
vn -0.1512 -0.1863 0.9708
vn -0.1512 -0.1866 0.9707
vn -0.1512 -0.1862 0.9708
vn -0.1799 -0.1941 0.9643
vn -0.1799 -0.1942 0.9643
vn -0.1798 -0.1935 0.9645
vn -0.1798 -0.1934 0.9645
vn -0.1511 -0.1858 0.9709
vn -0.1882 -0.1456 0.9713
vn -0.1881 -0.1466 0.9712
vn -0.1879 -0.1465 0.9712
vn -0.1584 -0.1383 0.9776
vn -0.2155 -0.3525 0.9107
vn -0.2153 -0.3536 0.9103
vn -0.2273 -0.2706 0.9355
vn -0.2556 -0.2758 0.9266
vn -0.2557 -0.2756 0.9267
vn -0.2558 -0.2772 0.9261
vn -0.2558 -0.2774 0.9261
vn -0.2440 -0.3607 0.9002
vn -0.2999 -0.2180 0.9287
vn -0.2997 -0.2191 0.9285
vn -0.2992 -0.2144 0.9298
vn -0.2680 -0.2091 0.9405
vn -0.2680 -0.2084 0.9406
vn -0.2685 -0.2113 0.9398
vn -0.2992 -0.2127 0.9302
vn -0.2848 -0.2792 0.9170
vn -0.2848 -0.2796 0.9169
vn -0.2844 -0.2771 0.9178
vn -0.3329 -0.2302 0.9144
vn -0.3322 -0.2340 0.9137
vn -0.3318 -0.2335 0.9140
vn -0.3152 -0.2880 0.9043
vn -0.3150 -0.2891 0.9040
vn -0.3148 -0.2847 0.9054
vn -0.2845 -0.2763 0.9180
vn -0.3326 -0.2298 0.9146
vn -0.3635 -0.2773 0.8894
vn -0.3633 -0.2800 0.8886
vn -0.3635 -0.2760 0.8898
vn -0.3148 -0.2812 0.9066
vn -0.3371 -0.3364 0.8793
vn -0.3370 -0.3364 0.8793
vn -0.3372 -0.3364 0.8793
vn -0.3373 -0.3365 0.8792
vn -0.3638 -0.2728 0.8906
vn -0.3011 -0.3816 0.8739
vn -0.3858 -0.2333 0.8926
vn -0.3856 -0.2367 0.8918
vn -0.3856 -0.2305 0.8934
vn -0.3479 -0.1945 0.9171
vn -0.3487 -0.1911 0.9176
vn -0.3490 -0.1915 0.9174
vn -0.3483 -0.1950 0.9169
vn -0.3857 -0.2263 0.8944
vn -0.3126 -0.1711 0.9343
vn -0.3127 -0.1695 0.9346
vn -0.3132 -0.1743 0.9336
vn -0.3131 -0.1755 0.9333
vn -0.3247 -0.1378 0.9357
vn -0.3783 -0.1437 0.9145
vn -0.3916 -0.1713 0.9040
vn -0.3755 -0.1370 0.9166
vn -0.3751 -0.1347 0.9171
vn 0.4173 0.8824 0.2171
vn 0.4171 0.8810 0.2235
vn 0.4175 0.8811 0.2220
vn -0.4161 -0.1437 0.8979
vn -0.4153 -0.1440 0.8982
vn -0.4156 -0.1438 0.8981
vn -0.4164 -0.1431 0.8979
vn -0.7618 0.5863 -0.2754
vn 0.4178 0.8826 0.2157
vn -0.2683 -0.2118 0.9398
vn -0.2177 -0.1527 0.9640
vn -0.1880 -0.1454 0.9713
vn -0.2254 -0.1164 0.9673
vn -0.2253 -0.1183 0.9671
vn -0.2250 -0.1180 0.9672
vn -0.1945 -0.1104 0.9747
vn -0.2569 -0.1247 0.9584
vn -0.2252 -0.1161 0.9674
vn 0.3245 0.1434 -0.9350
vn 0.3246 0.1433 -0.9349
vn 0.3241 0.1474 -0.9345
vn 0.3755 0.1443 -0.9155
vn 0.3749 0.1450 -0.9156
vn 0.3769 0.1369 -0.9161
vn 0.3763 0.1361 -0.9165
vn 0.3239 0.1475 -0.9345
vn 0.3484 0.1909 -0.9177
vn 0.3486 0.1965 -0.9164
vn 0.3483 0.1944 -0.9170
vn 0.3129 0.1743 -0.9337
vn 0.3124 0.1684 -0.9349
vn 0.3129 0.1704 -0.9344
vn 0.3132 0.1757 -0.9333
vn 0.2797 0.1644 -0.9459
vn 0.2792 0.1599 -0.9468
vn 0.2796 0.1611 -0.9465
vn 0.2801 0.1652 -0.9457
vn 0.2891 0.1334 -0.9480
vn 0.2889 0.1334 -0.9480
vn 0.2892 0.1307 -0.9483
vn 0.2894 0.1306 -0.9483
vn 0.2482 0.1581 -0.9557
vn 0.2478 0.1548 -0.9564
vn 0.2481 0.1555 -0.9562
vn 0.2567 0.1248 -0.9584
vn 0.2562 0.1216 -0.9589
vn 0.2565 0.1222 -0.9588
vn 0.2485 0.1585 -0.9556
vn 0.2251 0.1180 -0.9672
vn 0.2248 0.1161 -0.9675
vn 0.2250 0.1164 -0.9674
vn 0.2176 0.1508 -0.9643
vn 0.2178 0.1528 -0.9640
vn 0.2176 0.1525 -0.9640
vn 0.2174 0.1505 -0.9644
vn 0.2569 0.1254 -0.9583
vn 0.1799 0.1934 -0.9645
vn 0.1799 0.1937 -0.9644
vn 0.1880 0.1468 -0.9711
vn 0.1879 0.1453 -0.9714
vn 0.1880 0.1455 -0.9713
vn 0.2086 0.2003 -0.9573
vn 0.2085 0.2003 -0.9573
vn 0.2087 0.1986 -0.9576
vn 0.2088 0.1986 -0.9576
vn 0.2382 0.2039 -0.9496
vn 0.2384 0.2058 -0.9491
vn 0.2383 0.2056 -0.9492
vn 0.2381 0.2036 -0.9497
vn 0.2273 0.2695 -0.9358
vn 0.2273 0.2694 -0.9358
vn 0.2272 0.2702 -0.9356
vn 0.2272 0.2703 -0.9356
vn 0.1982 0.2629 -0.9442
vn 0.1983 0.2630 -0.9442
vn 0.1982 0.2630 -0.9442
vn 0.1865 0.3444 -0.9201
vn 0.1865 0.3445 -0.9201
vn 0.1868 0.3431 -0.9206
vn 0.1703 0.2560 -0.9515
vn 0.1703 0.2561 -0.9515
vn 0.1703 0.2557 -0.9516
vn 0.1702 0.2559 -0.9516
vn 0.1582 0.3351 -0.9288
vn 0.1583 0.3352 -0.9288
vn 0.1584 0.3345 -0.9290
vn 0.1867 0.3430 -0.9206
vn 0.2155 0.3521 -0.9108
vn 0.2155 0.3520 -0.9108
vn 0.2153 0.3530 -0.9105
vn 0.2041 0.4399 -0.8745
vn 0.2044 0.4380 -0.8755
vn 0.2043 0.4381 -0.8754
vn 0.1745 0.4303 -0.8857
vn 0.1746 0.4283 -0.8866
vn 0.1746 0.4284 -0.8866
vn 0.1745 0.4304 -0.8856
vn 0.1622 0.5146 -0.8420
vn 0.1624 0.5129 -0.8429
vn 0.1623 0.5130 -0.8429
vn 0.1455 0.4191 -0.8962
vn 0.1454 0.4190 -0.8963
vn 0.1453 0.4201 -0.8958
vn 0.1317 0.5052 -0.8529
vn 0.1317 0.5053 -0.8528
vn 0.1320 0.5042 -0.8535
vn 0.1453 0.4202 -0.8957
vn 0.1173 0.5868 -0.8012
vn 0.1174 0.5869 -0.8011
vn 0.1176 0.5858 -0.8019
vn 0.1495 0.5940 -0.7905
vn 0.1496 0.5930 -0.7912
vn 0.1622 0.5147 -0.8419
vn 0.1320 0.5041 -0.8535
vn 0.1176 0.5857 -0.8019
vn 0.1008 0.4963 -0.8623
vn 0.1008 0.4973 -0.8617
vn 0.1009 0.4972 -0.8617
vn 0.0849 0.5804 -0.8099
vn 0.0848 0.5801 -0.8102
vn 0.0847 0.5800 -0.8102
vn 0.0848 0.5803 -0.8100
vn 0.0683 0.6576 -0.7502
vn 0.0682 0.6574 -0.7504
vn 0.0682 0.6574 -0.7505
vn 0.0503 0.5755 -0.8163
vn 0.0503 0.5754 -0.8163
vn 0.0326 0.6541 -0.7557
vn 0.0325 0.6538 -0.7560
vn 0.0324 0.6538 -0.7560
vn 0.0325 0.6541 -0.7557
vn 0.0154 0.7231 -0.6906
vn 0.0155 0.7231 -0.6906
vn 0.0154 0.7232 -0.6905
vn -0.0054 0.6504 -0.7596
vn -0.0055 0.6501 -0.7598
vn -0.0229 0.7201 -0.6934
vn -0.0229 0.7202 -0.6934
vn -0.0228 0.7201 -0.6935
vn -0.0054 0.6501 -0.7598
vn -0.0007 0.7814 -0.6241
vn -0.0006 0.7810 -0.6245
vn -0.0005 0.7809 -0.6246
vn -0.0229 0.7200 -0.6936
vn -0.0385 0.7786 -0.6264
vn -0.0385 0.7784 -0.6266
vn -0.0149 0.8275 -0.5612
vn -0.0149 0.8275 -0.5613
vn -0.0149 0.8274 -0.5614
vn -0.0386 0.7787 -0.6262
vn -0.0524 0.8250 -0.5627
vn -0.0522 0.8248 -0.5630
vn -0.0640 0.8622 -0.5026
vn -0.0638 0.8619 -0.5031
vn -0.0274 0.8645 -0.5018
vn -0.0274 0.8645 -0.5019
vn -0.0522 0.8247 -0.5631
vn -0.0916 0.8209 -0.5637
vn -0.0917 0.8208 -0.5639
vn -0.1019 0.8581 -0.5033
vn -0.1020 0.8583 -0.5028
vn -0.0916 0.8210 -0.5636
vn -0.0749 0.8943 -0.4412
vn -0.1020 0.8581 -0.5032
vn -0.1111 0.8906 -0.4411
vn -0.1110 0.8905 -0.4412
vn -0.1111 0.8906 -0.4410
vn -0.0849 0.9222 -0.3773
vn -0.0847 0.9223 -0.3770
vn -0.0846 0.9222 -0.3773
vn -0.0848 0.9223 -0.3772
vn -0.1111 0.8907 -0.4408
vn -0.1190 0.9185 -0.3772
vn -0.1190 0.9185 -0.3771
vn -0.1191 0.9187 -0.3766
vn -0.0936 0.9445 -0.3150
vn -0.0936 0.9444 -0.3151
vn -0.0937 0.9446 -0.3147
vn -0.0937 0.9446 -0.3146
vn -0.1191 0.9186 -0.3767
vn -0.1255 0.9409 -0.3146
vn -0.1254 0.9408 -0.3148
vn -0.1256 0.9410 -0.3141
vn -0.1016 0.9617 -0.2544
vn -0.1014 0.9616 -0.2551
vn -0.1013 0.9616 -0.2552
vn -0.1257 0.9411 -0.3140
vn -0.1307 0.9580 -0.2552
vn -0.1306 0.9580 -0.2553
vn -0.1308 0.9582 -0.2546
vn -0.1079 0.9738 -0.2002
vn -0.1082 0.9739 -0.1996
vn -0.1082 0.9739 -0.1998
vn -0.1309 0.9582 -0.2545
vn -0.1349 0.9705 -0.1999
vn -0.1349 0.9704 -0.2003
vn -0.1348 0.9705 -0.1999
vn -0.1133 0.9822 -0.1501
vn -0.1133 0.9822 -0.1500
vn -0.1383 0.9790 -0.1497
vn -0.1383 0.9790 -0.1496
vn -0.1383 0.9790 -0.1495
vn -0.1348 0.9706 -0.1992
vn -0.1383 0.9790 -0.1494
vn -0.1638 0.9750 -0.1504
vn -0.1640 0.9750 -0.1498
vn -0.1638 0.9751 -0.1498
vn -0.1627 0.9660 -0.2010
vn -0.1627 0.9660 -0.2009
vn -0.1624 0.9658 -0.2021
vn -0.1623 0.9658 -0.2023
vn -0.1921 0.9598 -0.2049
vn -0.1919 0.9597 -0.2051
vn -0.1925 0.9601 -0.2027
vn -0.1612 0.9533 -0.2554
vn -0.1614 0.9533 -0.2552
vn -0.1609 0.9529 -0.2569
vn -0.1942 0.9464 -0.2582
vn -0.1945 0.9464 -0.2580
vn -0.1939 0.9460 -0.2598
vn -0.1938 0.9460 -0.2599
vn -0.2306 0.9368 -0.2632
vn -0.2302 0.9368 -0.2636
vn -0.2312 0.9375 -0.2602
vn -0.1953 0.9282 -0.3167
vn -0.1956 0.9282 -0.3164
vn -0.1948 0.9276 -0.3187
vn -0.2358 0.9182 -0.3184
vn -0.2361 0.9182 -0.3180
vn -0.2353 0.9174 -0.3209
vn -0.2348 0.9175 -0.3212
vn -0.2820 0.9041 -0.3211
vn -0.2811 0.9041 -0.3219
vn -0.2826 0.9051 -0.3176
vn -0.2393 0.8947 -0.3770
vn -0.2398 0.8947 -0.3768
vn -0.2389 0.8940 -0.3790
vn -0.2904 0.8803 -0.3752
vn -0.2911 0.8802 -0.3748
vn -0.2899 0.8793 -0.3778
vn -0.2893 0.8793 -0.3783
vn -0.3494 0.8600 -0.3720
vn -0.3486 0.8600 -0.3727
vn -0.3499 0.8608 -0.3695
vn -0.2950 0.8508 -0.4349
vn -0.2954 0.8508 -0.4346
vn -0.2945 0.8500 -0.4367
vn -0.3591 0.8294 -0.4279
vn -0.3597 0.8293 -0.4276
vn -0.3587 0.8287 -0.4297
vn -0.3580 0.8288 -0.4300
vn -0.4346 0.7989 -0.4159
vn -0.4337 0.7991 -0.4164
vn -0.4350 0.7995 -0.4142
vn -0.4434 0.7590 -0.4767
vn -0.4431 0.7591 -0.4768
vn -0.4436 0.7593 -0.4762
vn -0.4439 0.7592 -0.4761
vn -0.3635 0.7933 -0.4884
vn -0.3636 0.7933 -0.4884
vn -0.3634 0.7932 -0.4887
vn -0.4443 0.7145 -0.5404
vn -0.4452 0.7147 -0.5395
vn -0.4445 0.7150 -0.5396
vn -0.3615 0.7530 -0.5498
vn -0.3615 0.7528 -0.5500
vn -0.3620 0.7530 -0.5494
vn -0.3632 0.7932 -0.4887
vn -0.4438 0.7148 -0.5404
vn -0.3524 0.7069 -0.6133
vn -0.3527 0.7067 -0.6134
vn -0.3537 0.7072 -0.6122
vn -0.3618 0.7532 -0.5493
vn -0.4361 0.6651 -0.6062
vn -0.4373 0.6650 -0.6054
vn -0.4365 0.6658 -0.6052
vn -0.5322 0.6009 -0.5964
vn -0.5326 0.6005 -0.5964
vn -0.5339 0.6007 -0.5951
vn -0.5334 0.6011 -0.5951
vn -0.4354 0.6658 -0.6060
vn -0.5414 0.6575 -0.5241
vn -0.5411 0.6578 -0.5240
vn -0.5402 0.6577 -0.5249
vn -0.6329 0.5167 -0.5765
vn -0.6325 0.5173 -0.5766
vn -0.6313 0.5173 -0.5778
vn -0.6317 0.5168 -0.5778
vn -0.6409 0.5828 -0.4997
vn -0.6400 0.5832 -0.5003
vn -0.6407 0.5825 -0.5002
vn -0.6415 0.5821 -0.4996
vn -0.5406 0.6574 -0.5250
vn -0.5368 0.7096 -0.4564
vn -0.5373 0.7096 -0.4558
vn -0.5375 0.7097 -0.4555
vn -0.6343 0.6440 -0.4276
vn -0.6341 0.6441 -0.4279
vn -0.6345 0.6441 -0.4273
vn -0.5218 0.7576 -0.3922
vn -0.5232 0.7577 -0.3900
vn -0.5233 0.7579 -0.3895
vn -0.6134 0.7032 -0.3595
vn -0.6119 0.7037 -0.3610
vn -0.6138 0.7036 -0.3581
vn -0.6351 0.6438 -0.4269
vn -0.5368 0.7097 -0.4563
vn -0.7268 0.5643 -0.3915
vn -0.7264 0.5646 -0.3919
vn -0.7270 0.5643 -0.3912
vn -0.7277 0.5638 -0.3906
vn -0.6149 0.7032 -0.3568
vn -0.6997 0.6375 -0.3224
vn -0.7016 0.6365 -0.3203
vn -0.7016 0.6369 -0.3196
vn -0.6999 0.6379 -0.3213
vn -0.6610 0.7057 -0.2551
vn -0.6626 0.7055 -0.2516
vn -0.6606 0.7057 -0.2559
vn -0.6590 0.7059 -0.2595
vn -0.7327 0.6469 -0.2112
vn -0.7308 0.6487 -0.2122
vn -0.7308 0.6485 -0.2132
vn -0.7786 0.5630 -0.2770
vn -0.7799 0.5624 -0.2746
vn -0.7782 0.5636 -0.2771
vn -0.7325 0.6468 -0.2122
vn -0.7765 0.5645 -0.2798
vn -0.6709 0.7248 -0.1564
vn -0.6724 0.7235 -0.1565
vn -0.6728 0.7233 -0.1556
vn -0.7230 0.6815 -0.1135
vn -0.7227 0.6808 -0.1193
vn -0.7241 0.6797 -0.1165
vn -0.7919 0.5878 -0.1656
vn -0.7898 0.5906 -0.1655
vn -0.7897 0.5904 -0.1666
vn -0.7624 0.6426 -0.0765
vn -0.7625 0.6418 -0.0815
vn -0.7638 0.6404 -0.0801
vn -0.7243 0.6805 -0.1109
vn -0.8379 0.5320 -0.1222
vn -0.8382 0.5325 -0.1173
vn -0.8366 0.5348 -0.1186
vn -0.7917 0.5878 -0.1666
vn -0.8361 0.5344 -0.1241
vn -0.8947 0.4104 -0.1762
vn -0.8928 0.4145 -0.1765
vn -0.8928 0.4139 -0.1775
vn -0.8696 0.4885 -0.0714
vn -0.8696 0.4878 -0.0763
vn -0.8710 0.4854 -0.0756
vn 0.2470 0.8682 0.4303
vn 0.2456 0.8700 0.4276
vn 0.2458 0.8689 0.4296
vn -0.8946 0.4103 -0.1773
vn 0.3016 0.2871 -0.9092
vn 0.3023 0.2816 -0.9107
vn 0.2990 0.2939 -0.9079
vn 0.2985 0.2983 -0.9066
vn 0.2472 0.8672 0.4323
vn 0.8706 -0.4865 0.0735
vn 0.8701 -0.4871 0.0751
vn 0.8683 -0.4905 0.0743
vn 0.8858 -0.4632 0.0299
vn 0.8860 -0.4628 0.0284
vn 0.8869 -0.4611 0.0283
vn 0.3060 0.9305 0.2013
vn 0.3057 0.9307 0.2010
vn 0.3059 0.9305 0.2014
vn 0.8866 -0.4615 0.0300
vn -0.8869 0.4611 -0.0301
vn -0.8877 0.4594 -0.0301
vn -0.8879 0.4590 -0.0290
vn -0.8879 0.4600 0.0108
vn -0.8885 0.4588 0.0111
vn -0.8886 0.4585 0.0126
vn -0.8880 0.4597 0.0127
vn 0.3140 0.9412 -0.1242
vn 0.3142 0.9412 -0.1242
vn 0.3137 0.9414 -0.1239
vn 0.2894 0.8900 -0.3523
vn 0.2895 0.8901 -0.3521
vn 0.2887 0.8903 -0.3521
vn -0.8738 0.4824 0.0612
vn -0.8726 0.4844 0.0619
vn -0.8726 0.4851 0.0578
vn 0.3141 0.9413 -0.1239
vn -0.8737 0.4830 0.0574
vn -0.7926 0.6083 0.0424
vn -0.7914 0.6098 0.0424
vn -0.7910 0.6105 0.0390
vn -0.7677 0.6361 0.0777
vn -0.7671 0.6365 0.0794
vn -0.7651 0.6391 0.0786
vn -0.8416 0.5291 0.1087
vn -0.8430 0.5270 0.1075
vn -0.8428 0.5265 0.1123
vn -0.7970 0.5817 0.1625
vn -0.7970 0.5820 0.1614
vn -0.7991 0.5792 0.1614
vn -0.7989 0.5791 0.1623
vn -0.7291 0.6737 0.1209
vn -0.7278 0.6746 0.1235
vn -0.7279 0.6754 0.1181
vn -0.7291 0.6746 0.1158
vn -0.7656 0.6387 0.0769
vn -0.8412 0.5285 0.1142
vn -0.7408 0.6368 0.2138
vn -0.7408 0.6366 0.2145
vn -0.7390 0.6383 0.2156
vn -0.7390 0.6386 0.2145
vn -0.6795 0.7149 0.1651
vn -0.6791 0.7150 0.1660
vn -0.6777 0.7163 0.1659
vn -0.6198 0.7555 0.2125
vn -0.6207 0.7559 0.2080
vn -0.6199 0.7554 0.2123
vn -0.6187 0.7551 0.2169
vn -0.6710 0.6924 0.2650
vn -0.6724 0.6924 0.2616
vn -0.6713 0.6924 0.2645
vn -0.6779 0.7164 0.1651
vn -0.5631 0.8100 0.1640
vn -0.5627 0.8101 0.1646
vn -0.5622 0.8104 0.1648
vn -0.6081 0.7843 0.1227
vn -0.6087 0.7840 0.1218
vn -0.6098 0.7831 0.1224
vn -0.6090 0.7835 0.1234
vn -0.5679 0.8209 0.0601
vn -0.5677 0.8209 0.0625
vn -0.5666 0.8220 0.0571
vn -0.5371 0.8391 0.0861
vn -0.5371 0.8394 0.0833
vn -0.5379 0.8383 0.0885
vn -0.5380 0.8380 0.0917
vn -0.6476 0.7572 0.0854
vn -0.6484 0.7567 0.0836
vn -0.6500 0.7552 0.0847
vn -0.5669 0.8220 0.0551
vn -0.5926 0.8046 0.0379
vn -0.5922 0.8049 0.0392
vn -0.5912 0.8058 0.0351
vn -0.6814 0.7298 0.0554
vn -0.6805 0.7305 0.0569
vn -0.6797 0.7317 0.0518
vn -0.6492 0.7557 0.0864
vn -0.6806 0.7309 0.0505
vn -0.5917 0.8055 0.0338
vn -0.6105 0.7918 0.0210
vn -0.6100 0.7921 0.0216
vn -0.6089 0.7930 0.0188
vn -0.7033 0.7103 0.0290
vn -0.7025 0.7111 0.0296
vn -0.7019 0.7118 0.0264
vn -0.7027 0.7110 0.0259
vn -0.7136 0.7005 0.0088
vn -0.7137 0.7004 0.0079
vn -0.7129 0.7012 0.0072
vn -0.8046 0.5938 0.0096
vn -0.8041 0.5944 0.0097
vn -0.8039 0.5946 0.0085
vn -0.7921 0.6092 0.0386
vn -0.7115 0.7027 -0.0001
vn -0.8045 0.5939 0.0084
vn -0.7131 0.7010 -0.0028
vn -0.7133 0.7008 -0.0039
vn -0.8041 0.5943 -0.0152
vn -0.8040 0.5944 -0.0137
vn -0.8036 0.5951 -0.0137
vn -0.7021 0.7117 -0.0225
vn -0.7014 0.7125 -0.0188
vn -0.7008 0.7131 -0.0195
vn -0.7011 0.7127 -0.0230
vn -0.7911 0.6102 -0.0433
vn -0.7894 0.6124 -0.0426
vn -0.7888 0.6130 -0.0446
vn -0.7905 0.6108 -0.0453
vn -0.8036 0.5949 -0.0151
vn -0.8710 0.4861 -0.0713
vn -0.8871 0.4607 -0.0286
vn -0.7637 0.6412 -0.0753
vn -0.6766 0.7349 -0.0448
vn -0.6784 0.7332 -0.0460
vn -0.6795 0.7324 -0.0435
vn -0.6776 0.7342 -0.0425
vn -0.5893 0.8078 -0.0167
vn -0.5902 0.8070 -0.0212
vn -0.5909 0.8065 -0.0199
vn -0.6083 0.7937 -0.0026
vn -0.6090 0.7932 -0.0056
vn -0.6095 0.7928 -0.0050
vn -0.5898 0.8074 -0.0156
vn -0.5066 0.8622 0.0017
vn -0.5074 0.8617 -0.0021
vn -0.5076 0.8616 -0.0011
vn -0.5068 0.8621 0.0027
vn -0.5266 0.8500 0.0144
vn -0.5210 0.8535 0.0101
vn -0.5205 0.8538 0.0079
vn -0.5240 0.8517 0.0076
vn -0.6088 0.7933 -0.0020
vn -0.5288 0.8486 0.0112
vn -0.6193 0.7851 0.0058
vn -0.6192 0.7852 0.0059
vn -0.6187 0.7856 0.0050
vn -0.5286 0.8488 0.0114
vn -0.5257 0.8506 0.0097
vn -0.5237 0.8518 0.0171
vn -0.6191 0.7853 0.0072
vn -0.6192 0.7852 0.0089
vn -0.5211 0.8534 0.0140
vn -0.6195 0.7850 0.0100
vn -0.6098 0.7923 0.0181
vn -0.5218 0.8529 0.0166
vn -0.4372 0.8992 0.0193
vn -0.4341 0.9007 0.0193
vn -0.4331 0.9012 0.0158
vn -0.5078 0.8611 0.0258
vn -0.5084 0.8608 0.0233
vn -0.5092 0.8603 0.0238
vn -0.5085 0.8607 0.0264
vn -0.4452 0.8953 0.0151
vn -0.4391 0.8984 0.0100
vn -0.3778 0.9258 0.0142
vn -0.3719 0.9281 0.0152
vn -0.3735 0.9276 0.0092
vn -0.4452 0.8954 0.0105
vn -0.3659 0.9306 0.0114
vn -0.3649 0.9308 0.0208
vn -0.3787 0.9255 0.0114
vn -0.3244 0.9458 0.0151
vn -0.3199 0.9473 0.0150
vn -0.3209 0.9470 0.0105
vn -0.3149 0.9490 0.0120
vn -0.3138 0.9493 0.0205
vn -0.3105 0.9504 0.0182
vn -0.2676 0.9633 0.0208
vn -0.2734 0.9618 0.0150
vn -0.2725 0.9619 0.0223
vn -0.2774 0.9606 0.0169
vn -0.2671 0.9631 0.0330
vn -0.2641 0.9640 0.0310
vn -0.2316 0.9722 0.0348
vn -0.2342 0.9719 0.0247
vn -0.2340 0.9716 0.0362
vn -0.2380 0.9709 0.0256
vn -0.2322 0.9720 0.0368
vn -0.2276 0.9724 0.0516
vn -0.2275 0.9724 0.0512
vn -0.2280 0.9722 0.0532
vn -0.1997 0.9783 0.0559
vn -0.1997 0.9783 0.0557
vn -0.2001 0.9781 0.0577
vn -0.2047 0.9780 0.0406
vn -0.2033 0.9783 0.0411
vn -0.2029 0.9784 0.0396
vn -0.2002 0.9780 0.0580
vn -0.1975 0.9770 0.0799
vn -0.1975 0.9770 0.0806
vn -0.1974 0.9770 0.0806
vn -0.1730 0.9813 0.0842
vn -0.1730 0.9813 0.0840
vn -0.1733 0.9812 0.0854
vn -0.1751 0.9826 0.0619
vn -0.1751 0.9826 0.0620
vn -0.1748 0.9827 0.0607
vn -0.1976 0.9770 0.0798
vn -0.1733 0.9811 0.0856
vn -0.1502 0.9847 0.0888
vn -0.1501 0.9847 0.0885
vn -0.1499 0.9847 0.0887
vn -0.1721 0.9783 0.1156
vn -0.1719 0.9782 0.1162
vn -0.1721 0.9783 0.1158
vn -0.1720 0.9782 0.1160
vn -0.1490 0.9817 0.1190
vn -0.1489 0.9816 0.1198
vn -0.1489 0.9816 0.1197
vn -0.1275 0.9876 0.0917
vn -0.1277 0.9875 0.0921
vn -0.1278 0.9875 0.0920
vn -0.1279 0.9876 0.0914
vn -0.1490 0.9817 0.1188
vn -0.1264 0.9844 0.1220
vn -0.1264 0.9845 0.1218
vn -0.1265 0.9844 0.1222
vn -0.1265 0.9844 0.1223
vn -0.1037 0.9868 0.1247
vn -0.1036 0.9867 0.1254
vn -0.1036 0.9867 0.1252
vn -0.1054 0.9899 0.0943
vn -0.1053 0.9899 0.0945
vn -0.1055 0.9900 0.0937
vn -0.1056 0.9900 0.0939
vn -0.0819 0.9884 0.1276
vn -0.0820 0.9884 0.1279
vn -0.0818 0.9885 0.1275
vn -0.0840 0.9918 0.0968
vn -0.0841 0.9918 0.0966
vn -0.0839 0.9918 0.0966
vn -0.1037 0.9868 0.1246
vn -0.0818 0.9884 0.1277
vn -0.0570 0.9837 0.1706
vn -0.0569 0.9837 0.1704
vn -0.0786 0.9828 0.1669
vn -0.0786 0.9828 0.1668
vn -0.0787 0.9827 0.1679
vn -0.0611 0.9896 0.1303
vn -0.0612 0.9896 0.1299
vn -0.0350 0.9842 0.1737
vn -0.0348 0.9840 0.1749
vn -0.0349 0.9840 0.1746
vn -0.0399 0.9905 0.1318
vn -0.0398 0.9905 0.1319
vn -0.0398 0.9904 0.1321
vn -0.0400 0.9905 0.1317
vn -0.0611 0.9896 0.1299
vn -0.0633 0.9932 0.0982
vn -0.0630 0.9931 0.0985
vn -0.0420 0.9942 0.0992
vn -0.0421 0.9942 0.0990
vn -0.0420 0.9942 0.0991
vn -0.0631 0.9932 0.0981
vn -0.0636 0.9952 0.0739
vn -0.0636 0.9952 0.0738
vn -0.0636 0.9952 0.0745
vn -0.0636 0.9952 0.0746
vn -0.0421 0.9942 0.0992
vn -0.0420 0.9963 0.0743
vn -0.0420 0.9964 0.0743
vn -0.0421 0.9963 0.0751
vn -0.0570 0.9969 0.0540
vn -0.0631 0.9964 0.0567
vn -0.0632 0.9964 0.0565
vn -0.0629 0.9971 0.0420
vn -0.0421 0.9963 0.0749
vn -0.0379 0.9982 0.0469
vn -0.0409 0.9976 0.0562
vn -0.0410 0.9975 0.0576
vn -0.0586 0.9973 0.0435
vn -0.0625 0.9971 0.0430
vn -0.0432 0.9976 0.0536
vn -0.0382 0.9986 0.0372
vn -0.0360 0.9988 0.0319
vn -0.0419 0.9983 0.0407
vn -0.0599 0.9976 0.0343
vn -0.0594 0.9976 0.0352
vn -0.0379 0.9987 0.0348
vn -0.0151 0.9989 0.0453
vn -0.0145 0.9990 0.0428
vn -0.0128 0.9992 0.0387
vn -0.0113 0.9994 0.0326
vn -0.0149 0.9989 0.0440
vn -0.0360 0.9989 0.0309
vn -0.0363 0.9989 0.0302
vn -0.0123 0.9993 0.0351
vn -0.0103 0.9995 0.0298
vn -0.0359 0.9990 0.0284
vn -0.0359 0.9990 0.0279
vn -0.0104 0.9995 0.0308
vn -0.0098 0.9995 0.0292
vn -0.0363 0.9990 0.0279
vn -0.0363 0.9990 0.0260
vn -0.0099 0.9995 0.0291
vn -0.0104 0.9995 0.0293
vn -0.0372 0.9990 0.0260
vn -0.0370 0.9991 0.0209
vn -0.0105 0.9996 0.0272
vn -0.0119 0.9996 0.0275
vn -0.0385 0.9990 0.0213
vn -0.0382 0.9992 0.0129
vn -0.0120 0.9997 0.0223
vn -0.0142 0.9996 0.0227
vn -0.0401 0.9991 0.0133
vn -0.0391 0.9992 0.0008
vn -0.0138 0.9998 0.0142
vn -0.0164 0.9998 0.0148
vn -0.0170 0.9998 0.0034
vn -0.0153 0.9999 0.0024
vn -0.0400 0.9992 0.0005
vn -0.0403 0.9992 0.0017
vn -0.0163 0.9999 0.0014
vn 0.0131 0.9998 0.0155
vn 0.0104 0.9999 0.0032
vn 0.0097 0.9998 0.0162
vn 0.0083 1.0000 0.0044
vn 0.0130 0.9996 0.0243
vn -0.0179 0.9997 -0.0139
vn -0.0180 0.9997 -0.0138
vn -0.0176 0.9997 -0.0150
vn 0.0090 1.0000 0.0025
vn 0.0059 0.9999 -0.0123
vn 0.0057 0.9999 -0.0118
vn 0.0065 0.9999 -0.0141
vn -0.0174 0.9997 -0.0153
vn -0.0173 0.9992 -0.0373
vn -0.0174 0.9992 -0.0371
vn -0.0169 0.9991 -0.0384
vn -0.0168 0.9991 -0.0386
vn 0.0054 0.9993 -0.0358
vn 0.0053 0.9994 -0.0355
vn 0.0061 0.9993 -0.0376
vn 0.0068 0.9999 -0.0147
vn 0.0063 0.9993 -0.0381
vn 0.0302 0.9989 -0.0348
vn 0.0299 0.9990 -0.0342
vn 0.0310 0.9988 -0.0373
vn 0.0334 0.9993 -0.0148
vn 0.0339 0.9993 -0.0159
vn 0.0327 0.9994 -0.0125
vn 0.0323 0.9994 -0.0117
vn 0.0374 0.9993 0.0018
vn 0.0379 0.9993 0.0006
vn 0.0366 0.9993 0.0044
vn 0.0647 0.9978 -0.0173
vn 0.0644 0.9977 -0.0202
vn 0.0644 0.9977 -0.0199
vn 0.0647 0.9978 -0.0171
vn 0.0705 0.9975 -0.0004
vn 0.0700 0.9975 0.0009
vn 0.0713 0.9974 -0.0029
vn 0.0720 0.9974 -0.0045
vn 0.1147 0.9934 -0.0071
vn 0.1134 0.9935 -0.0039
vn 0.1160 0.9932 -0.0112
vn 0.1331 0.9911 0.0068
vn 0.1345 0.9909 0.0036
vn 0.1314 0.9913 0.0120
vn 0.1301 0.9914 0.0151
vn 0.0777 0.9969 0.0152
vn 0.0773 0.9969 0.0119
vn 0.0773 0.9969 0.0124
vn 0.0777 0.9969 0.0155
vn 0.0472 0.9986 0.0241
vn 0.0434 0.9989 0.0153
vn 0.0435 0.9987 0.0253
vn 0.0411 0.9990 0.0170
vn 0.0420 0.9990 0.0144
vn 0.0844 0.9960 0.0277
vn 0.0878 0.9956 0.0320
vn 0.0883 0.9958 0.0249
vn 0.0859 0.9960 0.0234
vn 0.1446 0.9893 0.0184
vn 0.1451 0.9892 0.0208
vn 0.1467 0.9889 0.0249
vn 0.1462 0.9890 0.0214
vn 0.1478 0.9887 0.0257
vn 0.0946 0.9950 0.0336
vn 0.0940 0.9951 0.0303
vn 0.0500 0.9983 0.0295
vn 0.0475 0.9984 0.0304
vn 0.0962 0.9948 0.0333
vn 0.0958 0.9948 0.0335
vn 0.0513 0.9982 0.0319
vn 0.0504 0.9982 0.0323
vn 0.0947 0.9949 0.0336
vn 0.0508 0.9982 0.0333
vn 0.0516 0.9982 0.0317
vn 0.0941 0.9949 0.0365
vn 0.0479 0.9981 0.0375
vn 0.0506 0.9982 0.0320
vn 0.0900 0.9952 0.0373
vn 0.0897 0.9951 0.0413
vn 0.1474 0.9885 0.0342
vn 0.1479 0.9886 0.0299
vn 0.1441 0.9890 0.0326
vn 0.1427 0.9890 0.0397
vn 0.1384 0.9896 0.0381
vn 0.2087 0.9776 0.0268
vn 0.2132 0.9767 0.0248
vn 0.2129 0.9769 0.0185
vn 0.2100 0.9774 0.0238
vn 0.1471 0.9887 0.0295
vn 0.2165 0.9761 0.0191
vn 0.4385 0.8980 0.0350
vn 0.4394 0.8975 0.0369
vn 0.4393 0.8976 0.0360
vn 0.4153 0.9096 0.0075
vn 0.4145 0.9100 0.0108
vn 0.4176 0.9086 0.0056
vn 0.2142 0.9767 0.0123
vn 0.4386 0.8980 0.0346
vn 0.4183 0.9083 0.0024
vn 0.6040 0.7945 0.0635
vn 0.6039 0.7944 0.0642
vn 0.6046 0.7940 0.0632
vn 0.5821 0.8126 0.0293
vn 0.5820 0.8125 0.0322
vn 0.5842 0.8111 0.0282
vn 0.6046 0.7941 0.0627
vn 0.7202 0.6888 0.0825
vn 0.7204 0.6887 0.0824
vn 0.7202 0.6888 0.0827
vn 0.5842 0.8112 0.0254
vn 0.7203 0.6887 0.0829
vn 0.7073 0.7046 0.0570
vn 0.7020 0.7012 0.1244
vn 0.7016 0.7021 0.1217
vn 0.7009 0.7025 0.1233
vn 0.5934 0.7978 0.1063
vn 0.5934 0.7977 0.1073
vn 0.5945 0.7970 0.1060
vn 0.5577 0.8168 0.1473
vn 0.5587 0.8154 0.1515
vn 0.5589 0.8159 0.1482
vn 0.5579 0.8173 0.1440
vn 0.6612 0.7302 0.1722
vn 0.6612 0.7305 0.1711
vn 0.6595 0.7317 0.1725
vn 0.5946 0.7971 0.1051
vn 0.6596 0.7313 0.1737
vn 0.7013 0.7016 0.1261
vn 0.7332 0.6524 0.1917
vn 0.7328 0.6530 0.1912
vn 0.7318 0.6539 0.1921
vn 0.7815 0.6088 0.1363
vn 0.7808 0.6099 0.1357
vn 0.7799 0.6107 0.1368
vn 0.7322 0.6532 0.1926
vn 0.6710 0.6978 0.2507
vn 0.6716 0.6986 0.2468
vn 0.6704 0.6986 0.2499
vn 0.6003 0.7675 0.2248
vn 0.5998 0.7677 0.2256
vn 0.6015 0.7666 0.2245
vn 0.5144 0.8107 0.2796
vn 0.5149 0.8126 0.2730
vn 0.5138 0.8108 0.2803
vn 0.5133 0.8086 0.2876
vn 0.5859 0.7482 0.3113
vn 0.5864 0.7477 0.3117
vn 0.5852 0.7484 0.3122
vn 0.6021 0.7664 0.2238
vn 0.5849 0.7489 0.3116
vn 0.6696 0.6978 0.2542
vn 0.5218 0.7502 0.4061
vn 0.5227 0.7506 0.4043
vn 0.5215 0.7499 0.4071
vn 0.4743 0.7987 0.3704
vn 0.4732 0.8003 0.3682
vn 0.4743 0.7998 0.3680
vn 0.6317 0.6957 0.3419
vn 0.4755 0.7980 0.3702
vn 0.3485 0.8421 0.4115
vn 0.3499 0.8432 0.4081
vn 0.3485 0.8398 0.4162
vn 0.3922 0.7950 0.4627
vn 0.3920 0.7963 0.4607
vn 0.3924 0.7961 0.4606
vn 0.3927 0.7949 0.4626
vn 0.5204 0.7495 0.4092
vn 0.3472 0.8384 0.4202
vn 0.2501 0.8652 0.4346
vn 0.2510 0.8660 0.4325
vn 0.2503 0.8626 0.4396
vn 0.2493 0.8617 0.4419
vn 0.2839 0.8257 0.4874
vn 0.2841 0.8241 0.4901
vn 0.2837 0.8242 0.4902
vn 0.2834 0.8258 0.4875
vn 0.2142 0.8422 0.4947
vn 0.2139 0.8442 0.4915
vn 0.2144 0.8441 0.4915
vn 0.2346 0.8086 0.5396
vn 0.2347 0.8080 0.5404
vn 0.2345 0.8080 0.5405
vn 0.2345 0.8087 0.5395
vn 0.3046 0.7932 0.5273
vn 0.3048 0.7927 0.5280
vn 0.3045 0.7927 0.5280
vn 0.1809 0.8220 0.5400
vn 0.1811 0.8220 0.5399
vn 0.1809 0.8214 0.5410
vn 0.1610 0.8559 0.4914
vn 0.1604 0.8557 0.4920
vn 0.1609 0.8576 0.4884
vn 0.1614 0.8579 0.4878
vn 0.2147 0.8422 0.4946
vn 0.1377 0.8877 0.4393
vn 0.1371 0.8873 0.4403
vn 0.1375 0.8900 0.4348
vn 0.1381 0.8904 0.4337
vn 0.1883 0.8768 0.4425
vn 0.1877 0.8763 0.4437
vn 0.1881 0.8787 0.4388
vn 0.1130 0.9157 0.3857
vn 0.1124 0.9151 0.3872
vn 0.1127 0.9180 0.3801
vn 0.1134 0.9187 0.3784
vn 0.1886 0.8791 0.4377
vn 0.1589 0.9089 0.3855
vn 0.1584 0.9082 0.3874
vn 0.1585 0.9111 0.3805
vn 0.0892 0.9391 0.3317
vn 0.0882 0.9410 0.3267
vn 0.0886 0.9410 0.3267
vn 0.1292 0.9361 0.3272
vn 0.1278 0.9379 0.3224
vn 0.1282 0.9378 0.3225
vn 0.1296 0.9360 0.3273
vn 0.1591 0.9119 0.3784
vn 0.1011 0.9575 0.2702
vn 0.1026 0.9561 0.2747
vn 0.1022 0.9561 0.2745
vn 0.0684 0.9570 0.2818
vn 0.0676 0.9584 0.2773
vn 0.0679 0.9583 0.2774
vn 0.0896 0.9391 0.3318
vn 0.1007 0.9576 0.2700
vn 0.0799 0.9696 0.2312
vn 0.0789 0.9706 0.2273
vn 0.0791 0.9706 0.2275
vn 0.1068 0.9727 0.2059
vn 0.1069 0.9720 0.2093
vn 0.1064 0.9732 0.2041
vn 0.1356 0.9575 0.2547
vn 0.1356 0.9565 0.2582
vn 0.1351 0.9584 0.2513
vn 0.1349 0.9595 0.2473
vn 0.1714 0.9339 0.3137
vn 0.1695 0.9357 0.3093
vn 0.1699 0.9356 0.3095
vn 0.2206 0.9354 0.2763
vn 0.2238 0.9335 0.2802
vn 0.2228 0.9338 0.2799
vn 0.1697 0.9617 0.2155
vn 0.1704 0.9602 0.2215
vn 0.1692 0.9622 0.2134
vn 0.1720 0.9338 0.3139
vn 0.1684 0.9637 0.2071
vn 0.1998 0.9640 0.1753
vn 0.2010 0.9638 0.1750
vn 0.1997 0.9640 0.1753
vn 0.1985 0.9642 0.1757
vn 0.2904 0.9231 0.2521
vn 0.2888 0.9269 0.2396
vn 0.2916 0.9213 0.2570
vn 0.2197 0.9357 0.2760
vn 0.2934 0.9172 0.2696
vn 0.3973 0.8595 0.3215
vn 0.4009 0.8564 0.3254
vn 0.3986 0.8574 0.3256
vn 0.2891 0.8884 0.3566
vn 0.2859 0.8918 0.3507
vn 0.2872 0.8914 0.3507
vn 0.2903 0.8879 0.3568
vn 0.3943 0.8877 0.2378
vn 0.3992 0.8856 0.2374
vn 0.3948 0.8873 0.2386
vn 0.2333 0.9613 0.1468
vn 0.2319 0.9613 0.1489
vn 0.2350 0.9609 0.1466
vn 0.2365 0.9608 0.1447
vn 0.1621 0.9813 0.1039
vn 0.1632 0.9806 0.1083
vn 0.1626 0.9810 0.1058
vn 0.1615 0.9816 0.1015
vn 0.1741 0.9814 0.0815
vn 0.1742 0.9814 0.0809
vn 0.1734 0.9814 0.0826
vn 0.1734 0.9813 0.0831
vn 0.2952 0.9466 0.1295
vn 0.2896 0.9505 0.1126
vn 0.2929 0.9479 0.1252
vn 0.2982 0.9440 0.1409
vn 0.1841 0.9811 0.0602
vn 0.1841 0.9810 0.0608
vn 0.1852 0.9810 0.0581
vn 0.1852 0.9810 0.0574
vn 0.3738 0.9205 0.1139
vn 0.3753 0.9204 0.1096
vn 0.3701 0.9219 0.1148
vn 0.1962 0.9798 0.0378
vn 0.1975 0.9794 0.0420
vn 0.1973 0.9795 0.0407
vn 0.4282 0.9001 0.0806
vn 0.4288 0.9000 0.0785
vn 0.4263 0.9009 0.0813
vn 0.3684 0.9220 0.1192
vn 0.1959 0.9799 0.0364
vn 0.1369 0.9894 0.0482
vn 0.1331 0.9898 0.0498
vn 0.1245 0.9903 0.0618
vn 0.1257 0.9899 0.0662
vn 0.1252 0.9900 0.0645
vn 0.1241 0.9904 0.0604
vn 0.1338 0.9899 0.0473
vn 0.0788 0.9954 0.0540
vn 0.0787 0.9954 0.0545
vn 0.0794 0.9955 0.0511
vn 0.0865 0.9953 0.0438
vn 0.0870 0.9954 0.0412
vn 0.0415 0.9979 0.0488
vn 0.0434 0.9980 0.0458
vn 0.0446 0.9982 0.0412
vn 0.0481 0.9982 0.0347
vn 0.0795 0.9956 0.0506
vn 0.0369 0.9974 0.0625
vn 0.0360 0.9976 0.0593
vn 0.0363 0.9975 0.0600
vn 0.0418 0.9980 0.0471
vn 0.0372 0.9973 0.0635
vn 0.0712 0.9953 0.0663
vn 0.0712 0.9953 0.0659
vn 0.0706 0.9951 0.0689
vn 0.0706 0.9951 0.0694
vn 0.0628 0.9944 0.0847
vn 0.0639 0.9940 0.0887
vn 0.0634 0.9942 0.0871
vn 0.1018 0.9897 0.1006
vn 0.1019 0.9898 0.0999
vn 0.1008 0.9896 0.1028
vn 0.1143 0.9900 0.0822
vn 0.1129 0.9906 0.0768
vn 0.1136 0.9904 0.0791
vn 0.0624 0.9946 0.0835
vn 0.1151 0.9897 0.0850
vn 0.1007 0.9895 0.1035
vn 0.1271 0.9780 0.1653
vn 0.1263 0.9781 0.1656
vn 0.1272 0.9780 0.1653
vn 0.1281 0.9779 0.1651
vn 0.0899 0.9879 0.1267
vn 0.0907 0.9872 0.1310
vn 0.0901 0.9877 0.1280
vn 0.1472 0.9806 0.1298
vn 0.1477 0.9806 0.1288
vn 0.1463 0.9806 0.1304
vn 0.0893 0.9882 0.1241
vn 0.0804 0.9837 0.1610
vn 0.0801 0.9839 0.1596
vn 0.0804 0.9837 0.1608
vn 0.0560 0.9929 0.1052
vn 0.0577 0.9922 0.1109
vn 0.0568 0.9925 0.1084
vn 0.0524 0.9891 0.1378
vn 0.0524 0.9890 0.1381
vn 0.0525 0.9895 0.1347
vn 0.0525 0.9895 0.1345
vn 0.0610 0.9810 0.1841
vn 0.0613 0.9818 0.1798
vn 0.0611 0.9802 0.1886
vn 0.0805 0.9835 0.1623
vn 0.0268 0.9907 0.1333
vn 0.0276 0.9904 0.1357
vn 0.0273 0.9905 0.1350
vn 0.0352 0.9822 0.1845
vn 0.0355 0.9818 0.1867
vn 0.0354 0.9818 0.1865
vn 0.0607 0.9799 0.1899
vn 0.0350 0.9822 0.1844
vn 0.0504 0.9708 0.2347
vn 0.0498 0.9717 0.2310
vn 0.0500 0.9716 0.2311
vn 0.0507 0.9707 0.2348
vn 0.0803 0.9696 0.2313
vn 0.0229 0.9725 0.2317
vn 0.0227 0.9724 0.2321
vn 0.0229 0.9732 0.2288
vn 0.0233 0.9734 0.2281
vn 0.0377 0.9598 0.2783
vn 0.0380 0.9600 0.2775
vn 0.0377 0.9589 0.2813
vn 0.0688 0.9570 0.2819
vn 0.0096 0.9613 0.2754
vn 0.0099 0.9604 0.2785
vn 0.0097 0.9604 0.2784
vn -0.0024 0.9739 0.2272
vn -0.0028 0.9744 0.2250
vn -0.0026 0.9743 0.2250
vn 0.0094 0.9613 0.2753
vn 0.0374 0.9587 0.2819
vn 0.0233 0.9446 0.3273
vn 0.0237 0.9448 0.3267
vn 0.0233 0.9436 0.3303
vn 0.0537 0.9430 0.3284
vn 0.0541 0.9433 0.3276
vn 0.0538 0.9419 0.3315
vn 0.0535 0.9417 0.3322
vn 0.0381 0.9235 0.3817
vn 0.0384 0.9237 0.3813
vn 0.0382 0.9223 0.3847
vn 0.0231 0.9434 0.3307
vn 0.0712 0.9215 0.3817
vn 0.0717 0.9201 0.3851
vn 0.0714 0.9201 0.3851
vn 0.0530 0.8982 0.4364
vn 0.0532 0.8972 0.4385
vn 0.0530 0.8972 0.4385
vn 0.0378 0.9221 0.3851
vn 0.0893 0.8958 0.4354
vn 0.0896 0.8941 0.4388
vn 0.0893 0.8942 0.4387
vn 0.0710 0.9216 0.3817
vn 0.0528 0.8982 0.4363
vn 0.0676 0.8685 0.4910
vn 0.0677 0.8678 0.4922
vn 0.0676 0.8679 0.4922
vn 0.1070 0.8653 0.4897
vn 0.1072 0.8654 0.4895
vn 0.1070 0.8643 0.4914
vn 0.0889 0.8958 0.4354
vn 0.0674 0.8686 0.4910
vn 0.1068 0.8642 0.4917
vn 0.0812 0.8336 0.5463
vn 0.0813 0.8336 0.5463
vn 0.0812 0.8337 0.5463
vn 0.1231 0.8307 0.5429
vn 0.1232 0.8308 0.5427
vn 0.1231 0.8301 0.5439
vn 0.1230 0.8300 0.5440
vn 0.1365 0.7914 0.5959
vn 0.1366 0.7917 0.5955
vn 0.1962 0.7834 0.5897
vn 0.1962 0.7832 0.5900
vn 0.1806 0.8213 0.5412
vn 0.1366 0.7917 0.5954
vn 0.2067 0.7406 0.6393
vn 0.2067 0.7412 0.6387
vn 0.2066 0.7412 0.6388
vn 0.1962 0.7835 0.5896
vn 0.1471 0.7469 0.6484
vn 0.1472 0.7469 0.6485
vn 0.1473 0.7473 0.6480
vn 0.0935 0.7944 0.6002
vn 0.0934 0.7947 0.5998
vn 0.0935 0.7943 0.6003
vn 0.1050 0.7478 0.6555
vn 0.1050 0.7478 0.6556
vn 0.1050 0.7480 0.6553
vn 0.0935 0.7942 0.6005
vn 0.1472 0.7473 0.6479
vn 0.1153 0.6945 0.7102
vn 0.1050 0.7481 0.6552
vn 0.1553 0.6956 0.7015
vn 0.1554 0.6957 0.7014
vn 0.1553 0.6957 0.7014
vn 0.1152 0.6944 0.7103
vn 0.1243 0.6336 0.7636
vn 0.1246 0.6330 0.7641
vn 0.1245 0.6330 0.7640
vn 0.1619 0.6364 0.7542
vn 0.1623 0.6356 0.7547
vn 0.1621 0.6358 0.7547
vn 0.1552 0.6955 0.7015
vn 0.1243 0.6337 0.7636
vn 0.0998 0.5593 0.8229
vn 0.1001 0.5580 0.8238
vn 0.1001 0.5581 0.8237
vn 0.0901 0.6297 0.7716
vn 0.0899 0.6301 0.7713
vn 0.0900 0.6301 0.7713
vn 0.1326 0.5650 0.8143
vn 0.1331 0.5638 0.8151
vn 0.1330 0.5639 0.8151
vn 0.0997 0.5594 0.8229
vn 0.1092 0.4821 0.8693
vn 0.1097 0.4802 0.8703
vn 0.1097 0.4804 0.8702
vn 0.1410 0.4882 0.8613
vn 0.1325 0.5652 0.8143
vn 0.1092 0.4822 0.8692
vn 0.1192 0.3994 0.9090
vn 0.1192 0.3979 0.9096
vn 0.1192 0.3978 0.9097
vn 0.0903 0.3899 0.9164
vn 0.0902 0.3899 0.9164
vn 0.0901 0.3885 0.9170
vn 0.0793 0.4718 0.8781
vn 0.0790 0.4731 0.8774
vn 0.0790 0.4730 0.8775
vn 0.0792 0.4717 0.8782
vn 0.0484 0.4643 0.8844
vn 0.0482 0.4651 0.8840
vn 0.0607 0.3810 0.9226
vn 0.0606 0.3809 0.9226
vn 0.0606 0.3804 0.9228
vn 0.0902 0.3885 0.9170
vn 0.1011 0.3064 0.9465
vn 0.1011 0.3066 0.9465
vn 0.1011 0.3059 0.9467
vn 0.1009 0.3056 0.9468
vn 0.0724 0.2978 0.9519
vn 0.0726 0.2970 0.9521
vn 0.0725 0.2971 0.9521
vn 0.0725 0.2978 0.9519
vn 0.1120 0.2281 0.9672
vn 0.1120 0.2283 0.9671
vn 0.1121 0.2276 0.9673
vn 0.0834 0.2198 0.9720
vn 0.0833 0.2192 0.9721
vn 0.1120 0.2274 0.9673
vn 0.1400 0.2350 0.9618
vn 0.1402 0.2349 0.9619
vn 0.1401 0.2349 0.9619
vn 0.1500 0.1715 0.9737
vn 0.1499 0.1725 0.9735
vn 0.1500 0.1725 0.9735
vn 0.1212 0.1650 0.9788
vn 0.1212 0.1648 0.9788
vn 0.1213 0.1654 0.9787
vn 0.1399 0.2354 0.9618
vn 0.1586 0.1246 0.9795
vn 0.1585 0.1243 0.9795
vn 0.1587 0.1257 0.9793
vn 0.1501 0.1715 0.9737
vn 0.1588 0.1260 0.9792
vn 0.1289 0.1190 0.9845
vn 0.1290 0.1181 0.9846
vn 0.1290 0.1180 0.9846
vn 0.1214 0.1656 0.9787
vn 0.1289 0.1191 0.9845
vn 0.0993 0.1101 0.9890
vn 0.0993 0.1103 0.9889
vn 0.0992 0.1100 0.9890
vn 0.1281 0.0218 0.9915
vn 0.1282 0.0192 0.9916
vn 0.1312 0.0276 0.9910
vn 0.1274 0.0218 0.9916
vn 0.0992 0.1101 0.9890
vn 0.1404 0.0351 0.9895
vn 0.0690 0.0994 0.9927
vn 0.0690 0.0993 0.9927
vn 0.0661 0.0047 0.9978
vn 0.0644 0.0141 0.9978
vn 0.0648 0.0102 0.9978
vn 0.0633 0.0035 0.9980
vn 0.0589 0.0093 0.9982
vn -0.6732 0.7381 0.0447
vn -0.6734 0.7380 0.0447
vn -0.6734 0.7378 0.0473
vn -0.6733 0.7379 0.0472
vn 0.5354 0.8444 -0.0154
vn 0.5356 0.8443 -0.0144
vn 0.5357 0.8443 -0.0146
vn 0.5355 0.8444 -0.0154
vn -0.0686 -0.0121 -0.9976
vn -0.0626 -0.0043 -0.9980
vn -0.0657 -0.0042 -0.9978
vn -0.0633 -0.0089 -0.9980
vn -0.0665 -0.0131 -0.9977
vn -0.0064 -0.0345 -0.9994
vn -0.0067 -0.0367 -0.9993
vn -0.0065 -0.0364 -0.9993
vn -0.0036 -0.0727 -0.9973
vn -0.0033 -0.0707 -0.9975
vn -0.0035 -0.0709 -0.9975
vn -0.0037 -0.0730 -0.9973
vn -0.0364 -0.0868 -0.9956
vn -0.0363 -0.0857 -0.9957
vn -0.0364 -0.0857 -0.9957
vn -0.0365 -0.0868 -0.9956
vn -0.0303 -0.1357 -0.9903
vn -0.0301 -0.1348 -0.9904
vn -0.0302 -0.1348 -0.9904
vn 0.0022 -0.1209 -0.9927
vn 0.0019 -0.1229 -0.9924
vn 0.0021 -0.1226 -0.9925
vn 0.0024 -0.1206 -0.9927
vn 0.0113 -0.1884 -0.9820
vn 0.0113 -0.1885 -0.9820
vn 0.0113 -0.1878 -0.9821
vn 0.0355 -0.1054 -0.9938
vn 0.0353 -0.1073 -0.9936
vn 0.0354 -0.1072 -0.9936
vn 0.0449 -0.1764 -0.9833
vn 0.0447 -0.1752 -0.9835
vn 0.0112 -0.1879 -0.9821
vn -0.0212 -0.1991 -0.9798
vn -0.0213 -0.1991 -0.9798
vn -0.0211 -0.2001 -0.9795
vn 0.0243 -0.2714 -0.9622
vn 0.0242 -0.2711 -0.9623
vn 0.0242 -0.2713 -0.9622
vn -0.0091 -0.2801 -0.9599
vn -0.0090 -0.2801 -0.9599
vn -0.0091 -0.2804 -0.9598
vn -0.0091 -0.2800 -0.9600
vn 0.0049 -0.3661 -0.9306
vn 0.0050 -0.3663 -0.9305
vn 0.0049 -0.3658 -0.9307
vn 0.0049 -0.3657 -0.9307
vn 0.0399 -0.3591 -0.9325
vn -0.0290 -0.3733 -0.9273
vn -0.0291 -0.3730 -0.9274
vn -0.0290 -0.3734 -0.9272
vn -0.0154 -0.4591 -0.8882
vn -0.0153 -0.4592 -0.8882
vn -0.0154 -0.4585 -0.8885
vn -0.0155 -0.4585 -0.8886
vn 0.0198 -0.4526 -0.8915
vn 0.0199 -0.4526 -0.8915
vn 0.0200 -0.4532 -0.8912
vn 0.0199 -0.4533 -0.8912
vn 0.0349 -0.5368 -0.8430
vn 0.0349 -0.5369 -0.8429
vn 0.0350 -0.5373 -0.8427
vn -0.0015 -0.5415 -0.8407
vn -0.0014 -0.5416 -0.8406
vn -0.0015 -0.5416 -0.8407
vn -0.0014 -0.5417 -0.8406
vn 0.0349 -0.5373 -0.8427
vn 0.0493 -0.6147 -0.7872
vn 0.0494 -0.6146 -0.7873
vn 0.0494 -0.6149 -0.7871
vn 0.0120 -0.6190 -0.7853
vn 0.0121 -0.6190 -0.7853
vn 0.0119 -0.6187 -0.7855
vn 0.0119 -0.6187 -0.7856
vn 0.0493 -0.6149 -0.7870
vn 0.0625 -0.6837 -0.7270
vn 0.0249 -0.6873 -0.7260
vn 0.0251 -0.6871 -0.7261
vn 0.0250 -0.6870 -0.7262
vn 0.0250 -0.6871 -0.7261
vn -0.0420 -0.2884 -0.9566
vn -0.0419 -0.2888 -0.9565
vn -0.0418 -0.2893 -0.9563
vn -0.0290 -0.3735 -0.9272
vn -0.0418 -0.2892 -0.9563
vn -0.0534 -0.2103 -0.9762
vn -0.0535 -0.2102 -0.9762
vn -0.0532 -0.2108 -0.9761
vn -0.0624 -0.1469 -0.9872
vn -0.0626 -0.1475 -0.9871
vn -0.0626 -0.1471 -0.9871
vn -0.0304 -0.1358 -0.9903
vn -0.0622 -0.1466 -0.9872
vn -0.0995 -0.1098 -0.9890
vn -0.0994 -0.1096 -0.9890
vn -0.0994 -0.1095 -0.9890
vn -0.0925 -0.1573 -0.9832
vn -0.0923 -0.1569 -0.9833
vn -0.0924 -0.1570 -0.9833
vn -0.0994 -0.1098 -0.9890
vn -0.0688 -0.0984 -0.9928
vn -0.0690 -0.0995 -0.9926
vn -0.0688 -0.0994 -0.9927
vn -0.0712 -0.0173 -0.9973
vn -0.1277 -0.0202 -0.9916
vn -0.1399 -0.0346 -0.9896
vn -0.1317 -0.0268 -0.9909
vn -0.0687 -0.0983 -0.9928
vn -0.1287 -0.0193 -0.9915
vn -0.8824 0.4600 0.0986
vn -0.8824 0.4602 0.0983
vn -0.8826 0.4602 0.0960
vn -0.1308 -0.0245 -0.9911
vn 0.6955 0.7158 -0.0625
vn 0.6959 0.7157 -0.0592
vn 0.6961 0.7155 -0.0594
vn -0.1333 -0.0315 -0.9906
vn -0.1291 -0.1183 -0.9846
vn -0.0835 -0.2197 -0.9720
vn -0.0835 -0.2204 -0.9718
vn -0.0834 -0.2203 -0.9719
vn -0.0929 -0.1575 -0.9831
vn -0.0724 -0.2976 -0.9519
vn -0.0724 -0.2977 -0.9519
vn -0.0724 -0.2975 -0.9520
vn 0.0589 -0.2619 -0.9633
vn 0.0447 -0.1751 -0.9835
vn 0.0357 -0.1052 -0.9938
vn 0.0718 -0.0883 -0.9935
vn 0.0714 -0.0907 -0.9933
vn 0.0717 -0.0904 -0.9933
vn 0.0814 -0.1627 -0.9833
vn 0.0679 -0.0341 -0.9971
vn 0.0674 -0.0380 -0.9970
vn 0.0677 -0.0376 -0.9970
vn 0.0306 -0.0562 -0.9980
vn 0.0310 -0.0536 -0.9981
vn 0.0307 -0.0539 -0.9981
vn 0.0719 -0.0880 -0.9935
vn 0.0304 -0.0565 -0.9979
vn 0.0682 -0.0337 -0.9971
vn 0.1125 -0.0689 -0.9913
vn 0.1119 -0.0730 -0.9910
vn 0.1123 -0.0725 -0.9910
vn 0.1098 -0.0140 -0.9939
vn 0.1094 -0.0184 -0.9938
vn 0.1096 -0.0179 -0.9938
vn 0.1127 -0.0685 -0.9913
vn 0.1100 -0.0136 -0.9938
vn 0.1568 -0.0487 -0.9864
vn 0.1563 -0.0536 -0.9862
vn 0.1567 -0.0531 -0.9862
vn 0.1569 0.0061 -0.9876
vn 0.1564 0.0004 -0.9877
vn 0.1567 0.0010 -0.9877
vn 0.1570 -0.0482 -0.9864
vn 0.1569 0.0066 -0.9876
vn 0.2067 -0.0282 -0.9780
vn 0.2061 -0.0352 -0.9779
vn 0.2063 -0.0345 -0.9779
vn 0.2120 0.0234 -0.9770
vn 0.2115 0.0163 -0.9772
vn 0.2115 0.0170 -0.9772
vn 0.2066 -0.0275 -0.9780
vn 0.2684 -0.0263 -0.9630
vn 0.2687 -0.0281 -0.9628
vn 0.2661 -0.0195 -0.9638
vn 0.2787 0.0217 -0.9601
vn 0.2118 0.0241 -0.9770
vn 0.2091 -0.1120 -0.9715
vn 0.2093 -0.1076 -0.9719
vn 0.2093 -0.1080 -0.9719
vn 0.2620 -0.0916 -0.9607
vn 0.2614 -0.0992 -0.9601
vn 0.2615 -0.0985 -0.9602
vn 0.2650 -0.0159 -0.9641
vn 0.2617 -0.0908 -0.9609
vn 0.3433 -0.0498 -0.9379
vn 0.3418 -0.0544 -0.9382
vn 0.3414 -0.0532 -0.9384
vn 0.3254 -0.1378 -0.9355
vn 0.3257 -0.1396 -0.9351
vn 0.3252 -0.1370 -0.9357
vn 0.4197 -0.1190 -0.8998
vn 0.4188 -0.1125 -0.9011
vn 0.4207 -0.1217 -0.8990
vn 0.4212 -0.1274 -0.8980
vn 0.3429 -0.0487 -0.9381
vn 0.3813 -0.2194 -0.8981
vn 0.3815 -0.2256 -0.8964
vn 0.3809 -0.2199 -0.8981
vn 0.3250 -0.1349 -0.9360
vn 0.3243 -0.2939 -0.8991
vn 0.3237 -0.3018 -0.8968
vn 0.3235 -0.2973 -0.8983
vn 0.3807 -0.2136 -0.8997
vn 0.2861 -0.2122 -0.9344
vn 0.2860 -0.2130 -0.9342
vn 0.2844 -0.2085 -0.9357
vn 0.2322 -0.2282 -0.9455
vn 0.2318 -0.2287 -0.9455
vn 0.2314 -0.2258 -0.9463
vn 0.2630 -0.3231 -0.9091
vn 0.2638 -0.3221 -0.9092
vn 0.2642 -0.3266 -0.9075
vn 0.3242 -0.2908 -0.9002
vn 0.2636 -0.3275 -0.9073
vn 0.2854 -0.2072 -0.9357
vn 0.2951 -0.4068 -0.8645
vn 0.2959 -0.4059 -0.8647
vn 0.2959 -0.4091 -0.8632
vn 0.3611 -0.3695 -0.8562
vn 0.3621 -0.3627 -0.8587
vn 0.3623 -0.3666 -0.8569
vn 0.2956 -0.4097 -0.8630
vn 0.3611 -0.3737 -0.8544
vn 0.4760 -0.3657 -0.7998
vn 0.4763 -0.3645 -0.8002
vn 0.4765 -0.3656 -0.7995
vn 0.4308 -0.2935 -0.8534
vn 0.4312 -0.2943 -0.8529
vn 0.4301 -0.2935 -0.8537
vn 0.4299 -0.2924 -0.8542
vn 0.3974 -0.4407 -0.8049
vn 0.3971 -0.4414 -0.8047
vn 0.3968 -0.4398 -0.8056
vn 0.3974 -0.4389 -0.8059
vn 0.5500 -0.2729 -0.7893
vn 0.5495 -0.2719 -0.7900
vn 0.5496 -0.2719 -0.7899
vn 0.4896 -0.1962 -0.8496
vn 0.4893 -0.1888 -0.8514
vn 0.4901 -0.1973 -0.8491
vn 0.4766 -0.3665 -0.7991
vn 0.3246 -0.4838 -0.8128
vn 0.3253 -0.4830 -0.8129
vn 0.3251 -0.4851 -0.8118
vn 0.3246 -0.4857 -0.8116
vn 0.4903 -0.2040 -0.8473
vn 0.2320 -0.2252 -0.9463
vn 0.2086 -0.1125 -0.9715
vn 0.1648 -0.1319 -0.9775
vn 0.1651 -0.1297 -0.9777
vn 0.1649 -0.1300 -0.9777
vn 0.1620 0.0358 -0.9861
vn 0.1121 0.0240 -0.9934
vn 0.1122 0.0274 -0.9933
vn 0.1121 0.0269 -0.9933
vn 0.1114 0.0226 -0.9935
vn 0.3396 0.9398 0.0388
vn 0.3397 0.9398 0.0380
vn 0.3386 0.9400 0.0413
vn 0.0618 0.0149 -0.9980
vn 0.0615 0.0143 -0.9980
vn 0.0614 0.0142 -0.9980
vn -0.6485 0.7600 -0.0424
vn -0.6480 0.7605 -0.0424
vn -0.6475 0.7607 -0.0457
vn -0.6480 0.7603 -0.0458
vn 0.0618 0.0148 -0.9980
vn 0.0312 -0.0001 -0.9995
vn 0.0315 0.0054 -0.9995
vn 0.0312 0.0046 -0.9995
vn -0.5831 0.8124 -0.0094
vn -0.5830 0.8124 -0.0086
vn -0.5831 0.8124 -0.0089
vn -0.5830 0.8125 -0.0094
vn 0.3385 0.9400 0.0422
vn -0.1601 0.9871 0.0046
vn -0.1600 0.9871 0.0047
vn -0.1599 0.9871 0.0041
vn -0.0063 -0.0343 -0.9994
vn 0.0300 -0.0023 -0.9995
vn -0.0314 -0.0048 0.9995
vn -0.0313 -0.0058 0.9995
vn -0.0305 -0.0001 0.9995
vn -0.0612 -0.0152 0.9980
vn -0.0307 0.0024 0.9995
vn 0.0062 0.0354 0.9994
vn 0.0062 0.0351 0.9994
vn 0.0065 0.0371 0.9993
vn -0.1599 0.9871 0.0040
vn 0.1645 -0.1322 -0.9775
vn 0.1220 -0.1460 -0.9817
vn 0.0583 0.0116 0.9982
vn 0.0063 0.0374 0.9993
vn 0.0361 0.0861 0.9956
vn 0.0362 0.0860 0.9956
vn 0.0364 0.0875 0.9955
vn 0.0037 0.0709 0.9975
vn 0.0033 0.0730 0.9973
vn 0.0032 0.0729 0.9973
vn 0.0363 0.0877 0.9955
vn 0.0302 0.1344 0.9905
vn 0.0303 0.1342 0.9905
vn 0.0305 0.1356 0.9903
vn -0.0019 0.1208 0.9927
vn -0.0021 0.1222 0.9925
vn -0.0022 0.1221 0.9925
vn 0.0036 0.0707 0.9975
vn 0.0214 0.1989 0.9798
vn 0.0213 0.1990 0.9798
vn 0.0214 0.1994 0.9797
vn 0.0304 0.1358 0.9903
vn -0.0020 0.1206 0.9927
vn -0.0115 0.1881 0.9821
vn -0.0115 0.1876 0.9822
vn -0.0113 0.1883 0.9820
vn -0.0112 0.1885 0.9820
vn 0.0214 0.1995 0.9797
vn -0.0242 0.2702 0.9625
vn -0.0243 0.2703 0.9625
vn 0.0091 0.2789 0.9603
vn 0.0092 0.2789 0.9603
vn -0.0243 0.2702 0.9625
vn -0.0395 0.3597 0.9322
vn -0.0396 0.3596 0.9323
vn -0.0397 0.3590 0.9325
vn -0.0398 0.3588 0.9326
vn -0.0050 0.3657 0.9307
vn -0.0050 0.3654 0.9308
vn -0.0049 0.3654 0.9308
vn -0.0199 0.4526 0.8915
vn -0.0199 0.4528 0.8914
vn -0.0198 0.4525 0.8916
vn -0.0199 0.4523 0.8917
vn 0.0292 0.3733 0.9272
vn 0.0292 0.3734 0.9272
vn 0.0292 0.3726 0.9275
vn 0.0158 0.4582 0.8887
vn 0.0157 0.4581 0.8888
vn 0.0156 0.4582 0.8887
vn 0.0292 0.3727 0.9275
vn 0.0355 0.5467 0.8366
vn 0.0356 0.5461 0.8370
vn 0.0016 0.5411 0.8409
vn 0.0015 0.5414 0.8407
vn 0.0015 0.5414 0.8408
vn 0.0355 0.5466 0.8366
vn 0.0483 0.4642 0.8844
vn 0.0230 0.6220 0.7826
vn 0.0229 0.6219 0.7828
vn 0.0228 0.6223 0.7824
vn 0.0232 0.6223 0.7824
vn 0.0679 0.5525 0.8308
vn 0.0680 0.5518 0.8312
vn 0.0681 0.5518 0.8312
vn 0.0566 0.6255 0.7781
vn 0.0566 0.6255 0.7782
vn 0.0566 0.6259 0.7778
vn 0.0105 0.6894 0.7243
vn 0.0105 0.6895 0.7242
vn 0.0106 0.6894 0.7243
vn 0.0451 0.6914 0.7210
vn 0.0451 0.6914 0.7211
vn -0.0011 0.7472 0.6646
vn -0.0011 0.7472 0.6645
vn 0.0337 0.7480 0.6628
vn 0.0336 0.7481 0.6627
vn 0.0337 0.7481 0.6627
vn -0.0122 0.7951 0.6063
vn -0.0120 0.7951 0.6064
vn -0.0120 0.7950 0.6065
vn 0.0225 0.7956 0.6054
vn -0.0220 0.8344 0.5508
vn -0.0219 0.8343 0.5508
vn 0.0225 0.7956 0.6053
vn 0.0117 0.8348 0.5505
vn 0.0117 0.8347 0.5506
vn 0.0117 0.8350 0.5502
vn 0.0005 0.8696 0.4938
vn 0.0003 0.8703 0.4925
vn 0.0004 0.8703 0.4925
vn -0.0219 0.8343 0.5509
vn -0.0319 0.8693 0.4933
vn -0.0320 0.8696 0.4927
vn -0.0320 0.8696 0.4928
vn 0.0118 0.8350 0.5501
vn -0.0110 0.9000 0.4358
vn -0.0110 0.9004 0.4348
vn -0.0418 0.8999 0.4342
vn -0.0419 0.9003 0.4332
vn -0.0419 0.9003 0.4331
vn -0.0417 0.8998 0.4342
vn -0.0649 0.8682 0.4919
vn -0.0648 0.8679 0.4925
vn -0.0647 0.8679 0.4925
vn -0.0730 0.8989 0.4319
vn -0.0730 0.8991 0.4316
vn -0.0731 0.8990 0.4318
vn -0.0513 0.9261 0.3738
vn -0.0511 0.9256 0.3750
vn -0.0807 0.9247 0.3719
vn -0.0807 0.9249 0.3716
vn -0.0807 0.9249 0.3717
vn -0.0730 0.8989 0.4320
vn -0.0806 0.9246 0.3722
vn -0.1057 0.8967 0.4298
vn -0.1057 0.8968 0.4296
vn -0.1057 0.8966 0.4299
vn -0.1112 0.9224 0.3698
vn -0.1112 0.9227 0.3691
vn -0.1112 0.9227 0.3690
vn -0.0873 0.9452 0.3145
vn -0.0873 0.9455 0.3137
vn -0.1163 0.9431 0.3114
vn -0.1159 0.9432 0.3113
vn -0.1162 0.9431 0.3116
vn -0.0930 0.9611 0.2600
vn -0.0930 0.9611 0.2602
vn -0.0930 0.9612 0.2596
vn -0.1195 0.9590 0.2569
vn -0.1195 0.9591 0.2566
vn -0.1195 0.9590 0.2570
vn -0.1463 0.9559 0.2545
vn -0.1463 0.9560 0.2545
vn -0.1463 0.9559 0.2546
vn -0.1447 0.9400 0.3089
vn -0.1447 0.9398 0.3095
vn -0.1448 0.9399 0.3093
vn -0.1447 0.9401 0.3087
vn -0.1757 0.9140 0.3657
vn -0.1759 0.9143 0.3649
vn -0.1758 0.9143 0.3650
vn -0.1750 0.9350 0.3085
vn -0.1749 0.9348 0.3092
vn -0.1750 0.9348 0.3092
vn -0.1427 0.9190 0.3676
vn -0.1429 0.9194 0.3665
vn -0.1428 0.9193 0.3667
vn -0.1756 0.9139 0.3659
vn -0.1750 0.8877 0.4259
vn -0.1753 0.8882 0.4247
vn -0.1752 0.8882 0.4248
vn -0.1395 0.8931 0.4276
vn -0.1395 0.8931 0.4277
vn -0.1394 0.8931 0.4277
vn -0.1426 0.9190 0.3676
vn -0.1748 0.8877 0.4260
vn -0.1732 0.8570 0.4853
vn -0.1730 0.8567 0.4859
vn -0.1731 0.8570 0.4854
vn -0.1351 0.8624 0.4879
vn -0.1352 0.8624 0.4878
vn -0.1351 0.8624 0.4878
vn -0.1692 0.8214 0.5446
vn -0.1694 0.8216 0.5443
vn -0.1693 0.8216 0.5443
vn -0.1292 0.8267 0.5476
vn -0.1292 0.8266 0.5477
vn -0.1291 0.8267 0.5476
vn -0.1351 0.8623 0.4880
vn -0.1637 0.7817 0.6018
vn -0.1634 0.7813 0.6024
vn -0.1633 0.7813 0.6024
vn -0.1222 0.7872 0.6045
vn -0.1224 0.7868 0.6049
vn -0.1222 0.7871 0.6046
vn -0.1636 0.7817 0.6018
vn -0.1133 0.7388 0.6643
vn -0.1131 0.7386 0.6645
vn -0.1131 0.7387 0.6645
vn -0.1549 0.7331 0.6622
vn -0.1550 0.7333 0.6620
vn -0.1552 0.7332 0.6621
vn -0.1132 0.7388 0.6643
vn -0.1437 0.6749 0.7238
vn -0.1435 0.6749 0.7238
vn -0.1434 0.6750 0.7238
vn -0.1018 0.6797 0.7264
vn -0.1017 0.6798 0.7263
vn -0.1015 0.6798 0.7263
vn -0.1436 0.6749 0.7238
vn -0.1296 0.6063 0.7846
vn -0.1299 0.6061 0.7847
vn -0.1294 0.6069 0.7842
vn -0.0880 0.6104 0.7872
vn -0.0882 0.6103 0.7872
vn -0.0880 0.6106 0.7870
vn -0.0879 0.6107 0.7869
vn -0.0727 0.5322 0.8435
vn -0.0728 0.5321 0.8436
vn -0.0726 0.5327 0.8432
vn -0.0348 0.5366 0.8431
vn -0.0348 0.5365 0.8432
vn -0.0347 0.5369 0.8429
vn -0.0493 0.6149 0.7870
vn -0.0493 0.6147 0.7872
vn -0.0493 0.6148 0.7871
vn -0.0347 0.5370 0.8429
vn -0.0120 0.6186 0.7856
vn -0.0120 0.6185 0.7857
vn -0.0493 0.6149 0.7871
vn 0.0017 0.5409 0.8411
vn -0.0625 0.6838 0.7270
vn -0.0627 0.6838 0.7270
vn -0.0625 0.6839 0.7269
vn -0.0624 0.6838 0.7270
vn -0.0122 0.6185 0.7857
vn -0.0251 0.6871 0.7261
vn -0.0251 0.6870 0.7262
vn -0.0250 0.6871 0.7262
vn -0.0741 0.7428 0.6654
vn -0.0740 0.7428 0.6654
vn -0.0250 0.6872 0.7260
vn -0.0367 0.7455 0.6655
vn -0.0838 0.7910 0.6060
vn -0.0839 0.7911 0.6059
vn -0.0473 0.7932 0.6072
vn -0.0472 0.7934 0.6068
vn -0.0472 0.7934 0.6069
vn -0.0838 0.7910 0.6061
vn -0.0918 0.8303 0.5498
vn -0.0917 0.8302 0.5498
vn -0.0918 0.8305 0.5493
vn -0.0918 0.8306 0.5492
vn -0.0562 0.8329 0.5505
vn -0.0562 0.8330 0.5505
vn -0.0562 0.8330 0.5504
vn -0.0562 0.8329 0.5506
vn -0.1129 0.5287 0.8413
vn -0.1132 0.5285 0.8414
vn -0.1128 0.5297 0.8406
vn -0.1291 0.6072 0.7840
vn -0.0725 0.5328 0.8431
vn -0.0947 0.4433 0.8913
vn -0.0950 0.4431 0.8914
vn -0.0947 0.4444 0.8908
vn -0.1125 0.5299 0.8405
vn -0.0562 0.4470 0.8928
vn -0.0564 0.4469 0.8928
vn -0.0561 0.4479 0.8923
vn -0.0560 0.4481 0.8922
vn -0.1370 0.4398 0.8876
vn -0.1375 0.4392 0.8878
vn -0.1368 0.4421 0.8865
vn -0.1568 0.5268 0.8354
vn -0.1564 0.5273 0.8352
vn -0.1571 0.5253 0.8363
vn -0.1575 0.5248 0.8365
vn -0.0945 0.4445 0.8908
vn -0.2066 0.5190 0.8294
vn -0.2063 0.5208 0.8284
vn -0.2061 0.5208 0.8284
vn -0.2254 0.5953 0.7713
vn -0.2258 0.5943 0.7719
vn -0.2262 0.5942 0.7719
vn -0.1748 0.6024 0.7788
vn -0.1745 0.6027 0.7786
vn -0.1751 0.6019 0.7792
vn -0.2062 0.5191 0.8295
vn -0.2257 0.5952 0.7712
vn -0.2410 0.6594 0.7121
vn -0.2415 0.6594 0.7120
vn -0.2417 0.6593 0.7120
vn -0.1754 0.6016 0.7793
vn -0.1894 0.6688 0.7189
vn -0.1899 0.6686 0.7189
vn -0.1901 0.6686 0.7189
vn -0.1897 0.6687 0.7189
vn -0.2413 0.6594 0.7121
vn -0.2525 0.7148 0.6521
vn -0.2529 0.7151 0.6517
vn -0.2531 0.7150 0.6517
vn -0.2010 0.7255 0.6582
vn -0.2008 0.7257 0.6581
vn -0.2012 0.7259 0.6578
vn -0.2086 0.7734 0.5985
vn -0.2086 0.7735 0.5985
vn -0.2087 0.7736 0.5983
vn -0.2526 0.7148 0.6521
vn -0.2596 0.7623 0.5929
vn -0.2600 0.7627 0.5922
vn -0.2602 0.7626 0.5923
vn -0.2014 0.7258 0.6578
vn -0.2134 0.8139 0.5404
vn -0.2132 0.8137 0.5407
vn -0.2132 0.8138 0.5407
vn -0.2625 0.8032 0.5348
vn -0.2624 0.8029 0.5353
vn -0.2624 0.8028 0.5354
vn -0.2133 0.8140 0.5403
vn -0.2597 0.7623 0.5929
vn -0.3186 0.7461 0.5847
vn -0.3182 0.7459 0.5851
vn -0.3181 0.7459 0.5851
vn -0.3192 0.7875 0.5273
vn -0.3191 0.7874 0.5275
vn -0.3192 0.7874 0.5273
vn -0.3184 0.7462 0.5847
vn -0.2620 0.8391 0.4767
vn -0.2619 0.8391 0.4767
vn -0.2615 0.8386 0.4779
vn -0.3153 0.8240 0.4708
vn -0.3154 0.8240 0.4707
vn -0.3160 0.8245 0.4694
vn -0.3191 0.7878 0.5267
vn -0.3158 0.8245 0.4695
vn -0.3663 0.8378 0.4049
vn -0.3666 0.8378 0.4047
vn -0.3672 0.8387 0.4023
vn -0.3669 0.8387 0.4025
vn -0.3083 0.8569 0.4132
vn -0.3075 0.8560 0.4156
vn -0.3080 0.8560 0.4153
vn -0.3089 0.8569 0.4128
vn -0.3783 0.8037 0.4592
vn -0.3791 0.8043 0.4576
vn -0.3786 0.8043 0.4579
vn -0.3779 0.8038 0.4595
vn -0.4532 0.7761 0.4386
vn -0.4521 0.7755 0.4407
vn -0.4528 0.7754 0.4401
vn -0.4641 0.7326 0.4979
vn -0.4641 0.7326 0.4978
vn -0.4644 0.7326 0.4976
vn -0.3853 0.7651 0.5160
vn -0.3854 0.7651 0.5159
vn -0.3857 0.7652 0.5154
vn -0.4643 0.7327 0.4976
vn -0.4680 0.6853 0.5580
vn -0.4684 0.6850 0.5580
vn -0.4679 0.6850 0.5585
vn -0.3867 0.7220 0.5738
vn -0.3870 0.7218 0.5738
vn -0.3866 0.7216 0.5743
vn -0.3863 0.7218 0.5743
vn -0.3818 0.6732 0.6333
vn -0.3810 0.6729 0.6340
vn -0.3808 0.6731 0.6340
vn -0.4632 0.6331 0.6202
vn -0.4642 0.6322 0.6203
vn -0.4629 0.6326 0.6209
vn -0.4674 0.6852 0.5585
vn -0.5576 0.5709 0.6026
vn -0.5586 0.5709 0.6017
vn -0.5590 0.5705 0.6017
vn -0.5580 0.5706 0.6026
vn -0.5629 0.6303 0.5346
vn -0.5634 0.6299 0.5345
vn -0.5628 0.6302 0.5350
vn -0.5623 0.6305 0.5351
vn -0.4621 0.6333 0.6208
vn -0.5428 0.5072 0.6694
vn -0.5421 0.5076 0.6697
vn -0.5416 0.5078 0.6699
vn -0.5423 0.5075 0.6696
vn -0.4493 0.5759 0.6830
vn -0.4484 0.5772 0.6825
vn -0.4497 0.5759 0.6827
vn -0.4508 0.5743 0.6834
vn -0.6550 0.4909 0.5745
vn -0.6560 0.4907 0.5735
vn -0.6564 0.4902 0.5735
vn -0.6611 0.5582 0.5013
vn -0.6605 0.5589 0.5014
vn -0.6612 0.5584 0.5010
vn -0.6620 0.5577 0.5008
vn -0.6554 0.4904 0.5745
vn -0.6351 0.4205 0.6479
vn -0.6367 0.4162 0.6492
vn -0.6348 0.4204 0.6483
vn -0.6334 0.4241 0.6473
vn -0.7188 0.3216 0.6163
vn -0.7196 0.3220 0.6152
vn -0.7201 0.3214 0.6149
vn -0.7194 0.3211 0.6160
vn -0.7453 0.3972 0.5354
vn -0.7464 0.3970 0.5341
vn -0.7467 0.3964 0.5341
vn -0.8222 0.2932 0.4879
vn -0.8211 0.2967 0.4877
vn -0.8222 0.2940 0.4874
vn -0.7900 0.2153 0.5740
vn -0.7911 0.2078 0.5754
vn -0.7900 0.2132 0.5749
vn -0.7457 0.3966 0.5354
vn -0.8235 0.2899 0.4877
vn -0.8809 0.1790 0.4381
vn -0.8942 0.2749 0.3533
vn -0.8946 0.2746 0.3525
vn -0.8946 0.2742 0.3528
vn -0.8319 0.3774 0.4067
vn -0.8312 0.3787 0.4070
vn -0.8320 0.3775 0.4066
vn -0.8205 0.4621 0.3365
vn -0.8210 0.4617 0.3360
vn -0.8206 0.4620 0.3364
vn -0.8200 0.4624 0.3372
vn -0.8848 0.3725 0.2799
vn -0.8842 0.3733 0.2808
vn -0.8847 0.3727 0.2799
vn -0.8328 0.3760 0.4062
vn -0.8942 0.2746 0.3535
vn -0.8852 0.3720 0.2792
vn 0.4205 0.6679 0.6140
vn 0.4202 0.6685 0.6136
vn 0.4203 0.6682 0.6139
vn 0.3288 0.8864 0.3257
vn 0.3823 0.3569 0.8523
vn -0.8526 0.4762 0.2153
vn -0.8525 0.4759 0.2163
vn -0.8509 0.4784 0.2171
vn 0.4206 0.6682 0.6136
vn -0.7421 0.5465 0.3881
vn -0.7415 0.5469 0.3888
vn -0.7420 0.5465 0.3883
vn -0.7426 0.5462 0.3876
vn -0.7533 0.4725 0.4575
vn -0.7542 0.4714 0.4572
vn -0.7532 0.4724 0.4577
vn -0.7526 0.4733 0.4579
vn -0.6512 0.6229 0.4334
vn -0.6517 0.6228 0.4328
vn -0.6514 0.6230 0.4330
vn -0.7134 0.6218 0.3231
vn -0.7118 0.6223 0.3257
vn -0.7131 0.6218 0.3238
vn -0.6288 0.6850 0.3680
vn -0.6287 0.6847 0.3687
vn -0.6275 0.6849 0.3704
vn -0.6275 0.6852 0.3698
vn -0.5390 0.7362 0.4092
vn -0.5402 0.7365 0.4071
vn -0.5393 0.7367 0.4079
vn -0.6508 0.6231 0.4337
vn -0.5560 0.6854 0.4703
vn -0.5563 0.6854 0.4698
vn -0.5561 0.6856 0.4699
vn -0.5382 0.7364 0.4100
vn -0.4364 0.8145 0.3823
vn -0.4361 0.8145 0.3827
vn -0.4352 0.8136 0.3855
vn -0.5141 0.7818 0.3530
vn -0.5144 0.7818 0.3523
vn -0.5154 0.7824 0.3497
vn -0.4540 0.7759 0.4380
vn -0.5151 0.7823 0.3503
vn -0.4848 0.8220 0.2989
vn -0.4859 0.8232 0.2937
vn -0.4848 0.8229 0.2962
vn -0.5547 0.7917 0.2559
vn -0.5535 0.7909 0.2610
vn -0.5547 0.7912 0.2576
vn -0.5947 0.7412 0.3113
vn -0.5962 0.7417 0.3072
vn -0.5949 0.7417 0.3097
vn -0.5933 0.7413 0.3138
vn -0.4836 0.8218 0.3013
vn -0.4514 0.8580 0.2453
vn -0.4506 0.8567 0.2512
vn -0.4516 0.8571 0.2481
vn -0.3901 0.8782 0.2767
vn -0.3899 0.8782 0.2769
vn -0.3899 0.8771 0.2806
vn -0.4142 0.8475 0.3319
vn -0.4153 0.8488 0.3273
vn -0.4143 0.8486 0.3289
vn -0.3512 0.8678 0.3515
vn -0.3515 0.8678 0.3513
vn -0.3520 0.8690 0.3478
vn -0.3346 0.8951 0.2947
vn -0.3344 0.8951 0.2948
vn -0.3342 0.8939 0.2986
vn -0.4132 0.8474 0.3334
vn -0.3901 0.8770 0.2804
vn -0.3517 0.8690 0.3481
vn -0.3345 0.8939 0.2985
vn -0.3169 0.9161 0.2455
vn -0.3167 0.9162 0.2455
vn -0.3168 0.9152 0.2492
vn -0.3657 0.9006 0.2349
vn -0.3659 0.9005 0.2348
vn -0.3656 0.9015 0.2315
vn -0.3655 0.9015 0.2316
vn -0.3425 0.9200 0.1906
vn -0.3423 0.9200 0.1906
vn -0.3428 0.9191 0.1944
vn -0.3856 0.9084 0.1616
vn -0.3855 0.9077 0.1658
vn -0.3859 0.9081 0.1627
vn -0.4180 0.8852 0.2040
vn -0.4182 0.8852 0.2039
vn -0.4177 0.8859 0.2016
vn -0.3856 0.9090 0.1583
vn -0.4182 0.9003 0.1208
vn -0.4185 0.8996 0.1249
vn -0.4181 0.9004 0.1203
vn -0.4646 0.8705 0.1626
vn -0.4649 0.8703 0.1623
vn -0.4647 0.8706 0.1618
vn -0.4175 0.8860 0.2016
vn -0.4522 0.8584 0.2420
vn -0.5100 0.8347 0.2076
vn -0.5102 0.8347 0.2073
vn -0.5102 0.8351 0.2058
vn -0.4643 0.8708 0.1619
vn -0.5038 0.8550 0.1229
vn -0.5039 0.8544 0.1269
vn -0.5035 0.8553 0.1217
vn -0.5099 0.8352 0.2061
vn -0.5626 0.8102 0.1643
vn -0.4177 0.9011 0.1165
vn -0.4439 0.8919 0.0865
vn -0.4453 0.8913 0.0855
vn -0.4456 0.8911 0.0862
vn -0.4448 0.8913 0.0878
vn -0.5033 0.8560 0.1180
vn -0.4693 0.8809 0.0617
vn -0.4697 0.8805 0.0643
vn -0.4686 0.8814 0.0592
vn -0.4683 0.8817 0.0571
vn -0.4057 0.9129 0.0440
vn -0.4062 0.9126 0.0460
vn -0.4048 0.9135 0.0408
vn -0.3876 0.9199 0.0596
vn -0.3871 0.9202 0.0574
vn -0.3883 0.9194 0.0624
vn -0.3889 0.9190 0.0651
vn -0.3371 0.9402 0.0496
vn -0.3376 0.9399 0.0513
vn -0.3363 0.9406 0.0465
vn -0.4045 0.9137 0.0391
vn -0.3491 0.9365 0.0340
vn -0.3495 0.9363 0.0354
vn -0.3483 0.9369 0.0310
vn -0.3359 0.9408 0.0452
vn -0.2938 0.9548 0.0440
vn -0.2936 0.9550 0.0432
vn -0.2945 0.9545 0.0467
vn -0.3029 0.9525 0.0316
vn -0.3032 0.9524 0.0325
vn -0.3023 0.9528 0.0291
vn -0.2949 0.9543 0.0477
vn -0.3480 0.9370 0.0299
vn -0.3021 0.9529 0.0284
vn -0.3113 0.9501 0.0211
vn -0.3596 0.9329 0.0216
vn -0.3601 0.9327 0.0185
vn -0.2861 0.9559 0.0658
vn -0.2860 0.9560 0.0651
vn -0.2870 0.9555 0.0690
vn -0.2534 0.9648 0.0700
vn -0.2534 0.9649 0.0697
vn -0.2540 0.9645 0.0721
vn -0.2588 0.9647 0.0489
vn -0.2590 0.9646 0.0494
vn -0.2583 0.9649 0.0469
vn -0.2542 0.9644 0.0726
vn -0.2518 0.9621 0.1051
vn -0.2517 0.9619 0.1064
vn -0.2517 0.9619 0.1063
vn -0.2233 0.9686 0.1089
vn -0.2234 0.9685 0.1098
vn -0.2233 0.9685 0.1098
vn -0.2245 0.9715 0.0762
vn -0.2247 0.9716 0.0744
vn -0.2247 0.9716 0.0745
vn -0.2245 0.9715 0.0764
vn -0.2518 0.9621 0.1050
vn -0.2254 0.9622 0.1527
vn -0.2254 0.9622 0.1528
vn -0.2549 0.9550 0.1518
vn -0.2550 0.9549 0.1519
vn -0.2548 0.9551 0.1509
vn -0.2255 0.9622 0.1528
vn -0.2232 0.9686 0.1091
vn -0.1972 0.9681 0.1547
vn -0.1972 0.9681 0.1548
vn -0.1969 0.9681 0.1551
vn -0.1969 0.9681 0.1549
vn -0.1965 0.9739 0.1132
vn -0.1965 0.9739 0.1134
vn -0.1962 0.9741 0.1120
vn -0.2000 0.9587 0.2022
vn -0.1999 0.9585 0.2032
vn -0.1999 0.9585 0.2031
vn -0.2001 0.9587 0.2020
vn -0.1726 0.9638 0.2031
vn -0.1726 0.9637 0.2036
vn -0.1719 0.9726 0.1568
vn -0.1716 0.9726 0.1569
vn -0.1718 0.9726 0.1565
vn -0.1474 0.9676 0.2050
vn -0.1472 0.9677 0.2048
vn -0.1480 0.9761 0.1589
vn -0.1478 0.9761 0.1595
vn -0.1718 0.9726 0.1564
vn -0.1224 0.9707 0.2068
vn -0.1224 0.9707 0.2070
vn -0.1224 0.9706 0.2074
vn -0.1245 0.9789 0.1619
vn -0.1247 0.9790 0.1610
vn -0.1247 0.9790 0.1611
vn -0.1478 0.9761 0.1593
vn -0.1245 0.9789 0.1620
vn -0.0975 0.9729 0.2096
vn -0.0973 0.9727 0.2105
vn -0.0974 0.9728 0.2103
vn -0.1010 0.9812 0.1647
vn -0.1010 0.9812 0.1643
vn -0.1010 0.9812 0.1645
vn -0.1011 0.9811 0.1653
vn -0.0975 0.9730 0.2094
vn -0.0738 0.9743 0.2129
vn -0.0737 0.9741 0.2136
vn -0.0737 0.9742 0.2134
vn -0.0787 0.9826 0.1680
vn -0.0930 0.9613 0.2595
vn -0.0738 0.9743 0.2130
vn -0.0674 0.9625 0.2628
vn -0.0674 0.9625 0.2627
vn -0.0675 0.9622 0.2638
vn -0.0598 0.9466 0.3168
vn -0.0598 0.9466 0.3167
vn -0.0598 0.9463 0.3177
vn -0.0329 0.9467 0.3204
vn -0.0327 0.9461 0.3223
vn -0.0328 0.9461 0.3222
vn -0.0425 0.9623 0.2685
vn -0.0426 0.9623 0.2687
vn -0.0424 0.9628 0.2667
vn -0.0170 0.9617 0.2737
vn -0.0172 0.9623 0.2714
vn -0.0171 0.9623 0.2714
vn -0.0168 0.9617 0.2738
vn -0.0055 0.9460 0.3242
vn -0.0053 0.9461 0.3239
vn -0.0055 0.9450 0.3269
vn -0.0330 0.9467 0.3203
vn -0.0057 0.9450 0.3272
vn -0.0424 0.9629 0.2666
vn -0.0506 0.9747 0.2179
vn -0.0506 0.9746 0.2181
vn -0.0505 0.9750 0.2162
vn -0.0504 0.9751 0.2160
vn -0.0272 0.9749 0.2208
vn -0.0270 0.9746 0.2223
vn -0.0270 0.9746 0.2221
vn -0.0273 0.9750 0.2207
vn -0.0351 0.9842 0.1735
vn -0.0024 0.9738 0.2272
vn -0.0120 0.9840 0.1779
vn -0.0120 0.9840 0.1780
vn -0.0120 0.9841 0.1774
vn -0.0223 0.9261 0.3766
vn -0.0221 0.9254 0.3783
vn -0.0222 0.9255 0.3782
vn 0.0072 0.9250 0.3798
vn 0.0073 0.9251 0.3796
vn 0.0072 0.9242 0.3818
vn -0.0224 0.9261 0.3766
vn 0.0070 0.9241 0.3820
vn -0.0109 0.9005 0.4347
vn 0.0203 0.8997 0.4360
vn 0.0206 0.8988 0.4379
vn 0.0204 0.8988 0.4378
vn -0.2036 0.9453 0.2548
vn -0.2040 0.9457 0.2531
vn -0.2038 0.9457 0.2533
vn -0.1740 0.9512 0.2548
vn -0.1740 0.9512 0.2549
vn -0.1740 0.9515 0.2536
vn -0.2035 0.9453 0.2550
vn -0.1739 0.9516 0.2535
vn -0.2077 0.9279 0.3096
vn -0.2079 0.9279 0.3096
vn -0.2080 0.9286 0.3073
vn -0.1751 0.9350 0.3084
vn -0.2371 0.9380 0.2530
vn -0.2367 0.9375 0.2552
vn -0.2369 0.9375 0.2549
vn -0.2445 0.9191 0.3089
vn -0.2452 0.9200 0.3058
vn -0.2448 0.9199 0.3062
vn -0.2441 0.9191 0.3092
vn -0.2079 0.9286 0.3073
vn -0.2517 0.8965 0.3646
vn -0.2523 0.8973 0.3622
vn -0.2520 0.8972 0.3625
vn -0.2115 0.9064 0.3655
vn -0.2116 0.9064 0.3656
vn -0.2118 0.9069 0.3642
vn -0.2513 0.8965 0.3649
vn -0.2117 0.9069 0.3642
vn -0.2579 0.8699 0.4205
vn -0.2586 0.8706 0.4186
vn -0.2582 0.8706 0.4188
vn -0.2141 0.8802 0.4236
vn -0.2142 0.8801 0.4236
vn -0.2145 0.8808 0.4221
vn -0.2576 0.8698 0.4208
vn -0.2143 0.8809 0.4221
vn -0.2616 0.8386 0.4779
vn -0.2148 0.8493 0.4822
vn -0.2149 0.8493 0.4822
vn -0.2150 0.8496 0.4817
vn -0.2150 0.8495 0.4817
vn -0.2978 0.8838 0.3610
vn -0.2988 0.8850 0.3571
vn -0.2982 0.8849 0.3578
vn -0.2864 0.9088 0.3033
vn -0.2857 0.9080 0.3066
vn -0.2861 0.9080 0.3060
vn -0.2971 0.8837 0.3616
vn -0.2374 0.9380 0.2527
vn -0.2869 0.9089 0.3026
vn -0.2744 0.9283 0.2509
vn -0.2736 0.9275 0.2548
vn -0.2741 0.9275 0.2541
vn -0.2749 0.9284 0.2500
vn -0.2633 0.9436 0.2005
vn -0.2632 0.9437 0.2005
vn -0.2633 0.9432 0.2026
vn -0.2302 0.9521 0.2012
vn -0.2301 0.9522 0.2011
vn -0.2303 0.9518 0.2027
vn -0.3002 0.9322 0.2023
vn -0.3008 0.9329 0.1982
vn -0.3003 0.9328 0.1993
vn -0.2997 0.9322 0.2030
vn -0.2864 0.9461 0.1510
vn -0.2863 0.9461 0.1511
vn -0.2866 0.9458 0.1530
vn -0.2549 0.9551 0.1510
vn -0.2866 0.9457 0.1532
vn -0.3225 0.9350 0.1476
vn -0.3220 0.9344 0.1524
vn -0.3225 0.9344 0.1514
vn -0.3234 0.9352 0.1441
vn -0.3163 0.9435 0.0989
vn -0.3173 0.9429 0.1015
vn -0.3153 0.9442 0.0954
vn -0.2817 0.9542 0.1006
vn -0.2819 0.9541 0.1010
vn -0.2813 0.9545 0.0990
vn -0.3151 0.9443 0.0946
vn -0.3535 0.9277 0.1203
vn -0.3533 0.9279 0.1187
vn -0.3536 0.9276 0.1203
vn -0.3709 0.9248 0.0848
vn -0.3712 0.9248 0.0840
vn -0.3714 0.9246 0.0845
vn -0.3255 0.9429 0.0701
vn -0.3262 0.9425 0.0721
vn -0.3247 0.9434 0.0671
vn -0.2813 0.9545 0.0987
vn -0.2874 0.9552 0.0700
vn -0.3245 0.9436 0.0661
vn -0.3536 0.9274 0.1219
vn -0.3430 0.9190 0.1944
vn -0.3169 0.9151 0.2491
vn -0.2303 0.9518 0.2028
vn -0.2582 0.9650 0.0465
vn -0.2281 0.9722 0.0535
vn -0.2650 0.9636 0.0341
vn -0.4211 0.9066 0.0282
vn -0.4213 0.9064 0.0294
vn -0.4203 0.9070 0.0258
vn -0.4201 0.9071 0.0247
vn -0.3707 0.9248 0.0859
vn -0.4911 0.8701 0.0413
vn -0.4911 0.8700 0.0432
vn -0.4899 0.8709 0.0381
vn -0.4898 0.8711 0.0364
vn -0.5556 0.7921 0.2526
vn -0.4355 0.8136 0.3851
vn -0.6697 0.6926 0.2681
vn -0.7147 0.6213 0.3212
vn -0.7891 0.5509 0.2716
vn -0.7875 0.5521 0.2739
vn -0.7888 0.5515 0.2715
vn -0.7903 0.5504 0.2693
vn -0.8506 0.4792 0.2164
vn -0.6750 0.2475 0.6951
vn -0.6747 0.2465 0.6957
vn -0.6737 0.2471 0.6965
vn -0.7892 0.2197 0.5735
vn -0.7362 0.1442 0.6613
vn -0.7360 0.1334 0.6637
vn -0.7357 0.1404 0.6626
vn -0.5995 0.3478 0.7209
vn -0.6007 0.3409 0.7232
vn -0.5993 0.3479 0.7210
vn -0.6740 0.2482 0.6958
vn -0.5982 0.3538 0.7190
vn -0.5556 0.6855 0.4706
vn -0.3694 0.6185 0.6935
vn -0.3687 0.6187 0.6937
vn -0.3684 0.6188 0.6938
vn -0.3814 0.6734 0.6333
vn -0.3008 0.6440 0.7034
vn -0.3002 0.6442 0.7035
vn -0.3000 0.6443 0.7035
vn -0.3116 0.6985 0.6442
vn -0.3122 0.6988 0.6436
vn -0.3125 0.6987 0.6436
vn -0.3691 0.6187 0.6936
vn -0.3118 0.6984 0.6442
vn -0.3510 0.5544 0.7546
vn -0.2838 0.5806 0.7631
vn -0.2834 0.5817 0.7624
vn -0.2831 0.5818 0.7625
vn -0.3005 0.6442 0.7034
vn -0.2835 0.5807 0.7632
vn -0.2367 0.4253 0.8736
vn -0.2374 0.4240 0.8740
vn -0.2364 0.4283 0.8722
vn -0.2615 0.5090 0.8201
vn -0.2616 0.5067 0.8215
vn -0.2620 0.5066 0.8214
vn -0.1842 0.4347 0.8815
vn -0.1848 0.4339 0.8818
vn -0.1840 0.4373 0.8803
vn -0.1834 0.4382 0.8800
vn -0.2618 0.5090 0.8200
vn -0.1364 0.4426 0.8863
vn -0.0992 0.8658 0.4905
vn -0.0991 0.8658 0.4905
vn -0.0992 0.8658 0.4904
vn -0.1057 0.8967 0.4299
vn -0.0598 0.9463 0.3178
vn 0.0333 0.8698 0.4923
vn 0.0333 0.8693 0.4931
vn 0.0336 0.8694 0.4930
vn 0.0457 0.8348 0.5487
vn 0.0458 0.8348 0.5487
vn 0.0458 0.8344 0.5493
vn 0.0457 0.8344 0.5493
vn 0.0202 0.8997 0.4360
vn 0.0575 0.7953 0.6034
vn 0.0575 0.7955 0.6033
vn 0.0574 0.7954 0.6033
vn 0.0687 0.7484 0.6597
vn 0.0686 0.7486 0.6595
vn 0.0796 0.6934 0.7161
vn 0.0901 0.6296 0.7716
vn 0.0420 0.2886 0.9565
vn 0.0419 0.2887 0.9565
vn 0.0418 0.2877 0.9568
vn 0.0419 0.2876 0.9568
vn -0.0763 0.3529 0.9325
vn -0.0765 0.3527 0.9326
vn -0.0762 0.3545 0.9319
vn -0.0590 0.2615 0.9634
vn -0.0759 0.3547 0.9319
vn 0.0531 0.2102 0.9762
vn 0.0534 0.2096 0.9763
vn 0.0535 0.2096 0.9763
vn 0.0622 0.1473 0.9871
vn 0.0623 0.1469 0.9872
vn 0.0534 0.2101 0.9762
vn 0.0834 0.2190 0.9722
vn 0.0923 0.1567 0.9833
vn 0.0923 0.1569 0.9833
vn 0.0923 0.1573 0.9832
vn 0.0924 0.1572 0.9832
vn 0.0623 0.1473 0.9871
vn 0.6956 0.7157 -0.0627
vn -0.8826 0.4601 0.0962
vn 0.1253 0.0255 0.9918
vn 0.1816 0.0581 0.9817
vn 0.1294 0.3144 0.9404
vn 0.1295 0.3154 0.9401
vn 0.0679 0.5525 0.8307
vn 0.1294 0.3155 0.9401
vn 0.0812 0.8335 0.5465
vn 0.2066 0.7406 0.6394
vn 0.2127 0.6925 0.6893
vn 0.0113 0.9833 0.1818
vn 0.0112 0.9832 0.1819
vn 0.0113 0.9836 0.1798
vn -0.0119 0.9841 0.1773
vn 0.0047 0.9909 0.1345
vn 0.0047 0.9909 0.1344
vn 0.0047 0.9909 0.1348
vn 0.0115 0.9837 0.1796
vn -0.0178 0.9908 0.1341
vn -0.0178 0.9908 0.1338
vn -0.0178 0.9908 0.1339
vn 0.0047 0.9908 0.1351
vn -0.0200 0.9949 0.0992
vn -0.0197 0.9948 0.1001
vn -0.0198 0.9948 0.1000
vn 0.0030 0.9951 0.0993
vn 0.0036 0.9949 0.1013
vn 0.0034 0.9949 0.1009
vn 0.0029 0.9951 0.0989
vn 0.0322 0.9963 0.0800
vn 0.0314 0.9965 0.0770
vn 0.0317 0.9965 0.0779
vn 0.0049 0.9971 0.0755
vn 0.0055 0.9970 0.0778
vn 0.0053 0.9970 0.0772
vn 0.0326 0.9962 0.0810
vn 0.0279 0.9944 0.1020
vn 0.0279 0.9944 0.1022
vn 0.0281 0.9946 0.0999
vn 0.0281 0.9946 0.0997
vn 0.0048 0.9972 0.0751
vn -0.0200 0.9949 0.0991
vn -0.0195 0.9970 0.0743
vn -0.0189 0.9969 0.0765
vn -0.0191 0.9969 0.0761
vn 0.0081 0.9983 0.0573
vn 0.0081 0.9983 0.0571
vn 0.0079 0.9982 0.0590
vn -0.0174 0.9982 0.0577
vn -0.0174 0.9982 0.0571
vn -0.0196 0.9971 0.0739
vn -0.0173 0.9982 0.0569
vn 0.0268 0.9908 0.1330
vn 0.0556 0.9930 0.1039
vn 0.1060 0.9740 0.2004
vn 0.0079 0.9982 0.0592
vn 0.0140 0.9991 0.0391
vn 0.0117 0.9989 0.0449
vn 0.0114 0.9988 0.0469
vn 0.0125 0.9990 0.0435
vn 0.0158 0.9992 0.0360
vn 0.0163 0.9993 0.0335
vn 0.0181 0.9994 0.0312
vn 0.0182 0.9993 0.0318
vn 0.1458 0.9806 0.1313
vn 0.4993 0.8448 0.1925
vn 0.5011 0.8441 0.1907
vn 0.4979 0.8456 0.1924
vn 0.3898 0.8893 0.2393
vn 0.2103 0.9037 0.3730
vn 0.2109 0.9048 0.3699
vn 0.2110 0.9012 0.3785
vn 0.2104 0.9001 0.3816
vn 0.2485 0.7732 0.5835
vn 0.2488 0.7732 0.5834
vn 0.2487 0.7732 0.5834
vn 0.2487 0.7730 0.5835
vn 0.3162 0.7610 0.5665
vn 0.3046 0.7932 0.5272
vn 0.4146 0.7653 0.4924
vn 0.4149 0.7654 0.4920
vn 0.4144 0.7651 0.4929
vn 0.4141 0.7650 0.4933
vn 0.3951 0.8604 0.3219
vn 0.4963 0.8461 0.1942
vn 0.4258 0.9010 0.0834
vn 0.3788 0.9253 -0.0154
vn 0.3801 0.9247 -0.0199
vn 0.3765 0.9263 -0.0127
vn 0.3750 0.9270 -0.0080
vn 0.5353 0.8446 -0.0059
vn 0.5348 0.8450 -0.0009
vn 0.5379 0.8430 -0.0080
vn 0.3375 0.9410 -0.0256
vn 0.3392 0.9402 -0.0306
vn 0.3355 0.9418 -0.0229
vn 0.3339 0.9425 -0.0176
vn 0.4777 0.8776 -0.0399
vn 0.4764 0.8786 -0.0332
vn 0.4797 0.8764 -0.0421
vn 0.5383 0.8427 -0.0129
vn 0.2991 0.9534 -0.0397
vn 0.2968 0.9543 -0.0335
vn 0.3004 0.9529 -0.0421
vn 0.3026 0.9519 -0.0482
vn 0.4212 0.9034 -0.0804
vn 0.4193 0.9049 -0.0731
vn 0.4219 0.9030 -0.0813
vn 0.4811 0.8753 -0.0489
vn 0.2652 0.9620 -0.0657
vn 0.2676 0.9608 -0.0730
vn 0.2646 0.9622 -0.0643
vn 0.2620 0.9634 -0.0571
vn 0.3694 0.9212 -0.1222
vn 0.3672 0.9231 -0.1140
vn 0.3693 0.9213 -0.1215
vn 0.4240 0.9013 -0.0889
vn 0.2249 0.9700 -0.0918
vn 0.2283 0.9681 -0.1036
vn 0.2251 0.9700 -0.0921
vn 0.2214 0.9719 -0.0799
vn 0.3716 0.9192 -0.1300
vn 0.3189 0.9342 -0.1599
vn 0.3163 0.9368 -0.1498
vn 0.3179 0.9350 -0.1572
vn 0.1812 0.9733 -0.1412
vn 0.1781 0.9756 -0.1284
vn 0.1801 0.9739 -0.1378
vn 0.1828 0.9716 -0.1502
vn 0.2475 0.9497 -0.1917
vn 0.2430 0.9551 -0.1695
vn 0.2448 0.9522 -0.1825
vn 0.3204 0.9324 -0.1673
vn 0.2492 0.9467 -0.2041
vn 0.1786 0.9588 -0.2209
vn 0.1780 0.9590 -0.2207
vn 0.1807 0.9573 -0.2257
vn 0.1450 0.9734 -0.1774
vn 0.1436 0.9750 -0.1693
vn 0.1441 0.9742 -0.1738
vn 0.1452 0.9727 -0.1812
vn 0.1812 0.9572 -0.2259
vn 0.2255 0.9320 -0.2839
vn 0.2239 0.9368 -0.2688
vn 0.2236 0.9353 -0.2742
vn 0.1401 0.9581 -0.2498
vn 0.1393 0.9603 -0.2416
vn 0.1392 0.9596 -0.2444
vn 0.2251 0.9304 -0.2894
vn 0.1668 0.9405 -0.2961
vn 0.1665 0.9405 -0.2961
vn 0.1677 0.9391 -0.3000
vn 0.1680 0.9390 -0.3000
vn 0.1398 0.9575 -0.2521
vn 0.1143 0.9724 -0.2036
vn 0.1147 0.9723 -0.2037
vn 0.1131 0.9733 -0.1997
vn 0.0814 0.9742 -0.2103
vn 0.0811 0.9743 -0.2102
vn 0.0824 0.9731 -0.2153
vn 0.1128 0.9734 -0.1996
vn 0.1047 0.9592 -0.2628
vn 0.1050 0.9591 -0.2628
vn 0.1040 0.9603 -0.2589
vn 0.1037 0.9603 -0.2588
vn 0.1288 0.9399 -0.3161
vn 0.1292 0.9399 -0.3161
vn 0.1280 0.9418 -0.3110
vn 0.0923 0.9425 -0.3214
vn 0.0925 0.9424 -0.3213
vn 0.0919 0.9436 -0.3182
vn 0.0708 0.9621 -0.2633
vn 0.0704 0.9621 -0.2633
vn 0.0714 0.9608 -0.2678
vn 0.0917 0.9436 -0.3182
vn 0.1131 0.9200 -0.3753
vn 0.1134 0.9199 -0.3753
vn 0.1128 0.9214 -0.3719
vn 0.0773 0.9226 -0.3778
vn 0.0774 0.9226 -0.3778
vn 0.0771 0.9237 -0.3753
vn 0.0583 0.9460 -0.3188
vn 0.0580 0.9460 -0.3188
vn 0.0587 0.9447 -0.3225
vn 0.0769 0.9237 -0.3753
vn 0.0956 0.8957 -0.4343
vn 0.0958 0.8956 -0.4343
vn 0.0954 0.8967 -0.4323
vn 0.0607 0.8975 -0.4368
vn 0.0608 0.8975 -0.4368
vn 0.0606 0.8980 -0.4358
vn 0.0436 0.9255 -0.3761
vn 0.0434 0.9256 -0.3761
vn 0.0439 0.9246 -0.3785
vn 0.0605 0.8980 -0.4358
vn 0.0768 0.8656 -0.4948
vn 0.0769 0.8656 -0.4949
vn 0.0766 0.8661 -0.4940
vn 0.0421 0.8661 -0.4981
vn 0.0420 0.8664 -0.4977
vn 0.0269 0.8988 -0.4375
vn 0.0271 0.8984 -0.4382
vn 0.0420 0.8663 -0.4978
vn 0.0563 0.8294 -0.5558
vn 0.0564 0.8294 -0.5558
vn 0.0211 0.8289 -0.5590
vn 0.0213 0.8285 -0.5596
vn 0.0211 0.8290 -0.5589
vn 0.0079 0.8657 -0.5005
vn 0.0080 0.8656 -0.5006
vn 0.0077 0.8657 -0.5004
vn 0.0211 0.8290 -0.5588
vn 0.0713 0.7835 -0.6173
vn 0.0714 0.7835 -0.6172
vn 0.0563 0.8293 -0.5559
vn 0.0363 0.7826 -0.6215
vn 0.0358 0.7828 -0.6213
vn 0.0359 0.7826 -0.6215
vn 0.0868 0.7276 -0.6805
vn 0.0868 0.7277 -0.6804
vn 0.0869 0.7275 -0.6806
vn 0.0715 0.7835 -0.6172
vn 0.0516 0.7254 -0.6864
vn 0.0517 0.7254 -0.6864
vn 0.0518 0.7254 -0.6864
vn 0.1024 0.6613 -0.7431
vn 0.1023 0.6613 -0.7431
vn 0.1023 0.6616 -0.7428
vn 0.0682 0.6576 -0.7503
vn 0.1360 0.6659 -0.7336
vn 0.1360 0.6662 -0.7333
vn 0.1218 0.7295 -0.6730
vn 0.1218 0.7297 -0.6729
vn 0.1360 0.6658 -0.7336
vn 0.1023 0.6616 -0.7429
vn 0.1705 0.6700 -0.7225
vn 0.1707 0.6696 -0.7229
vn 0.1827 0.5991 -0.7796
vn 0.1823 0.6006 -0.7785
vn 0.1495 0.5940 -0.7904
vn 0.1826 0.5990 -0.7796
vn 0.2266 0.5280 -0.8185
vn 0.2268 0.5277 -0.8186
vn 0.2259 0.5301 -0.8173
vn 0.2175 0.6038 -0.7669
vn 0.2173 0.6041 -0.7667
vn 0.2181 0.6023 -0.7679
vn 0.2183 0.6021 -0.7680
vn 0.1937 0.5213 -0.8311
vn 0.1933 0.5237 -0.8297
vn 0.2349 0.4467 -0.8633
vn 0.2351 0.4463 -0.8634
vn 0.2340 0.4500 -0.8618
vn 0.2257 0.5305 -0.8171
vn 0.2042 0.4399 -0.8745
vn 0.1937 0.5212 -0.8311
vn 0.2665 0.4542 -0.8501
vn 0.2659 0.4579 -0.8483
vn 0.2658 0.4578 -0.8484
vn 0.2619 0.5316 -0.8055
vn 0.2626 0.5286 -0.8073
vn 0.2627 0.5286 -0.8072
vn 0.2664 0.4541 -0.8502
vn 0.2337 0.4505 -0.8617
vn 0.2719 0.3718 -0.8876
vn 0.2719 0.3716 -0.8877
vn 0.2712 0.3746 -0.8867
vn 0.2442 0.3600 -0.9004
vn 0.2442 0.3599 -0.9005
vn 0.2438 0.3620 -0.8997
vn 0.2437 0.3622 -0.8997
vn 0.2708 0.3752 -0.8865
vn 0.2849 0.2780 -0.9174
vn 0.2848 0.2781 -0.9174
vn 0.2850 0.2755 -0.9181
vn 0.2559 0.2761 -0.9265
vn 0.2557 0.2747 -0.9269
vn 0.2559 0.2749 -0.9268
vn 0.2560 0.2761 -0.9264
vn 0.2682 0.2109 -0.9400
vn 0.2678 0.2072 -0.9409
vn 0.2681 0.2080 -0.9407
vn 0.2995 0.2131 -0.9300
vn 0.2999 0.2182 -0.9287
vn 0.2996 0.2172 -0.9290
vn 0.2992 0.2113 -0.9305
vn 0.2851 0.2755 -0.9181
vn 0.3320 0.2325 -0.9142
vn 0.3319 0.2327 -0.9142
vn 0.3328 0.2284 -0.9149
vn 0.3155 0.2813 -0.9063
vn 0.3157 0.2884 -0.9039
vn 0.3154 0.2867 -0.9046
vn 0.3329 0.2283 -0.9149
vn 0.3637 0.2728 -0.8907
vn 0.3634 0.2782 -0.8891
vn 0.3635 0.2746 -0.8902
vn 0.3153 0.2756 -0.9081
vn 0.3375 0.3350 -0.8797
vn 0.3373 0.3348 -0.8799
vn 0.3373 0.3349 -0.8798
vn 0.3376 0.3350 -0.8797
vn 0.3640 0.2681 -0.8920
vn 0.3864 0.3490 -0.8538
vn 0.3872 0.3436 -0.8556
vn 0.3864 0.3492 -0.8536
vn 0.3858 0.3540 -0.8520
vn 0.3461 0.4126 -0.8426
vn 0.3464 0.4147 -0.8415
vn 0.3464 0.4145 -0.8415
vn 0.3461 0.4124 -0.8427
vn 0.3030 0.4503 -0.8399
vn 0.3025 0.4542 -0.8380
vn 0.3025 0.4541 -0.8380
vn 0.3038 0.5198 -0.7984
vn 0.3032 0.5213 -0.7977
vn 0.3046 0.5170 -0.7999
vn 0.3534 0.4823 -0.8015
vn 0.3544 0.4795 -0.8028
vn 0.3529 0.4849 -0.8002
vn 0.3520 0.4876 -0.7990
vn 0.4734 0.5006 -0.7248
vn 0.4699 0.5064 -0.7230
vn 0.4744 0.4952 -0.7278
vn 0.4175 0.4396 -0.7953
vn 0.4206 0.4261 -0.8009
vn 0.4169 0.4436 -0.7934
vn 0.4800 0.4777 -0.7358
vn 0.3580 0.5574 -0.7491
vn 0.3572 0.5589 -0.7483
vn 0.3586 0.5553 -0.7504
vn 0.5278 0.5530 -0.6447
vn 0.5255 0.5558 -0.6442
vn 0.5281 0.5517 -0.6455
vn 0.5314 0.5459 -0.6478
vn 0.3642 0.6441 -0.6727
vn 0.3628 0.6450 -0.6726
vn 0.3625 0.6454 -0.6724
vn 0.3595 0.5532 -0.7514
vn 0.3641 0.6443 -0.6725
vn 0.2985 0.6534 -0.6957
vn 0.2982 0.6536 -0.6956
vn 0.2987 0.6529 -0.6961
vn 0.3771 0.7012 -0.6051
vn 0.3794 0.7028 -0.6018
vn 0.3798 0.7022 -0.6022
vn 0.2907 0.7131 -0.6379
vn 0.2904 0.7128 -0.6385
vn 0.2903 0.7128 -0.6384
vn 0.2991 0.6525 -0.6963
vn 0.2906 0.7132 -0.6379
vn 0.2781 0.7669 -0.5784
vn 0.2783 0.7676 -0.5773
vn 0.2784 0.7675 -0.5774
vn 0.2275 0.7764 -0.5878
vn 0.2275 0.7763 -0.5879
vn 0.2272 0.7771 -0.5870
vn 0.2397 0.7261 -0.6444
vn 0.2395 0.7258 -0.6449
vn 0.2394 0.7258 -0.6449
vn 0.2273 0.7771 -0.5869
vn 0.1962 0.7304 -0.6542
vn 0.1963 0.7305 -0.6541
vn 0.1963 0.7301 -0.6545
vn 0.1833 0.7813 -0.5967
vn 0.1833 0.7812 -0.5967
vn 0.1831 0.7818 -0.5961
vn 0.2396 0.7262 -0.6444
vn 0.1963 0.7301 -0.6546
vn 0.2123 0.8206 -0.5306
vn 0.2122 0.8207 -0.5305
vn 0.2122 0.8208 -0.5304
vn 0.2123 0.8208 -0.5304
vn 0.1684 0.8249 -0.5395
vn 0.1683 0.8250 -0.5395
vn 0.1684 0.8250 -0.5395
vn 0.1832 0.7818 -0.5960
vn 0.1684 0.8251 -0.5394
vn 0.1436 0.7836 -0.6044
vn 0.1436 0.7837 -0.6043
vn 0.1438 0.7833 -0.6048
vn 0.1288 0.8275 -0.5465
vn 0.1288 0.8274 -0.5466
vn 0.1286 0.8278 -0.5461
vn 0.1516 0.8618 -0.4841
vn 0.1517 0.8618 -0.4841
vn 0.1516 0.8621 -0.4836
vn 0.1515 0.8621 -0.4836
vn 0.1287 0.8277 -0.5462
vn 0.1128 0.8645 -0.4898
vn 0.1129 0.8643 -0.4901
vn 0.1330 0.8942 -0.4274
vn 0.1328 0.8942 -0.4275
vn 0.1331 0.8934 -0.4292
vn 0.1332 0.8934 -0.4292
vn 0.0953 0.8967 -0.4323
vn 0.1741 0.8901 -0.4212
vn 0.1744 0.8901 -0.4212
vn 0.1740 0.8910 -0.4194
vn 0.1516 0.9187 -0.3648
vn 0.1513 0.9187 -0.3648
vn 0.1519 0.9173 -0.3681
vn 0.1125 0.9214 -0.3719
vn 0.1522 0.9173 -0.3680
vn 0.2211 0.8858 -0.4080
vn 0.2212 0.8873 -0.4047
vn 0.2209 0.8871 -0.4053
vn 0.2207 0.8856 -0.4087
vn 0.1739 0.8910 -0.4193
vn 0.1950 0.9149 -0.3536
vn 0.1954 0.9148 -0.3535
vn 0.1945 0.9164 -0.3499
vn 0.1941 0.9165 -0.3499
vn 0.3235 0.8658 -0.3819
vn 0.3248 0.8654 -0.3815
vn 0.3229 0.8697 -0.3733
vn 0.2742 0.9048 -0.3257
vn 0.2748 0.8986 -0.3419
vn 0.2759 0.9003 -0.3367
vn 0.2438 0.8532 -0.4612
vn 0.2438 0.8532 -0.4611
vn 0.2438 0.8534 -0.4606
vn 0.1946 0.8579 -0.4755
vn 0.1947 0.8579 -0.4754
vn 0.1945 0.8585 -0.4744
vn 0.1944 0.8586 -0.4744
vn 0.3623 0.8283 -0.4274
vn 0.3629 0.8298 -0.4240
vn 0.3622 0.8297 -0.4248
vn 0.3218 0.8699 -0.3737
vn 0.2437 0.8535 -0.4607
vn 0.3615 0.8282 -0.4284
vn 0.4778 0.7803 -0.4035
vn 0.5087 0.7341 -0.4499
vn 0.5086 0.7341 -0.4500
vn 0.5087 0.7344 -0.4494
vn 0.3880 0.7859 -0.4815
vn 0.3874 0.7852 -0.4831
vn 0.3873 0.7854 -0.4828
vn 0.5085 0.7344 -0.4495
vn 0.3930 0.7414 -0.5439
vn 0.3919 0.7411 -0.5451
vn 0.3918 0.7441 -0.5411
vn 0.5280 0.6893 -0.4961
vn 0.5281 0.6892 -0.4961
vn 0.5281 0.6892 -0.4962
vn 0.3930 0.7439 -0.5405
vn 0.3876 0.7862 -0.4813
vn 0.2625 0.8144 -0.5174
vn 0.2625 0.8144 -0.5176
vn 0.2622 0.8151 -0.5166
vn 0.2783 0.7668 -0.5784
vn 0.5279 0.6892 -0.4963
vn 0.5393 0.6304 -0.5584
vn 0.5403 0.6296 -0.5583
vn 0.5395 0.6300 -0.5587
vn 0.3777 0.7004 -0.6056
vn 0.6195 0.6113 -0.4924
vn 0.6196 0.6112 -0.4926
vn 0.6194 0.6113 -0.4926
vn 0.6349 0.5426 -0.5499
vn 0.6352 0.5424 -0.5499
vn 0.6349 0.5427 -0.5499
vn 0.6194 0.6116 -0.4923
vn 0.5388 0.6305 -0.5588
vn 0.2624 0.8151 -0.5164
vn 0.0918 0.8290 -0.5516
vn 0.0918 0.8290 -0.5517
vn 0.0919 0.8289 -0.5518
vn 0.0766 0.8661 -0.4939
vn 0.0919 0.8288 -0.5519
vn 0.1578 0.7310 -0.6639
vn 0.1578 0.7307 -0.6642
vn 0.1070 0.7839 -0.6116
vn 0.1070 0.7839 -0.6117
vn 0.1069 0.7841 -0.6114
vn 0.1068 0.7841 -0.6113
vn 0.2079 0.6708 -0.7119
vn 0.2080 0.6707 -0.7120
vn 0.2076 0.6712 -0.7116
vn 0.2497 0.6670 -0.7019
vn 0.2493 0.6675 -0.7017
vn 0.2492 0.6676 -0.7016
vn 0.2496 0.6671 -0.7020
vn 0.2075 0.6713 -0.7115
vn 0.3036 0.5852 -0.7519
vn 0.3030 0.5872 -0.7506
vn 0.3029 0.5872 -0.7506
vn 0.3035 0.5852 -0.7519
vn 0.2575 0.5995 -0.7578
vn 0.2570 0.6010 -0.7568
vn 0.2569 0.6010 -0.7569
vn 0.2620 0.5317 -0.8054
vn 0.2574 0.5995 -0.7579
vn 0.3053 0.5156 -0.8006
vn 0.6348 0.5429 -0.5498
vn 0.6329 0.4751 -0.6113
vn 0.6341 0.4726 -0.6120
vn 0.6330 0.4750 -0.6113
vn 0.6067 0.4248 -0.6719
vn 0.6089 0.4175 -0.6745
vn 0.6069 0.4244 -0.6719
vn 0.6321 0.4770 -0.6107
vn 0.5381 0.3192 -0.7801
vn 0.4147 0.4518 -0.7899
vn 0.6051 0.4306 -0.6696
vn 0.3029 0.4502 -0.8400
vn 0.3035 0.3752 -0.8758
vn 0.3041 0.3739 -0.8762
vn 0.3021 0.3813 -0.8737
vn 0.3007 0.3856 -0.8723
vn 0.0270 0.8985 -0.4382
vn 0.0076 0.8659 -0.5002
vn -0.0063 0.8986 -0.4388
vn -0.0063 0.8986 -0.4387
vn -0.0060 0.8980 -0.4399
vn -0.0198 0.9260 -0.3770
vn -0.0197 0.9258 -0.3776
vn 0.0120 0.9256 -0.3784
vn 0.0119 0.9256 -0.3784
vn 0.0116 0.9263 -0.3767
vn 0.0115 0.9263 -0.3767
vn -0.0196 0.9257 -0.3777
vn -0.0397 0.8968 -0.4406
vn -0.0397 0.8968 -0.4407
vn -0.0398 0.8970 -0.4403
vn -0.0518 0.9248 -0.3768
vn -0.0518 0.9249 -0.3768
vn -0.0517 0.9246 -0.3774
vn -0.0398 0.8969 -0.4403
vn -0.0329 0.9483 -0.3156
vn -0.0326 0.9479 -0.3169
vn -0.0326 0.9479 -0.3170
vn -0.0517 0.9246 -0.3775
vn -0.0624 0.9470 -0.3152
vn -0.0622 0.9471 -0.3149
vn -0.0622 0.9467 -0.3159
vn -0.0449 0.9654 -0.2567
vn -0.0450 0.9655 -0.2566
vn -0.0448 0.9652 -0.2576
vn -0.0446 0.9651 -0.2579
vn -0.0625 0.9467 -0.3161
vn -0.0727 0.9642 -0.2550
vn -0.0727 0.9642 -0.2549
vn -0.0726 0.9640 -0.2556
vn -0.0557 0.9778 -0.2020
vn -0.0557 0.9778 -0.2019
vn -0.0553 0.9775 -0.2037
vn -0.0553 0.9774 -0.2038
vn -0.0812 0.9762 -0.2010
vn -0.0812 0.9762 -0.2011
vn -0.0811 0.9761 -0.2017
vn -0.0726 0.9640 -0.2557
vn -0.0647 0.9861 -0.1528
vn -0.0646 0.9861 -0.1532
vn -0.0646 0.9861 -0.1533
vn -0.0885 0.9846 -0.1507
vn -0.0885 0.9846 -0.1506
vn -0.0883 0.9845 -0.1515
vn -0.0720 0.9916 -0.1079
vn -0.0718 0.9915 -0.1086
vn -0.0883 0.9845 -0.1516
vn -0.0947 0.9898 -0.1065
vn -0.0946 0.9898 -0.1066
vn -0.0945 0.9898 -0.1066
vn -0.0718 0.9915 -0.1087
vn -0.0775 0.9946 -0.0691
vn -0.0777 0.9946 -0.0693
vn -0.0946 0.9898 -0.1063
vn -0.0989 0.9927 -0.0684
vn -0.0990 0.9928 -0.0681
vn -0.0988 0.9927 -0.0686
vn -0.0773 0.9946 -0.0696
vn -0.0809 0.9959 -0.0398
vn -0.0809 0.9959 -0.0397
vn -0.0809 0.9959 -0.0395
vn -0.0601 0.9974 -0.0395
vn -0.0600 0.9974 -0.0396
vn -0.0601 0.9974 -0.0399
vn -0.0601 0.9974 -0.0400
vn -0.0564 0.9959 -0.0704
vn -0.0565 0.9959 -0.0702
vn -0.0393 0.9984 -0.0395
vn -0.0392 0.9985 -0.0391
vn -0.0392 0.9985 -0.0392
vn -0.0391 0.9985 -0.0393
vn -0.0354 0.9969 -0.0710
vn -0.0354 0.9968 -0.0710
vn -0.0354 0.9969 -0.0708
vn -0.0502 0.9926 -0.1105
vn -0.0502 0.9927 -0.1098
vn -0.0502 0.9927 -0.1100
vn -0.0280 0.9934 -0.1116
vn -0.0280 0.9932 -0.1127
vn -0.0280 0.9932 -0.1126
vn -0.0354 0.9969 -0.0705
vn -0.0049 0.9935 -0.1140
vn -0.0049 0.9935 -0.1139
vn -0.0047 0.9934 -0.1148
vn 0.0079 0.9865 -0.1638
vn 0.0080 0.9864 -0.1639
vn 0.0074 0.9869 -0.1611
vn -0.0176 0.9872 -0.1585
vn -0.0177 0.9872 -0.1584
vn -0.0173 0.9870 -0.1600
vn -0.0172 0.9869 -0.1601
vn 0.0188 0.9932 -0.1153
vn 0.0188 0.9929 -0.1171
vn 0.0189 0.9930 -0.1169
vn 0.0189 0.9932 -0.1150
vn 0.0095 0.9974 -0.0713
vn 0.0095 0.9974 -0.0715
vn 0.0091 0.9975 -0.0703
vn -0.0132 0.9974 -0.0710
vn -0.0133 0.9973 -0.0717
vn -0.0132 0.9974 -0.0706
vn 0.0091 0.9975 -0.0702
vn 0.0319 0.9971 -0.0695
vn 0.0323 0.9970 -0.0701
vn 0.0313 0.9972 -0.0676
vn 0.0431 0.9917 -0.1211
vn 0.0433 0.9922 -0.1169
vn 0.0429 0.9921 -0.1179
vn 0.0430 0.9917 -0.1216
vn 0.0312 0.9972 -0.0673
vn 0.0564 0.9961 -0.0673
vn 0.0560 0.9962 -0.0663
vn 0.0575 0.9959 -0.0704
vn 0.0315 0.9988 -0.0383
vn 0.0592 0.9974 -0.0407
vn 0.0593 0.9975 -0.0379
vn 0.0593 0.9975 -0.0381
vn 0.0871 0.9918 -0.0930
vn 0.0869 0.9919 -0.0930
vn 0.0871 0.9918 -0.0931
vn 0.0875 0.9918 -0.0929
vn 0.0588 0.9956 -0.0733
vn 0.0592 0.9974 -0.0410
vn 0.0937 0.9939 -0.0573
vn 0.0927 0.9942 -0.0541
vn 0.0941 0.9938 -0.0588
vn 0.0952 0.9935 -0.0627
vn 0.1548 0.9863 -0.0576
vn 0.1573 0.9854 -0.0658
vn 0.1540 0.9865 -0.0550
vn 0.1325 0.9866 -0.0949
vn 0.1311 0.9873 -0.0897
vn 0.1324 0.9866 -0.0948
vn 0.1515 0.9873 -0.0473
vn 0.1030 0.9942 -0.0317
vn 0.1022 0.9942 -0.0344
vn 0.1022 0.9942 -0.0339
vn 0.1030 0.9942 -0.0311
vn 0.1807 0.9831 -0.0299
vn 0.1828 0.9825 -0.0357
vn 0.1794 0.9834 -0.0263
vn 0.1774 0.9839 -0.0207
vn 0.1173 0.9930 -0.0147
vn 0.1337 0.9859 -0.1002
vn 0.1159 0.9840 -0.1354
vn 0.1147 0.9849 -0.1298
vn 0.1153 0.9843 -0.1334
vn 0.0695 0.9902 -0.1213
vn 0.0691 0.9910 -0.1143
vn 0.0691 0.9907 -0.1176
vn 0.0908 0.9822 -0.1642
vn 0.0899 0.9838 -0.1548
vn 0.0900 0.9832 -0.1589
vn 0.1162 0.9835 -0.1388
vn 0.0692 0.9901 -0.1223
vn 0.0616 0.9837 -0.1689
vn 0.0619 0.9837 -0.1690
vn 0.0610 0.9843 -0.1654
vn 0.0905 0.9819 -0.1663
vn 0.0608 0.9844 -0.1654
vn 0.0334 0.9860 -0.1634
vn 0.0332 0.9860 -0.1633
vn 0.0339 0.9854 -0.1668
vn 0.0827 0.9730 -0.2153
vn 0.0518 0.9747 -0.2174
vn 0.0521 0.9747 -0.2174
vn 0.0513 0.9756 -0.2133
vn 0.0510 0.9757 -0.2133
vn 0.0227 0.9771 -0.2118
vn 0.0225 0.9771 -0.2117
vn 0.0231 0.9764 -0.2149
vn 0.0716 0.9608 -0.2679
vn 0.0402 0.9627 -0.2675
vn 0.0404 0.9627 -0.2675
vn 0.0399 0.9637 -0.2641
vn 0.0396 0.9637 -0.2640
vn 0.0105 0.9651 -0.2617
vn 0.0103 0.9651 -0.2617
vn 0.0108 0.9643 -0.2645
vn 0.0590 0.9447 -0.3226
vn 0.0271 0.9467 -0.3208
vn 0.0272 0.9467 -0.3209
vn 0.0268 0.9476 -0.3183
vn 0.0266 0.9476 -0.3182
vn 0.0109 0.9643 -0.2646
vn -0.0031 0.9478 -0.3187
vn -0.0030 0.9478 -0.3188
vn -0.0034 0.9486 -0.3164
vn -0.0176 0.9658 -0.2588
vn -0.0178 0.9658 -0.2587
vn -0.0173 0.9652 -0.2609
vn -0.0035 0.9486 -0.3164
vn -0.0045 0.9780 -0.2086
vn -0.0046 0.9780 -0.2085
vn -0.0041 0.9774 -0.2113
vn -0.0172 0.9652 -0.2610
vn -0.0303 0.9782 -0.2053
vn -0.0304 0.9783 -0.2051
vn -0.0301 0.9780 -0.2065
vn -0.0040 0.9774 -0.2114
vn 0.0233 0.9763 -0.2150
vn 0.0341 0.9854 -0.1669
vn 0.0073 0.9869 -0.1610
vn -0.0414 0.9870 -0.1552
vn -0.0414 0.9870 -0.1550
vn -0.0410 0.9868 -0.1568
vn -0.0301 0.9780 -0.2066
vn -0.0133 0.9974 -0.0705
vn -0.0410 0.9868 -0.1569
vn -0.0619 0.9979 -0.0167
vn -0.0617 0.9979 -0.0172
vn -0.0619 0.9979 -0.0165
vn -0.0402 0.9991 -0.0165
vn -0.0401 0.9991 -0.0167
vn -0.0406 0.9991 -0.0152
vn -0.0407 0.9991 -0.0150
vn -0.0810 0.9959 -0.0395
vn -0.0619 0.9979 -0.0164
vn -0.0829 0.9964 -0.0173
vn -0.0830 0.9964 -0.0170
vn -0.1043 0.9944 -0.0168
vn -0.1041 0.9944 -0.0172
vn -0.1041 0.9944 -0.0174
vn -0.1021 0.9940 -0.0388
vn -0.1021 0.9940 -0.0390
vn -0.0828 0.9964 -0.0175
vn -0.1058 0.9944 -0.0020
vn -0.1057 0.9944 -0.0008
vn -0.1059 0.9944 -0.0003
vn -0.1042 0.9944 -0.0174
vn -0.0834 0.9965 -0.0017
vn -0.0838 0.9965 -0.0011
vn -0.0839 0.9965 -0.0003
vn -0.0847 0.9963 0.0120
vn -0.0840 0.9964 0.0104
vn -0.0613 0.9981 0.0114
vn -0.0614 0.9981 -0.0006
vn -0.0625 0.9980 0.0124
vn -0.0620 0.9981 -0.0006
vn -0.0621 0.9979 0.0201
vn -0.0842 0.9963 0.0191
vn -0.0847 0.9962 0.0196
vn -0.0611 0.9979 0.0195
vn -0.0613 0.9978 0.0252
vn -0.0843 0.9961 0.0244
vn -0.0846 0.9961 0.0245
vn -0.0608 0.9978 0.0251
vn -0.0606 0.9978 0.0273
vn -0.0838 0.9961 0.0265
vn -0.0843 0.9961 0.0262
vn -0.0603 0.9978 0.0271
vn -0.0602 0.9978 0.0270
vn -0.0844 0.9961 0.0263
vn -0.0839 0.9961 0.0268
vn -0.0607 0.9977 0.0291
vn -0.0598 0.9978 0.0290
vn -0.0840 0.9960 0.0295
vn -0.0842 0.9960 0.0308
vn -0.1076 0.9939 0.0254
vn -0.1078 0.9938 0.0260
vn -0.1077 0.9939 0.0256
vn -0.1080 0.9938 0.0270
vn -0.1079 0.9938 0.0277
vn -0.0842 0.9958 0.0349
vn -0.1080 0.9937 0.0314
vn -0.1079 0.9936 0.0329
vn -0.0846 0.9959 0.0328
vn -0.0846 0.9954 0.0441
vn -0.1070 0.9934 0.0404
vn -0.1076 0.9933 0.0424
vn -0.0859 0.9955 0.0412
vn -0.0848 0.9947 0.0577
vn -0.1070 0.9928 0.0537
vn -0.1074 0.9927 0.0555
vn -0.0850 0.9948 0.0559
vn -0.0849 0.9948 0.0555
vn -0.1062 0.9918 0.0713
vn -0.1062 0.9918 0.0711
vn -0.1070 0.9928 0.0541
vn -0.0847 0.9937 0.0729
vn -0.0848 0.9937 0.0734
vn -0.0847 0.9937 0.0732
vn -0.1289 0.9893 0.0683
vn -0.1289 0.9893 0.0686
vn -0.1304 0.9901 0.0526
vn -0.1300 0.9902 0.0519
vn -0.1299 0.9902 0.0515
vn -0.1299 0.9908 0.0384
vn -0.1061 0.9918 0.0711
vn -0.1530 0.9871 0.0481
vn -0.1535 0.9875 0.0359
vn -0.1541 0.9868 0.0490
vn -0.1552 0.9872 0.0368
vn -0.1550 0.9875 0.0283
vn -0.1309 0.9906 0.0398
vn -0.1561 0.9873 0.0288
vn -0.1562 0.9874 0.0244
vn -0.1306 0.9910 0.0304
vn -0.1313 0.9908 0.0312
vn -0.1569 0.9873 0.0244
vn -0.1570 0.9873 0.0235
vn -0.1312 0.9910 0.0255
vn -0.1319 0.9909 0.0258
vn -0.1571 0.9873 0.0235
vn -0.1574 0.9872 0.0241
vn -0.1320 0.9909 0.0247
vn -0.1322 0.9909 0.0248
vn -0.1571 0.9873 0.0246
vn -0.1568 0.9873 0.0241
vn -0.1322 0.9909 0.0249
vn -0.1321 0.9909 0.0245
vn -0.1330 0.9908 0.0241
vn -0.1322 0.9909 0.0247
vn -0.1554 0.9876 0.0233
vn -0.1546 0.9877 0.0229
vn -0.1331 0.9909 0.0213
vn -0.1074 0.9939 0.0238
vn -0.1075 0.9939 0.0256
vn -0.1073 0.9939 0.0241
vn -0.1328 0.9909 0.0200
vn -0.1323 0.9911 0.0114
vn -0.1064 0.9941 0.0189
vn -0.1063 0.9941 0.0199
vn -0.1311 0.9913 0.0135
vn -0.1307 0.9914 -0.0011
vn -0.1061 0.9943 0.0103
vn -0.1064 0.9942 0.0124
vn -0.1285 0.9917 0.0003
vn -0.1287 0.9917 0.0005
vn -0.1496 0.9887 -0.0138
vn -0.1496 0.9887 -0.0136
vn -0.1494 0.9887 -0.0148
vn -0.1493 0.9887 -0.0150
vn -0.1504 0.9886 -0.0003
vn -0.1519 0.9884 0.0022
vn -0.1517 0.9884 0.0013
vn -0.1269 0.9918 -0.0158
vn -0.1268 0.9918 -0.0161
vn -0.1271 0.9918 -0.0158
vn -0.1468 0.9885 -0.0364
vn -0.1469 0.9885 -0.0364
vn -0.1470 0.9885 -0.0356
vn -0.1470 0.9885 -0.0355
vn -0.1249 0.9914 -0.0380
vn -0.1245 0.9915 -0.0379
vn -0.1246 0.9915 -0.0373
vn -0.1265 0.9918 -0.0161
vn -0.1218 0.9903 -0.0669
vn -0.1216 0.9903 -0.0673
vn -0.1216 0.9903 -0.0675
vn -0.1443 0.9874 -0.0654
vn -0.1444 0.9874 -0.0652
vn -0.1440 0.9874 -0.0655
vn -0.1443 0.9873 -0.0659
vn -0.1246 0.9915 -0.0374
vn -0.1413 0.9844 -0.1047
vn -0.1411 0.9845 -0.1040
vn -0.1413 0.9844 -0.1048
vn -0.1673 0.9838 -0.0637
vn -0.1673 0.9839 -0.0636
vn -0.1671 0.9838 -0.0646
vn -0.1649 0.9808 -0.1041
vn -0.1651 0.9808 -0.1039
vn -0.1649 0.9808 -0.1042
vn -0.1638 0.9751 -0.1497
vn -0.1910 0.9697 -0.1520
vn -0.1909 0.9697 -0.1522
vn -0.1910 0.9698 -0.1518
vn -0.1911 0.9698 -0.1516
vn -0.1905 0.9761 -0.1042
vn -0.1908 0.9761 -0.1040
vn -0.1907 0.9761 -0.1041
vn -0.2210 0.9629 -0.1548
vn -0.2208 0.9629 -0.1551
vn -0.2214 0.9632 -0.1527
vn -0.2216 0.9632 -0.1524
vn -0.2186 0.9702 -0.1042
vn -0.2187 0.9702 -0.1041
vn -0.2188 0.9702 -0.1037
vn -0.1906 0.9762 -0.1039
vn -0.2188 0.9702 -0.1038
vn -0.1917 0.9795 -0.0618
vn -0.1917 0.9795 -0.0622
vn -0.1916 0.9795 -0.0629
vn -0.2189 0.9739 -0.0604
vn -0.2188 0.9739 -0.0604
vn -0.2187 0.9739 -0.0609
vn -0.1704 0.9848 -0.0336
vn -0.1701 0.9849 -0.0335
vn -0.1700 0.9849 -0.0330
vn -0.1699 0.9849 -0.0331
vn -0.1671 0.9838 -0.0647
vn -0.1944 0.9805 -0.0298
vn -0.1944 0.9805 -0.0295
vn -0.1942 0.9805 -0.0312
vn -0.1980 0.9802 -0.0079
vn -0.1979 0.9802 -0.0078
vn -0.1977 0.9802 -0.0090
vn -0.1942 0.9805 -0.0315
vn -0.1730 0.9849 -0.0113
vn -0.1730 0.9849 -0.0112
vn -0.1728 0.9849 -0.0122
vn -0.1728 0.9849 -0.0124
vn -0.2049 0.9787 0.0153
vn -0.2019 0.9794 0.0080
vn -0.2016 0.9795 0.0060
vn -0.1977 0.9802 -0.0091
vn -0.1807 0.9835 0.0106
vn -0.1760 0.9844 0.0048
vn -0.1758 0.9844 0.0036
vn -0.1767 0.9842 0.0061
vn -0.1810 0.9833 0.0194
vn -0.1509 0.9884 0.0161
vn -0.1482 0.9889 0.0084
vn -0.1518 0.9883 0.0174
vn -0.1795 0.9836 0.0162
vn -0.1821 0.9830 0.0234
vn -0.2074 0.9780 0.0214
vn -0.2024 0.9793 0.0096
vn -0.2100 0.9774 0.0247
vn -0.2068 0.9782 0.0183
vn -0.1819 0.9831 0.0221
vn -0.2119 0.9770 0.0252
vn -0.2103 0.9774 0.0233
vn -0.1832 0.9828 0.0243
vn -0.1835 0.9827 0.0241
vn -0.2128 0.9768 0.0243
vn -0.2121 0.9769 0.0238
vn -0.1839 0.9826 0.0245
vn -0.1845 0.9826 0.0220
vn -0.2122 0.9770 0.0200
vn -0.2125 0.9769 0.0207
vn -0.1836 0.9828 0.0219
vn -0.1833 0.9828 0.0224
vn -0.2104 0.9774 0.0196
vn -0.2118 0.9771 0.0205
vn -0.1824 0.9830 0.0222
vn -0.1823 0.9829 0.0260
vn -0.2078 0.9779 0.0224
vn -0.2101 0.9774 0.0229
vn -0.1805 0.9832 0.0256
vn -0.1805 0.9830 0.0334
vn -0.2046 0.9784 0.0288
vn -0.2076 0.9778 0.0295
vn -0.1782 0.9835 0.0327
vn -0.1784 0.9829 0.0451
vn -0.1771 0.9832 0.0444
vn -0.1774 0.9831 0.0455
vn -0.1516 0.9863 0.0650
vn -0.1516 0.9863 0.0649
vn -0.1518 0.9862 0.0658
vn -0.1533 0.9870 0.0492
vn -0.1518 0.9862 0.0659
vn -0.1748 0.9827 0.0606
vn -0.2384 0.9710 0.0186
vn -0.2419 0.9702 0.0166
vn -0.2414 0.9702 0.0197
vn -0.2439 0.9696 0.0190
vn -0.2782 0.9604 0.0135
vn -0.2811 0.9596 0.0153
vn -0.2810 0.9596 0.0168
vn -0.2820 0.9593 0.0170
vn -0.3247 0.9457 0.0131
vn -0.3252 0.9454 0.0228
vn -0.3256 0.9454 0.0152
vn -0.3249 0.9455 0.0222
vn -0.3782 0.9255 0.0187
vn -0.3831 0.9235 0.0181
vn -0.3787 0.9252 0.0232
vn -0.4471 0.8944 0.0146
vn -0.4476 0.8941 0.0165
vn -0.3783 0.9255 0.0205
vn -0.4457 0.8950 0.0191
vn -0.4445 0.8957 0.0153
vn -0.4386 0.8984 0.0202
vn -0.3740 0.9271 0.0264
vn -0.3727 0.9277 0.0204
vn -0.3244 0.9456 0.0267
vn -0.3199 0.9470 0.0278
vn -0.3208 0.9468 0.0241
vn -0.3139 0.9492 0.0210
vn -0.3637 0.9312 0.0228
vn -0.3635 0.9314 0.0169
vn -0.3591 0.9331 0.0184
vn -0.3584 0.9334 0.0154
vn -0.3136 0.9492 0.0254
vn -0.3098 0.9506 0.0197
vn -0.3476 0.9376 0.0070
vn -0.3473 0.9377 0.0074
vn -0.3466 0.9380 0.0042
vn -0.3469 0.9379 0.0039
vn -0.3102 0.9504 0.0222
vn -0.3009 0.9536 0.0094
vn -0.3010 0.9536 0.0092
vn -0.3016 0.9534 0.0119
vn -0.3349 0.9422 -0.0070
vn -0.3345 0.9424 -0.0066
vn -0.3338 0.9426 -0.0099
vn -0.3341 0.9425 -0.0102
vn -0.2918 0.9565 -0.0045
vn -0.2919 0.9564 -0.0048
vn -0.2924 0.9563 -0.0018
vn -0.3014 0.9534 0.0122
vn -0.2923 0.9563 -0.0014
vn -0.2671 0.9635 0.0190
vn -0.2634 0.9646 0.0126
vn -0.2630 0.9647 0.0100
vn -0.2564 0.9666 -0.0043
vn -0.2565 0.9665 -0.0047
vn -0.2568 0.9665 -0.0020
vn -0.2661 0.9639 0.0136
vn -0.2832 0.9587 -0.0251
vn -0.2833 0.9587 -0.0254
vn -0.2837 0.9587 -0.0223
vn -0.2836 0.9587 -0.0219
vn -0.2506 0.9677 -0.0266
vn -0.2506 0.9677 -0.0268
vn -0.2509 0.9677 -0.0247
vn -0.2568 0.9665 -0.0017
vn -0.2509 0.9677 -0.0245
vn -0.2214 0.9748 -0.0291
vn -0.2214 0.9747 -0.0294
vn -0.2217 0.9747 -0.0274
vn -0.2260 0.9741 -0.0044
vn -0.2259 0.9741 -0.0042
vn -0.2256 0.9742 -0.0063
vn -0.2256 0.9742 -0.0064
vn -0.2470 0.9672 -0.0593
vn -0.2470 0.9672 -0.0594
vn -0.2472 0.9672 -0.0582
vn -0.2216 0.9748 -0.0271
vn -0.2188 0.9739 -0.0610
vn -0.2472 0.9672 -0.0581
vn -0.2797 0.9539 -0.1092
vn -0.2795 0.9539 -0.1096
vn -0.2800 0.9540 -0.1068
vn -0.2483 0.9630 -0.1045
vn -0.2482 0.9630 -0.1051
vn -0.2804 0.9540 -0.1062
vn -0.2773 0.9593 -0.0539
vn -0.2772 0.9593 -0.0536
vn -0.2769 0.9592 -0.0565
vn -0.3158 0.9424 -0.1104
vn -0.3153 0.9424 -0.1114
vn -0.3160 0.9427 -0.1069
vn -0.3169 0.9428 -0.1035
vn -0.3117 0.9485 -0.0571
vn -0.3108 0.9490 -0.0528
vn -0.3109 0.9489 -0.0537
vn -0.3126 0.9480 -0.0596
vn -0.2770 0.9592 -0.0567
vn -0.3483 0.9338 -0.0814
vn -0.3485 0.9338 -0.0814
vn -0.3482 0.9339 -0.0816
vn -0.3666 0.9292 -0.0466
vn -0.3673 0.9287 -0.0518
vn -0.3669 0.9290 -0.0486
vn -0.3481 0.9339 -0.0816
vn -0.3215 0.9465 -0.0289
vn -0.3216 0.9464 -0.0292
vn -0.3223 0.9463 -0.0258
vn -0.3662 0.9295 -0.0440
vn -0.3220 0.9464 -0.0255
vn -0.4129 0.9065 -0.0876
vn -0.4125 0.9072 -0.0830
vn -0.4128 0.9067 -0.0866
vn -0.4407 0.8960 -0.0540
vn -0.4415 0.8953 -0.0599
vn -0.4412 0.8957 -0.0560
vn -0.4404 0.8964 -0.0506
vn -0.3847 0.9228 -0.0234
vn -0.3858 0.9221 -0.0290
vn -0.3852 0.9224 -0.0263
vn -0.4670 0.8838 -0.0303
vn -0.4662 0.8842 -0.0294
vn -0.4650 0.8847 -0.0316
vn -0.4028 0.9153 -0.0065
vn -0.4038 0.9148 -0.0115
vn -0.4035 0.9149 -0.0096
vn -0.3842 0.9230 -0.0213
vn -0.4658 0.8843 -0.0326
vn -0.4879 0.8729 -0.0109
vn -0.4889 0.8722 -0.0160
vn -0.4889 0.8722 -0.0142
vn -0.4879 0.8729 -0.0094
vn -0.4189 0.9080 0.0069
vn -0.4199 0.9076 0.0025
vn -0.4197 0.9076 0.0038
vn -0.4025 0.9154 -0.0048
vn -0.5338 0.8431 -0.0648
vn -0.5331 0.8439 -0.0593
vn -0.5331 0.8438 -0.0623
vn -0.5658 0.8237 -0.0372
vn -0.5644 0.8247 -0.0362
vn -0.5630 0.8256 -0.0384
vn -0.5337 0.8429 -0.0680
vn -0.5645 0.8245 -0.0397
vn -0.6039 0.7899 -0.1067
vn -0.6037 0.7908 -0.1009
vn -0.6032 0.7907 -0.1047
vn -0.6456 0.7601 -0.0736
vn -0.6451 0.7611 -0.0680
vn -0.6443 0.7615 -0.0704
vn -0.6447 0.7606 -0.0761
vn -0.4984 0.8616 -0.0960
vn -0.4981 0.8624 -0.0907
vn -0.4982 0.8619 -0.0949
vn -0.5561 0.8187 -0.1429
vn -0.5558 0.8189 -0.1430
vn -0.5552 0.8192 -0.1436
vn -0.4984 0.8611 -0.1004
vn -0.5557 0.8190 -0.1433
vn -0.6032 0.7899 -0.1108
vn -0.6120 0.7662 -0.1960
vn -0.6110 0.7667 -0.1972
vn -0.6108 0.7667 -0.1979
vn -0.6713 0.7246 -0.1555
vn -0.6116 0.7663 -0.1967
vn -0.5443 0.8053 -0.2349
vn -0.5456 0.8055 -0.2312
vn -0.5443 0.8048 -0.2368
vn -0.5014 0.8458 -0.1824
vn -0.5013 0.8462 -0.1805
vn -0.5017 0.8461 -0.1802
vn -0.4411 0.8704 -0.2187
vn -0.4411 0.8712 -0.2154
vn -0.4413 0.8712 -0.2152
vn -0.5017 0.8457 -0.1820
vn -0.5429 0.8046 -0.2406
vn -0.4728 0.8389 -0.2697
vn -0.4741 0.8390 -0.2671
vn -0.4726 0.8380 -0.2727
vn -0.4002 0.8655 -0.3013
vn -0.4008 0.8666 -0.2971
vn -0.4012 0.8666 -0.2968
vn -0.4713 0.8379 -0.2752
vn -0.4005 0.8655 -0.3008
vn -0.3780 0.8924 -0.2464
vn -0.3782 0.8934 -0.2423
vn -0.3785 0.8933 -0.2422
vn -0.4414 0.8703 -0.2184
vn -0.4093 0.8963 -0.1709
vn -0.4083 0.8959 -0.1749
vn -0.4091 0.8969 -0.1682
vn -0.3555 0.9133 -0.1985
vn -0.3555 0.9142 -0.1947
vn -0.3556 0.9141 -0.1946
vn -0.3783 0.8923 -0.2462
vn -0.3059 0.9289 -0.2087
vn -0.3051 0.9289 -0.2098
vn -0.3062 0.9297 -0.2048
vn -0.3071 0.9297 -0.2033
vn -0.3218 0.9116 -0.2558
vn -0.3229 0.9117 -0.2541
vn -0.3214 0.9105 -0.2602
vn -0.3558 0.9133 -0.1984
vn -0.2913 0.9432 -0.1599
vn -0.2907 0.9432 -0.1608
vn -0.2917 0.9437 -0.1561
vn -0.2924 0.9437 -0.1548
vn -0.3343 0.9297 -0.1549
vn -0.3335 0.9296 -0.1567
vn -0.3343 0.9303 -0.1509
vn -0.2633 0.9423 -0.2065
vn -0.2640 0.9423 -0.2057
vn -0.2629 0.9417 -0.2100
vn -0.2731 0.9260 -0.2606
vn -0.2738 0.9260 -0.2598
vn -0.2726 0.9252 -0.2639
vn -0.2623 0.9417 -0.2106
vn -0.3203 0.9105 -0.2615
vn -0.2833 0.9052 -0.3168
vn -0.2720 0.9252 -0.2646
vn -0.3370 0.8883 -0.3119
vn -0.3381 0.8884 -0.3105
vn -0.3364 0.8871 -0.3159
vn -0.3354 0.8871 -0.3170
vn -0.2317 0.9375 -0.2597
vn -0.2255 0.9519 -0.2075
vn -0.2253 0.9519 -0.2078
vn -0.2259 0.9523 -0.2053
vn -0.2263 0.9523 -0.2049
vn -0.2542 0.9543 -0.1571
vn -0.2539 0.9543 -0.1575
vn -0.2545 0.9546 -0.1548
vn -0.2549 0.9546 -0.1544
vn -0.4098 0.8974 -0.1637
vn -0.3353 0.9305 -0.1475
vn -0.3788 0.9168 -0.1264
vn -0.3783 0.9166 -0.1297
vn -0.3786 0.9171 -0.1252
vn -0.3787 0.9175 -0.1217
vn -0.4129 0.9062 -0.0911
vn -0.4578 0.8792 -0.1318
vn -0.4580 0.8790 -0.1324
vn -0.4576 0.8792 -0.1325
vn -0.3506 0.8608 -0.3688
vn -0.4197 0.8341 -0.3579
vn -0.4183 0.8342 -0.3592
vn -0.4202 0.8352 -0.3547
vn -0.4213 0.8352 -0.3535
vn -0.5004 0.8002 -0.3306
vn -0.4990 0.8003 -0.3324
vn -0.5007 0.8010 -0.3280
vn -0.4357 0.7994 -0.4136
vn -0.5222 0.7576 -0.3916
vn -0.5021 0.8009 -0.3262
vn -0.5835 0.7574 -0.2930
vn -0.5821 0.7574 -0.2958
vn -0.5817 0.7574 -0.2967
vn -0.4573 0.8795 -0.1319
vn -0.2483 0.9630 -0.1050
vn -0.2724 0.9619 0.0252
vn -0.2377 0.9710 0.0235
vn -0.2343 0.9720 0.0167
vn -0.2327 0.9725 0.0119
vn -0.2306 0.9730 0.0086
vn -0.2378 0.9711 0.0207
vn -0.2772 0.9604 0.0276
vn -0.2725 0.9619 0.0217
vn -0.2413 0.9701 0.0262
vn -0.2418 0.9700 0.0244
vn -0.2810 0.9593 0.0268
vn -0.2780 0.9603 0.0248
vn -0.2439 0.9694 0.0263
vn -0.2442 0.9694 0.0235
vn -0.2820 0.9591 0.0241
vn -0.2812 0.9594 0.0231
vn -0.2433 0.9697 0.0229
vn -0.2446 0.9694 0.0191
vn -0.2442 0.9696 0.0179
vn -0.2308 0.9729 0.0105
vn -0.4187 0.9081 0.0082
vn -0.4360 0.8999 0.0112
vn -0.4323 0.9016 0.0154
vn -0.4331 0.9013 0.0118
vn -0.1927 0.9601 -0.2024
vn -0.1179 0.9874 -0.1052
vn -0.1179 0.9874 -0.1059
vn -0.1180 0.9874 -0.1059
vn -0.1180 0.9874 -0.1052
vn -0.1289 0.9893 0.0687
vn -0.0989 0.9927 -0.0685
vn -0.0622 0.9981 -0.0004
vn 0.0440 0.9245 -0.3785
vn 0.1276 0.9418 -0.3110
vn 0.2755 0.9061 -0.3211
vn 0.3186 0.9193 -0.2309
vn 0.3208 0.9144 -0.2471
vn 0.3206 0.9165 -0.2391
vn 0.3897 0.8710 -0.2993
vn 0.3897 0.8738 -0.2909
vn 0.3890 0.8729 -0.2944
vn 0.3890 0.8700 -0.3031
vn 0.3184 0.9214 -0.2229
vn 0.1976 0.9803 -0.0026
vn 0.1984 0.9801 -0.0047
vn 0.1969 0.9804 -0.0007
vn 0.1961 0.9806 0.0013
vn 0.2122 0.9772 0.0041
vn 0.2102 0.9777 0.0036
vn 0.2087 0.9780 0.0071
vn 0.2137 0.9768 0.0126
vn 0.0187 0.9994 0.0306
vn 0.0190 0.9994 0.0303
vn 0.0179 0.9994 0.0306
vn 0.0177 0.9994 0.0284
vn 0.0158 0.9996 0.0235
vn 0.0159 0.9995 0.0291
vn 0.0362 0.9993 0.0052
vn -0.1963 0.9741 0.1119
vn 0.2402 0.8448 -0.4781
vn 0.2893 0.8903 -0.3517
vn 0.8687 -0.4899 0.0730
vn 0.7913 -0.6099 0.0432
vn 0.7907 -0.6105 0.0455
vn 0.7890 -0.6127 0.0448
vn 0.8035 -0.5951 0.0154
vn 0.8039 -0.5946 0.0138
vn 0.8046 -0.5937 0.0140
vn 0.8043 -0.5940 0.0152
vn 0.8356 -0.5360 0.1202
vn 0.8358 -0.5357 0.1206
vn 0.8380 -0.5321 0.1211
vn 0.7646 -0.6397 0.0783
vn 0.7639 -0.6404 0.0797
vn 0.7619 -0.6429 0.0786
vn 0.7896 -0.6121 0.0427
vn 0.8377 -0.5326 0.1211
vn 0.8422 -0.4886 0.2282
vn 0.8410 -0.4897 0.2300
vn 0.8429 -0.4870 0.2289
vn 0.7919 -0.5874 0.1669
vn 0.7921 -0.5874 0.1656
vn 0.7903 -0.5900 0.1657
vn 0.8928 -0.4148 0.1755
vn 0.8922 -0.4156 0.1770
vn 0.8940 -0.4118 0.1765
vn 0.8437 -0.4863 0.2274
vn 0.8727 -0.3846 0.3008
vn 0.8721 -0.3854 0.3014
vn 0.8728 -0.3843 0.3009
vn 0.9244 -0.2910 0.2468
vn 0.9238 -0.2919 0.2476
vn 0.9245 -0.2904 0.2470
vn 0.8944 -0.4115 0.1753
vn 0.8732 -0.3837 0.3005
vn 0.9265 -0.1787 0.3312
vn 0.9266 -0.1771 0.3316
vn 0.9262 -0.1786 0.3320
vn 0.8788 -0.2890 0.3797
vn 0.8784 -0.2893 0.3805
vn 0.8787 -0.2888 0.3801
vn 0.9248 -0.2897 0.2465
vn 0.9261 -0.1800 0.3317
vn 0.2236 0.9475 -0.2285
vn 0.2248 0.9485 -0.2232
vn 0.2246 0.9479 -0.2261
vn 0.3541 0.6753 -0.6470
vn 0.3540 0.6757 -0.6467
vn 0.2232 0.9468 -0.2317
vn -0.9249 0.2893 -0.2466
vn -0.9243 0.2902 -0.2478
vn -0.9251 0.2888 -0.2467
vn -0.9265 0.1760 -0.3326
vn -0.9265 0.1757 -0.3329
vn -0.9269 0.1753 -0.3318
vn -0.9255 0.2883 -0.2457
vn -0.8725 0.3851 -0.3007
vn -0.8720 0.3856 -0.3014
vn -0.8726 0.3848 -0.3007
vn -0.8784 0.2900 -0.3799
vn -0.8784 0.2896 -0.3801
vn -0.8789 0.2893 -0.3793
vn -0.9269 0.1758 -0.3315
vn -0.8730 0.3845 -0.3001
vn -0.8789 0.2896 -0.3790
vn -0.8600 0.1967 -0.4708
vn -0.8594 0.1990 -0.4710
vn -0.8600 0.1951 -0.4715
vn -0.8609 0.1918 -0.4713
vn -0.9003 0.0818 -0.4275
vn -0.9003 0.0831 -0.4274
vn -0.8991 0.0819 -0.4301
vn -0.8992 0.0809 -0.4300
vn 0.0968 0.9948 -0.0309
vn 0.0955 0.9947 -0.0368
vn 0.0959 0.9949 -0.0325
vn 0.0971 0.9949 -0.0268
vn -0.3233 0.7256 0.6074
vn -0.3236 0.7256 0.6072
vn -0.3230 0.7252 0.6081
vn -0.3227 0.7252 0.6083
vn 0.8994 -0.0857 0.4286
vn 0.9007 -0.0862 0.4259
vn 0.9006 -0.0862 0.4260
vn 0.8995 -0.0853 0.4285
vn 0.0867 0.9961 0.0149
vn 0.0868 0.9960 0.0192
vn 0.0870 0.9961 0.0160
vn 0.8171 -0.1217 0.5635
vn 0.8155 -0.1203 0.5661
vn 0.8150 -0.1210 0.5667
vn 0.8596 -0.1987 0.4708
vn 0.8608 -0.1986 0.4686
vn 0.8604 -0.1997 0.4689
vn 0.8593 -0.1995 0.4710
vn 0.0867 0.9962 0.0113
vn 0.8017 -0.3116 0.5101
vn 0.8006 -0.3117 0.5118
vn 0.8012 -0.3106 0.5115
vn 0.8154 -0.3929 0.4251
vn 0.8162 -0.3924 0.4241
vn 0.8156 -0.3931 0.4247
vn 0.8793 -0.2883 0.3791
vn 0.8149 -0.3935 0.4255
vn 0.7349 -0.4923 0.4664
vn 0.7347 -0.4930 0.4660
vn 0.7355 -0.4923 0.4655
vn 0.7356 -0.4916 0.4660
vn 0.7271 -0.5640 0.3915
vn 0.7276 -0.5635 0.3912
vn 0.7270 -0.5640 0.3917
vn 0.8078 -0.4754 0.3485
vn 0.8072 -0.4758 0.3494
vn 0.8071 -0.4762 0.3491
vn 0.7264 -0.5645 0.3920
vn 0.7012 -0.6367 0.3210
vn 0.7026 -0.6358 0.3197
vn 0.7010 -0.6367 0.3213
vn 0.7784 -0.5634 0.2769
vn 0.7770 -0.5644 0.2787
vn 0.7788 -0.5627 0.2772
vn 0.8078 -0.4756 0.3481
vn 0.7800 -0.5618 0.2757
vn 0.7315 -0.6481 0.2120
vn 0.7304 -0.6486 0.2141
vn 0.7323 -0.6468 0.2129
vn 0.6614 -0.7050 0.2560
vn 0.6628 -0.7044 0.2540
vn 0.6612 -0.7052 0.2560
vn 0.7332 -0.6464 0.2110
vn 0.6994 -0.6377 0.3229
vn 0.6597 -0.7058 0.2581
vn 0.5829 -0.7572 0.2947
vn 0.5846 -0.7566 0.2929
vn 0.5831 -0.7567 0.2956
vn 0.6140 -0.7026 0.3597
vn 0.6123 -0.7034 0.3609
vn 0.6140 -0.7031 0.3588
vn 0.6152 -0.7025 0.3578
vn 0.5223 -0.7574 0.3918
vn 0.5236 -0.7576 0.3897
vn 0.5237 -0.7572 0.3904
vn 0.5374 -0.7093 0.4562
vn 0.5379 -0.7091 0.4560
vn 0.5373 -0.7091 0.4566
vn 0.6347 -0.6434 0.4280
vn 0.6342 -0.6438 0.4282
vn 0.6347 -0.6436 0.4277
vn 0.5225 -0.7569 0.3925
vn 0.5369 -0.7093 0.4568
vn 0.5415 -0.6571 0.5244
vn 0.5408 -0.6571 0.5251
vn 0.5412 -0.6568 0.5250
vn 0.5421 -0.6567 0.5243
vn 0.4450 -0.7143 0.5401
vn 0.4445 -0.7142 0.5406
vn 0.4448 -0.7141 0.5406
vn 0.4437 -0.7588 0.4768
vn 0.4440 -0.7588 0.4766
vn 0.4440 -0.7588 0.4765
vn 0.4438 -0.7587 0.4768
vn 0.3620 -0.7529 0.5496
vn 0.3614 -0.7527 0.5504
vn 0.3617 -0.7525 0.5503
vn 0.3637 -0.7932 0.4885
vn 0.3639 -0.7931 0.4885
vn 0.3637 -0.7929 0.4889
vn 0.4453 -0.7142 0.5400
vn 0.3624 -0.7528 0.5495
vn 0.3527 -0.7065 0.6136
vn 0.3528 -0.7068 0.6132
vn 0.3537 -0.7070 0.6124
vn 0.3537 -0.7067 0.6128
vn 0.4365 -0.6644 0.6067
vn 0.4376 -0.6646 0.6056
vn 0.4370 -0.6650 0.6057
vn 0.4359 -0.6648 0.6067
vn 0.2919 -0.7780 0.5563
vn 0.2920 -0.7780 0.5563
vn 0.2923 -0.7782 0.5558
vn 0.2830 -0.7334 0.6181
vn 0.2829 -0.7332 0.6183
vn 0.2821 -0.7329 0.6190
vn 0.2822 -0.7331 0.6188
vn 0.4198 -0.6097 0.6724
vn 0.4188 -0.6096 0.6730
vn 0.4194 -0.6091 0.6731
vn 0.5143 -0.5388 0.6673
vn 0.5145 -0.5367 0.6688
vn 0.5128 -0.5386 0.6685
vn 0.5340 -0.6004 0.5952
vn 0.5342 -0.5994 0.5961
vn 0.5327 -0.6001 0.5967
vn 0.5326 -0.6010 0.5959
vn 0.5125 -0.5405 0.6673
vn 0.6070 -0.4480 0.6564
vn 0.6083 -0.4478 0.6553
vn 0.6075 -0.4489 0.6553
vn 0.6065 -0.4489 0.6563
vn 0.6317 -0.5165 0.5780
vn 0.6313 -0.5181 0.5770
vn 0.6330 -0.5168 0.5764
vn 0.6333 -0.5151 0.5776
vn 0.6924 -0.3445 0.6339
vn 0.6938 -0.3445 0.6324
vn 0.6933 -0.3459 0.6323
vn 0.7238 -0.4185 0.5486
vn 0.7254 -0.4179 0.5470
vn 0.7243 -0.4193 0.5473
vn 0.6921 -0.3455 0.6338
vn 0.7633 -0.2330 0.6026
vn 0.7648 -0.2335 0.6005
vn 0.7647 -0.2345 0.6001
vn 0.7230 -0.4195 0.5488
vn 0.8026 -0.3101 0.5096
vn 0.7634 -0.2336 0.6022
vn 0.7053 -0.1632 0.6899
vn 0.7038 -0.1614 0.6918
vn 0.7026 -0.1624 0.6928
vn 0.8167 -0.1222 0.5640
vn 0.7508 -0.0579 0.6580
vn 0.7486 -0.0559 0.6607
vn 0.7471 -0.0602 0.6620
vn 0.7497 -0.0615 0.6590
vn 0.7042 -0.1640 0.6908
vn 0.6580 -0.0092 0.7530
vn 0.6602 -0.0109 0.7510
vn 0.6614 -0.0047 0.7500
vn 0.6244 -0.0953 0.7753
vn 0.6228 -0.0933 0.7768
vn 0.6209 -0.0966 0.7779
vn 0.6592 -0.0030 0.7520
vn -0.0940 0.9945 0.0457
vn -0.0942 0.9943 0.0493
vn -0.0937 0.9946 0.0444
vn 0.5576 0.0350 0.8293
vn 0.5559 0.0364 0.8305
vn 0.5551 0.0288 0.8313
vn -0.0498 0.9972 0.0557
vn -0.0523 0.9971 0.0550
vn -0.0501 0.9972 0.0556
vn -0.0935 0.9948 0.0404
vn -0.0472 0.9973 0.0560
vn 0.0081 0.9984 0.0553
vn 0.0082 0.9988 0.0486
vn 0.0080 0.9985 0.0547
vn 0.0080 0.9981 0.0608
vn -0.6595 0.0080 -0.7516
vn -0.6599 0.0113 -0.7513
vn -0.6574 0.0015 -0.7535
vn -0.6568 -0.0027 -0.7541
vn -0.7499 0.0553 -0.6592
vn -0.7488 0.0587 -0.6602
vn -0.7465 0.0566 -0.6629
vn -0.7477 0.0532 -0.6619
vn -0.7036 0.1598 -0.6924
vn -0.7037 0.1529 -0.6939
vn -0.7042 0.1638 -0.6908
vn -0.7041 0.1694 -0.6897
vn -0.7642 0.2343 -0.6009
vn -0.7633 0.2386 -0.6003
vn -0.7640 0.2319 -0.6021
vn -0.8149 0.1162 -0.5679
vn -0.8153 0.1123 -0.5680
vn -0.8154 0.1198 -0.5664
vn -0.8150 0.1228 -0.5664
vn -0.6930 0.3458 -0.6326
vn -0.6915 0.3500 -0.6319
vn -0.6928 0.3446 -0.6335
vn -0.6422 0.2706 -0.7172
vn -0.6428 0.2631 -0.7194
vn -0.6424 0.2724 -0.7163
vn -0.6418 0.2786 -0.7145
vn -0.7651 0.2266 -0.6028
vn -0.5731 0.1949 -0.7960
vn -0.5726 0.1863 -0.7984
vn -0.5737 0.1975 -0.7949
vn -0.5117 0.3011 -0.8047
vn -0.5116 0.3090 -0.8017
vn -0.5116 0.3010 -0.8048
vn -0.5116 0.2918 -0.8081
vn -0.5671 0.3768 -0.7324
vn -0.5663 0.3771 -0.7328
vn -0.5662 0.3769 -0.7330
vn -0.5669 0.3767 -0.7326
vn -0.4808 0.4721 -0.7389
vn -0.4813 0.4720 -0.7386
vn -0.4816 0.4713 -0.7389
vn -0.6073 0.4488 -0.6556
vn -0.6055 0.4522 -0.6548
vn -0.6069 0.4483 -0.6562
vn -0.6089 0.4442 -0.6572
vn -0.5125 0.5394 -0.6681
vn -0.5129 0.5391 -0.6680
vn -0.5138 0.5391 -0.6673
vn -0.5134 0.5394 -0.6675
vn -0.4810 0.4715 -0.7392
vn -0.3933 0.5471 -0.7389
vn -0.3921 0.5498 -0.7375
vn -0.3928 0.5477 -0.7387
vn -0.4195 0.6105 -0.6718
vn -0.4180 0.6115 -0.6719
vn -0.4190 0.6101 -0.6725
vn -0.3943 0.5445 -0.7403
vn -0.2846 0.5220 -0.8040
vn -0.2850 0.5221 -0.8039
vn -0.2849 0.5201 -0.8052
vn -0.3149 0.5926 -0.7413
vn -0.3144 0.5928 -0.7414
vn -0.3139 0.5935 -0.7411
vn -0.3143 0.5934 -0.7410
vn -0.3583 0.4746 -0.8040
vn -0.3577 0.4745 -0.8043
vn -0.3582 0.4766 -0.8028
vn -0.3587 0.4767 -0.8026
vn -0.3877 0.3269 -0.8619
vn -0.3885 0.3271 -0.8615
vn -0.3870 0.3257 -0.8626
vn -0.3861 0.3256 -0.8631
vn -0.3187 0.4051 -0.8569
vn -0.3192 0.4052 -0.8567
vn -0.3181 0.4022 -0.8585
vn -0.4378 0.3977 -0.8063
vn -0.4370 0.3977 -0.8068
vn -0.4378 0.3989 -0.8057
vn -0.2768 0.3280 -0.9032
vn -0.2772 0.3401 -0.8986
vn -0.2772 0.3335 -0.9011
vn -0.3330 0.2511 -0.9089
vn -0.3320 0.2511 -0.9092
vn -0.3336 0.2515 -0.9086
vn -0.3345 0.2517 -0.9082
vn -0.3175 0.4021 -0.8588
vn -0.2773 0.3233 -0.9048
vn -0.2154 0.3609 -0.9074
vn -0.2158 0.3610 -0.9072
vn -0.2152 0.3565 -0.9092
vn -0.2350 0.2466 -0.9402
vn -0.2353 0.2364 -0.9427
vn -0.2345 0.2398 -0.9421
vn -0.1791 0.2603 -0.9488
vn -0.1794 0.2603 -0.9487
vn -0.1791 0.2560 -0.9500
vn -0.2146 0.3566 -0.9093
vn -0.2352 0.2548 -0.9379
vn -0.1516 0.1369 -0.9789
vn -0.1518 0.1306 -0.9797
vn -0.1519 0.1311 -0.9797
vn -0.2051 0.1132 -0.9722
vn -0.2055 0.1222 -0.9710
vn -0.2053 0.1215 -0.9711
vn -0.1519 0.1374 -0.9788
vn -0.1785 0.2560 -0.9500
vn -0.1294 0.2625 -0.9562
vn -0.1291 0.2643 -0.9558
vn -0.1293 0.2640 -0.9558
vn -0.1075 0.1564 -0.9818
vn -0.1073 0.1593 -0.9814
vn -0.1071 0.1591 -0.9814
vn -0.1074 0.1562 -0.9819
vn -0.0972 0.0745 -0.9925
vn -0.0971 0.0736 -0.9925
vn -0.0988 0.0793 -0.9919
vn -0.0986 0.0800 -0.9919
vn -0.0533 0.0989 -0.9937
vn -0.0535 0.0952 -0.9940
vn -0.0537 0.0956 -0.9940
vn -0.0535 0.0992 -0.9936
vn -0.0642 0.1754 -0.9824
vn -0.0640 0.1755 -0.9824
vn -0.0638 0.1738 -0.9827
vn -0.0639 0.1736 -0.9827
vn -0.0229 0.1911 -0.9813
vn -0.0232 0.1891 -0.9817
vn -0.0233 0.1893 -0.9816
vn -0.0231 0.1912 -0.9813
vn -0.0837 0.2730 -0.9584
vn -0.0835 0.2741 -0.9581
vn -0.0837 0.2740 -0.9581
vn -0.0838 0.2728 -0.9584
vn -0.0409 0.2835 -0.9581
vn -0.0410 0.2836 -0.9581
vn -0.0409 0.2825 -0.9584
vn -0.0408 0.2825 -0.9584
vn 0.0136 0.2039 -0.9789
vn 0.0135 0.2041 -0.9789
vn 0.0134 0.2046 -0.9787
vn -0.0028 0.2919 -0.9564
vn -0.0026 0.2916 -0.9565
vn -0.0026 0.2917 -0.9565
vn 0.0135 0.2047 -0.9787
vn 0.0471 0.2169 -0.9751
vn 0.0471 0.2162 -0.9752
vn 0.0470 0.2163 -0.9752
vn 0.0471 0.2170 -0.9750
vn 0.0325 0.3006 -0.9532
vn 0.0325 0.3004 -0.9532
vn 0.0324 0.3004 -0.9533
vn -0.0025 0.2917 -0.9565
vn 0.0324 0.3006 -0.9532
vn 0.0146 0.3891 -0.9211
vn 0.0148 0.3906 -0.9204
vn 0.0146 0.3904 -0.9205
vn -0.0226 0.3847 -0.9228
vn -0.0223 0.3859 -0.9223
vn -0.0225 0.3857 -0.9223
vn -0.0227 0.3846 -0.9228
vn -0.0446 0.4763 -0.8782
vn -0.0442 0.4785 -0.8770
vn -0.0445 0.4781 -0.8772
vn -0.0632 0.3823 -0.9219
vn -0.0635 0.3823 -0.9219
vn -0.0635 0.3798 -0.9229
vn -0.0881 0.4741 -0.8760
vn -0.0878 0.4742 -0.8760
vn -0.0878 0.4761 -0.8750
vn -0.0632 0.3798 -0.9229
vn -0.0450 0.4759 -0.8783
vn -0.0668 0.5639 -0.8231
vn -0.0664 0.5651 -0.8224
vn -0.0666 0.5648 -0.8225
vn -0.0880 0.4761 -0.8750
vn -0.1126 0.5610 -0.8201
vn -0.1122 0.5611 -0.8201
vn -0.1119 0.5628 -0.8189
vn -0.0671 0.5637 -0.8233
vn -0.0878 0.6428 -0.7610
vn -0.0873 0.6434 -0.7605
vn -0.0876 0.6432 -0.7606
vn -0.1123 0.5628 -0.8189
vn -0.1350 0.6386 -0.7576
vn -0.1347 0.6387 -0.7576
vn -0.1344 0.6392 -0.7572
vn -0.1541 0.7054 -0.6919
vn -0.1538 0.7054 -0.6919
vn -0.1532 0.7054 -0.6921
vn -0.1063 0.7114 -0.6947
vn -0.1059 0.7114 -0.6947
vn -0.1060 0.7114 -0.6948
vn -0.0881 0.6426 -0.7611
vn -0.1345 0.6392 -0.7572
vn -0.1534 0.7052 -0.6922
vn -0.1868 0.6323 -0.7518
vn -0.1879 0.6310 -0.7527
vn -0.1872 0.6316 -0.7523
vn -0.2069 0.6962 -0.6874
vn -0.2062 0.6962 -0.6876
vn -0.2065 0.6960 -0.6877
vn -0.2072 0.6959 -0.6876
vn -0.2223 0.7504 -0.6225
vn -0.2221 0.7505 -0.6224
vn -0.2214 0.7500 -0.6232
vn -0.2216 0.7499 -0.6233
vn -0.2670 0.6805 -0.6823
vn -0.2681 0.6803 -0.6821
vn -0.2675 0.6809 -0.6818
vn -0.2830 0.7335 -0.6179
vn -0.2827 0.7337 -0.6179
vn -0.2820 0.7332 -0.6188
vn -0.2325 0.7954 -0.5597
vn -0.2323 0.7955 -0.5596
vn -0.2321 0.7952 -0.5601
vn -0.2822 0.7331 -0.6188
vn -0.2924 0.7784 -0.5555
vn -0.2922 0.7785 -0.5555
vn -0.2916 0.7782 -0.5563
vn -0.2382 0.8331 -0.4992
vn -0.2381 0.8332 -0.4991
vn -0.2381 0.8332 -0.4990
vn -0.2383 0.8332 -0.4990
vn -0.2918 0.7780 -0.5563
vn -0.2959 0.8166 -0.4955
vn -0.2958 0.8167 -0.4955
vn -0.2959 0.8167 -0.4954
vn -0.2399 0.8656 -0.4395
vn -0.2395 0.8656 -0.4397
vn -0.2402 0.8661 -0.4385
vn -0.2403 0.8661 -0.4384
vn -0.2960 0.8167 -0.4953
vn -0.2939 0.8501 -0.4369
vn -0.1925 0.8773 -0.4397
vn -0.1925 0.8772 -0.4398
vn -0.1924 0.8771 -0.4400
vn -0.1946 0.9048 -0.3787
vn -0.1943 0.9048 -0.3789
vn -0.1950 0.9056 -0.3768
vn -0.1954 0.9056 -0.3766
vn -0.2386 0.8940 -0.3793
vn -0.1555 0.9132 -0.3767
vn -0.1556 0.9132 -0.3766
vn -0.1553 0.9129 -0.3776
vn -0.1587 0.9354 -0.3161
vn -0.1586 0.9354 -0.3161
vn -0.1589 0.9356 -0.3152
vn -0.1590 0.9357 -0.3151
vn -0.1945 0.9276 -0.3190
vn -0.1501 0.8854 -0.4400
vn -0.1503 0.8854 -0.4399
vn -0.1499 0.8850 -0.4408
vn -0.1551 0.9128 -0.3777
vn -0.1923 0.8772 -0.4399
vn -0.1428 0.8525 -0.5029
vn -0.1428 0.8525 -0.5028
vn -0.1431 0.8523 -0.5030
vn -0.1498 0.8850 -0.4408
vn -0.1879 0.8446 -0.5013
vn -0.1880 0.8446 -0.5013
vn -0.1878 0.8444 -0.5017
vn -0.1877 0.8444 -0.5017
vn -0.1336 0.8150 -0.5638
vn -0.1336 0.8150 -0.5639
vn -0.1340 0.8153 -0.5633
vn -0.1430 0.8523 -0.5032
vn -0.1800 0.8069 -0.5626
vn -0.1802 0.8071 -0.5622
vn -0.1801 0.8071 -0.5622
vn -0.1215 0.7685 -0.6282
vn -0.1217 0.7688 -0.6279
vn -0.1217 0.7687 -0.6279
vn -0.1339 0.8154 -0.5632
vn -0.1688 0.7609 -0.6265
vn -0.1693 0.7613 -0.6260
vn -0.1691 0.7613 -0.6260
vn -0.1799 0.8069 -0.5626
vn -0.1214 0.7686 -0.6282
vn -0.0789 0.7743 -0.6279
vn -0.0785 0.7740 -0.6283
vn -0.0787 0.7740 -0.6283
vn -0.0631 0.7161 -0.6952
vn -0.0633 0.7160 -0.6952
vn -0.0632 0.7161 -0.6952
vn -0.1066 0.7113 -0.6947
vn -0.3366 0.6545 -0.6770
vn -0.3370 0.6543 -0.6770
vn -0.3378 0.6545 -0.6764
vn -0.3534 0.7074 -0.6122
vn -0.2664 0.6810 -0.6821
vn -0.3375 0.6547 -0.6764
vn -0.1686 0.7610 -0.6265
vn -0.2461 0.6187 -0.7461
vn -0.2472 0.6173 -0.7469
vn -0.2465 0.6182 -0.7464
vn -0.1863 0.6329 -0.7515
vn -0.2199 0.5459 -0.8085
vn -0.2211 0.5422 -0.8106
vn -0.2203 0.5437 -0.8099
vn -0.2457 0.6195 -0.7456
vn -0.1633 0.5559 -0.8150
vn -0.1626 0.5582 -0.8137
vn -0.1630 0.5575 -0.8141
vn -0.1638 0.5552 -0.8154
vn -0.2194 0.5472 -0.8077
vn -0.1364 0.4720 -0.8710
vn -0.1374 0.4683 -0.8728
vn -0.1366 0.4692 -0.8725
vn -0.1904 0.4634 -0.8654
vn -0.1913 0.4588 -0.8677
vn -0.1906 0.4602 -0.8671
vn -0.1359 0.4730 -0.8705
vn -0.1899 0.4650 -0.8647
vn -0.1091 0.3769 -0.9198
vn -0.1095 0.3741 -0.9209
vn -0.1092 0.3746 -0.9207
vn -0.1592 0.3709 -0.9149
vn -0.1600 0.3658 -0.9169
vn -0.1593 0.3670 -0.9165
vn -0.1086 0.3776 -0.9196
vn -0.2513 0.4455 -0.8593
vn -0.2518 0.4456 -0.8591
vn -0.2512 0.4417 -0.8613
vn -0.2845 0.5201 -0.8053
vn -0.2506 0.4417 -0.8615
vn -0.0450 0.6466 -0.7615
vn -0.0452 0.6462 -0.7618
vn -0.0451 0.6464 -0.7617
vn -0.0449 0.6467 -0.7614
vn -0.0253 0.5673 -0.8231
vn -0.0256 0.5663 -0.8238
vn -0.0254 0.5664 -0.8237
vn -0.0251 0.5674 -0.8230
vn 0.0321 0.4849 -0.8740
vn 0.0320 0.4849 -0.8740
vn 0.0320 0.4846 -0.8742
vn 0.0133 0.5709 -0.8209
vn 0.0133 0.5708 -0.8209
vn 0.0133 0.5710 -0.8209
vn 0.0134 0.5714 -0.8205
vn -0.0051 0.4804 -0.8771
vn -0.0053 0.4797 -0.8774
vn -0.0051 0.4798 -0.8774
vn 0.0499 0.3955 -0.9171
vn 0.0498 0.3957 -0.9170
vn 0.0320 0.4846 -0.8741
vn 0.0144 0.3890 -0.9211
vn -0.0050 0.4805 -0.8770
vn 0.0841 0.4027 -0.9115
vn 0.0841 0.4035 -0.9111
vn 0.0842 0.4034 -0.9111
vn 0.0679 0.4903 -0.8689
vn 0.0678 0.4901 -0.8691
vn 0.0677 0.4901 -0.8690
vn 0.0841 0.4028 -0.9114
vn 0.0494 0.3953 -0.9172
vn 0.0660 0.3091 -0.9488
vn 0.0660 0.3091 -0.9487
vn 0.0661 0.3084 -0.9490
vn 0.0990 0.3171 -0.9432
vn 0.0990 0.3169 -0.9433
vn 0.0989 0.3169 -0.9433
vn 0.0990 0.3172 -0.9432
vn 0.1116 0.2386 -0.9647
vn 0.1117 0.2393 -0.9645
vn 0.1117 0.2392 -0.9645
vn 0.1117 0.2387 -0.9647
vn 0.0794 0.2275 -0.9705
vn 0.0796 0.2287 -0.9702
vn 0.0796 0.2286 -0.9703
vn 0.0795 0.2274 -0.9705
vn 0.0891 0.1641 -0.9824
vn 0.0892 0.1650 -0.9822
vn 0.0893 0.1649 -0.9822
vn 0.1215 0.1760 -0.9769
vn 0.1211 0.1760 -0.9769
vn 0.1210 0.1767 -0.9768
vn 0.1279 0.1284 -0.9834
vn 0.1278 0.1278 -0.9835
vn 0.1278 0.1280 -0.9835
vn 0.0955 0.1164 -0.9886
vn 0.0956 0.1165 -0.9886
vn 0.0958 0.1153 -0.9887
vn 0.1211 0.1768 -0.9768
vn 0.1279 0.1285 -0.9834
vn 0.0957 0.1151 -0.9887
vn 0.0892 0.1642 -0.9824
vn 0.0626 0.1022 -0.9928
vn 0.0628 0.1023 -0.9928
vn 0.0630 0.1008 -0.9929
vn 0.0998 0.0796 -0.9918
vn 0.0997 0.0796 -0.9918
vn 0.0996 0.0806 -0.9918
vn 0.0656 0.0643 -0.9958
vn 0.0659 0.0666 -0.9956
vn 0.0660 0.0663 -0.9956
vn 0.0289 0.0856 -0.9959
vn 0.0285 0.0822 -0.9962
vn 0.0284 0.0826 -0.9962
vn 0.0287 0.0860 -0.9959
vn 0.0307 0.0461 -0.9985
vn 0.0306 0.0457 -0.9985
vn 0.0299 0.0488 -0.9984
vn 0.0301 0.0492 -0.9983
vn 0.0629 0.1006 -0.9929
vn 0.0657 0.0640 -0.9958
vn 0.0690 0.0353 -0.9970
vn 0.0690 0.0352 -0.9970
vn 0.0691 0.0353 -0.9970
vn 0.0294 0.0252 -0.9992
vn 0.0289 0.0258 -0.9993
vn 0.0298 0.0249 -0.9992
vn 0.0691 0.0355 -0.9970
vn 0.0303 0.0248 -0.9992
vn -0.0119 0.0220 -0.9997
vn -0.0118 0.0215 -0.9997
vn -0.0154 0.0165 -0.9997
vn -0.8867 0.4622 -0.0146
vn -0.8869 0.4618 -0.0142
vn -0.8868 0.4620 -0.0103
vn -0.0199 0.0129 -0.9997
vn 0.7605 0.6493 0.0101
vn 0.7603 0.6496 0.0049
vn 0.7601 0.6498 0.0049
vn 0.0152 -0.0167 0.9997
vn 0.0116 -0.0226 0.9997
vn 0.0132 -0.0203 0.9997
vn 0.0195 -0.0128 0.9997
vn 0.7603 0.6494 0.0102
vn -0.0300 -0.0249 0.9992
vn -0.0299 -0.0245 0.9993
vn -0.0301 -0.0255 0.9992
vn -0.8866 0.4623 -0.0107
vn -0.0689 -0.0353 0.9970
vn -0.0692 -0.0352 0.9970
vn -0.0303 -0.0262 0.9992
vn -0.0691 -0.0354 0.9970
vn 0.5373 0.8415 0.0558
vn 0.5376 0.8411 0.0599
vn 0.5377 0.8410 0.0595
vn -0.1014 -0.0437 0.9939
vn -0.1011 -0.0434 0.9939
vn -0.1012 -0.0452 0.9938
vn -0.7790 0.6254 -0.0448
vn -0.7788 0.6255 -0.0477
vn -0.7790 0.6252 -0.0479
vn 0.5374 0.8415 0.0553
vn -0.1017 -0.0465 0.9937
vn -0.1402 -0.0590 0.9884
vn -0.1406 -0.0598 0.9883
vn -0.1394 -0.0577 0.9886
vn 0.4428 0.8922 0.0891
vn 0.4430 0.8918 0.0924
vn 0.4431 0.8918 0.0919
vn -0.7791 0.6252 -0.0451
vn 0.1395 0.0579 -0.9885
vn 0.1407 0.0598 -0.9882
vn 0.1401 0.0591 -0.9884
vn 0.1014 0.0436 -0.9939
vn 0.1014 0.0466 -0.9938
vn 0.1015 0.0452 -0.9938
vn 0.4429 0.8922 0.0886
vn 0.1011 0.0434 -0.9939
vn -0.7293 0.6795 -0.0797
vn -0.7296 0.6796 -0.0758
vn -0.7294 0.6799 -0.0756
vn 0.1674 0.0661 -0.9837
vn 0.1672 0.0648 -0.9838
vn 0.1672 0.0652 -0.9838
vn -0.7291 0.6798 -0.0796
vn 0.1394 0.0576 -0.9886
vn 0.1325 0.0924 -0.9869
vn 0.1325 0.0926 -0.9868
vn 0.1326 0.0926 -0.9868
vn 0.1326 0.0923 -0.9869
vn 0.1641 0.1030 -0.9811
vn 0.1640 0.1029 -0.9811
vn 0.1640 0.1028 -0.9811
vn 0.1674 0.0671 -0.9836
vn 0.1946 0.1102 -0.9747
vn 0.1948 0.1120 -0.9744
vn 0.1946 0.1118 -0.9745
vn 0.1639 0.1027 -0.9811
vn 0.2133 0.0501 -0.9757
vn 0.2254 0.0617 -0.9723
vn 0.2170 0.0551 -0.9746
vn 0.2131 0.0492 -0.9758
vn 0.2252 0.1182 -0.9671
vn 0.1943 0.1100 -0.9748
vn 0.2293 0.0502 -0.9721
vn 0.1882 0.1469 -0.9711
vn 0.1585 0.1387 -0.9776
vn 0.1585 0.1388 -0.9776
vn 0.1586 0.1387 -0.9776
vn 0.7073 0.6894 0.1565
vn 0.0997 0.0807 -0.9917
vn -0.0996 -0.0796 0.9918
vn -0.0658 -0.0665 0.9956
vn -0.0661 -0.0668 0.9956
vn -0.0657 -0.0646 0.9957
vn -0.0656 -0.0644 0.9958
vn -0.0625 -0.0999 0.9930
vn -0.0286 -0.0851 0.9960
vn -0.0288 -0.0854 0.9959
vn -0.0286 -0.0827 0.9962
vn -0.0304 -0.0493 0.9983
vn -0.0307 -0.0498 0.9983
vn -0.0303 -0.0461 0.9985
vn -0.0283 -0.0824 0.9962
vn 0.0079 -0.0296 0.9995
vn 0.0083 -0.0261 0.9996
vn 0.0085 -0.0623 0.9980
vn 0.0088 -0.0618 0.9980
vn 0.0084 -0.0659 0.9978
vn 0.0081 -0.0664 0.9978
vn -0.0300 -0.0457 0.9985
vn 0.0504 -0.0452 0.9977
vn 0.0502 -0.0457 0.9977
vn 0.0505 -0.0411 0.9979
vn 0.0537 -0.0962 0.9939
vn 0.0540 -0.0959 0.9939
vn 0.0537 -0.0997 0.9936
vn 0.0534 -0.1001 0.9935
vn 0.0129 -0.1159 0.9932
vn 0.0131 -0.1156 0.9932
vn 0.0128 -0.1187 0.9928
vn 0.0644 -0.1746 0.9825
vn 0.0646 -0.1743 0.9826
vn 0.0643 -0.1767 0.9822
vn 0.0125 -0.1191 0.9928
vn 0.0234 -0.1907 0.9814
vn 0.0234 -0.1905 0.9814
vn 0.0233 -0.1919 0.9811
vn 0.0640 -0.1769 0.9821
vn 0.1078 -0.1600 0.9812
vn 0.1075 -0.1602 0.9812
vn 0.1078 -0.1581 0.9815
vn 0.0842 -0.2748 0.9578
vn 0.0840 -0.2734 0.9582
vn 0.0838 -0.2735 0.9582
vn 0.1298 -0.2643 0.9557
vn 0.1297 -0.2634 0.9559
vn 0.1296 -0.2636 0.9559
vn 0.0839 -0.2751 0.9578
vn 0.1298 -0.2644 0.9556
vn 0.1587 -0.3707 0.9151
vn 0.1589 -0.3722 0.9145
vn 0.1601 -0.3671 0.9163
vn 0.1597 -0.3659 0.9168
vn 0.1091 -0.3773 0.9197
vn 0.1899 -0.4635 0.8655
vn 0.1901 -0.4649 0.8647
vn 0.1913 -0.4607 0.8667
vn 0.2144 -0.3569 0.9092
vn 0.2149 -0.3610 0.9075
vn 0.2156 -0.3602 0.9076
vn 0.2506 -0.4450 0.8598
vn 0.2507 -0.4474 0.8585
vn 0.2520 -0.4420 0.8609
vn 0.2152 -0.3559 0.9094
vn 0.2517 -0.4399 0.8621
vn 0.2842 -0.5218 0.8043
vn 0.2842 -0.5237 0.8031
vn 0.2857 -0.5200 0.8050
vn 0.3188 -0.4032 0.8578
vn 0.3183 -0.4006 0.8592
vn 0.3177 -0.4018 0.8589
vn 0.3585 -0.4758 0.8032
vn 0.3586 -0.4742 0.8041
vn 0.3581 -0.4751 0.8038
vn 0.3187 -0.4040 0.8574
vn 0.4381 -0.3980 0.8060
vn 0.4379 -0.3971 0.8065
vn 0.4377 -0.3982 0.8061
vn 0.3870 -0.3255 0.8627
vn 0.3880 -0.3260 0.8621
vn 0.3875 -0.3253 0.8625
vn 0.3867 -0.3244 0.8633
vn 0.3582 -0.4765 0.8029
vn 0.4381 -0.3988 0.8056
vn 0.4813 -0.4712 0.7391
vn 0.4820 -0.4706 0.7391
vn 0.4813 -0.4716 0.7388
vn 0.3932 -0.5466 0.7393
vn 0.3927 -0.5471 0.7392
vn 0.3932 -0.5466 0.7394
vn 0.3939 -0.5459 0.7395
vn 0.4207 -0.6090 0.6724
vn 0.3145 -0.5925 0.7417
vn 0.3139 -0.5931 0.7414
vn 0.3144 -0.5926 0.7416
vn 0.3370 -0.6539 0.6774
vn 0.3369 -0.6545 0.6768
vn 0.3382 -0.6541 0.6766
vn 0.2471 -0.6179 0.7464
vn 0.2469 -0.6172 0.7471
vn 0.2457 -0.6185 0.7464
vn 0.2667 -0.6804 0.6826
vn 0.2668 -0.6807 0.6822
vn 0.2679 -0.6806 0.6819
vn 0.2458 -0.6192 0.7458
vn 0.3153 -0.5919 0.7418
vn 0.3381 -0.6535 0.6773
vn 0.2210 -0.5439 0.8095
vn 0.2207 -0.5428 0.8103
vn 0.2196 -0.5456 0.8088
vn 0.2855 -0.5180 0.8063
vn 0.2197 -0.5467 0.8080
vn 0.5114 -0.3008 0.8050
vn 0.5113 -0.3011 0.8049
vn 0.5119 -0.3021 0.8042
vn 0.5121 -0.3014 0.8043
vn 0.5665 -0.3763 0.7332
vn 0.5671 -0.3762 0.7327
vn 0.5669 -0.3774 0.7323
vn 0.4810 -0.4720 0.7389
vn 0.5726 -0.1967 0.7959
vn 0.5732 -0.1982 0.7951
vn 0.5747 -0.1977 0.7941
vn 0.5665 -0.3771 0.7327
vn 0.6416 -0.2711 0.7175
vn 0.6426 -0.2718 0.7164
vn 0.6430 -0.2727 0.7157
vn 0.5741 -0.1962 0.7949
vn 0.4925 -0.1238 0.8614
vn 0.4919 -0.1218 0.8621
vn 0.4897 -0.1246 0.8630
vn 0.5281 -0.0408 0.8482
vn 0.5251 -0.0288 0.8506
vn 0.5262 -0.0345 0.8497
vn 0.6224 -0.0986 0.7764
vn 0.4903 -0.1263 0.8624
vn 0.4244 0.0030 0.9055
vn 0.4255 0.0016 0.9049
vn 0.4267 0.0090 0.9043
vn 0.4011 -0.0581 0.9142
vn 0.4002 -0.0565 0.9147
vn 0.3983 -0.0616 0.9152
vn 0.4256 0.0104 0.9049
vn 0.5289 -0.0458 0.8474
vn 0.3992 -0.0633 0.9147
vn 0.3716 -0.1463 0.9168
vn 0.3715 -0.1449 0.9171
vn 0.3693 -0.1471 0.9176
vn 0.4455 -0.2241 0.8668
vn 0.4451 -0.2249 0.8668
vn 0.4464 -0.2251 0.8661
vn 0.4468 -0.2240 0.8662
vn 0.3695 -0.1483 0.9173
vn 0.2890 -0.0790 0.9541
vn 0.2864 -0.0692 0.9556
vn 0.2876 -0.0741 0.9549
vn 0.3073 -0.0176 0.9514
vn 0.3035 -0.0057 0.9528
vn 0.3048 -0.0106 0.9523
vn 0.2899 -0.0828 0.9535
vn 0.2115 -0.0512 0.9760
vn 0.2080 -0.0410 0.9773
vn 0.2091 -0.0445 0.9769
vn 0.2228 -0.0011 0.9749
vn 0.2190 0.0096 0.9757
vn 0.2200 0.0063 0.9755
vn 0.3082 -0.0214 0.9511
vn 0.2119 -0.0530 0.9759
vn 0.1494 -0.0603 0.9869
vn 0.1466 -0.0518 0.9878
vn 0.1471 -0.0536 0.9877
vn 0.1529 -0.0074 0.9882
vn 0.1529 -0.0081 0.9882
vn 0.1532 -0.0010 0.9882
vn 0.1496 -0.0613 0.9868
vn 0.1531 -0.0003 0.9882
vn 0.2233 -0.0035 0.9747
vn 0.1526 -0.1346 0.9791
vn 0.1527 -0.1341 0.9791
vn 0.1525 -0.1393 0.9784
vn 0.0982 -0.0755 0.9923
vn 0.0983 -0.0751 0.9923
vn 0.0981 -0.0799 0.9920
vn 0.0977 -0.0804 0.9920
vn 0.1080 -0.1579 0.9815
vn 0.1520 -0.1400 0.9784
vn 0.2059 -0.1245 0.9706
vn 0.2058 -0.1252 0.9706
vn 0.2061 -0.1170 0.9715
vn 0.1784 -0.2596 0.9491
vn 0.1785 -0.2615 0.9485
vn 0.1797 -0.2557 0.9499
vn 0.2345 -0.2431 0.9412
vn 0.2336 -0.2381 0.9427
vn 0.2327 -0.2394 0.9426
vn 0.2344 -0.2439 0.9411
vn 0.2724 -0.1648 0.9480
vn 0.2723 -0.1651 0.9479
vn 0.2730 -0.1646 0.9478
vn 0.2058 -0.1163 0.9717
vn 0.2730 -0.1642 0.9479
vn 0.2757 -0.3275 0.9037
vn 0.2769 -0.3305 0.9023
vn 0.2771 -0.3298 0.9025
vn 0.3333 -0.2496 0.9092
vn 0.3326 -0.2439 0.9110
vn 0.3330 -0.2500 0.9092
vn 0.2761 -0.3264 0.9040
vn 0.3338 -0.2556 0.9073
vn 0.1615 0.0278 0.9865
vn 0.1615 0.0270 0.9865
vn 0.1619 0.0348 0.9862
vn 0.1617 0.0356 0.9862
vn 0.2339 0.0438 0.9713
vn 0.2370 0.0348 0.9709
vn 0.2365 0.0368 0.9709
vn 0.2332 0.0463 0.9713
vn 0.3685 0.0096 0.9296
vn 0.3674 0.0070 0.9300
vn 0.3731 0.0118 0.9277
vn 0.3243 0.0363 0.9452
vn 0.3280 0.0254 0.9443
vn 0.3273 0.0286 0.9445
vn 0.2387 0.0084 0.9711
vn 0.2396 0.0081 0.9708
vn 0.2387 0.0087 0.9711
vn 0.3731 0.0157 0.9277
vn 0.8533 0.4539 -0.2566
vn 0.8574 0.4546 -0.2414
vn 0.8584 0.4532 -0.2402
vn 0.2380 0.0091 0.9712
vn 0.0267 0.9996 -0.0009
vn 0.0264 0.9997 -0.0009
vn 0.8544 0.4525 -0.2555
vn -0.3715 -0.0086 -0.9284
vn -0.3703 -0.0065 -0.9289
vn -0.3702 -0.0137 -0.9288
vn -0.2381 -0.0090 -0.9712
vn -0.2391 -0.0082 -0.9710
vn -0.2382 -0.0088 -0.9712
vn -0.2374 -0.0095 -0.9714
vn 0.0266 0.9996 -0.0012
vn -0.9382 0.3139 0.1458
vn -0.9389 0.3154 0.1379
vn -0.9395 0.3139 0.1368
vn -0.9388 0.3125 0.1447
vn -0.1635 -0.0150 -0.9864
vn -0.1632 -0.0118 -0.9865
vn -0.1633 -0.0126 -0.9865
vn 0.6134 0.7882 -0.0489
vn 0.6135 0.7882 -0.0482
vn 0.6139 0.7876 -0.0539
vn -0.1209 -0.0132 -0.9926
vn -0.1192 -0.0170 -0.9927
vn -0.1221 -0.0077 -0.9925
vn -0.1637 -0.0174 -0.9864
vn -0.1217 -0.0065 -0.9925
vn 0.6138 0.7876 -0.0545
vn -0.0540 0.0037 -0.9985
vn -0.0530 0.0039 -0.9986
vn -0.0522 0.0059 -0.9986
vn -0.0519 0.0022 -0.9987
vn -0.7995 0.5991 0.0423
vn -0.7994 0.5989 0.0470
vn -0.7989 0.5997 0.0473
vn -0.7989 0.5999 0.0427
vn 0.1241 0.0121 0.9922
vn 0.1253 0.0146 0.9920
vn 0.1206 0.0077 0.9927
vn 0.0532 -0.0036 0.9986
vn 0.0537 -0.0038 0.9985
vn 0.0539 -0.0026 0.9985
vn 0.1203 0.0062 0.9927
vn 0.0521 -0.0044 0.9986
vn 0.0525 -0.0059 0.9986
vn 0.1020 0.0110 0.9947
vn 0.1018 0.0104 0.9948
vn 0.1022 0.0163 0.9946
vn 0.1022 0.0168 0.9946
vn 0.0507 -0.0406 0.9979
vn 0.0975 -0.0252 0.9949
vn 0.0973 -0.0258 0.9949
vn 0.0977 -0.0193 0.9950
vn 0.0978 -0.0187 0.9950
vn 0.0516 -0.0097 0.9986
vn -0.1022 -0.0166 -0.9946
vn -0.1019 -0.0110 -0.9947
vn -0.1018 -0.0116 -0.9947
vn -0.1021 -0.0171 -0.9946
vn -0.0521 0.0039 -0.9986
vn -0.0974 0.0251 -0.9949
vn -0.0977 0.0185 -0.9950
vn -0.0978 0.0192 -0.9950
vn -0.0517 0.0095 -0.9986
vn -0.0501 0.0453 -0.9977
vn -0.0504 0.0404 -0.9979
vn -0.0505 0.0409 -0.9979
vn -0.0976 0.0257 -0.9949
vn -0.0081 0.0657 -0.9978
vn -0.0085 0.0619 -0.9980
vn -0.0086 0.0623 -0.9980
vn -0.0503 0.0459 -0.9977
vn -0.0077 0.0256 -0.9996
vn -0.0086 0.0291 -0.9995
vn -0.1617 -0.0343 -0.9862
vn -0.1614 -0.0273 -0.9865
vn -0.1613 -0.0280 -0.9865
vn -0.1529 0.0074 -0.9882
vn -0.1531 0.0001 -0.9882
vn -0.1531 0.0008 -0.9882
vn -0.1530 0.0081 -0.9882
vn -0.2091 0.0497 -0.9766
vn -0.2093 0.0411 -0.9770
vn -0.2094 0.0418 -0.9769
vn -0.2093 0.0504 -0.9766
vn -0.2194 -0.0075 -0.9756
vn -0.2181 -0.0111 -0.9759
vn -0.2222 0.0005 -0.9750
vn -0.2230 0.0031 -0.9748
vn -0.1481 0.0595 -0.9872
vn -0.1482 0.0520 -0.9876
vn -0.1483 0.0526 -0.9875
vn -0.3058 0.0093 -0.9520
vn -0.3047 0.0169 -0.9523
vn -0.3043 0.0159 -0.9524
vn -0.3235 -0.0368 -0.9455
vn -0.3222 -0.0404 -0.9458
vn -0.3262 -0.0294 -0.9448
vn -0.3271 -0.0265 -0.9446
vn -0.3055 0.0083 -0.9522
vn -0.2335 -0.0433 -0.9714
vn -0.2326 -0.0457 -0.9715
vn -0.2361 -0.0363 -0.9710
vn -0.3688 0.1444 -0.9182
vn -0.3708 0.1424 -0.9177
vn -0.3708 0.1441 -0.9175
vn -0.3687 0.1461 -0.9180
vn -0.2860 0.0696 -0.9557
vn -0.2841 0.0627 -0.9567
vn -0.2877 0.0755 -0.9548
vn -0.3979 0.0547 -0.9158
vn -0.3959 0.0473 -0.9171
vn -0.3996 0.0605 -0.9147
vn -0.4012 0.0666 -0.9136
vn -0.2891 0.0805 -0.9539
vn -0.4233 -0.0118 -0.9059
vn -0.4216 -0.0169 -0.9066
vn -0.4256 -0.0048 -0.9049
vn -0.5253 0.0332 -0.8502
vn -0.5238 0.0267 -0.8514
vn -0.5273 0.0394 -0.8488
vn -0.4910 0.1246 -0.8622
vn -0.4923 0.1319 -0.8604
vn -0.4899 0.1206 -0.8634
vn -0.5284 0.0447 -0.8478
vn -0.4485 -0.0598 -0.8918
vn -0.4477 -0.0524 -0.8926
vn -0.4471 -0.0533 -0.8929
vn -0.4267 -0.0009 -0.9044
vn -0.5538 -0.0366 -0.8319
vn -0.5528 -0.0403 -0.8323
vn -0.5563 -0.0296 -0.8305
vn -0.4478 -0.0606 -0.8921
vn -0.5569 -0.0266 -0.8301
vn -0.6239 0.0941 -0.7758
vn -0.6219 0.0976 -0.7770
vn -0.6203 0.0951 -0.7786
vn -0.5741 0.2047 -0.7928
vn -0.4884 0.1120 -0.8654
vn -0.4458 0.2243 -0.8666
vn -0.4469 0.2331 -0.8637
vn -0.4457 0.2234 -0.8669
vn -0.3653 -0.0239 -0.9306
vn -0.2051 0.1126 -0.9722
vn -0.2726 0.1633 -0.9482
vn -0.2734 0.1670 -0.9473
vn -0.2721 0.1621 -0.9485
vn -0.1616 -0.0350 -0.9862
vn -0.2367 -0.0342 -0.9710
vn 0.1639 0.0126 0.9864
vn 0.1039 0.0342 0.9940
vn 0.1612 0.0134 0.9868
vn -0.1167 0.9926 0.0346
vn -0.1167 0.9926 0.0336
vn -0.1170 0.9925 0.0353
vn -0.1170 0.9925 0.0362
vn 0.1647 0.0123 0.9863
vn 0.4479 0.0535 0.8925
vn 0.4489 0.0524 0.8920
vn 0.4495 0.0605 0.8913
vn 0.4483 0.0615 0.8918
vn 0.3233 0.0401 0.9455
vn 0.5568 0.0274 0.8302
vn 0.1910 -0.4595 0.8674
vn 0.1792 -0.2547 0.9503
vn 0.0412 -0.2843 0.9579
vn 0.0411 -0.2834 0.9581
vn 0.0411 -0.2835 0.9581
vn 0.0231 -0.1920 0.9811
vn 0.0412 -0.2840 0.9579
vn -0.0234 -0.1343 0.9907
vn -0.0232 -0.1340 0.9907
vn -0.0235 -0.1367 0.9903
vn -0.0238 -0.1370 0.9903
vn -0.0133 -0.2045 0.9788
vn -0.0133 -0.2044 0.9788
vn -0.0133 -0.2053 0.9786
vn 0.0234 0.1337 -0.9907
vn 0.0236 0.1360 -0.9904
vn 0.0237 0.1357 -0.9905
vn 0.0235 0.1335 -0.9908
vn 0.0570 0.1519 -0.9868
vn 0.0568 0.1495 -0.9871
vn 0.0567 0.1498 -0.9871
vn -0.0083 0.0662 -0.9978
vn -0.0130 0.1150 -0.9933
vn -0.0127 0.1185 -0.9929
vn -0.0126 0.1181 -0.9929
vn -0.0129 0.1146 -0.9933
vn 0.0569 0.1521 -0.9867
vn 0.1587 0.1388 -0.9775
vn 0.1512 0.1863 -0.9708
vn 0.1511 0.1863 -0.9708
vn 0.1513 0.1854 -0.9709
vn 0.1415 0.2484 -0.9583
vn 0.1415 0.2480 -0.9584
vn 0.1415 0.2481 -0.9583
vn 0.1296 0.3265 -0.9363
vn 0.1295 0.3252 -0.9367
vn 0.1294 0.3253 -0.9367
vn 0.1159 0.4112 -0.9042
vn 0.1158 0.4105 -0.9045
vn 0.1158 0.4107 -0.9044
vn 0.1295 0.3266 -0.9362
vn 0.1159 0.4113 -0.9041
vn 0.0679 0.4904 -0.8689
vn 0.1009 0.4962 -0.8623
vn 0.0504 0.5755 -0.8163
vn -0.1296 0.2621 -0.9563
vn -0.1585 0.3725 -0.9144
vn -0.1483 0.0601 -0.9871
vn -0.2716 0.1577 -0.9494
vn -0.4446 0.2134 -0.8699
vn -0.4205 0.6088 -0.6727
vn -0.4385 0.3990 -0.8053
vn -0.6944 0.3394 -0.6345
vn -0.7249 0.4188 -0.5469
vn -0.7245 0.4195 -0.5469
vn -0.7232 0.4196 -0.5486
vn -0.7235 0.4190 -0.5486
vn -0.8022 0.3109 -0.5096
vn -0.8020 0.3117 -0.5096
vn -0.8009 0.3115 -0.5114
vn -0.7355 0.4926 -0.4652
vn -0.7353 0.4930 -0.4651
vn -0.7344 0.4933 -0.4661
vn -0.7347 0.4929 -0.4662
vn -0.8154 0.3937 -0.4245
vn -0.8163 0.3923 -0.4240
vn -0.8155 0.3938 -0.4242
vn -0.8011 0.3109 -0.5115
vn -0.8146 0.3950 -0.4247
vn -0.6223 0.0917 -0.7774
vn 0.6422 -0.2716 0.7168
vn 0.2678 -0.6801 0.6824
vn 0.2922 -0.7782 0.5558
vn 0.3634 -0.7930 0.4890
vn 0.2960 -0.8164 0.4958
vn 0.2960 -0.8165 0.4956
vn 0.2959 -0.8165 0.4957
vn 0.2958 -0.8166 0.4956
vn 0.2950 -0.8507 0.4351
vn 0.2954 -0.8506 0.4349
vn 0.2949 -0.8502 0.4361
vn 0.3591 -0.8292 0.4283
vn 0.3598 -0.8291 0.4281
vn 0.3591 -0.8285 0.4296
vn 0.3584 -0.8287 0.4299
vn 0.3507 -0.8605 0.3694
vn 0.3493 -0.8598 0.3726
vn 0.3491 -0.8601 0.3719
vn 0.3505 -0.8609 0.3687
vn 0.4359 -0.7990 0.4143
vn 0.4346 -0.7985 0.4165
vn 0.4344 -0.7989 0.4160
vn 0.4210 -0.8348 0.3548
vn 0.4195 -0.8340 0.3583
vn 0.4193 -0.8346 0.3573
vn 0.4357 -0.7994 0.4138
vn 0.3368 -0.8883 0.3122
vn 0.3379 -0.8881 0.3117
vn 0.3371 -0.8872 0.3151
vn 0.4209 -0.8353 0.3538
vn 0.4018 -0.8661 0.2975
vn 0.4001 -0.8652 0.3022
vn 0.3999 -0.8658 0.3007
vn 0.4017 -0.8667 0.2958
vn 0.3792 -0.8929 0.2427
vn 0.3778 -0.8920 0.2482
vn 0.3776 -0.8926 0.2462
vn 0.3360 -0.8874 0.3157
vn 0.3215 -0.9115 0.2566
vn 0.3225 -0.9113 0.2560
vn 0.3221 -0.9103 0.2600
vn 0.3553 -0.9142 0.1948
vn 0.3563 -0.9140 0.1938
vn 0.3564 -0.9132 0.1975
vn 0.3551 -0.9134 0.1988
vn 0.3792 -0.8935 0.2405
vn 0.3055 -0.9291 0.2085
vn 0.3067 -0.9297 0.2040
vn 0.3067 -0.9294 0.2054
vn 0.3056 -0.9288 0.2096
vn 0.3208 -0.9105 0.2608
vn 0.3339 -0.9303 0.1515
vn 0.3347 -0.9302 0.1507
vn 0.3349 -0.9296 0.1538
vn 0.3340 -0.9298 0.1548
vn 0.2911 -0.9438 0.1566
vn 0.2920 -0.9436 0.1560
vn 0.2919 -0.9430 0.1597
vn 0.3163 -0.9427 0.1064
vn 0.3154 -0.9424 0.1110
vn 0.3152 -0.9426 0.1099
vn 0.2911 -0.9432 0.1602
vn 0.2796 -0.9541 0.1076
vn 0.2800 -0.9540 0.1073
vn 0.2800 -0.9538 0.1092
vn 0.2773 -0.9591 0.0568
vn 0.2774 -0.9590 0.0574
vn 0.2768 -0.9594 0.0548
vn 0.2798 -0.9538 0.1095
vn 0.3109 -0.9489 0.0548
vn 0.3109 -0.9489 0.0538
vn 0.3120 -0.9483 0.0580
vn 0.3127 -0.9479 0.0607
vn 0.3168 -0.9429 0.1029
vn 0.3483 -0.9338 0.0820
vn 0.3485 -0.9337 0.0821
vn 0.3215 -0.9465 0.0290
vn 0.3221 -0.9464 0.0257
vn 0.3226 -0.9462 0.0263
vn 0.2768 -0.9594 0.0544
vn 0.2839 -0.9585 0.0251
vn 0.2840 -0.9585 0.0261
vn 0.2831 -0.9588 0.0225
vn 0.3221 -0.9462 0.0296
vn 0.2832 -0.9588 0.0218
vn 0.2926 -0.9562 0.0044
vn 0.2927 -0.9562 0.0054
vn 0.2918 -0.9565 0.0018
vn 0.3339 -0.9426 0.0097
vn 0.3345 -0.9424 0.0063
vn 0.3352 -0.9421 0.0071
vn 0.3678 -0.9287 0.0480
vn 0.3671 -0.9289 0.0495
vn 0.3667 -0.9291 0.0484
vn 0.3676 -0.9288 0.0473
vn 0.3846 -0.9227 0.0262
vn 0.3856 -0.9224 0.0236
vn 0.3862 -0.9221 0.0246
vn 0.3345 -0.9424 0.0105
vn 0.3853 -0.9224 0.0272
vn 0.4026 -0.9153 0.0093
vn 0.4035 -0.9150 0.0062
vn 0.4042 -0.9147 0.0073
vn 0.3479 -0.9375 -0.0066
vn 0.3474 -0.9377 -0.0036
vn 0.3467 -0.9379 -0.0043
vn 0.3474 -0.9377 -0.0072
vn 0.3018 -0.9533 -0.0091
vn 0.3019 -0.9533 -0.0080
vn 0.3009 -0.9536 -0.0122
vn 0.3009 -0.9536 -0.0132
vn 0.3586 -0.9334 -0.0154
vn 0.3592 -0.9331 -0.0185
vn 0.3105 -0.9504 -0.0190
vn 0.3097 -0.9506 -0.0220
vn 0.4033 -0.9150 0.0104
vn 0.4196 -0.9077 -0.0074
vn 0.4406 -0.8960 0.0555
vn 0.4416 -0.8956 0.0541
vn 0.4420 -0.8953 0.0551
vn 0.4410 -0.8957 0.0563
vn 0.4655 -0.8845 0.0320
vn 0.4665 -0.8840 0.0297
vn 0.4673 -0.8835 0.0308
vn 0.4981 -0.8618 0.0955
vn 0.4989 -0.8614 0.0955
vn 0.4992 -0.8611 0.0959
vn 0.4663 -0.8840 0.0331
vn 0.5330 -0.8437 0.0640
vn 0.5340 -0.8431 0.0626
vn 0.5350 -0.8425 0.0638
vn 0.4985 -0.8616 0.0958
vn 0.5559 -0.8188 0.1433
vn 0.5558 -0.8186 0.1447
vn 0.5564 -0.8184 0.1439
vn 0.6034 -0.7905 0.1052
vn 0.6041 -0.7904 0.1014
vn 0.6045 -0.7893 0.1071
vn 0.5339 -0.8431 0.0649
vn 0.5562 -0.8186 0.1430
vn 0.6039 -0.7893 0.1109
vn 0.6713 -0.7246 0.1558
vn 0.6726 -0.7242 0.1521
vn 0.6728 -0.7230 0.1567
vn 0.6460 -0.7598 0.0737
vn 0.6452 -0.7602 0.0762
vn 0.6446 -0.7612 0.0705
vn 0.7226 -0.6817 0.1147
vn 0.7230 -0.6812 0.1149
vn 0.7251 -0.6789 0.1156
vn 0.6454 -0.7608 0.0681
vn 0.6769 -0.7347 0.0450
vn 0.6779 -0.7339 0.0427
vn 0.6797 -0.7322 0.0440
vn 0.7626 -0.6422 0.0774
vn 0.6788 -0.7329 0.0462
vn 0.7245 -0.6795 0.1156
vn 0.6715 -0.7234 0.1605
vn 0.6108 -0.7667 0.1977
vn 0.6123 -0.7667 0.1929
vn 0.6124 -0.7656 0.1969
vn 0.5011 -0.8459 0.1825
vn 0.5021 -0.8464 0.1773
vn 0.5022 -0.8456 0.1811
vn 0.5013 -0.8450 0.1863
vn 0.5437 -0.8050 0.2374
vn 0.5454 -0.8054 0.2321
vn 0.5454 -0.8045 0.2353
vn 0.6109 -0.7656 0.2017
vn 0.5439 -0.8040 0.2405
vn 0.4720 -0.8383 0.2729
vn 0.4737 -0.8389 0.2679
vn 0.4737 -0.8382 0.2702
vn 0.4407 -0.8707 0.2185
vn 0.4420 -0.8715 0.2126
vn 0.4420 -0.8707 0.2157
vn 0.4408 -0.8699 0.2212
vn 0.4999 -0.8004 0.3308
vn 0.5017 -0.8010 0.3267
vn 0.5019 -0.8002 0.3282
vn 0.5815 -0.7573 0.2973
vn 0.4722 -0.8375 0.2751
vn 0.4578 -0.8790 0.1329
vn 0.4577 -0.8792 0.1319
vn 0.4579 -0.8790 0.1326
vn 0.4579 -0.8789 0.1338
vn 0.4088 -0.8965 0.1706
vn 0.4097 -0.8972 0.1647
vn 0.4097 -0.8965 0.1683
vn 0.4089 -0.8959 0.1737
vn 0.4134 -0.9063 0.0875
vn 0.4127 -0.9067 0.0876
vn 0.4128 -0.9066 0.0873
vn 0.4135 -0.9063 0.0874
vn 0.3785 -0.9169 0.1267
vn 0.3789 -0.9173 0.1226
vn 0.3789 -0.9169 0.1256
vn 0.3786 -0.9165 0.1294
vn 0.5661 -0.8235 0.0375
vn 0.5649 -0.8242 0.0399
vn 0.5638 -0.8250 0.0388
vn 0.5648 -0.8244 0.0364
vn 0.3482 -0.9338 0.0821
vn 0.2918 -0.9565 0.0010
vn 0.2474 -0.9671 0.0597
vn 0.2474 -0.9671 0.0599
vn 0.2472 -0.9672 0.0588
vn 0.2484 -0.9629 0.1056
vn 0.2483 -0.9629 0.1056
vn 0.2483 -0.9630 0.1049
vn 0.2483 -0.9630 0.1048
vn 0.2188 -0.9701 0.1048
vn 0.2215 -0.9631 0.1530
vn 0.2547 -0.9545 0.1554
vn 0.2541 -0.9542 0.1577
vn 0.2540 -0.9543 0.1573
vn 0.2547 -0.9546 0.1548
vn 0.2630 -0.9424 0.2068
vn 0.2638 -0.9422 0.2064
vn 0.2635 -0.9416 0.2097
vn 0.2731 -0.9251 0.2640
vn 0.2722 -0.9252 0.2644
vn 0.2728 -0.9259 0.2613
vn 0.2734 -0.9258 0.2609
vn 0.2629 -0.9417 0.2100
vn 0.2826 -0.9041 0.3206
vn 0.2816 -0.9042 0.3211
vn 0.2824 -0.9052 0.3177
vn 0.2833 -0.9050 0.3173
vn 0.5001 -0.7997 0.3323
vn 0.2901 -0.8792 0.3780
vn 0.2894 -0.8793 0.3783
vn 0.2901 -0.8801 0.3759
vn 0.2909 -0.8800 0.3755
vn 0.2945 -0.8503 0.4363
vn 0.6411 -0.5818 0.5005
vn 0.6419 -0.5817 0.4996
vn 0.6414 -0.5821 0.4999
vn 0.6405 -0.5823 0.5007
vn 0.6353 -0.6432 0.4274
vn 0.7898 -0.5902 0.1672
vn -0.8072 0.4760 -0.3490
vn -0.8077 0.4754 -0.3486
vn -0.8078 0.4757 -0.3482
vn 0.7014 -0.7124 0.0231
vn -0.8415 0.4893 -0.2292
vn -0.8432 0.4868 -0.2282
vn -0.8432 0.4871 -0.2273
vn -0.8414 0.4899 -0.2283
vn -0.8071 0.4764 -0.3488
vn -0.5831 0.7574 -0.2938
vn -0.1608 0.9529 -0.2571
vn -0.0790 0.7743 -0.6279
vn 0.1583 0.3346 -0.9290
vn 0.2153 0.3531 -0.9105
vn 0.2685 0.2115 -0.9398
vn 0.3481 0.1878 -0.9184
vn -0.2301 -0.0577 0.9715
vn -0.1394 -0.0576 0.9886
vn -0.0134 -0.2055 0.9786
vn -0.1454 -0.4195 0.8960
vn -0.1317 -0.5044 0.8534
vn -0.1008 -0.4977 0.8615
vn -0.0846 -0.5805 0.8099
vn 0.0630 -0.7161 0.6952
vn 0.0631 -0.7161 0.6951
vn 0.0633 -0.7161 0.6952
vn 0.0632 -0.7161 0.6951
vn 0.0228 -0.7201 0.6935
vn 0.0229 -0.7201 0.6935
vn 0.0230 -0.7200 0.6936
vn 0.0786 -0.7739 0.6284
vn 0.0788 -0.7741 0.6282
vn 0.1065 -0.7115 0.6946
vn 0.1064 -0.7114 0.6947
vn 0.1060 -0.7114 0.6948
vn 0.1215 -0.7685 0.6281
vn 0.1216 -0.7686 0.6281
vn 0.1218 -0.7688 0.6278
vn 0.1217 -0.7687 0.6279
vn 0.0914 -0.8206 0.5641
vn 0.0913 -0.8204 0.5644
vn 0.0915 -0.8207 0.5641
vn 0.1337 -0.8150 0.5639
vn 0.1337 -0.8150 0.5638
vn 0.1340 -0.8152 0.5634
vn 0.1339 -0.8152 0.5634
vn 0.0915 -0.8208 0.5639
vn 0.1019 -0.8580 0.5035
vn 0.1020 -0.8580 0.5035
vn 0.1021 -0.8583 0.5030
vn 0.1427 -0.8524 0.5030
vn 0.1428 -0.8524 0.5030
vn 0.1429 -0.8524 0.5029
vn 0.1021 -0.8583 0.5029
vn 0.1112 -0.8907 0.4407
vn 0.1112 -0.8908 0.4406
vn 0.1113 -0.8909 0.4403
vn 0.1501 -0.8854 0.4400
vn 0.1502 -0.8854 0.4400
vn 0.1498 -0.8852 0.4405
vn 0.1499 -0.8852 0.4403
vn 0.1553 -0.9131 0.3771
vn 0.1555 -0.9131 0.3770
vn 0.1553 -0.9128 0.3779
vn 0.1551 -0.9128 0.3779
vn 0.1192 -0.9185 0.3770
vn 0.1192 -0.9184 0.3773
vn 0.1191 -0.9183 0.3775
vn 0.1588 -0.9353 0.3162
vn 0.1587 -0.9353 0.3163
vn 0.1588 -0.9356 0.3152
vn 0.1254 -0.9410 0.3144
vn 0.1255 -0.9409 0.3146
vn 0.1253 -0.9408 0.3149
vn 0.1589 -0.9356 0.3152
vn 0.1189 -0.9184 0.3774
vn 0.1252 -0.9409 0.3146
vn 0.0847 -0.9221 0.3775
vn 0.0847 -0.9222 0.3774
vn 0.0846 -0.9221 0.3776
vn 0.0936 -0.9446 0.3147
vn 0.0933 -0.9444 0.3152
vn 0.0935 -0.9447 0.3144
vn 0.1307 -0.9579 0.2555
vn 0.1307 -0.9580 0.2553
vn 0.1015 -0.9615 0.2555
vn 0.1012 -0.9616 0.2551
vn 0.1015 -0.9615 0.2554
vn 0.1308 -0.9580 0.2552
vn 0.0937 -0.9447 0.3143
vn 0.1014 -0.9614 0.2556
vn 0.0627 -0.9469 0.3153
vn 0.0627 -0.9470 0.3152
vn 0.0624 -0.9467 0.3159
vn 0.0624 -0.9468 0.3157
vn 0.0197 -0.9260 0.3769
vn 0.0198 -0.9261 0.3768
vn 0.0197 -0.9258 0.3776
vn 0.0328 -0.9479 0.3169
vn 0.0517 -0.9249 0.3767
vn 0.0516 -0.9244 0.3779
vn 0.0197 -0.9257 0.3777
vn 0.0062 -0.8983 0.4393
vn 0.0060 -0.8979 0.4401
vn 0.0398 -0.8968 0.4406
vn 0.0398 -0.8968 0.4405
vn 0.0398 -0.8969 0.4405
vn -0.0075 -0.8659 0.5001
vn -0.0075 -0.8659 0.5002
vn -0.0076 -0.8656 0.5006
vn 0.0276 -0.8645 0.5018
vn 0.0274 -0.8645 0.5019
vn 0.0273 -0.8642 0.5023
vn -0.0076 -0.8657 0.5006
vn 0.0638 -0.8619 0.5030
vn 0.0747 -0.8945 0.4407
vn 0.0748 -0.8947 0.4404
vn 0.0273 -0.8643 0.5023
vn 0.0148 -0.8273 0.5616
vn 0.0148 -0.8274 0.5614
vn 0.0146 -0.8269 0.5622
vn 0.0523 -0.8249 0.5629
vn 0.0523 -0.8248 0.5630
vn 0.0521 -0.8246 0.5634
vn 0.0638 -0.8619 0.5031
vn 0.0146 -0.8271 0.5619
vn 0.1348 -0.9705 0.1999
vn 0.1348 -0.9704 0.2001
vn 0.1348 -0.9704 0.2002
vn 0.1610 -0.9528 0.2574
vn 0.1609 -0.9528 0.2574
vn 0.1610 -0.9531 0.2564
vn 0.1625 -0.9660 0.2013
vn 0.1626 -0.9659 0.2014
vn 0.1625 -0.9659 0.2018
vn 0.1624 -0.9659 0.2018
vn 0.1382 -0.9789 0.1503
vn 0.1380 -0.9791 0.1493
vn 0.1382 -0.9790 0.1498
vn 0.1382 -0.9789 0.1504
vn 0.1636 -0.9749 0.1511
vn 0.1078 -0.9738 0.2002
vn 0.1079 -0.9738 0.2002
vn 0.1074 -0.9738 0.2005
vn 0.1133 -0.9821 0.1506
vn 0.1077 -0.9738 0.2003
vn 0.0746 -0.8944 0.4409
vn 0.1611 -0.9531 0.2563
vn 0.0522 -0.8246 0.5633
vn 0.0385 -0.7781 0.6270
vn 0.0386 -0.7781 0.6270
vn 0.0386 -0.7781 0.6269
vn 0.1061 -0.7115 0.6947
vn 0.1412 -0.9844 0.1047
vn 0.1650 -0.9807 0.1044
vn 0.2472 -0.9672 0.0587
vn 0.1672 -0.9838 0.0648
vn 0.1673 -0.9838 0.0639
vn 0.1673 -0.9838 0.0640
vn 0.1672 -0.9838 0.0649
vn 0.1943 -0.9805 0.0303
vn 0.1699 -0.9849 0.0343
vn 0.1699 -0.9849 0.0346
vn 0.1697 -0.9849 0.0332
vn 0.1981 -0.9801 0.0095
vn 0.2727 -0.9619 -0.0208
vn 0.1697 -0.9849 0.0330
vn 0.0847 -0.9963 -0.0127
vn 0.0842 -0.9964 -0.0110
vn 0.0563 -0.9959 0.0710
vn 0.0774 -0.9946 0.0693
vn 0.0809 -0.9959 0.0396
vn 0.1021 -0.9940 0.0385
vn -0.1045 -0.9601 0.2593
vn -0.1043 -0.9605 0.2580
vn -0.1041 -0.9591 0.2631
vn -0.0820 -0.9729 0.2163
vn -0.1442 -0.9747 0.1709
vn -0.1045 -0.9588 0.2640
vn -0.1282 -0.9420 0.3102
vn -0.5996 -0.7495 0.2808
vn -0.5998 -0.7488 0.2822
vn -0.6000 -0.7491 0.2808
vn -0.1977 -0.9803 -0.0011
vn 0.1487 -0.9881 -0.0387
vn 0.1548 -0.9873 -0.0361
vn 0.1593 -0.9863 -0.0435
vn 0.1784 -0.9829 -0.0446
vn 0.1781 -0.9834 -0.0342
vn 0.1771 -0.9832 -0.0442
vn 0.1817 -0.9830 -0.0277
vn 0.1531 -0.9870 -0.0487
vn 0.1749 -0.9826 -0.0618
vn 0.1749 -0.9826 -0.0619
vn 0.1751 -0.9827 -0.0609
vn 0.1773 -0.9831 -0.0454
vn 0.1517 -0.9862 -0.0659
vn 0.1516 -0.9863 -0.0652
vn 0.1517 -0.9863 -0.0654
vn 0.1532 -0.9870 -0.0480
vn 0.1750 -0.9827 -0.0608
vn 0.1517 -0.9862 -0.0660
vn 0.1501 -0.9847 -0.0890
vn 0.1503 -0.9847 -0.0881
vn 0.1278 -0.9875 -0.0918
vn 0.1278 -0.9875 -0.0921
vn 0.1279 -0.9876 -0.0914
vn 0.1289 -0.9893 -0.0684
vn 0.1290 -0.9892 -0.0692
vn 0.1290 -0.9892 -0.0690
vn 0.1502 -0.9847 -0.0881
vn 0.1491 -0.9816 -0.1195
vn 0.1490 -0.9816 -0.1196
vn 0.1490 -0.9817 -0.1189
vn 0.1262 -0.9844 -0.1226
vn 0.1262 -0.9844 -0.1225
vn 0.1279 -0.9876 -0.0913
vn 0.1490 -0.9817 -0.1188
vn 0.1480 -0.9760 -0.1595
vn 0.1480 -0.9760 -0.1597
vn 0.1478 -0.9760 -0.1597
vn 0.1479 -0.9760 -0.1596
vn 0.1246 -0.9789 -0.1619
vn 0.1244 -0.9789 -0.1622
vn 0.1246 -0.9789 -0.1618
vn 0.1246 -0.9789 -0.1617
vn 0.1010 -0.9812 -0.1647
vn 0.1010 -0.9811 -0.1651
vn 0.1010 -0.9811 -0.1650
vn 0.1010 -0.9812 -0.1646
vn 0.1040 -0.9866 -0.1255
vn 0.1036 -0.9866 -0.1258
vn 0.1037 -0.9866 -0.1257
vn 0.0784 -0.9826 -0.1682
vn 0.0785 -0.9826 -0.1682
vn 0.0783 -0.9827 -0.1677
vn 0.0821 -0.9884 -0.1277
vn 0.0820 -0.9884 -0.1277
vn 0.0820 -0.9884 -0.1279
vn 0.1037 -0.9867 -0.1252
vn 0.1054 -0.9899 -0.0945
vn 0.1053 -0.9899 -0.0946
vn 0.1055 -0.9899 -0.0943
vn 0.0840 -0.9917 -0.0969
vn 0.0569 -0.9835 -0.1717
vn 0.0781 -0.9827 -0.1682
vn 0.0610 -0.9897 -0.1297
vn 0.0610 -0.9897 -0.1298
vn 0.0974 -0.9728 -0.2102
vn 0.0975 -0.9730 -0.2093
vn 0.0975 -0.9730 -0.2094
vn 0.0736 -0.9743 -0.2129
vn 0.0737 -0.9743 -0.2129
vn 0.0738 -0.9742 -0.2135
vn 0.0977 -0.9728 -0.2102
vn 0.0929 -0.9609 -0.2607
vn 0.0929 -0.9611 -0.2600
vn 0.0929 -0.9610 -0.2604
vn 0.0674 -0.9621 -0.2641
vn 0.0673 -0.9626 -0.2625
vn 0.0672 -0.9626 -0.2626
vn 0.0674 -0.9621 -0.2643
vn 0.0873 -0.9452 -0.3146
vn 0.0873 -0.9454 -0.3139
vn 0.0873 -0.9454 -0.3140
vn 0.0929 -0.9610 -0.2607
vn 0.0598 -0.9463 -0.3178
vn 0.1157 -0.9430 -0.3119
vn 0.1158 -0.9431 -0.3117
vn 0.1159 -0.9432 -0.3113
vn 0.1192 -0.9590 -0.2570
vn 0.1194 -0.9589 -0.2574
vn 0.1194 -0.9589 -0.2575
vn 0.1194 -0.9590 -0.2572
vn 0.0873 -0.9452 -0.3147
vn 0.1114 -0.9223 -0.3702
vn 0.1115 -0.9224 -0.3698
vn 0.1114 -0.9226 -0.3694
vn 0.0806 -0.9247 -0.3720
vn 0.0806 -0.9247 -0.3719
vn 0.0807 -0.9246 -0.3723
vn 0.1113 -0.9226 -0.3692
vn 0.0806 -0.9247 -0.3721
vn 0.1057 -0.8966 -0.4301
vn 0.1056 -0.8966 -0.4301
vn 0.1058 -0.8967 -0.4297
vn 0.0731 -0.8989 -0.4321
vn 0.0731 -0.8991 -0.4315
vn 0.0731 -0.8991 -0.4316
vn 0.1058 -0.8968 -0.4297
vn 0.0731 -0.8988 -0.4322
vn 0.1394 -0.8932 -0.4276
vn 0.1394 -0.8931 -0.4277
vn 0.1394 -0.8931 -0.4278
vn 0.1350 -0.8623 -0.4881
vn 0.1349 -0.8624 -0.4879
vn 0.1351 -0.8624 -0.4878
vn 0.1351 -0.8624 -0.4879
vn 0.1692 -0.8214 -0.5446
vn 0.1693 -0.8217 -0.5442
vn 0.1731 -0.8569 -0.4855
vn 0.1732 -0.8572 -0.4850
vn 0.1732 -0.8571 -0.4851
vn 0.1294 -0.8270 -0.5472
vn 0.2151 -0.8495 -0.4817
vn 0.2150 -0.8495 -0.4818
vn 0.2149 -0.8494 -0.4820
vn 0.2140 -0.8803 -0.4235
vn 0.2141 -0.8802 -0.4237
vn 0.2144 -0.8806 -0.4226
vn 0.1751 -0.8877 -0.4257
vn 0.1752 -0.8880 -0.4252
vn 0.1751 -0.8880 -0.4251
vn 0.2150 -0.8494 -0.4820
vn 0.2144 -0.8807 -0.4224
vn 0.2114 -0.9064 -0.3657
vn 0.2115 -0.9063 -0.3658
vn 0.2119 -0.9069 -0.3643
vn 0.1750 -0.8878 -0.4257
vn 0.1757 -0.9138 -0.3661
vn 0.1758 -0.9140 -0.3655
vn 0.1757 -0.9141 -0.3655
vn 0.1751 -0.9348 -0.3091
vn 0.1751 -0.9350 -0.3083
vn 0.1751 -0.9350 -0.3084
vn 0.2077 -0.9280 -0.3094
vn 0.2077 -0.9279 -0.3097
vn 0.2083 -0.9285 -0.3075
vn 0.2119 -0.9070 -0.3640
vn 0.1757 -0.9139 -0.3660
vn 0.1750 -0.9348 -0.3092
vn 0.1427 -0.9192 -0.3669
vn 0.1427 -0.9192 -0.3670
vn 0.1427 -0.9191 -0.3674
vn 0.1448 -0.9397 -0.3097
vn 0.1448 -0.9398 -0.3095
vn 0.1448 -0.9398 -0.3094
vn 0.1740 -0.9512 -0.2550
vn 0.1740 -0.9515 -0.2538
vn 0.1739 -0.9515 -0.2539
vn 0.1463 -0.9558 -0.2552
vn 0.1462 -0.9558 -0.2551
vn 0.1463 -0.9557 -0.2553
vn 0.1739 -0.9511 -0.2551
vn 0.1448 -0.9398 -0.3097
vn 0.2037 -0.9456 -0.2538
vn 0.2037 -0.9452 -0.2550
vn 0.2038 -0.9453 -0.2548
vn 0.1999 -0.9585 -0.2032
vn 0.2000 -0.9586 -0.2027
vn 0.1726 -0.9637 -0.2038
vn 0.1726 -0.9638 -0.2033
vn 0.1976 -0.9680 -0.1549
vn 0.1975 -0.9680 -0.1551
vn 0.2000 -0.9586 -0.2026
vn 0.1720 -0.9725 -0.1569
vn 0.1718 -0.9725 -0.1570
vn 0.1718 -0.9725 -0.1571
vn 0.1721 -0.9725 -0.1570
vn 0.1963 -0.9741 -0.1125
vn 0.1965 -0.9740 -0.1132
vn 0.1965 -0.9740 -0.1131
vn 0.1975 -0.9680 -0.1550
vn 0.1721 -0.9782 -0.1159
vn 0.1721 -0.9783 -0.1158
vn 0.1720 -0.9782 -0.1166
vn 0.1720 -0.9782 -0.1167
vn 0.1963 -0.9741 -0.1124
vn 0.1975 -0.9770 -0.0807
vn 0.1975 -0.9770 -0.0808
vn 0.1976 -0.9770 -0.0799
vn 0.2248 -0.9715 -0.0750
vn 0.2247 -0.9716 -0.0748
vn 0.2245 -0.9715 -0.0764
vn 0.1975 -0.9770 -0.0799
vn 0.2235 -0.9685 -0.1096
vn 0.2234 -0.9686 -0.1089
vn 0.2233 -0.9686 -0.1090
vn 0.2246 -0.9714 -0.0767
vn 0.2519 -0.9620 -0.1053
vn 0.2519 -0.9620 -0.1051
vn 0.2518 -0.9619 -0.1060
vn 0.2519 -0.9619 -0.1060
vn 0.2235 -0.9685 -0.1098
vn 0.2535 -0.9648 -0.0705
vn 0.2542 -0.9644 -0.0730
vn 0.2542 -0.9644 -0.0724
vn 0.2535 -0.9648 -0.0700
vn 0.2276 -0.9723 -0.0527
vn 0.2277 -0.9723 -0.0530
vn 0.2279 -0.9723 -0.0513
vn 0.2589 -0.9648 -0.0467
vn 0.2586 -0.9649 -0.0464
vn 0.2584 -0.9648 -0.0491
vn 0.2278 -0.9724 -0.0510
vn 0.2548 -0.9550 -0.1518
vn 0.2551 -0.9550 -0.1515
vn 0.2550 -0.9549 -0.1521
vn 0.2256 -0.9621 -0.1532
vn 0.2255 -0.9621 -0.1536
vn 0.2256 -0.9621 -0.1534
vn 0.2257 -0.9621 -0.1531
vn 0.2550 -0.9549 -0.1522
vn 0.3008 -0.9327 -0.1990
vn 0.3007 -0.9330 -0.1978
vn 0.2999 -0.9324 -0.2017
vn 0.3000 -0.9322 -0.2025
vn 0.2635 -0.9431 -0.2025
vn 0.2636 -0.9436 -0.2004
vn 0.2631 -0.9437 -0.2007
vn 0.2863 -0.9458 -0.1531
vn 0.2864 -0.9458 -0.1534
vn 0.2867 -0.9460 -0.1514
vn 0.2633 -0.9432 -0.2028
vn 0.2303 -0.9517 -0.2030
vn 0.2303 -0.9521 -0.2013
vn 0.2300 -0.9521 -0.2015
vn 0.2368 -0.9379 -0.2534
vn 0.2368 -0.9374 -0.2553
vn 0.2371 -0.9374 -0.2551
vn 0.2371 -0.9379 -0.2531
vn 0.2740 -0.9282 -0.2518
vn 0.2739 -0.9275 -0.2545
vn 0.2745 -0.9274 -0.2541
vn 0.2039 -0.9456 -0.2536
vn 0.2449 -0.9196 -0.3071
vn 0.2449 -0.9198 -0.3068
vn 0.2444 -0.9193 -0.3085
vn 0.2082 -0.9286 -0.3071
vn 0.2445 -0.9192 -0.3088
vn 0.2979 -0.8849 -0.3581
vn 0.2975 -0.8840 -0.3605
vn 0.2982 -0.8839 -0.3602
vn 0.2865 -0.9078 -0.3063
vn 0.2868 -0.9088 -0.3032
vn 0.2861 -0.9088 -0.3037
vn 0.2858 -0.9079 -0.3068
vn 0.2519 -0.8974 -0.3622
vn 0.2516 -0.8966 -0.3645
vn 0.2520 -0.8966 -0.3642
vn 0.2524 -0.8973 -0.3621
vn 0.3082 -0.8567 -0.4136
vn 0.3076 -0.8560 -0.4156
vn 0.3083 -0.8559 -0.4153
vn 0.2986 -0.8848 -0.3578
vn 0.2580 -0.8704 -0.4194
vn 0.2576 -0.8697 -0.4210
vn 0.2580 -0.8697 -0.4208
vn 0.2583 -0.8703 -0.4193
vn 0.3157 -0.8244 -0.4697
vn 0.3155 -0.8240 -0.4707
vn 0.3157 -0.8239 -0.4706
vn 0.3088 -0.8567 -0.4132
vn 0.2619 -0.8391 -0.4768
vn 0.2616 -0.8386 -0.4778
vn 0.2619 -0.8386 -0.4777
vn 0.2622 -0.8390 -0.4767
vn 0.3193 -0.7873 -0.5274
vn 0.3162 -0.8243 -0.4696
vn 0.2627 -0.8027 -0.5355
vn 0.2628 -0.8027 -0.5353
vn 0.2627 -0.8028 -0.5353
vn 0.3791 -0.8040 -0.4581
vn 0.3790 -0.8042 -0.4579
vn 0.3783 -0.8037 -0.4592
vn 0.3663 -0.8379 -0.4047
vn 0.3665 -0.8375 -0.4052
vn 0.3676 -0.8384 -0.4025
vn 0.3784 -0.8035 -0.4595
vn 0.3860 -0.7650 -0.5155
vn 0.4647 -0.7324 -0.4977
vn 0.4646 -0.7322 -0.4980
vn 0.4647 -0.7323 -0.4978
vn 0.4713 -0.8670 -0.1621
vn 0.4530 -0.7751 -0.4405
vn 0.4507 -0.8790 0.1558
vn 0.0915 -0.9903 0.1049
vn 0.5405 -0.7359 -0.4078
vn 0.0003 -0.9773 0.2118
vn -0.2797 -0.8493 0.4478
vn 0.5564 -0.6851 -0.4702
vn 0.5560 -0.6852 -0.4706
vn 0.5564 -0.6849 -0.4704
vn 0.4292 -0.8692 0.2454
vn 0.4649 -0.7323 -0.4977
vn -0.4269 0.8390 -0.3374
vn -0.8367 0.5448 -0.0550
vn -0.4625 0.8227 -0.3305
vn 0.3178 0.7233 -0.6131
vn -0.1147 0.8796 -0.4616
vn 0.8771 -0.3886 -0.2822
vn -0.1010 0.8928 -0.4389
vn 0.7690 -0.6343 -0.0794
vn 0.4854 -0.8219 -0.2983
vn 0.4860 -0.8226 -0.2954
vn 0.4847 -0.8228 -0.2968
vn 0.5548 -0.7914 -0.2567
vn 0.5541 -0.7911 -0.2590
vn 0.5552 -0.7910 -0.2572
vn 0.5559 -0.7912 -0.2549
vn 0.5960 -0.7408 -0.3099
vn 0.5958 -0.7416 -0.3082
vn 0.5943 -0.7414 -0.3117
vn 0.5945 -0.7405 -0.3135
vn 0.6285 -0.6845 -0.3693
vn 0.6272 -0.6848 -0.3710
vn 0.6285 -0.6841 -0.3700
vn 0.6297 -0.6839 -0.3684
vn 0.7127 -0.6220 -0.3244
vn 0.7129 -0.6212 -0.3255
vn 0.7142 -0.6208 -0.3233
vn 0.6714 -0.6921 -0.2649
vn 0.6729 -0.6914 -0.2631
vn 0.6716 -0.6919 -0.2650
vn 0.6702 -0.6926 -0.2668
vn 0.7142 -0.6214 -0.3220
vn 0.7407 -0.6365 -0.2151
vn 0.7389 -0.6382 -0.2162
vn 0.7398 -0.6378 -0.2143
vn 0.7875 -0.5524 -0.2733
vn 0.7414 -0.6362 -0.2134
vn 0.7298 -0.6730 -0.1199
vn 0.7279 -0.6752 -0.1195
vn 0.7275 -0.6757 -0.1194
vn 0.6782 -0.7160 -0.1655
vn 0.6795 -0.7148 -0.1654
vn 0.6796 -0.7145 -0.1664
vn 0.7962 -0.5827 -0.1628
vn 0.7294 -0.6735 -0.1200
vn 0.6801 -0.7313 -0.0521
vn 0.6809 -0.7302 -0.0570
vn 0.6814 -0.7297 -0.0558
vn 0.6480 -0.7569 -0.0854
vn 0.6495 -0.7554 -0.0864
vn 0.6505 -0.7547 -0.0850
vn 0.7659 -0.6384 -0.0773
vn 0.6488 -0.7563 -0.0841
vn 0.5666 -0.8219 -0.0589
vn 0.5679 -0.8209 -0.0606
vn 0.5688 -0.8204 -0.0581
vn 0.5913 -0.8056 -0.0375
vn 0.5926 -0.8046 -0.0384
vn 0.5934 -0.8041 -0.0355
vn 0.5921 -0.8051 -0.0346
vn 0.6809 -0.7306 -0.0508
vn 0.5676 -0.8213 -0.0572
vn 0.4899 -0.8708 -0.0409
vn 0.4911 -0.8701 -0.0419
vn 0.4918 -0.8698 -0.0389
vn 0.5096 -0.8601 -0.0235
vn 0.5086 -0.8607 -0.0229
vn 0.5080 -0.8610 -0.0257
vn 0.5088 -0.8605 -0.0265
vn 0.4333 -0.9011 -0.0157
vn 0.4343 -0.9006 -0.0191
vn 0.4376 -0.8990 -0.0192
vn 0.5215 -0.8531 -0.0139
vn 0.5222 -0.8527 -0.0166
vn 0.4395 -0.8982 -0.0099
vn 0.4450 -0.8954 -0.0142
vn 0.3659 -0.9306 -0.0113
vn 0.3641 -0.9311 -0.0220
vn 0.3730 -0.9277 -0.0157
vn 0.3792 -0.9252 -0.0144
vn 0.3785 -0.9255 -0.0104
vn 0.4463 -0.8948 -0.0106
vn 0.3728 -0.9279 -0.0094
vn 0.3211 -0.9469 -0.0144
vn 0.3248 -0.9457 -0.0154
vn 0.3254 -0.9455 -0.0117
vn 0.3794 -0.9251 -0.0131
vn 0.2783 -0.9603 -0.0165
vn 0.2810 -0.9596 -0.0172
vn 0.2815 -0.9595 -0.0143
vn 0.3200 -0.9474 -0.0109
vn 0.2775 -0.9606 -0.0139
vn 0.2417 -0.9701 -0.0193
vn 0.3803 -0.9246 -0.0203
vn 0.4478 -0.8940 -0.0124
vn 0.4478 -0.8940 -0.0171
vn 0.4460 -0.8949 -0.0156
vn 0.3598 -0.9328 -0.0192
vn 0.3608 -0.9324 -0.0226
vn 0.4215 -0.9064 -0.0285
vn 0.4204 -0.9070 -0.0243
vn 0.4204 -0.9070 -0.0256
vn 0.3491 -0.9365 -0.0345
vn 0.4061 -0.9128 -0.0441
vn 0.4049 -0.9135 -0.0392
vn 0.4050 -0.9134 -0.0410
vn 0.4216 -0.9063 -0.0299
vn 0.4908 -0.8705 -0.0379
vn 0.4698 -0.8806 -0.0623
vn 0.4688 -0.8815 -0.0573
vn 0.4689 -0.8812 -0.0596
vn 0.4063 -0.9126 -0.0461
vn 0.5372 -0.8389 -0.0878
vn 0.5380 -0.8383 -0.0887
vn 0.5389 -0.8378 -0.0874
vn 0.5381 -0.8384 -0.0866
vn 0.4700 -0.8803 -0.0647
vn 0.5045 -0.8546 -0.1226
vn 0.5042 -0.8549 -0.1223
vn 0.5035 -0.8553 -0.1223
vn 0.4452 -0.8911 -0.0881
vn 0.5038 -0.8550 -0.1227
vn 0.4648 -0.8704 -0.1621
vn 0.4647 -0.8706 -0.1614
vn 0.4648 -0.8704 -0.1624
vn 0.5102 -0.8348 -0.2071
vn 0.5099 -0.8345 -0.2089
vn 0.5105 -0.8345 -0.2072
vn 0.5107 -0.8348 -0.2055
vn 0.5625 -0.8102 -0.1648
vn 0.5629 -0.8091 -0.1689
vn 0.5634 -0.8096 -0.1649
vn 0.5631 -0.8106 -0.1607
vn 0.6102 -0.7826 -0.1234
vn 0.6090 -0.7836 -0.1230
vn 0.6084 -0.7840 -0.1229
vn 0.6781 -0.7158 -0.1668
vn 0.6201 -0.7553 -0.2122
vn 0.6211 -0.7548 -0.2108
vn 0.6204 -0.7549 -0.2126
vn 0.6095 -0.7831 -0.1236
vn 0.6194 -0.7553 -0.2139
vn 0.4182 -0.8857 -0.2017
vn 0.4181 -0.8865 -0.1985
vn 0.4175 -0.8855 -0.2037
vn 0.4649 -0.8702 -0.1631
vn 0.4521 -0.8570 -0.2475
vn 0.4522 -0.8576 -0.2449
vn 0.4512 -0.8578 -0.2463
vn 0.4177 -0.8848 -0.2066
vn 0.4510 -0.8571 -0.2491
vn 0.3907 -0.8769 -0.2800
vn 0.3909 -0.8779 -0.2765
vn 0.3898 -0.8781 -0.2776
vn 0.4148 -0.8474 -0.3313
vn 0.4153 -0.8483 -0.3284
vn 0.4142 -0.8485 -0.3293
vn 0.4840 -0.8221 -0.2998
vn 0.4136 -0.8477 -0.3323
vn 0.3894 -0.8771 -0.2812
vn 0.3526 -0.8686 -0.3482
vn 0.3524 -0.8691 -0.3471
vn 0.3512 -0.8680 -0.3510
vn 0.3340 -0.8942 -0.2982
vn 0.3342 -0.8938 -0.2992
vn 0.3351 -0.8947 -0.2953
vn 0.3351 -0.8951 -0.2940
vn 0.3653 -0.9015 -0.2320
vn 0.3653 -0.9007 -0.2353
vn 0.3664 -0.9005 -0.2342
vn 0.3174 -0.9150 -0.2492
vn 0.3174 -0.9159 -0.2457
vn 0.3165 -0.9160 -0.2463
vn 0.3661 -0.9014 -0.2310
vn 0.3856 -0.9082 -0.1624
vn 0.3858 -0.9077 -0.1650
vn 0.3860 -0.9083 -0.1615
vn 0.3423 -0.9195 -0.1932
vn 0.3424 -0.9192 -0.1946
vn 0.3431 -0.9198 -0.1902
vn 0.3431 -0.9204 -0.1877
vn 0.3857 -0.9089 -0.1587
vn 0.3538 -0.9275 -0.1211
vn 0.3537 -0.9274 -0.1213
vn 0.3538 -0.9274 -0.1211
vn 0.3539 -0.9274 -0.1213
vn 0.3229 -0.9344 -0.1506
vn 0.3224 -0.9350 -0.1475
vn 0.3218 -0.9351 -0.1482
vn 0.3154 -0.9440 -0.0968
vn 0.3173 -0.9428 -0.1023
vn 0.3165 -0.9433 -0.0998
vn 0.3221 -0.9345 -0.1514
vn 0.2867 -0.9461 -0.1508
vn 0.3154 -0.9441 -0.0959
vn 0.2813 -0.9545 -0.0992
vn 0.2821 -0.9540 -0.1019
vn 0.2820 -0.9541 -0.1012
vn 0.6100 -0.7922 -0.0182
vn 0.6517 -0.6225 -0.4333
vn 0.6512 -0.6227 -0.4339
vn 0.6517 -0.6223 -0.4336
vn 0.6522 -0.6222 -0.4331
vn 0.7422 -0.5463 -0.3883
vn 0.7415 -0.5469 -0.3888
vn 0.7421 -0.5463 -0.3884
vn 0.6613 -0.5577 -0.5016
vn 0.6608 -0.5581 -0.5018
vn 0.6615 -0.5579 -0.5012
vn 0.7429 -0.5456 -0.3878
vn 0.7534 -0.4719 -0.4579
vn 0.7530 -0.4723 -0.4582
vn 0.7535 -0.4720 -0.4576
vn 0.7541 -0.4715 -0.4572
vn 0.5567 -0.6849 -0.4701
vn 0.6621 -0.5575 -0.5009
vn 0.5635 -0.6298 -0.5347
vn 0.5630 -0.6299 -0.5350
vn 0.5630 -0.6297 -0.5352
vn 0.5635 -0.6296 -0.5349
vn 0.5593 -0.5704 -0.6015
vn 0.5579 -0.5712 -0.6021
vn 0.5582 -0.5702 -0.6028
vn 0.5595 -0.5692 -0.6024
vn 0.6570 -0.4885 -0.5742
vn 0.3674 -0.8388 -0.4018
vn 0.3514 -0.8676 -0.3519
vn 0.3165 -0.9151 -0.2499
vn 0.2745 -0.9281 -0.2514
vn 0.2301 -0.9517 -0.2032
vn 0.2813 -0.9545 -0.0988
vn 0.2001 -0.9782 -0.0559
vn 0.2000 -0.9782 -0.0557
vn 0.1998 -0.9782 -0.0573
vn 0.1999 -0.9781 -0.0576
vn 0.1732 -0.9813 -0.0844
vn 0.1732 -0.9813 -0.0842
vn 0.1730 -0.9812 -0.0854
vn 0.1731 -0.9812 -0.0856
vn 0.1473 -0.9675 -0.2054
vn 0.1474 -0.9676 -0.2050
vn 0.1476 -0.9676 -0.2048
vn 0.1463 -0.9558 -0.2550
vn 0.2133 -0.8139 -0.5405
vn 0.2133 -0.8139 -0.5404
vn 0.2133 -0.8138 -0.5406
vn 0.2627 -0.8029 -0.5352
vn 0.2086 -0.7734 -0.5986
vn 0.2089 -0.7737 -0.5982
vn 0.2132 -0.8138 -0.5407
vn 0.2087 -0.7734 -0.5985
vn 0.2010 -0.7255 -0.6582
vn 0.2008 -0.7256 -0.6582
vn 0.2012 -0.7258 -0.6579
vn 0.1550 -0.7330 -0.6623
vn 0.1549 -0.7331 -0.6623
vn 0.1551 -0.7332 -0.6621
vn 0.1635 -0.7815 -0.6021
vn 0.1634 -0.7813 -0.6024
vn 0.1634 -0.7814 -0.6023
vn 0.2015 -0.7257 -0.6579
vn 0.1897 -0.6687 -0.7189
vn 0.1894 -0.6688 -0.7189
vn 0.1898 -0.6687 -0.7189
vn 0.1434 -0.6750 -0.7237
vn 0.1552 -0.7331 -0.6621
vn 0.1901 -0.6686 -0.7190
vn 0.1635 -0.7814 -0.6022
vn 0.1426 -0.9192 -0.3671
vn 0.1472 -0.9676 -0.2053
vn 0.1224 -0.9707 -0.2069
vn 0.1224 -0.9705 -0.2077
vn 0.1224 -0.9705 -0.2076
vn 0.1224 -0.9707 -0.2068
vn 0.1055 -0.9900 -0.0942
vn 0.1289 -0.9893 -0.0682
vn 0.1062 -0.9918 -0.0714
vn 0.2028 -0.9784 -0.0395
vn 0.2033 -0.9782 -0.0415
vn 0.2041 -0.9785 -0.0304
vn -0.0031 -0.9950 -0.0999
vn -0.0030 -0.9950 -0.0996
vn -0.0034 -0.9949 -0.1009
vn -0.0035 -0.9949 -0.1012
vn 0.0649 -0.8684 -0.4917
vn -0.0910 -0.9871 -0.1315
vn -0.1284 -0.9777 -0.1662
vn -0.2507 -0.8618 -0.4410
vn -0.2842 -0.8240 -0.4901
vn -0.2138 -0.8425 -0.4944
vn -0.2146 -0.8443 -0.4911
vn -0.2149 -0.8439 -0.4917
vn -0.2142 -0.8420 -0.4951
vn -0.2124 -0.6927 -0.6892
vn -0.2065 -0.7407 -0.6393
vn -0.2130 -0.5726 -0.7917
vn -0.2129 -0.4985 -0.8403
vn -0.2631 -0.5706 -0.7780
vn -0.3183 -0.6852 -0.6551
vn -0.3195 -0.6855 -0.6542
vn -0.3187 -0.6856 -0.6545
vn -0.2616 -0.6907 -0.6742
vn -0.4219 -0.3846 -0.8211
vn -0.4216 -0.3841 -0.8214
vn -0.4219 -0.3847 -0.8210
vn -0.4787 -0.4671 -0.7434
vn -0.4223 -0.3846 -0.8208
vn -0.3317 -0.3499 -0.8761
vn -0.3320 -0.3501 -0.8759
vn -0.3319 -0.3499 -0.8760
vn -0.3703 -0.2968 -0.8802
vn -0.3709 -0.2892 -0.8825
vn -0.3703 -0.2954 -0.8807
vn -0.3072 -0.2638 -0.9144
vn -0.3074 -0.2598 -0.9154
vn -0.3071 -0.2627 -0.9147
vn -0.3070 -0.2661 -0.9137
vn -0.3315 -0.3498 -0.8762
vn -0.3698 -0.3021 -0.8786
vn -0.3280 -0.2218 -0.9183
vn -0.3280 -0.2164 -0.9195
vn -0.3278 -0.2197 -0.9188
vn -0.2903 -0.1747 -0.9408
vn -0.2899 -0.1689 -0.9420
vn -0.2899 -0.1715 -0.9416
vn -0.2748 -0.2094 -0.9384
vn -0.2746 -0.2091 -0.9385
vn -0.2740 -0.2118 -0.9381
vn -0.3279 -0.2244 -0.9177
vn -0.2828 -0.3152 -0.9059
vn -0.2828 -0.3159 -0.9057
vn -0.2829 -0.3151 -0.9059
vn -0.2830 -0.3144 -0.9061
vn -0.2937 -0.4040 -0.8663
vn -0.1867 -0.3329 -0.9243
vn -0.2744 -0.2122 -0.9379
vn -0.2539 -0.1470 -0.9560
vn -0.2902 -0.1765 -0.9405
vn -0.1688 -0.2437 -0.9550
vn -0.3508 -0.0469 -0.9353
vn 0.2891 0.1772 0.9408
vn 0.2898 0.1738 0.9412
vn 0.2897 0.1739 0.9412
vn 0.3267 0.2261 0.9177
vn 0.3268 0.2296 0.9168
vn 0.3270 0.2231 0.9183
vn 0.2889 0.1774 0.9408
vn 0.3071 0.2608 0.9152
vn 0.3071 0.2638 0.9144
vn 0.3073 0.2595 0.9156
vn 0.2742 0.2108 0.9383
vn 0.2751 0.2069 0.9389
vn 0.2749 0.2071 0.9389
vn 0.3271 0.2180 0.9195
vn 0.2829 0.3140 0.9063
vn 0.2828 0.3167 0.9054
vn 0.2825 0.3141 0.9064
vn 0.2577 0.2611 0.9303
vn 0.2582 0.2575 0.9311
vn 0.2581 0.2576 0.9311
vn 0.3075 0.2557 0.9165
vn 0.2741 0.2109 0.9383
vn 0.2476 0.3493 0.9037
vn 0.2453 0.3582 0.9009
vn 0.2465 0.3544 0.9020
vn 0.2575 0.2612 0.9303
vn 0.2834 0.3117 0.9069
vn 0.2938 0.4039 0.8664
vn 0.2948 0.3992 0.8682
vn 0.2940 0.4020 0.8672
vn 0.2516 0.4271 0.8685
vn 0.2495 0.4348 0.8653
vn 0.2506 0.4319 0.8664
vn 0.2482 0.3482 0.9040
vn 0.2932 0.4067 0.8652
vn 0.2146 0.3454 0.9136
vn 0.2121 0.4235 0.8807
vn 0.2120 0.4234 0.8808
vn 0.2114 0.4276 0.8789
vn 0.2115 0.4277 0.8788
vn 0.2524 0.4253 0.8691
vn 0.2111 0.5033 0.8379
vn 0.2572 0.5027 0.8253
vn 0.2589 0.4976 0.8278
vn 0.2581 0.4993 0.8271
vn 0.2564 0.5044 0.8245
vn 0.2637 0.0471 0.9635
vn 0.2642 0.0560 0.9628
vn 0.5115 0.5449 0.6644
vn -0.3177 -0.6851 -0.6555
vn -0.5587 -0.6456 -0.5206
vn -0.5216 -0.7515 -0.4040
vn -0.4730 -0.8011 -0.3668
vn -0.3375 -0.9411 0.0214
vn -0.3410 -0.9396 0.0306
vn -0.3395 -0.9403 0.0254
vn -0.3360 -0.9417 0.0160
vn -0.5996 -0.7498 0.2797
vn -0.4780 -0.7801 0.4038
vn -0.3834 -0.6999 0.6027
vn -0.3647 -0.6436 0.6729
vn -0.2906 -0.7141 0.6369
vn -0.2905 -0.7141 0.6369
vn -0.2908 -0.7143 0.6365
vn -0.3242 -0.8641 0.3849
vn -0.2123 -0.8204 0.5308
vn -0.1946 -0.8581 0.4752
vn -0.0773 -0.9224 0.3784
vn -0.1331 -0.8941 0.4277
vn -0.1330 -0.8942 0.4275
vn -0.1329 -0.8935 0.4289
vn -0.0954 -0.8968 0.4320
vn -0.1330 -0.8934 0.4291
vn -0.0268 -0.9476 0.3183
vn -0.0106 -0.9641 0.2652
vn -0.0108 -0.9640 0.2656
vn -0.0109 -0.9650 0.2620
vn -0.0107 -0.9651 0.2616
vn 0.0299 -0.9779 0.2070
vn 0.0303 -0.9784 0.2046
vn 0.0305 -0.9783 0.2049
vn 0.0043 -0.9776 0.2106
vn 0.0042 -0.9775 0.2108
vn 0.0041 -0.9780 0.2088
vn 0.0174 -0.9656 0.2596
vn 0.0043 -0.9780 0.2085
vn 0.0173 -0.9872 0.1584
vn 0.0174 -0.9873 0.1582
vn 0.0174 -0.9869 0.1602
vn 0.0174 -0.9869 0.1605
vn 0.0299 -0.9778 0.2072
vn -0.0271 -0.8983 0.4385
vn -0.2910 -0.7143 0.6364
vn -0.3462 -0.4119 0.8429
vn -0.3465 -0.4115 0.8430
vn -0.3466 -0.4130 0.8422
vn -0.3537 -0.4830 0.8010
vn -0.3465 -0.4133 0.8421
vn 0.6777 0.3240 -0.6601
vn 0.7560 0.6029 -0.2547
vn 0.7565 0.6029 -0.2535
vn 0.7567 0.6023 -0.2540
vn 0.7560 0.6026 -0.2556
vn 0.6977 0.6900 -0.1926
vn 0.5964 0.7520 -0.2807
vn 0.6404 0.6869 -0.3437
vn 0.5259 0.8441 -0.1044
vn 0.7806 0.6097 0.1376
vn 0.9703 0.2341 0.0605
vn -0.7891 -0.5991 -0.1359
vn 0.8746 0.2255 0.4292
vn 0.1617 0.6365 0.7541
vn 0.2268 0.2491 0.9415
vn 0.1889 0.1329 0.9730
vn 0.0368 -0.7454 -0.6656
vn 0.0368 -0.7454 -0.6657
vn 0.0472 -0.7936 -0.6066
vn 0.0882 -0.6106 -0.7870
vn 0.1747 -0.6026 -0.7787
vn 0.1161 -0.3503 -0.9294
vn 0.3506 -0.5553 -0.7542
vn 0.5986 -0.3529 -0.7192
vn 0.5504 -0.2725 -0.7892
vn -0.1573 0.0525 0.9862
vn -0.1558 0.0473 0.9867
vn -0.1559 0.0480 0.9866
vn -0.1572 0.0531 0.9861
vn -0.1214 0.1455 0.9819
vn -0.1217 0.1474 0.9816
vn -0.1219 0.1472 0.9816
vn -0.1128 0.0716 0.9910
vn -0.1118 0.0678 0.9914
vn -0.1117 0.0683 0.9914
vn -0.1646 0.1313 0.9776
vn -0.1215 0.1452 0.9819
vn -0.1126 0.0721 0.9910
vn -0.2359 0.4297 0.8716
vn -0.3806 0.2118 0.9001
vn -0.4293 0.2934 0.8542
vn -0.7359 0.1499 0.6603
vn 0.2800 -0.9598 -0.0201
vn 0.2587 -0.9647 -0.0495
vt 0.382700 0.037900
vt 0.385900 0.050500
vt 0.380500 0.052000
vt 0.378800 0.039600
vt 0.375000 0.053400
vt 0.382000 0.064400
vt 0.140600 0.703800
vt 0.125000 0.708800
vt 0.125000 0.696600
vt 0.375000 0.041200
vt 0.375000 0.065700
vt 0.140600 0.692700
vt 0.125000 0.684300
vt 0.140600 0.681500
vt 0.156300 0.689200
vt 0.156300 0.698600
vt 0.156300 0.678800
vt 0.140600 0.670000
vt 0.156300 0.668000
vt 0.171900 0.666100
vt 0.156300 0.657000
vt 0.140600 0.658400
vt 0.171900 0.655600
vt 0.187500 0.664400
vt 0.187500 0.674100
vt 0.187500 0.654400
vt 0.171900 0.676400
vt 0.187500 0.644000
vt 0.203100 0.653300
vt 0.203100 0.643300
vt 0.187500 0.633500
vt 0.203100 0.633100
vt 0.218800 0.642600
vt 0.218800 0.622800
vt 0.218800 0.632700
vt 0.203100 0.622800
vt 0.203100 0.612600
vt 0.218800 0.612800
vt 0.187500 0.622900
vt 0.187500 0.612300
vt 0.171900 0.633900
vt 0.171900 0.622900
vt 0.187500 0.601800
vt 0.171900 0.601100
vt 0.171900 0.612000
vt 0.171900 0.590300
vt 0.156300 0.600300
vt 0.156300 0.611600
vt 0.140600 0.623100
vt 0.140600 0.611300
vt 0.140600 0.599500
vt 0.156300 0.623000
vt 0.125000 0.610900
vt 0.125000 0.598700
vt 0.156300 0.589100
vt 0.125000 0.586400
vt 0.140600 0.587800
vt 0.385300 0.151500
vt 0.375000 0.151300
vt 0.375000 0.139100
vt 0.384400 0.164000
vt 0.375000 0.163600
vt 0.383200 0.176500
vt 0.391400 0.177200
vt 0.393900 0.164500
vt 0.395800 0.151800
vt 0.403400 0.165200
vt 0.385900 0.139100
vt 0.397100 0.139100
vt 0.408600 0.139200
vt 0.406500 0.152200
vt 0.397600 0.126400
vt 0.420900 0.139300
vt 0.409400 0.126100
vt 0.422100 0.125900
vt 0.386200 0.126600
vt 0.397100 0.113700
vt 0.408800 0.113200
vt 0.386000 0.114200
vt 0.406800 0.100200
vt 0.418000 0.099200
vt 0.421000 0.112500
vt 0.434100 0.111700
vt 0.448500 0.110500
vt 0.451200 0.125400
vt 0.429800 0.097900
vt 0.435800 0.125600
vt 0.423600 0.084300
vt 0.433400 0.081900
vt 0.441800 0.095900
vt 0.424300 0.068500
vt 0.431400 0.065100
vt 0.442300 0.078400
vt 0.420900 0.052500
vt 0.437500 0.060600
vt 0.425800 0.048700
vt 0.429800 0.044000
vt 0.449800 0.073200
vt 0.455200 0.065900
vt 0.442200 0.054800
vt 0.459000 0.057200
vt 0.445800 0.047900
vt 0.448600 0.040300
vt 0.461600 0.047600
vt 0.450700 0.032400
vt 0.463500 0.037800
vt 0.452500 0.024300
vt 0.465000 0.028100
vt 0.454100 0.016200
vt 0.466300 0.018600
vt 0.455500 0.008100
vt 0.441900 0.013400
vt 0.440100 0.020000
vt 0.443500 0.006700
vt 0.425700 0.020200
vt 0.438200 0.026500
vt 0.427800 0.015300
vt 0.429700 0.010300
vt 0.417500 0.007000
vt 0.415500 0.010400
vt 0.413300 0.013800
vt 0.401000 0.007200
vt 0.403200 0.005400
vt 0.141400 0.742400
vt 0.125900 0.742800
vt 0.125900 0.744600
vt 0.411100 0.017000
vt 0.398900 0.009100
vt 0.125800 0.740900
vt 0.157000 0.742000
vt 0.141500 0.744300
vt 0.141400 0.740500
vt 0.157100 0.744000
vt 0.141600 0.746200
vt 0.157100 0.746000
vt 0.126000 0.746400
vt 0.141600 0.748100
vt 0.157200 0.748000
vt 0.126100 0.748200
vt 0.141700 0.750000
vt 0.157300 0.750000
vt 0.412500 0.953100
vt 0.411600 0.968800
vt 0.423100 0.968800
vt 0.410600 0.984400
vt 0.172800 0.750000
vt 0.172800 0.747900
vt 0.172700 0.745900
vt 0.188300 0.747900
vt 0.188400 0.750000
vt 0.188300 0.745700
vt 0.203900 0.750000
vt 0.203900 0.747800
vt 0.203800 0.745500
vt 0.414400 0.921900
vt 0.413500 0.937500
vt 0.424800 0.937500
vt 0.425600 0.921900
vt 0.219500 0.750000
vt 0.415300 0.906200
vt 0.426500 0.906300
vt 0.436900 0.921900
vt 0.448600 0.906300
vt 0.437600 0.906300
vt 0.448000 0.921900
vt 0.447400 0.937500
vt 0.436100 0.937500
vt 0.446800 0.953100
vt 0.458700 0.937500
vt 0.435400 0.953100
vt 0.458200 0.953100
vt 0.434700 0.968800
vt 0.457700 0.968800
vt 0.446200 0.968800
vt 0.457300 0.984400
vt 0.445600 0.984400
vt 0.445000 1.000000
vt 0.456800 1.000000
vt 0.456800 0.000000
vt 0.445000 0.000000
vt 0.431500 0.005200
vt 0.434000 0.984400
vt 0.433200 1.000000
vt 0.433200 0.000000
vt 0.422300 0.984400
vt 0.421500 1.000000
vt 0.421500 0.000000
vt 0.419500 0.003500
vt 0.409700 0.000000
vt 0.409700 1.000000
vt 0.407500 0.001800
vt 0.126200 0.750000
vt 0.423400 0.024900
vt 0.435900 0.032700
vt 0.433200 0.038600
vt 0.420800 0.029400
vt 0.408700 0.020100
vt 0.417800 0.033400
vt 0.396700 0.010900
vt 0.125700 0.739100
vt 0.141300 0.738500
vt 0.156900 0.740000
vt 0.156900 0.737900
vt 0.125600 0.737300
vt 0.141200 0.736500
vt 0.125600 0.735500
vt 0.141200 0.734500
vt 0.156800 0.733500
vt 0.156800 0.735700
vt 0.172300 0.732500
vt 0.156700 0.731200
vt 0.172400 0.734900
vt 0.172500 0.737200
vt 0.188000 0.734200
vt 0.188000 0.736600
vt 0.172500 0.739500
vt 0.188100 0.739000
vt 0.172600 0.741600
vt 0.172600 0.743800
vt 0.188100 0.741300
vt 0.188200 0.743500
vt 0.219400 0.747700
vt 0.219400 0.745400
vt 0.219300 0.743000
vt 0.234900 0.742700
vt 0.234900 0.745200
vt 0.219300 0.740600
vt 0.234900 0.740200
vt 0.203800 0.743300
vt 0.203700 0.740900
vt 0.203700 0.738500
vt 0.219200 0.738100
vt 0.219200 0.735500
vt 0.234800 0.737600
vt 0.234800 0.734900
vt 0.234700 0.732100
vt 0.250400 0.734400
vt 0.219200 0.732700
vt 0.234700 0.729100
vt 0.250300 0.731500
vt 0.219100 0.729800
vt 0.234700 0.725900
vt 0.250300 0.728400
vt 0.250300 0.725100
vt 0.265900 0.724400
vt 0.250200 0.721600
vt 0.265900 0.727800
vt 0.281500 0.727200
vt 0.265900 0.730900
vt 0.281500 0.730400
vt 0.297100 0.730000
vt 0.265900 0.733900
vt 0.281500 0.733500
vt 0.297100 0.733100
vt 0.266000 0.736800
vt 0.281500 0.736400
vt 0.266000 0.739600
vt 0.281600 0.739300
vt 0.297100 0.736100
vt 0.266000 0.742300
vt 0.281600 0.742000
vt 0.297100 0.739000
vt 0.266100 0.744900
vt 0.281600 0.744700
vt 0.297200 0.741800
vt 0.266100 0.747400
vt 0.297200 0.744600
vt 0.297200 0.747300
vt 0.281700 0.747400
vt 0.281700 0.750000
vt 0.297200 0.750000
vt 0.312800 0.747200
vt 0.429700 0.843800
vt 0.419100 0.843800
vt 0.420000 0.828100
vt 0.312800 0.750000
vt 0.430500 0.828200
vt 0.421000 0.812500
vt 0.441600 0.813000
vt 0.441000 0.828400
vt 0.431300 0.812800
vt 0.440400 0.843800
vt 0.451500 0.828400
vt 0.451900 0.813200
vt 0.452300 0.798300
vt 0.462500 0.798500
vt 0.462200 0.813300
vt 0.461900 0.828500
vt 0.462500 0.784100
vt 0.452500 0.783900
vt 0.442500 0.783300
vt 0.442100 0.797900
vt 0.442500 0.769600
vt 0.433200 0.767400
vt 0.432600 0.782400
vt 0.432000 0.797400
vt 0.452300 0.770400
vt 0.421900 0.796900
vt 0.422900 0.781200
vt 0.343900 0.747000
vt 0.343900 0.750000
vt 0.359400 0.750000
vt 0.423800 0.765600
vt 0.328300 0.747100
vt 0.328300 0.750000
vt 0.312800 0.744400
vt 0.328300 0.744200
vt 0.328300 0.741300
vt 0.343900 0.744100
vt 0.343900 0.741100
vt 0.328300 0.738400
vt 0.343900 0.738100
vt 0.359400 0.740900
vt 0.359400 0.737800
vt 0.359400 0.734700
vt 0.375000 0.740600
vt 0.375000 0.734400
vt 0.375000 0.737500
vt 0.375000 0.731300
vt 0.359400 0.731600
vt 0.343800 0.735000
vt 0.359400 0.728500
vt 0.375000 0.728100
vt 0.413500 0.719000
vt 0.403000 0.728100
vt 0.406100 0.731300
vt 0.416900 0.723100
vt 0.409200 0.734400
vt 0.420100 0.705100
vt 0.409900 0.715100
vt 0.424200 0.709700
vt 0.435200 0.700300
vt 0.427900 0.714800
vt 0.430500 0.694800
vt 0.446600 0.690600
vt 0.415500 0.701000
vt 0.441300 0.684200
vt 0.434800 0.679000
vt 0.425000 0.690200
vt 0.427200 0.675000
vt 0.435600 0.663200
vt 0.452700 0.673000
vt 0.445000 0.667300
vt 0.465100 0.660800
vt 0.458500 0.680700
vt 0.455300 0.654600
vt 0.443500 0.650900
vt 0.449800 0.637900
vt 0.465700 0.640400
vt 0.452300 0.624600
vt 0.475300 0.625100
vt 0.435100 0.636500
vt 0.436600 0.624200
vt 0.434900 0.611900
vt 0.449400 0.611100
vt 0.430500 0.599600
vt 0.442700 0.597800
vt 0.465100 0.609400
vt 0.454300 0.594700
vt 0.418200 0.600600
vt 0.421200 0.612200
vt 0.413800 0.589000
vt 0.424500 0.587400
vt 0.434600 0.585100
vt 0.425800 0.572800
vt 0.443600 0.581500
vt 0.417600 0.575500
vt 0.410400 0.563800
vt 0.403200 0.566200
vt 0.408700 0.577500
vt 0.403200 0.552400
vt 0.397500 0.554900
vt 0.417100 0.561000
vt 0.423000 0.557600
vt 0.413200 0.546300
vt 0.408400 0.549600
vt 0.399800 0.538300
vt 0.403500 0.535400
vt 0.417400 0.542600
vt 0.428200 0.553400
vt 0.421200 0.538300
vt 0.439300 0.564500
vt 0.444000 0.558300
vt 0.432400 0.548200
vt 0.447500 0.551000
vt 0.451000 0.576200
vt 0.456200 0.568800
vt 0.435800 0.542200
vt 0.438500 0.535600
vt 0.459700 0.559800
vt 0.450100 0.542700
vt 0.452100 0.533800
vt 0.440800 0.528300
vt 0.462000 0.549700
vt 0.463500 0.539000
vt 0.453600 0.524500
vt 0.464600 0.528100
vt 0.454700 0.514500
vt 0.444100 0.512100
vt 0.442600 0.520600
vt 0.433600 0.509700
vt 0.435100 0.501900
vt 0.445200 0.502600
vt 0.445900 0.491900
vt 0.455500 0.503900
vt 0.436100 0.492300
vt 0.456000 0.492200
vt 0.431800 0.516500
vt 0.423300 0.507500
vt 0.425400 0.502500
vt 0.421000 0.512400
vt 0.410200 0.508200
vt 0.418600 0.516800
vt 0.407500 0.510900
vt 0.404800 0.513600
vt 0.375000 0.508200
vt 0.375000 0.510900
vt 0.359400 0.510700
vt 0.375000 0.513600
vt 0.359400 0.513300
vt 0.343800 0.513100
vt 0.343800 0.510400
vt 0.359400 0.508000
vt 0.343900 0.507800
vt 0.359400 0.505300
vt 0.375000 0.505400
vt 0.359400 0.502700
vt 0.375000 0.502700
vt 0.343900 0.505200
vt 0.359400 0.500000
vt 0.343900 0.500000
vt 0.343900 0.502600
vt 0.328300 0.502500
vt 0.328300 0.505000
vt 0.328300 0.507600
vt 0.312700 0.507400
vt 0.312700 0.504900
vt 0.312700 0.502400
vt 0.297100 0.504800
vt 0.297100 0.507200
vt 0.297100 0.509700
vt 0.281600 0.507000
vt 0.281500 0.509400
vt 0.297100 0.512200
vt 0.281500 0.511900
vt 0.266000 0.509100
vt 0.265900 0.511600
vt 0.250300 0.513700
vt 0.250300 0.511200
vt 0.265900 0.514100
vt 0.265900 0.516800
vt 0.250300 0.516400
vt 0.281500 0.514500
vt 0.281500 0.517300
vt 0.297100 0.514900
vt 0.281400 0.520200
vt 0.265900 0.519700
vt 0.297000 0.520500
vt 0.297100 0.517600
vt 0.297000 0.523600
vt 0.281400 0.523200
vt 0.312600 0.520900
vt 0.312600 0.518000
vt 0.328200 0.515500
vt 0.328200 0.518300
vt 0.312700 0.515200
vt 0.328300 0.512800
vt 0.312700 0.512500
vt 0.328300 0.510200
vt 0.312700 0.509900
vt 0.343800 0.515800
vt 0.359400 0.516100
vt 0.343800 0.518500
vt 0.359400 0.518800
vt 0.343800 0.521400
vt 0.328200 0.521100
vt 0.343800 0.524300
vt 0.328200 0.524100
vt 0.312600 0.523900
vt 0.312600 0.527100
vt 0.297000 0.526900
vt 0.297000 0.530400
vt 0.281400 0.526500
vt 0.312600 0.530500
vt 0.297000 0.534300
vt 0.281400 0.530100
vt 0.281400 0.534100
vt 0.281400 0.538500
vt 0.265800 0.533600
vt 0.265700 0.538100
vt 0.250100 0.542300
vt 0.250100 0.537400
vt 0.265700 0.543000
vt 0.281300 0.543400
vt 0.265700 0.548600
vt 0.250100 0.547900
vt 0.234500 0.546800
vt 0.234500 0.553100
vt 0.250100 0.554100
vt 0.218800 0.551600
vt 0.234400 0.560100
vt 0.218800 0.558700
vt 0.250100 0.561100
vt 0.218800 0.566500
vt 0.234400 0.567800
vt 0.250000 0.568700
vt 0.265700 0.561700
vt 0.265700 0.554800
vt 0.281300 0.555100
vt 0.281300 0.548900
vt 0.296900 0.548800
vt 0.296900 0.554900
vt 0.296900 0.543400
vt 0.312500 0.548300
vt 0.312400 0.554300
vt 0.312200 0.561200
vt 0.296800 0.561800
vt 0.312000 0.568800
vt 0.327500 0.560100
vt 0.327800 0.553200
vt 0.343200 0.551400
vt 0.328000 0.547300
vt 0.343600 0.545700
vt 0.328100 0.542300
vt 0.343700 0.541200
vt 0.343800 0.537200
vt 0.312500 0.543000
vt 0.328200 0.537900
vt 0.343800 0.533700
vt 0.312600 0.538400
vt 0.328200 0.534100
vt 0.328200 0.530500
vt 0.312600 0.534300
vt 0.343800 0.530400
vt 0.328200 0.527200
vt 0.343800 0.527300
vt 0.359400 0.530200
vt 0.359400 0.527300
vt 0.375000 0.527200
vt 0.359400 0.524400
vt 0.375000 0.524500
vt 0.375000 0.521800
vt 0.359400 0.521600
vt 0.396700 0.521800
vt 0.407000 0.532100
vt 0.394000 0.524500
vt 0.399400 0.519100
vt 0.375000 0.519100
vt 0.375000 0.516300
vt 0.402100 0.516300
vt 0.413200 0.524900
vt 0.410200 0.528700
vt 0.416000 0.521000
vt 0.424400 0.533600
vt 0.433100 0.569300
vt 0.427200 0.528300
vt 0.429600 0.522600
vt 0.463700 0.589000
vt 0.403000 0.590200
vt 0.399300 0.579100
vt 0.406000 0.601300
vt 0.408100 0.612500
vt 0.422400 0.623900
vt 0.421400 0.635400
vt 0.408300 0.634700
vt 0.408900 0.623600
vt 0.395800 0.623400
vt 0.395200 0.612600
vt 0.393800 0.601900
vt 0.382400 0.612800
vt 0.381400 0.602400
vt 0.380200 0.592000
vt 0.391800 0.591200
vt 0.368600 0.602700
vt 0.367800 0.592700
vt 0.355100 0.603100
vt 0.369200 0.612900
vt 0.355500 0.613000
vt 0.341400 0.622800
vt 0.341300 0.613100
vt 0.341100 0.603400
vt 0.355700 0.622800
vt 0.369400 0.623000
vt 0.369200 0.633100
vt 0.382800 0.623100
vt 0.355500 0.632700
vt 0.368700 0.643100
vt 0.382500 0.633500
vt 0.381600 0.643800
vt 0.394100 0.644600
vt 0.395400 0.634000
vt 0.403500 0.656500
vt 0.392200 0.655100
vt 0.406300 0.645600
vt 0.414500 0.658200
vt 0.418600 0.646900
vt 0.425300 0.660300
vt 0.431100 0.648500
vt 0.418700 0.671900
vt 0.409500 0.669400
vt 0.404300 0.680400
vt 0.411800 0.683100
vt 0.418700 0.686300
vt 0.410300 0.697300
vt 0.406100 0.711500
vt 0.402000 0.708100
vt 0.396800 0.721900
vt 0.399900 0.725000
vt 0.359400 0.722100
vt 0.375000 0.721900
vt 0.375000 0.725000
vt 0.359400 0.725300
vt 0.431100 0.720400
vt 0.439100 0.706600
vt 0.442300 0.713500
vt 0.445000 0.721000
vt 0.434000 0.726400
vt 0.420100 0.727400
vt 0.458200 0.725300
vt 0.447400 0.728900
vt 0.456200 0.715800
vt 0.453700 0.706700
vt 0.465500 0.700200
vt 0.450600 0.698200
vt 0.462600 0.689900
vt 0.423100 0.731900
vt 0.412300 0.737500
vt 0.415400 0.740600
vt 0.426000 0.736700
vt 0.436600 0.732800
vt 0.418500 0.743800
vt 0.428700 0.741800
vt 0.438900 0.739800
vt 0.431200 0.747200
vt 0.440800 0.747900
vt 0.449300 0.737600
vt 0.459800 0.735300
vt 0.450800 0.747200
vt 0.461100 0.746100
vt 0.461900 0.757800
vt 0.451800 0.758100
vt 0.462400 0.770500
vt 0.433200 0.754500
vt 0.424700 0.750000
vt 0.375000 0.746900
vt 0.375000 0.750000
vt 0.359400 0.747000
vt 0.359400 0.743900
vt 0.375000 0.743800
vt 0.421600 0.746900
vt 0.328300 0.735400
vt 0.312700 0.738700
vt 0.312700 0.741500
vt 0.312700 0.735700
vt 0.312700 0.732700
vt 0.328300 0.732300
vt 0.328200 0.729200
vt 0.343800 0.732000
vt 0.343800 0.728800
vt 0.328200 0.726000
vt 0.343800 0.725600
vt 0.343800 0.722400
vt 0.328200 0.722700
vt 0.343800 0.719000
vt 0.328200 0.719200
vt 0.343800 0.715500
vt 0.359400 0.718900
vt 0.359400 0.715600
vt 0.343800 0.711900
vt 0.328200 0.715600
vt 0.359400 0.712200
vt 0.375000 0.718800
vt 0.375000 0.715700
vt 0.343800 0.708000
vt 0.359400 0.708700
vt 0.375000 0.712500
vt 0.343700 0.703800
vt 0.359400 0.705000
vt 0.375000 0.709400
vt 0.343600 0.699000
vt 0.358700 0.701000
vt 0.375000 0.703200
vt 0.375000 0.706300
vt 0.388400 0.699000
vt 0.384300 0.709400
vt 0.381200 0.706300
vt 0.377700 0.693200
vt 0.383200 0.696200
vt 0.378100 0.703200
vt 0.387400 0.712500
vt 0.393100 0.701900
vt 0.392400 0.688500
vt 0.385300 0.686100
vt 0.387600 0.675900
vt 0.377300 0.683800
vt 0.378000 0.674000
vt 0.379100 0.664100
vt 0.389900 0.665500
vt 0.396300 0.678000
vt 0.400000 0.667300
vt 0.398800 0.691200
vt 0.397700 0.704900
vt 0.404800 0.694100
vt 0.390500 0.715700
vt 0.380400 0.654000
vt 0.367400 0.662800
vt 0.368000 0.653000
vt 0.354600 0.661700
vt 0.355200 0.642500
vt 0.354900 0.652200
vt 0.341000 0.660700
vt 0.354800 0.670900
vt 0.367100 0.672400
vt 0.367500 0.681800
vt 0.370600 0.691000
vt 0.355400 0.679900
vt 0.342500 0.686300
vt 0.341700 0.678300
vt 0.356800 0.688200
vt 0.359000 0.696300
vt 0.375000 0.700000
vt 0.343200 0.693300
vt 0.328000 0.697700
vt 0.327800 0.691700
vt 0.312500 0.696900
vt 0.312500 0.702400
vt 0.328100 0.702900
vt 0.312600 0.707200
vt 0.328200 0.707500
vt 0.328200 0.711700
vt 0.312600 0.711600
vt 0.312600 0.715700
vt 0.297000 0.716000
vt 0.312600 0.719500
vt 0.297000 0.711800
vt 0.297000 0.719800
vt 0.312600 0.723000
vt 0.297000 0.723400
vt 0.312600 0.726300
vt 0.297100 0.726800
vt 0.312700 0.729600
vt 0.281500 0.723900
vt 0.281400 0.720300
vt 0.265800 0.720800
vt 0.281400 0.716400
vt 0.265800 0.717000
vt 0.265800 0.712700
vt 0.281400 0.712100
vt 0.281400 0.707500
vt 0.297000 0.707200
vt 0.281300 0.702400
vt 0.297000 0.702200
vt 0.296900 0.696600
vt 0.296900 0.690400
vt 0.281300 0.696700
vt 0.312400 0.690800
vt 0.312200 0.683900
vt 0.327500 0.684800
vt 0.312000 0.676300
vt 0.327100 0.677100
vt 0.296700 0.675900
vt 0.296800 0.683400
vt 0.296600 0.667800
vt 0.311900 0.668100
vt 0.281200 0.675800
vt 0.281200 0.667700
vt 0.265700 0.676200
vt 0.281300 0.683400
vt 0.281200 0.659200
vt 0.296600 0.659200
vt 0.265700 0.668000
vt 0.265700 0.659500
vt 0.250000 0.668600
vt 0.265600 0.650600
vt 0.250000 0.660000
vt 0.250000 0.651000
vt 0.234400 0.669500
vt 0.234400 0.660700
vt 0.250000 0.641700
vt 0.234400 0.642100
vt 0.234400 0.651500
vt 0.234400 0.632400
vt 0.250000 0.632200
vt 0.250000 0.622700
vt 0.265600 0.632100
vt 0.265600 0.622600
vt 0.250000 0.613100
vt 0.265600 0.613200
vt 0.281200 0.622600
vt 0.281200 0.632000
vt 0.281200 0.613300
vt 0.281200 0.604000
vt 0.296600 0.613300
vt 0.296600 0.604000
vt 0.296600 0.594800
vt 0.311700 0.594600
vt 0.281200 0.594900
vt 0.311800 0.603800
vt 0.326600 0.603700
vt 0.326700 0.613100
vt 0.311800 0.613200
vt 0.326800 0.622700
vt 0.311800 0.622600
vt 0.311800 0.632100
vt 0.326800 0.632200
vt 0.341400 0.632400
vt 0.326700 0.641600
vt 0.341200 0.642000
vt 0.326600 0.650900
vt 0.341000 0.651500
vt 0.326600 0.660000
vt 0.311800 0.659500
vt 0.326800 0.668800
vt 0.341200 0.669700
vt 0.296600 0.650400
vt 0.311700 0.650600
vt 0.311800 0.641400
vt 0.296600 0.641300
vt 0.281200 0.650400
vt 0.281200 0.641300
vt 0.296600 0.632000
vt 0.296600 0.622600
vt 0.265600 0.641400
vt 0.326600 0.594300
vt 0.326600 0.585100
vt 0.340900 0.593800
vt 0.340900 0.584400
vt 0.341100 0.575300
vt 0.354500 0.583600
vt 0.354600 0.574100
vt 0.341700 0.566500
vt 0.355300 0.564900
vt 0.367200 0.563000
vt 0.366800 0.572800
vt 0.367200 0.582700
vt 0.377600 0.571400
vt 0.378800 0.581600
vt 0.354800 0.593300
vt 0.387000 0.569900
vt 0.376800 0.561200
vt 0.382500 0.548700
vt 0.384600 0.559200
vt 0.377300 0.551400
vt 0.387300 0.546300
vt 0.391400 0.557200
vt 0.391700 0.543800
vt 0.395500 0.568100
vt 0.389400 0.580500
vt 0.395900 0.541100
vt 0.391300 0.527200
vt 0.388600 0.530000
vt 0.375000 0.530000
vt 0.375000 0.532700
vt 0.385800 0.532700
vt 0.359400 0.533200
vt 0.375000 0.535400
vt 0.383100 0.535400
vt 0.380400 0.538100
vt 0.375000 0.538100
vt 0.359400 0.539700
vt 0.359400 0.536400
vt 0.358700 0.543400
vt 0.359000 0.547900
vt 0.375000 0.543600
vt 0.375000 0.540900
vt 0.377700 0.540900
vt 0.370400 0.553300
vt 0.356800 0.556200
vt 0.342500 0.558400
vt 0.327100 0.567800
vt 0.311800 0.577000
vt 0.326800 0.576300
vt 0.311700 0.585600
vt 0.296600 0.585900
vt 0.281200 0.586000
vt 0.296600 0.577400
vt 0.296700 0.569300
vt 0.281200 0.577500
vt 0.281200 0.569500
vt 0.265700 0.577300
vt 0.265700 0.569200
vt 0.281300 0.561900
vt 0.265600 0.585800
vt 0.250000 0.576800
vt 0.234400 0.576000
vt 0.234400 0.584800
vt 0.250000 0.585400
vt 0.234400 0.593900
vt 0.250000 0.594400
vt 0.250000 0.603700
vt 0.265600 0.594700
vt 0.234400 0.613000
vt 0.234400 0.603400
vt 0.265600 0.603900
vt 0.234400 0.622700
vt 0.218800 0.602900
vt 0.218800 0.593300
vt 0.203100 0.602400
vt 0.203100 0.592400
vt 0.218800 0.583900
vt 0.203200 0.582800
vt 0.218800 0.574900
vt 0.203200 0.564800
vt 0.203200 0.573500
vt 0.187500 0.571700
vt 0.187500 0.581400
vt 0.171900 0.579800
vt 0.187500 0.591400
vt 0.156300 0.578000
vt 0.171900 0.569600
vt 0.156300 0.567300
vt 0.171900 0.560100
vt 0.187500 0.562700
vt 0.156300 0.547600
vt 0.171900 0.551400
vt 0.156300 0.557000
vt 0.187600 0.554400
vt 0.203200 0.556800
vt 0.203200 0.549600
vt 0.187600 0.547100
vt 0.187600 0.540900
vt 0.171900 0.543900
vt 0.203200 0.543400
vt 0.218800 0.545300
vt 0.203300 0.538000
vt 0.187600 0.535700
vt 0.172000 0.532900
vt 0.187700 0.531300
vt 0.203300 0.533400
vt 0.203300 0.529300
vt 0.172100 0.529000
vt 0.187700 0.527600
vt 0.187700 0.524300
vt 0.172100 0.525700
vt 0.203400 0.522600
vt 0.203400 0.525800
vt 0.187800 0.521400
vt 0.172100 0.522700
vt 0.187800 0.518700
vt 0.172200 0.520100
vt 0.203400 0.519700
vt 0.172200 0.517700
vt 0.187900 0.516300
vt 0.172300 0.515400
vt 0.203500 0.514600
vt 0.203500 0.517100
vt 0.187900 0.514000
vt 0.203600 0.512300
vt 0.188000 0.511800
vt 0.172300 0.513300
vt 0.188000 0.509700
vt 0.172400 0.511200
vt 0.203600 0.507900
vt 0.203600 0.510100
vt 0.188100 0.507600
vt 0.172400 0.509200
vt 0.203700 0.505900
vt 0.188100 0.505700
vt 0.172500 0.507300
vt 0.188200 0.503800
vt 0.172500 0.505400
vt 0.203700 0.503900
vt 0.188200 0.501900
vt 0.172600 0.503600
vt 0.203800 0.501900
vt 0.219300 0.504000
vt 0.219300 0.502000
vt 0.234900 0.502100
vt 0.219400 0.500000
vt 0.203800 0.500000
vt 0.250500 0.502200
vt 0.234900 0.500000
vt 0.234900 0.504200
vt 0.250400 0.504300
vt 0.234800 0.506300
vt 0.219300 0.506100
vt 0.219200 0.508300
vt 0.234800 0.508600
vt 0.219200 0.510500
vt 0.234800 0.510900
vt 0.250400 0.508900
vt 0.266000 0.506800
vt 0.250400 0.506600
vt 0.266000 0.504500
vt 0.281600 0.502300
vt 0.281600 0.504600
vt 0.266000 0.502200
vt 0.266100 0.500000
vt 0.250500 0.500000
vt 0.411800 0.375000
vt 0.422500 0.375000
vt 0.423200 0.390600
vt 0.412600 0.390600
vt 0.411000 0.359400
vt 0.433100 0.375000
vt 0.433700 0.390600
vt 0.421800 0.359400
vt 0.410200 0.343800
vt 0.421000 0.343800
vt 0.432500 0.359400
vt 0.443200 0.359400
vt 0.431900 0.343800
vt 0.443700 0.375000
vt 0.444200 0.390600
vt 0.454200 0.375000
vt 0.454600 0.390600
vt 0.455000 0.406200
vt 0.444700 0.406200
vt 0.464900 0.390600
vt 0.465200 0.406200
vt 0.455400 0.421600
vt 0.465500 0.421600
vt 0.465800 0.436700
vt 0.455700 0.436700
vt 0.466100 0.451600
vt 0.456000 0.451600
vt 0.466200 0.466000
vt 0.456200 0.465900
vt 0.456200 0.479600
vt 0.466300 0.479800
vt 0.446200 0.466200
vt 0.446000 0.451800
vt 0.445600 0.436800
vt 0.435400 0.437000
vt 0.436300 0.466700
vt 0.436000 0.452100
vt 0.434900 0.421700
vt 0.424600 0.421800
vt 0.425300 0.437200
vt 0.414300 0.421900
vt 0.425900 0.452600
vt 0.415100 0.437500
vt 0.413500 0.406200
vt 0.297200 0.500000
vt 0.312800 0.500000
vt 0.281600 0.500000
vt 0.297200 0.502400
vt 0.423900 0.406200
vt 0.434300 0.406200
vt 0.328300 0.500000
vt 0.415900 0.453100
vt 0.426500 0.467600
vt 0.416700 0.468800
vt 0.436400 0.480400
vt 0.427000 0.482600
vt 0.427000 0.495500
vt 0.417600 0.484400
vt 0.418400 0.500000
vt 0.415700 0.502700
vt 0.375000 0.500000
vt 0.446200 0.479600
vt 0.445200 0.421600
vt 0.234700 0.513300
vt 0.250300 0.519200
vt 0.234700 0.515800
vt 0.250200 0.522200
vt 0.234700 0.518600
vt 0.265800 0.522800
vt 0.234600 0.521500
vt 0.219100 0.515300
vt 0.219100 0.517900
vt 0.250200 0.525400
vt 0.234600 0.524600
vt 0.219000 0.520600
vt 0.250200 0.529000
vt 0.234600 0.528100
vt 0.219000 0.523700
vt 0.250200 0.533000
vt 0.234500 0.532000
vt 0.219000 0.527000
vt 0.234500 0.536400
vt 0.218900 0.530800
vt 0.234500 0.541300
vt 0.218900 0.535000
vt 0.218900 0.539900
vt 0.156500 0.521000
vt 0.156600 0.518700
vt 0.141000 0.517200
vt 0.156600 0.516500
vt 0.141000 0.515400
vt 0.125400 0.514200
vt 0.141100 0.513600
vt 0.125500 0.512600
vt 0.141200 0.511800
vt 0.156700 0.514500
vt 0.125600 0.511100
vt 0.141200 0.510100
vt 0.156700 0.512500
vt 0.406000 0.231100
vt 0.403800 0.228400
vt 0.392000 0.238900
vt 0.393900 0.240500
vt 0.125600 0.509500
vt 0.390100 0.237400
vt 0.418300 0.221700
vt 0.415600 0.217700
vt 0.412500 0.214300
vt 0.401300 0.225900
vt 0.398500 0.223700
vt 0.388200 0.235800
vt 0.395600 0.221700
vt 0.408900 0.211400
vt 0.424000 0.202500
vt 0.419400 0.198900
vt 0.404800 0.209000
vt 0.414000 0.196200
vt 0.408100 0.194000
vt 0.400300 0.207000
vt 0.415700 0.180800
vt 0.430200 0.186000
vt 0.423400 0.182900
vt 0.407700 0.179300
vt 0.423000 0.167300
vt 0.413200 0.166100
vt 0.429400 0.153600
vt 0.441300 0.155100
vt 0.432600 0.169300
vt 0.441300 0.172500
vt 0.448200 0.140400
vt 0.452700 0.158000
vt 0.433900 0.139600
vt 0.416500 0.071000
vt 0.408300 0.072900
vt 0.413600 0.086000
vt 0.415200 0.055500
vt 0.409000 0.058000
vt 0.396400 0.047100
vt 0.402500 0.059900
vt 0.401400 0.045100
vt 0.395800 0.061600
vt 0.400000 0.074400
vt 0.403800 0.087300
vt 0.391700 0.075700
vt 0.388900 0.063100
vt 0.394100 0.088400
vt 0.395900 0.101000
vt 0.417700 0.152700
vt 0.385400 0.101700
vt 0.384500 0.089300
vt 0.375000 0.090100
vt 0.375000 0.102400
vt 0.125000 0.635400
vt 0.125000 0.647600
vt 0.140600 0.646700
vt 0.375000 0.114600
vt 0.125000 0.659900
vt 0.140600 0.634900
vt 0.156300 0.645700
vt 0.187500 0.683300
vt 0.203200 0.681000
vt 0.203200 0.672300
vt 0.187600 0.691700
vt 0.218800 0.687200
vt 0.218800 0.679300
vt 0.203200 0.689200
vt 0.234400 0.685600
vt 0.234400 0.677900
vt 0.203200 0.696500
vt 0.218800 0.694400
vt 0.250100 0.676800
vt 0.250100 0.684500
vt 0.234500 0.692800
vt 0.250100 0.691600
vt 0.265700 0.683800
vt 0.281300 0.690400
vt 0.265700 0.690800
vt 0.393600 0.718800
vt 0.266100 0.750000
vt 0.418200 0.859400
vt 0.451000 0.843900
vt 0.450400 0.859400
vt 0.461500 0.843900
vt 0.439700 0.859400
vt 0.461100 0.859400
vt 0.439000 0.875000
vt 0.460600 0.875000
vt 0.449800 0.875000
vt 0.460100 0.890600
vt 0.449200 0.890600
vt 0.438300 0.890600
vt 0.427300 0.890600
vt 0.416300 0.890600
vt 0.417200 0.875000
vt 0.235000 0.750000
vt 0.250500 0.747500
vt 0.250600 0.750000
vt 0.235000 0.747600
vt 0.250500 0.745000
vt 0.250500 0.742500
vt 0.250400 0.739900
vt 0.250400 0.737200
vt 0.428100 0.875000
vt 0.428900 0.859400
vt 0.424000 0.953100
vt 0.405400 0.003600
vt 0.459200 0.921900
vt 0.459600 0.906300
vt 0.250200 0.717700
vt 0.250200 0.713500
vt 0.234600 0.718700
vt 0.234600 0.714600
vt 0.250100 0.708900
vt 0.265800 0.708000
vt 0.250100 0.703700
vt 0.234500 0.710000
vt 0.234500 0.704900
vt 0.218900 0.706400
vt 0.218900 0.711500
vt 0.219000 0.715900
vt 0.203300 0.717500
vt 0.203400 0.721300
vt 0.219000 0.719900
vt 0.203400 0.724700
vt 0.219000 0.723500
vt 0.203500 0.727800
vt 0.234600 0.722500
vt 0.219100 0.726800
vt 0.203500 0.730700
vt 0.203600 0.733400
vt 0.203600 0.736000
vt 0.187900 0.731600
vt 0.187900 0.728900
vt 0.172300 0.730000
vt 0.172200 0.727400
vt 0.156600 0.728800
vt 0.156600 0.726300
vt 0.141000 0.728200
vt 0.141000 0.730400
vt 0.172200 0.724500
vt 0.141100 0.732500
vt 0.125500 0.733700
vt 0.394500 0.012700
vt 0.406100 0.023000
vt 0.392300 0.014500
vt 0.403300 0.025700
vt 0.414400 0.037100
vt 0.410500 0.040200
vt 0.400300 0.028200
vt 0.406100 0.042900
vt 0.397100 0.030400
vt 0.388000 0.018100
vt 0.390200 0.016300
vt 0.125400 0.730100
vt 0.125400 0.731900
vt 0.385800 0.019900
vt 0.393600 0.032500
vt 0.383700 0.021700
vt 0.390100 0.034400
vt 0.381500 0.023500
vt 0.125200 0.726500
vt 0.125300 0.728300
vt 0.140900 0.725900
vt 0.156500 0.723600
vt 0.140800 0.723400
vt 0.156500 0.720500
vt 0.140800 0.720700
vt 0.125100 0.724700
vt 0.125100 0.722800
vt 0.379300 0.025300
vt 0.377200 0.027200
vt 0.386400 0.036200
vt 0.391200 0.048900
vt 0.383300 0.076900
vt 0.375000 0.077900
vt 0.125000 0.672100
vt 0.171900 0.694800
vt 0.171900 0.686000
vt 0.156300 0.706600
vt 0.172000 0.702400
vt 0.172000 0.708600
vt 0.187600 0.705400
vt 0.187600 0.699100
vt 0.203200 0.702800
vt 0.187700 0.710800
vt 0.203300 0.708400
vt 0.218900 0.700800
vt 0.234500 0.699200
vt 0.250100 0.698000
vt 0.265700 0.697100
vt 0.265700 0.702900
vt 0.187700 0.715300
vt 0.203300 0.713200
vt 0.172100 0.717800
vt 0.172100 0.721300
vt 0.187700 0.719300
vt 0.187800 0.722800
vt 0.187800 0.726000
vt 0.172000 0.713600
vt 0.156400 0.716900
vt 0.156400 0.712500
vt 0.140700 0.717800
vt 0.140700 0.713200
vt 0.125000 0.721000
vt 0.375000 0.029000
vt 0.413000 0.505400
vt 0.265800 0.526000
vt 0.265800 0.529700
vt 0.297000 0.538600
vt 0.218800 0.661700
vt 0.218800 0.652300
vt 0.172000 0.537800
vt 0.203200 0.663000
vt 0.218800 0.670700
vt 0.171900 0.644800
vt 0.156300 0.634400
vt 0.125000 0.623100
vt 0.375000 0.126800
vt 0.140600 0.576200
vt 0.125000 0.574200
vt 0.140600 0.564700
vt 0.125000 0.562000
vt 0.140600 0.553500
vt 0.125000 0.549700
vt 0.140600 0.542400
vt 0.156300 0.539800
vt 0.156300 0.534000
vt 0.140700 0.528700
vt 0.140700 0.533100
vt 0.125100 0.523700
vt 0.125000 0.525300
vt 0.125000 0.537500
vt 0.375000 0.212500
vt 0.375000 0.224700
vt 0.376900 0.226300
vt 0.378600 0.213900
vt 0.380300 0.201400
vt 0.375000 0.200300
vt 0.385500 0.202600
vt 0.388600 0.189900
vt 0.381800 0.188900
vt 0.375000 0.188000
vt 0.375000 0.175800
vt 0.399600 0.178100
vt 0.395200 0.191000
vt 0.390600 0.203900
vt 0.395500 0.205300
vt 0.401800 0.192400
vt 0.389100 0.218200
vt 0.382600 0.231100
vt 0.385700 0.216700
vt 0.392400 0.219900
vt 0.140900 0.519200
vt 0.125300 0.517400
vt 0.125300 0.518900
vt 0.384500 0.232600
vt 0.140900 0.521300
vt 0.125200 0.520500
vt 0.380700 0.229500
vt 0.378800 0.227900
vt 0.140800 0.523500
vt 0.125100 0.522100
vt 0.156400 0.529700
vt 0.156400 0.526300
vt 0.140800 0.526000
vt 0.156500 0.523500
vt 0.382200 0.215200
vt 0.125400 0.515800
vt 0.386400 0.234200
vt 0.436000 0.190200
vt 0.448500 0.177400
vt 0.453500 0.184500
vt 0.461900 0.163600
vt 0.467600 0.172800
vt 0.440300 0.195800
vt 0.443500 0.202600
vt 0.456800 0.193200
vt 0.470500 0.184300
vt 0.458800 0.202900
vt 0.427800 0.206900
vt 0.156800 0.510600
vt 0.125700 0.507900
vt 0.395800 0.242100
vt 0.408100 0.234100
vt 0.420500 0.226100
vt 0.433000 0.218200
vt 0.430700 0.212200
vt 0.445800 0.210400
vt 0.447400 0.218800
vt 0.460100 0.213200
vt 0.434900 0.224700
vt 0.461100 0.223700
vt 0.448700 0.227600
vt 0.461800 0.234500
vt 0.422400 0.230900
vt 0.424100 0.236200
vt 0.411800 0.240700
vt 0.410000 0.237300
vt 0.397700 0.243700
vt 0.141300 0.506600
vt 0.125800 0.506300
vt 0.141300 0.508300
vt 0.141400 0.505000
vt 0.156900 0.507000
vt 0.156900 0.508800
vt 0.125800 0.504700
vt 0.413500 0.244600
vt 0.399600 0.245300
vt 0.401500 0.246800
vt 0.125900 0.503200
vt 0.141500 0.501700
vt 0.125900 0.501600
vt 0.403400 0.248400
vt 0.415100 0.248700
vt 0.141500 0.503300
vt 0.157000 0.503500
vt 0.141600 0.500000
vt 0.157100 0.501700
vt 0.126000 0.500000
vt 0.418200 0.282500
vt 0.417400 0.267600
vt 0.406100 0.265600
vt 0.405300 0.250000
vt 0.406900 0.281200
vt 0.157100 0.500000
vt 0.172700 0.500000
vt 0.407700 0.296900
vt 0.418900 0.297500
vt 0.429400 0.283500
vt 0.430100 0.298000
vt 0.430700 0.313000
vt 0.419600 0.312800
vt 0.408500 0.312500
vt 0.420300 0.328200
vt 0.409400 0.328100
vt 0.188300 0.500000
vt 0.172600 0.501800
vt 0.219100 0.512800
vt 0.157000 0.505200
vt 0.442700 0.343800
vt 0.453800 0.359400
vt 0.442200 0.328400
vt 0.431300 0.328300
vt 0.453100 0.328500
vt 0.453400 0.343900
vt 0.464400 0.359400
vt 0.464100 0.343900
vt 0.463900 0.328500
vt 0.452700 0.313400
vt 0.463700 0.313400
vt 0.464600 0.375000
vt 0.441700 0.313200
vt 0.436300 0.231800
vt 0.437600 0.239700
vt 0.425500 0.242200
vt 0.450400 0.247300
vt 0.438600 0.248600
vt 0.449600 0.237000
vt 0.426800 0.249400
vt 0.416500 0.255000
vt 0.427800 0.258400
vt 0.428700 0.270000
vt 0.439400 0.258900
vt 0.440700 0.284100
vt 0.440100 0.270800
vt 0.452000 0.284400
vt 0.451500 0.270900
vt 0.451000 0.258500
vt 0.462600 0.257800
vt 0.462300 0.245800
vt 0.463000 0.270700
vt 0.463200 0.284300
vt 0.463500 0.298600
vt 0.452400 0.298600
vt 0.441200 0.298400
vt 0.442000 0.757600
s 1
g off
g boca_Goddard_None
usemtl Goddard_None
f 2/1/1 4/2/2 1/3/3
f 1/3/3 3/4/4 2/1/1
f 3/4/5 1/3/6 6/5/7
f 5/6/8 1/3/9 4/2/10
f 6/5/11 1/3/12 5/6/13
f 9/7/14 7/8/15 6/9/16
f 6/5/7 7/10/17 3/4/5
f 5/6/13 8/11/18 6/5/11
f 10/12/19 6/9/20 8/13/21
f 6/9/16 10/12/22 9/7/14
f 8/13/21 14/14/23 10/12/19
f 10/12/24 11/15/25 13/16/26
f 12/17/27 11/15/28 10/12/29
f 10/12/29 14/14/30 12/17/27
f 13/16/26 9/7/31 10/12/24
f 15/18/32 14/14/33 8/13/34
f 14/14/35 15/18/36 16/19/37
f 16/19/37 12/17/38 14/14/35
f 19/20/39 16/19/40 17/21/41
f 18/22/42 17/21/43 16/19/44
f 16/19/44 15/18/45 18/22/42
f 12/17/46 16/19/40 19/20/39
f 17/21/41 23/23/47 19/20/39
f 19/20/48 20/24/49 22/25/50
f 24/26/51 20/24/49 19/20/48
f 19/20/39 21/27/52 12/17/46
f 22/25/50 21/27/53 19/20/48
f 19/20/48 23/23/54 24/26/51
f 26/28/55 24/26/51 23/23/54
f 20/24/56 24/26/57 25/29/58
f 27/30/59 25/29/58 24/26/57
f 24/26/57 26/28/60 27/30/59
f 27/30/59 26/28/60 28/31/61
f 28/31/61 30/32/62 27/30/59
f 25/29/63 27/30/64 29/33/65
f 29/33/65 27/30/64 30/32/66
f 31/34/67 32/35/68 30/32/66
f 30/32/66 33/36/69 31/34/67
f 33/36/70 30/32/62 28/31/61
f 30/32/66 32/35/68 29/33/65
f 33/36/69 34/37/71 35/38/72
f 34/37/73 33/36/70 36/39/74
f 35/38/72 31/34/67 33/36/69
f 28/31/61 36/39/74 33/36/70
f 36/39/74 39/40/75 34/37/73
f 38/41/76 37/42/77 36/39/78
f 39/40/79 36/39/78 37/42/77
f 36/39/78 28/31/80 38/41/76
f 34/37/73 39/40/75 40/43/81
f 42/44/82 40/43/83 39/40/79
f 37/42/77 41/45/84 39/40/79
f 39/40/79 41/45/84 42/44/82
f 40/43/83 42/44/82 43/46/85
f 43/46/86 42/44/87 44/47/88
f 45/48/89 44/47/88 42/44/87
f 42/44/87 41/45/90 45/48/89
f 47/49/91 46/50/92 45/48/93
f 45/48/93 46/50/92 49/51/94
f 48/52/95 45/48/89 41/45/90
f 45/48/93 48/52/96 47/49/91
f 49/51/94 44/47/97 45/48/93
f 50/53/98 54/54/99 49/51/100
f 49/51/100 46/50/101 50/53/98
f 53/55/102 44/47/97 49/51/94
f 52/56/103 51/57/104 49/51/100
f 49/51/94 51/57/105 53/55/102
f 49/51/100 54/54/99 52/56/103
f 55/58/106 54/59/107 50/60/108
f 54/59/107 55/58/106 56/61/109
f 56/61/109 52/62/110 54/59/107
f 52/62/111 56/61/112 57/63/113
f 58/64/114 57/63/115 56/61/116
f 56/61/116 59/65/117 58/64/114
f 60/66/118 59/65/119 56/61/120
f 56/61/120 55/58/121 60/66/118
f 63/67/122 59/65/123 60/66/124
f 60/66/125 55/58/126 61/68/127
f 61/68/127 62/69/128 60/66/125
f 60/66/129 62/69/130 65/70/131
f 60/66/124 64/71/132 63/67/122
f 65/70/131 64/71/133 60/66/129
f 65/70/134 62/69/135 69/72/136
f 64/71/137 65/70/138 67/73/139
f 65/70/140 66/74/141 68/75/142
f 69/72/136 66/74/143 65/70/134
f 68/75/142 67/73/144 65/70/140
f 71/76/145 69/72/146 62/69/128
f 69/72/136 70/77/147 73/78/148
f 72/79/149 70/77/150 69/72/146
f 69/72/146 71/76/145 72/79/149
f 73/78/148 66/74/143 69/72/136
f 73/78/151 74/80/152 75/81/153
f 74/80/154 73/78/155 70/77/156
f 75/81/153 76/82/157 73/78/151
f 73/78/158 76/82/159 68/75/142
f 68/75/142 66/74/141 73/78/158
f 77/83/160 76/82/161 75/81/162
f 68/75/163 76/82/164 77/83/165
f 77/83/166 78/84/167 80/85/168
f 78/84/169 77/83/170 81/86/171
f 77/83/165 79/87/172 68/75/163
f 80/85/168 79/87/173 77/83/166
f 75/81/162 81/86/174 77/83/160
f 82/88/175 81/86/176 75/81/177
f 81/86/178 82/88/179 84/89/180
f 81/86/171 83/90/181 78/84/169
f 84/89/180 83/90/182 81/86/178
f 85/91/183 84/89/184 82/88/185
f 84/89/186 85/91/187 88/92/188
f 87/89/189 84/89/190 86/93/191
f 88/92/188 86/93/192 84/89/186
f 83/90/193 84/89/194 87/89/195
f 89/94/196 88/92/197 85/91/198
f 90/95/199 88/92/200 89/94/201
f 86/93/202 88/92/203 90/95/204
f 89/94/201 91/96/205 90/95/199
f 90/95/206 91/96/207 93/97/208
f 90/95/204 92/98/209 86/93/202
f 95/99/210 92/98/211 90/95/212
f 93/97/208 94/100/213 90/95/206
f 90/95/212 94/100/214 95/99/210
f 97/101/215 95/99/216 94/100/217
f 92/98/218 95/99/219 96/99/220
f 96/99/221 95/99/222 97/101/223
f 97/101/224 100/102/225 98/103/226
f 98/103/226 99/104/227 97/101/224
f 101/101/228 97/101/229 99/104/230
f 94/100/217 100/102/231 97/101/215
f 97/101/223 101/101/232 96/99/221
f 99/104/230 104/104/233 101/101/228
f 96/99/234 101/101/235 102/102/236
f 103/103/237 102/102/238 101/101/239
f 101/101/239 104/104/240 103/103/237
f 105/105/241 103/103/242 104/104/243
f 104/104/243 106/106/244 105/105/241
f 106/106/245 104/104/246 99/104/247
f 107/107/248 105/105/249 106/106/250
f 99/104/247 109/106/251 106/106/245
f 106/106/250 108/108/252 107/107/248
f 110/108/253 108/108/254 106/106/255
f 106/106/255 109/106/256 110/108/253
f 110/108/257 112/107/258 111/109/259
f 111/109/259 113/110/260 110/108/257
f 112/107/261 110/108/262 109/106/263
f 110/108/264 113/110/265 114/110/266
f 114/110/266 108/108/267 110/108/264
f 107/107/268 108/108/269 114/110/270
f 114/110/270 115/109/271 107/107/268
f 115/109/272 114/110/273 113/110/274
f 113/110/274 111/109/275 115/109/272
f 115/109/276 111/109/277 116/111/278
f 116/111/278 119/111/279 115/109/276
f 115/109/280 117/112/281 120/113/282
f 118/114/283 117/112/284 115/109/285
f 115/109/285 119/111/286 118/114/283
f 120/113/282 107/107/287 115/109/280
f 105/105/288 107/107/289 120/113/290
f 121/115/291 122/116/292 120/113/293
f 120/113/293 124/117/294 121/115/291
f 120/113/290 122/116/295 105/105/288
f 120/113/296 117/112/297 123/118/298
f 123/118/298 124/117/299 120/113/296
f 125/119/300 126/120/301 124/117/302
f 124/117/302 123/118/303 125/119/300
f 121/115/304 124/117/305 126/120/306
f 126/120/306 127/121/307 121/115/304
f 129/122/308 127/121/309 126/120/310
f 126/120/310 128/123/311 129/122/308
f 128/123/312 126/120/313 125/119/314
f 132/124/315 129/125/316 128/126/317
f 130/127/318 127/121/319 129/122/320
f 129/122/320 131/128/321 130/127/318
f 131/129/322 129/125/323 132/124/324
f 133/130/325 132/124/326 135/131/327
f 134/132/328 132/124/329 133/130/330
f 132/124/324 134/132/331 131/129/322
f 128/126/317 135/131/332 132/124/315
f 135/131/327 136/133/333 133/130/325
f 138/134/334 135/131/335 128/126/336
f 137/135/337 136/133/338 135/131/339
f 135/131/339 138/134/340 137/135/337
f 128/126/336 139/136/341 138/134/334
f 141/137/342 138/134/343 139/136/344
f 140/138/345 137/135/346 138/134/347
f 138/134/347 141/137/348 140/138/345
f 139/136/344 142/139/349 141/137/342
f 143/140/350 141/137/351 142/139/352
f 144/141/353 140/138/354 141/137/355
f 141/137/355 143/140/356 144/141/353
f 146/142/357 144/143/358 145/144/359
f 145/144/360 144/143/361 143/145/362
f 144/141/363 146/146/364 147/147/364
f 147/147/364 140/138/365 144/141/363
f 148/148/366 147/147/367 150/149/368
f 147/147/369 148/148/370 137/135/371
f 147/147/372 146/146/373 149/150/374
f 149/150/374 150/149/375 147/147/372
f 137/135/371 140/138/376 147/147/369
f 150/149/368 152/151/377 148/148/366
f 154/152/378 151/153/379 150/149/380
f 150/149/381 151/153/382 153/154/383
f 153/154/383 152/151/384 150/149/381
f 150/149/380 149/150/385 154/152/378
f 154/155/386 149/156/387 155/157/388
f 155/157/388 157/158/389 154/155/386
f 151/153/390 154/152/391 156/159/392
f 156/160/393 154/155/394 157/158/395
f 157/158/395 158/161/396 156/160/393
f 158/161/397 157/158/398 159/162/399
f 159/162/400 157/158/401 155/157/402
f 161/163/403 160/164/404 159/162/405
f 159/162/399 160/164/406 158/161/397
f 159/162/405 162/165/407 161/163/403
f 164/166/408 162/165/409 159/162/410
f 155/157/402 163/167/411 159/162/400
f 159/162/410 163/167/412 164/166/408
f 166/168/413 164/166/414 163/167/415
f 165/169/416 164/166/417 166/168/418
f 162/165/419 164/166/420 165/169/421
f 163/167/415 167/170/422 166/168/413
f 166/168/418 168/171/423 165/169/416
f 166/168/424 167/170/425 169/172/426
f 171/173/427 168/171/428 166/168/429
f 169/172/426 170/174/430 166/168/424
f 166/168/429 170/174/431 171/173/427
f 172/175/432 171/173/433 170/174/434
f 173/173/435 171/173/436 172/175/437
f 168/171/438 171/173/439 173/173/440
f 173/173/440 174/171/441 168/171/438
f 174/171/442 173/173/443 175/174/444
f 176/176/445 175/174/446 173/173/447
f 173/173/447 177/175/448 176/176/445
f 172/175/437 177/175/449 173/173/435
f 178/177/450 176/176/451 177/175/452
f 177/175/452 179/178/453 178/177/450
f 179/178/454 177/175/455 172/175/456
f 116/111/457 179/179/458 180/179/459
f 178/180/460 179/179/461 116/111/462
f 172/175/456 180/178/463 179/178/454
f 181/176/464 182/177/465 180/178/466
f 180/178/466 172/175/467 181/176/464
f 180/179/459 119/111/468 116/111/457
f 119/111/469 180/179/470 182/180/471
f 182/180/471 118/114/472 119/111/469
f 184/181/473 118/114/474 182/180/475
f 185/182/476 183/183/477 182/177/478
f 182/180/475 183/184/479 184/181/473
f 182/177/478 181/176/480 185/182/476
f 169/172/481 185/182/482 181/176/483
f 186/185/484 185/182/485 169/172/486
f 185/182/487 186/185/488 187/186/489
f 187/186/489 183/183/490 185/182/487
f 183/184/491 187/187/492 188/188/493
f 188/188/494 187/187/495 189/189/496
f 143/145/497 189/190/498 187/186/499
f 187/186/499 186/185/500 143/145/497
f 189/189/496 142/191/501 188/188/494
f 142/139/352 189/192/502 143/140/350
f 125/119/503 188/188/504 142/191/505
f 184/181/506 188/188/507 125/119/508
f 188/188/493 184/181/509 183/184/491
f 143/145/362 186/185/510 145/144/360
f 169/172/486 145/144/511 186/185/484
f 125/119/508 123/118/512 184/181/506
f 184/181/513 123/118/514 117/112/515
f 117/112/515 118/114/516 184/181/513
f 181/176/483 170/174/517 169/172/481
f 170/174/434 181/176/518 172/175/432
f 176/176/519 178/177/520 190/183/521
f 190/184/522 178/180/523 191/114/524
f 116/111/462 191/114/525 178/180/460
f 191/114/524 192/181/526 190/184/522
f 193/118/527 192/181/528 191/114/529
f 191/114/529 194/112/530 193/118/527
f 111/109/531 194/112/532 191/114/533
f 191/114/533 116/111/534 111/109/531
f 193/118/535 194/112/536 195/113/537
f 195/113/538 194/112/539 111/109/540
f 111/109/540 112/107/541 195/113/538
f 196/117/542 195/113/543 197/116/544
f 195/113/537 196/117/545 193/118/535
f 195/113/546 112/107/547 198/105/548
f 198/105/548 197/116/549 195/113/546
f 197/116/550 198/105/551 98/103/552
f 198/105/553 109/106/554 99/104/555
f 109/106/263 198/105/556 112/107/261
f 99/104/555 98/103/557 198/105/553
f 200/193/558 199/115/559 197/116/560
f 197/116/544 199/115/561 196/117/542
f 197/116/560 201/194/562 200/193/558
f 98/103/552 201/194/563 197/116/550
f 200/193/564 201/194/565 202/195/566
f 201/194/567 98/103/568 100/102/569
f 100/102/569 202/195/570 201/194/567
f 203/196/571 202/195/572 93/97/573
f 202/195/566 203/196/574 200/193/564
f 202/195/575 100/102/576 94/100/577
f 94/100/577 93/97/578 202/195/575
f 204/197/579 203/196/580 205/198/581
f 203/196/582 204/197/583 206/127/584
f 93/97/573 205/198/585 203/196/571
f 206/127/584 200/193/586 203/196/582
f 207/121/587 206/127/588 208/128/589
f 200/193/590 206/127/591 207/121/592
f 208/128/593 206/127/594 204/197/595
f 208/128/589 209/122/596 207/121/587
f 204/197/595 210/199/597 208/128/593
f 209/125/598 208/129/599 211/132/600
f 211/132/601 208/129/602 210/200/603
f 210/200/603 215/201/604 211/132/601
f 213/124/605 211/132/606 212/202/607
f 214/203/608 212/202/609 211/132/610
f 211/132/600 213/124/611 209/125/598
f 211/132/610 215/201/612 214/203/608
f 215/201/613 210/200/614 216/204/615
f 216/204/615 217/205/616 215/201/613
f 214/203/617 215/201/618 217/205/619
f 220/206/620 218/207/621 217/205/622
f 217/205/623 218/207/624 221/208/625
f 217/205/622 216/204/626 220/206/620
f 217/205/619 219/209/627 214/203/617
f 221/208/625 219/209/628 217/205/623
f 223/210/629 221/208/630 222/211/631
f 222/211/632 221/208/633 218/207/634
f 221/208/635 223/210/636 224/212/637
f 224/212/637 219/209/638 221/208/635
f 226/213/639 224/212/640 225/214/641
f 225/214/642 224/212/643 223/210/644
f 219/209/645 224/212/646 226/213/647
f 225/214/641 227/215/648 226/213/639
f 212/202/649 214/203/650 226/213/651
f 226/213/647 214/203/652 219/209/645
f 228/216/653 226/213/654 227/215/655
f 226/213/651 228/216/656 212/202/649
f 227/215/655 229/217/657 228/216/653
f 230/130/658 212/202/659 228/216/660
f 231/218/661 228/216/662 229/217/663
f 228/216/660 231/218/664 230/130/658
f 233/133/665 230/130/666 231/218/667
f 234/219/668 231/218/669 232/220/670
f 229/217/663 232/220/671 231/218/661
f 231/218/667 234/219/672 233/133/665
f 236/135/673 233/133/674 234/219/675
f 237/148/676 234/219/677 235/221/678
f 232/220/670 235/221/679 234/219/668
f 234/219/675 237/148/680 236/135/673
f 239/138/681 236/135/682 237/148/683
f 240/147/684 237/148/685 238/151/686
f 235/221/678 238/151/687 237/148/676
f 237/148/683 240/147/688 239/138/681
f 242/141/689 239/138/690 240/147/691
f 240/147/692 241/149/693 244/150/694
f 238/151/686 241/149/695 240/147/684
f 240/147/691 243/146/696 242/141/689
f 244/150/694 243/146/697 240/147/692
f 243/142/698 244/156/699 245/157/700
f 245/157/701 244/156/702 246/155/703
f 247/153/704 246/152/705 244/150/706
f 244/150/706 241/149/707 247/153/704
f 249/154/708 247/153/709 241/149/710
f 246/152/711 247/153/712 248/222/713
f 250/223/714 248/222/715 247/153/716
f 247/153/716 249/154/717 250/223/714
f 250/223/718 253/224/719 251/225/720
f 251/225/720 252/226/721 250/223/718
f 253/224/722 250/223/723 249/154/724
f 248/222/725 250/223/726 252/226/727
f 253/224/728 254/227/729 255/228/730
f 254/227/731 253/224/732 256/229/733
f 255/228/730 251/225/734 253/224/728
f 249/154/724 256/229/735 253/224/722
f 256/229/733 257/230/736 254/227/731
f 238/151/737 235/221/738 256/229/739
f 257/230/740 256/229/741 235/221/742
f 256/229/739 249/154/743 238/151/737
f 257/230/744 258/231/745 259/232/746
f 258/231/747 257/230/748 232/220/749
f 259/232/746 254/227/750 257/230/744
f 235/221/742 232/220/751 257/230/740
f 261/233/752 259/232/753 258/231/754
f 254/227/755 259/232/756 260/234/757
f 262/235/758 260/234/759 259/232/760
f 259/232/760 261/233/761 262/235/758
f 264/236/762 262/235/763 261/233/764
f 260/234/765 262/235/765 263/237/766
f 263/237/767 262/235/768 264/236/769
f 261/233/764 265/238/770 264/236/762
f 267/239/771 264/236/771 265/238/772
f 264/236/769 266/240/767 263/237/767
f 266/240/773 264/236/774 267/239/775
f 265/238/772 268/241/776 267/239/771
f 270/242/777 267/239/778 268/241/779
f 267/239/775 269/243/780 266/240/773
f 271/244/781 269/243/781 267/239/782
f 267/239/782 270/242/782 271/244/781
f 273/245/783 271/244/784 272/246/785
f 272/246/786 271/244/787 270/242/786
f 271/244/788 273/245/789 274/247/790
f 274/247/790 269/243/788 271/244/788
f 275/248/791 274/247/792 273/245/792
f 269/243/793 274/247/794 276/249/795
f 274/247/796 275/248/797 277/250/798
f 277/250/798 276/249/797 274/247/796
f 278/251/799 277/250/800 275/248/800
f 279/252/801 276/249/802 277/250/803
f 280/253/804 277/250/804 278/251/805
f 277/250/803 280/253/806 279/252/801
f 278/251/805 281/254/805 280/253/804
f 282/255/807 279/252/807 280/253/808
f 283/256/809 280/253/809 281/254/810
f 280/253/808 283/256/811 282/255/807
f 285/257/812 282/255/812 283/256/813
f 286/258/814 283/256/814 284/259/815
f 281/254/810 284/259/816 283/256/809
f 283/256/813 286/258/813 285/257/812
f 288/260/817 285/257/817 286/258/818
f 289/261/819 286/258/820 287/262/821
f 284/259/815 287/262/815 286/258/814
f 286/258/818 289/261/822 288/260/817
f 291/263/823 288/260/824 289/261/825
f 292/264/826 289/261/827 290/265/828
f 287/262/821 290/265/829 289/261/819
f 289/261/825 292/264/825 291/263/823
f 294/266/830 291/263/830 292/264/831
f 292/264/832 293/267/833 296/268/834
f 290/265/828 293/267/828 292/264/826
f 292/264/831 295/269/835 294/266/830
f 296/268/834 295/269/832 292/264/832
f 298/270/836 295/269/837 296/268/838
f 299/271/839 296/268/840 297/272/841
f 297/272/842 296/268/843 293/267/844
f 296/268/838 299/271/845 298/270/836
f 301/273/846 298/274/847 299/275/848
f 297/272/841 300/276/849 299/271/839
f 302/277/850 299/275/851 300/278/852
f 299/275/848 302/277/846 301/273/846
f 303/279/853 305/280/854 302/277/855
f 302/277/855 304/281/856 303/279/853
f 300/278/852 304/281/852 302/277/850
f 301/273/857 302/277/858 305/280/859
f 307/282/860 305/280/861 306/283/862
f 308/284/863 306/283/864 305/280/865
f 305/280/859 307/282/866 301/273/857
f 305/280/865 303/279/867 308/284/863
f 308/284/868 309/285/869 310/286/870
f 309/285/871 308/284/872 303/279/873
f 310/286/870 311/287/874 308/284/868
f 306/283/875 308/284/868 311/287/874
f 313/287/876 311/287/877 310/286/878
f 311/287/874 312/288/879 306/283/875
f 312/288/880 311/287/881 313/287/882
f 315/288/883 313/287/884 314/284/885
f 314/284/885 313/287/884 316/286/886
f 310/286/878 316/286/887 313/287/876
f 313/287/882 315/288/888 312/288/880
f 316/286/889 318/289/890 317/290/891
f 317/290/891 319/285/892 316/286/889
f 318/289/893 316/286/894 310/286/895
f 316/286/886 319/285/896 314/284/885
f 319/285/897 317/290/898 321/291/899
f 314/284/900 319/285/901 320/292/902
f 321/291/899 320/292/903 319/285/897
f 321/291/904 324/293/905 322/294/906
f 322/294/906 323/295/907 321/291/904
f 321/291/908 323/295/909 326/296/910
f 325/297/911 324/293/912 321/291/913
f 321/291/913 317/290/914 325/297/911
f 326/296/910 320/292/915 321/291/908
f 327/279/916 320/292/917 326/296/917
f 326/296/917 328/281/918 327/279/916
f 328/281/919 326/296/919 329/298/920
f 330/299/921 329/298/922 326/296/923
f 326/296/923 323/295/924 330/299/921
f 332/300/925 330/301/926 331/302/927
f 331/303/928 330/299/929 323/295/930
f 333/304/931 329/305/932 330/301/933
f 330/301/933 332/300/934 333/304/931
f 333/304/935 334/272/936 336/276/937
f 335/306/938 334/272/939 333/304/940
f 333/304/940 337/307/941 335/306/938
f 337/307/942 333/304/943 332/300/944
f 336/276/937 329/305/945 333/304/935
f 335/306/946 337/307/947 339/308/948
f 332/300/944 338/309/949 337/307/942
f 337/307/950 338/309/951 340/310/952
f 340/310/952 339/308/953 337/307/950
f 341/311/954 339/308/955 340/310/956
f 340/310/956 343/312/957 341/311/954
f 342/313/958 340/310/959 338/309/960
f 340/310/961 342/313/962 344/314/963
f 344/314/963 343/312/964 340/310/961
f 343/312/965 344/314/966 348/315/967
f 344/314/968 342/313/969 347/316/970
f 345/317/971 348/315/972 344/314/973
f 344/314/973 346/318/974 345/317/971
f 347/316/970 346/318/975 344/314/968
f 351/319/976 349/320/977 348/315/978
f 350/321/979 348/315/980 349/320/981
f 348/315/967 350/321/982 343/312/965
f 348/315/978 345/317/983 351/319/976
f 352/322/984 349/320/985 351/319/986
f 351/319/986 353/323/987 352/322/984
f 355/324/988 353/325/989 351/326/990
f 354/327/991 351/326/992 345/328/993
f 351/326/990 354/327/994 355/324/988
f 356/329/995 357/330/996 355/324/997
f 355/324/997 358/331/998 356/329/995
f 353/325/999 355/324/1000 357/330/1001
f 358/331/1002 355/324/1003 354/327/1004
f 360/332/1005 358/331/1006 359/333/1007
f 354/327/1004 359/333/1008 358/331/1002
f 361/334/1009 356/329/1010 358/331/1011
f 358/331/1011 360/332/1012 361/334/1009
f 361/334/1013 360/332/1014 362/335/1015
f 364/336/1016 356/329/1017 361/334/1018
f 362/335/1015 363/337/1019 361/334/1013
f 361/334/1020 363/337/1021 366/338/1022
f 361/334/1018 365/339/1023 364/336/1016
f 366/338/1022 365/339/1024 361/334/1020
f 365/339/1025 366/338/1026 367/340/1027
f 369/341/1028 367/340/1029 366/338/1030
f 370/342/1031 368/343/1032 366/338/1033
f 366/338/1030 368/343/1034 369/341/1028
f 366/338/1033 363/337/1035 370/342/1031
f 370/342/1036 371/342/1037 372/344/1038
f 371/342/1039 370/342/1040 373/345/1041
f 373/345/1042 370/342/1043 363/337/1044
f 372/344/1038 374/344/1045 370/342/1036
f 368/343/1046 370/342/1047 374/344/1048
f 375/346/1049 374/344/1050 372/344/1051
f 374/344/1048 375/346/1052 368/343/1046
f 372/344/1051 379/346/1053 375/346/1049
f 369/341/1054 368/343/1055 375/346/1056
f 375/346/1056 376/347/1057 369/341/1054
f 378/348/1058 376/347/1059 375/346/1060
f 377/349/1061 375/346/1062 379/346/1063
f 375/346/1060 377/349/1064 378/348/1058
f 371/342/1065 381/343/1066 379/346/1067
f 379/346/1067 372/344/1068 371/342/1065
f 380/341/1069 382/347/1070 379/346/1071
f 379/346/1071 381/343/1072 380/341/1069
f 383/349/1073 379/346/1074 382/347/1075
f 379/346/1063 383/349/1076 377/349/1061
f 383/349/1077 384/348/1078 386/350/1079
f 382/347/1075 384/348/1080 383/349/1073
f 377/349/1081 383/349/1082 385/351/1083
f 386/350/1079 385/351/1084 383/349/1077
f 387/352/1085 388/353/1086 386/350/1087
f 386/350/1087 384/348/1088 387/352/1085
f 386/350/1089 388/353/1090 389/354/1091
f 385/351/1092 386/350/1093 390/355/1094
f 389/354/1091 390/355/1095 386/350/1089
f 390/355/1096 389/354/1097 391/356/1098
f 391/356/1098 392/357/1099 390/355/1096
f 393/358/1100 390/355/1101 392/357/1102
f 390/355/1094 393/358/1103 385/351/1092
f 392/357/1102 394/359/1104 393/358/1100
f 393/358/1105 394/359/1106 395/359/1107
f 397/351/1108 385/351/1109 393/358/1110
f 395/359/1107 396/358/1107 393/358/1105
f 393/358/1110 396/358/1111 397/351/1108
f 398/355/1112 399/350/1113 397/351/1114
f 397/351/1114 396/358/1115 398/355/1112
f 385/351/1083 397/351/1116 377/349/1081
f 377/349/1117 397/351/1118 399/350/1119
f 399/350/1120 398/355/1121 402/354/1122
f 400/352/1123 378/348/1124 399/350/1125
f 399/350/1125 401/353/1126 400/352/1123
f 399/350/1119 378/348/1127 377/349/1117
f 402/354/1122 401/353/1128 399/350/1120
f 403/360/1129 404/361/1130 402/354/1131
f 402/354/1131 405/356/1132 403/360/1129
f 401/353/1133 402/354/1134 404/361/1135
f 405/356/1136 402/354/1137 398/355/1138
f 406/362/1139 403/360/1140 405/356/1141
f 405/356/1141 407/363/1142 406/362/1139
f 407/363/1143 405/356/1144 408/357/1145
f 398/355/1138 408/357/1146 405/356/1136
f 409/364/1147 408/357/1148 395/359/1149
f 408/357/1145 409/364/1150 407/363/1143
f 395/359/1151 408/357/1152 398/355/1153
f 410/365/1154 409/364/1155 411/366/1156
f 409/364/1157 410/365/1158 412/367/1159
f 395/359/1149 411/366/1160 409/364/1147
f 412/367/1159 407/363/1161 409/364/1157
f 412/367/1162 415/368/1163 413/369/1164
f 413/369/1164 414/370/1165 412/367/1162
f 407/363/1166 412/367/1167 414/370/1168
f 415/368/1169 412/367/1170 410/365/1171
f 415/368/1172 417/371/1173 416/372/1174
f 416/372/1174 413/369/1175 415/368/1172
f 417/371/1176 415/368/1177 418/373/1178
f 410/365/1171 418/373/1179 415/368/1169
f 419/374/1180 418/373/1181 410/365/1182
f 418/373/1183 419/374/1184 421/375/1185
f 418/373/1178 420/376/1186 417/371/1176
f 421/375/1185 420/376/1187 418/373/1183
f 422/377/1188 420/376/1189 421/375/1190
f 421/375/1190 423/378/1191 422/377/1188
f 423/378/1192 421/375/1193 424/379/1194
f 425/380/1195 424/379/1196 421/375/1197
f 421/375/1197 419/374/1198 425/380/1195
f 427/381/1199 424/379/1200 425/380/1201
f 426/382/1202 425/380/1203 419/374/1204
f 425/380/1205 426/382/1206 429/383/1207
f 425/380/1201 428/384/1208 427/381/1199
f 429/383/1207 428/384/1209 425/380/1205
f 428/384/1210 429/383/1211 432/385/1212
f 431/386/1213 430/387/1214 429/383/1215
f 432/385/1216 429/383/1217 430/387/1218
f 429/383/1215 426/382/1219 431/386/1213
f 432/385/1212 433/388/1220 428/384/1210
f 435/389/1221 433/388/1222 432/385/1223
f 430/387/1218 434/390/1224 432/385/1216
f 436/391/1225 432/385/1226 434/390/1227
f 432/385/1223 436/391/1228 435/389/1221
f 436/391/1229 438/392/1230 437/393/1231
f 437/393/1231 435/389/1232 436/391/1229
f 438/392/1233 436/391/1234 439/394/1235
f 434/390/1227 439/394/1236 436/391/1225
f 439/394/1237 434/390/1238 440/390/1239
f 440/390/1239 442/394/1240 439/394/1237
f 439/394/1235 441/395/1241 438/392/1233
f 441/395/1242 439/394/1243 442/394/1244
f 443/391/1245 442/394/1246 440/390/1247
f 444/395/1248 442/394/1249 443/391/1250
f 442/394/1244 444/395/1251 441/395/1242
f 445/396/1252 447/397/1253 444/395/1254
f 444/395/1254 446/392/1255 445/396/1252
f 443/391/1250 446/392/1256 444/395/1248
f 444/395/1257 447/397/1258 448/397/1259
f 448/397/1259 441/395/1260 444/395/1257
f 445/396/1261 449/396/1262 448/397/1263
f 448/397/1263 447/397/1264 445/396/1261
f 441/395/1265 448/397/1266 449/396/1267
f 450/398/1268 449/396/1269 445/396/1270
f 449/396/1271 450/398/1272 452/399/1273
f 438/392/1274 449/396/1275 451/400/1276
f 452/399/1273 451/400/1277 449/396/1271
f 449/396/1267 438/392/1278 441/395/1265
f 451/400/1279 452/399/1280 453/401/1281
f 454/402/1282 453/401/1283 452/399/1284
f 452/399/1284 455/403/1285 454/402/1282
f 455/403/1286 452/399/1287 450/398/1288
f 456/404/1289 455/403/1290 458/405/1291
f 455/403/1292 456/404/1293 457/406/1294
f 457/406/1294 454/402/1295 455/403/1292
f 450/398/1288 458/405/1296 455/403/1286
f 458/405/1297 450/398/1298 461/398/1299
f 458/405/1291 459/407/1300 456/404/1289
f 459/407/1301 458/405/1302 460/405/1303
f 461/398/1299 460/405/1304 458/405/1297
f 462/399/1305 461/398/1306 445/396/1307
f 460/405/1308 461/398/1309 462/399/1310
f 445/396/1270 461/398/1311 450/398/1268
f 462/399/1310 463/403/1312 460/405/1308
f 466/402/1313 463/403/1314 462/399/1315
f 462/399/1316 465/400/1317 464/408/1318
f 464/408/1318 467/401/1319 462/399/1316
f 445/396/1307 465/400/1320 462/399/1305
f 462/399/1315 467/401/1321 466/402/1313
f 467/401/1322 469/409/1323 468/410/1324
f 468/410/1324 466/402/1325 467/401/1322
f 470/411/1326 469/409/1327 467/401/1328
f 467/401/1328 464/408/1329 470/411/1326
f 469/409/1330 470/411/1331 472/412/1332
f 471/413/1333 470/411/1334 464/408/1335
f 470/411/1336 471/413/1337 473/414/1338
f 473/414/1338 472/412/1339 470/411/1336
f 474/415/1340 473/414/1341 471/413/1342
f 472/416/1343 473/417/1344 475/418/1345
f 475/418/1346 473/417/1347 474/419/1348
f 474/419/1348 476/420/1349 475/418/1346
f 475/418/1350 476/420/1351 477/421/1352
f 477/421/1352 478/422/1353 475/418/1350
f 475/418/1345 479/423/1354 472/416/1343
f 479/423/1355 475/418/1356 478/422/1357
f 478/422/1357 481/424/1358 479/423/1355
f 479/423/1359 482/425/1360 480/426/1361
f 480/426/1361 472/416/1362 479/423/1359
f 482/425/1363 479/423/1364 481/424/1365
f 482/425/1366 485/427/1367 483/428/1368
f 483/428/1368 480/426/1369 482/425/1366
f 485/427/1370 482/425/1371 484/429/1372
f 481/424/1365 484/429/1373 482/425/1363
f 483/428/1374 485/427/1375 486/430/1376
f 487/431/1377 486/430/1378 485/427/1379
f 485/427/1379 488/432/1380 487/431/1377
f 484/429/1372 488/432/1381 485/427/1370
f 487/431/1382 488/432/1383 489/433/1384
f 490/434/1385 489/433/1386 488/432/1387
f 488/432/1387 484/429/1388 490/434/1385
f 490/434/1389 491/435/1390 492/436/1391
f 481/424/1392 491/435/1393 490/434/1394
f 492/436/1391 493/437/1395 490/434/1389
f 490/434/1394 484/429/1396 481/424/1392
f 489/433/1397 490/434/1398 493/437/1399
f 495/438/1400 493/437/1401 494/439/1402
f 496/440/1403 494/439/1404 493/437/1405
f 493/437/1399 495/438/1406 489/433/1397
f 493/437/1405 492/436/1405 496/440/1403
f 498/441/1407 496/440/1408 492/436/1409
f 494/439/1410 496/440/1411 497/442/1412
f 499/443/1413 497/442/1414 496/440/1415
f 496/440/1415 498/441/1416 499/443/1413
f 499/443/1417 498/441/1418 500/444/1419
f 500/444/1419 502/445/1417 499/443/1417
f 497/442/1420 499/443/1421 501/446/1422
f 503/447/1423 501/446/1424 499/443/1425
f 499/443/1425 502/445/1425 503/447/1423
f 504/448/1426 505/449/1427 503/447/1428
f 503/447/1428 506/450/1429 504/448/1426
f 506/450/1430 503/447/1431 502/445/1432
f 501/446/1433 503/447/1434 505/449/1435
f 506/450/1436 507/451/1437 508/452/1438
f 507/451/1439 506/450/1439 509/453/1440
f 508/452/1438 504/448/1441 506/450/1436
f 502/445/1432 509/453/1442 506/450/1430
f 509/453/1440 511/454/1443 507/451/1439
f 500/444/1444 510/455/1445 509/453/1446
f 511/454/1447 509/453/1447 510/455/1448
f 509/453/1446 502/445/1449 500/444/1444
f 511/454/1450 512/456/1451 513/457/1452
f 515/458/1453 512/456/1454 511/454/1454
f 513/457/1452 507/451/1455 511/454/1450
f 510/455/1448 514/459/1456 511/454/1447
f 511/454/1454 514/459/1457 515/458/1453
f 515/458/1458 516/460/1459 517/461/1460
f 516/460/1461 515/458/1462 518/462/1463
f 517/461/1460 512/456/1464 515/458/1458
f 519/463/1465 518/462/1466 515/458/1467
f 515/458/1467 514/459/1468 519/463/1465
f 521/464/1469 520/465/1470 519/463/1471
f 518/462/1472 519/463/1472 520/465/1473
f 522/466/1474 519/463/1475 514/459/1476
f 519/463/1471 522/466/1477 521/464/1469
f 523/467/1478 521/464/1478 522/466/1479
f 524/468/1480 522/466/1481 510/455/1482
f 514/459/1476 510/455/1483 522/466/1474
f 522/466/1479 524/468/1479 523/467/1478
f 525/469/1484 523/467/1484 524/468/1485
f 526/470/1486 524/468/1486 500/444/1487
f 510/455/1482 500/444/1482 524/468/1480
f 524/468/1485 526/470/1488 525/469/1484
f 491/435/1489 525/469/1490 526/470/1491
f 492/436/1409 526/470/1409 498/441/1407
f 500/444/1487 498/441/1487 526/470/1486
f 526/470/1491 492/436/1492 491/435/1489
f 481/424/1493 478/422/1494 525/469/1495
f 523/467/1496 525/469/1497 478/422/1498
f 525/469/1495 491/435/1499 481/424/1493
f 478/422/1498 477/421/1500 523/467/1496
f 523/467/1501 477/421/1502 527/471/1503
f 527/471/1503 521/464/1501 523/467/1501
f 476/420/1504 528/472/1505 527/471/1506
f 529/473/1507 527/471/1508 528/472/1509
f 520/465/1510 521/464/1511 527/471/1512
f 527/471/1506 477/421/1513 476/420/1504
f 527/471/1512 529/473/1514 520/465/1510
f 528/472/1509 530/474/1515 529/473/1507
f 531/475/1516 529/473/1516 530/474/1517
f 532/476/1518 520/465/1519 529/473/1520
f 529/473/1520 531/475/1521 532/476/1518
f 532/476/1522 531/475/1523 533/477/1524
f 533/477/1524 534/478/1525 532/476/1522
f 520/465/1473 532/476/1526 518/462/1472
f 535/479/1527 518/462/1528 532/476/1529
f 532/476/1529 534/478/1529 535/479/1527
f 535/479/1530 536/480/1531 537/481/1532
f 536/480/1533 535/479/1534 534/478/1535
f 537/481/1532 516/460/1536 535/479/1530
f 518/462/1463 535/479/1537 516/460/1461
f 539/482/1538 537/481/1539 536/480/1540
f 516/460/1541 537/481/1542 538/483/1543
f 538/483/1544 537/481/1545 539/482/1546
f 536/480/1540 540/484/1547 539/482/1538
f 542/485/1548 539/482/1549 540/484/1550
f 539/482/1546 541/486/1551 538/483/1544
f 543/487/1552 541/486/1553 539/482/1554
f 539/482/1554 542/485/1555 543/487/1552
f 545/488/1556 543/487/1557 542/485/1558
f 541/486/1559 543/487/1560 544/489/1561
f 546/490/1562 544/489/1563 543/487/1564
f 543/487/1564 545/488/1565 546/490/1562
f 547/491/1566 548/492/1567 546/490/1568
f 546/490/1568 549/493/1569 547/491/1566
f 549/493/1570 546/490/1571 545/488/1572
f 544/489/1573 546/490/1574 548/492/1575
f 545/488/1572 550/494/1576 549/493/1570
f 551/495/1577 549/493/1578 550/494/1579
f 549/493/1580 551/495/1581 552/496/1582
f 552/496/1582 547/491/1583 549/493/1580
f 547/491/1584 552/496/1585 553/497/1586
f 555/498/1587 553/497/1588 552/496/1589
f 552/496/1589 554/499/1590 555/498/1587
f 554/499/1591 552/496/1591 551/495/1592
f 553/497/1593 555/498/1594 556/500/1595
f 558/501/1596 555/498/1597 554/499/1598
f 557/502/1599 556/500/1600 555/498/1601
f 555/498/1601 558/501/1601 557/502/1599
f 554/499/1598 561/503/1602 558/501/1596
f 559/504/1603 557/502/1604 558/501/1605
f 558/501/1605 560/505/1606 559/504/1603
f 560/505/1607 558/501/1608 561/503/1609
f 562/506/1610 561/503/1611 563/507/1612
f 561/503/1609 562/506/1613 560/505/1607
f 564/508/1614 563/507/1615 561/503/1616
f 561/503/1616 554/499/1617 564/508/1614
f 563/507/1618 564/508/1619 565/509/1620
f 566/510/1621 565/509/1622 564/508/1623
f 551/495/1592 564/508/1592 554/499/1591
f 564/508/1623 551/495/1624 566/510/1621
f 566/510/1625 567/511/1626 569/512/1627
f 568/513/1628 567/511/1629 566/510/1630
f 566/510/1630 550/494/1631 568/513/1628
f 550/494/1579 566/510/1632 551/495/1577
f 569/512/1627 565/509/1633 566/510/1625
f 569/512/1634 567/511/1635 570/514/1636
f 570/514/1636 571/515/1637 569/512/1634
f 569/512/1638 571/515/1639 573/516/1640
f 565/509/1641 569/512/1641 572/517/1641
f 573/516/1640 572/517/1642 569/512/1638
f 574/518/1643 573/516/1643 575/519/1644
f 572/517/1645 573/516/1646 574/518/1647
f 576/520/1648 575/519/1649 573/516/1650
f 573/516/1650 571/515/1651 576/520/1648
f 575/519/1652 576/520/1653 577/521/1652
f 577/521/1654 576/520/1655 578/522/1656
f 578/522/1657 576/520/1658 571/515/1659
f 578/522/1656 579/523/1660 577/521/1654
f 579/523/1661 578/522/1662 580/524/1663
f 580/524/1664 578/522/1665 570/514/1666
f 571/515/1659 570/514/1667 578/522/1657
f 580/524/1663 581/525/1668 579/523/1661
f 583/526/1669 581/525/1670 580/524/1671
f 570/514/1666 582/527/1672 580/524/1664
f 584/528/1673 580/524/1674 582/527/1675
f 580/524/1671 584/528/1676 583/526/1669
f 586/529/1677 583/526/1678 584/528/1679
f 582/527/1675 585/530/1680 584/528/1673
f 587/531/1681 584/528/1682 585/530/1683
f 584/528/1679 587/531/1684 586/529/1677
f 586/529/1685 587/531/1686 589/532/1687
f 589/532/1688 587/531/1689 588/533/1690
f 585/530/1683 588/533/1691 587/531/1681
f 589/532/1687 592/534/1692 586/529/1685
f 591/535/1693 589/532/1694 540/484/1695
f 588/533/1690 540/484/1696 589/532/1688
f 589/532/1697 591/535/1698 590/536/1699
f 590/536/1699 592/534/1700 589/532/1697
f 586/529/1701 592/534/1702 593/537/1703
f 594/538/1704 593/537/1705 592/534/1706
f 592/534/1706 590/536/1707 594/538/1704
f 593/537/1708 594/538/1709 595/539/1710
f 595/539/1711 594/538/1712 596/540/1713
f 596/540/1714 594/538/1715 590/536/1716
f 596/540/1713 597/541/1717 595/539/1711
f 599/542/1718 597/541/1719 596/540/1720
f 598/543/1721 596/540/1722 533/477/1723
f 590/536/1716 533/477/1724 596/540/1714
f 596/540/1720 598/543/1725 599/542/1718
f 599/544/1726 601/545/1727 600/378/1728
f 600/378/1728 597/546/1729 599/544/1726
f 601/545/1730 599/544/1731 602/547/1732
f 530/474/1733 602/548/1734 599/542/1735
f 599/542/1735 598/543/1736 530/474/1733
f 528/472/1737 603/549/1738 602/548/1739
f 602/547/1740 603/550/1741 605/551/1742
f 602/547/1732 604/552/1743 601/545/1730
f 605/551/1742 604/552/1744 602/547/1740
f 602/548/1739 530/474/1737 528/472/1737
f 606/553/1745 605/551/1746 603/550/1747
f 607/554/1748 605/551/1749 606/553/1750
f 605/551/1751 607/554/1752 608/381/1753
f 608/381/1753 604/552/1754 605/551/1751
f 601/545/1755 604/552/1756 608/381/1757
f 608/381/1758 609/384/1759 611/380/1760
f 609/384/1761 608/381/1762 607/554/1763
f 608/381/1757 610/379/1764 601/545/1755
f 611/380/1760 610/379/1765 608/381/1758
f 612/374/1766 611/380/1767 613/382/1768
f 610/379/1769 611/380/1770 612/374/1771
f 613/382/1772 611/380/1773 609/384/1774
f 613/382/1768 614/555/1775 612/374/1766
f 615/366/1776 614/555/1777 613/382/1778
f 613/382/1778 616/386/1779 615/366/1776
f 616/386/1780 613/382/1781 617/383/1782
f 609/384/1774 617/383/1783 613/382/1772
f 617/383/1784 620/385/1785 440/390/1786
f 440/390/1786 618/387/1787 617/383/1784
f 617/383/1788 609/384/1789 619/388/1790
f 617/383/1782 618/387/1791 616/386/1780
f 619/388/1790 620/385/1792 617/383/1788
f 440/390/1247 620/385/1793 443/391/1245
f 443/391/1794 620/385/1795 619/388/1794
f 619/388/1794 621/389/1796 443/391/1794
f 622/556/1797 621/389/1798 619/388/1799
f 607/554/1763 619/388/1800 609/384/1761
f 619/388/1799 607/554/1801 622/556/1797
f 622/556/1802 623/557/1803 624/393/1804
f 471/413/1805 623/557/1806 622/556/1807
f 622/556/1807 606/553/1808 471/413/1805
f 624/393/1804 621/389/1809 622/556/1802
f 606/553/1750 622/556/1810 607/554/1748
f 624/393/1811 465/400/1812 445/396/1813
f 445/396/1813 446/392/1814 624/393/1811
f 624/393/1815 623/557/1816 464/408/1817
f 624/393/1818 446/392/1819 443/391/1820
f 443/391/1820 621/389/1821 624/393/1818
f 464/408/1817 465/400/1822 624/393/1815
f 464/408/1335 623/557/1823 471/413/1333
f 618/387/1824 440/390/1825 434/390/1826
f 431/386/1827 616/386/1828 618/387/1829
f 434/390/1826 430/387/1830 618/387/1824
f 618/387/1829 430/387/1831 431/386/1827
f 615/366/1832 616/386/1833 625/558/1834
f 625/558/1835 616/386/1836 431/386/1837
f 625/558/1834 394/359/1838 615/366/1832
f 395/359/1839 394/359/1840 625/558/1841
f 431/386/1837 626/558/1842 625/558/1835
f 625/558/1841 626/558/1843 395/359/1839
f 626/558/1844 431/386/1845 411/366/1846
f 411/366/1846 395/359/1847 626/558/1844
f 615/366/1848 628/364/1849 627/365/1850
f 627/365/1850 614/555/1851 615/366/1848
f 628/364/1852 615/366/1853 394/359/1854
f 629/367/1855 627/365/1856 628/364/1857
f 628/364/1857 630/363/1858 629/367/1855
f 630/363/1859 628/364/1860 392/357/1861
f 394/359/1854 392/357/1862 628/364/1852
f 630/363/1863 632/362/1864 631/370/1865
f 631/370/1865 629/367/1866 630/363/1863
f 632/362/1867 630/363/1868 391/356/1869
f 392/357/1861 391/356/1870 630/363/1859
f 632/362/1871 634/559/1872 633/560/1873
f 633/560/1873 631/370/1874 632/362/1871
f 634/559/1875 632/362/1876 635/360/1877
f 391/356/1869 635/360/1878 632/362/1867
f 635/360/1877 636/561/1879 634/559/1875
f 636/561/1880 635/360/1881 637/361/1882
f 635/360/1883 391/356/1884 389/354/1885
f 389/354/1885 637/361/1886 635/360/1883
f 637/361/1882 638/562/1887 636/561/1880
f 638/562/1888 637/361/1889 639/563/1890
f 637/361/1891 389/354/1892 388/353/1893
f 388/353/1893 639/563/1894 637/361/1891
f 639/563/1895 641/564/1896 640/565/1897
f 640/565/1897 642/566/1898 639/563/1895
f 387/352/1899 641/564/1900 639/563/1901
f 639/563/1890 642/566/1902 638/562/1888
f 639/563/1901 388/353/1903 387/352/1899
f 643/567/1904 642/566/1905 640/565/1906
f 644/568/1907 638/562/1908 642/566/1909
f 642/566/1909 643/567/1910 644/568/1907
f 644/568/1911 646/569/1912 636/561/1913
f 636/561/1913 638/562/1914 644/568/1911
f 645/570/1915 644/568/1916 643/567/1917
f 644/568/1916 645/570/1915 647/571/1918
f 647/571/1918 646/569/1919 644/568/1916
f 647/571/1918 649/572/1920 648/573/1921
f 648/573/1921 646/569/1919 647/571/1918
f 649/572/1922 647/571/1923 650/574/1924
f 650/574/1924 647/571/1923 645/570/1925
f 651/575/1926 650/574/1927 653/576/1928
f 650/574/1924 651/575/1929 649/572/1922
f 650/574/1927 652/577/1930 654/578/1931
f 645/570/1925 652/577/1932 650/574/1924
f 654/578/1931 653/576/1928 650/574/1927
f 657/579/1933 655/580/1934 654/578/1935
f 654/578/1935 655/580/1934 656/581/1936
f 656/581/1936 653/576/1937 654/578/1935
f 654/578/1935 658/582/1938 657/579/1933
f 659/583/1939 658/582/1940 654/578/1931
f 654/578/1931 652/577/1930 659/583/1939
f 661/584/1941 659/583/1942 660/585/1943
f 645/570/1925 660/585/1943 659/583/1942
f 659/583/1942 652/577/1932 645/570/1925
f 658/582/1940 659/583/1939 661/584/1944
f 663/586/1945 661/584/1944 662/587/1946
f 662/587/1947 661/584/1941 664/588/1948
f 660/585/1943 664/588/1948 661/584/1941
f 661/584/1944 663/586/1945 658/582/1940
f 664/588/1948 665/589/1949 662/587/1947
f 666/590/1950 665/589/1951 664/588/1952
f 664/588/1952 667/591/1953 666/590/1950
f 667/591/1954 664/588/1955 660/585/1956
f 666/590/1957 667/591/1958 640/565/1959
f 660/585/1956 643/567/1917 667/591/1954
f 640/565/1906 667/591/1960 643/567/1904
f 669/592/1961 668/593/1962 666/590/1963
f 665/589/1964 666/590/1965 668/593/1966
f 666/590/1963 670/594/1967 669/592/1961
f 640/565/1959 670/594/1968 666/590/1957
f 671/595/1969 669/592/1970 670/594/1971
f 672/596/1972 670/594/1973 640/565/1974
f 670/594/1971 672/596/1975 671/595/1969
f 640/565/1974 641/564/1976 672/596/1972
f 673/597/1977 671/595/1978 672/596/1979
f 672/596/1980 641/564/1981 387/352/1982
f 672/596/1979 674/598/1983 673/597/1977
f 387/352/1982 674/598/1984 672/596/1980
f 673/597/1985 674/598/1986 382/347/1987
f 382/347/1988 674/598/1989 387/352/1990
f 673/597/1991 676/599/1992 675/600/1993
f 675/600/1993 671/595/1994 673/597/1991
f 676/599/1995 673/597/1996 380/341/1997
f 382/347/1987 380/341/1998 673/597/1985
f 677/601/1999 675/600/2000 676/599/2001
f 676/599/2001 678/602/2002 677/601/1999
f 678/602/2003 676/599/2004 679/340/2005
f 380/341/1997 679/340/2006 676/599/1995
f 679/340/2005 680/603/2007 678/602/2003
f 681/339/2008 680/603/2009 679/340/2010
f 679/340/2011 380/341/2012 381/343/2013
f 679/340/2010 682/338/2014 681/339/2008
f 381/343/2013 682/338/2015 679/340/2011
f 371/342/2016 683/337/2017 682/338/2018
f 682/338/2018 381/343/2019 371/342/2016
f 681/339/2020 682/338/2021 683/337/2022
f 684/335/2023 683/337/2024 371/342/2025
f 685/334/2026 683/337/2027 684/335/2028
f 683/337/2022 685/334/2029 681/339/2020
f 685/334/2030 687/332/2031 686/331/2032
f 686/331/2032 688/329/2033 685/334/2030
f 684/335/2028 687/332/2034 685/334/2026
f 681/339/2035 685/334/2036 688/329/2037
f 689/330/2038 688/329/2039 686/331/2040
f 690/336/2041 688/329/2042 689/330/2043
f 688/329/2037 690/336/2044 681/339/2035
f 681/339/2045 690/336/2046 691/604/2047
f 691/604/2048 690/336/2049 692/605/2050
f 689/330/2043 692/605/2051 690/336/2041
f 692/605/2050 693/606/2052 691/604/2048
f 693/606/2053 692/605/2054 694/607/2055
f 692/605/2056 689/330/2057 695/608/2058
f 695/608/2058 694/607/2059 692/605/2056
f 697/609/2060 694/610/2061 695/611/2062
f 696/612/2063 695/611/2064 698/323/2065
f 695/611/2062 696/612/2066 697/609/2060
f 698/325/2067 695/608/2068 689/330/2069
f 698/323/2070 701/319/2071 699/320/2072
f 699/320/2072 700/322/2073 698/323/2070
f 698/323/2065 700/322/2074 696/612/2063
f 701/326/2075 698/325/2076 702/324/2077
f 689/330/2069 702/324/2078 698/325/2067
f 702/324/2077 703/327/2079 701/326/2075
f 704/333/2080 703/327/2081 702/324/2082
f 702/324/2082 686/331/2083 704/333/2080
f 686/331/2040 702/324/2084 689/330/2038
f 703/327/2085 704/333/2086 707/613/2087
f 706/614/2088 704/333/2089 686/331/2090
f 704/333/2091 706/614/2092 705/615/2093
f 705/615/2093 707/613/2094 704/333/2091
f 710/616/2095 708/617/2096 707/613/2097
f 709/618/2098 707/613/2099 708/617/2100
f 707/613/2087 709/618/2101 703/327/2085
f 707/613/2097 705/615/2102 710/616/2095
f 712/619/2103 711/620/2104 710/616/2105
f 708/617/2106 710/616/2107 711/620/2108
f 713/621/2109 710/616/2110 705/615/2111
f 710/616/2105 713/621/2112 712/619/2103
f 715/619/2113 712/619/2114 713/621/2115
f 716/621/2116 713/621/2117 714/622/2118
f 705/615/2111 714/622/2119 713/621/2109
f 713/621/2115 716/621/2120 715/619/2113
f 714/622/2118 719/622/2121 716/621/2116
f 716/621/2122 718/616/2123 717/620/2124
f 717/620/2124 715/619/2125 716/621/2122
f 718/616/2126 716/621/2127 719/622/2128
f 723/623/2129 719/622/2130 714/622/2131
f 719/622/2128 720/615/2132 718/616/2126
f 720/615/2133 719/622/2134 721/624/2135
f 722/625/2136 721/624/2137 719/622/2138
f 719/622/2138 723/623/2139 722/625/2136
f 714/622/2131 725/623/2140 723/623/2129
f 724/625/2141 722/625/2142 723/623/2143
f 723/623/2143 725/623/2144 724/625/2141
f 724/625/2145 725/623/2146 714/622/2147
f 714/622/2147 726/624/2148 724/625/2145
f 724/625/2149 726/624/2150 684/335/2151
f 684/335/2151 727/345/2152 724/625/2149
f 722/625/2153 724/625/2154 727/345/2155
f 373/345/1041 727/345/2156 371/342/1039
f 371/342/2025 727/345/2157 684/335/2023
f 727/345/2155 373/345/2158 722/625/2153
f 726/624/2159 714/622/2160 705/615/2161
f 705/615/2161 706/614/2162 726/624/2159
f 726/624/2163 706/614/2164 687/332/2165
f 687/332/2165 684/335/2166 726/624/2163
f 362/335/2167 721/624/2168 722/625/2169
f 722/625/2169 373/345/2170 362/335/2167
f 360/332/2171 728/614/2172 721/624/2173
f 721/624/2135 728/614/2174 720/615/2133
f 721/624/2173 362/335/2175 360/332/2171
f 359/333/1007 728/614/2176 360/332/1005
f 728/614/2177 359/333/2178 729/613/2179
f 729/613/2179 720/615/2180 728/614/2177
f 720/615/2181 729/613/2182 730/617/2183
f 731/626/2184 730/617/2185 729/613/2186
f 729/613/2186 732/618/2187 731/626/2184
f 732/618/2188 729/613/2189 359/333/2190
f 346/627/2191 731/626/2192 732/618/2193
f 359/333/2190 354/327/2194 732/618/2188
f 345/328/993 732/618/2195 354/327/991
f 732/618/2193 345/328/2196 346/627/2191
f 347/628/2197 733/629/2198 731/626/2199
f 730/617/2200 731/626/2201 733/629/2202
f 731/626/2199 346/627/2203 347/628/2197
f 733/629/2202 736/630/2204 730/617/2200
f 733/629/2205 347/628/2206 734/631/2207
f 734/631/2207 735/632/2208 733/629/2205
f 736/630/2209 733/629/2210 735/632/2211
f 717/620/2212 736/630/2213 737/633/2214
f 735/632/2211 737/633/2215 736/630/2209
f 718/616/2216 730/617/2217 736/630/2218
f 736/630/2218 717/620/2219 718/616/2216
f 737/633/2220 735/632/2221 738/634/2222
f 738/634/2222 739/635/2223 737/633/2220
f 740/636/2224 737/633/2225 739/635/2226
f 737/633/2214 740/636/2227 717/620/2212
f 742/637/2228 740/636/2229 741/638/2230
f 739/635/2226 741/638/2231 740/636/2224
f 715/619/2232 717/620/2233 740/636/2234
f 740/636/2234 742/637/2235 715/619/2232
f 744/637/2236 742/637/2237 743/639/2238
f 741/638/2230 743/639/2239 742/637/2228
f 715/619/2240 742/637/2241 744/637/2242
f 744/637/2243 745/636/2244 711/620/2245
f 711/620/2245 712/619/2246 744/637/2243
f 745/636/2247 744/637/2248 746/639/2249
f 743/639/2238 746/639/2250 744/637/2236
f 744/637/2242 712/619/2251 715/619/2240
f 750/640/2252 747/640/2253 746/639/2254
f 746/639/2255 747/640/2256 749/641/2257
f 746/639/2249 748/638/2258 745/636/2247
f 749/641/2257 748/638/2259 746/639/2255
f 746/639/2254 743/639/2260 750/640/2252
f 325/297/2261 751/642/2262 750/640/2263
f 750/640/2263 752/641/2264 325/297/2261
f 753/642/2265 747/640/2266 750/640/2267
f 750/640/2267 751/642/2268 753/642/2265
f 741/638/2269 752/641/2270 750/640/2271
f 750/640/2271 743/639/2272 741/638/2269
f 747/640/2273 753/642/2274 754/297/2275
f 755/290/2276 754/297/2277 753/642/2278
f 753/642/2278 756/289/2279 755/290/2276
f 756/289/2280 753/642/2281 751/642/2282
f 309/285/2283 755/290/2276 756/289/2279
f 756/289/2279 310/286/2284 309/285/2283
f 310/286/895 756/289/2285 318/289/893
f 751/642/2282 318/289/2286 756/289/2280
f 758/292/2287 757/291/2288 755/290/2289
f 754/297/2290 755/290/2291 757/291/2292
f 755/290/2289 309/285/2293 758/292/2287
f 757/291/2294 758/292/2295 759/296/2296
f 304/281/2297 759/296/2298 758/292/2299
f 303/279/873 758/292/2300 309/285/871
f 758/292/2299 303/279/2301 304/281/2297
f 760/298/2302 759/296/2303 304/281/2304
f 759/296/2305 760/298/2306 761/299/2307
f 761/299/2307 762/295/2308 759/296/2305
f 759/296/2296 762/295/2309 757/291/2294
f 763/293/2310 757/291/2311 762/295/2312
f 762/295/2312 764/294/2313 763/293/2310
f 765/303/2314 764/294/2315 762/295/2316
f 762/295/2316 761/299/2317 765/303/2314
f 766/643/2318 764/294/2319 765/303/2320
f 765/303/2320 767/644/2321 766/643/2318
f 768/645/2322 767/646/2323 765/302/2324
f 769/647/2325 765/302/2326 761/301/2327
f 765/302/2324 769/647/2328 768/645/2322
f 761/301/2327 770/300/2329 769/647/2325
f 771/648/2330 769/647/2331 770/300/2332
f 768/645/2333 769/647/2334 771/648/2335
f 774/649/2336 771/648/2337 772/313/2338
f 772/313/2339 771/648/2340 773/309/2341
f 770/300/2332 773/309/2342 771/648/2330
f 771/648/2335 774/649/2343 768/645/2333
f 772/313/2338 775/316/2344 774/649/2336
f 774/631/2345 775/628/2346 777/629/2347
f 768/650/2348 774/631/2349 776/632/2350
f 777/629/2347 776/632/2351 774/631/2345
f 778/633/2352 776/632/2353 777/629/2354
f 777/629/2354 779/630/2355 778/633/2352
f 708/617/2356 779/630/2357 777/629/2358
f 777/629/2358 780/626/2359 708/617/2356
f 780/626/2360 777/629/2361 775/628/2362
f 709/618/2363 780/626/2364 781/627/2365
f 775/628/2362 781/627/2366 780/626/2360
f 708/617/2100 780/626/2367 709/618/2098
f 781/627/2365 782/328/2368 709/618/2363
f 784/315/2369 782/317/2370 781/318/2371
f 783/314/2372 781/318/2373 775/316/2374
f 781/318/2371 783/314/2375 784/315/2369
f 786/312/2376 785/321/2377 784/315/2378
f 699/320/2379 784/315/2380 785/321/2381
f 784/315/2378 783/314/2382 786/312/2376
f 782/317/2383 784/315/2384 699/320/2385
f 788/310/2386 786/312/2387 783/314/2388
f 786/312/2389 788/310/2390 787/308/2391
f 787/308/2391 789/311/2392 786/312/2389
f 785/321/2393 786/312/2394 789/311/2395
f 789/311/2395 790/651/2396 785/321/2393
f 790/651/2397 789/311/2398 791/652/2399
f 792/653/2400 791/652/2401 789/311/2402
f 789/311/2402 787/308/2403 792/653/2400
f 293/267/2404 290/265/2405 792/653/2406
f 791/652/2407 792/653/2408 290/265/2409
f 793/306/2410 792/653/2411 787/308/2412
f 792/653/2406 793/306/2413 293/267/2404
f 293/267/844 793/306/2414 297/272/842
f 793/306/2415 794/307/2416 795/304/2417
f 787/308/2412 794/307/2418 793/306/2410
f 795/304/2417 297/272/2419 793/306/2415
f 300/276/2420 297/272/2421 795/304/2422
f 760/305/2423 795/304/2424 770/300/2425
f 773/309/2426 770/300/2427 795/304/2428
f 795/304/2422 760/305/2422 300/276/2420
f 795/304/2428 794/307/2429 773/309/2426
f 788/310/2430 773/309/2431 794/307/2432
f 794/307/2432 787/308/2433 788/310/2430
f 791/652/2399 796/654/2434 790/651/2397
f 290/265/2409 287/262/2409 791/652/2407
f 796/654/2435 791/652/2435 287/262/2436
f 796/654/2437 797/655/2437 798/656/2438
f 797/655/2439 796/654/2440 284/259/2440
f 798/656/2438 790/651/2441 796/654/2437
f 287/262/2436 284/259/2442 796/654/2435
f 800/657/2443 798/656/2444 797/655/2445
f 790/651/2446 798/656/2446 799/658/2447
f 801/659/2448 799/658/2449 798/656/2450
f 798/656/2450 800/657/2450 801/659/2448
f 801/659/2451 800/657/2452 802/660/2453
f 802/660/2453 803/661/2454 801/659/2451
f 799/658/2455 801/659/2455 700/322/2456
f 700/322/2457 801/659/2458 803/661/2459
f 804/662/2460 803/661/2461 802/660/2462
f 803/661/2459 696/612/2463 700/322/2457
f 696/612/2464 803/661/2465 804/662/2466
f 802/660/2462 805/663/2467 804/662/2460
f 806/664/2468 804/662/2469 805/663/2470
f 804/662/2466 697/609/2471 696/612/2464
f 697/609/2472 804/662/2473 806/664/2474
f 805/663/2470 807/665/2475 806/664/2468
f 809/666/2476 806/664/2477 807/665/2478
f 806/664/2474 808/667/2479 697/609/2472
f 808/667/2480 806/664/2481 809/666/2482
f 812/668/2483 809/666/2484 810/669/2485
f 810/669/2486 809/666/2487 811/670/2488
f 807/665/2478 811/670/2489 809/666/2476
f 809/666/2482 812/668/2490 808/667/2480
f 810/669/2485 815/671/2491 812/668/2483
f 814/672/2492 808/667/2493 812/668/2494
f 812/668/2494 813/673/2495 814/672/2492
f 813/673/2496 812/668/2497 815/671/2498
f 815/671/2499 810/669/2500 816/674/2501
f 816/674/2501 818/675/2502 815/671/2499
f 815/671/2498 817/676/2503 813/673/2496
f 817/676/2504 815/671/2505 818/675/2506
f 818/675/2507 816/674/2508 819/677/2509
f 819/677/2509 821/678/2510 818/675/2507
f 818/675/2506 820/679/2511 817/676/2504
f 820/679/2512 818/675/2513 821/678/2514
f 821/678/2515 819/677/2516 822/680/2517
f 822/680/2517 823/681/2518 821/678/2515
f 821/678/2519 823/681/2520 824/682/2521
f 824/682/2521 825/683/2522 821/678/2519
f 821/678/2514 825/683/2523 820/679/2512
f 828/684/2524 820/685/2525 825/686/2526
f 826/687/2527 827/688/2528 825/686/2529
f 825/686/2529 824/689/2530 826/687/2527
f 825/686/2526 827/688/2531 828/684/2524
f 817/690/2532 820/685/2533 828/684/2534
f 830/691/2535 828/684/2536 829/692/2537
f 831/693/2538 829/692/2539 828/684/2540
f 828/684/2534 830/691/2541 817/690/2532
f 828/684/2540 827/688/2542 831/693/2538
f 833/694/2543 831/693/2544 832/695/2545
f 832/695/2546 831/693/2547 827/688/2548
f 829/692/2549 831/693/2550 833/694/2551
f 832/695/2545 834/696/2552 833/694/2543
f 833/694/2553 834/696/2554 835/697/2555
f 835/697/2555 836/698/2556 833/694/2553
f 837/699/2557 833/694/2558 836/698/2559
f 833/694/2551 837/699/2560 829/692/2549
f 836/698/2559 838/700/2561 837/699/2557
f 839/701/2562 829/692/2563 837/699/2564
f 677/601/2565 837/699/2566 838/700/2567
f 837/699/2564 677/601/2568 839/701/2562
f 840/702/2569 830/691/2570 839/701/2571
f 829/692/2537 839/701/2572 830/691/2535
f 839/701/2573 677/601/2574 678/602/2575
f 839/701/2571 841/703/2576 840/702/2569
f 678/602/2575 841/703/2577 839/701/2573
f 840/702/2578 841/703/2579 691/604/2580
f 691/604/2581 841/703/2582 678/602/2583
f 840/702/2584 813/704/2585 817/690/2586
f 817/690/2586 830/691/2587 840/702/2584
f 691/604/2580 693/606/2588 840/702/2578
f 813/704/2589 840/702/2590 693/606/2591
f 838/700/2592 836/698/2593 668/593/2594
f 668/593/2594 669/592/2595 838/700/2592
f 838/700/2596 669/592/2597 671/595/2598
f 838/700/2567 675/600/2599 677/601/2565
f 671/595/2598 675/600/2600 838/700/2596
f 836/698/2601 835/697/2602 842/705/2603
f 842/705/2603 668/593/2604 836/698/2601
f 842/705/2605 835/697/2606 843/706/2607
f 668/593/1966 842/705/2608 665/589/1964
f 662/587/1947 665/589/1949 842/705/2609
f 843/706/2607 844/707/2610 842/705/2605
f 842/705/2609 844/707/2611 662/587/1947
f 844/707/2612 843/706/2613 847/708/2614
f 845/709/2615 662/587/1946 844/707/2616
f 844/707/2616 846/710/2617 845/709/2615
f 847/708/2614 846/710/2618 844/707/2612
f 848/711/2619 847/708/2620 849/712/2621
f 846/710/2622 847/708/2623 848/711/2624
f 850/713/2625 849/712/2626 847/708/2627
f 847/708/2627 843/706/2628 850/713/2625
f 850/713/2629 843/706/2630 835/697/2631
f 835/697/2631 834/696/2632 850/713/2629
f 850/713/2633 834/696/2634 832/695/2635
f 832/695/2635 851/714/2636 850/713/2633
f 849/712/2637 850/713/2638 851/714/2639
f 852/715/2640 851/714/2641 832/695/2642
f 853/716/2643 851/714/2644 852/715/2645
f 851/714/2639 853/716/2646 849/712/2637
f 855/717/2647 854/718/2648 853/716/2649
f 849/712/2650 853/716/2651 854/718/2652
f 853/716/2649 856/719/2653 855/717/2647
f 852/715/2645 856/719/2654 853/716/2643
f 855/717/2655 856/719/2656 857/720/2657
f 856/719/2658 852/715/2659 858/721/2660
f 858/721/2660 857/720/2661 856/719/2658
f 857/720/2662 858/721/2663 824/682/2664
f 826/687/2665 824/689/2666 858/721/2667
f 858/721/2667 852/715/2668 826/687/2665
f 822/680/2669 859/722/2670 857/720/2671
f 857/720/2671 823/681/2672 822/680/2669
f 824/682/2664 823/681/2673 857/720/2662
f 857/720/2657 859/722/2674 855/717/2655
f 859/722/2675 822/680/2676 861/723/2677
f 855/717/2678 859/722/2679 860/724/2680
f 861/723/2677 860/724/2681 859/722/2675
f 860/724/2682 861/723/2683 862/725/2684
f 863/726/2685 862/725/2686 861/723/2687
f 861/723/2687 864/727/2688 863/726/2685
f 819/677/2689 864/727/2690 861/723/2691
f 861/723/2691 822/680/2692 819/677/2689
f 865/728/2693 863/726/2694 864/727/2695
f 866/729/2696 864/727/2697 819/677/2698
f 864/727/2695 866/729/2699 865/728/2693
f 868/730/2700 866/729/2701 816/674/2702
f 819/677/2698 816/674/2703 866/729/2696
f 867/731/2704 865/728/2705 866/729/2706
f 866/729/2706 868/730/2707 867/731/2704
f 816/674/2702 810/669/2708 868/730/2700
f 869/732/2709 867/731/2710 868/730/2711
f 811/670/2488 868/730/2712 810/669/2486
f 868/730/2711 811/670/2713 869/732/2709
f 870/733/2714 869/732/2715 872/734/2716
f 869/732/2717 870/733/2718 871/735/2719
f 871/735/2719 867/731/2720 869/732/2717
f 872/734/2721 869/732/2722 811/670/2723
f 873/736/2724 872/734/2725 874/737/2726
f 872/734/2716 873/736/2727 870/733/2714
f 872/734/2728 807/665/2729 805/663/2730
f 811/670/2723 807/665/2731 872/734/2721
f 805/663/2730 874/737/2732 872/734/2728
f 875/738/2733 874/737/2734 876/739/2734
f 874/737/2726 875/738/2735 873/736/2724
f 874/737/2736 805/663/2737 802/660/2738
f 802/660/2738 876/739/2739 874/737/2736
f 877/740/2740 876/739/2741 878/741/2741
f 876/739/2734 877/740/2733 875/738/2733
f 878/741/2742 876/739/2743 802/660/2744
f 281/254/2745 278/251/2746 878/741/2747
f 878/741/2741 278/251/2740 877/740/2740
f 797/655/2445 878/741/2445 800/657/2443
f 802/660/2744 800/657/2742 878/741/2742
f 878/741/2747 797/655/2748 281/254/2745
f 275/248/800 877/740/2749 278/251/799
f 875/738/2750 877/740/2750 275/248/2751
f 275/248/2751 879/742/2752 875/738/2750
f 873/736/2753 875/738/2754 879/742/2755
f 273/245/792 879/742/791 275/248/791
f 880/743/2756 879/742/2756 273/245/2757
f 879/742/2755 880/743/2758 873/736/2753
f 273/245/2757 881/744/2757 880/743/2756
f 882/745/2759 880/743/2760 881/744/2761
f 870/733/2762 873/736/2763 880/743/2764
f 880/743/2764 882/745/2765 870/733/2762
f 881/744/2761 883/746/2766 882/745/2759
f 882/745/2767 883/746/2768 884/747/2769
f 884/747/2769 885/748/2770 882/745/2767
f 871/735/2771 870/733/2772 882/745/2773
f 882/745/2773 885/748/2774 871/735/2771
f 886/749/2775 885/748/2776 884/747/2777
f 887/750/2778 871/735/2779 885/748/2780
f 885/748/2780 886/749/2781 887/750/2778
f 887/750/2782 886/749/2783 888/751/2784
f 888/751/2784 889/752/2785 887/750/2782
f 865/728/2786 887/750/2787 889/752/2788
f 887/750/2789 865/728/2790 867/731/2791
f 867/731/2791 871/735/2792 887/750/2789
f 890/753/2793 889/752/2794 888/751/2795
f 863/726/2796 889/752/2797 890/753/2798
f 889/752/2788 863/726/2799 865/728/2786
f 892/754/2800 890/753/2801 891/755/2802
f 888/751/2795 891/755/2803 890/753/2793
f 890/753/2798 862/725/2804 863/726/2796
f 893/756/2805 862/725/2806 890/753/2807
f 890/753/2807 892/754/2808 893/756/2805
f 895/757/2809 893/756/2810 892/754/2811
f 894/758/2812 860/724/2813 893/756/2814
f 862/725/2684 893/756/2815 860/724/2682
f 893/756/2814 895/757/2816 894/758/2812
f 895/757/2817 896/759/2818 897/760/2819
f 899/761/2820 896/759/2821 895/757/2822
f 897/760/2819 894/758/2823 895/757/2817
f 892/754/2811 898/762/2824 895/757/2809
f 895/757/2822 898/762/2825 899/761/2820
f 899/761/2826 900/763/2827 901/764/2828
f 900/763/2829 899/761/2830 902/765/2831
f 901/764/2828 896/759/2832 899/761/2826
f 902/765/2833 899/761/2834 898/762/2835
f 902/765/2831 905/766/2831 900/763/2829
f 903/767/2836 902/765/2837 904/768/2838
f 905/766/2839 902/765/2839 903/767/2840
f 898/762/2835 904/768/2841 902/765/2833
f 905/766/2842 906/769/2843 907/770/2844
f 906/769/2845 905/766/2846 908/771/2847
f 907/770/2844 900/763/2848 905/766/2842
f 903/767/2840 908/771/2849 905/766/2839
f 908/771/2847 910/772/2850 906/769/2845
f 909/773/2851 908/771/2852 903/767/2853
f 910/772/2854 908/771/2855 909/773/2855
f 906/769/2856 910/772/2857 911/774/2858
f 911/774/2859 910/772/2854 912/775/2860
f 909/773/2855 912/775/2860 910/772/2854
f 912/775/2860 915/776/2861 911/774/2859
f 914/777/2862 913/778/2863 912/775/2864
f 915/776/2865 912/775/2864 913/778/2863
f 912/775/2864 909/773/2866 914/777/2862
f 911/774/2859 915/776/2861 916/779/2867
f 918/780/2868 916/779/2869 915/776/2865
f 913/778/2863 917/781/2870 915/776/2865
f 915/776/2865 917/781/2870 918/780/2868
f 918/780/2868 919/782/2871 920/783/2872
f 919/782/2873 918/780/2874 29/33/2875
f 920/783/2872 916/779/2869 918/780/2868
f 29/33/2875 918/780/2874 917/781/2876
f 922/784/2877 920/783/2872 919/782/2871
f 916/779/2867 920/783/2878 921/785/2879
f 923/786/2880 921/785/2879 920/783/2878
f 920/783/2878 922/784/2881 923/786/2880
f 923/786/2880 922/784/2881 924/787/2882
f 924/787/2882 927/788/2883 923/786/2880
f 923/786/2884 925/789/2885 926/790/2886
f 928/791/2887 925/789/2885 923/786/2884
f 926/790/2886 921/785/2888 923/786/2884
f 923/786/2884 927/788/2889 928/791/2887
f 930/792/2890 928/791/2887 927/788/2889
f 925/789/2891 928/791/2892 929/793/2893
f 931/794/2894 929/793/2893 928/791/2892
f 928/791/2892 930/792/2895 931/794/2894
f 931/794/2896 932/795/2897 933/796/2898
f 934/797/2899 932/795/2900 931/794/2894
f 933/796/2898 935/798/2901 931/794/2896
f 931/794/2894 930/792/2895 934/797/2899
f 929/793/2902 931/794/2896 935/798/2901
f 935/798/2903 936/799/2904 938/800/2905
f 936/799/2904 935/798/2903 933/796/2906
f 935/798/2901 937/801/2907 929/793/2902
f 938/800/2905 937/801/2908 935/798/2903
f 940/802/2909 938/800/2910 655/580/2911
f 655/580/2911 938/800/2910 936/799/2912
f 939/803/2913 937/801/2908 938/800/2905
f 938/800/2905 940/802/2914 939/803/2913
f 655/580/2911 657/579/2915 940/802/2909
f 941/804/2916 939/803/2913 940/802/2914
f 942/805/2917 940/802/2909 657/579/2915
f 940/802/2914 942/805/2918 941/804/2916
f 657/579/2915 943/806/2919 942/805/2917
f 941/804/2916 942/805/2918 944/807/2920
f 942/805/2917 943/806/2919 945/808/2921
f 945/808/2921 944/807/2922 942/805/2917
f 946/809/2923 944/807/2922 945/808/2921
f 947/810/2924 945/808/2925 845/709/2926
f 845/709/2926 945/808/2925 943/806/2927
f 945/808/2921 947/810/2928 946/809/2923
f 948/811/2929 946/809/2923 947/810/2928
f 848/711/2624 947/810/2924 846/710/2622
f 845/709/2926 846/710/2622 947/810/2924
f 947/810/2928 848/711/2930 948/811/2929
f 949/812/2931 948/811/2932 950/813/2933
f 946/809/2934 948/811/2935 949/812/2936
f 948/811/2937 848/711/2938 951/814/2939
f 951/814/2939 950/813/2940 948/811/2937
f 897/760/2941 950/813/2942 951/814/2943
f 854/718/2652 951/814/2944 849/712/2650
f 849/712/2621 951/814/2945 848/711/2619
f 951/814/2943 854/718/2946 897/760/2941
f 896/759/2947 901/764/2948 950/813/2949
f 950/813/2933 901/764/2950 949/812/2931
f 950/813/2949 897/760/2951 896/759/2947
f 900/763/2952 907/770/2953 949/812/2954
f 949/812/2954 907/770/2953 952/815/2955
f 952/815/2955 953/816/2956 949/812/2954
f 949/812/2954 901/764/2957 900/763/2952
f 949/812/2936 953/816/2958 946/809/2934
f 954/817/2959 953/816/2956 952/815/2955
f 944/807/2920 946/809/2934 953/816/2958
f 953/816/2958 954/817/2960 944/807/2920
f 952/815/2955 955/818/2961 954/817/2959
f 941/804/2962 954/817/2959 955/818/2961
f 944/807/2920 954/817/2960 941/804/2916
f 957/819/2963 956/820/2964 955/818/2965
f 958/821/2966 955/818/2965 956/820/2964
f 955/818/2965 952/815/2967 957/819/2963
f 955/818/2961 958/821/2968 941/804/2962
f 956/820/2964 926/790/2969 958/821/2966
f 958/821/2966 926/790/2969 925/789/2891
f 925/789/2891 959/822/2970 958/821/2966
f 941/804/2962 958/821/2968 959/822/2971
f 929/793/2893 959/822/2970 925/789/2891
f 959/822/2971 939/803/2972 941/804/2962
f 937/801/2907 939/803/2972 959/822/2971
f 959/822/2971 929/793/2902 937/801/2907
f 911/774/2858 957/819/2973 906/769/2856
f 956/820/2974 957/819/2973 911/774/2858
f 957/819/2963 952/815/2967 907/770/2844
f 907/770/2844 906/769/2843 957/819/2963
f 911/774/2858 960/823/2975 956/820/2974
f 926/790/2886 956/820/2974 960/823/2975
f 916/779/2867 960/823/2976 911/774/2859
f 921/785/2879 960/823/2976 916/779/2867
f 960/823/2975 921/785/2888 926/790/2886
f 943/806/2927 657/579/1933 658/582/1938
f 658/582/1938 663/586/2977 943/806/2927
f 943/806/2927 663/586/2977 845/709/2926
f 933/796/2906 961/824/2978 936/799/2904
f 936/799/2912 656/581/2979 655/580/2911
f 656/581/2979 936/799/2912 961/824/2980
f 963/825/2981 961/824/2978 933/796/2906
f 961/824/2980 962/826/2982 656/581/2979
f 964/827/2983 962/826/2982 961/824/2980
f 961/824/2980 963/825/2984 964/827/2983
f 966/828/2985 964/827/2983 963/825/2984
f 962/826/2986 964/827/2987 965/829/2988
f 967/830/2989 965/829/2990 964/827/2991
f 964/827/2991 966/828/2992 967/830/2989
f 968/831/2993 971/832/2994 967/830/2995
f 967/830/2995 966/828/2996 968/831/2993
f 969/833/2997 970/834/2998 967/830/2999
f 967/830/2999 971/832/3000 969/833/2997
f 972/835/3001 965/829/3002 967/830/3003
f 967/830/3003 970/834/3004 972/835/3001
f 972/835/3005 970/834/3006 974/836/3007
f 972/835/3008 973/837/3009 649/572/3010
f 974/836/3007 973/837/3011 972/835/3005
f 649/572/3010 651/575/3012 972/835/3008
f 972/835/3013 651/575/3014 975/838/3015
f 975/838/3015 965/829/3016 972/835/3013
f 653/576/1928 975/838/3017 651/575/1926
f 656/581/1936 962/826/2986 975/838/3018
f 965/829/2988 975/838/3018 962/826/2986
f 975/838/3018 653/576/1937 656/581/1936
f 973/837/3019 974/836/3020 976/839/3021
f 976/839/3022 974/836/3023 977/840/3024
f 977/840/3025 974/836/3026 970/834/3027
f 978/841/3028 980/842/3029 977/840/3030
f 977/840/3030 979/843/3031 978/841/3028
f 979/843/3032 977/840/3033 969/833/3034
f 977/840/3024 980/842/3035 976/839/3022
f 970/834/3027 969/833/3036 977/840/3025
f 980/842/3037 978/841/3038 981/844/3039
f 981/844/3039 982/845/3040 980/842/3037
f 976/839/3041 980/842/3042 982/845/3043
f 982/845/3044 981/844/3045 983/846/3046
f 983/846/3046 984/372/3047 982/845/3044
f 985/847/3048 982/845/3049 984/372/3050
f 982/845/3043 985/847/3051 976/839/3041
f 633/560/3052 985/847/3053 986/369/3054
f 984/372/3050 986/369/3055 985/847/3048
f 985/847/3056 633/560/3057 987/848/3058
f 987/848/3058 976/839/3059 985/847/3056
f 976/839/3021 987/848/3060 973/837/3019
f 973/837/3061 987/848/3062 648/573/3063
f 987/848/3064 633/560/3065 634/559/3066
f 634/559/3066 648/573/3067 987/848/3064
f 631/370/3068 986/369/3069 988/368/3070
f 988/368/3071 986/369/3072 984/372/3073
f 986/369/3054 631/370/3074 633/560/3052
f 988/368/3075 989/373/3076 627/365/3077
f 989/373/3078 988/368/3079 990/371/3080
f 988/368/3070 629/367/3081 631/370/3068
f 627/365/3077 629/367/3082 988/368/3075
f 984/372/3073 990/371/3083 988/368/3071
f 991/849/3084 990/371/3085 984/372/3086
f 990/371/3087 991/849/3088 992/377/3089
f 992/377/3089 993/376/3090 990/371/3087
f 990/371/3080 993/376/3091 989/373/3078
f 994/375/3092 993/376/3093 992/377/3094
f 989/373/3095 993/376/3096 994/375/3097
f 992/377/3094 600/378/3098 994/375/3092
f 610/379/3099 994/375/3100 600/378/3101
f 612/374/1771 994/375/3102 610/379/1769
f 994/375/3097 612/374/3103 989/373/3095
f 600/378/3104 992/377/3105 595/850/3106
f 595/850/3107 992/377/3108 991/849/3109
f 995/851/3110 991/849/3111 983/846/3112
f 984/372/3086 983/846/3113 991/849/3084
f 991/849/3109 995/851/3114 595/850/3107
f 593/537/3115 995/852/3116 996/853/3117
f 983/846/3112 996/854/3118 995/851/3110
f 595/539/1710 995/852/3119 593/537/1708
f 996/853/3117 997/855/3120 593/537/3115
f 997/855/3121 996/853/3122 998/856/3123
f 996/854/3124 983/846/3125 981/844/3126
f 981/844/3126 998/857/3127 996/854/3124
f 999/858/3128 998/857/3129 981/844/3130
f 998/856/3131 999/859/3132 1001/860/3133
f 998/856/3123 1000/861/3134 997/855/3121
f 1001/860/3133 1000/861/3135 998/856/3131
f 579/523/3136 581/525/3137 1001/860/3138
f 1001/860/3138 1002/862/3139 579/523/3136
f 1002/862/3140 1001/860/3141 999/859/3142
f 1000/861/3143 1001/860/3144 581/525/3145
f 577/521/3146 579/523/3147 1002/862/3148
f 1002/862/3148 1003/863/3149 577/521/3146
f 1004/864/3150 1003/863/3151 1002/862/3152
f 1002/862/3152 1005/865/3153 1004/864/3150
f 999/859/3142 1005/865/3154 1002/862/3140
f 1005/866/3155 999/858/3156 978/841/3157
f 978/841/3157 979/843/3158 1005/866/3155
f 1005/866/3159 979/843/3160 1006/867/3161
f 1006/867/3161 1004/864/3162 1005/866/3159
f 1003/863/3163 1004/864/3164 1006/867/3165
f 1006/867/3166 969/833/3167 971/832/3168
f 969/833/3034 1006/867/3169 979/843/3032
f 1006/867/3165 1007/868/3170 1003/863/3163
f 971/832/3168 1007/868/3171 1006/867/3166
f 1003/863/3172 1007/868/3173 1008/869/3174
f 968/831/3175 1008/869/3176 1007/868/3177
f 1007/868/3177 971/832/3178 968/831/3175
f 577/521/1652 1008/869/3179 575/519/1652
f 1009/870/3180 575/519/3181 1008/869/3182
f 1008/869/3182 968/831/3183 1009/870/3180
f 1008/869/3174 577/521/3184 1003/863/3172
f 1010/871/3185 574/518/3186 1009/870/3187
f 575/519/1644 1009/870/3188 574/518/1643
f 1011/872/3189 1009/870/3190 968/831/3191
f 1009/870/3187 1011/872/3192 1010/871/3185
f 1012/873/3193 1010/871/3194 1011/872/3195
f 963/825/2984 1011/872/3196 966/828/2985
f 968/831/3191 966/828/3197 1011/872/3189
f 1011/872/3195 963/825/2981 1012/873/3193
f 1013/874/3198 1012/873/3199 933/796/2898
f 1010/871/3200 1012/873/3199 1013/874/3198
f 933/796/2906 1012/873/3193 963/825/2981
f 934/797/2899 1014/875/3201 1013/874/3202
f 1015/876/3203 1013/874/3202 1014/875/3201
f 1013/874/3202 932/795/2900 934/797/2899
f 933/796/2898 932/795/2897 1013/874/3198
f 1013/874/3198 1015/876/3204 1010/871/3200
f 574/518/3205 1010/871/3206 1015/876/3207
f 1015/876/3207 1017/877/3208 574/518/3205
f 1014/875/3201 1016/878/3209 1015/876/3203
f 1017/877/3210 1015/876/3211 1016/878/3212
f 1016/878/3212 1018/879/3213 1017/877/3210
f 572/517/3214 1017/877/3215 1018/879/3216
f 574/518/1647 1017/877/3217 572/517/1645
f 1021/880/3218 1019/881/3219 1018/879/3219
f 1020/882/3220 1018/879/3221 1019/881/3222
f 1018/879/3216 1020/882/3223 572/517/3214
f 1018/879/3219 1016/878/3224 1021/880/3218
f 1022/883/3225 1021/880/3226 1016/878/3227
f 1023/884/3228 1021/880/3229 1022/883/3230
f 1019/881/3231 1021/880/3232 1023/884/3233
f 1023/884/3233 562/506/3234 1019/881/3231
f 562/506/3235 1023/884/3236 1024/885/3237
f 1025/886/3238 1024/885/3239 1023/884/3240
f 1023/884/3240 1026/887/3241 1025/886/3238
f 1022/883/3230 1026/887/3242 1023/884/3228
f 1027/888/3243 1025/886/3238 1026/887/3241
f 1028/889/3244 1026/887/3242 1022/883/3230
f 1026/887/3241 1028/889/3245 1027/888/3243
f 1027/888/3243 1028/889/3245 1030/890/3246
f 1030/890/3247 1028/889/3244 1029/891/3248
f 1022/883/3230 1029/891/3248 1028/889/3244
f 1033/892/3249 1031/893/3250 1030/890/3246
f 1030/890/3246 1031/893/3250 1027/888/3243
f 924/787/2882 1030/890/3247 1032/894/3251
f 1029/891/3248 1032/894/3251 1030/890/3247
f 1030/890/3246 924/787/3252 1033/892/3249
f 35/38/3253 1033/892/3254 1034/895/3255
f 1031/893/3256 1033/892/3254 35/38/3253
f 1033/892/3249 924/787/3252 922/784/2877
f 922/784/2877 1034/895/3257 1033/892/3249
f 32/35/3258 31/34/3259 1034/895/3255
f 1034/895/3255 31/34/3259 35/38/3253
f 919/782/2871 1034/895/3257 922/784/2877
f 1034/895/3255 919/782/2873 32/35/3258
f 927/788/2889 1032/894/3260 930/792/2890
f 930/792/2890 1032/894/3260 1029/891/3261
f 1032/894/3251 927/788/2883 924/787/2882
f 35/38/3253 1035/896/3262 1031/893/3256
f 1031/893/3256 1035/896/3262 1036/897/3263
f 1036/897/3263 1027/888/3264 1031/893/3256
f 1038/898/3265 1037/899/3266 1036/897/3267
f 1039/900/3268 1036/897/3267 1037/899/3266
f 1025/886/3269 1027/888/3264 1036/897/3263
f 1036/897/3267 1035/896/3270 1038/898/3265
f 1036/897/3263 1039/900/3271 1025/886/3269
f 1037/899/3266 1040/901/3272 1039/900/3268
f 1041/902/3273 1039/900/3268 1040/901/3272
f 1024/885/3274 1025/886/3269 1039/900/3271
f 1039/900/3271 1041/902/3275 1024/885/3274
f 1042/903/3276 559/504/3277 1041/902/3277
f 1041/902/3277 1043/904/3278 1042/903/3276
f 1040/901/3272 1043/904/3279 1041/902/3273
f 1041/902/3280 559/504/3281 560/505/3282
f 560/505/3282 1024/885/3282 1041/902/3280
f 1042/903/3283 1043/904/3284 1044/905/3285
f 1045/906/3286 1044/905/3287 1043/904/3288
f 1043/904/3288 1040/901/3289 1045/906/3286
f 43/46/85 1046/907/3290 1045/906/3291
f 1044/905/3292 1045/906/3291 1046/907/3290
f 1047/908/3293 1045/906/3286 1040/901/3289
f 1045/906/3291 1047/908/3294 43/46/85
f 43/46/85 1047/908/3294 40/43/83
f 1047/908/3293 1037/899/3295 1038/898/3296
f 1040/901/3289 1037/899/3295 1047/908/3293
f 1038/898/3296 40/43/81 1047/908/3293
f 1048/909/3297 1046/907/3298 43/46/86
f 1049/910/3299 1046/907/3298 1048/909/3297
f 1046/907/3290 1049/910/3300 1044/905/3292
f 1048/909/3297 1050/911/3301 1049/910/3299
f 1052/912/3302 1049/910/3303 1050/911/3304
f 1051/913/3305 1044/905/3306 1049/910/3307
f 1049/910/3307 1052/912/3308 1051/913/3305
f 1053/914/3309 1055/915/3310 1052/912/3311
f 1052/912/3311 1054/916/3312 1053/914/3309
f 1050/911/3304 1054/916/3313 1052/912/3302
f 1052/912/3314 1055/915/3315 1056/917/3316
f 1056/917/3316 1051/913/3317 1052/912/3314
f 1051/913/3318 1056/917/3319 1057/918/3320
f 1058/919/3321 1057/918/3322 1056/917/3323
f 1056/917/3323 1059/920/3324 1058/919/3321
f 1059/920/3325 1056/917/3326 1055/915/3327
f 1060/921/3328 1059/920/3329 1061/922/3330
f 1059/920/3331 1060/921/3331 1062/923/3332
f 1062/923/3332 1058/919/3333 1059/920/3331
f 1055/915/3327 1061/922/3334 1059/920/3325
f 1058/919/3335 1062/923/3336 1063/924/3335
f 1063/924/3337 1062/923/3338 1064/925/3339
f 1065/926/3340 1064/925/3341 1062/923/3342
f 1062/923/3342 1060/921/3343 1065/926/3340
f 1066/927/3344 1065/926/3345 1060/921/3346
f 1068/928/3347 1065/926/3348 1066/927/3349
f 1065/926/3350 1068/928/3351 1067/929/3352
f 1067/929/3352 1064/925/3353 1065/926/3350
f 1070/930/3354 1067/929/3355 1068/928/3356
f 1066/927/3349 1069/931/3357 1068/928/3347
f 1071/932/3358 1068/928/3359 1069/931/3360
f 1068/928/3356 1071/932/3361 1070/930/3354
f 1070/930/3362 1071/932/3363 1073/933/3364
f 1073/933/3365 1071/932/3366 1072/934/3367
f 1069/931/3360 1072/934/3368 1071/932/3358
f 1076/935/3369 1074/936/3370 1073/933/3371
f 1073/933/3364 1074/936/3372 1070/930/3362
f 1077/937/3373 1073/933/3374 1075/938/3375
f 1072/934/3367 1075/938/3376 1073/933/3365
f 1073/933/3371 1077/937/3377 1076/935/3369
f 1080/939/3378 1077/937/3379 1078/940/3380
f 1075/938/3375 1078/940/3381 1077/937/3373
f 1079/941/3382 1076/935/3383 1077/937/3384
f 1077/937/3384 1080/939/3385 1079/941/3382
f 1078/940/3380 1081/942/3386 1080/939/3378
f 1079/941/3387 1080/939/3388 1082/943/3389
f 1082/943/3390 1080/939/3391 1081/942/3392
f 1081/942/3392 1084/944/3393 1082/943/3390
f 1085/945/3394 1083/946/3395 1082/943/3396
f 1082/943/3389 1083/946/3397 1079/941/3387
f 1086/947/3398 1082/943/3399 1084/944/3400
f 1082/943/3396 1086/947/3401 1085/945/3394
f 1088/948/3402 1085/945/3403 1086/947/3404
f 1089/949/3405 1086/947/3406 1087/950/3407
f 1084/944/3400 1087/950/3408 1086/947/3398
f 1086/947/3404 1089/949/3409 1088/948/3402
f 1088/948/3410 1089/949/3411 1091/951/3412
f 1091/951/3413 1089/949/3414 1090/952/3415
f 1087/950/3407 1090/952/3416 1089/949/3405
f 1094/953/3417 1092/954/3418 1091/951/3419
f 1091/951/3412 1092/954/3420 1088/948/3410
f 1095/955/3421 1091/951/3422 1093/956/3423
f 1090/952/3415 1093/956/3424 1091/951/3413
f 1091/951/3419 1095/955/3425 1094/953/3417
f 1097/957/3426 1094/953/3427 1095/955/3428
f 1098/958/3429 1095/955/3430 1096/959/3431
f 1093/956/3423 1096/959/3432 1095/955/3421
f 1095/955/3428 1098/958/3433 1097/957/3426
f 1097/957/3434 1098/958/3435 1100/960/3436
f 1100/960/3437 1098/958/3438 1099/961/3439
f 1096/959/3431 1099/961/3440 1098/958/3429
f 1100/960/3436 1104/962/3441 1097/957/3434
f 1103/963/3442 1100/960/3443 1101/964/3444
f 1099/961/3439 1101/964/3445 1100/960/3437
f 1100/960/3446 1103/963/3447 1102/965/3448
f 1102/965/3448 1104/962/3449 1100/960/3446
f 1097/957/3450 1104/962/3451 1105/966/3452
f 1106/967/3453 1105/966/3454 1104/962/3455
f 1104/962/3455 1102/965/3456 1106/967/3453
f 1109/968/3457 1106/967/3458 1107/969/3459
f 1108/970/3460 1107/969/3461 1106/967/3462
f 1106/967/3462 1102/965/3463 1108/970/3460
f 1105/966/3464 1106/967/3465 1109/968/3466
f 1111/971/3467 1109/968/3468 1110/972/3469
f 1107/969/3459 1110/972/3470 1109/968/3457
f 1112/973/3471 1109/968/3472 1111/971/3473
f 1109/968/3466 1112/973/3474 1105/966/3464
f 1111/971/3473 1113/974/3473 1112/973/3471
f 1114/975/3475 1112/973/3476 1113/974/3477
f 1115/976/3478 1105/966/3479 1112/973/3480
f 1112/973/3480 1114/975/3481 1115/976/3478
f 1115/976/3482 1116/977/3483 1094/953/3484
f 1116/977/3485 1115/976/3486 1114/975/3487
f 1094/953/3484 1097/957/3488 1115/976/3482
f 1105/966/3452 1115/976/3489 1097/957/3450
f 1092/954/3490 1094/953/3491 1116/977/3492
f 1114/975/3487 1118/978/3493 1116/977/3485
f 1116/977/3492 1117/979/3494 1092/954/3490
f 1117/979/3495 1116/977/3496 1118/978/3497
f 1118/978/3497 1119/980/3498 1117/979/3495
f 1119/980/3499 1118/978/3499 1120/981/3500
f 1120/981/3501 1118/978/3502 1114/975/3503
f 1120/981/3500 505/449/3504 1119/980/3499
f 1121/982/3505 501/446/3506 1120/981/3507
f 505/449/1435 1120/981/3508 501/446/1433
f 1120/981/3507 1122/983/3507 1121/982/3505
f 1114/975/3503 1122/983/3509 1120/981/3501
f 1123/984/3510 1121/982/3511 1122/983/3512
f 1113/974/3477 1122/983/3513 1114/975/3475
f 1122/983/3512 1113/974/3514 1123/984/3510
f 1125/985/3515 1124/986/3516 1123/984/3517
f 1121/982/3518 1123/984/3519 1124/986/3520
f 1126/987/3521 1123/984/3522 1113/974/3523
f 1123/984/3517 1126/987/3524 1125/985/3515
f 1125/985/3525 1126/987/3526 1127/988/3527
f 1126/987/3528 1111/971/3529 1128/989/3529
f 1113/974/3523 1111/971/3530 1126/987/3521
f 1128/989/3529 1127/988/3528 1126/987/3528
f 1128/990/3531 1130/991/3532 1129/992/3533
f 1129/992/3533 1127/993/3534 1128/990/3531
f 1130/991/3535 1128/990/3536 1110/994/3537
f 1110/972/3469 1128/989/3538 1111/971/3467
f 1130/991/3539 1131/995/3540 1132/996/3541
f 1131/995/3542 1130/991/3543 1133/997/3544
f 1132/996/3541 1129/992/3545 1130/991/3539
f 1110/994/3537 1133/997/3546 1130/991/3535
f 1107/998/3547 1134/999/3548 1133/997/3549
f 1135/1000/3550 1133/997/3551 1134/999/3552
f 1133/997/3544 1135/1000/3544 1131/995/3542
f 1133/997/3549 1110/994/3553 1107/998/3547
f 1137/1001/3554 1135/1000/3555 1136/1002/3556
f 1134/999/3552 1136/1002/3557 1135/1000/3550
f 1135/1000/3558 1137/1001/3559 1138/1003/3560
f 1138/1003/3560 1131/995/3561 1135/1000/3558
f 1131/995/3562 1138/1003/3563 1140/1004/3564
f 1140/1004/3565 1138/1003/3566 1139/1005/3566
f 1139/1005/3567 1138/1003/3568 1137/1001/3569
f 1140/1004/3570 1141/1006/3571 1143/1007/3572
f 1139/1005/3566 1141/1006/3573 1140/1004/3565
f 1143/1007/3572 1142/1008/3574 1140/1004/3570
f 1132/996/3575 1140/1004/3576 1142/1008/3577
f 1140/1004/3564 1132/996/3578 1131/995/3562
f 1143/1007/3579 1141/1006/3580 1144/1009/3581
f 1144/1009/3581 1145/1010/3582 1143/1007/3579
f 1142/1008/3583 1143/1007/3584 1146/1011/3585
f 1143/1007/3586 1145/1010/3587 1147/1012/3588
f 1147/1012/3588 1146/1011/3589 1143/1007/3586
f 1149/1012/3590 1147/1012/3591 1145/1010/3592
f 1146/1011/3593 1147/1012/3594 1148/1013/3595
f 1150/1013/3596 1148/1013/3597 1147/1012/3598
f 1147/1012/3598 1149/1012/3599 1150/1013/3596
f 1151/1014/3600 1150/1013/3601 1149/1012/3602
f 1154/1015/3603 1148/1013/3604 1150/1013/3605
f 1150/1013/3606 1151/1014/3607 1152/1016/3608
f 1152/1016/3608 1153/1015/3609 1150/1013/3606
f 1150/1013/3605 1153/1015/3610 1154/1015/3603
f 1154/1015/3611 1156/1016/3612 1155/1014/3613
f 1155/1014/3613 1148/1013/3614 1154/1015/3611
f 1156/1016/3612 1154/1015/3611 1157/1017/3615
f 1158/1017/3616 1157/1017/3617 1154/1015/3618
f 1154/1015/3618 1153/1015/3619 1158/1017/3616
f 1158/1017/3620 1159/1018/3621 1160/1019/3622
f 1152/1016/3608 1159/1018/3623 1158/1017/3624
f 1160/1019/3622 1161/1020/3625 1158/1017/3620
f 1157/1017/3626 1158/1017/3627 1161/1020/3628
f 1158/1017/3624 1153/1015/3609 1152/1016/3608
f 1162/1020/3629 1161/1020/3630 1160/1019/3631
f 1161/1020/3628 1162/1020/3632 1157/1017/3626
f 1160/1019/3631 1163/1019/3633 1162/1020/3629
f 1162/1020/3634 1163/1019/3635 1164/1018/3636
f 1164/1018/3636 1157/1017/3637 1162/1020/3634
f 1165/1021/3638 1164/1018/3639 1163/1019/3640
f 1164/1018/3641 1165/1021/3642 1166/1022/3643
f 1157/1017/3615 1164/1018/3644 1156/1016/3612
f 1166/1022/3643 1156/1016/3645 1164/1018/3641
f 1156/1016/3646 1166/1022/3647 1167/1023/3648
f 1170/1024/3649 1167/1023/3650 1166/1022/3651
f 1169/1025/3652 1168/1026/3653 1166/1022/3654
f 1166/1022/3651 1168/1026/3655 1170/1024/3649
f 1166/1022/3654 1165/1021/3656 1169/1025/3652
f 1167/1023/3657 1170/1024/3658 1171/1027/3659
f 1172/1028/3660 1171/1027/3661 1170/1024/3662
f 1170/1024/3662 1173/1029/3663 1172/1028/3660
f 1173/1029/3664 1170/1024/3665 1168/1026/3666
f 1176/1030/3667 1172/1028/3668 1173/1029/3669
f 1168/1026/3666 1174/1031/3670 1173/1029/3664
f 1175/1032/3671 1173/1029/3672 1174/1031/3673
f 1173/1029/3669 1175/1032/3674 1176/1030/3667
f 1172/1028/3675 1176/1030/3676 1177/1033/3677
f 1176/1034/3678 1175/1035/3679 495/438/3679
f 1177/1036/3680 1176/1034/3681 1178/1037/3681
f 495/438/3679 1178/1037/3682 1176/1034/3678
f 1178/1037/3681 1125/985/3683 1177/1036/3680
f 1125/985/3684 1178/1037/3685 494/439/3686
f 494/439/1402 1178/1037/3687 495/438/1400
f 1177/1033/3677 1179/1038/3688 1172/1028/3675
f 1179/1038/3689 1177/1033/3690 1127/993/3691
f 1127/988/3527 1177/1036/3692 1125/985/3525
f 1127/993/3691 1129/992/3691 1179/1038/3689
f 1180/1039/3693 1179/1038/3694 1129/992/3695
f 1179/1038/3696 1180/1039/3697 1171/1027/3698
f 1171/1027/3698 1172/1028/3699 1179/1038/3696
f 1129/992/3695 1132/996/3700 1180/1039/3693
f 1171/1027/3701 1180/1039/3702 1142/1008/3703
f 1142/1008/3577 1180/1039/3704 1132/996/3575
f 1175/1035/3705 1181/1040/3706 489/433/3706
f 1174/1031/3673 1181/1041/3707 1175/1032/3671
f 489/433/3706 495/438/3705 1175/1035/3705
f 1182/1042/3708 487/1043/3709 1181/1041/3710
f 1181/1041/3710 1174/1031/3711 1182/1042/3708
f 489/433/1384 1181/1040/3712 487/431/1382
f 1182/1042/3713 1169/1025/3714 1183/1044/3715
f 1169/1025/3716 1182/1042/3717 1174/1031/3718
f 1183/1044/3715 1184/1045/3719 1182/1042/3713
f 487/1043/3720 1182/1042/3721 1184/1045/3722
f 1185/1046/3723 1184/1045/3724 1183/1044/3725
f 486/1047/3726 1184/1045/3727 1185/1046/3728
f 1184/1045/3722 486/1047/3729 487/1043/3720
f 1183/1044/3725 1186/406/3730 1185/1046/3723
f 1185/1046/3731 1186/406/3732 466/402/3733
f 1185/1046/3728 1187/1048/3734 486/1047/3726
f 483/1049/3735 1187/1048/3736 1185/1046/3737
f 1185/1046/3737 468/410/3738 483/1049/3735
f 466/402/3733 468/410/3739 1185/1046/3731
f 486/430/1376 1187/1050/3740 483/428/1374
f 1186/406/3741 1188/404/3742 463/403/3743
f 1189/1051/3744 1188/404/3745 1186/406/3746
f 1186/406/3746 1183/1044/3747 1189/1051/3744
f 463/403/3743 466/402/3748 1186/406/3741
f 1189/1051/3749 1183/1044/3750 1169/1025/3751
f 1169/1025/3751 1165/1021/3752 1189/1051/3749
f 1163/1019/3640 1189/1051/3753 1165/1021/3638
f 1189/1051/3754 1163/1019/3755 1190/407/3756
f 1190/407/3756 1188/404/3757 1189/1051/3754
f 1190/407/3758 1163/1019/3759 1160/1019/3760
f 463/403/3761 1188/404/3762 1190/407/3763
f 1190/407/3763 460/405/3764 463/403/3761
f 460/405/1303 1190/407/3765 459/407/1301
f 1160/1019/3760 459/407/3766 1190/407/3758
f 1174/1031/3718 1168/1026/3767 1169/1025/3716
f 1171/1027/3659 1191/1052/3768 1167/1023/3657
f 1142/1008/3703 1191/1052/3769 1171/1027/3701
f 1167/1023/3770 1191/1052/3771 1146/1011/3772
f 1146/1011/3585 1191/1052/3773 1142/1008/3583
f 1167/1023/3648 1155/1014/3774 1156/1016/3646
f 1146/1011/3772 1155/1014/3775 1167/1023/3770
f 1192/1051/3776 1160/1019/3777 1159/1018/3778
f 1160/1019/3779 1192/1051/3780 456/404/3781
f 456/404/3781 459/407/3782 1160/1019/3779
f 1159/1018/3778 1195/1021/3783 1192/1051/3776
f 456/404/3784 1192/1051/3785 1193/1044/3786
f 1194/1025/3787 1193/1044/3788 1192/1051/3789
f 1192/1051/3789 1195/1021/3790 1194/1025/3787
f 1196/1026/3791 1194/1025/3792 1195/1021/3793
f 1195/1021/3793 1197/1022/3794 1196/1026/3791
f 1152/1016/3795 1197/1022/3796 1195/1021/3797
f 1195/1021/3797 1159/1018/3798 1152/1016/3795
f 1198/1024/3799 1196/1026/3800 1197/1022/3801
f 1199/1023/3802 1197/1022/3803 1152/1016/3804
f 1197/1022/3801 1199/1023/3805 1198/1024/3799
f 1200/1052/3806 1199/1023/3807 1151/1014/3808
f 1199/1023/3809 1200/1052/3810 1201/1027/3811
f 1201/1027/3811 1198/1024/3812 1199/1023/3809
f 1152/1016/3804 1151/1014/3813 1199/1023/3802
f 1201/1027/3814 1203/1039/3815 1202/1038/3815
f 1202/1038/3815 1204/1028/3814 1201/1027/3814
f 1203/1039/3816 1201/1027/3817 1200/1052/3818
f 1201/1027/3819 1204/1028/3820 1205/1029/3821
f 1205/1029/3821 1198/1024/3822 1201/1027/3819
f 1196/1026/3823 1198/1024/3824 1205/1029/3825
f 1205/1029/3825 1206/1031/3826 1196/1026/3823
f 1207/1041/3827 1206/1031/3828 1205/1029/3829
f 1205/1029/3829 1208/1032/3830 1207/1041/3827
f 1209/1030/3831 1208/1032/3832 1205/1029/3832
f 1205/1029/3832 1204/1028/3833 1209/1030/3831
f 1212/438/3834 1208/1035/3835 1209/1034/3836
f 1202/1038/3837 1210/1033/3838 1209/1030/3839
f 1209/1030/3839 1204/1028/3840 1202/1038/3837
f 1211/1037/3841 1209/1034/3842 1210/1036/3843
f 1209/1034/3836 1211/1037/3844 1212/438/3834
f 1208/1035/3845 1212/438/3846 1213/433/3847
f 1213/433/3848 1212/438/3849 1214/437/3850
f 1212/438/3851 1211/1037/3852 1215/439/3853
f 1215/439/3853 1214/437/3854 1212/438/3851
f 1214/437/3855 1215/439/3856 1218/440/3857
f 1217/985/3858 1216/986/3859 1215/439/3860
f 1218/440/3861 1215/439/3862 1216/986/3863
f 1215/439/3860 1211/1037/3864 1217/985/3858
f 1219/441/3865 1218/440/3866 1221/442/3867
f 1220/436/3868 1218/440/3869 1219/441/3869
f 1218/440/3857 1220/436/3870 1214/437/3855
f 1216/986/3863 1221/442/3871 1218/440/3861
f 1221/442/3867 1223/443/3872 1219/441/3865
f 1222/982/3873 1221/442/3874 1216/986/3875
f 1221/442/3876 1222/982/3877 1224/446/3878
f 1224/446/3878 1223/443/3879 1221/442/3876
f 1223/443/3880 1224/446/3881 1226/447/3882
f 1225/981/3883 1224/446/3884 1222/982/3884
f 1224/446/3885 1225/981/3886 1227/449/3887
f 1227/449/3887 1226/447/3888 1224/446/3885
f 1226/447/3889 1227/449/3890 1230/448/3891
f 1229/978/3892 1228/980/3892 1227/449/3893
f 1230/448/3894 1227/449/3895 1228/980/3896
f 1227/449/3893 1225/981/3897 1229/978/3892
f 1230/448/3891 1231/450/3889 1226/447/3889
f 1232/451/3898 1231/450/3899 1230/448/3900
f 1230/448/3900 1234/452/3900 1232/451/3898
f 1228/980/3896 1233/1053/3901 1230/448/3894
f 1234/452/3902 1230/448/3902 1233/1053/3903
f 1235/457/3904 1232/451/3905 1234/452/3906
f 1234/452/3906 1237/1054/3905 1235/457/3904
f 1233/1053/3903 1236/1055/3907 1234/452/3902
f 1237/1054/3908 1234/452/3908 1236/1055/3909
f 1238/1056/3910 1237/1054/3910 1240/1057/3911
f 1237/1054/3912 1238/1056/3913 1239/1058/3912
f 1239/1058/3912 1235/457/3912 1237/1054/3912
f 1236/1055/3909 1240/1057/3914 1237/1054/3908
f 1240/1057/3911 1243/1059/3911 1238/1056/3910
f 1242/1060/3915 1241/1061/3916 1240/1057/3915
f 1243/1059/3917 1240/1057/3917 1241/1061/3918
f 1240/1057/3915 1236/1055/3919 1242/1060/3915
f 1244/1062/3920 1238/1056/3920 1243/1059/3920
f 1243/1059/3920 1246/1063/3920 1244/1062/3920
f 1241/1061/3918 1245/1064/3921 1243/1059/3917
f 1246/1063/3922 1243/1059/3923 1245/1064/3924
f 1247/1065/3925 1244/1062/3926 1246/1063/3927
f 1246/1063/3927 1249/1066/3928 1247/1065/3925
f 1245/1064/3924 1248/1067/3929 1246/1063/3922
f 1249/1066/3930 1246/1063/3931 1248/1067/3932
f 1250/1068/3933 1247/1065/3934 1249/1066/3935
f 1249/1066/3935 1252/1069/3936 1250/1068/3933
f 1248/1067/3932 1251/1070/3937 1249/1066/3930
f 1252/1069/3938 1249/1066/3939 1251/1070/3940
f 1253/492/3941 1250/1068/3941 1252/1069/3942
f 1252/1069/3942 1255/1071/3943 1253/492/3941
f 1251/1070/3940 1254/1072/3944 1252/1069/3938
f 1255/1071/3945 1252/1069/3946 1254/1072/3947
f 1256/491/3948 1253/492/3948 1255/1071/3949
f 1255/1071/3949 1258/1073/3950 1256/491/3948
f 1254/1072/3947 1257/1074/3951 1255/1071/3945
f 1258/1073/3952 1255/1071/3953 1257/1074/3954
f 1259/496/3955 1256/491/3956 1258/1073/3955
f 1258/1073/3955 1260/497/3955 1259/496/3955
f 1260/497/3957 1258/1073/3958 1261/1075/3959
f 1257/1074/3954 1261/1075/3960 1258/1073/3952
f 1261/1075/3959 1262/924/3961 1260/497/3957
f 1262/924/3962 1261/1075/3963 1263/925/3964
f 1264/929/3965 1263/925/3966 1261/1075/3967
f 1261/1075/3967 1257/1074/3968 1264/929/3965
f 1263/925/3969 1264/929/3970 1265/928/3971
f 1266/930/3972 1264/929/3973 1257/1074/3974
f 1267/932/3975 1265/928/3976 1264/929/3977
f 1264/929/3977 1266/930/3978 1267/932/3975
f 1265/928/3979 1267/932/3980 1268/934/3981
f 1269/933/3982 1267/932/3983 1266/930/3984
f 1270/938/3985 1268/934/3986 1267/932/3987
f 1267/932/3987 1269/933/3988 1270/938/3985
f 1268/934/3989 1270/938/3990 1271/1076/3991
f 1272/940/3992 1270/938/3993 1269/933/3994
f 1273/1077/3995 1271/1076/3996 1270/938/3997
f 1270/938/3997 1272/940/3998 1273/1077/3995
f 1271/1076/3999 1273/1077/4000 1274/1078/4001
f 1275/1079/4002 1273/1077/4003 1272/940/4004
f 1276/1080/4005 1274/1078/4006 1273/1077/4007
f 1273/1077/4007 1275/1079/4008 1276/1080/4005
f 1274/1078/4009 1276/1080/4010 1278/1081/4011
f 1276/1080/4012 1279/1082/4013 1277/1083/4014
f 1277/1083/4014 1278/1081/4015 1276/1080/4012
f 1279/1082/4016 1276/1080/4017 1275/1079/4018
f 1277/1083/4019 1279/1082/4020 1281/1084/4021
f 1281/1084/4022 1279/1082/4023 1280/1085/4024
f 1275/1079/4018 1280/1085/4025 1279/1082/4016
f 1281/1084/4021 1284/1086/4026 1277/1083/4019
f 1283/1087/4027 1281/1084/4028 1282/1088/4029
f 1280/1085/4024 1282/1088/4030 1281/1084/4022
f 1284/1086/4031 1281/1084/4032 1283/1087/4033
f 1285/1089/4034 1287/1090/4035 1284/1091/4036
f 1284/1091/4036 1286/1092/4037 1285/1089/4034
f 1283/1087/4033 1286/1093/4038 1284/1086/4031
f 1277/1094/4039 1284/1091/4040 1287/1090/4041
f 1287/1090/4042 1285/1089/4043 1288/1095/4044
f 1288/1095/4044 1289/1096/4045 1287/1090/4042
f 1287/1090/4046 1289/1096/4047 1290/1097/4048
f 1290/1097/4048 1291/1098/4049 1287/1090/4046
f 1287/1090/4041 1291/1098/4050 1277/1094/4039
f 1277/1094/4051 1291/1098/4052 1292/1099/4053
f 1292/1099/4054 1291/1098/4055 1290/1097/4056
f 1278/1100/4057 1292/1099/4058 1293/1101/4059
f 1293/1101/4060 1292/1099/4061 1294/1102/4062
f 1290/1097/4056 1294/1102/4063 1292/1099/4054
f 1292/1099/4053 1278/1100/4064 1277/1094/4051
f 1294/1102/4065 1290/1097/4066 1295/1103/4067
f 1295/1103/4067 1296/1104/4068 1294/1102/4065
f 1294/1102/4062 1297/1105/4069 1293/1101/4060
f 1294/1102/4070 1296/1104/4071 1298/1106/4072
f 1298/1106/4072 1297/1105/4073 1294/1102/4070
f 1298/1106/4074 1300/1107/4075 1299/1108/4076
f 1299/1108/4076 1297/1105/4077 1298/1106/4074
f 1303/1109/4078 1300/1107/4079 1298/1106/4080
f 1302/1110/4081 1301/1111/4082 1298/1106/4083
f 1298/1106/4080 1301/1111/4084 1303/1109/4078
f 1298/1106/4083 1296/1104/4085 1302/1110/4081
f 1300/1107/4086 1303/1109/4087 1304/1112/4088
f 1304/1112/4089 1303/1109/4090 1305/1113/4091
f 1305/1113/4092 1303/1109/4093 1301/1111/4094
f 1306/1114/4095 1305/1113/4096 1307/1115/4097
f 1305/1113/4091 1306/1114/4098 1304/1112/4089
f 1309/1116/4099 1307/1115/4100 1305/1113/4101
f 1301/1111/4094 1308/1117/4102 1305/1113/4092
f 1305/1113/4101 1308/1117/4103 1309/1116/4099
f 1309/1116/4104 1308/1117/4105 1311/1118/4106
f 1307/1115/4107 1309/1116/4108 1310/1119/4109
f 1315/1119/4110 1310/1119/4111 1309/1116/4112
f 1311/1118/4106 1312/1120/4113 1309/1116/4104
f 1309/1116/4114 1312/1120/4115 1314/1120/4116
f 1314/1120/4116 1313/1116/4117 1309/1116/4114
f 1309/1116/4112 1313/1116/4118 1315/1119/4110
f 1316/1121/4119 1315/1119/4120 1313/1116/4121
f 1315/1119/4122 1316/1121/4123 79/87/4124
f 1315/1119/4125 80/85/4126 1317/85/4127
f 79/87/4124 80/85/4128 1315/1119/4122
f 1317/85/4127 1310/1119/4126 1315/1119/4125
f 1310/1119/4129 1317/85/4130 1318/87/4131
f 1319/83/4132 1318/87/4133 1317/85/4134
f 1317/85/4134 1320/84/4135 1319/83/4132
f 1320/84/4136 1317/85/4137 80/85/4138
f 1321/90/4139 1320/84/4140 78/84/4141
f 1320/84/4142 1321/90/4143 1322/86/4144
f 80/85/4138 78/84/4145 1320/84/4136
f 1322/86/4144 1319/83/4146 1320/84/4142
f 1319/83/4147 1322/86/4148 1323/81/4149
f 1323/81/4150 1322/86/4151 1324/88/4152
f 1324/88/4153 1322/86/4154 1321/90/4155
f 1325/91/4156 1328/1122/4157 1324/88/4158
f 1324/88/4158 87/89/4159 1325/91/4156
f 1324/88/4160 1328/1122/4161 1326/1123/4162
f 1326/1123/4162 1327/1124/4163 1324/88/4160
f 1324/88/4152 1327/1124/4164 1323/81/4150
f 1321/90/4155 87/89/4165 1324/88/4153
f 1328/1122/4166 1325/91/4167 1329/1125/4168
f 1329/1125/4168 1330/1126/4169 1328/1122/4166
f 1326/1123/4170 1328/1122/4171 1330/1126/4172
f 1331/1127/4173 1333/1128/4174 1330/1126/4175
f 1330/1126/4175 1332/1129/4176 1331/1127/4173
f 1332/1129/4177 1330/1126/4178 1329/1125/4179
f 1330/1126/4172 1333/1128/4180 1326/1123/4170
f 1334/1130/4181 1333/1128/4182 1331/1127/4183
f 1333/1128/4184 1334/1130/4185 1335/1131/4186
f 1335/1131/4186 1326/1123/4187 1333/1128/4184
f 1338/1132/4188 1335/1131/4189 1336/1133/4190
f 1337/1134/4191 1336/1133/4192 1335/1131/4193
f 1335/1131/4193 1334/1130/4194 1337/1134/4191
f 1326/1123/4195 1335/1131/4196 1338/1132/4197
f 1336/1133/4190 1339/1135/4198 1338/1132/4188
f 1340/80/4199 1338/1132/4200 1339/1135/4201
f 1323/81/4202 1327/1124/4203 1338/1132/4204
f 1338/1132/4197 1327/1124/4205 1326/1123/4195
f 1338/1132/4204 1340/80/4206 1323/81/4202
f 1339/1135/4201 1341/1136/4207 1340/80/4199
f 1342/78/4208 1340/80/4209 1341/1136/4210
f 1343/82/4211 1323/81/4212 1340/80/4213
f 1340/80/4213 1342/78/4214 1343/82/4211
f 1343/82/4215 1342/78/4216 1344/74/4217
f 1318/87/4218 1319/83/4219 1343/82/4220
f 1323/81/4149 1343/82/4221 1319/83/4147
f 1344/74/4217 1345/75/4222 1343/82/4215
f 1343/82/4220 1345/75/4223 1318/87/4218
f 1346/70/4224 1347/73/4225 1345/75/4222
f 1345/75/4222 1344/74/4217 1346/70/4224
f 1318/87/4226 1345/75/4227 1347/73/4228
f 1347/73/4229 1346/70/4230 1348/71/4231
f 1348/71/4231 1349/1137/4232 1347/73/4229
f 1347/73/4233 1349/1137/4234 1307/1115/4235
f 1307/1115/4235 1350/1121/4236 1347/73/4233
f 1347/73/4228 1350/1121/4237 1318/87/4226
f 1310/1119/4109 1350/1121/4238 1307/1115/4107
f 1318/87/4131 1350/1121/4239 1310/1119/4129
f 1307/1115/4097 1349/1137/4240 1306/1114/4095
f 1306/1114/4241 1349/1137/4242 1348/71/4243
f 1348/71/4243 1351/67/4244 1306/1114/4241
f 1352/65/4245 1351/67/4246 1348/71/4247
f 1353/66/4248 1348/71/4249 1346/70/4250
f 1348/71/4247 1353/66/4251 1352/65/4245
f 1354/61/4252 1352/65/4253 1353/66/4254
f 1353/66/4254 1355/58/4255 1354/61/4252
f 1356/68/4256 1355/58/4257 1353/66/4258
f 1353/66/4258 1357/69/4259 1356/68/4256
f 1346/70/4250 1357/69/4260 1353/66/4248
f 1356/68/4256 1357/69/4259 1358/72/4261
f 1358/72/4262 1357/69/4263 1346/70/4264
f 1358/72/4261 1360/76/4265 1356/68/4256
f 1359/79/4266 1360/76/4265 1358/72/4261
f 1358/72/4261 1361/77/4267 1359/79/4266
f 1346/70/4264 1344/74/4268 1358/72/4262
f 1361/77/4269 1358/72/4262 1344/74/4268
f 1362/1138/4270 1359/79/4266 1361/77/4267
f 1344/74/4268 1342/78/4271 1361/77/4269
f 1341/1136/4210 1361/77/4272 1342/78/4208
f 1361/77/4267 1341/1136/4273 1362/1138/4270
f 1362/1138/4274 1363/1139/4275 1364/1140/4276
f 1339/1135/4277 1363/1139/4278 1362/1138/4279
f 1362/1138/4279 1341/1136/4280 1339/1135/4277
f 1359/79/4281 1362/1138/4274 1365/1141/4282
f 1364/1140/4276 1365/1141/4282 1362/1138/4274
f 1366/1142/4283 1365/1143/4284 1368/1144/4285
f 1365/1141/4282 1366/1145/4286 1359/79/4281
f 1367/22/4287 1368/1144/4285 1365/1143/4284
f 1365/1143/4284 1364/1146/4288 1367/22/4287
f 1368/1144/4285 1369/1147/4289 1366/1142/4283
f 1369/1147/4290 1368/1144/4291 1370/1148/4292
f 1371/21/4293 1370/1148/4292 1368/1144/4291
f 1368/1144/4291 1367/22/4294 1371/21/4293
f 1373/19/4295 1371/21/4293 1367/22/4294
f 1374/20/4296 1372/23/4297 1371/21/4298
f 1370/1148/4299 1371/21/4298 1372/23/4297
f 1371/21/4298 1373/19/4300 1374/20/4296
f 1376/27/4301 1374/20/4296 1373/19/4300
f 1377/25/4302 1375/24/4303 1374/20/4304
f 1372/23/4305 1374/20/4304 1375/24/4303
f 1374/20/4304 1376/27/4306 1377/25/4302
f 1379/1149/4307 1377/25/4308 1376/27/4309
f 1380/1150/4310 1378/1151/4311 1377/25/4312
f 1375/24/4313 1377/25/4314 1378/1151/4315
f 1377/25/4312 1379/1149/4316 1380/1150/4310
f 1380/1150/4317 1379/1149/4318 1382/1152/4319
f 1384/1153/4320 1381/1154/4321 1380/1150/4322
f 1378/1151/4323 1380/1150/4324 1381/1154/4325
f 1382/1152/4319 1383/1155/4326 1380/1150/4317
f 1380/1150/4322 1383/1155/4327 1384/1153/4320
f 1384/1153/4328 1388/1156/4329 1385/1157/4330
f 1385/1157/4330 1381/1154/4328 1384/1153/4328
f 1386/1158/4331 1387/1159/4332 1384/1153/4333
f 1384/1153/4333 1383/1155/4334 1386/1158/4331
f 1388/1156/4335 1384/1153/4336 1387/1159/4337
f 1389/1160/4338 1385/1157/4339 1388/1156/4340
f 1388/1156/4340 1392/1161/4341 1389/1160/4338
f 1387/1159/4337 1390/1162/4342 1388/1156/4335
f 1388/1156/4343 1390/1162/4344 1391/1163/4345
f 1391/1163/4345 1392/1161/4346 1388/1156/4343
f 1393/1164/4347 1392/1161/4348 1391/1163/4349
f 1389/1160/4350 1392/1161/4351 1393/1164/4352
f 1393/1164/4352 1395/767/4353 1389/1160/4350
f 1398/1165/4354 1394/768/4355 1393/1164/4356
f 1393/1164/4357 1394/768/4358 1396/765/4359
f 1396/765/4359 1395/767/4357 1393/1164/4357
f 1391/1163/4349 1397/1166/4360 1393/1164/4347
f 1393/1164/4356 1397/1166/4361 1398/1165/4354
f 1398/1165/4362 1400/755/4363 1399/753/4362
f 1399/753/4362 1401/754/4362 1398/1165/4362
f 1400/755/4364 1398/1165/4365 1397/1166/4366
f 1394/768/4367 1398/1165/4367 1401/754/4368
f 1402/756/4369 1401/754/4370 1399/753/4371
f 1401/754/4372 1402/756/4373 1403/757/4374
f 1403/757/4374 1404/762/4375 1401/754/4372
f 1401/754/4368 1404/762/4376 1394/768/4367
f 1394/768/4377 1404/762/4378 1405/761/4378
f 1405/761/4379 1404/762/4380 1403/757/4381
f 1405/761/4378 1396/765/4382 1394/768/4377
f 1406/766/4383 1396/765/4384 1405/761/4385
f 1405/761/4385 1408/763/4386 1406/766/4383
f 1403/757/4381 1407/759/4387 1405/761/4379
f 1408/763/4388 1405/761/4389 1407/759/4390
f 1409/769/4391 1406/766/4392 1408/763/4393
f 1408/763/4393 1411/770/4394 1409/769/4391
f 1407/759/4390 1410/764/4395 1408/763/4388
f 1411/770/4396 1408/763/4397 1410/764/4398
f 1412/819/4399 1409/769/4391 1411/770/4394
f 1411/770/4394 1414/815/4400 1412/819/4399
f 1410/764/4398 1413/812/4401 1411/770/4396
f 1414/815/4402 1411/770/4396 1413/812/4401
f 1415/818/4403 1414/815/4402 1417/816/4404
f 1414/815/4400 1415/818/4405 1416/820/4406
f 1416/820/4406 1412/819/4399 1414/815/4400
f 1413/812/4401 1417/816/4404 1414/815/4402
f 1417/816/4404 1420/817/4407 1415/818/4403
f 1419/811/4408 1418/809/4409 1417/816/4410
f 1420/817/4411 1417/816/4410 1418/809/4409
f 1417/816/4410 1413/812/4412 1419/811/4408
f 1421/821/4413 1415/818/4403 1420/817/4407
f 1420/817/4407 1423/804/4414 1421/821/4413
f 1418/809/4409 1422/807/4415 1420/817/4411
f 1423/804/4416 1420/817/4411 1422/807/4415
f 1424/822/4417 1421/821/4413 1423/804/4414
f 1423/804/4414 1426/803/4418 1424/822/4417
f 1422/807/4415 1425/805/4419 1423/804/4416
f 1426/803/4420 1423/804/4416 1425/805/4419
f 1427/793/4421 1424/822/4417 1426/803/4418
f 1426/803/4418 1429/801/4422 1427/793/4421
f 1425/805/4419 1428/802/4423 1426/803/4420
f 1429/801/4424 1426/803/4420 1428/802/4423
f 1430/794/4425 1427/793/4421 1429/801/4422
f 1429/801/4422 1432/798/4426 1430/794/4425
f 1428/802/4423 1431/800/4427 1429/801/4424
f 1432/798/4428 1429/801/4424 1431/800/4427
f 1433/795/4429 1430/794/4425 1432/798/4426
f 1432/798/4426 1435/796/4430 1433/795/4429
f 1431/800/4427 1434/799/4431 1432/798/4428
f 1435/796/4432 1432/798/4428 1434/799/4431
f 1436/874/4433 1433/795/4429 1435/796/4430
f 1435/796/4430 1438/873/4434 1436/874/4433
f 1434/799/4431 1437/824/4435 1435/796/4432
f 1438/873/4436 1435/796/4432 1437/824/4435
f 1439/871/4437 1438/873/4436 1441/825/4438
f 1438/873/4434 1439/871/4439 1440/876/4440
f 1440/876/4440 1436/874/4433 1438/873/4434
f 1437/824/4435 1441/825/4438 1438/873/4436
f 1441/825/4438 1444/872/4441 1439/871/4437
f 1443/826/4442 1442/827/4443 1441/825/4444
f 1444/872/4445 1441/825/4444 1442/827/4443
f 1441/825/4444 1437/824/4446 1443/826/4442
f 1446/518/4447 1439/871/4448 1444/872/4449
f 1442/827/4443 1445/828/4450 1444/872/4445
f 1447/870/4451 1444/872/4452 1445/828/4453
f 1444/872/4449 1447/870/4454 1446/518/4447
f 1448/516/4455 1446/518/4456 1447/870/4457
f 1447/870/4457 1449/519/4458 1448/516/4455
f 1449/519/4459 1447/870/4460 1450/831/4461
f 1445/828/4453 1450/831/4462 1447/870/4451
f 1450/831/4461 1451/869/4463 1449/519/4459
f 1451/869/4464 1450/831/4465 1452/832/4466
f 1453/830/4467 1452/832/4468 1450/831/4469
f 1450/831/4469 1445/828/4470 1453/830/4467
f 1455/829/4471 1453/830/4472 1445/828/4473
f 1453/830/4474 1456/834/4475 1454/833/4476
f 1454/833/4476 1452/832/4477 1453/830/4474
f 1453/830/4478 1455/829/4479 1457/835/4480
f 1457/835/4480 1456/834/4481 1453/830/4478
f 1456/834/4482 1457/835/4483 1458/837/4484
f 1459/572/4485 1458/837/4486 1457/835/4487
f 1457/835/4487 1460/575/4488 1459/572/4485
f 1461/838/4489 1460/575/4490 1457/835/4491
f 1457/835/4491 1455/829/4492 1461/838/4489
f 1462/576/4493 1461/838/4494 1443/826/4495
f 1442/827/4496 1443/826/4495 1461/838/4494
f 1461/838/4494 1455/829/4497 1442/827/4496
f 1461/838/4498 1462/576/4499 1463/574/4500
f 1463/574/4500 1460/575/4501 1461/838/4498
f 1459/572/4502 1460/575/4503 1463/574/4504
f 1463/574/4504 1464/571/4505 1459/572/4502
f 1464/571/4505 1463/574/4504 1465/577/4506
f 1466/578/4507 1465/577/4508 1463/574/4500
f 1463/574/4500 1462/576/4499 1466/578/4507
f 1466/578/4509 1462/576/4493 1469/581/4510
f 1467/583/4511 1465/577/4508 1466/578/4507
f 1466/578/4507 1470/582/4512 1467/583/4511
f 1470/582/4513 1466/578/4509 1468/580/4514
f 1469/581/4510 1468/580/4514 1466/578/4509
f 1467/583/4511 1470/582/4512 1472/586/4515
f 1472/586/4516 1470/582/4513 1471/579/4517
f 1468/580/4514 1471/579/4517 1470/582/4513
f 1472/586/4515 1476/584/4518 1467/583/4511
f 1474/709/4519 1472/586/4516 1473/806/4520
f 1471/579/4517 1473/806/4520 1472/586/4516
f 1472/586/4515 1474/709/4521 1475/587/4522
f 1475/587/4522 1476/584/4518 1472/586/4515
f 1478/585/4523 1467/583/4524 1476/584/4525
f 1476/584/4525 1477/588/4526 1478/585/4523
f 1477/588/4526 1476/584/4525 1475/587/4527
f 1479/591/4528 1481/567/4529 1478/585/4530
f 1478/585/4530 1477/588/4531 1479/591/4528
f 1467/583/4524 1478/585/4523 1480/570/4532
f 1480/570/4533 1478/585/4530 1481/567/4529
f 1483/566/4534 1481/567/4535 1479/591/4536
f 1482/568/4537 1481/567/4538 1483/566/4539
f 1481/567/4529 1482/568/4540 1480/570/4533
f 1479/591/4536 1484/565/4541 1483/566/4534
f 1483/566/4539 1485/562/4542 1482/568/4537
f 1483/566/4543 1484/565/4544 1486/564/4545
f 1485/562/4546 1483/566/4547 1487/563/4548
f 1486/564/4545 1487/563/4549 1483/566/4543
f 1487/563/4550 1486/564/4551 400/352/4552
f 1487/563/4548 404/361/4553 1485/562/4546
f 400/352/4552 401/353/4554 1487/563/4550
f 404/361/1135 1487/563/4555 401/353/1133
f 400/352/4556 1486/564/4557 1488/596/4558
f 1488/596/4559 1486/564/4560 1484/565/4561
f 1489/592/4562 1490/595/4563 1488/596/4564
f 1488/596/4564 1491/594/4565 1489/592/4562
f 1488/596/4566 1490/595/4567 1492/597/4568
f 1484/565/4561 1491/594/4569 1488/596/4559
f 1492/597/4568 1493/598/4570 1488/596/4566
f 1488/596/4558 1493/598/4571 400/352/4556
f 1493/598/4572 1492/597/4573 369/341/4574
f 400/352/4575 1493/598/4576 376/347/4577
f 369/341/4574 376/347/4578 1493/598/4572
f 369/341/4579 1492/597/4580 1494/599/4581
f 1494/599/4582 1492/597/4583 1490/595/4584
f 1494/599/4585 1497/600/4586 1495/601/4587
f 1495/601/4587 1496/602/4588 1494/599/4585
f 1494/599/4589 1496/602/4590 1498/603/4591
f 1490/595/4584 1497/600/4592 1494/599/4582
f 1498/603/4591 367/340/4593 1494/599/4589
f 1494/599/4581 367/340/4594 369/341/4579
f 365/339/4595 1498/603/4596 1499/604/4597
f 1499/604/4598 1498/603/4599 1496/602/4600
f 367/340/1027 1498/603/4601 365/339/1025
f 1496/602/4600 1500/703/4602 1499/604/4598
f 1499/604/4603 1500/703/4604 1502/702/4605
f 1501/605/4606 364/336/4607 1499/604/4608
f 1499/604/4608 1503/606/4609 1501/605/4606
f 1499/604/4597 364/336/4610 365/339/4595
f 1502/702/4605 1503/606/4611 1499/604/4603
f 1503/606/4612 1502/702/4613 1504/704/4614
f 1504/704/4614 1505/1167/4615 1503/606/4612
f 1503/606/4616 1505/1167/4617 1506/607/4618
f 1506/607/4618 1501/605/4619 1503/606/4616
f 1509/609/4620 1506/610/4621 1505/672/4622
f 1506/610/4623 1509/609/4624 1507/612/4625
f 1507/612/4625 1508/611/4626 1506/610/4623
f 1501/605/4627 1506/607/4628 1508/608/4629
f 1507/612/4630 1509/609/4631 1510/662/4632
f 1511/664/4633 1510/662/4634 1509/609/4635
f 1509/609/4635 1512/667/4636 1511/664/4633
f 1505/672/4622 1512/667/4637 1509/609/4620
f 1513/666/4638 1511/664/4639 1512/667/4640
f 1512/667/4640 1514/668/4641 1513/666/4638
f 1514/668/4642 1512/667/4643 1505/672/4644
f 1515/669/4645 1513/666/4646 1514/668/4647
f 1514/668/4647 1516/671/4648 1515/669/4645
f 1505/672/4644 1504/673/4649 1514/668/4642
f 1516/671/4650 1514/668/4651 1504/673/4652
f 1515/669/4653 1516/671/4654 1519/675/4655
f 1516/671/4656 1518/676/4657 1517/679/4658
f 1517/679/4658 1519/675/4659 1516/671/4656
f 1504/673/4652 1518/676/4660 1516/671/4650
f 1522/683/4661 1520/678/4662 1519/675/4663
f 1521/674/4664 1519/675/4665 1520/678/4666
f 1519/675/4655 1521/674/4667 1515/669/4653
f 1519/675/4663 1517/679/4668 1522/683/4661
f 1520/678/4669 1522/683/4670 1523/682/4671
f 1523/689/4672 1522/686/4673 1524/688/4674
f 1522/686/4675 1517/685/4676 1525/684/4677
f 1525/684/4677 1524/688/4678 1522/686/4675
f 1518/690/4679 1526/691/4680 1525/684/4681
f 1527/692/4682 1525/684/4683 1526/691/4684
f 1524/688/4685 1525/684/4686 1527/692/4687
f 1525/684/4681 1517/685/4688 1518/690/4679
f 1527/692/4687 1528/693/4689 1524/688/4685
f 1529/694/4690 1528/693/4691 1527/692/4692
f 1527/692/4692 1530/699/4693 1529/694/4690
f 1495/601/4694 1530/699/4695 1527/692/4696
f 1526/691/4684 1531/701/4697 1527/692/4682
f 1527/692/4696 1531/701/4698 1495/601/4694
f 1495/601/4699 1531/701/4700 1500/703/4701
f 1502/702/4702 1500/703/4703 1531/701/4704
f 1531/701/4704 1526/691/4705 1502/702/4702
f 1532/700/4706 1530/699/4707 1495/601/4708
f 1530/699/4709 1532/700/4710 1533/698/4711
f 1533/698/4711 1529/694/4712 1530/699/4709
f 1534/696/4713 1529/694/4714 1533/698/4715
f 1533/698/4715 1535/697/4716 1534/696/4713
f 1536/705/4717 1535/697/4718 1533/698/4719
f 1533/698/4719 1537/593/4720 1536/705/4717
f 1489/592/4721 1537/593/4722 1533/698/4723
f 1533/698/4723 1532/700/4724 1489/592/4721
f 1537/593/4725 1539/590/4726 1538/589/4727
f 1538/589/4727 1536/705/4728 1537/593/4725
f 1539/590/4729 1537/593/4730 1489/592/4731
f 1538/589/4732 1539/590/4733 1479/591/4734
f 1479/591/4735 1539/590/4736 1491/594/4737
f 1489/592/4731 1491/594/4738 1539/590/4729
f 1479/591/4734 1477/588/4739 1538/589/4732
f 1475/587/4527 1538/589/4740 1477/588/4526
f 1536/705/4741 1538/589/4740 1475/587/4527
f 1540/706/4742 1535/697/4743 1536/705/4744
f 1536/705/4744 1541/707/4745 1540/706/4742
f 1475/587/4527 1541/707/4746 1536/705/4741
f 1540/706/4747 1541/707/4748 1542/710/4749
f 1541/707/4750 1475/587/4522 1474/709/4521
f 1474/709/4521 1542/710/4751 1541/707/4750
f 1545/708/4752 1542/710/4753 1543/810/4754
f 1544/808/4755 1543/810/4754 1542/710/4753
f 1542/710/4753 1474/709/4519 1544/808/4755
f 1542/710/4749 1545/708/4756 1540/706/4747
f 1545/708/4757 1546/711/4758 1547/814/4759
f 1543/810/4754 1546/711/4760 1545/708/4752
f 1547/814/4759 1548/712/4761 1545/708/4757
f 1545/708/4762 1548/712/4763 1549/713/4764
f 1549/713/4764 1540/706/4765 1545/708/4762
f 1551/716/4766 1550/714/4767 1549/713/4768
f 1549/713/4769 1550/714/4770 1552/695/4771
f 1535/697/4772 1540/706/4773 1549/713/4774
f 1549/713/4768 1548/712/4775 1551/716/4766
f 1549/713/4774 1534/696/4776 1535/697/4772
f 1552/695/4771 1534/696/4777 1549/713/4769
f 1524/688/4778 1528/693/4779 1552/695/4780
f 1552/695/4780 1553/687/4781 1524/688/4778
f 1554/715/4782 1553/687/4783 1552/695/4784
f 1534/696/4785 1552/695/4786 1528/693/4787
f 1552/695/4784 1550/714/4788 1554/715/4782
f 1553/687/4789 1554/715/4790 1556/721/4791
f 1555/719/4792 1554/715/4793 1550/714/4794
f 1556/721/4795 1554/715/4796 1555/719/4797
f 1555/719/4797 1557/720/4798 1556/721/4795
f 1523/682/4799 1556/721/4800 1557/720/4801
f 1556/721/4791 1523/689/4802 1553/687/4789
f 1558/722/4803 1557/720/4804 1555/719/4805
f 1557/720/4806 1558/722/4807 1559/680/4808
f 1557/720/4801 1560/681/4809 1523/682/4799
f 1559/680/4808 1560/681/4810 1557/720/4806
f 1561/677/4811 1520/678/4812 1560/681/4813
f 1560/681/4813 1559/680/4814 1561/677/4811
f 1523/682/4671 1560/681/4815 1520/678/4669
f 1562/723/4816 1563/727/4817 1561/677/4818
f 1561/677/4818 1559/680/4819 1562/723/4816
f 1521/674/4820 1561/677/4821 1563/727/4822
f 1520/678/4666 1561/677/4823 1521/674/4664
f 1563/727/4824 1564/726/4825 1565/728/4826
f 1564/726/4827 1563/727/4828 1562/723/4829
f 1565/728/4826 1566/729/4830 1563/727/4824
f 1563/727/4822 1566/729/4831 1521/674/4820
f 1567/730/4832 1566/729/4833 1565/728/4834
f 1515/669/4835 1521/674/4836 1566/729/4837
f 1566/729/4837 1567/730/4838 1515/669/4835
f 1569/670/4839 1567/730/4840 1568/731/4841
f 1565/728/4834 1568/731/4842 1567/730/4832
f 1515/669/4843 1567/730/4844 1569/670/4845
f 1569/670/4846 1570/732/4847 1571/734/4848
f 1568/731/4841 1570/732/4849 1569/670/4839
f 1513/666/4850 1569/670/4851 1572/665/4852
f 1569/670/4845 1513/666/4853 1515/669/4843
f 1571/734/4848 1572/665/4854 1569/670/4846
f 1572/665/4855 1571/734/4856 1573/737/4857
f 1510/662/4858 1511/664/4859 1572/665/4860
f 1572/665/4852 1511/664/4861 1513/666/4850
f 1573/737/4857 1574/663/4862 1572/665/4855
f 1572/665/4860 1574/663/4863 1510/662/4858
f 1575/660/4864 1574/663/4865 1573/737/4866
f 1576/661/4867 1510/662/4868 1574/663/4869
f 1574/663/4869 1575/660/4870 1576/661/4867
f 1577/659/4871 1576/661/4871 1575/660/4872
f 1507/612/4873 1576/661/4874 1577/659/4874
f 1510/662/4632 1576/661/4875 1507/612/4630
f 1575/660/4872 1579/657/4876 1577/659/4871
f 352/322/4877 1577/659/4878 1578/658/4879
f 1577/659/4874 352/322/4880 1507/612/4873
f 1578/658/4881 1577/659/4882 1579/657/4883
f 1579/657/4884 1575/660/4885 1581/739/4886
f 1582/656/4887 1579/657/4888 1580/741/4889
f 1581/739/4886 1580/741/4890 1579/657/4884
f 1579/657/4883 1582/656/4891 1578/658/4881
f 1582/656/4892 1583/655/4892 1584/654/4892
f 1580/741/4889 1583/655/4893 1582/656/4887
f 1578/658/4894 1582/656/4895 1585/651/4896
f 1584/654/4892 1585/651/4897 1582/656/4892
f 1585/651/4898 1584/654/4899 1586/652/4900
f 350/321/4901 1585/651/4902 341/311/4903
f 1585/651/4896 350/321/4904 1578/658/4894
f 1586/652/4900 341/311/4905 1585/651/4898
f 1586/652/4906 1587/262/4907 1588/265/4908
f 1587/262/4909 1586/652/4910 1584/654/4911
f 341/311/4912 1586/652/4913 1589/653/4914
f 1588/265/4908 1589/653/4915 1586/652/4906
f 1589/653/4916 1588/265/4917 1590/267/4918
f 339/308/948 1589/653/4919 335/306/946
f 1589/653/4914 339/308/4920 341/311/4912
f 1590/267/4918 335/306/4921 1589/653/4916
f 334/272/4922 335/306/4922 1590/267/4923
f 1590/267/4923 1591/268/4924 334/272/4922
f 1591/268/4925 1590/267/4926 1592/264/4927
f 1592/264/4928 1590/267/4929 1588/265/4930
f 1588/265/4930 1593/261/4931 1592/264/4928
f 1594/263/4932 1592/264/4933 1593/261/4933
f 1595/269/4934 1592/264/4935 1594/263/4936
f 1592/264/4927 1595/269/4937 1591/268/4925
f 1596/271/4938 1591/268/4939 1595/269/4940
f 1595/269/4940 1599/270/4941 1596/271/4938
f 1595/269/4942 1597/266/4943 1598/1168/4944
f 1594/263/4936 1597/266/4936 1595/269/4934
f 1598/1168/4944 1599/270/4945 1595/269/4942
f 1599/274/4946 1600/273/4947 1601/277/4948
f 1600/273/4949 1599/274/4949 1598/1169/4950
f 1601/277/4948 1596/275/4951 1599/274/4946
f 1601/277/4952 328/281/4953 336/278/4954
f 328/281/4955 1601/277/4956 1602/280/4957
f 1602/280/4958 1601/277/4959 1600/273/4960
f 336/278/4954 1596/275/4961 1601/277/4952
f 314/284/4962 327/279/4963 1602/280/4964
f 1602/280/4957 327/279/4965 328/281/4955
f 1602/280/4964 1603/283/4966 314/284/4962
f 1605/1170/4967 1603/283/4968 1602/280/4969
f 1600/273/4960 1604/282/4970 1602/280/4958
f 1602/280/4969 1604/282/4971 1605/1170/4967
f 1607/1171/4972 1605/1170/4973 1604/282/4974
f 1606/1172/4975 1605/1170/4976 1607/1171/4977
f 1603/283/4978 1605/1170/4976 1606/1172/4975
f 1604/282/4974 1608/1173/4979 1607/1171/4972
f 1607/1171/4977 1609/1174/4980 1606/1172/4975
f 1607/1171/4981 1608/1173/4982 1610/1175/4981
f 1612/1176/4983 1609/1174/4984 1607/1171/4985
f 1610/1175/4981 1611/1177/4981 1607/1171/4981
f 1607/1171/4985 1611/1177/4986 1612/1176/4983
f 1615/1178/4987 1612/1176/4983 1611/1177/4986
f 1613/1174/4988 1609/1174/4989 1612/1176/4990
f 1612/1176/4990 1616/1176/4991 1613/1174/4988
f 1614/1178/4992 1616/1176/4993 1612/1176/4994
f 1612/1176/4994 1615/1178/4995 1614/1178/4992
f 1613/1174/4996 1616/1176/4997 1617/1177/4998
f 1618/1179/4999 1617/1177/4998 1616/1176/4997
f 1616/1176/4997 1614/1178/5000 1618/1179/4999
f 1620/163/5001 1618/1179/5002 1614/1178/5003
f 1618/1179/5004 1620/163/5005 1619/164/5006
f 1619/164/5006 1621/1180/5007 1618/1179/5004
f 1617/1177/5008 1618/1179/5009 1621/1180/5010
f 1621/1180/5010 1622/1175/5011 1617/1177/5008
f 1622/1175/5012 1621/1180/5013 1623/1181/5014
f 1624/161/5015 1623/1181/5016 1621/1180/5017
f 1621/1180/5017 1619/164/5018 1624/161/5015
f 1627/1182/5019 1623/1181/5020 1624/161/5021
f 1625/158/5022 1624/161/5023 1619/164/5024
f 1626/160/5025 1624/161/5025 1625/158/5026
f 1624/161/5021 1626/160/5027 1627/1182/5019
f 1623/1181/5028 1627/1182/5029 1628/1183/5030
f 1627/1184/5031 1626/159/5032 248/222/5033
f 1629/1185/5034 1628/1186/5035 1627/1184/5036
f 1627/1184/5036 1630/1187/5037 1629/1185/5034
f 248/222/5033 1630/1187/5031 1627/1184/5031
f 1631/1188/5038 1629/1185/5039 1630/1187/5040
f 1630/1187/5040 252/226/5041 1631/1188/5038
f 252/226/727 1630/1187/5042 248/222/725
f 1629/1185/5043 1631/1188/5044 291/263/5045
f 288/260/5046 291/263/5047 1631/1188/5048
f 1631/1188/5048 1632/1189/5049 288/260/5046
f 1632/1189/5050 1631/1188/5051 252/226/5052
f 252/226/5052 251/225/5053 1632/1189/5050
f 1633/1190/5054 1632/1189/5055 251/225/5056
f 285/257/5057 288/260/5058 1632/1189/5059
f 1632/1189/5059 1633/1190/5060 285/257/5057
f 251/225/5056 255/228/5061 1633/1190/5054
f 1634/1191/5062 1633/1190/5063 255/228/5064
f 282/255/5065 285/257/5066 1633/1190/5067
f 1633/1190/5067 1634/1191/5068 282/255/5065
f 255/228/5064 260/234/5069 1634/1191/5062
f 263/237/766 1634/1191/5070 260/234/765
f 279/252/5071 282/255/5072 1634/1191/5073
f 1634/1191/5073 263/237/5074 279/252/5071
f 1628/1186/5075 1629/1185/5076 294/266/5077
f 291/263/5045 294/266/5078 1629/1185/5043
f 1628/1183/5030 1636/1192/5030 1623/1181/5028
f 294/266/5077 1635/1168/5079 1628/1186/5075
f 1636/1192/5080 1628/1183/5081 1635/1169/5082
f 1635/1169/5082 1637/1193/5082 1636/1192/5080
f 1636/1192/5083 1637/1193/5084 1638/1173/5085
f 1623/1181/5014 1636/1192/5086 1622/1175/5012
f 1638/1173/5085 1622/1175/5087 1636/1192/5083
f 1638/1173/5088 307/282/5089 1639/1170/5090
f 307/282/5091 1638/1173/5092 1637/1193/5093
f 1639/1170/5090 1640/1171/5094 1638/1173/5088
f 1622/1175/5095 1638/1173/5096 1640/1171/5097
f 1617/1177/4998 1640/1171/5098 1613/1174/4996
f 1641/1172/5099 1613/1174/5100 1640/1171/5101
f 1640/1171/5097 1617/1177/5102 1622/1175/5095
f 1640/1171/5101 1639/1170/5103 1641/1172/5099
f 1606/1172/5104 1641/1172/5105 312/288/5106
f 312/288/5107 1641/1172/5099 1639/1170/5103
f 1613/1174/5108 1641/1172/5109 1606/1172/5110
f 1639/1170/5103 306/283/5111 312/288/5107
f 306/283/862 1639/1170/5112 307/282/860
f 1637/1193/5113 1635/1169/5113 298/274/5114
f 298/274/5114 301/273/5115 1637/1193/5113
f 1637/1193/5093 301/273/5116 307/282/5091
f 295/269/5117 298/270/5118 1635/1168/5119
f 1635/1168/5119 294/266/5119 295/269/5117
f 248/222/713 1626/159/5120 246/152/711
f 1625/158/5026 246/155/5121 1626/160/5025
f 1619/164/5024 1642/162/5122 1625/158/5022
f 245/157/5123 1625/158/5124 1642/162/5125
f 246/155/703 1625/158/5126 245/157/701
f 1644/167/5127 1642/162/5128 1643/165/5129
f 1620/163/5130 1643/165/5131 1642/162/5132
f 1642/162/5125 1644/167/5133 245/157/5123
f 1642/162/5132 1619/164/5134 1620/163/5130
f 1643/165/5129 1645/166/5135 1644/167/5127
f 1646/1194/5136 245/157/5137 1644/167/5138
f 1647/170/5139 1644/167/5140 1645/166/5141
f 1644/167/5138 1647/170/5142 1646/1194/5136
f 1645/166/5141 1648/168/5143 1647/170/5139
f 1649/144/5144 1646/1194/5145 1647/170/5146
f 1650/172/5147 1647/170/5148 1648/168/5149
f 1647/170/5146 1650/172/5150 1649/144/5144
f 1648/168/5149 175/174/5151 1650/172/5147
f 1651/185/5152 1649/144/5153 1650/172/5154
f 1652/182/5155 1650/172/5156 175/174/5157
f 1650/172/5154 1652/182/5158 1651/185/5152
f 1651/185/5159 1652/182/5160 190/183/5161
f 190/183/521 1652/182/5162 176/176/519
f 175/174/5157 176/176/5163 1652/182/5155
f 1649/144/5164 1651/185/5165 1653/145/5166
f 1654/190/5167 1653/145/5168 1651/185/5169
f 190/183/5161 1655/186/5170 1651/185/5159
f 1651/185/5169 1655/186/5171 1654/190/5167
f 1656/188/5172 1655/187/5173 190/184/5174
f 1654/189/5175 1655/187/5176 1656/188/5177
f 193/118/5178 1657/119/5179 1656/188/5180
f 1656/188/5180 192/181/5181 193/118/5178
f 190/184/5174 192/181/5182 1656/188/5172
f 1658/191/5183 1656/188/5184 1657/119/5185
f 1656/188/5177 1658/191/5186 1654/189/5175
f 1660/137/5187 1658/139/5188 1659/136/5189
f 1657/119/5185 1659/1195/5190 1658/191/5183
f 1654/192/5191 1658/139/5192 1660/137/5193
f 1653/140/5194 1660/137/5195 239/138/5196
f 236/135/5197 239/138/5198 1660/137/5199
f 1659/136/5189 1661/134/5200 1660/137/5187
f 1660/137/5199 1661/134/5201 236/135/5197
f 1660/137/5193 1653/140/5202 1654/192/5191
f 233/133/5203 236/135/5204 1661/134/5205
f 1663/126/5206 1662/131/5207 1661/134/5208
f 1661/134/5205 1662/131/5209 233/133/5203
f 1661/134/5208 1659/136/5210 1663/126/5206
f 209/122/5211 1663/123/5212 1664/120/5213
f 1657/119/5214 1664/120/5215 1663/123/5216
f 1663/123/5216 1659/1195/5217 1657/119/5214
f 1663/126/5218 209/125/5219 213/124/5220
f 213/124/5220 1662/131/5221 1663/126/5218
f 207/121/5222 1664/120/5223 196/117/5224
f 196/117/5225 1664/120/5226 1657/119/5227
f 1664/120/5213 207/121/5228 209/122/5211
f 230/130/5229 233/133/5230 1662/131/5231
f 1662/131/5231 213/124/5232 230/130/5229
f 1657/119/5227 193/118/5233 196/117/5225
f 239/138/5196 242/141/5234 1653/140/5194
f 1653/145/5166 242/143/5235 1649/144/5164
f 1646/1194/5236 1649/144/5237 242/143/5238
f 175/174/444 1648/168/5239 174/171/442
f 1665/169/5240 174/171/5241 1648/168/5242
f 1648/168/5242 1645/166/5243 1665/169/5240
f 165/169/5244 1665/169/5245 1666/1196/5246
f 1666/1196/5247 1665/169/5248 1645/166/5249
f 168/171/5250 174/171/5251 1665/169/5252
f 1665/169/5252 165/169/5253 168/171/5250
f 1645/166/5249 1643/165/5254 1666/1196/5247
f 1669/1197/5255 1666/1196/5256 1643/165/5257
f 1667/1197/5258 1668/1196/5259 1666/1196/5260
f 1666/1196/5260 1669/1197/5261 1667/1197/5258
f 1666/1196/5246 1668/1196/5262 165/169/5244
f 1667/1197/5263 1669/1197/5264 1614/1178/5265
f 1614/1178/5003 1669/1197/5266 1620/163/5001
f 1643/165/5257 1620/163/5267 1669/1197/5255
f 162/165/5268 1668/1196/5269 1667/1197/5270
f 165/169/421 1668/1196/5271 162/165/419
f 1667/1197/5270 161/163/5272 162/165/5268
f 161/163/5273 1667/1197/5274 1615/1178/5275
f 1614/1178/5265 1615/1178/5276 1667/1197/5263
f 242/143/5238 243/142/5277 1646/1194/5236
f 245/157/700 1646/1194/5278 243/142/698
f 1611/1177/4986 1670/1179/5279 1615/1178/4987
f 1615/1178/5275 1670/1179/5280 161/163/5273
f 1671/1180/5281 1670/1179/5282 1611/1177/5283
f 161/163/5284 1670/1179/5285 1671/1180/5286
f 1611/1177/5283 1610/1175/5287 1671/1180/5281
f 1672/1181/5288 1671/1180/5289 1610/1175/5290
f 160/164/5291 1671/1180/5292 1672/1181/5293
f 1671/1180/5286 160/164/5294 161/163/5284
f 1674/1182/5295 1672/1181/5296 1673/1192/5297
f 1610/1175/5290 1673/1192/5298 1672/1181/5288
f 1672/1181/5293 158/161/5299 160/164/5291
f 156/160/5300 158/161/5301 1672/1181/5302
f 1672/1181/5302 1674/1182/5303 156/160/5300
f 1673/1192/5297 1675/1183/5304 1674/1182/5295
f 156/159/5305 1674/1184/5305 1676/1187/5306
f 1676/1187/5307 1674/1184/5307 1675/1186/5308
f 1676/1187/5306 1677/222/5309 156/159/5305
f 1678/223/5310 1677/222/5311 1676/1187/5312
f 1676/1187/5312 1680/226/5313 1678/223/5310
f 1675/1186/5308 1679/1185/5307 1676/1187/5307
f 1676/1187/5314 1679/1185/5315 1681/1188/5316
f 1681/1188/5316 1680/226/5314 1676/1187/5314
f 1682/225/5317 1680/226/5318 1681/1188/5319
f 1681/1188/5319 1683/1189/5320 1682/225/5317
f 1597/266/5321 1594/263/5322 1681/1188/5323
f 1681/1188/5324 1594/263/5325 1684/260/5326
f 1681/1188/5323 1679/1185/5327 1597/266/5321
f 1684/260/5326 1683/1189/5324 1681/1188/5324
f 1686/258/5328 1685/257/5329 1684/260/5329
f 1683/1189/5330 1684/260/5331 1685/257/5332
f 1684/260/5329 1593/261/5333 1686/258/5328
f 1593/261/4933 1684/260/5334 1594/263/4932
f 1687/255/5335 1685/257/5336 1686/258/5337
f 1686/258/5337 1688/256/5338 1687/255/5335
f 1587/262/5339 1686/258/5340 1593/261/5341
f 1688/256/5342 1686/258/5343 1587/262/5344
f 1689/252/5345 1687/255/5346 1688/256/5347
f 1688/256/5347 1691/253/5347 1689/252/5345
f 1587/262/5344 1690/259/5344 1688/256/5342
f 1691/253/5348 1688/256/5349 1690/259/5349
f 1692/249/5350 1689/252/5351 1691/253/5350
f 1691/253/5350 1694/250/5350 1692/249/5350
f 1690/259/5349 1693/254/5348 1691/253/5348
f 1694/250/5352 1691/253/5353 1693/254/5354
f 1692/249/5355 1694/250/5356 1696/248/5357
f 1693/254/5354 1695/251/5354 1694/250/5352
f 1696/248/5358 1694/250/5358 1695/251/5358
f 1696/248/5357 1697/247/5357 1692/249/5355
f 1697/247/5359 1696/248/5360 1699/742/5359
f 1695/251/5358 1698/740/5361 1696/248/5358
f 1699/742/5362 1696/248/5363 1698/740/5364
f 1699/742/5365 1702/738/5366 1700/736/5367
f 1700/736/5367 1703/743/5365 1699/742/5365
f 1699/742/5359 1701/245/5368 1697/247/5359
f 1701/245/5369 1699/742/5370 1703/743/5371
f 1698/740/5364 1702/738/5372 1699/742/5362
f 1704/745/5373 1703/743/5373 1700/736/5374
f 1705/744/5375 1703/743/5376 1704/745/5377
f 1703/743/5371 1705/744/5369 1701/245/5369
f 1704/745/5377 1708/746/5378 1705/744/5375
f 1705/744/5379 1706/246/5380 1707/244/5381
f 1706/246/5382 1705/744/5383 1708/746/5384
f 1707/244/5381 1701/245/5379 1705/744/5379
f 1710/748/5385 1709/747/5386 1708/746/5386
f 1711/1198/5387 1708/746/5388 1709/747/5389
f 1708/746/5386 1704/745/5385 1710/748/5385
f 1708/746/5384 1711/1198/5390 1706/246/5382
f 1709/747/5389 1714/1199/5391 1711/1198/5387
f 1706/246/5392 1711/1198/5393 1712/1200/5394
f 1713/1201/5395 1712/1200/5395 1711/1198/5396
f 1711/1198/5396 1714/1199/5397 1713/1201/5395
f 1715/1202/5398 1714/1199/5398 1709/747/5399
f 1713/1201/5400 1714/1199/5401 1715/1202/5402
f 1709/747/5399 1716/1203/5399 1715/1202/5398
f 1717/1204/5403 1715/1202/5404 1716/1203/5405
f 1715/1202/5402 1718/1205/5400 1713/1201/5400
f 1718/1205/5406 1715/1202/5407 1717/1204/5406
f 1717/1204/5406 1721/1206/5408 1718/1205/5406
f 1719/1207/5409 1720/1208/5410 1718/1205/5411
f 1718/1205/5411 1721/1206/5411 1719/1207/5409
f 1718/1205/5412 1720/1208/5413 1722/1209/5414
f 1722/1209/5414 1713/1201/5415 1718/1205/5412
f 1722/1209/5416 1723/1210/5417 1724/1211/5418
f 1723/1210/5419 1722/1209/5420 1720/1208/5421
f 1713/1201/5422 1722/1209/5423 1725/1212/5424
f 1724/1211/5418 1725/1212/5425 1722/1209/5416
f 1725/1212/5426 1724/1211/5427 1726/1213/5428
f 1712/1200/5429 1725/1212/5430 1727/1214/5431
f 1725/1212/5424 1712/1200/5432 1713/1201/5422
f 1726/1213/5428 1727/1214/5433 1725/1212/5426
f 1727/1214/5434 1726/1213/5435 1729/1215/5436
f 1728/1216/5437 1727/1214/5438 1730/1217/5439
f 1727/1214/5431 1728/1216/5429 1712/1200/5429
f 1729/1215/5436 1730/1217/5434 1727/1214/5434
f 1730/1217/5440 1729/1215/5441 1732/1218/5442
f 1731/242/5443 1730/1217/5444 1733/241/5445
f 1730/1217/5439 1731/242/5446 1728/1216/5437
f 1732/1218/5442 1733/241/5440 1730/1217/5440
f 1733/241/5447 1732/1218/5448 1735/1219/5449
f 1734/239/5450 1733/241/5451 1736/238/5452
f 1733/241/5445 1734/239/5445 1731/242/5443
f 1735/1219/5449 1736/238/5453 1733/241/5447
f 1737/236/5454 1736/238/5455 1739/233/5456
f 1736/238/5452 1737/236/5450 1734/239/5450
f 1738/1220/5457 1739/233/5458 1736/238/5459
f 1736/238/5459 1735/1219/5457 1738/1220/5457
f 1739/233/5456 1740/235/5460 1737/236/5454
f 1739/233/5461 1738/1220/5462 1741/231/5463
f 1740/235/5464 1739/233/5465 1742/232/5466
f 1741/231/5463 1742/232/5467 1739/233/5461
f 1742/232/5466 1743/234/5464 1740/235/5464
f 1744/227/5468 1742/232/5469 1741/231/5470
f 1745/228/5471 1743/234/5472 1742/232/5473
f 1742/232/5473 1744/227/5474 1745/228/5471
f 1682/225/5475 1745/228/5476 1744/227/5477
f 1683/1189/5478 1746/1190/5479 1745/228/5480
f 1743/234/5481 1745/228/5482 1746/1190/5483
f 1745/228/5480 1682/225/5484 1683/1189/5478
f 1747/1191/5485 1746/1190/5485 1685/257/5486
f 1746/1190/5483 1747/1191/5487 1743/234/5481
f 1685/257/5332 1746/1190/5488 1683/1189/5330
f 1747/1191/5489 1748/237/5490 1740/235/5491
f 1740/235/5491 1743/234/5492 1747/1191/5489
f 1685/257/5486 1687/255/5493 1747/1191/5485
f 1748/237/5494 1747/1191/5495 1687/255/5496
f 1737/236/5497 1740/235/5497 1748/237/5498
f 1748/237/5498 1749/240/5498 1737/236/5497
f 1687/255/5496 1689/252/5499 1748/237/5494
f 1749/240/5500 1748/237/5500 1689/252/5500
f 1737/236/5501 1749/240/5502 1750/243/5502
f 1689/252/5500 1692/249/5500 1749/240/5500
f 1749/240/5503 1692/249/5504 1697/247/5505
f 1697/247/5505 1750/243/5504 1749/240/5503
f 1750/243/5502 1734/239/5506 1737/236/5501
f 1731/242/5507 1734/239/5508 1750/243/5509
f 1750/243/5509 1707/244/5510 1731/242/5507
f 1750/243/5511 1697/247/5512 1701/245/5513
f 1701/245/5513 1707/244/5514 1750/243/5511
f 1752/224/5515 1744/227/5516 1751/230/5517
f 1741/231/5470 1751/230/5518 1744/227/5468
f 1744/227/5477 1752/224/5519 1682/225/5475
f 1678/223/5520 1752/224/5521 1753/229/5522
f 1751/230/5517 1753/229/5523 1752/224/5515
f 1680/226/5524 1682/225/5525 1752/224/5526
f 1752/224/5526 1678/223/5527 1680/226/5524
f 153/154/5528 1753/229/5529 1754/221/5530
f 1755/220/5531 1754/221/5532 1753/229/5533
f 1753/229/5533 1751/230/5534 1755/220/5531
f 1753/229/5522 153/154/5535 1678/223/5520
f 1755/220/5536 1756/218/5537 1757/219/5538
f 1756/218/5539 1755/220/5540 1758/217/5541
f 1758/217/5542 1755/220/5543 1751/230/5544
f 1757/219/5538 1754/221/5545 1755/220/5536
f 1758/217/5541 1759/216/5546 1756/218/5539
f 1759/216/5547 1758/217/5548 1760/215/5549
f 1751/230/5544 1741/231/5550 1758/217/5542
f 1758/217/5551 1741/231/5552 1738/1220/5553
f 1738/1220/5553 1760/215/5554 1758/217/5551
f 1760/215/5549 1761/213/5555 1759/216/5547
f 1761/213/5556 1760/215/5557 1762/214/5558
f 1762/214/5559 1760/215/5560 1738/1220/5561
f 1762/214/5562 1735/1219/5563 1732/1218/5563
f 1732/1218/5563 1764/1221/5564 1762/214/5562
f 1762/214/5558 1763/212/5565 1761/213/5556
f 1763/212/5566 1762/214/5567 1764/1221/5568
f 1738/1220/5561 1735/1219/5569 1762/214/5559
f 1729/1215/5570 1765/1222/5571 1764/1221/5572
f 1766/210/5573 1764/1221/5574 1765/1222/5575
f 1764/1221/5572 1732/1218/5576 1729/1215/5570
f 1764/1221/5568 1766/210/5577 1763/212/5566
f 1765/1222/5575 1769/1223/5574 1766/210/5573
f 1766/210/5578 1767/208/5579 1768/209/5580
f 1767/208/5581 1766/210/5582 1769/1223/5583
f 1768/209/5580 1763/212/5584 1766/210/5578
f 1770/1224/5585 1769/1223/5586 1765/1222/5587
f 1769/1223/5588 1770/1224/5589 1772/1225/5590
f 1769/1223/5583 1771/211/5591 1767/208/5581
f 1772/1225/5590 1771/211/5592 1769/1223/5588
f 1772/1225/5593 1776/1226/5594 1773/1227/5595
f 1773/1227/5595 1775/1228/5596 1772/1225/5593
f 1772/1225/5597 1770/1224/5598 1774/1229/5599
f 1774/1229/5599 1776/1226/5600 1772/1225/5597
f 1772/1225/5601 1775/1228/5602 1777/1230/5603
f 1777/1230/5603 1771/211/5604 1772/1225/5601
f 1778/1231/5605 1777/1230/5606 1775/1228/5607
f 1779/207/5608 1777/1230/5609 1778/1231/5610
f 1767/208/5611 1771/211/5612 1777/1230/5613
f 1777/1230/5613 1779/207/5613 1767/208/5611
f 1778/1231/5610 1780/206/5614 1779/207/5608
f 1781/205/5615 1779/207/5616 1780/206/5617
f 1768/209/5618 1767/208/5619 1779/207/5620
f 1779/207/5620 1781/205/5621 1768/209/5618
f 1768/209/5622 1781/205/5623 1782/201/5624
f 1782/201/5625 1781/205/5626 1783/204/5627
f 1780/206/5617 1783/204/5628 1781/205/5615
f 1784/197/5629 1787/199/5630 1783/1232/5631
f 1783/1232/5631 1786/1233/5632 1784/197/5629
f 1783/1232/5633 1780/1234/5634 1785/1235/5635
f 1785/1235/5635 1786/1233/5636 1783/1232/5633
f 1783/204/5627 1787/200/5637 1782/201/5625
f 1787/199/5638 1784/197/5639 130/127/5640
f 130/127/5640 131/128/5641 1787/199/5638
f 1787/200/5642 131/129/5643 134/132/5644
f 134/132/5644 1782/201/5645 1787/200/5642
f 1790/196/5646 1784/197/5647 1786/1233/5648
f 1788/1236/5649 1789/198/5650 1786/1233/5651
f 1786/1233/5651 1785/1235/5652 1788/1236/5649
f 1786/1233/5648 1789/198/5653 1790/196/5646
f 130/127/5654 1784/197/5655 1790/196/5656
f 1790/196/5656 1791/193/5657 130/127/5654
f 1792/194/5658 1791/193/5659 1790/196/5660
f 1790/196/5660 1793/195/5661 1792/194/5658
f 1793/195/5662 1790/196/5663 1789/198/5664
f 1795/100/5665 102/102/5666 1793/195/5667
f 1792/194/5668 1793/195/5669 102/102/5670
f 1789/198/5664 1794/97/5671 1793/195/5662
f 1793/195/5667 1794/97/5672 1795/100/5665
f 102/102/236 1795/100/5673 96/99/234
f 96/99/5674 1795/100/5675 1796/95/5676
f 1796/95/5677 1795/100/5678 1794/97/5679
f 1797/94/5680 1798/92/5681 1796/95/5682
f 1796/95/5682 1799/96/5683 1797/94/5680
f 1800/98/5684 1796/95/5685 1798/92/5686
f 1794/97/5679 1799/96/5687 1796/95/5677
f 1796/95/5676 1800/98/5688 96/99/5674
f 1798/92/5686 1801/93/5689 1800/98/5684
f 92/98/5690 1800/98/5691 1801/93/5692
f 96/99/220 1800/98/5693 92/98/218
f 86/93/191 1801/93/5694 87/89/189
f 87/89/5695 1801/93/5696 1798/92/5697
f 1801/93/5692 86/93/5698 92/98/5690
f 1799/96/5699 1788/1236/5700 1802/1237/5701
f 1802/1237/5701 1797/94/5702 1799/96/5699
f 1789/198/5703 1788/1236/5704 1799/96/5705
f 1799/96/5705 1794/97/5706 1789/198/5703
f 1804/1238/5707 1802/1237/5708 1788/1236/5709
f 1797/94/5710 1802/1237/5711 1803/1239/5712
f 1803/1239/5713 1802/1237/5714 1804/1238/5715
f 1804/1238/5715 1805/1240/5716 1803/1239/5713
f 1806/1241/5717 1805/1240/5718 1804/1238/5719
f 1788/1236/5709 1785/1235/5720 1804/1238/5707
f 1778/1242/5721 1804/1238/5722 1785/1235/5723
f 1804/1238/5719 1778/1242/5724 1806/1241/5717
f 1807/1243/5725 1806/1244/5726 1775/1228/5727
f 1806/1241/5728 1807/1245/5729 1808/1246/5730
f 1775/1228/5607 1806/1244/5731 1778/1231/5605
f 1808/1246/5730 1805/1240/5732 1806/1241/5728
f 1810/1247/5733 1809/1248/5734 1808/1246/5735
f 1332/1129/5736 1808/1246/5737 1809/1248/5738
f 1808/1246/5739 1332/1129/5740 1803/1239/5741
f 1803/1239/5741 1805/1240/5742 1808/1246/5739
f 1808/1246/5735 1807/1245/5743 1810/1247/5733
f 1809/1248/5744 1810/1247/5745 1811/1249/5746
f 1811/1250/5747 1810/1251/5748 1812/1252/5749
f 1812/1252/5750 1810/1251/5751 1807/1243/5752
f 1776/1226/5753 1813/1253/5754 1812/1252/5755
f 1814/1254/5756 1812/1252/5757 1813/1253/5758
f 1807/1243/5752 1773/1227/5759 1812/1252/5750
f 1812/1252/5749 1814/1254/5760 1811/1250/5747
f 1812/1252/5755 1773/1227/5761 1776/1226/5753
f 1813/1253/5758 1815/1255/5762 1814/1254/5756
f 1816/1256/5763 1814/1254/5764 1815/1255/5765
f 1814/1254/5766 1816/1256/5767 1817/1257/5768
f 1817/1257/5768 1811/1250/5769 1814/1254/5766
f 1818/1258/5770 1817/1257/5771 1816/1256/5772
f 1819/1/5773 1817/1259/5774 1818/1260/5775
f 1811/1249/5776 1817/1259/5777 1819/1/5778
f 1818/1260/5775 1820/4/5779 1819/1/5773
f 1821/2/5780 1819/1/5781 1820/4/5782
f 1822/1261/5783 1819/1/5784 1821/2/5785
f 1819/1/5778 1822/1261/5786 1811/1249/5776
f 1811/1249/5746 1822/1261/5787 1809/1248/5744
f 1809/1248/5788 1822/1261/5789 1823/1262/5790
f 1821/2/5785 1823/1262/5791 1822/1261/5783
f 1334/1130/5792 1823/1262/5793 1821/2/5794
f 1823/1262/5790 1331/1127/5795 1809/1248/5788
f 1331/1127/4183 1823/1262/5796 1334/1130/4181
f 1820/4/5782 1824/3/5797 1821/2/5780
f 1821/2/5798 1824/3/5799 1825/6/5800
f 1825/6/5800 1337/1134/5801 1821/2/5798
f 1821/2/5794 1337/1134/5802 1334/1130/5792
f 1336/1133/5803 1337/1134/5804 1825/6/5805
f 1825/6/5805 1826/1263/5806 1336/1133/5803
f 1826/1263/5807 1825/6/5808 1828/11/5809
f 1827/5/5810 1828/11/5811 1825/6/5812
f 1825/6/5812 1824/3/5813 1827/5/5810
f 1828/13/5814 1827/9/5815 1830/12/5816
f 1828/11/5809 1829/1264/5817 1826/1263/5807
f 1829/1265/5818 1828/13/5819 1831/14/5820
f 1830/12/5816 1831/14/5821 1828/13/5814
f 1833/15/5822 1832/17/5823 1831/14/5824
f 1834/18/5825 1831/14/5826 1832/17/5827
f 1831/14/5824 1830/12/5828 1833/15/5822
f 1831/14/5820 1834/18/5829 1829/1265/5818
f 1832/17/5827 1373/19/5830 1834/18/5825
f 1367/22/4294 1834/18/5831 1373/19/4295
f 1829/1265/5832 1834/18/5833 1367/22/4287
f 1836/16/5834 1833/15/5835 1830/12/5836
f 1837/1266/5837 1835/1267/5838 1833/15/5839
f 1832/17/5840 1833/15/5841 1835/1267/5842
f 1833/15/5839 1836/16/5843 1837/1266/5837
f 1837/1266/5844 1836/16/5845 1838/1268/5846
f 1382/1152/5847 1837/1266/5848 1839/1269/5849
f 1837/1266/5850 1382/1152/5851 1379/1149/5852
f 1379/1149/5852 1835/1267/5853 1837/1266/5850
f 1838/1268/5846 1839/1269/5854 1837/1266/5844
f 1839/1269/5855 1840/1270/5855 1841/1271/5856
f 1840/1270/5857 1839/1269/5858 1838/1268/5859
f 1841/1271/5856 1842/1272/5860 1839/1269/5855
f 1839/1269/5849 1842/1272/5861 1382/1152/5847
f 1842/1272/5862 1841/1271/5863 1843/1273/5864
f 1843/1273/5864 1386/1158/5865 1842/1272/5862
f 1382/1152/5866 1842/1272/5867 1386/1158/5868
f 1844/1274/5869 1845/1275/5870 1843/1273/5871
f 1843/1273/5871 1841/1271/5872 1844/1274/5869
f 1843/1273/5873 1845/1275/5873 1719/1207/5874
f 1719/1207/5874 1846/1276/5874 1843/1273/5873
f 1386/1158/5875 1843/1273/5876 1846/1276/5877
f 1846/1276/5878 1719/1207/5879 1721/1206/5878
f 1721/1206/5878 1847/1277/5878 1846/1276/5878
f 1387/1159/5880 1846/1276/5880 1847/1277/5881
f 1846/1276/5877 1387/1159/5882 1386/1158/5875
f 1717/1204/5883 1848/1278/5883 1847/1277/5884
f 1847/1277/5884 1721/1206/5885 1717/1204/5883
f 1847/1277/5886 1848/1278/5887 1391/1163/5888
f 1847/1277/5881 1390/1162/5889 1387/1159/5880
f 1391/1163/5888 1390/1162/5890 1847/1277/5886
f 1849/1279/5891 1848/1278/5892 1717/1204/5893
f 1848/1278/5894 1849/1279/5895 1397/1166/5896
f 1397/1166/5896 1391/1163/5897 1848/1278/5894
f 1717/1204/5893 1850/1280/5898 1849/1279/5891
f 1400/755/5899 1849/1279/5900 1850/1280/5901
f 1397/1166/4366 1849/1279/5902 1400/755/4364
f 1716/1203/5405 1850/1280/5903 1717/1204/5403
f 1850/1280/5901 1851/751/5904 1400/755/5899
f 1852/749/5905 1851/751/5906 1850/1280/5907
f 1850/1280/5907 1716/1203/5907 1852/749/5905
f 1710/748/5908 1852/749/5909 1716/1203/5910
f 1853/750/5911 1852/749/5912 1710/748/5913
f 1851/751/5914 1852/749/5915 1853/750/5916
f 1853/750/5917 1565/728/5918 1564/726/5919
f 1564/726/5919 1855/752/5920 1853/750/5917
f 1568/731/5921 1565/728/5922 1853/750/5923
f 1710/748/5913 1854/735/5924 1853/750/5911
f 1853/750/5923 1854/735/5925 1568/731/5921
f 1853/750/5916 1855/752/5926 1851/751/5914
f 1400/755/5927 1851/751/5928 1855/752/5929
f 1855/752/5929 1399/753/5930 1400/755/5927
f 1856/725/5931 1399/753/5932 1855/752/5933
f 1855/752/5933 1564/726/5934 1856/725/5931
f 1399/753/4371 1856/725/5935 1402/756/4369
f 1562/723/4829 1856/725/5936 1564/726/4827
f 1402/756/5937 1856/725/5938 1562/723/5939
f 1854/735/5940 1710/748/5941 1704/745/5942
f 1570/732/5943 1568/731/5944 1854/735/5945
f 1704/745/5942 1857/733/5946 1854/735/5940
f 1854/735/5945 1857/733/5947 1570/732/5943
f 1700/736/5374 1857/733/5948 1704/745/5373
f 1570/732/5949 1857/733/5950 1700/736/5951
f 1845/1275/5952 1844/1274/5953 1858/1281/5954
f 1720/1208/5955 1719/1207/5956 1845/1275/5957
f 1858/1281/5954 1859/1282/5958 1845/1275/5952
f 1845/1275/5957 1859/1282/5959 1720/1208/5955
f 1723/1210/5960 1859/1282/5961 1858/1281/5962
f 1720/1208/5421 1859/1282/5963 1723/1210/5419
f 1860/1283/5964 1858/1281/5965 1844/1274/5966
f 1858/1281/5967 1860/1283/5968 1861/1284/5969
f 1861/1284/5969 1862/1285/5970 1858/1281/5967
f 1858/1281/5962 1862/1285/5971 1723/1210/5960
f 1862/1285/5972 1861/1284/5973 1774/1229/5974
f 1724/1211/5975 1723/1210/5976 1862/1285/5977
f 1774/1229/5974 1863/1286/5978 1862/1285/5972
f 1862/1285/5977 1863/1286/5979 1724/1211/5975
f 1863/1286/5980 1774/1229/5981 1770/1224/5982
f 1726/1213/5983 1724/1211/5984 1863/1286/5985
f 1770/1224/5982 1864/1287/5986 1863/1286/5980
f 1863/1286/5985 1864/1287/5987 1726/1213/5983
f 1765/1222/5587 1864/1287/5988 1770/1224/5585
f 1729/1215/5989 1726/1213/5990 1864/1287/5991
f 1864/1287/5991 1765/1222/5992 1729/1215/5989
f 1861/1284/5993 1813/1253/5994 1776/1226/5995
f 1813/1253/5996 1861/1284/5997 1860/1283/5998
f 1776/1226/5995 1774/1229/5999 1861/1284/5993
f 1844/1274/5966 1865/1288/6000 1860/1283/5964
f 1860/1283/5998 1815/1255/6001 1813/1253/5996
f 1815/1255/6002 1860/1283/6003 1865/1288/6004
f 1865/1288/6004 1866/1289/6005 1815/1255/6002
f 1867/1290/6006 1866/1289/6007 1865/1288/6008
f 1865/1288/6008 1840/1270/6008 1867/1290/6006
f 1840/1270/6009 1865/1288/6010 1844/1274/6011
f 1867/1290/6012 1868/1291/6013 1816/1256/6014
f 1816/1256/6014 1866/1289/6015 1867/1290/6012
f 1869/1292/6016 1868/1291/6017 1867/1290/6018
f 1838/1268/5859 1867/1290/6019 1840/1270/5857
f 1867/1290/6018 1838/1268/6020 1869/1292/6016
f 1818/1258/6021 1868/1291/6022 1869/1292/6023
f 1869/1292/6023 1870/1293/6024 1818/1258/6021
f 1872/8/6025 1870/1293/6026 1869/1292/6027
f 1871/7/6028 1869/1292/6029 1838/1268/6030
f 1869/1292/6027 1871/7/6031 1872/8/6025
f 1870/1294/6032 1872/10/6033 1820/4/6034
f 1820/4/6035 1872/10/6036 1827/5/6037
f 1827/9/6038 1872/8/6039 1871/7/6040
f 1838/1268/6030 1836/16/6041 1871/7/6028
f 1830/12/5836 1871/7/6042 1836/16/5834
f 1871/7/6040 1830/12/6043 1827/9/6038
f 1820/4/6034 1818/1260/6044 1870/1294/6032
f 1816/1256/5772 1868/1291/6045 1818/1258/5770
f 1815/1255/5765 1866/1289/6046 1816/1256/5763
f 1844/1274/6011 1841/1271/6047 1840/1270/6009
f 1835/1267/5842 1376/27/6048 1832/17/5840
f 1376/27/4309 1835/1267/6049 1379/1149/4307
f 1373/19/4300 1832/17/6050 1376/27/4301
f 1363/1139/6051 1826/1263/6052 1829/1264/6053
f 1829/1264/6053 1364/1140/6054 1363/1139/6051
f 1367/22/4287 1364/1146/4288 1829/1265/5832
f 1827/5/6037 1824/3/6055 1820/4/6035
f 1339/1135/6056 1336/1133/6057 1826/1263/6058
f 1826/1263/6058 1363/1139/6059 1339/1135/6056
f 1809/1248/5738 1331/1127/6060 1332/1129/5736
f 1775/1228/5727 1773/1227/6061 1807/1243/5725
f 1329/1125/4179 1803/1239/6062 1332/1129/4177
f 1803/1239/5712 1329/1125/6063 1797/94/5710
f 1798/92/6064 1797/94/6065 1329/1125/6066
f 1329/1125/6066 1325/91/6067 1798/92/6064
f 1798/92/5697 1325/91/6068 87/89/5695
f 1791/193/6069 1792/194/6070 122/116/6071
f 102/102/5670 103/103/6072 1792/194/5668
f 122/116/6073 1792/194/6074 103/103/6075
f 127/121/6076 130/127/6077 1791/193/6078
f 122/116/6071 121/115/6079 1791/193/6069
f 1791/193/6078 121/115/6080 127/121/6076
f 1785/1235/5723 1780/1234/6081 1778/1242/5721
f 1873/203/6082 1782/201/6083 134/132/6084
f 1782/201/5624 1873/203/6085 1768/209/5622
f 1761/213/6086 1873/203/6087 1874/202/6088
f 1873/203/6089 1761/213/6090 1763/212/6091
f 134/132/6084 1874/202/6092 1873/203/6082
f 1763/212/6091 1768/209/6093 1873/203/6089
f 133/130/330 1874/202/6094 134/132/328
f 1759/216/6095 1874/202/6096 133/130/6097
f 1874/202/6088 1759/216/6098 1761/213/6086
f 133/130/6097 1756/218/6099 1759/216/6095
f 148/148/6100 1757/219/6101 136/133/6102
f 136/133/6103 1757/219/6104 1756/218/6105
f 152/151/6106 1754/221/6107 1757/219/6108
f 1757/219/6108 148/148/6109 152/151/6106
f 1756/218/6105 133/130/6110 136/133/6103
f 1754/221/5530 152/151/6111 153/154/5528
f 1731/242/6112 1707/244/6113 1706/246/6112
f 1706/246/6112 1728/1216/6114 1731/242/6112
f 1712/1200/5394 1728/1216/6115 1706/246/5392
f 1716/1203/5910 1709/747/6116 1710/748/5908
f 1571/734/6117 1700/736/6118 1702/738/6119
f 1702/738/6119 1573/737/6117 1571/734/6117
f 1581/739/6120 1573/737/6121 1702/738/6122
f 1702/738/6122 1698/740/6123 1581/739/6120
f 1700/736/5951 1571/734/6124 1570/732/5949
f 1580/741/6125 1581/739/6125 1698/740/6126
f 1698/740/6126 1695/251/6127 1580/741/6125
f 1583/655/6128 1580/741/6128 1695/251/6129
f 1695/251/6129 1693/254/6129 1583/655/6128
f 1583/655/6130 1693/254/6130 1690/259/6130
f 1584/654/4911 1690/259/6131 1587/262/4909
f 1690/259/6130 1584/654/6130 1583/655/6130
f 1598/1168/6132 1597/266/6133 1679/1185/6134
f 1679/1185/6134 1675/1186/6135 1598/1168/6132
f 1677/222/6136 1678/223/6137 153/154/6138
f 156/159/392 1677/222/6139 151/153/390
f 153/154/6138 151/153/6140 1677/222/6136
f 1598/1169/6141 1675/1183/6142 1673/1192/6143
f 1875/1193/6144 1673/1192/6145 1610/1175/6145
f 1673/1192/6143 1875/1193/6146 1598/1169/6141
f 1598/1169/4950 1875/1193/6147 1600/273/4949
f 1604/282/6148 1600/273/6149 1875/1193/6150
f 1875/1193/6150 1608/1173/6151 1604/282/6148
f 1610/1175/6145 1608/1173/6152 1875/1193/6144
f 1606/1172/5110 1609/1174/6153 1613/1174/5108
f 312/288/5106 315/288/6154 1606/1172/5104
f 1606/1172/4975 315/288/6155 1603/283/4978
f 314/284/885 1603/283/6156 315/288/883
f 1591/268/6157 1596/271/6157 336/276/6158
f 1593/261/5341 1588/265/6159 1587/262/5339
f 336/276/6158 334/272/6160 1591/268/6157
f 1573/737/4866 1581/739/6161 1575/660/4864
f 1578/658/4879 349/320/6162 352/322/4877
f 349/320/981 1578/658/6163 350/321/979
f 1876/724/6164 1562/723/6165 1559/680/6166
f 1562/723/5939 1876/724/6167 1402/756/5937
f 1877/758/6168 1876/724/6169 1558/722/6170
f 1559/680/6166 1558/722/6171 1876/724/6164
f 1876/724/6172 1877/758/6172 1403/757/6173
f 1403/757/6173 1402/756/6174 1876/724/6172
f 1558/722/6170 1878/717/6175 1877/758/6168
f 1403/757/6176 1877/758/6177 1879/760/6178
f 1877/758/6179 1878/717/6180 1880/718/6181
f 1880/718/6181 1879/760/6182 1877/758/6179
f 1548/712/6183 1547/814/6184 1880/718/6185
f 1879/760/6186 1880/718/6187 1547/814/6188
f 1880/718/6185 1551/716/6189 1548/712/6183
f 1555/719/6190 1551/716/6191 1880/718/6192
f 1880/718/6192 1878/717/6193 1555/719/6190
f 1547/814/6188 1881/813/6194 1879/760/6186
f 1879/760/6178 1407/759/6195 1403/757/6176
f 1407/759/6196 1879/760/6197 1881/813/6198
f 1419/811/6199 1881/813/6200 1547/814/6201
f 1881/813/6202 1419/811/6202 1413/812/6203
f 1881/813/6198 1410/764/6204 1407/759/6196
f 1413/812/6203 1410/764/6205 1881/813/6202
f 1555/719/4805 1878/717/6206 1558/722/4803
f 1550/714/4794 1551/716/6207 1555/719/4792
f 1524/688/4674 1553/687/6208 1523/689/4672
f 1547/814/6201 1546/711/6209 1419/811/6199
f 1418/809/6210 1419/811/6211 1546/711/6212
f 1546/711/6212 1543/810/6213 1418/809/6210
f 1543/810/6213 1544/808/6214 1422/807/6215
f 1425/805/6216 1422/807/6215 1544/808/6214
f 1544/808/6214 1473/806/6217 1425/805/6216
f 1473/806/4520 1544/808/4755 1474/709/4519
f 1422/807/6215 1418/809/6210 1543/810/6213
f 1528/693/4787 1529/694/6218 1534/696/4785
f 1489/592/6219 1532/700/6220 1497/600/6221
f 1495/601/4708 1497/600/6222 1532/700/4706
f 1502/702/6223 1526/691/6224 1518/690/6225
f 1518/690/6225 1504/704/6226 1502/702/6223
f 1508/611/6227 1507/612/6228 352/322/6229
f 352/322/6229 353/323/6230 1508/611/6227
f 357/330/1001 1508/608/6231 353/325/999
f 1508/608/4629 357/330/6232 1501/605/4627
f 356/329/6233 364/336/6234 1501/605/6235
f 1501/605/6235 357/330/6236 356/329/6233
f 1500/703/4701 1496/602/6237 1495/601/4699
f 1497/600/6221 1490/595/6238 1489/592/6219
f 1491/594/4737 1484/565/6239 1479/591/4735
f 1485/562/6240 1883/561/6241 1882/569/6242
f 1882/569/6242 1482/568/6243 1485/562/6240
f 1883/561/6244 1485/562/6245 404/361/6246
f 1883/561/6247 1885/559/6248 1884/573/6249
f 1884/573/6249 1882/569/6250 1883/561/6247
f 1885/559/6251 1883/561/6252 403/360/6253
f 404/361/6246 403/360/6254 1883/561/6244
f 1886/848/6255 1884/573/6256 1885/559/6257
f 1885/559/6257 1887/560/6258 1886/848/6255
f 1887/560/6259 1885/559/6260 406/362/6261
f 403/360/6253 406/362/6262 1885/559/6251
f 1887/560/6263 1889/847/6264 1888/839/6265
f 1888/839/6265 1886/848/6266 1887/560/6263
f 1889/847/6267 1887/560/6268 414/370/6269
f 406/362/6261 414/370/6270 1887/560/6259
f 1889/847/6271 1891/845/6272 1890/842/6273
f 1890/842/6273 1888/839/6274 1889/847/6271
f 414/370/6269 413/369/6275 1889/847/6267
f 1891/845/6276 1889/847/6277 413/369/6278
f 1892/841/6279 1890/842/6280 1891/845/6281
f 1891/845/6281 1893/844/6282 1892/841/6279
f 1893/844/6283 1891/845/6284 416/372/6285
f 413/369/6278 416/372/6286 1891/845/6276
f 416/372/6285 1894/846/6287 1893/844/6283
f 1893/844/6288 1894/846/6289 1897/854/6290
f 1895/858/6291 1892/841/6292 1893/844/6293
f 1893/844/6293 1896/857/6294 1895/858/6291
f 1897/854/6290 1896/857/6295 1893/844/6288
f 1897/854/6296 1894/846/6297 1898/849/6298
f 1902/861/6299 1896/856/6300 1897/853/6301
f 1898/849/6298 1899/851/6302 1897/854/6296
f 1897/853/6303 1899/852/6304 1900/537/6305
f 1900/537/6305 1901/855/6306 1897/853/6303
f 1897/853/6301 1901/855/6307 1902/861/6299
f 1902/861/6308 1903/860/6309 1895/859/6310
f 1903/860/6311 1902/861/6312 1904/526/6313
f 1895/859/6310 1896/856/6314 1902/861/6308
f 1905/529/6315 1904/526/6316 1902/861/6317
f 1902/861/6317 1901/855/6318 1905/529/6315
f 1907/534/6319 1905/529/6320 1901/855/6321
f 1908/532/6322 1906/531/6323 1905/529/6324
f 1904/526/6325 1905/529/6326 1906/531/6327
f 1905/529/6324 1907/534/6328 1908/532/6322
f 1910/535/6329 1908/532/6330 1907/534/6331
f 1911/480/6332 1909/484/6333 1908/532/6334
f 1906/531/6335 1908/532/6336 1909/484/6337
f 1908/532/6334 1910/535/6338 1911/480/6332
f 1913/479/6339 1911/480/6340 1910/535/6341
f 1914/460/6342 1912/481/6343 1911/480/6344
f 1909/484/6345 1911/480/6346 1912/481/6347
f 1911/480/6344 1913/479/6348 1914/460/6342
f 1916/458/6349 1914/460/6350 1913/479/6351
f 1917/456/6352 1915/461/6352 1914/460/6353
f 1912/481/6354 1914/460/6354 1915/461/6355
f 1914/460/6353 1916/458/6356 1917/456/6352
f 1918/454/6357 1917/456/6357 1916/458/6358
f 1232/451/6359 1235/457/6360 1917/456/6361
f 1915/461/6362 1917/456/6363 1235/457/6364
f 1917/456/6361 1918/454/6365 1232/451/6359
f 1920/453/6366 1918/454/6367 1919/459/6367
f 1916/458/6358 1919/459/6368 1918/454/6357
f 1231/450/6369 1232/451/6370 1918/454/6371
f 1918/454/6371 1920/453/6371 1231/450/6369
f 1922/445/6372 1920/453/6373 1921/455/6374
f 1919/459/6367 1921/455/6375 1920/453/6366
f 1231/450/6376 1920/453/6377 1922/445/6378
f 1223/443/6379 1922/445/6380 1923/444/6381
f 1921/455/6374 1923/444/6374 1922/445/6372
f 1226/447/3882 1922/445/6382 1223/443/3880
f 1922/445/6378 1226/447/6377 1231/450/6376
f 1923/444/6383 1924/468/6384 1925/470/6384
f 1924/468/6385 1923/444/6386 1921/455/6386
f 1925/470/6384 1219/441/6387 1923/444/6383
f 1923/444/6381 1219/441/6388 1223/443/6379
f 1926/469/6389 1925/470/6390 1924/468/6390
f 1925/470/6391 1926/469/6392 1927/435/6392
f 1219/441/3869 1925/470/6393 1220/436/3868
f 1927/435/6392 1220/436/6394 1925/470/6391
f 1930/434/6395 1927/435/6396 1928/424/6397
f 1929/422/6398 1928/424/6399 1927/435/6400
f 1927/435/6400 1926/469/6401 1929/422/6398
f 1220/436/6402 1927/435/6403 1930/434/6403
f 1213/433/6404 1930/434/6405 1931/429/6406
f 1928/424/6397 1931/429/6407 1930/434/6395
f 1214/437/3850 1930/434/6408 1213/433/3848
f 1930/434/6403 1214/437/6409 1220/436/6402
f 1931/429/6410 1932/425/6411 1933/427/6412
f 1932/425/6413 1931/429/6414 1928/424/6415
f 1933/427/6412 1934/432/6416 1931/429/6410
f 1931/429/6406 1934/432/6417 1213/433/6404
f 1935/431/6418 1934/432/6419 1933/427/6420
f 1207/1040/6421 1213/433/6422 1934/432/6423
f 1934/432/6423 1935/431/6424 1207/1040/6421
f 1933/427/6420 1936/430/6425 1935/431/6418
f 1937/1042/6426 1935/1043/6427 1936/1047/6428
f 1207/1041/6429 1935/1043/6430 1937/1042/6431
f 1937/1042/6431 1206/1031/6432 1207/1041/6429
f 1206/1031/6433 1937/1042/6434 1194/1025/6435
f 1193/1044/6436 1194/1025/6437 1937/1042/6438
f 1937/1042/6438 1938/1045/6439 1193/1044/6436
f 1936/1047/6428 1938/1045/6440 1937/1042/6426
f 1193/1044/6441 1938/1045/6442 1939/1046/6443
f 1939/1046/6444 1938/1045/6445 1936/1047/6446
f 1939/1046/6443 457/406/6447 1193/1044/6441
f 454/402/6448 457/406/6449 1939/1046/6450
f 1936/1047/6446 1940/1048/6451 1939/1046/6444
f 1939/1046/6452 1940/1048/6453 1941/1049/6454
f 1941/1049/6454 1942/410/6455 1939/1046/6452
f 1939/1046/6450 1942/410/6456 454/402/6448
f 1942/410/6457 1943/409/6458 453/401/6459
f 453/401/6459 454/402/6460 1942/410/6457
f 1944/1295/6461 1943/409/6462 1942/410/6463
f 1942/410/6463 1941/1049/6464 1944/1295/6461
f 1932/425/6465 1944/426/6466 1941/428/6467
f 1945/416/6468 1944/426/6469 1932/425/6470
f 1944/1295/6471 1945/412/6472 1946/411/6473
f 1946/411/6473 1943/409/6474 1944/1295/6471
f 1948/557/6475 1947/408/6476 1946/411/6477
f 1943/409/6478 1946/411/6479 1947/408/6480
f 1946/411/6477 1949/413/6481 1948/557/6475
f 1949/413/6482 1946/411/6483 1945/412/6484
f 1950/556/6485 1948/557/6486 1949/413/6487
f 1949/413/6487 1951/553/6488 1950/556/6485
f 1953/415/6489 1951/553/6490 1949/413/6491
f 1945/412/6484 1952/414/6492 1949/413/6482
f 1949/413/6491 1952/414/6493 1953/415/6489
f 1953/419/6494 1952/417/6495 1955/418/6496
f 1951/553/6497 1953/415/6498 1954/550/6499
f 1957/472/6500 1954/549/6501 1953/419/6502
f 1955/418/6496 1956/420/6503 1953/419/6494
f 1953/419/6502 1956/420/6504 1957/472/6500
f 1954/549/6505 1957/472/6506 1958/474/6507
f 1958/474/6508 1957/472/6509 1959/471/6510
f 1959/471/6511 1957/472/6512 1956/420/6513
f 1959/471/6510 1963/473/6514 1958/474/6508
f 1962/467/6515 1960/464/6516 1959/471/6517
f 1963/473/6518 1959/471/6519 1960/464/6520
f 1956/420/6513 1961/421/6521 1959/471/6511
f 1959/471/6517 1961/421/6522 1962/467/6515
f 1964/543/6523 1958/474/6524 1963/473/6525
f 1963/473/6525 1965/475/6526 1964/543/6523
f 1965/475/6527 1963/473/6528 1966/465/6529
f 1960/464/6520 1966/465/6530 1963/473/6518
f 1966/465/6529 1969/476/6531 1965/475/6527
f 1968/466/6532 1967/463/6533 1966/465/6534
f 1969/476/6535 1966/465/6536 1967/463/6537
f 1966/465/6534 1960/464/6534 1968/466/6532
f 1969/476/6538 1972/478/6539 1970/477/6540
f 1970/477/6540 1965/475/6541 1969/476/6538
f 1967/463/6537 1971/462/6542 1969/476/6535
f 1972/478/6543 1969/476/6543 1971/462/6544
f 1973/536/6545 1970/477/6546 1972/478/6547
f 1972/478/6547 1910/535/6548 1973/536/6545
f 1971/462/6544 1913/479/6544 1972/478/6543
f 1910/535/6341 1972/478/6549 1913/479/6339
f 1970/477/6550 1973/536/6551 1974/538/6552
f 1900/537/6553 1974/538/6554 1973/536/6555
f 1907/534/6331 1973/536/6556 1910/535/6329
f 1973/536/6555 1907/534/6557 1900/537/6553
f 1974/538/6558 1977/539/6559 1975/541/6560
f 1975/541/6560 1976/540/6561 1974/538/6558
f 1974/538/6552 1976/540/6562 1970/477/6550
f 1974/538/6563 1900/537/6564 1899/852/6565
f 1899/852/6565 1977/539/6566 1974/538/6563
f 1975/546/6567 1977/850/6568 422/377/6569
f 422/377/6570 1977/850/6571 1899/851/6572
f 1964/543/6573 1976/540/6574 1975/541/6575
f 1965/475/6576 1970/477/6577 1976/540/6578
f 1976/540/6578 1964/543/6579 1965/475/6576
f 1975/546/6580 423/378/6581 1979/545/6582
f 422/377/6569 423/378/6583 1975/546/6567
f 1975/541/6575 1978/542/6584 1964/543/6573
f 1979/545/6582 1978/544/6585 1975/546/6580
f 424/379/1194 1979/545/6586 423/378/1192
f 1980/552/6587 1979/545/6588 424/379/6589
f 1978/544/6590 1979/545/6591 1980/552/6592
f 424/379/6589 427/381/6593 1980/552/6587
f 1980/552/6594 1981/551/6595 1954/550/6596
f 1981/551/6597 1980/552/6598 427/381/6599
f 1954/550/6596 1982/547/6600 1980/552/6594
f 1980/552/6592 1982/547/6601 1978/544/6590
f 1978/542/6602 1982/548/6603 1958/474/6604
f 1958/474/6507 1982/548/6605 1954/549/6505
f 427/381/6599 1983/554/6606 1981/551/6597
f 1951/553/6607 1981/551/6608 1983/554/6609
f 1954/550/6499 1981/551/6610 1951/553/6497
f 428/384/6611 433/388/6612 1983/554/6613
f 1950/556/6614 1983/554/6615 433/388/6616
f 1983/554/6613 427/381/6617 428/384/6611
f 1983/554/6609 1950/556/6618 1951/553/6607
f 1958/474/6604 1964/543/6619 1978/542/6602
f 1919/459/6620 1916/458/6621 1971/462/6622
f 1913/479/6351 1971/462/6623 1916/458/6349
f 1971/462/6622 1967/463/6624 1919/459/6620
f 1968/466/6625 1960/464/6626 1962/467/6626
f 1921/455/6386 1968/466/6385 1924/468/6385
f 1967/463/6627 1968/466/6628 1921/455/6629
f 1962/467/6626 1924/468/6625 1968/466/6625
f 1921/455/6629 1919/459/6630 1967/463/6627
f 1926/469/6631 1962/467/6632 1961/421/6633
f 1924/468/6390 1962/467/6389 1926/469/6389
f 1961/421/6634 1956/420/6635 1955/418/6636
f 1955/418/6636 1929/422/6637 1961/421/6634
f 1961/421/6633 1929/422/6638 1926/469/6631
f 1955/418/6639 1952/417/6640 1945/416/6641
f 1945/416/6641 1984/423/6642 1955/418/6639
f 1929/422/6643 1955/418/6644 1984/423/6645
f 1928/424/6415 1984/423/6646 1932/425/6413
f 1984/423/6645 1928/424/6647 1929/422/6643
f 1932/425/6470 1984/423/6648 1945/416/6468
f 433/388/6616 435/389/6649 1950/556/6614
f 1948/557/6650 1950/556/6651 435/389/6652
f 1947/408/6653 1948/557/6654 437/393/6655
f 435/389/6652 437/393/6656 1948/557/6650
f 453/401/1281 1947/408/6657 451/400/1279
f 1947/408/6480 453/401/6658 1943/409/6478
f 437/393/6655 451/400/6659 1947/408/6653
f 1941/428/6467 1933/427/6660 1932/425/6465
f 1936/430/6661 1933/427/6662 1941/428/6663
f 1941/428/6663 1940/1050/6664 1936/430/6661
f 1915/461/6355 1985/483/6665 1912/481/6354
f 1235/457/6364 1239/1058/6666 1915/461/6362
f 1985/483/6667 1915/461/6668 1239/1058/6669
f 1986/486/6670 1985/483/6670 1988/1296/6671
f 1985/483/6672 1986/486/6673 1987/482/6674
f 1987/482/6674 1912/481/6675 1985/483/6672
f 1239/1058/6669 1988/1296/6669 1985/483/6667
f 1988/1296/6671 1989/1297/6676 1986/486/6670
f 1238/1056/6677 1244/1062/6678 1988/1296/6679
f 1989/1297/6680 1988/1296/6681 1244/1062/6682
f 1988/1296/6679 1239/1058/6683 1238/1056/6677
f 1990/487/6684 1986/486/6684 1989/1297/6685
f 1989/1297/6685 1991/489/6686 1990/487/6684
f 1244/1062/6682 1247/1065/6687 1989/1297/6680
f 1991/489/6688 1989/1297/6689 1247/1065/6690
f 1992/488/6691 1990/487/6692 1991/489/6693
f 1991/489/6693 1993/490/6694 1992/488/6691
f 1247/1065/6690 1250/1068/6695 1991/489/6688
f 1993/490/6696 1991/489/6697 1250/1068/6698
f 1994/494/6699 1992/488/6700 1993/490/6701
f 1993/490/6701 1995/493/6702 1994/494/6699
f 1995/493/6703 1993/490/6704 1253/492/6705
f 1250/1068/6698 1253/492/6706 1993/490/6696
f 1996/510/6707 1994/494/6707 1995/493/6708
f 1995/493/6708 1997/495/6709 1996/510/6707
f 1997/495/6710 1995/493/6711 1256/491/6712
f 1253/492/6705 1256/491/6705 1995/493/6703
f 1998/509/6713 1996/510/6713 1997/495/6714
f 1256/491/6712 1259/496/6715 1997/495/6710
f 1999/508/6716 1997/495/6717 1259/496/6718
f 1997/495/6714 1999/508/6719 1998/509/6713
f 2002/882/6720 1998/509/6720 1999/508/6721
f 1259/496/6718 2000/499/6722 1999/508/6716
f 2001/507/6723 1999/508/6724 2000/499/6725
f 1999/508/6721 2001/507/6726 2002/882/6720
f 2003/879/6727 2002/882/6728 2001/507/6729
f 2002/882/6730 2003/879/6731 2004/877/6732
f 2004/877/6732 2005/517/6733 2002/882/6730
f 1998/509/6734 2002/882/6734 2005/517/6735
f 2005/517/6736 2004/877/6737 1446/518/6738
f 1446/518/6738 1448/516/6739 2005/517/6736
f 2006/512/6740 2005/517/6741 1448/516/6742
f 2005/517/6735 2006/512/6735 1998/509/6734
f 1998/509/6743 2006/512/6744 2007/511/6745
f 2009/514/6746 2007/511/6747 2006/512/6748
f 1448/516/6742 2008/515/6749 2006/512/6740
f 2006/512/6748 2008/515/6746 2009/514/6746
f 2013/520/6750 2010/522/6751 2009/514/6752
f 2011/527/6753 2009/514/6754 2010/522/6755
f 2009/514/6756 2011/527/6757 2012/513/6758
f 2012/513/6758 2007/511/6759 2009/514/6756
f 2009/514/6752 2008/515/6752 2013/520/6750
f 2014/523/6760 2010/522/6761 2013/520/6762
f 2013/520/6762 2015/521/6763 2014/523/6760
f 1451/869/6764 2015/521/6765 2013/520/6766
f 1449/519/6767 2013/520/6768 2008/515/6769
f 2013/520/6766 1449/519/6770 1451/869/6764
f 2018/868/6771 2016/863/6772 2015/521/6773
f 2015/521/6774 2016/863/6775 2017/862/6776
f 2017/862/6776 2014/523/6777 2015/521/6774
f 2015/521/6773 1451/869/6778 2018/868/6771
f 2016/863/6779 2018/868/6780 2019/867/6781
f 1452/832/4466 2018/868/6782 1451/869/4464
f 2019/867/6783 2018/868/6784 1452/832/6785
f 2019/867/6786 2022/843/6787 2020/866/6788
f 2020/866/6788 2021/864/6789 2019/867/6786
f 2019/867/6781 2021/864/6790 2016/863/6779
f 1452/832/6785 1454/833/6791 2019/867/6783
f 2019/867/6792 1454/833/6793 2023/840/6794
f 2023/840/6794 2022/843/6795 2019/867/6792
f 1888/839/6796 1890/842/6797 2023/840/6798
f 2022/843/6799 2023/840/6800 1890/842/6801
f 2023/840/6798 2024/836/6802 1888/839/6796
f 1456/834/6803 2024/836/6804 2023/840/6805
f 2023/840/6805 1454/833/6806 1456/834/6803
f 1886/848/6807 1888/839/6808 2024/836/6809
f 2024/836/6809 1458/837/6810 1886/848/6807
f 1458/837/4484 2024/836/6811 1456/834/4482
f 1890/842/6801 1892/841/6812 2022/843/6799
f 2020/866/6813 2022/843/6814 1892/841/6815
f 2016/863/6816 2021/864/6817 2020/865/6818
f 2017/862/6819 2020/865/6820 1895/859/6821
f 1892/841/6815 1895/858/6822 2020/866/6813
f 2020/865/6818 2017/862/6823 2016/863/6816
f 2025/525/6824 2014/523/6825 2017/862/6826
f 1895/859/6821 1903/860/6827 2017/862/6819
f 2017/862/6826 1903/860/6828 2025/525/6824
f 2014/523/6829 2025/525/6830 2026/524/6831
f 1904/526/6313 2025/525/6832 1903/860/6311
f 2027/528/6833 2026/524/6834 2025/525/6835
f 2025/525/6835 1904/526/6836 2027/528/6833
f 2026/524/6837 2027/528/6838 2028/530/6839
f 1906/531/6327 2027/528/6840 1904/526/6325
f 2029/533/6841 2028/530/6842 2027/528/6843
f 2027/528/6843 1906/531/6844 2029/533/6841
f 2028/530/6845 2029/533/6846 2030/485/6847
f 1909/484/6337 2029/533/6848 1906/531/6335
f 1987/482/6849 2030/485/6850 2029/533/6851
f 2029/533/6851 1909/484/6852 1987/482/6849
f 2030/485/6847 2031/1298/6853 2028/530/6845
f 1986/486/6854 1990/487/6855 2030/485/6856
f 2031/1298/6857 2030/485/6858 1990/487/6859
f 2030/485/6856 1987/482/6860 1986/486/6854
f 2011/527/6861 2028/530/6862 2031/1298/6863
f 1990/487/6859 1992/488/6864 2031/1298/6857
f 2012/513/6865 2031/1298/6866 1992/488/6867
f 2031/1298/6863 2012/513/6868 2011/527/6861
f 2028/530/6839 2011/527/6869 2026/524/6837
f 2026/524/6831 2010/522/6870 2014/523/6829
f 2010/522/6755 2026/524/6871 2011/527/6753
f 2007/511/6872 2012/513/6873 1994/494/6874
f 1992/488/6867 1994/494/6875 2012/513/6865
f 2008/515/6769 1448/516/6876 1449/519/6767
f 1994/494/6874 1996/510/6877 2007/511/6872
f 2007/511/6745 1996/510/6743 1998/509/6743
f 1440/876/6878 2004/877/6879 2003/879/6880
f 1439/871/6881 1446/518/6882 2004/877/6883
f 2004/877/6883 1440/876/6884 1439/871/6881
f 2001/507/6729 2033/881/6885 2003/879/6727
f 2003/879/6880 2032/878/6886 1440/876/6878
f 2032/878/6887 2003/879/6888 2033/881/6887
f 2036/880/6889 2033/881/6890 2034/506/6891
f 2035/503/6892 2034/506/6893 2033/881/6892
f 2033/881/6892 2001/507/6892 2035/503/6892
f 2033/881/6887 2036/880/6894 2032/878/6887
f 2038/883/6895 2036/880/6896 2037/884/6897
f 2034/506/6891 2037/884/6898 2036/880/6889
f 2039/875/6899 2032/878/6900 2036/880/6901
f 2036/880/6901 2038/883/6902 2039/875/6899
f 2040/797/6903 2039/875/6899 2038/883/6902
f 1433/795/6904 1436/874/6905 2039/875/6906
f 2032/878/6907 2039/875/6906 1436/874/6905
f 2039/875/6906 2040/797/6908 1433/795/6904
f 2042/792/6909 2040/797/6903 2041/891/6910
f 2038/883/6902 2041/891/6910 2040/797/6903
f 1430/794/6911 1433/795/6904 2040/797/6908
f 2040/797/6908 2042/792/6912 1430/794/6911
f 2044/791/6913 2042/792/6909 2043/894/6914
f 2041/891/6910 2043/894/6914 2042/792/6909
f 1427/793/6915 1430/794/6911 2042/792/6912
f 2042/792/6912 2044/791/6916 1427/793/6915
f 2046/789/6917 2044/791/6913 2045/788/6918
f 2043/894/6914 2045/788/6918 2044/791/6913
f 1424/822/6919 1427/793/6915 2044/791/6916
f 2044/791/6916 2046/789/6920 1424/822/6919
f 2048/790/6921 2046/789/6917 2047/786/6922
f 2045/788/6918 2047/786/6922 2046/789/6917
f 1421/821/6923 1424/822/6919 2046/789/6920
f 2046/789/6920 2048/790/6924 1421/821/6923
f 2047/786/6922 2049/785/6925 2048/790/6921
f 1415/818/4405 1421/821/6923 2048/790/6924
f 2048/790/6924 1416/820/4406 1415/818/4405
f 1416/820/6926 2048/790/6921 2049/785/6925
f 2049/785/6927 2047/786/6928 2051/784/6929
f 2052/823/6930 2049/785/6927 2050/783/6931
f 2051/784/6929 2050/783/6931 2049/785/6927
f 2049/785/6925 2052/823/6932 1416/820/6926
f 2054/774/6933 2052/823/6930 2053/779/6934
f 2050/783/6931 2053/779/6934 2052/823/6930
f 1412/819/6935 1416/820/6926 2052/823/6932
f 2052/823/6932 2054/774/6936 1412/819/6935
f 2056/772/6937 2054/774/6933 2055/776/6938
f 2053/779/6934 2055/776/6938 2054/774/6933
f 1409/769/6939 1412/819/6935 2054/774/6936
f 2054/774/6936 2056/772/6940 1409/769/6939
f 2058/771/6941 2056/772/6937 2057/775/6942
f 2055/776/6938 2057/775/6942 2056/772/6937
f 1406/766/6943 1409/769/6939 2056/772/6940
f 2056/772/6940 2058/771/6944 1406/766/6943
f 1395/767/6945 2058/771/6945 2059/773/6946
f 2057/775/6942 2059/773/6947 2058/771/6941
f 1396/765/6948 1406/766/6949 2058/771/6950
f 2058/771/6950 1395/767/6948 1396/765/6948
f 1389/1160/6951 2059/773/6951 2060/777/6952
f 2061/778/6953 2060/777/6954 2059/773/6955
f 2059/773/6955 2057/775/6956 2061/778/6953
f 2059/773/6946 1389/1160/6957 1395/767/6945
f 2060/777/6958 2061/778/6959 2062/1299/6960
f 2063/1300/6961 2062/1299/6960 2061/778/6959
f 2061/778/6959 2064/781/6962 2063/1300/6961
f 2064/781/6963 2061/778/6953 2057/775/6956
f 2065/33/6964 2063/1300/6961 2064/781/6962
f 2064/781/6962 2066/780/6965 2065/33/6964
f 2057/775/6956 2055/776/6966 2064/781/6963
f 2066/780/6967 2064/781/6963 2055/776/6966
f 2067/35/6968 2065/33/6964 2066/780/6965
f 2066/780/6965 2068/782/6969 2067/35/6968
f 2055/776/6966 2053/779/6970 2066/780/6967
f 2068/782/6971 2066/780/6967 2053/779/6970
f 2069/34/6972 2067/35/6968 2068/782/6969
f 2068/782/6969 2070/895/6973 2069/34/6972
f 2053/779/6970 2050/783/6974 2068/782/6971
f 2070/895/6975 2068/782/6971 2050/783/6974
f 2071/38/6976 2069/34/6972 2070/895/6973
f 2070/895/6973 2072/892/6977 2071/38/6976
f 2050/783/6974 2051/784/6978 2070/895/6975
f 2072/892/6979 2070/895/6975 2051/784/6978
f 2073/893/6980 2072/892/6979 2075/787/6981
f 2072/892/6977 2073/893/6982 2074/896/6983
f 2074/896/6983 2071/38/6976 2072/892/6977
f 2051/784/6978 2075/787/6981 2072/892/6979
f 2075/787/6981 2076/890/6984 2073/893/6980
f 2047/786/6928 2045/788/6985 2075/787/6986
f 2076/890/6987 2075/787/6986 2045/788/6985
f 2075/787/6986 2051/784/6929 2047/786/6928
f 2077/888/6988 2073/893/6980 2076/890/6984
f 2076/890/6984 2078/889/6989 2077/888/6988
f 2045/788/6985 2043/894/6990 2076/890/6987
f 2078/889/6991 2076/890/6987 2043/894/6990
f 2079/886/6992 2077/888/6988 2078/889/6989
f 2078/889/6989 2080/887/6993 2079/886/6992
f 2043/894/6990 2041/891/6994 2078/889/6991
f 2080/887/6995 2078/889/6991 2041/891/6994
f 2081/885/6996 2079/886/6992 2080/887/6993
f 2080/887/6993 2037/884/6997 2081/885/6996
f 2041/891/6994 2038/883/6895 2080/887/6995
f 2037/884/6897 2080/887/6995 2038/883/6895
f 2081/885/6998 2084/505/6999 2082/504/7000
f 2082/504/7000 2083/902/7001 2081/885/6998
f 2079/886/7002 2081/885/7003 2083/902/7004
f 2084/505/7005 2081/885/7006 2037/884/7007
f 2085/502/7008 2082/504/7009 2084/505/7010
f 2084/505/7010 2086/501/7011 2085/502/7008
f 2086/501/7012 2084/505/7013 2034/506/7014
f 2037/884/7007 2034/506/7015 2084/505/7005
f 2087/498/7016 2086/501/7017 2035/503/7018
f 2086/501/7019 2087/498/7020 2088/500/7021
f 2088/500/7021 2085/502/7022 2086/501/7019
f 2034/506/7014 2035/503/7023 2086/501/7012
f 1262/924/7024 2088/500/7025 2087/498/7026
f 2085/502/7027 2088/500/7028 2089/919/7029
f 2090/923/7030 2089/919/7030 2088/500/7031
f 2088/500/7031 1262/924/7032 2090/923/7030
f 1263/925/3964 2090/923/7033 1262/924/3962
f 2090/923/7034 1263/925/7035 2091/926/7036
f 2091/926/7036 2092/921/7037 2090/923/7034
f 2089/919/7038 2090/923/7039 2092/921/7040
f 2092/921/7041 2091/926/7042 2093/927/7043
f 2093/927/7043 2094/1301/7044 2092/921/7041
f 2095/920/7045 2092/921/7046 2094/1301/7047
f 2092/921/7040 2095/920/7048 2089/919/7038
f 2094/1301/7047 2096/922/7049 2095/920/7045
f 2098/918/7050 2089/919/7051 2095/920/7052
f 2097/917/7053 2095/920/7054 2096/922/7055
f 2095/920/7052 2097/917/7052 2098/918/7050
f 2098/918/7056 2099/903/7057 2082/504/7058
f 2082/504/7058 2085/502/7059 2098/918/7056
f 2089/919/7029 2098/918/7060 2085/502/7027
f 2099/903/7061 2098/918/7062 2097/917/7063
f 2101/904/7064 2099/903/7065 2100/913/7066
f 2097/917/7063 2100/913/7067 2099/903/7061
f 2083/902/7068 2082/504/7069 2099/903/7070
f 2099/903/7070 2101/904/7071 2083/902/7068
f 2103/901/7072 2101/904/7073 2102/905/7074
f 2100/913/7066 2102/905/7075 2101/904/7064
f 2104/900/7076 2083/902/7077 2101/904/7078
f 2101/904/7078 2103/901/7079 2104/900/7076
f 2105/897/7080 2104/900/7076 2103/901/7079
f 2077/888/7081 2079/886/7002 2104/900/7082
f 2083/902/7004 2104/900/7082 2079/886/7002
f 2104/900/7082 2105/897/7083 2077/888/7081
f 2103/901/7079 2106/899/7084 2105/897/7080
f 2073/893/6982 2077/888/7081 2105/897/7083
f 2105/897/7083 2074/896/6983 2073/893/6982
f 2074/896/7085 2105/897/7080 2106/899/7084
f 2106/899/7086 2103/901/7072 2108/906/7087
f 2109/898/7088 2106/899/7086 2107/908/7089
f 2108/906/7087 2107/908/7089 2106/899/7086
f 2106/899/7084 2109/898/7090 2074/896/7085
f 2111/37/7091 2109/898/7088 2110/43/7092
f 2107/908/7089 2110/43/7092 2109/898/7088
f 2071/38/7093 2074/896/7085 2109/898/7090
f 2109/898/7090 2111/37/7094 2071/38/7093
f 2113/36/7095 2111/37/7091 2112/40/7096
f 2110/43/7092 2112/40/7096 2111/37/7091
f 2069/34/7097 2071/38/7093 2111/37/7094
f 2111/37/7094 2113/36/7098 2069/34/7097
f 2115/32/7099 2113/36/7095 2114/39/7100
f 2112/40/7096 2114/39/7100 2113/36/7095
f 2067/35/7101 2069/34/7097 2113/36/7098
f 2113/36/7098 2115/32/7102 2067/35/7101
f 2117/30/7103 2115/32/7099 2116/31/7104
f 2114/39/7100 2116/31/7104 2115/32/7099
f 2065/33/7105 2067/35/7101 2115/32/7102
f 2115/32/7102 2117/30/7106 2065/33/7105
f 2119/29/7107 2117/30/7103 2118/28/7108
f 2116/31/7104 2118/28/7108 2117/30/7103
f 2063/1300/7109 2065/33/7105 2117/30/7106
f 2117/30/7106 2119/29/7110 2063/1300/7109
f 2121/1302/7111 2119/29/7107 2120/26/7112
f 2118/28/7108 2120/26/7112 2119/29/7107
f 2062/1299/7113 2063/1300/7109 2119/29/7110
f 2119/29/7110 2121/1302/7114 2062/1299/7113
f 2120/26/7112 1375/24/4313 2121/1302/7111
f 2122/1303/7115 2062/1299/7113 2121/1302/7114
f 2121/1302/7114 1378/1151/7116 2122/1303/7115
f 1378/1151/4315 2121/1302/7111 1375/24/4313
f 1385/1157/7117 2060/777/7118 2122/1303/7119
f 2062/1299/6960 2122/1303/7120 2060/777/6958
f 2122/1303/7119 1381/1154/7121 1385/1157/7117
f 1381/1154/4325 2122/1303/7122 1378/1151/4323
f 2120/26/7123 2118/28/7124 2123/1304/7125
f 2123/1304/7125 1372/23/4305 2120/26/7123
f 1375/24/4303 2120/26/7123 1372/23/4305
f 2124/41/7126 2123/1304/7125 2118/28/7124
f 1372/23/4297 2123/1304/7127 1370/1148/4299
f 2123/1304/7127 2124/41/7128 2125/1305/7129
f 2125/1305/7129 1370/1148/4299 2123/1304/7127
f 2126/52/7130 2125/1305/7129 2124/41/7128
f 2125/1305/7131 2126/52/7132 2127/49/7133
f 2127/49/7133 1369/1147/4290 2125/1305/7131
f 1370/1148/4292 2125/1305/7131 1369/1147/4290
f 2128/50/7134 2127/49/7133 2126/52/7132
f 1369/1147/4289 2127/49/7135 2129/1306/7136
f 2129/1306/7136 2127/49/7135 2128/50/7137
f 1359/79/4281 1366/1145/4286 2129/1307/7138
f 2129/1307/7138 1360/76/7139 1359/79/4281
f 2129/1306/7136 1366/1142/4283 1369/1147/4289
f 2128/50/7137 2130/53/7140 2129/1306/7136
f 1360/76/7139 2129/1307/7138 2130/60/7141
f 2130/60/7141 1356/68/7142 1360/76/7139
f 1356/68/7142 2130/60/7141 2131/59/7143
f 2132/51/7144 2131/54/7145 2130/53/7140
f 2130/53/7140 2128/50/7137 2132/51/7144
f 2134/48/7146 2133/47/7147 2132/51/7148
f 2136/57/7149 2132/51/7148 2133/47/7147
f 2132/51/7148 2128/50/7134 2134/48/7146
f 2132/51/7144 2136/57/7150 2135/56/7151
f 2135/56/7151 2131/54/7145 2132/51/7144
f 2136/57/7150 2139/1308/7152 2137/1309/7153
f 2137/1309/7153 2135/56/7151 2136/57/7150
f 2133/47/7147 2138/55/7154 2136/57/7149
f 2139/1308/7155 2136/57/7149 2138/55/7154
f 2139/1308/7156 2142/1310/7157 2140/1311/7158
f 2140/1311/7158 2137/1309/7159 2139/1308/7156
f 2138/55/7154 2141/909/7160 2139/1308/7155
f 2142/1310/7161 2139/1308/7162 2141/909/7163
f 2142/1310/7164 2144/1312/7165 2143/1313/7166
f 2143/1313/7166 2140/1311/7167 2142/1310/7164
f 2144/1312/7168 2142/1310/7169 2145/911/7170
f 2141/909/7163 2145/911/7171 2142/1310/7161
f 2145/911/7170 2148/916/7172 2144/1312/7168
f 2147/907/7173 2146/910/7174 2145/911/7175
f 2148/916/7176 2145/911/7177 2146/910/7178
f 2145/911/7175 2141/909/7179 2147/907/7173
f 2149/1314/7180 2144/1312/7181 2148/916/7182
f 2148/916/7182 2150/914/7183 2149/1314/7180
f 2150/914/7184 2148/916/7185 2151/912/7186
f 2146/910/7178 2151/912/7187 2148/916/7176
f 2151/912/7186 2152/915/7188 2150/914/7184
f 2152/915/7189 2151/912/7190 2100/913/7191
f 2102/905/7192 2100/913/7193 2151/912/7194
f 2151/912/7194 2146/910/7195 2102/905/7192
f 2153/1315/7196 2150/914/7197 2152/915/7198
f 2100/913/7191 2097/917/7199 2152/915/7189
f 2096/922/7055 2152/915/7200 2097/917/7053
f 2152/915/7198 2096/922/7201 2153/1315/7196
f 2153/1315/7202 2154/1316/7203 2155/1317/7204
f 2154/1316/7205 2153/1315/7205 2096/922/7206
f 2155/1317/7204 2156/1318/7207 2153/1315/7202
f 2150/914/7208 2153/1315/7209 2156/1318/7210
f 2156/1318/7211 2155/1317/7212 2157/1319/7213
f 2157/1319/7213 2159/1320/7214 2156/1318/7211
f 2158/1321/7215 2149/1314/7216 2156/1318/7217
f 2156/1318/7217 2159/1320/7218 2158/1321/7215
f 2156/1318/7210 2149/1314/7219 2150/914/7208
f 2158/1322/7220 2159/1323/7221 2157/1324/7222
f 2158/1322/7223 2160/1325/7224 2161/1326/7225
f 2157/1324/7222 2160/1325/7226 2158/1322/7220
f 2158/1321/7227 2143/1313/7228 2144/1312/7229
f 2161/1326/7225 2143/1327/7230 2158/1322/7223
f 2144/1312/7229 2149/1314/7231 2158/1321/7227
f 2162/1328/7232 2161/1326/7233 2160/1325/7234
f 2161/1326/7235 2162/1328/7236 2163/1329/7237
f 2163/1329/7237 2164/1330/7238 2161/1326/7235
f 2143/1327/7239 2161/1326/7240 2164/1330/7241
f 2165/63/7242 2164/1330/7243 2163/1329/7244
f 2140/1331/7245 2164/1330/7246 2165/63/7247
f 2164/1330/7241 2140/1331/7248 2143/1327/7239
f 2163/1329/7244 2166/64/7249 2165/63/7242
f 2165/63/7250 2166/64/7251 1352/65/7252
f 1352/65/7252 1354/61/7253 2165/63/7250
f 2137/1332/7254 2165/63/7255 1354/61/7256
f 2165/63/7247 2137/1332/7257 2140/1331/7245
f 2167/1333/7258 2166/64/7259 2163/1329/7260
f 1352/65/7261 2166/64/7262 2167/1333/7263
f 2163/1329/7260 2168/1334/7264 2167/1333/7258
f 2167/1333/7263 1351/67/7265 1352/65/7261
f 1304/1112/7266 2167/1333/7267 2168/1334/7268
f 1306/1114/7269 1351/67/7270 2167/1333/7271
f 2167/1333/7271 1304/1112/7272 1306/1114/7269
f 2168/1334/7273 2163/1329/7274 2162/1328/7275
f 2168/1334/7276 2169/1335/7277 2170/1336/7278
f 2162/1328/7275 2169/1335/7279 2168/1334/7273
f 2170/1336/7278 2171/1337/7280 2168/1334/7276
f 2168/1334/7268 2171/1337/7281 1304/1112/7266
f 2171/1337/7282 2170/1336/7283 1299/1108/7284
f 1304/1112/4088 2171/1337/7285 1300/1107/4086
f 1299/1108/7284 1300/1107/7286 2171/1337/7282
f 1299/1108/7287 2170/1336/7288 2172/1338/7289
f 2172/1338/7290 2170/1336/7291 2169/1335/7292
f 2175/1339/7293 2172/1338/7294 2173/1340/7295
f 2169/1335/7292 2173/1340/7296 2172/1338/7290
f 2172/1338/7289 2174/1341/7297 1299/1108/7287
f 2174/1341/7298 2172/1338/7299 2175/1339/7300
f 2178/1342/7301 2176/1343/7302 2175/1344/7303
f 2175/1339/7300 2176/1345/7304 2174/1341/7298
f 2175/1344/7303 2177/1346/7305 2178/1342/7301
f 2177/1346/7306 2175/1344/7307 2179/1347/7308
f 2173/1340/7295 2179/1348/7309 2175/1339/7293
f 2180/1349/7310 2179/1348/7311 2173/1340/7312
f 2181/1350/7313 2179/1347/7314 2180/1351/7315
f 2179/1347/7308 2181/1350/7316 2177/1346/7306
f 2182/1352/7317 2183/1353/7318 2181/1350/7319
f 2181/1350/7319 2184/1354/7320 2182/1352/7317
f 2177/1346/7321 2181/1350/7322 2183/1353/7323
f 2180/1351/7315 2184/1354/7324 2181/1350/7313
f 2154/1316/7325 2182/1352/7326 2184/1354/7327
f 2184/1354/7327 2155/1317/7328 2154/1316/7325
f 2155/1317/7329 2184/1354/7330 2180/1351/7331
f 2183/1353/7332 2182/1352/7333 2093/927/7334
f 2186/1355/7335 2183/1353/7336 2185/931/7337
f 2093/927/7334 2185/931/7338 2183/1353/7332
f 2183/1353/7323 2186/1355/7339 2177/1346/7321
f 1271/1076/3991 2186/1355/7340 1268/934/3989
f 2185/931/7337 1268/934/7341 2186/1355/7335
f 2178/1342/7342 2177/1346/7343 2186/1355/7344
f 2186/1355/7344 1271/1076/7345 2178/1342/7342
f 1268/934/3981 2185/931/7346 1265/928/3979
f 2091/926/7347 1265/928/7348 2185/931/7349
f 2185/931/7349 2093/927/7350 2091/926/7347
f 2094/1301/7351 2093/927/7352 2182/1352/7353
f 2182/1352/7353 2154/1316/7354 2094/1301/7351
f 2173/1340/7312 2187/1356/7355 2180/1349/7310
f 2180/1351/7331 2157/1319/7356 2155/1317/7329
f 2157/1324/7357 2180/1349/7358 2187/1356/7359
f 2187/1356/7359 2160/1325/7360 2157/1324/7357
f 2160/1325/7234 2187/1356/7361 2162/1328/7232
f 2162/1328/7362 2187/1356/7363 2173/1340/7364
f 1274/1078/4001 2178/1342/7365 1271/1076/3999
f 2178/1342/7366 1274/1078/7367 2188/1357/7368
f 2188/1357/7368 2176/1343/7369 2178/1342/7366
f 2176/1345/7370 2188/1358/7371 1293/1101/7372
f 1278/1081/4011 2188/1357/7373 1274/1078/4009
f 1293/1101/4059 2188/1358/7374 1278/1100/4057
f 1293/1101/7372 2174/1341/7375 2176/1345/7370
f 1299/1108/7376 2174/1341/7377 1293/1101/7378
f 2173/1340/7364 2169/1335/7379 2162/1328/7362
f 2096/922/7206 2094/1301/7380 2154/1316/7205
f 2189/46/7381 2147/907/7173 2141/909/7179
f 2107/908/7382 2108/906/7383 2147/907/7384
f 2146/910/7385 2147/907/7384 2108/906/7383
f 2147/907/7384 2189/46/7386 2107/908/7382
f 2190/44/7387 2189/46/7381 2138/55/7388
f 2141/909/7179 2138/55/7388 2189/46/7381
f 2110/43/7389 2107/908/7382 2189/46/7386
f 2189/46/7386 2190/44/7390 2110/43/7389
f 2191/45/7391 2190/44/7387 2133/47/7392
f 2138/55/7388 2133/47/7392 2190/44/7387
f 2112/40/7393 2110/43/7389 2190/44/7390
f 2190/44/7390 2191/45/7394 2112/40/7393
f 2192/42/7395 2191/45/7391 2134/48/7396
f 2133/47/7392 2134/48/7396 2191/45/7391
f 2114/39/7397 2112/40/7393 2191/45/7394
f 2191/45/7394 2192/42/7398 2114/39/7397
f 2124/41/7128 2192/42/7395 2126/52/7130
f 2134/48/7396 2126/52/7130 2192/42/7395
f 2116/31/7399 2114/39/7397 2192/42/7398
f 2192/42/7398 2124/41/7126 2116/31/7399
f 2108/906/7383 2102/905/7400 2146/910/7385
f 1354/61/7256 2135/62/7401 2137/1332/7254
f 1355/58/7402 2131/59/7143 2135/62/7403
f 2135/62/7403 1354/61/7404 1355/58/7402
f 2126/52/7132 2134/48/7146 2128/50/7134
f 2131/59/7143 1355/58/7402 1356/68/7142
f 2118/28/7124 2116/31/7399 2124/41/7126
f 2102/905/7074 2108/906/7087 2103/901/7072
f 1265/928/3971 2091/926/7405 1263/925/3969
f 2087/498/7026 1260/497/7024 1262/924/7024
f 1259/496/7406 1260/497/7407 2087/498/7408
f 2035/503/7018 2000/499/7018 2087/498/7016
f 2087/498/7408 2000/499/7409 1259/496/7406
f 2060/777/6952 1385/1157/7410 1389/1160/6951
f 2000/499/6725 2035/503/7411 2001/507/6723
f 1436/874/6905 1440/876/7412 2032/878/6907
f 1912/481/6347 1987/482/7413 1909/484/6345
f 1901/855/6321 1900/537/7414 1907/534/6319
f 1899/851/6572 1898/849/7415 422/377/6570
f 417/371/7416 1898/849/7417 1894/846/7418
f 1898/849/7419 417/371/7420 420/376/7421
f 420/376/7421 422/377/7422 1898/849/7419
f 1894/846/7418 416/372/7423 417/371/7416
f 1884/573/7424 1886/848/7425 1458/837/7426
f 1458/837/7426 1459/572/7427 1884/573/7424
f 1882/569/7428 1884/573/7429 1459/572/7430
f 1482/568/4540 1882/569/7428 1464/571/7431
f 1459/572/7430 1464/571/7431 1882/569/7428
f 1464/571/7431 1480/570/4533 1482/568/4540
f 1465/577/4506 1480/570/4532 1464/571/4505
f 1480/570/4532 1465/577/4506 1467/583/4524
f 1428/802/7432 1425/805/6216 1473/806/6217
f 1473/806/6217 1471/579/7433 1428/802/7432
f 1431/800/7434 1428/802/7432 1471/579/7433
f 1471/579/7433 1468/580/7435 1431/800/7434
f 1443/826/4495 1469/581/4510 1462/576/4493
f 1469/581/7436 1443/826/4442 1437/824/4446
f 1468/580/7435 1469/581/7436 1434/799/7437
f 1437/824/4446 1434/799/7437 1469/581/7436
f 1434/799/7437 1431/800/7434 1468/580/7435
f 1445/828/4473 1442/827/7438 1455/829/4471
f 1386/1158/5868 1383/1155/7439 1382/1152/5866
f 87/89/195 1321/90/7440 83/90/193
f 78/84/4141 83/90/7441 1321/90/4139
f 1313/1116/4121 2193/1115/7442 1316/1121/4119
f 67/73/7443 1316/1121/7444 2193/1115/7445
f 1316/1121/7446 67/73/7447 68/75/7448
f 68/75/7448 79/87/7449 1316/1121/7446
f 2196/1117/7450 2194/1113/7451 2193/1115/7452
f 2195/1137/7453 2193/1115/7454 2194/1113/7455
f 2193/1115/7445 2195/1137/7456 67/73/7443
f 2193/1115/7452 1313/1116/7457 2196/1117/7450
f 2198/1110/7458 2197/1111/7459 2196/1117/7460
f 2194/1113/7461 2196/1117/7462 2197/1111/7463
f 2199/1118/7464 2196/1117/7465 1313/1116/7466
f 2196/1117/7460 2199/1118/7467 2198/1110/7458
f 2200/1359/7468 2198/1110/7469 2199/1118/7470
f 2201/1360/7471 2199/1118/7472 1314/1120/7473
f 1313/1116/7466 1314/1120/7474 2199/1118/7464
f 2199/1118/7470 2201/1360/7475 2200/1359/7468
f 2202/1361/7476 2201/1360/7477 2203/1362/7478
f 2200/1359/7479 2201/1360/7480 2202/1361/7481
f 1314/1120/7473 2203/1362/7482 2201/1360/7471
f 2203/1362/7478 2204/1363/7483 2202/1361/7476
f 2205/1363/7484 2204/1363/7485 2203/1362/7486
f 2206/1362/7487 2203/1362/7487 1314/1120/7488
f 2203/1362/7486 2206/1362/7489 2205/1363/7484
f 1311/1118/7490 2207/1360/7491 2206/1362/7492
f 2205/1363/7493 2206/1362/7494 2207/1360/7495
f 2206/1362/7492 1312/1120/7496 1311/1118/7490
f 1314/1120/7488 1312/1120/7487 2206/1362/7487
f 1302/1110/7497 2208/1359/7498 2207/1360/7499
f 2209/1361/7500 2207/1360/7501 2208/1359/7502
f 2207/1360/7495 2209/1361/7503 2205/1363/7493
f 2207/1360/7499 1311/1118/7504 1302/1110/7497
f 2208/1359/7502 2212/1364/7505 2209/1361/7500
f 2210/1365/7506 2211/1366/7507 2209/1361/7508
f 2209/1361/7508 2212/1364/7509 2210/1365/7506
f 2209/1361/7510 2211/1366/7511 2213/1367/7512
f 2213/1367/7512 2205/1363/7513 2209/1361/7510
f 2204/1363/7514 2205/1363/7515 2213/1367/7516
f 2213/1367/7516 2214/1367/7517 2204/1363/7514
f 2214/1367/7518 2213/1367/7519 2211/1366/7520
f 2211/1366/7520 2215/1366/7521 2214/1367/7518
f 2214/1367/7522 2215/1366/7523 2202/1361/7524
f 2202/1361/7524 2204/1363/7525 2214/1367/7522
f 2218/1368/7526 2216/1368/7527 2215/1366/7528
f 2217/1365/7529 2215/1366/7530 2216/1368/7531
f 2215/1366/7532 2217/1365/7533 2219/1364/7534
f 2219/1364/7534 2202/1361/7535 2215/1366/7532
f 2215/1366/7528 2211/1366/7536 2218/1368/7526
f 2220/1369/7537 2219/1364/7538 2217/1365/7539
f 2219/1364/7540 2220/1369/7541 2221/1103/7542
f 2202/1361/7481 2219/1364/7543 2200/1359/7479
f 2221/1103/7542 2200/1359/7544 2219/1364/7540
f 2221/1103/7545 2220/1369/7546 2222/1096/7547
f 2222/1096/7547 2223/1097/7548 2221/1103/7545
f 2224/1104/7549 2221/1103/7550 2223/1097/7551
f 2200/1359/7552 2221/1103/7553 2224/1104/7554
f 2223/1097/7551 2225/1102/7555 2224/1104/7549
f 2226/1106/7556 2224/1104/7557 2225/1102/7558
f 2224/1104/7559 2226/1106/7560 2197/1111/7561
f 2224/1104/7554 2198/1110/7562 2200/1359/7552
f 2197/1111/7561 2198/1110/7563 2224/1104/7559
f 2226/1106/7564 2227/1107/7565 2228/1109/7566
f 2227/1107/7567 2226/1106/7568 2229/1105/7569
f 2228/1109/7566 2197/1111/7570 2226/1106/7564
f 2225/1102/7558 2229/1105/7571 2226/1106/7556
f 2229/1105/7569 2230/1108/7572 2227/1107/7567
f 2230/1108/7573 2229/1105/7574 2231/1101/7575
f 2232/1099/7576 2231/1101/7577 2229/1105/7578
f 2229/1105/7578 2225/1102/7579 2232/1099/7576
f 2234/1358/7580 2231/1101/7581 2232/1099/7582
f 2232/1099/7583 2233/1098/7584 2236/1094/7585
f 2233/1098/7586 2232/1099/7587 2225/1102/7588
f 2232/1099/7582 2235/1100/7589 2234/1358/7580
f 2236/1094/7585 2235/1100/7590 2232/1099/7583
f 2236/1094/7591 2233/1098/7592 2237/1090/7593
f 2237/1090/7593 2238/1091/7594 2236/1094/7591
f 2240/1082/7595 2236/1083/7596 2238/1086/7597
f 2239/1080/7598 2235/1081/7599 2236/1083/7600
f 2236/1083/7600 2240/1082/7601 2239/1080/7598
f 2241/1085/7602 2240/1082/7603 2242/1084/7604
f 2239/1080/7605 2240/1082/7606 2241/1085/7607
f 2238/1086/7597 2242/1084/7608 2240/1082/7595
f 2242/1084/7604 2246/1088/7609 2241/1085/7602
f 2242/1084/7610 2244/1087/7611 2243/1370/7612
f 2243/1370/7612 2246/1088/7613 2242/1084/7610
f 2245/1093/7614 2244/1087/7615 2242/1084/7616
f 2242/1084/7616 2238/1086/7617 2245/1093/7614
f 2241/1085/7618 2246/1088/7619 1087/950/7620
f 1090/952/7621 1087/950/7622 2246/1088/7623
f 2246/1088/7623 2243/1370/7624 1090/952/7621
f 2244/1087/7625 2245/1093/7626 2247/1371/7627
f 2247/1372/7628 2245/1092/7629 2248/1089/7630
f 2245/1092/7631 2238/1091/7632 2237/1090/7633
f 2237/1090/7633 2248/1089/7634 2245/1092/7631
f 2248/1089/7630 2249/1373/7635 2247/1372/7628
f 2250/1374/7636 2249/1373/7637 2248/1089/7638
f 2248/1089/7638 2251/1095/7639 2250/1374/7636
f 2222/1096/7640 2251/1095/7641 2248/1089/7642
f 2248/1089/7642 2237/1090/7643 2222/1096/7640
f 2252/1375/7644 2250/1374/7645 2251/1095/7646
f 2253/1376/7647 2251/1095/7648 2222/1096/7649
f 2251/1095/7646 2253/1376/7650 2252/1375/7644
f 2254/1377/7651 2252/1375/7652 2253/1376/7653
f 2222/1096/7649 2220/1369/7654 2253/1376/7647
f 2217/1365/7539 2253/1376/7655 2220/1369/7537
f 2253/1376/7653 2217/1365/7656 2254/1377/7651
f 2252/1375/7657 2254/1377/7658 2256/1378/7659
f 2216/1368/7531 2254/1377/7660 2217/1365/7529
f 2254/1377/7661 2216/1368/7662 2255/1379/7663
f 2255/1379/7663 2256/1378/7664 2254/1377/7661
f 2256/1378/7659 2258/1380/7665 2252/1375/7657
f 2259/1381/7666 2257/1382/7667 2256/1378/7668
f 2258/1380/7669 2256/1378/7670 2257/1382/7671
f 2256/1378/7668 2255/1379/7672 2259/1381/7666
f 2261/1383/7673 2260/1383/7674 2259/1381/7675
f 2257/1382/7676 2259/1381/7677 2260/1383/7678
f 2259/1381/7679 2255/1379/7680 2263/1379/7681
f 2259/1381/7675 2262/1381/7682 2261/1383/7673
f 2263/1379/7681 2262/1381/7683 2259/1381/7679
f 2216/1368/7684 2218/1368/7685 2263/1379/7686
f 2263/1379/7686 2255/1379/7687 2216/1368/7684
f 2264/1382/7688 2262/1381/7689 2263/1379/7690
f 2263/1379/7690 2265/1378/7691 2264/1382/7688
f 2266/1377/7692 2265/1378/7693 2263/1379/7694
f 2263/1379/7694 2218/1368/7695 2266/1377/7692
f 2266/1377/7696 2268/1375/7697 2267/1380/7698
f 2267/1380/7698 2265/1378/7699 2266/1377/7696
f 2268/1375/7700 2266/1377/7701 2210/1365/7702
f 2211/1366/7703 2210/1365/7704 2266/1377/7705
f 2266/1377/7705 2218/1368/7706 2211/1366/7703
f 2269/1374/7707 2268/1375/7708 2270/1376/7709
f 2268/1375/7710 2269/1374/7711 2271/1384/7712
f 2271/1384/7712 2267/1380/7713 2268/1375/7710
f 2210/1365/7702 2270/1376/7714 2268/1375/7700
f 2267/1380/7715 2271/1384/7716 2272/1385/7717
f 2273/1386/7718 2272/1385/7719 2271/1384/7720
f 2271/1384/7720 2274/1387/7721 2273/1386/7718
f 2275/1373/7722 2274/1387/7723 2271/1384/7724
f 2271/1384/7724 2269/1374/7725 2275/1373/7722
f 2274/1387/7726 2275/1373/7727 2276/1372/7728
f 2275/1373/7729 2269/1374/7730 1288/1095/7731
f 1288/1095/7731 1285/1089/7732 2275/1373/7729
f 2275/1373/7733 1285/1089/7734 1286/1092/7735
f 1286/1092/7735 2276/1372/7736 2275/1373/7733
f 2276/1372/7728 2277/1388/7737 2274/1387/7726
f 2279/1389/7738 2277/1390/7739 2276/1371/7740
f 2278/1391/7741 2276/1371/7742 1286/1093/7743
f 2276/1371/7740 2278/1391/7744 2279/1389/7738
f 2282/1392/7745 2279/1389/7746 2280/1393/7747
f 2281/1394/7748 2280/1393/7749 2279/1389/7750
f 2279/1389/7750 2278/1391/7751 2281/1394/7748
f 2279/1389/7752 2282/1392/7753 2283/1395/7754
f 2283/1395/7754 2277/1390/7755 2279/1389/7752
f 2284/1396/7756 2273/1386/7757 2283/1397/7758
f 2283/1397/7758 2285/1398/7759 2284/1396/7756
f 2285/1399/7760 2283/1395/7761 2282/1392/7762
f 2277/1388/7763 2283/1397/7764 2273/1386/7765
f 2289/1400/7766 2286/1401/7767 2285/1399/7768
f 2285/1398/7769 2286/1402/7770 2287/1403/7771
f 2287/1403/7771 2284/1396/7772 2285/1398/7769
f 2282/1392/7762 2288/1404/7773 2285/1399/7760
f 2285/1399/7768 2288/1404/7774 2289/1400/7766
f 2289/1400/7775 2288/1404/7776 2291/1405/7777
f 2286/1401/7778 2289/1400/7779 2292/1406/7780
f 2292/1406/7781 2289/1400/7782 2290/1407/7783
f 2291/1405/7777 2290/1407/7784 2289/1400/7775
f 2292/1406/7780 2295/1408/7785 2286/1401/7778
f 2294/1409/7786 2293/1410/7787 2292/1411/7788
f 2295/1412/7789 2292/1411/7790 2293/1410/7791
f 2292/1411/7788 2296/1413/7792 2294/1409/7786
f 2290/1407/7783 2296/1414/7793 2292/1406/7781
f 2297/1415/7794 2296/1414/7795 2290/1407/7796
f 2296/1413/7797 2297/1416/7798 2298/1417/7799
f 2298/1417/7799 2294/1409/7800 2296/1413/7797
f 2299/1418/7801 2294/1409/7802 2298/1417/7803
f 2298/1417/7803 2300/1419/7804 2299/1418/7801
f 2301/1420/7805 2300/1419/7806 2298/1417/7807
f 2298/1417/7807 2302/1421/7808 2301/1420/7805
f 2303/1422/7809 2302/1421/7810 2298/1417/7811
f 2298/1417/7811 2297/1416/7812 2303/1422/7809
f 2304/1423/7813 2302/1421/7814 2303/1422/7815
f 2303/1422/7815 2308/1424/7816 2304/1423/7813
f 2303/1425/7817 2297/1415/7818 2305/1426/7819
f 2305/1426/7819 2306/963/7820 2303/1425/7817
f 2303/1425/7821 2306/963/7822 2307/965/7823
f 2307/965/7823 2308/970/7824 2303/1425/7821
f 2304/1423/7825 2308/1424/7826 2309/998/7827
f 2309/969/7828 2308/970/7829 2307/965/7830
f 2309/998/7827 2312/999/7831 2304/1423/7825
f 2310/997/7832 2312/999/7833 2309/998/7834
f 2309/998/7834 2311/994/7835 2310/997/7832
f 2311/972/7836 2309/969/7837 2313/967/7838
f 2307/965/7830 2313/967/7839 2309/969/7828
f 2313/967/7838 2314/968/7840 2311/972/7836
f 2314/968/7841 2313/967/7842 2315/966/7843
f 2313/967/7844 2307/965/7845 2316/962/7846
f 2316/962/7846 2315/966/7847 2313/967/7844
f 2315/966/7848 2316/962/7849 2318/957/7850
f 2306/963/7851 2317/960/7852 2316/962/7853
f 2318/957/7854 2316/962/7855 2317/960/7856
f 2316/962/7853 2307/965/7857 2306/963/7851
f 2318/957/7850 2319/976/7858 2315/966/7848
f 2319/976/7859 2318/957/7860 2321/953/7861
f 2317/960/7856 2320/958/7862 2318/957/7854
f 2321/953/7863 2318/957/7864 2320/958/7865
f 2321/953/7861 2322/977/7866 2319/976/7859
f 2322/977/7867 2321/953/7868 2324/954/7869
f 2320/958/7865 2323/955/7870 2321/953/7863
f 2324/954/7871 2321/953/7872 2323/955/7873
f 2325/948/7874 2324/954/7875 2327/951/7876
f 2326/979/7877 2324/954/7878 2325/948/7879
f 2324/954/7869 2326/979/7880 2322/977/7867
f 2323/955/7873 2327/951/7881 2324/954/7871
f 2327/951/7876 2329/949/7882 2325/948/7874
f 2328/956/7883 2327/951/7884 2323/955/7885
f 2327/951/7886 2328/956/7887 2330/952/7888
f 2330/952/7888 2329/949/7889 2327/951/7886
f 2331/947/7890 2329/949/7891 2330/952/7892
f 2330/952/7892 2333/950/7893 2331/947/7890
f 2332/1370/7894 2330/952/7895 2328/956/7896
f 2333/950/7897 2330/952/7898 2332/1370/7899
f 2334/943/7900 2331/947/7901 2333/950/7902
f 2333/950/7902 2335/944/7902 2334/943/7900
f 2332/1370/7899 1282/1088/7903 2333/950/7897
f 2335/944/7904 2333/950/7905 1282/1088/7906
f 2336/939/7907 2334/943/7908 2335/944/7909
f 2335/944/7909 2337/942/7910 2336/939/7907
f 1282/1088/7906 1280/1085/7911 2335/944/7904
f 2337/942/7912 2335/944/7913 1280/1085/7914
f 2338/937/7915 2336/939/7916 2337/942/7917
f 2337/942/7917 1272/940/7918 2338/937/7915
f 1280/1085/7914 1275/1079/7919 2337/942/7912
f 1272/940/4004 2337/942/7920 1275/1079/4002
f 2336/939/7921 2338/937/7922 2339/935/7923
f 2340/936/7924 2339/935/7925 2338/937/7926
f 2338/937/7926 1269/933/7927 2340/936/7924
f 1269/933/3994 2338/937/7928 1272/940/3992
f 2339/935/7929 2340/936/7930 1251/1070/7931
f 1254/1072/7932 1251/1070/7933 2340/936/7934
f 2340/936/7934 1266/930/7935 1254/1072/7932
f 1266/930/3984 2340/936/7936 1269/933/3982
f 2341/941/7937 2339/935/7938 1248/1067/7939
f 1251/1070/7931 1248/1067/7940 2339/935/7929
f 2339/935/7923 2341/941/7941 2336/939/7921
f 2342/946/7942 2341/941/7943 1245/1064/7944
f 1248/1067/7939 1245/1064/7945 2341/941/7937
f 2334/943/7946 2336/939/7947 2341/941/7948
f 2341/941/7948 2342/946/7949 2334/943/7946
f 2343/945/7950 2342/946/7951 1241/1061/7952
f 1245/1064/7944 1241/1061/7953 2342/946/7942
f 2334/943/7954 2342/946/7955 2343/945/7956
f 2343/945/7957 1242/1060/7958 2344/1427/7959
f 1241/1061/7952 1242/1060/7960 2343/945/7950
f 2331/947/7961 2343/945/7962 2325/948/7963
f 2343/945/7956 2331/947/7964 2334/943/7954
f 2344/1427/7959 2325/948/7965 2343/945/7957
f 1233/1053/7966 2344/1427/7967 1242/1060/7968
f 2344/1427/7969 1233/1053/7970 1228/980/7971
f 2325/948/7879 2344/1427/7972 2326/979/7877
f 1228/980/7971 2326/979/7969 2344/1427/7969
f 2278/1391/7973 1283/1087/7974 2332/1370/7975
f 1282/1088/4029 2332/1370/7976 1283/1087/4027
f 2328/956/7896 2281/1394/7977 2332/1370/7894
f 2332/1370/7975 2281/1394/7978 2278/1391/7973
f 2325/948/7963 2329/949/7979 2331/947/7961
f 2281/1394/7980 2328/956/7981 2345/959/7982
f 2323/955/7885 2345/959/7983 2328/956/7883
f 2280/1393/7984 2345/959/7985 2346/961/7986
f 2345/959/7982 2280/1393/7987 2281/1394/7980
f 2320/958/7988 2346/961/7989 2345/959/7990
f 2345/959/7990 2323/955/7991 2320/958/7988
f 2346/961/7986 2347/1428/7992 2280/1393/7984
f 2346/961/7993 2320/958/7994 2317/960/7995
f 2347/1428/7996 2346/961/7997 2348/964/7998
f 2317/960/7995 2348/964/7999 2346/961/7993
f 2348/964/7998 2291/1405/8000 2347/1428/7996
f 2348/964/8001 2317/960/8002 2306/963/8003
f 2291/1405/8004 2348/964/8005 2305/1426/8006
f 2306/963/8003 2305/1426/8007 2348/964/8001
f 2288/1404/8008 2282/1392/8009 2347/1428/8010
f 2280/1393/7747 2347/1428/8011 2282/1392/7745
f 2347/1428/8010 2291/1405/8012 2288/1404/8008
f 2326/979/8013 1228/980/8014 1229/978/8015
f 1229/978/8015 2322/977/8016 2326/979/8013
f 2322/977/8017 1229/978/8018 2349/975/8019
f 2349/975/8019 2319/976/8020 2322/977/8017
f 2351/973/8021 2349/975/8022 2350/983/8023
f 1225/981/8024 2350/983/8025 2349/975/8026
f 2349/975/8026 1229/978/8027 1225/981/8024
f 2319/976/8028 2349/975/8029 2351/973/8030
f 2314/968/8031 2351/973/8031 2352/974/8032
f 2350/983/8023 2352/974/8033 2351/973/8021
f 2315/966/7843 2351/973/8034 2314/968/7841
f 2351/973/8030 2315/966/8035 2319/976/8028
f 2352/974/8036 2353/984/8037 2354/987/8038
f 2353/984/8039 2352/974/8040 2350/983/8041
f 2354/987/8038 2355/971/8042 2352/974/8036
f 2352/974/8032 2355/971/8043 2314/968/8031
f 2311/972/8044 2314/968/8045 2355/971/8046
f 2356/988/8047 2357/989/8048 2355/971/8049
f 2355/971/8049 2354/987/8050 2356/988/8047
f 2355/971/8046 2357/989/8046 2311/972/8044
f 2357/990/8051 2356/993/8052 2358/992/8053
f 2358/992/8053 2359/991/8054 2357/990/8051
f 2311/994/8055 2357/990/8056 2359/991/8057
f 2359/991/8057 2310/997/8058 2311/994/8055
f 2310/997/8059 2359/991/8060 2360/995/8061
f 2360/995/8062 2359/991/8063 2358/992/8064
f 2363/1004/8065 2361/1003/8066 2360/995/8067
f 2360/995/8068 2361/1003/8069 2365/1001/8070
f 2358/992/8064 2362/996/8071 2360/995/8062
f 2360/995/8067 2362/996/8072 2363/1004/8065
f 2365/1001/8070 2364/1000/8073 2360/995/8068
f 2360/995/8061 2364/1000/8074 2310/997/8059
f 2364/1000/8075 2365/1001/8076 2367/1429/8077
f 2366/1430/8078 2365/1001/8079 2361/1003/8080
f 2367/1429/8081 2365/1001/8082 2366/1430/8083
f 2367/1429/8084 2369/1431/8085 2368/1432/8086
f 2368/1432/8086 2371/1002/8087 2367/1429/8084
f 2370/1433/8088 2369/1431/8089 2367/1429/8090
f 2367/1429/8090 2372/1434/8091 2370/1433/8088
f 2367/1429/8077 2371/1002/8092 2364/1000/8075
f 2366/1430/8083 2372/1434/8093 2367/1429/8081
f 2374/1435/8094 2373/1436/8095 2372/1434/8096
f 2372/1434/8097 2373/1436/8098 2375/1437/8099
f 2372/1434/8096 2366/1430/8100 2374/1435/8094
f 2375/1437/8099 2370/1433/8101 2372/1434/8097
f 2376/1438/8102 2370/1433/8103 2375/1437/8104
f 2378/1437/8105 2375/1437/8106 2373/1436/8107
f 2375/1437/8104 2377/1439/8108 2376/1438/8102
f 2377/1439/8109 2375/1437/8110 2378/1437/8111
f 2378/1437/8112 2381/1433/8113 2379/1438/8114
f 2379/1438/8114 2380/1439/8115 2378/1437/8112
f 2378/1437/8111 2380/1439/8116 2377/1439/8109
f 2381/1433/8117 2378/1437/8118 2382/1436/8119
f 2373/1436/8107 2382/1436/8120 2378/1437/8105
f 2384/1430/8121 2383/1434/8122 2382/1436/8122
f 2382/1436/8119 2383/1434/8123 2381/1433/8117
f 2382/1436/8122 2385/1435/8124 2384/1430/8121
f 2385/1435/8125 2382/1436/8126 2373/1436/8127
f 2384/1430/8128 2385/1435/8129 2386/1440/8130
f 2386/1440/8131 2385/1435/8132 2374/1435/8133
f 2373/1436/8127 2374/1435/8134 2385/1435/8125
f 2386/1440/8130 1139/1005/8135 2384/1430/8128
f 1139/1005/8136 2386/1440/8137 1144/1009/8138
f 1144/1009/8139 2386/1440/8140 2387/1440/8141
f 2374/1435/8133 2387/1440/8142 2386/1440/8131
f 2389/1009/8143 2387/1440/8144 2388/1005/8145
f 2366/1430/8146 2388/1005/8147 2387/1440/8148
f 2387/1440/8141 2389/1009/8149 1144/1009/8139
f 2387/1440/8148 2374/1435/8150 2366/1430/8146
f 2389/1009/8151 2390/1010/8152 1145/1010/8153
f 2390/1010/8154 2389/1009/8155 2391/1006/8156
f 1145/1010/8153 1144/1009/8157 2389/1009/8151
f 2388/1005/8145 2391/1006/8158 2389/1009/8143
f 2361/1003/8159 2363/1004/8160 2391/1006/8161
f 2391/1006/8161 2388/1005/8162 2361/1003/8159
f 2392/1007/8163 2391/1006/8164 2363/1004/8165
f 2391/1006/8156 2392/1007/8166 2390/1010/8154
f 2394/1011/8167 2392/1007/8168 2393/1008/8169
f 2363/1004/8165 2393/1008/8170 2392/1007/8163
f 1149/1012/8171 2390/1010/8172 2392/1007/8173
f 2392/1007/8173 2394/1011/8174 1149/1012/8171
f 1151/1014/3808 2394/1011/8175 1200/1052/3806
f 2393/1008/8169 1200/1052/8176 2394/1011/8167
f 1149/1012/3602 2394/1011/8177 1151/1014/3600
f 1200/1052/3818 2393/1008/8178 1203/1039/3816
f 1203/1039/8179 2393/1008/8180 2363/1004/8181
f 1145/1010/3592 2390/1010/8182 1149/1012/3590
f 2361/1003/8080 2388/1005/8183 2366/1430/8078
f 1137/1001/3569 2384/1430/8184 1139/1005/3567
f 2384/1430/8185 1137/1001/8186 2395/1429/8187
f 2395/1429/8187 2383/1434/8188 2384/1430/8185
f 1136/1002/3556 2395/1429/8189 1137/1001/3554
f 2395/1429/8190 1136/1002/8191 2396/1432/8192
f 2383/1434/8193 2395/1429/8194 2397/1431/8195
f 2396/1432/8192 2397/1431/8196 2395/1429/8190
f 2381/1433/8113 2397/1431/8197 2398/1441/8198
f 2399/1420/8199 2398/1441/8200 2397/1431/8201
f 2397/1431/8201 2396/1432/8202 2399/1420/8199
f 2397/1431/8195 2381/1433/8203 2383/1434/8193
f 2398/1441/8204 2399/1420/8205 2400/1419/8206
f 2401/1417/8207 2400/1419/8208 2399/1420/8209
f 2399/1420/8209 2402/1421/8210 2401/1417/8207
f 2402/1421/8211 2399/1420/8212 2396/1432/8213
f 2405/1416/8214 2401/1417/8215 2402/1421/8216
f 2396/1432/8213 2403/1423/8217 2402/1421/8211
f 2404/1422/8218 2402/1421/8219 2403/1423/8220
f 2402/1421/8216 2404/1422/8221 2405/1416/8214
f 2401/1417/8222 2405/1416/8223 2406/1413/8224
f 2405/1415/8225 2404/1425/8226 1103/963/8227
f 2406/1414/8228 2405/1415/8229 2407/1426/8230
f 1103/963/8227 2407/1426/8231 2405/1415/8225
f 2407/1426/8230 2408/1407/8232 2406/1414/8228
f 2409/1405/8233 2408/1407/8234 2407/1426/8235
f 2407/1426/8235 1101/964/8236 2409/1405/8233
f 1101/964/3444 2407/1426/8237 1103/963/3442
f 2412/1428/8238 2409/1405/8239 1101/964/8240
f 2409/1405/8241 2410/1404/8242 2411/1400/8243
f 2413/1392/8244 2410/1404/8245 2409/1405/8246
f 2411/1400/8243 2408/1407/8247 2409/1405/8241
f 2409/1405/8246 2412/1428/8248 2413/1392/8244
f 2414/1389/8249 2413/1392/8250 2412/1428/8251
f 2415/1399/8252 2410/1404/8253 2413/1392/8254
f 2416/1395/8255 2413/1392/8256 2414/1389/8257
f 2413/1392/8254 2416/1395/8258 2415/1399/8252
f 2417/1386/8259 2416/1397/8260 2419/1388/8261
f 2416/1397/8262 2417/1386/8263 2418/1396/8264
f 2418/1396/8264 2415/1398/8265 2416/1397/8262
f 2414/1389/8257 2419/1390/8266 2416/1395/8255
f 2419/1388/8261 2420/1387/8267 2417/1386/8259
f 2420/1387/8268 2419/1388/8269 2247/1372/8270
f 2421/1391/8271 2247/1371/8272 2419/1390/8273
f 2419/1390/8273 2414/1389/8274 2421/1391/8271
f 2247/1371/7627 2421/1391/8275 2244/1087/7625
f 2422/1394/8276 2421/1391/8277 2414/1389/8278
f 2244/1087/8279 2421/1391/8280 2422/1394/8281
f 1096/959/8282 1093/956/8283 2422/1394/8284
f 2243/1370/8285 2422/1394/8286 1093/956/8287
f 2422/1394/8284 2423/1393/8288 1096/959/8282
f 2414/1389/8278 2423/1393/8289 2422/1394/8276
f 2422/1394/8281 2243/1370/8290 2244/1087/8279
f 1099/961/8291 1096/959/8292 2423/1393/8293
f 2412/1428/8251 2423/1393/8294 2414/1389/8249
f 2423/1393/8293 2412/1428/8295 1099/961/8291
f 2424/1385/8296 2417/1386/8297 2420/1387/8298
f 2420/1387/8298 2425/1384/8299 2424/1385/8296
f 2425/1384/8300 2420/1387/8301 2249/1373/8302
f 2247/1372/8270 2249/1373/8303 2420/1387/8268
f 2426/1442/8304 2424/1385/8305 2425/1384/8306
f 2249/1373/8302 2250/1374/8307 2425/1384/8300
f 2258/1380/8308 2425/1384/8309 2250/1374/8310
f 2425/1384/8306 2258/1380/8311 2426/1442/8304
f 2424/1385/8312 2426/1442/8313 2427/1443/8314
f 2427/1443/8315 2426/1442/8316 2257/1382/8317
f 2257/1382/7671 2426/1442/8318 2258/1380/7669
f 2427/1443/8314 2431/1444/8319 2424/1385/8312
f 2429/1445/8320 2428/1446/8321 2427/1443/8322
f 2431/1444/8323 2427/1443/8324 2428/1446/8325
f 2427/1443/8322 2430/1447/8326 2429/1445/8320
f 2257/1382/8317 2430/1447/8327 2427/1443/8315
f 2428/1446/8325 2432/1448/8328 2431/1444/8323
f 2418/1396/8329 2431/1444/8330 2432/1448/8331
f 2431/1444/8332 2418/1396/8333 2417/1386/8334
f 2417/1386/8334 2424/1385/8335 2431/1444/8332
f 2432/1448/8331 2433/1403/8336 2418/1396/8329
f 2434/1449/8337 2433/1403/8338 2432/1448/8339
f 2435/1450/8340 2432/1448/8341 2428/1446/8342
f 2432/1448/8339 2435/1450/8343 2434/1449/8337
f 2437/1410/8344 2434/1449/8345 2435/1450/8346
f 2438/1451/8347 2435/1450/8348 2436/1452/8349
f 2428/1446/8342 2436/1452/8350 2435/1450/8340
f 2435/1450/8346 2438/1451/8351 2437/1410/8344
f 2442/1409/8352 2437/1410/8353 2438/1451/8354
f 2440/1453/8355 2439/1418/8356 2438/1451/8357
f 2438/1451/8354 2439/1418/8358 2442/1409/8352
f 2438/1451/8357 2441/1454/8359 2440/1453/8355
f 2436/1452/8349 2441/1454/8360 2438/1451/8347
f 2443/1411/8361 2437/1410/8362 2442/1409/8363
f 2442/1409/8364 2439/1418/8365 2400/1419/8366
f 2400/1419/8366 2401/1417/8367 2442/1409/8364
f 2406/1413/8224 2442/1409/8368 2401/1417/8222
f 2442/1409/8363 2406/1413/8369 2443/1411/8361
f 2437/1410/8370 2443/1411/8371 2444/1412/8372
f 2411/1400/8373 2443/1406/8374 2406/1414/8375
f 2444/1408/8376 2443/1406/8377 2411/1400/8378
f 2411/1400/8378 2445/1401/8379 2444/1408/8376
f 2434/1449/8380 2444/1412/8381 2445/1402/8382
f 2444/1412/8372 2434/1449/8383 2437/1410/8370
f 2445/1402/8382 2433/1403/8384 2434/1449/8380
f 2410/1404/8385 2415/1399/8386 2445/1401/8387
f 2445/1402/8388 2415/1398/8389 2418/1396/8390
f 2445/1401/8387 2411/1400/8391 2410/1404/8385
f 2418/1396/8390 2433/1403/8392 2445/1402/8388
f 2446/1455/8393 2440/1453/8394 2441/1454/8395
f 2441/1454/8395 2447/1456/8396 2446/1455/8393
f 2448/1457/8397 2447/1456/8398 2441/1454/8399
f 2441/1454/8399 2436/1452/8400 2448/1457/8397
f 2449/1458/8401 2448/1457/8402 2429/1445/8403
f 2429/1445/8404 2448/1457/8405 2436/1452/8406
f 2447/1456/8407 2448/1457/8408 2449/1458/8409
f 2429/1445/8403 2450/1459/8410 2449/1458/8401
f 2449/1458/8411 2450/1459/8412 2452/1459/8413
f 2449/1458/8409 2451/1460/8414 2447/1456/8407
f 2451/1460/8415 2449/1458/8415 2453/1458/8416
f 2452/1459/8413 2453/1458/8417 2449/1458/8411
f 2454/1457/8418 2453/1458/8419 2452/1459/8420
f 2453/1458/8421 2454/1457/8422 2455/1456/8423
f 2455/1456/8423 2456/1460/8424 2453/1458/8421
f 2453/1458/8416 2456/1460/8425 2451/1460/8415
f 2457/1461/8426 2451/1460/8427 2456/1460/8428
f 2456/1460/8428 2458/1461/8429 2457/1461/8426
f 2458/1461/8430 2456/1460/8431 2455/1456/8432
f 2457/1461/8433 2458/1461/8434 2461/1462/8435
f 2458/1461/8436 2459/1455/8437 2460/1463/8438
f 2455/1456/8432 2459/1455/8439 2458/1461/8430
f 2460/1463/8438 2461/1462/8440 2458/1461/8436
f 2461/1462/8435 2462/1462/8441 2457/1461/8433
f 2461/1462/8442 2460/1463/8443 2376/1438/8444
f 2376/1438/8444 2377/1439/8445 2461/1462/8442
f 2461/1462/8446 2377/1439/8447 2380/1439/8448
f 2380/1439/8448 2462/1462/8449 2461/1462/8446
f 2446/1455/8450 2457/1461/8451 2462/1462/8452
f 2463/1463/8453 2462/1462/8454 2380/1439/8455
f 2462/1462/8452 2463/1463/8456 2446/1455/8450
f 2464/1464/8457 2463/1463/8453 2379/1438/8458
f 2463/1463/8459 2464/1464/8460 2440/1453/8461
f 2440/1453/8461 2446/1455/8462 2463/1463/8459
f 2380/1439/8455 2379/1438/8458 2463/1463/8453
f 2400/1419/8206 2464/1464/8463 2398/1441/8204
f 2464/1464/8464 2400/1419/8465 2439/1418/8466
f 2439/1418/8466 2440/1453/8467 2464/1464/8464
f 2379/1438/8458 2398/1441/8468 2464/1464/8457
f 2465/1453/8469 2466/1464/8470 2460/1463/8471
f 2460/1463/8471 2459/1455/8472 2465/1453/8469
f 2376/1438/8444 2460/1463/8443 2466/1464/8473
f 2466/1464/8474 2465/1453/8475 2299/1418/8476
f 2466/1464/8473 2467/1441/8477 2376/1438/8444
f 2467/1441/8478 2466/1464/8479 2300/1419/8480
f 2299/1418/8476 2300/1419/8481 2466/1464/8474
f 2369/1431/8482 2467/1441/8483 2301/1420/8484
f 2300/1419/8480 2301/1420/8485 2467/1441/8478
f 2376/1438/8102 2467/1441/8486 2369/1431/8487
f 2468/1454/8488 2465/1453/8489 2459/1455/8490
f 2465/1453/8491 2468/1454/8492 2469/1451/8493
f 2469/1451/8493 2299/1418/8494 2465/1453/8491
f 2469/1451/8495 2471/1450/8496 2470/1449/8497
f 2470/1449/8497 2293/1410/8498 2469/1451/8495
f 2472/1452/8499 2471/1450/8500 2469/1451/8501
f 2469/1451/8501 2468/1454/8502 2472/1452/8499
f 2299/1418/8503 2469/1451/8504 2293/1410/8505
f 2475/1448/8506 2471/1450/8507 2472/1452/8508
f 2473/1445/8509 2474/1446/8510 2472/1452/8511
f 2472/1452/8511 2454/1457/8512 2473/1445/8509
f 2472/1452/8508 2474/1446/8513 2475/1448/8506
f 2454/1457/8514 2472/1452/8515 2468/1454/8516
f 2475/1448/8517 2476/1444/8518 2284/1396/8519
f 2284/1396/8519 2287/1403/8520 2475/1448/8517
f 2475/1448/8521 2287/1403/8522 2470/1449/8523
f 2477/1443/8524 2476/1444/8525 2475/1448/8526
f 2475/1448/8526 2474/1446/8527 2477/1443/8524
f 2470/1449/8523 2471/1450/8528 2475/1448/8521
f 2479/1447/8529 2477/1443/8530 2474/1446/8531
f 2264/1382/8532 2478/1442/8533 2477/1443/8534
f 2476/1444/8535 2477/1443/8536 2478/1442/8537
f 2477/1443/8534 2479/1447/8538 2264/1382/8532
f 2479/1447/8539 2473/1445/8540 2452/1459/8541
f 2474/1446/8531 2473/1445/8542 2479/1447/8529
f 2262/1381/8543 2264/1382/8544 2479/1447/8545
f 2452/1459/8541 2261/1383/8546 2479/1447/8539
f 2479/1447/8545 2261/1383/8547 2262/1381/8543
f 2267/1380/8548 2478/1442/8549 2264/1382/8550
f 2272/1385/7717 2478/1442/8551 2267/1380/7715
f 2478/1442/8537 2272/1385/8552 2476/1444/8535
f 2284/1396/8553 2476/1444/8554 2272/1385/8555
f 2452/1459/8420 2473/1445/8556 2454/1457/8418
f 2293/1410/7791 2470/1449/8557 2295/1412/7789
f 2295/1412/8558 2470/1449/8559 2287/1403/8560
f 2459/1455/8490 2455/1456/8561 2468/1454/8488
f 2468/1454/8516 2455/1456/8562 2454/1457/8514
f 2451/1460/8563 2457/1461/8564 2446/1455/8565
f 2260/1383/8566 2261/1383/8567 2452/1459/8568
f 2452/1459/8568 2450/1459/8569 2260/1383/8566
f 2446/1455/8565 2447/1456/8570 2451/1460/8563
f 2450/1459/8571 2429/1445/8572 2430/1447/8573
f 2430/1447/8573 2260/1383/8574 2450/1459/8571
f 2436/1452/8406 2428/1446/8575 2429/1445/8404
f 2260/1383/7678 2430/1447/8576 2257/1382/7676
f 1101/964/8240 1099/961/8577 2412/1428/8238
f 2406/1414/8375 2408/1407/8578 2411/1400/8373
f 2404/1425/8579 1108/970/8580 1102/965/8581
f 2403/1423/8220 1108/1424/8582 2404/1422/8218
f 1102/965/8581 1103/963/8583 2404/1425/8579
f 2403/1423/8584 2396/1432/8585 1136/1002/8586
f 1136/1002/8586 1134/999/8587 2403/1423/8584
f 1108/1424/8588 2403/1423/8589 1134/999/8590
f 2398/1441/8198 2379/1438/8114 2381/1433/8113
f 2369/1431/8487 2370/1433/8103 2376/1438/8102
f 2304/1423/8591 2312/999/8592 2371/1002/8593
f 2371/1002/8593 2368/1432/8594 2304/1423/8591
f 2364/1000/8595 2371/1002/8596 2312/999/8597
f 2301/1420/8484 2368/1432/8598 2369/1431/8482
f 2302/1421/8599 2304/1423/8600 2368/1432/8601
f 2368/1432/8601 2301/1420/8602 2302/1421/8599
f 2312/999/8597 2310/997/8603 2364/1000/8595
f 2363/1004/8181 2362/996/8604 1203/1039/8179
f 2362/996/8605 2358/992/8606 1202/1038/8607
f 1202/1038/8607 1203/1039/8607 2362/996/8605
f 1202/1038/8608 2358/992/8609 2356/993/8610
f 2356/993/8610 1210/1033/8608 1202/1038/8608
f 1210/1036/8611 2356/988/8612 2354/987/8613
f 1217/985/8614 2354/987/8615 2353/984/8616
f 2354/987/8613 1217/985/8617 1210/1036/8611
f 2353/984/8616 1216/986/8618 1217/985/8614
f 2350/983/8041 1222/982/8619 2353/984/8039
f 1216/986/3875 2353/984/8620 1222/982/3873
f 1222/982/3884 2350/983/8621 1225/981/3883
f 2290/1407/7796 2305/1426/8622 2297/1415/7794
f 2305/1426/8006 2290/1407/8623 2291/1405/8004
f 2293/1410/8505 2294/1409/8624 2299/1418/8503
f 2287/1403/8560 2286/1402/8625 2295/1412/8558
f 2272/1385/8555 2273/1386/8626 2284/1396/8553
f 1286/1093/7743 1283/1087/8627 2278/1391/7741
f 2273/1386/7765 2274/1387/8628 2277/1388/7763
f 2270/1376/7709 1288/1095/8629 2269/1374/7707
f 1289/1096/8630 1288/1095/8631 2270/1376/8632
f 2270/1376/8632 2480/1369/8633 1289/1096/8630
f 2480/1369/8634 2270/1376/8635 2210/1365/8636
f 1290/1097/8637 1289/1096/8638 2480/1369/8639
f 2480/1369/8639 1295/1103/8640 1290/1097/8637
f 2208/1359/8641 1295/1103/8642 2480/1369/8643
f 2210/1365/8636 2212/1364/8644 2480/1369/8634
f 2480/1369/8643 2212/1364/8645 2208/1359/8641
f 2264/1382/8550 2265/1378/8646 2267/1380/8548
f 2250/1374/8310 2252/1375/8647 2258/1380/8308
f 1093/956/8287 1090/952/8648 2243/1370/8285
f 1087/950/7620 1084/944/8649 2241/1085/7618
f 2241/1085/7607 2481/1079/8650 2239/1080/7605
f 2481/1079/8651 2241/1085/8652 1084/944/8653
f 1084/944/8653 1081/942/8654 2481/1079/8651
f 2482/1077/8655 2481/1079/8656 1081/942/8657
f 2483/1078/8658 2239/1080/8659 2481/1079/8660
f 2481/1079/8660 2482/1077/8661 2483/1078/8658
f 2483/1078/8662 2482/1077/8663 2484/1076/8664
f 2484/1076/8664 2485/1342/8665 2483/1078/8662
f 2235/1081/8666 2239/1080/8667 2483/1078/8668
f 2234/1357/8669 2483/1078/8670 2485/1342/8671
f 2483/1078/8668 2234/1357/8672 2235/1081/8666
f 2487/1346/8673 2485/1342/8674 2484/1076/8675
f 2485/1342/8671 2486/1343/8676 2234/1357/8669
f 2486/1343/8677 2485/1342/8678 2487/1346/8679
f 2487/1346/8679 2488/1344/8680 2486/1343/8677
f 2488/1344/8681 2487/1346/8682 2490/1350/8683
f 2484/1076/8675 2489/1355/8684 2487/1346/8673
f 2490/1350/8685 2487/1346/8686 2489/1355/8687
f 2491/1351/8688 2492/1347/8689 2490/1350/8690
f 2490/1350/8690 2495/1354/8691 2491/1351/8688
f 2490/1350/8683 2492/1347/8692 2488/1344/8681
f 2493/1352/8693 2495/1354/8694 2490/1350/8695
f 2490/1350/8695 2494/1353/8696 2493/1352/8693
f 2489/1355/8687 2494/1353/8697 2490/1350/8685
f 2496/1319/8698 2491/1351/8699 2495/1354/8700
f 2495/1354/8700 2497/1317/8701 2496/1319/8698
f 2497/1317/8702 2495/1354/8703 2493/1352/8704
f 2496/1319/8705 2497/1317/8706 2499/1318/8707
f 2493/1352/8704 2498/1316/8708 2497/1317/8702
f 2499/1318/8709 2497/1317/8710 2498/1316/8711
f 2502/1314/8712 2499/1318/8713 2500/1315/8714
f 2498/1316/8711 2500/1315/8715 2499/1318/8709
f 2499/1318/8716 2502/1314/8717 2501/1321/8718
f 2501/1321/8718 2503/1320/8719 2499/1318/8716
f 2499/1318/8707 2503/1320/8720 2496/1319/8705
f 2496/1324/8721 2503/1323/8722 2501/1322/8722
f 2501/1321/8723 2502/1314/8724 2504/1312/8725
f 2500/1315/8714 1053/914/8726 2502/1314/8712
f 2504/1312/8727 2502/1314/8728 1053/914/8729
f 2504/1312/8725 2506/1313/8730 2501/1321/8723
f 1053/914/8729 1054/916/8731 2504/1312/8727
f 2505/1310/8732 2504/1312/8733 1054/916/8734
f 2506/1313/8735 2504/1312/8736 2505/1310/8737
f 2506/1327/8738 2508/1326/8739 2507/1325/8740
f 2507/1325/8740 2501/1322/8741 2506/1327/8738
f 2508/1326/8742 2506/1327/8743 2509/1331/8744
f 2505/1310/8737 2509/1311/8745 2506/1313/8735
f 2509/1331/8744 2510/1330/8746 2508/1326/8742
f 2510/1330/8747 2509/1331/8748 2511/1332/8749
f 2512/1308/8750 2511/1309/8751 2509/1311/8752
f 2509/1311/8752 2505/1310/8753 2512/1308/8750
f 2512/1308/8754 2505/1310/8755 1050/911/8756
f 1050/911/8756 1048/909/8757 2512/1308/8754
f 2511/1309/8758 2512/1308/8759 51/57/104
f 51/57/105 2512/1308/8760 1048/909/8761
f 2511/1332/8749 57/63/8762 2510/1330/8747
f 57/63/113 2511/1332/8763 52/62/111
f 51/57/104 52/56/103 2511/1309/8758
f 2513/1328/8764 2508/1326/8765 2510/1330/8766
f 2510/1330/8766 2514/1329/8767 2513/1328/8764
f 2514/1329/8768 2510/1330/8769 57/63/8770
f 2515/1335/8771 2513/1328/8772 2514/1329/8773
f 57/63/8770 58/64/8774 2514/1329/8768
f 2516/1334/8775 2514/1329/8776 58/64/8777
f 2514/1329/8773 2516/1334/8778 2515/1335/8771
f 2518/1336/8779 2515/1335/8780 2516/1334/8781
f 2516/1334/8782 2517/1333/8783 2520/1112/8784
f 58/64/8777 2517/1333/8785 2516/1334/8775
f 2516/1334/8781 2519/1337/8786 2518/1336/8779
f 2520/1112/8784 2519/1337/8787 2516/1334/8782
f 2519/1337/8788 2520/1112/8789 2228/1109/8790
f 2521/1114/8791 2520/1112/8792 2517/1333/8793
f 2228/1109/8794 2520/1112/8795 2521/1114/8796
f 2517/1333/8793 63/67/8797 2521/1114/8791
f 2521/1114/8798 63/67/8799 64/71/8800
f 2194/1113/7455 2521/1114/8801 2195/1137/7453
f 64/71/8800 2195/1137/8802 2521/1114/8798
f 2521/1114/8796 2194/1113/8803 2228/1109/8794
f 2228/1109/8790 2227/1107/8804 2519/1337/8788
f 2518/1336/8805 2519/1337/8806 2227/1107/8807
f 2522/1340/8808 2515/1335/8809 2518/1336/8810
f 2518/1336/8810 2523/1338/8811 2522/1340/8808
f 2523/1338/8812 2518/1336/8813 2230/1108/8814
f 2227/1107/8807 2230/1108/8815 2518/1336/8805
f 2230/1108/8814 2524/1341/8816 2523/1338/8812
f 2488/1339/8817 2523/1338/8818 2524/1341/8819
f 2492/1348/8820 2522/1340/8821 2523/1338/8822
f 2523/1338/8822 2488/1339/8823 2492/1348/8820
f 2486/1345/8824 2524/1341/8825 2231/1101/8826
f 2231/1101/7575 2524/1341/8827 2230/1108/7573
f 2524/1341/8819 2486/1345/8828 2488/1339/8817
f 2513/1328/8829 2515/1335/8830 2522/1340/8831
f 2522/1340/8831 2525/1356/8832 2513/1328/8829
f 2491/1349/8833 2525/1356/8834 2522/1340/8835
f 2522/1340/8835 2492/1348/8836 2491/1349/8833
f 2508/1326/8837 2513/1328/8838 2525/1356/8839
f 2525/1356/8839 2507/1325/8840 2508/1326/8837
f 2496/1324/8841 2507/1325/8842 2525/1356/8843
f 2525/1356/8843 2491/1349/8844 2496/1324/8841
f 59/65/8845 63/67/8846 2517/1333/8847
f 2517/1333/8847 58/64/8848 59/65/8845
f 2501/1322/8722 2507/1325/8849 2496/1324/8721
f 1054/916/8734 1050/911/8850 2505/1310/8732
f 1053/914/8851 2500/1315/8852 1061/922/8853
f 2526/1301/8854 1061/922/8855 2500/1315/8856
f 2500/1315/8856 2498/1316/8857 2526/1301/8854
f 1061/922/3330 2526/1301/8858 1060/921/3328
f 1060/921/3346 2526/1301/8859 1066/927/3344
f 2493/1352/8860 1066/927/8861 2526/1301/8862
f 2526/1301/8862 2498/1316/8863 2493/1352/8860
f 2493/1352/8864 2494/1353/8865 1069/931/8866
f 1072/934/8867 1069/931/8868 2494/1353/8869
f 2494/1353/8869 2489/1355/8870 1072/934/8867
f 1069/931/8866 1066/927/8871 2493/1352/8864
f 1075/938/8872 1072/934/8873 2489/1355/8874
f 2489/1355/8874 2484/1076/8875 1075/938/8872
f 2231/1101/8826 2234/1358/8876 2486/1345/8824
f 1078/940/8877 1075/938/8878 2484/1076/8879
f 2484/1076/8879 2482/1077/8880 1078/940/8877
f 1081/942/8657 1078/940/8881 2482/1077/8655
f 2222/1096/8882 2237/1090/8883 2233/1098/8884
f 2233/1098/8884 2223/1097/8885 2222/1096/8882
f 2225/1102/7588 2223/1097/8886 2233/1098/7586
f 2197/1111/7463 2228/1109/8887 2194/1113/7461
f 1295/1103/8888 2208/1359/8889 1302/1110/8890
f 67/73/139 2195/1137/8891 64/71/137
f 1302/1110/8892 1311/1118/8893 1308/1117/8894
f 1308/1117/8894 1301/1111/8895 1302/1110/8892
f 1302/1110/8890 1296/1104/8896 1295/1103/8888
f 1293/1101/7378 1297/1105/8897 1299/1108/7376
f 1257/1074/3974 1254/1072/8898 1266/930/3972
f 1242/1060/7968 1236/1055/8899 1233/1053/7966
f 1210/1036/3843 1217/985/8900 1211/1037/3841
f 1213/433/3847 1207/1040/8901 1208/1035/3845
f 1194/1025/6435 1196/1026/8902 1206/1031/6433
f 1193/1044/3786 457/406/8903 456/404/3784
f 1148/1013/3595 1155/1014/8904 1146/1011/3593
f 1144/1009/8138 1141/1006/8905 1139/1005/8136
f 1134/999/8590 1107/998/8906 1108/1424/8588
f 494/439/3686 1124/986/8907 1125/985/3684
f 497/442/1412 1124/986/8908 494/439/1410
f 1124/986/3520 497/442/8909 1121/982/3518
f 501/446/1422 1121/982/8910 497/442/1420
f 2528/1427/8911 1117/979/8912 1119/980/8913
f 1119/980/8913 2527/1053/8914 2528/1427/8911
f 2527/1053/8915 1119/980/8916 505/449/8917
f 2529/1060/8918 2528/1427/8918 2527/1053/8919
f 1117/979/8920 2528/1427/8921 1088/948/8922
f 1085/945/8923 1088/948/8924 2528/1427/8925
f 2528/1427/8925 2529/1060/8926 1085/945/8923
f 2527/1053/8919 2530/1055/8919 2529/1060/8918
f 2531/1061/8927 2529/1060/8928 2530/1055/8929
f 1083/946/8930 1085/945/8931 2529/1060/8932
f 2529/1060/8932 2531/1061/8933 1083/946/8930
f 2530/1055/8929 2532/1057/8934 2531/1061/8927
f 2533/1064/8935 2531/1061/8936 2532/1057/8937
f 1079/941/8938 1083/946/8939 2531/1061/8940
f 2531/1061/8940 2533/1064/8939 1079/941/8938
f 2532/1057/8937 2534/1059/8941 2533/1064/8935
f 2535/1067/8942 2533/1064/8943 2534/1059/8944
f 1076/935/8945 1079/941/8946 2533/1064/8947
f 2533/1064/8947 2535/1067/8948 1076/935/8945
f 1074/936/8949 1076/935/8950 2535/1067/8951
f 2535/1067/8951 2537/1070/8952 1074/936/8949
f 2534/1059/8944 2536/1063/8943 2535/1067/8942
f 2537/1070/8953 2535/1067/8954 2536/1063/8955
f 2537/1070/8956 2538/1072/8957 1070/930/8958
f 2538/1072/8959 2537/1070/8960 2539/1066/8961
f 1070/930/8958 1074/936/8962 2537/1070/8956
f 2536/1063/8955 2539/1066/8963 2537/1070/8953
f 2539/1066/8961 2542/1069/8964 2538/1072/8959
f 2541/1062/8965 2540/1065/8966 2539/1066/8967
f 2542/1069/8968 2539/1066/8969 2540/1065/8970
f 2539/1066/8967 2536/1063/8965 2541/1062/8965
f 2542/1069/8971 2543/1071/8971 2544/1074/8972
f 548/492/8973 2543/1071/8974 2542/1069/8975
f 2544/1074/8972 2538/1072/8976 2542/1069/8971
f 2540/1065/8970 2545/1068/8977 2542/1069/8968
f 2542/1069/8975 2545/1068/8978 548/492/8973
f 2546/1297/8979 544/489/8980 2545/1068/8981
f 548/492/1575 2545/1068/1575 544/489/1573
f 2545/1068/8981 2540/1065/8982 2546/1297/8979
f 538/483/8983 541/486/8984 2546/1297/8985
f 544/489/1561 2546/1297/8986 541/486/1559
f 2547/1296/8987 2546/1297/8987 2540/1065/8988
f 2546/1297/8985 2547/1296/8989 538/483/8983
f 517/461/8990 538/483/8990 2547/1296/8991
f 2548/1058/8992 2547/1296/8993 2541/1062/8994
f 2540/1065/8988 2541/1062/8988 2547/1296/8987
f 2547/1296/8991 2548/1058/8991 517/461/8990
f 512/456/8995 517/461/8996 2548/1058/8997
f 513/457/8998 2548/1058/8999 2549/1056/9000
f 2541/1062/8994 2549/1056/8994 2548/1058/8992
f 2548/1058/8997 513/457/9001 512/456/8995
f 2550/1054/9002 2549/1056/9002 2534/1059/9002
f 2534/1059/9003 2549/1056/9004 2541/1062/9004
f 2549/1056/9000 2550/1054/9005 513/457/8998
f 507/451/9006 513/457/9007 2550/1054/9008
f 508/452/9009 2550/1054/9010 2532/1057/9011
f 2534/1059/9002 2532/1057/9012 2550/1054/9002
f 2550/1054/9008 508/452/9013 507/451/9006
f 2551/1075/9014 2544/1074/9015 2543/1071/9016
f 2538/1072/9017 2544/1074/9018 1067/929/9019
f 1064/925/9020 1067/929/9021 2544/1074/9022
f 2544/1074/9022 2551/1075/9023 1064/925/9020
f 553/497/9024 1063/924/9025 2551/1075/9026
f 2551/1075/9026 2552/1073/9027 553/497/9024
f 2543/1071/9016 2552/1073/9014 2551/1075/9014
f 1064/925/3339 2551/1075/9028 1063/924/3337
f 548/492/9029 547/491/9030 2552/1073/9031
f 553/497/1586 2552/1073/9032 547/491/1584
f 2552/1073/9031 2543/1071/9033 548/492/9029
f 2541/1062/9004 2536/1063/9034 2534/1059/9003
f 1067/929/9019 1070/930/9035 2538/1072/9017
f 2532/1057/9011 2530/1055/9036 508/452/9009
f 508/452/9037 2530/1055/9038 2527/1053/9038
f 505/449/8917 504/448/8917 2527/1053/8915
f 2527/1053/9038 504/448/9039 508/452/9037
f 1088/948/8922 1092/954/9040 1117/979/8920
f 556/500/1595 1063/924/9041 553/497/1593
f 1063/924/3335 556/500/9042 1058/919/3335
f 1061/922/8853 1055/915/9043 1053/914/8851
f 1058/919/9044 556/500/9045 557/502/9046
f 557/502/9046 1057/918/9047 1058/919/9044
f 1057/918/3320 1042/903/9048 1051/913/3318
f 1042/903/9049 1057/918/9050 557/502/9051
f 1044/905/3285 1051/913/9052 1042/903/3283
f 1048/909/8761 53/55/102 51/57/105
f 43/46/86 53/55/9053 1048/909/3297
f 557/502/9051 559/504/9054 1042/903/9049
f 40/43/81 1038/898/3296 34/37/73
f 1038/898/3265 1035/896/3270 35/38/72
f 35/38/72 34/37/71 1038/898/3265
f 1014/875/9055 934/797/9056 1029/891/3261
f 1029/891/3261 1022/883/3225 1014/875/9055
f 1029/891/3261 934/797/9056 930/792/2890
f 1024/885/3237 560/505/3237 562/506/3235
f 1016/878/3227 1014/875/9055 1022/883/3225
f 572/517/1641 1020/882/9057 565/509/1641
f 565/509/1620 1020/882/9058 563/507/1618
f 1019/881/3222 563/507/9059 1020/882/3220
f 563/507/1612 1019/881/9060 562/506/1610
f 997/855/9061 1000/861/9062 583/526/9063
f 581/525/3145 583/526/9064 1000/861/3143
f 981/844/3130 978/841/9065 999/858/3128
f 583/526/9063 586/529/9066 997/855/9061
f 593/537/1703 997/855/9067 586/529/1701
f 627/365/9068 989/373/9069 612/374/9070
f 648/573/3063 649/572/9071 973/837/3061
f 29/33/2875 32/35/3258 919/782/2873
f 2554/1299/9072 2553/1300/9073 917/781/2876
f 917/781/2876 2553/1300/9073 29/33/2875
f 917/781/2876 913/778/9074 2554/1299/9072
f 2555/1302/9075 2554/1299/9076 2556/1303/9077
f 2553/1300/9078 2554/1299/9076 2555/1302/9075
f 2556/1303/9079 2554/1299/9072 913/778/9074
f 2558/1150/9080 2557/1151/9081 2556/1303/9082
f 2556/1303/9077 2557/1151/9083 2555/1302/9075
f 2556/1303/9084 914/777/9085 2560/1157/9086
f 913/778/9074 914/777/9087 2556/1303/9079
f 2556/1303/9082 2559/1154/9088 2558/1150/9080
f 2560/1157/9086 2559/1154/9089 2556/1303/9084
f 2562/1153/9090 2559/1154/9090 2560/1157/9091
f 2563/1156/9092 2560/1157/9093 2561/1160/9094
f 2561/1160/9095 2560/1157/9096 914/777/9097
f 2560/1157/9091 2563/1156/9098 2562/1153/9090
f 2565/1159/9099 2562/1153/9100 2563/1156/9101
f 2566/1162/9102 2563/1156/9102 2564/1161/9103
f 2561/1160/9094 2564/1161/9104 2563/1156/9092
f 2563/1156/9101 2566/1162/9105 2565/1159/9099
f 2567/1276/9106 2565/1159/9107 2566/1162/9108
f 2566/1162/9108 2568/1277/9109 2567/1276/9106
f 2568/1277/9110 2566/1162/9111 2569/1163/9112
f 2564/1161/9103 2569/1163/9103 2566/1162/9102
f 2569/1163/9112 2570/1278/9113 2568/1277/9110
f 2571/1279/9114 2570/1278/9115 2569/1163/9116
f 2569/1163/9116 2572/1166/9117 2571/1279/9114
f 2572/1166/9118 2569/1163/9119 2564/1161/9120
f 2571/1279/9121 2572/1166/9122 2573/1165/9123
f 904/768/9124 2573/1165/9125 2572/1166/9125
f 2572/1166/9125 2574/1164/9126 904/768/9124
f 2564/1161/9120 2574/1164/9127 2572/1166/9118
f 903/767/9128 2574/1164/9129 2564/1161/9130
f 904/768/2838 2574/1164/9131 903/767/2836
f 891/755/2802 2573/1165/9132 892/754/2800
f 2573/1165/9123 891/755/9133 2571/1279/9121
f 898/762/9134 892/754/9135 2573/1165/9134
f 2573/1165/9134 904/768/9134 898/762/9134
f 2570/1278/9136 2571/1279/9137 2575/1280/9138
f 888/751/9139 2575/1280/9140 2571/1279/9141
f 2571/1279/9141 891/755/9139 888/751/9139
f 2575/1280/9138 2576/1204/9142 2570/1278/9136
f 2576/1204/9143 2575/1280/9144 2577/1203/9145
f 2575/1280/9146 888/751/9147 886/749/9148
f 886/749/9148 2577/1203/9149 2575/1280/9146
f 2578/1202/9150 2577/1203/9151 884/747/9152
f 2577/1203/9145 2578/1202/9153 2576/1204/9143
f 884/747/2777 2577/1203/9154 886/749/2775
f 2581/1201/9155 2579/1205/9156 2578/1202/9157
f 2578/1202/9158 2579/1205/9159 2580/1206/9160
f 2580/1206/9160 2576/1204/9161 2578/1202/9158
f 2578/1202/9157 2582/1199/9157 2581/1201/9155
f 884/747/9152 2582/1199/9162 2578/1202/9150
f 2583/1200/9163 2581/1201/9164 2582/1199/9165
f 2582/1199/9166 884/747/9167 883/746/9168
f 2582/1199/9165 2584/1198/9169 2583/1200/9163
f 883/746/9168 2584/1198/9170 2582/1199/9166
f 2585/1216/9171 2583/1200/9172 2584/1198/9173
f 2584/1198/9174 883/746/9175 881/744/9176
f 2584/1198/9173 272/246/9177 2585/1216/9171
f 881/744/9176 272/246/9178 2584/1198/9174
f 2587/1212/9179 2583/1200/9180 2585/1216/9181
f 2588/1217/9182 2586/1214/9183 2585/1216/9184
f 2585/1216/9181 2586/1214/9180 2587/1212/9179
f 270/242/786 2585/1216/786 272/246/786
f 2585/1216/9184 270/242/9185 2588/1217/9182
f 2589/1215/9186 2588/1217/9187 268/241/9187
f 2588/1217/9188 2589/1215/9189 2590/1213/9190
f 2590/1213/9190 2586/1214/9188 2588/1217/9188
f 268/241/779 2588/1217/9191 270/242/777
f 2592/1222/9192 2591/1287/9193 2590/1213/9194
f 2593/1211/9195 2590/1213/9196 2591/1287/9197
f 2586/1214/9198 2590/1213/9199 2593/1211/9200
f 2590/1213/9194 2589/1215/9201 2592/1222/9192
f 2591/1287/9197 2594/1286/9202 2593/1211/9195
f 2595/1210/9203 2593/1211/9204 2594/1286/9205
f 2593/1211/9200 2587/1212/9206 2586/1214/9198
f 2587/1212/9207 2593/1211/9208 2595/1210/9209
f 2598/1209/9210 2595/1210/9211 2596/1282/9212
f 2596/1282/9213 2595/1210/9214 2597/1285/9215
f 2594/1286/9205 2597/1285/9216 2595/1210/9203
f 2595/1210/9209 2598/1209/9217 2587/1212/9207
f 2596/1282/9212 2599/1208/9218 2598/1209/9210
f 2587/1212/9219 2598/1209/9220 2581/1201/9221
f 2581/1201/9222 2598/1209/9223 2599/1208/9224
f 2599/1208/9225 2596/1282/9226 2601/1275/9227
f 2579/1205/9228 2599/1208/9229 2600/1207/9230
f 2601/1275/9227 2600/1207/9231 2599/1208/9225
f 2599/1208/9224 2579/1205/9232 2581/1201/9222
f 2602/1274/9233 2601/1275/9234 2596/1282/9235
f 2603/1273/9236 2601/1275/9236 2602/1274/9237
f 2600/1207/9238 2601/1275/9239 2603/1273/9239
f 2605/1158/9240 2603/1273/9241 2604/1271/9241
f 2602/1274/9237 2604/1271/9242 2603/1273/9236
f 2603/1273/9239 2567/1276/9238 2600/1207/9238
f 2565/1159/9243 2567/1276/9244 2603/1273/9245
f 2603/1273/9245 2605/1158/9246 2565/1159/9243
f 2605/1158/9247 2606/1272/9248 2608/1152/9249
f 2604/1271/9241 2606/1272/9250 2605/1158/9240
f 2562/1153/9251 2565/1159/9252 2605/1158/9253
f 2605/1158/9253 2607/1155/9254 2562/1153/9251
f 2608/1152/9249 2607/1155/9255 2605/1158/9247
f 2608/1152/9256 2609/1149/9257 2558/1150/9258
f 2609/1149/9259 2608/1152/9260 2610/1266/9261
f 2558/1150/9258 2607/1155/9262 2608/1152/9256
f 2610/1266/9263 2608/1152/9264 2606/1272/9265
f 2610/1266/9261 2613/1267/9266 2609/1149/9259
f 2610/1266/9267 2612/1269/9268 2611/1268/9269
f 2611/1268/9269 13/16/9270 2610/1266/9267
f 2606/1272/9265 2612/1269/9271 2610/1266/9263
f 2610/1266/9272 13/16/9273 11/15/9274
f 11/15/9274 2613/1267/9275 2610/1266/9272
f 2613/1267/9276 21/27/9277 22/25/9278
f 21/27/9279 2613/1267/9280 11/15/9281
f 22/25/9278 2609/1149/9282 2613/1267/9276
f 2615/1290/9283 2611/1268/9284 2612/1269/9285
f 2612/1269/9286 2606/1272/9287 2604/1271/9288
f 2604/1271/9288 2614/1270/9289 2612/1269/9286
f 2612/1269/9285 2614/1270/9290 2615/1290/9283
f 2616/1256/9291 2618/1291/9292 2615/1290/9293
f 2615/1290/9293 2617/1289/9294 2616/1256/9291
f 2619/1288/9295 2617/1289/9296 2615/1290/9297
f 2611/1268/9298 2615/1290/9299 2618/1291/9300
f 2615/1290/9297 2614/1270/9301 2619/1288/9295
f 2602/1274/9302 2619/1288/9303 2614/1270/9304
f 2619/1288/9305 2602/1274/9306 2621/1281/9307
f 2621/1281/9307 2620/1283/9308 2619/1288/9305
f 2617/1289/9309 2619/1288/9310 2620/1283/9311
f 2596/1282/9235 2621/1281/9312 2602/1274/9233
f 2622/1284/9313 2620/1283/9314 2621/1281/9315
f 2597/1285/9215 2621/1281/9316 2596/1282/9213
f 2621/1281/9315 2597/1285/9317 2622/1284/9313
f 2623/1253/9318 2622/1284/9319 2625/1229/9320
f 2622/1284/9321 2623/1253/9322 2624/1255/9323
f 2624/1255/9323 2620/1283/9324 2622/1284/9321
f 2622/1284/9325 2597/1285/9326 2594/1286/9327
f 2594/1286/9327 2625/1229/9328 2622/1284/9325
f 2626/1226/9329 2625/1229/9330 2627/1224/9331
f 2625/1229/9320 2626/1226/9332 2623/1253/9318
f 2625/1229/9333 2594/1286/9334 2591/1287/9335
f 2591/1287/9335 2627/1224/9336 2625/1229/9333
f 2628/1225/9337 2627/1224/9338 2629/1223/9339
f 2627/1224/9331 2628/1225/9340 2626/1226/9329
f 2627/1224/9341 2591/1287/9342 2592/1222/9343
f 2592/1222/9343 2629/1223/9344 2627/1224/9341
f 222/211/631 2629/1223/9345 223/210/629
f 2629/1223/9339 222/211/9346 2628/1225/9337
f 223/210/9347 2629/1223/9348 2592/1222/9349
f 2631/1230/9350 2630/1228/9351 2628/1225/9352
f 2626/1226/9353 2628/1225/9354 2630/1228/9355
f 2628/1225/9352 222/211/9356 2631/1230/9350
f 218/207/634 2631/1230/9357 222/211/632
f 2632/1231/9358 2631/1230/9359 218/207/9360
f 2630/1228/9361 2631/1230/9362 2632/1231/9363
f 2632/1242/9364 2634/1238/9365 2633/1240/9366
f 2633/1240/9366 2635/1241/9367 2632/1242/9364
f 2634/1238/9368 2632/1242/9369 220/1234/9370
f 2632/1231/9363 2635/1244/9371 2630/1228/9361
f 218/207/9360 220/206/9372 2632/1231/9358
f 2635/1241/9373 2633/1240/9374 2638/1246/9375
f 2635/1244/9376 2636/1243/9377 2637/1227/9378
f 2638/1246/9375 2636/1245/9379 2635/1241/9373
f 2637/1227/9378 2630/1228/9380 2635/1244/9376
f 2636/1245/9381 2638/1246/9382 2639/1248/9383
f 2640/1127/9384 2639/1248/9385 2638/1246/9386
f 2638/1246/9386 2641/1129/9387 2640/1127/9384
f 2642/1239/9388 2641/1129/9389 2638/1246/9390
f 2638/1246/9390 2633/1240/9391 2642/1239/9388
f 2642/1239/9392 2633/1240/9393 2634/1238/9394
f 2634/1238/9394 2643/1237/9395 2642/1239/9392
f 2642/1239/9396 2643/1237/9397 89/94/9398
f 2642/1239/9399 2645/1125/9400 2644/1126/9401
f 2644/1126/9401 2641/1129/9402 2642/1239/9399
f 89/94/9398 2645/1125/9403 2642/1239/9396
f 2646/1122/9404 2644/1126/9405 2645/1125/9406
f 85/91/198 2645/1125/9407 89/94/196
f 2645/1125/9406 85/91/9408 2646/1122/9404
f 2648/1124/9409 2647/1123/9410 2646/1122/9411
f 2644/1126/9412 2646/1122/9413 2647/1123/9414
f 82/88/185 2646/1122/9415 85/91/183
f 2646/1122/9411 82/88/9416 2648/1124/9409
f 2649/1132/9417 2648/1124/9418 75/81/9419
f 2647/1123/9420 2648/1124/9421 2649/1132/9422
f 75/81/177 2648/1124/9423 82/88/175
f 2649/1132/9422 2650/1131/9424 2647/1123/9420
f 2650/1131/9425 2649/1132/9426 2652/1135/9427
f 2649/1132/9428 74/80/9429 2651/1136/9430
f 2651/1136/9430 2652/1135/9431 2649/1132/9428
f 75/81/9419 74/80/9432 2649/1132/9417
f 2652/1135/9427 2653/1133/9433 2650/1131/9425
f 2653/1133/9434 2652/1135/9435 2654/1139/9436
f 2655/1138/9437 2654/1139/9438 2652/1135/9439
f 2652/1135/9439 2651/1136/9440 2655/1138/9437
f 2656/1140/9441 2654/1139/9442 2655/1138/9443
f 2655/1138/9444 2651/1136/9445 70/77/150
f 70/77/150 72/79/149 2655/1138/9444
f 2657/1141/9446 2655/1138/9443 72/79/9447
f 2655/1138/9443 2657/1141/9446 2656/1140/9441
f 18/22/9448 2656/1146/9449 2657/1143/9450
f 2657/1143/9450 2658/1142/9451 2660/1147/9452
f 72/79/9447 2658/1145/9453 2657/1141/9446
f 2657/1143/9450 2659/1144/9454 18/22/9448
f 2660/1147/9452 2659/1144/9454 2657/1143/9450
f 2659/1144/9455 2660/1147/9456 2661/1305/9457
f 2661/1305/9457 2660/1147/9456 47/49/91
f 47/49/9458 2660/1147/9452 2658/1142/9451
f 2662/1148/9459 2661/1305/9460 38/41/9461
f 38/41/9461 2661/1305/9460 48/52/95
f 2661/1305/9457 2662/1148/9462 2659/1144/9455
f 47/49/91 48/52/96 2661/1305/9457
f 18/22/42 2659/1144/9455 2662/1148/9462
f 17/21/41 2662/1148/9459 2663/1304/9463
f 38/41/9461 2663/1304/9463 2662/1148/9459
f 2662/1148/9462 17/21/43 18/22/42
f 23/23/54 2663/1304/9464 26/28/55
f 26/28/55 2663/1304/9464 38/41/76
f 2663/1304/9463 23/23/47 17/21/41
f 2658/1142/9451 2664/1306/9465 47/49/9458
f 71/76/9466 2664/1307/9467 2658/1145/9453
f 2658/1145/9453 72/79/9447 71/76/9466
f 2664/1307/9467 71/76/9466 61/68/9468
f 61/68/9468 50/60/108 2664/1307/9467
f 2664/1306/9465 50/53/98 46/50/101
f 46/50/101 47/49/9458 2664/1306/9465
f 15/18/9469 2665/1265/9470 2656/1146/9449
f 2654/1139/9471 2656/1140/9472 2665/1264/9473
f 2656/1146/9449 18/22/9448 15/18/9469
f 8/13/34 2665/1265/9474 15/18/32
f 2666/1263/9475 2665/1264/9476 8/11/9477
f 2665/1264/9473 2666/1263/9478 2654/1139/9471
f 2654/1139/9436 2666/1263/9479 2653/1133/9434
f 2653/1133/9480 2666/1263/9481 5/6/9482
f 8/11/9477 5/6/9483 2666/1263/9475
f 2667/1130/9484 2650/1131/9485 2653/1133/9486
f 2653/1133/9486 2668/1134/9487 2667/1130/9484
f 5/6/9482 2668/1134/9488 2653/1133/9480
f 2668/1134/9489 4/2/9490 2669/1262/9491
f 4/2/10 2668/1134/9492 5/6/8
f 2669/1262/9491 2667/1130/9493 2668/1134/9489
f 2670/1261/9494 2669/1262/9495 4/2/9496
f 2669/1262/9497 2670/1261/9498 2639/1248/9499
f 2639/1248/9499 2640/1127/9500 2669/1262/9497
f 2669/1262/9501 2640/1127/9502 2671/1128/9503
f 2671/1128/9503 2667/1130/9504 2669/1262/9501
f 2650/1131/9505 2667/1130/9506 2671/1128/9507
f 2647/1123/9414 2671/1128/9508 2644/1126/9412
f 2641/1129/9509 2644/1126/9510 2671/1128/9511
f 2671/1128/9507 2647/1123/9512 2650/1131/9505
f 2671/1128/9511 2640/1127/9513 2641/1129/9509
f 2670/1261/9514 2/1/9515 2672/1259/9516
f 4/2/9496 2/1/9517 2670/1261/9494
f 2674/1247/9518 2639/1248/9519 2670/1261/9520
f 2672/1259/9516 2673/1249/9521 2670/1261/9514
f 2670/1261/9520 2673/1249/9522 2674/1247/9518
f 2675/1252/9523 2674/1251/9524 2673/1250/9525
f 2637/1227/9526 2636/1243/9527 2674/1251/9528
f 2639/1248/9383 2674/1247/9529 2636/1245/9381
f 2674/1251/9528 2675/1252/9530 2637/1227/9526
f 2673/1250/9525 2676/1254/9531 2675/1252/9523
f 2637/1227/9532 2675/1252/9533 2623/1253/9534
f 2624/1255/9535 2623/1253/9536 2675/1252/9537
f 2675/1252/9537 2676/1254/9538 2624/1255/9535
f 2672/1257/9539 2616/1256/9540 2676/1254/9541
f 2624/1255/9542 2676/1254/9543 2616/1256/9544
f 2676/1254/9541 2673/1250/9545 2672/1257/9539
f 2677/1260/9546 2672/1259/9547 2/1/9548
f 2618/1291/9549 2616/1256/9550 2672/1257/9551
f 2672/1257/9551 2677/1258/9552 2618/1291/9549
f 2/1/9548 3/4/9553 2677/1260/9546
f 2677/1260/9554 3/4/9555 7/10/9556
f 7/10/9556 2678/1294/9557 2677/1260/9554
f 2618/1291/9558 2677/1258/9559 2678/1293/9560
f 2679/1292/9561 2678/1293/9562 7/8/9563
f 2678/1293/9560 2679/1292/9564 2618/1291/9558
f 2618/1291/9300 2679/1292/9565 2611/1268/9298
f 7/8/9563 9/7/9566 2679/1292/9561
f 2611/1268/9567 2679/1292/9568 9/7/9569
f 70/77/156 2651/1136/9570 74/80/154
f 2643/1237/9571 2634/1238/9572 2680/1235/9573
f 2680/1235/9573 2681/1236/9574 2643/1237/9571
f 89/94/9575 2643/1237/9576 2681/1236/9577
f 205/198/9578 2681/1236/9579 2680/1235/9580
f 2681/1236/9577 91/96/9581 89/94/9575
f 93/97/9582 91/96/9583 2681/1236/9584
f 2681/1236/9584 205/198/9585 93/97/9582
f 220/1234/9370 2680/1235/9586 2634/1238/9368
f 2680/1235/9580 2682/1233/9587 205/198/9578
f 216/1232/9588 2682/1233/9589 2680/1235/9590
f 2680/1235/9590 220/1234/9591 216/1232/9588
f 210/199/9592 204/197/9593 2682/1233/9594
f 2682/1233/9594 216/1232/9595 210/199/9592
f 205/198/581 2682/1233/9596 204/197/579
f 2630/1228/9355 2637/1227/9597 2626/1226/9353
f 2623/1253/9534 2626/1226/9598 2637/1227/9532
f 2616/1256/9544 2617/1289/9599 2624/1255/9542
f 2620/1283/9311 2624/1255/9600 2617/1289/9309
f 2614/1270/9304 2604/1271/9601 2602/1274/9302
f 9/7/9569 13/16/9602 2611/1268/9567
f 2557/1151/9603 2558/1150/9604 2609/1149/9605
f 2609/1149/9605 22/25/9606 2557/1151/9603
f 2559/1154/9607 2562/1153/9608 2607/1155/9609
f 2607/1155/9609 2558/1150/9610 2559/1154/9607
f 2580/1206/9611 2600/1207/9612 2567/1276/9613
f 2600/1207/9230 2580/1206/9614 2579/1205/9228
f 2683/1221/9615 2592/1222/9616 2589/1215/9617
f 2592/1222/9349 2683/1221/9618 223/210/9347
f 223/210/644 2683/1221/642 225/214/642
f 2683/1221/9619 2684/1218/9620 2685/1219/9620
f 2589/1215/9617 2684/1218/9621 2683/1221/9615
f 2685/1219/9620 225/214/9622 2683/1221/9619
f 227/215/9623 225/214/9624 2685/1219/9625
f 2686/1220/9626 2685/1219/9627 265/238/9628
f 265/238/9629 2685/1219/9630 2684/1218/9631
f 2685/1219/9625 2686/1220/9632 227/215/9623
f 229/217/9633 227/215/9634 2686/1220/9635
f 258/231/754 2686/1220/9636 261/233/752
f 265/238/9628 261/233/9637 2686/1220/9626
f 2686/1220/9635 258/231/9638 229/217/9633
f 2684/1218/9631 268/241/9639 265/238/9629
f 268/241/9187 2684/1218/9186 2589/1215/9186
f 2581/1201/9221 2583/1200/9640 2587/1212/9219
f 2567/1276/9613 2568/1277/9641 2580/1206/9611
f 2576/1204/9642 2580/1206/9643 2568/1277/9644
f 2568/1277/9644 2570/1278/9645 2576/1204/9642
f 2564/1161/9130 2561/1160/9646 903/767/9128
f 914/777/9097 909/773/9647 2561/1160/9095
f 903/767/2853 2561/1160/9648 909/773/2851
f 2557/1151/9649 22/25/9650 20/24/56
f 20/24/56 2555/1302/9651 2557/1151/9649
f 25/29/58 2555/1302/9651 20/24/56
f 2555/1302/9075 25/29/63 2553/1300/9078
f 29/33/65 2553/1300/9078 25/29/63
f 894/758/9652 897/760/9653 854/718/9654
f 860/724/2680 894/758/2680 855/717/2678
f 854/718/9654 855/717/9655 894/758/9652
f 272/246/785 881/744/9656 273/245/783
f 832/695/2642 826/687/9657 852/715/2640
f 662/587/1946 845/709/2615 663/586/1945
f 827/688/2548 826/687/9658 832/695/2546
f 693/606/2591 814/1167/9659 813/704/2589
f 694/607/2055 814/1167/9660 693/606/2053
f 808/667/9661 814/672/9662 694/610/9663
f 694/610/9663 697/609/9664 808/667/9661
f 785/321/2381 799/658/9665 699/320/2379
f 700/322/2456 699/320/9666 799/658/2455
f 799/658/2447 785/321/2447 790/651/2446
f 284/259/2440 281/254/2440 797/655/2439
f 783/314/2388 772/313/9667 788/310/2386
f 773/309/2341 788/310/9668 772/313/2339
f 775/316/2374 772/313/9669 783/314/2372
f 709/618/9670 782/328/9671 701/326/9672
f 699/320/2385 701/319/9673 782/317/2383
f 745/636/9674 778/633/9675 779/630/9676
f 711/620/2108 779/630/9677 708/617/2106
f 779/630/9676 711/620/9678 745/636/9674
f 776/632/9679 778/633/9680 2687/635/9681
f 2687/635/9682 778/633/9683 745/636/9684
f 766/643/9685 2688/634/9686 2687/635/9687
f 2687/635/9687 2689/1465/9688 766/643/9685
f 2687/635/9681 2688/634/9689 776/632/9679
f 745/636/9684 748/638/9690 2687/635/9682
f 2689/1465/9691 2687/635/9692 748/638/9693
f 763/293/9694 2689/1465/9695 749/641/9696
f 766/643/9697 2689/1465/9698 763/293/9699
f 748/638/9693 749/641/9700 2689/1465/9691
f 2688/634/9701 766/643/9702 767/644/9703
f 767/644/9703 768/650/9704 2688/634/9701
f 776/632/2350 2688/634/9705 768/650/2348
f 770/300/2425 761/301/9706 760/305/2423
f 763/293/9699 764/294/9707 766/643/9697
f 757/291/2292 763/293/9708 754/297/2290
f 749/641/9696 754/297/9709 763/293/9694
f 304/281/2304 300/278/9710 760/298/2302
f 754/297/2275 749/641/9711 747/640/2273
f 325/297/9712 752/641/9713 2690/1465/9714
f 2690/1465/9715 752/641/9716 741/638/9717
f 2690/1465/9714 324/293/9718 325/297/9712
f 2691/643/9719 2690/1465/9720 739/635/9721
f 324/293/9722 2690/1465/9723 2691/643/9724
f 741/638/9717 739/635/9725 2690/1465/9715
f 2692/644/9726 2691/643/9727 738/634/9728
f 322/294/9729 2691/643/9730 2692/644/9731
f 739/635/9721 738/634/9732 2691/643/9719
f 2691/643/9724 322/294/9733 324/293/9722
f 331/302/9734 2692/646/9735 2693/645/9736
f 2692/644/9731 331/303/9737 322/294/9729
f 738/634/9728 2693/650/9738 2692/644/9726
f 735/632/9739 734/631/9740 2693/650/9741
f 2694/647/9742 2693/645/9743 734/649/9744
f 2693/645/9736 2694/647/9745 331/302/9734
f 2693/650/9741 738/634/9746 735/632/9739
f 331/302/927 2694/647/9747 332/300/925
f 338/309/9748 332/300/9749 2694/647/9750
f 2694/647/9750 2695/648/9751 338/309/9748
f 734/649/9744 2695/648/9752 2694/647/9742
f 338/309/960 2695/648/9753 342/313/958
f 347/316/9754 342/313/9755 2695/648/9756
f 2695/648/9756 734/649/9757 347/316/9754
f 751/642/9758 325/297/9759 317/290/891
f 317/290/891 318/289/890 751/642/9758
f 730/617/2183 718/616/9760 720/615/2181
f 701/326/9672 703/327/9761 709/618/9670
f 686/331/2090 687/332/9762 706/614/2088
f 691/604/2047 680/603/9763 681/339/2045
f 678/602/2583 680/603/9764 691/604/2581
f 643/567/1917 660/585/1956 645/570/1915
f 648/573/9765 634/559/9766 636/561/9767
f 636/561/9767 646/569/9768 648/573/9765
f 612/374/9070 614/555/9769 627/365/9068
f 600/378/3101 601/545/9770 610/379/3099
f 603/550/1747 474/415/9771 606/553/1745
f 471/413/1342 606/553/9772 474/415/1340
f 474/419/9773 603/549/9774 528/472/9775
f 595/850/3106 597/546/9776 600/378/3104
f 530/474/1517 598/543/9777 531/475/1516
f 533/477/1723 531/475/9778 598/543/1721
f 540/484/1695 536/480/9779 591/535/1693
f 533/477/9780 590/536/9781 591/535/9782
f 534/478/1535 591/535/9783 536/480/1533
f 591/535/9782 534/478/9784 533/477/9780
f 540/484/1550 588/533/9785 542/485/1548
f 2696/1298/9786 542/485/9787 588/533/9788
f 588/533/9788 585/530/9789 2696/1298/9786
f 545/488/9790 2696/1298/9791 568/513/9792
f 568/513/9793 2696/1298/9794 585/530/9795
f 542/485/1558 2696/1298/9796 545/488/1556
f 585/530/9795 582/527/9797 568/513/9793
f 582/527/9798 570/514/9799 567/511/9800
f 567/511/9800 568/513/9801 582/527/9798
f 568/513/9792 550/494/9802 545/488/9790
f 538/483/1543 517/461/9803 516/460/1541
f 528/472/9775 476/420/9804 474/419/9773
f 480/1295/9805 483/1049/9806 468/410/9807
f 472/412/1332 480/1295/9808 469/409/1330
f 468/410/9807 469/409/9809 480/1295/9805
f 451/400/1276 437/393/9810 438/392/1274
f 431/386/9811 426/382/9812 2697/555/9813
f 2697/555/9813 411/366/9814 431/386/9811
f 411/366/1156 2697/555/9815 410/365/1154
f 410/365/1182 2697/555/9816 419/374/1180
f 419/374/1204 2697/555/9817 426/382/1202
f 414/370/1168 406/362/9818 407/363/1166
f 376/347/4577 378/348/9819 400/352/4575
f 398/355/1153 396/358/9820 395/359/1151
f 387/352/1990 384/348/9821 382/347/1988
f 363/337/1044 362/335/9822 373/345/1042
f 341/311/4903 343/312/9823 350/321/4901
f 329/298/920 336/278/920 328/281/919
f 323/295/930 322/294/9824 331/303/928
f 320/292/902 327/279/9825 314/284/900
f 279/252/9826 263/237/9826 266/240/9827
f 266/240/9827 276/249/9826 279/252/9826
f 276/249/795 266/240/9828 269/243/793
f 260/234/757 255/228/9829 254/227/755
f 232/220/749 229/217/9830 258/231/747
f 241/149/710 238/151/9831 249/154/708
f 212/202/607 230/130/9832 213/124/605
f 207/121/592 199/115/9833 200/193/590
f 196/117/5224 199/115/9834 207/121/5222
f 2698/1194/9835 145/144/9836 169/172/9837
f 169/172/9837 167/170/9838 2698/1194/9835
f 2698/1194/9839 155/157/9840 149/156/9841
f 155/157/9842 2698/1194/9843 167/170/9844
f 145/144/359 2698/1194/9845 146/142/357
f 149/156/9841 146/142/9846 2698/1194/9839
f 167/170/9844 163/167/9847 155/157/9842
f 136/133/6102 137/135/9848 148/148/6100
f 142/191/505 139/1195/9849 125/119/503
f 125/119/314 139/1195/9850 128/123/312
f 103/103/6075 105/105/9851 122/116/6073
f 62/69/128 61/68/127 71/76/145
f 50/60/108 61/68/9468 55/58/106
f 44/47/88 53/55/9053 43/46/86
f 48/52/95 37/42/9852 38/41/9461
f 41/45/90 37/42/9852 48/52/95
f 38/41/76 28/31/80 26/28/55
f 11/15/9281 12/17/9853 21/27/9279
