# Blender 5.0.1
# www.blender.org
mtllib pataizqatras.mtl
g pataderatras_Mesh
v 0.030201 0.030425 0.419803
v -0.041699 0.061226 0.412104
v -0.110799 0.090726 0.389303
v -0.174499 0.118025 0.352303
v -0.230399 0.141925 0.302403
v -0.276199 0.161525 0.241703
v -0.310299 0.176125 0.172403
v -0.331199 0.185025 0.097204
v -0.338299 0.188125 0.019004
v -0.331199 0.185025 -0.059197
v -0.310299 0.176125 -0.134397
v -0.276199 0.161525 -0.203696
v -0.230399 0.141925 -0.264497
v -0.174499 0.118025 -0.314297
v -0.110799 0.090726 -0.351397
v -0.041699 0.061226 -0.374196
v 0.030201 0.030425 -0.381896
v 0.102101 -0.000374 -0.374196
v 0.171301 -0.029874 -0.351397
v 0.235001 -0.057175 -0.314297
v 0.290801 -0.081075 -0.264497
v 0.336701 -0.100674 -0.203696
v 0.370701 -0.115275 -0.134397
v 0.391701 -0.124174 -0.059197
v 0.398801 -0.127275 0.019004
v 0.391701 -0.124174 0.097204
v 0.370701 -0.115275 0.172403
v 0.336701 -0.100675 0.241703
v 0.290801 -0.081075 0.302403
v 0.102101 -0.000374 0.412104
v 0.235001 -0.057175 0.352303
v 0.171301 -0.029874 0.389303
v 0.340001 -0.245075 -0.059197
v 0.293401 -0.264275 -0.052196
v 0.299801 -0.267075 0.019004
v 0.347001 -0.248175 0.019004
v 0.119501 -0.150775 -0.351397
v 0.183301 -0.178075 -0.314297
v -0.021499 -0.090475 0.419803
v 0.050401 -0.121174 0.412104
v -0.282099 0.021026 0.302403
v -0.327899 0.040625 0.241703
v 0.050401 -0.121174 -0.374196
v 0.119501 -0.150775 0.389303
v -0.226299 -0.002875 0.352303
v -0.021499 -0.090474 -0.381896
v 0.183301 -0.178075 0.352303
v -0.162499 -0.030075 0.389303
v -0.093399 -0.059675 -0.374196
v 0.239101 -0.201975 0.302403
v -0.093399 -0.059675 0.412104
v -0.162499 -0.030074 -0.351397
v 0.284901 -0.221575 0.241703
v -0.226299 -0.002874 -0.314297
v 0.319001 -0.236175 0.172403
v -0.282099 0.021026 -0.264497
v 0.340001 -0.245075 0.097204
v -0.327899 0.040625 -0.203696
v -0.361999 0.055226 -0.134397
v -0.382999 0.064226 -0.059197
v 0.319001 -0.236175 -0.134397
v -0.389999 0.067225 0.019004
v 0.284901 -0.221575 -0.203696
v -0.382999 0.064226 0.097204
v 0.239101 -0.201974 -0.264497
v -0.361999 0.055225 0.172403
v 0.201601 -0.224974 -0.239097
v 0.213201 -0.251075 -0.259997
v 0.258301 -0.270375 -0.200196
v 0.243301 -0.242874 -0.183797
v -0.364699 0.017225 -0.052196
v -0.345599 0.009125 -0.120697
v 0.274301 -0.256175 -0.120697
v -0.371099 0.020025 0.019004
v -0.364699 0.017225 0.090203
v -0.345599 0.009125 0.158603
v 0.150701 -0.203275 -0.284397
v -0.314599 -0.004175 0.221703
v 0.092701 -0.178475 -0.318197
v 0.029801 -0.151575 0.376904
v -0.035599 -0.123575 0.383903
v -0.272899 -0.022075 0.277003
v 0.029801 -0.151575 -0.338896
v 0.092701 -0.178475 0.356104
v -0.221999 -0.043775 0.322403
v -0.035599 -0.123575 -0.345897
v 0.150701 -0.203275 0.322403
v -0.163999 -0.068575 0.356104
v -0.101099 -0.095475 -0.338896
v 0.201601 -0.224975 0.277003
v -0.101099 -0.095475 0.376904
v -0.163999 -0.068575 -0.318197
v 0.243301 -0.242875 0.221703
v -0.221999 -0.043774 -0.284396
v 0.274301 -0.256175 0.158603
v -0.272899 -0.022075 -0.239096
v 0.293401 -0.264275 0.090203
v -0.314599 -0.004175 -0.183796
v 0.095501 -0.200675 -0.345497
v 0.027501 -0.171575 -0.367897
v -0.032099 -0.310975 -0.367897
v 0.035901 -0.340075 -0.345497
v -0.378299 0.002025 0.169903
v -0.398999 0.010826 0.095903
v 0.158201 -0.227575 -0.308997
v -0.344799 -0.012375 0.238103
v 0.027501 -0.171575 0.405803
v -0.043299 -0.141375 0.413403
v -0.299699 -0.031675 0.297904
v 0.095501 -0.200675 0.383403
v -0.244799 -0.055174 0.346903
v -0.043299 -0.141375 -0.375496
v 0.158201 -0.227575 0.346903
v -0.182099 -0.081975 0.383404
v -0.113999 -0.111075 -0.367897
v 0.213201 -0.251075 0.297903
v -0.113999 -0.111075 0.405803
v -0.182099 -0.081975 -0.345497
v 0.258301 -0.270375 0.238103
v -0.244799 -0.055174 -0.308997
v 0.291801 -0.284675 0.169903
v -0.299699 -0.031674 -0.259997
v 0.312401 -0.293475 0.095903
v -0.344799 -0.012375 -0.200196
v 0.319401 -0.296475 0.019004
v -0.378299 0.002025 -0.131996
v 0.312401 -0.293475 -0.057996
v -0.398999 0.010826 -0.057996
v 0.291801 -0.284675 -0.131996
v -0.405899 0.013826 0.019004
v -0.241699 -0.221374 -0.345497
v -0.243199 -0.266075 -0.306497
v -0.182499 -0.292075 -0.326497
v -0.173699 -0.250475 -0.367897
v 0.035901 -0.340075 0.383403
v -0.032099 -0.310975 0.405803
v -0.304399 -0.194475 0.346903
v -0.359299 -0.170975 0.297904
v -0.102899 -0.280675 -0.375497
v 0.098601 -0.366875 0.346903
v -0.241699 -0.221375 0.383403
v 0.153501 -0.390475 0.297903
v -0.173699 -0.250475 0.405803
v 0.198601 -0.409775 0.238103
v -0.102899 -0.280675 0.413403
v -0.304399 -0.194475 -0.308997
v 0.232201 -0.424075 0.169903
v -0.359299 -0.170975 -0.259997
v 0.252801 -0.432875 0.095903
v -0.404399 -0.151674 -0.200196
v 0.259801 -0.435875 0.019004
v -0.437999 -0.137375 -0.131996
v 0.252801 -0.432875 -0.057997
v -0.458599 -0.128574 -0.057996
v 0.232201 -0.424075 -0.131997
v -0.465599 -0.125574 0.019004
v 0.198601 -0.409775 -0.200197
v -0.458599 -0.128574 0.095903
v 0.153501 -0.390475 -0.259997
v -0.437999 -0.137375 0.169903
v 0.098601 -0.366875 -0.308997
v -0.404399 -0.151675 0.238103
v -0.388599 -0.203875 -0.176697
v -0.439399 -0.235575 -0.199597
v -0.394399 -0.254775 -0.259197
v -0.348299 -0.221075 -0.230097
v 0.150001 -0.434275 0.214703
v 0.109701 -0.417075 0.268103
v -0.182499 -0.292075 0.364503
v -0.119299 -0.319075 0.371203
v -0.299199 -0.242075 -0.273897
v 0.179901 -0.447075 0.153803
v 0.198301 -0.454975 0.087703
v 0.204601 -0.457575 0.019004
v -0.418499 -0.191075 -0.115797
v 0.198301 -0.454975 -0.049797
v -0.436899 -0.183175 -0.049797
v 0.179901 -0.447075 -0.115797
v -0.443199 -0.180475 0.019004
v 0.150001 -0.434275 -0.176697
v -0.436899 -0.183175 0.087703
v 0.109701 -0.417075 -0.230097
v -0.418499 -0.191075 0.153803
v 0.060601 -0.396075 -0.273897
v -0.388599 -0.203875 0.214703
v 0.004601 -0.372075 -0.306497
v -0.056099 -0.346075 0.364503
v -0.348299 -0.221075 0.268103
v -0.056099 -0.346075 -0.326497
v 0.004601 -0.372075 0.344403
v -0.299199 -0.242075 0.311903
v -0.119299 -0.319074 -0.333297
v 0.060601 -0.396075 0.311903
v -0.243199 -0.266075 0.344403
v -0.559299 -0.347175 0.019004
v -0.552299 -0.350175 -0.057797
v -0.493399 -0.212475 -0.057797
v -0.500299 -0.209475 0.019004
v 0.216101 -0.515975 0.095703
v 0.223101 -0.518975 0.019004
v -0.472799 -0.221274 -0.131597
v 0.216101 -0.515975 -0.057797
v 0.195601 -0.507175 -0.131597
v 0.162101 -0.492874 -0.199597
v -0.493399 -0.212475 0.095704
v 0.117101 -0.473675 -0.259197
v -0.472799 -0.221275 0.169503
v 0.062301 -0.450175 -0.308197
v -0.439399 -0.235575 0.237503
v -0.000199 -0.423475 -0.344496
v -0.068099 -0.394375 0.404803
v -0.138599 -0.364275 0.412403
v -0.394399 -0.254775 0.297203
v -0.068099 -0.394375 -0.366897
v -0.000199 -0.423475 0.382403
v -0.339599 -0.278275 0.346103
v -0.138599 -0.364274 -0.374497
v 0.062301 -0.450175 0.346103
v -0.277099 -0.304975 0.382403
v -0.209199 -0.334074 -0.366897
v 0.117101 -0.473675 0.297203
v -0.209199 -0.334075 0.404803
v -0.277099 -0.304975 -0.344496
v 0.162101 -0.492875 0.237503
v -0.339599 -0.278275 -0.308197
v 0.195601 -0.507175 0.169503
v -0.498299 -0.373275 0.237503
v -0.482299 -0.453175 0.206903
v -0.511599 -0.442475 0.148403
v -0.531699 -0.358975 0.169503
v 0.103201 -0.630575 -0.199597
v 0.136601 -0.644875 -0.131597
v -0.552299 -0.350175 0.095703
v 0.058201 -0.611374 -0.259197
v 0.003401 -0.587875 -0.308197
v -0.059099 -0.561175 -0.344496
v -0.126999 -0.532175 0.404803
v -0.197499 -0.501975 0.412403
v -0.453299 -0.392475 0.297203
v -0.126999 -0.532175 -0.366897
v -0.059099 -0.561175 0.382403
v -0.398499 -0.415975 0.346103
v -0.197499 -0.501975 -0.374497
v 0.003401 -0.587875 0.346103
v -0.335999 -0.442675 0.382403
v -0.268099 -0.471775 -0.366897
v 0.058201 -0.611374 0.297203
v -0.268099 -0.471775 0.404803
v -0.335999 -0.442674 -0.344496
v 0.103201 -0.630575 0.237503
v -0.398499 -0.415974 -0.308197
v 0.136601 -0.644875 0.169503
v -0.453299 -0.392475 -0.259197
v 0.157201 -0.653675 0.095703
v -0.498299 -0.373275 -0.199597
v 0.164201 -0.656675 0.019003
v -0.531699 -0.358975 -0.131597
v 0.157201 -0.653675 -0.057797
v -0.590999 -0.457275 -0.056997
v -0.570199 -0.464975 -0.130097
v -0.511599 -0.442475 -0.110497
v -0.529699 -0.435875 -0.046997
v -0.096599 -0.594675 -0.293597
v -0.041599 -0.614775 -0.262397
v -0.156199 -0.572775 0.350803
v -0.218099 -0.550075 0.357303
v -0.442799 -0.467675 0.258203
v -0.156199 -0.572775 -0.312896
v -0.096599 -0.594675 0.331603
v -0.394599 -0.485375 0.300303
v -0.218099 -0.550075 -0.319396
v -0.041599 -0.614775 0.300303
v -0.339699 -0.505475 0.331603
v -0.280099 -0.527375 -0.312896
v 0.006501 -0.632375 0.258203
v -0.280099 -0.527375 0.350803
v -0.339699 -0.505475 -0.293597
v 0.046001 -0.646875 0.206903
v -0.394599 -0.485375 -0.262397
v 0.075401 -0.657675 0.148403
v -0.442799 -0.467675 -0.220297
v 0.093401 -0.664275 0.085003
v -0.482299 -0.453175 -0.168997
v 0.099501 -0.666475 0.019003
v 0.093401 -0.664275 -0.046997
v 0.075401 -0.657675 -0.110497
v -0.535799 -0.433575 0.019004
v 0.046001 -0.646875 -0.168997
v -0.529699 -0.435875 0.085004
v 0.006501 -0.632375 -0.220297
v -0.570199 -0.464975 0.168003
v -0.618499 -0.596875 0.168003
v -0.639299 -0.589175 0.094903
v -0.590999 -0.457275 0.094903
v 0.105501 -0.712674 -0.130097
v 0.126301 -0.720275 -0.056997
v -0.597999 -0.454675 0.019004
v 0.071701 -0.700275 -0.197397
v 0.026201 -0.683575 -0.256397
v -0.029199 -0.663275 -0.304897
v -0.536399 -0.477275 0.235303
v -0.092399 -0.640075 -0.340897
v -0.160999 -0.614975 0.401003
v -0.232299 -0.588775 0.408403
v -0.490899 -0.493975 0.294403
v -0.160999 -0.614974 -0.362997
v -0.092399 -0.640075 0.378803
v -0.435499 -0.514275 0.342803
v -0.232299 -0.588775 -0.370497
v -0.029199 -0.663275 0.342803
v -0.372299 -0.537475 0.378803
v -0.303699 -0.562675 -0.362997
v 0.026201 -0.683575 0.294403
v -0.303699 -0.562675 0.401003
v -0.372299 -0.537475 -0.340896
v 0.071701 -0.700275 0.235303
v -0.435499 -0.514275 -0.304897
v 0.105501 -0.712674 0.168003
v -0.490899 -0.493975 -0.256397
v 0.126301 -0.720275 0.094903
v -0.536399 -0.477275 -0.197397
v 0.133401 -0.722875 0.019003
v -0.526899 -0.708375 0.254803
v -0.539299 -0.625875 0.294403
v -0.483899 -0.646275 0.342803
v -0.478499 -0.722975 0.296203
v -0.077499 -0.795175 -0.304897
v -0.022099 -0.815475 -0.256397
v -0.584699 -0.609275 0.235303
v -0.140799 -0.771975 -0.340897
v -0.209399 -0.746875 0.401003
v -0.280699 -0.720675 0.408403
v -0.209399 -0.746875 -0.362997
v -0.140799 -0.771975 0.378803
v -0.280699 -0.720675 -0.370497
v -0.077499 -0.795175 0.342803
v -0.420599 -0.669375 0.378803
v -0.351999 -0.694575 -0.362997
v -0.022099 -0.815475 0.294403
v -0.351999 -0.694575 0.401003
v -0.420599 -0.669375 -0.340897
v 0.023401 -0.832175 0.235303
v -0.483899 -0.646275 -0.304897
v 0.057201 -0.844575 0.168003
v -0.539299 -0.625875 -0.256397
v 0.078001 -0.852175 0.094903
v -0.584699 -0.609275 -0.197397
v 0.085001 -0.854775 0.019003
v -0.618499 -0.596875 -0.130097
v 0.078001 -0.852175 -0.056997
v -0.639299 -0.589175 -0.056997
v 0.057201 -0.844575 -0.130097
v -0.646399 -0.586675 0.019004
v 0.023401 -0.832175 -0.197397
v -0.312499 -0.814275 0.396103
v -0.382999 -0.792975 0.388903
v -0.363399 -0.757675 0.346003
v -0.301099 -0.776475 0.352403
v -0.301099 -0.776475 -0.314497
v -0.238799 -0.795175 -0.308097
v -0.123699 -0.829875 0.296203
v -0.178899 -0.813275 0.327003
v -0.423299 -0.739575 0.327003
v -0.363399 -0.757675 -0.308097
v -0.075399 -0.844475 0.254803
v -0.423299 -0.739575 -0.289097
v -0.035699 -0.856475 0.204203
v -0.478499 -0.722975 -0.258297
v -0.006199 -0.865375 0.146603
v -0.526899 -0.708375 -0.216797
v 0.012001 -0.870775 0.084003
v -0.566599 -0.696475 -0.166297
v 0.018201 -0.872675 0.019003
v -0.596099 -0.687575 -0.108597
v 0.012001 -0.870775 -0.046097
v -0.614299 -0.682075 -0.046097
v -0.006199 -0.865375 -0.108597
v -0.620399 -0.680175 0.019003
v -0.035699 -0.856475 -0.166297
v -0.614299 -0.682075 0.084003
v -0.075399 -0.844475 -0.216797
v -0.596099 -0.687575 0.146603
v -0.123699 -0.829875 -0.258297
v -0.566599 -0.696475 0.204203
v -0.178899 -0.813275 -0.289097
v -0.238799 -0.795175 0.346003
v -0.646099 -0.713675 -0.125397
v -0.683399 -0.837375 -0.125397
v -0.649999 -0.847475 -0.190597
v -0.612799 -0.723775 -0.190597
v -0.513099 -0.753775 -0.294597
v -0.450699 -0.772575 -0.329497
v -0.012299 -0.904775 0.228503
v 0.021101 -0.914775 0.163303
v -0.567899 -0.737275 -0.247697
v 0.041601 -0.920975 0.092503
v 0.048601 -0.923075 0.019003
v 0.041601 -0.920975 -0.054597
v -0.666699 -0.707475 -0.054597
v 0.021101 -0.914775 -0.125397
v -0.673599 -0.705375 0.019003
v -0.012299 -0.904775 -0.190597
v -0.666699 -0.707475 0.092503
v -0.057199 -0.891175 -0.247697
v -0.646099 -0.713675 0.163303
v -0.111899 -0.874675 -0.294597
v -0.612799 -0.723775 0.228503
v -0.174299 -0.855875 -0.329497
v -0.242099 -0.835475 0.388903
v -0.567899 -0.737275 0.285603
v -0.242099 -0.835475 -0.350897
v -0.174299 -0.855875 0.367403
v -0.513099 -0.753775 0.332503
v -0.312499 -0.814275 -0.358197
v -0.111899 -0.874675 0.332503
v -0.450699 -0.772575 0.367403
v -0.382999 -0.792975 -0.350897
v -0.057199 -0.891175 0.285603
v -0.671999 -0.916775 0.019003
v -0.710899 -0.829075 0.019003
v -0.703999 -0.831175 0.092503
v -0.666099 -0.918075 0.080503
v 0.004401 -1.044675 -0.054597
v 0.011301 -1.046775 0.019003
v -0.703999 -0.831175 -0.054597
v -0.016199 -1.038475 -0.125397
v -0.049599 -1.028375 -0.190597
v -0.094499 -1.014875 -0.247697
v -0.683399 -0.837375 0.163303
v -0.149199 -0.998375 -0.294597
v -0.649999 -0.847475 0.228503
v -0.211599 -0.979575 -0.329497
v -0.349799 -0.937975 0.396103
v -0.279399 -0.959175 0.388903
v -0.605099 -0.860975 0.285603
v -0.279399 -0.959175 -0.350897
v -0.211599 -0.979575 0.367403
v -0.550399 -0.877475 0.332503
v -0.349799 -0.937975 -0.358197
v -0.149199 -0.998375 0.332503
v -0.487999 -0.896275 0.367403
v -0.420199 -0.916674 -0.350897
v -0.094499 -1.014875 0.285603
v -0.420199 -0.916674 0.388903
v -0.487999 -0.896275 -0.329497
v -0.049599 -1.028375 0.228503
v -0.550399 -0.877475 -0.294597
v -0.016199 -1.038475 0.163303
v -0.605099 -0.860975 -0.247697
v 0.004401 -1.044675 0.092503
v -0.363499 -0.983275 0.334603
v -0.303299 -0.996275 0.328503
v -0.306299 -1.055875 0.376603
v -0.375899 -1.040875 0.383703
v -0.145299 -1.030375 -0.204197
v -0.106899 -1.038575 -0.156397
v -0.648499 -0.921875 0.139703
v -0.192099 -1.020275 -0.243497
v -0.619999 -0.927975 0.194303
v -0.245399 -1.008775 -0.272597
v -0.581599 -0.936275 0.242103
v -0.303299 -0.996275 -0.290597
v -0.245399 -1.008775 0.310503
v -0.534899 -0.946375 0.281403
v -0.363499 -0.983275 -0.296597
v -0.192099 -1.020275 0.281403
v -0.481499 -0.957875 0.310503
v -0.423699 -0.970375 -0.290597
v -0.145299 -1.030375 0.242103
v -0.423699 -0.970375 0.328503
v -0.481499 -0.957875 -0.272597
v -0.106899 -1.038575 0.194303
v -0.534899 -0.946375 -0.243497
v -0.078399 -1.044775 0.139703
v -0.581599 -0.936275 -0.204197
v -0.060899 -1.048575 0.080503
v -0.619999 -0.927975 -0.156397
v -0.054999 -1.049775 0.019003
v -0.648499 -0.921875 -0.101797
v -0.060899 -1.048575 -0.042597
v -0.666099 -0.918075 -0.042597
v -0.078399 -1.044775 -0.101797
v -0.123799 -1.095175 0.276803
v -0.150999 -1.221175 0.276803
v -0.204999 -1.209575 0.322203
v -0.177799 -1.083575 0.322203
v -0.627999 -0.986475 0.276803
v -0.672299 -0.976975 0.221603
v -0.306299 -1.055875 -0.338697
v -0.239499 -1.070275 -0.317997
v -0.239499 -1.070275 0.355903
v -0.573899 -0.998175 0.322203
v -0.375899 -1.040875 -0.345697
v -0.512299 -1.011475 0.355903
v -0.445399 -1.025874 -0.338697
v -0.445399 -1.025874 0.376603
v -0.512299 -1.011475 -0.317997
v -0.079499 -1.104775 0.221603
v -0.573899 -0.998175 -0.284297
v -0.046499 -1.111875 0.158503
v -0.627999 -0.986475 -0.238897
v -0.026199 -1.116275 0.090103
v -0.672299 -0.976975 -0.183597
v -0.019399 -1.117775 0.019003
v -0.705199 -0.969875 -0.120597
v -0.026199 -1.116275 -0.052197
v -0.725499 -0.965475 -0.052197
v -0.046499 -1.111875 -0.120597
v -0.732399 -0.963975 0.019003
v -0.079499 -1.104775 -0.183597
v -0.725499 -0.965475 0.090103
v -0.123799 -1.095175 -0.238897
v -0.705199 -0.969875 0.158503
v -0.177799 -1.083575 -0.284297
v -0.113199 -1.243875 0.078603
v -0.130299 -1.240875 0.135903
v -0.073699 -1.237875 0.158503
v -0.053399 -1.242175 0.090103
v -0.472599 -1.151875 0.376603
v -0.539499 -1.137375 0.355903
v -0.539499 -1.137375 -0.317997
v -0.472599 -1.151875 -0.338697
v -0.106599 -1.230775 0.221603
v -0.402999 -1.166875 0.383703
v -0.601099 -1.124075 -0.284297
v -0.655099 -1.112475 -0.238897
v -0.699499 -1.102875 -0.183597
v -0.046499 -1.243675 0.019003
v -0.732399 -1.095775 -0.120597
v -0.053399 -1.242175 -0.052197
v -0.752699 -1.091475 -0.052197
v -0.073699 -1.237875 -0.120597
v -0.759499 -1.089975 0.019003
v -0.106599 -1.230775 -0.183597
v -0.752699 -1.091475 0.090103
v -0.150999 -1.221175 -0.238897
v -0.732399 -1.095775 0.158503
v -0.204999 -1.209575 -0.284297
v -0.699499 -1.102875 0.221603
v -0.266599 -1.196275 -0.317997
v -0.333499 -1.181774 0.376603
v -0.655099 -1.112475 0.276803
v -0.333499 -1.181774 -0.338697
v -0.266599 -1.196275 0.355903
v -0.601099 -1.124075 0.322203
v -0.402999 -1.166875 -0.345697
v -0.130299 -1.240875 -0.097997
v -0.090399 -1.281775 -0.117197
v -0.070499 -1.285275 -0.050397
v -0.113199 -1.243875 -0.040697
v -0.658999 -1.149175 -0.150897
v -0.621599 -1.155675 -0.197197
v -0.107399 -1.244875 0.019003
v -0.686899 -1.144374 -0.097997
v -0.703999 -1.141374 -0.040697
v -0.709799 -1.140375 0.019003
v -0.158199 -1.236075 -0.150897
v -0.703999 -1.141374 0.078603
v -0.195599 -1.229575 -0.197197
v -0.686899 -1.144374 0.135903
v -0.241299 -1.221675 -0.235197
v -0.658999 -1.149175 0.188803
v -0.293299 -1.212575 -0.263397
v -0.349799 -1.202775 0.318803
v -0.408599 -1.192575 0.324703
v -0.621599 -1.155675 0.235103
v -0.349799 -1.202775 -0.280797
v -0.293299 -1.212575 0.301403
v -0.575899 -1.163575 0.273103
v -0.408599 -1.192575 -0.286697
v -0.241299 -1.221675 0.273103
v -0.523899 -1.172675 0.301403
v -0.467399 -1.182474 -0.280797
v -0.195599 -1.229575 0.235103
v -0.467399 -1.182474 0.318803
v -0.523899 -1.172675 -0.263397
v -0.158199 -1.236075 0.188803
v -0.575899 -1.163575 -0.235197
v -0.219599 -1.259374 -0.276897
v -0.241199 -1.384374 -0.276897
v -0.188099 -1.393575 -0.232597
v -0.166399 -1.268674 -0.232597
v -0.764899 -1.164875 0.019003
v -0.758199 -1.165974 -0.050397
v -0.122799 -1.276175 -0.178697
v -0.758199 -1.165974 0.088403
v -0.738199 -1.169474 0.155103
v -0.705799 -1.175075 0.216603
v -0.280199 -1.248875 -0.309797
v -0.345899 -1.237475 0.367903
v -0.414299 -1.225675 0.374803
v -0.662199 -1.182675 0.270603
v -0.345899 -1.237475 -0.329997
v -0.280199 -1.248875 0.347703
v -0.609099 -1.191875 0.314803
v -0.414299 -1.225675 -0.336797
v -0.219599 -1.259374 0.314803
v -0.548499 -1.202375 0.347703
v -0.482699 -1.213775 -0.329997
v -0.166399 -1.268674 0.270603
v -0.482699 -1.213775 0.367903
v -0.548499 -1.202375 -0.309797
v -0.122799 -1.276175 0.216603
v -0.609099 -1.191875 -0.276897
v -0.090399 -1.281775 0.155103
v -0.662199 -1.182675 -0.232597
v -0.070499 -1.285275 0.088403
v -0.705799 -1.175075 -0.178697
v -0.063699 -1.286475 0.019003
v -0.738199 -1.169474 -0.117197
v -0.435999 -1.350575 -0.336797
v -0.444399 -1.399274 -0.291097
v -0.384099 -1.402775 -0.285097
v -0.367599 -1.362375 -0.329997
v -0.727499 -1.299975 0.216603
v -0.759899 -1.294375 0.155103
v -0.301799 -1.373775 -0.309797
v -0.367599 -1.362375 0.367903
v -0.435999 -1.350575 0.374803
v -0.683899 -1.307575 0.270603
v -0.301799 -1.373775 0.347703
v -0.630799 -1.316774 0.314803
v -0.241199 -1.384374 0.314803
v -0.570099 -1.327275 0.347703
v -0.504399 -1.338675 -0.329997
v -0.188099 -1.393575 0.270603
v -0.504399 -1.338675 0.367903
v -0.570099 -1.327275 -0.309797
v -0.144499 -1.401075 0.216603
v -0.630799 -1.316774 -0.276897
v -0.112099 -1.406675 0.155103
v -0.683899 -1.307575 -0.232597
v -0.092099 -1.410174 0.088403
v -0.727499 -1.299975 -0.178697
v -0.085399 -1.411375 0.019003
v -0.759899 -1.294375 -0.117197
v -0.092099 -1.410174 -0.050397
v -0.779799 -1.290974 -0.050397
v -0.112099 -1.406675 -0.117197
v -0.786599 -1.289775 0.019003
v -0.144499 -1.401075 -0.178697
v -0.779799 -1.290974 0.088403
v -0.616399 -1.389575 -0.238797
v -0.640499 -1.411875 -0.272897
v -0.579899 -1.415275 -0.305297
v -0.562899 -1.392575 -0.267497
v -0.272499 -1.409075 0.276803
v -0.325999 -1.406075 0.305403
v -0.562899 -1.392575 0.305403
v -0.616399 -1.389575 0.276803
v -0.504799 -1.395875 -0.285097
v -0.225599 -1.411775 0.238203
v -0.504799 -1.395875 0.323103
v -0.187099 -1.413975 0.191203
v -0.444399 -1.399274 0.329003
v -0.158499 -1.415575 0.137603
v -0.663299 -1.386875 -0.200297
v -0.140799 -1.416575 0.079503
v -0.701799 -1.384675 -0.153297
v -0.134899 -1.416975 0.019003
v -0.730399 -1.383075 -0.099697
v -0.140799 -1.416575 -0.041497
v -0.747999 -1.382074 -0.041497
v -0.158499 -1.415575 -0.099697
v -0.753999 -1.381675 0.019003
v -0.187099 -1.413975 -0.153297
v -0.747999 -1.382074 0.079503
v -0.225599 -1.411775 -0.200297
v -0.730399 -1.383075 0.137603
v -0.272499 -1.409075 -0.238797
v -0.701799 -1.384675 0.191203
v -0.325999 -1.406075 -0.267497
v -0.384099 -1.402775 0.323103
v -0.663299 -1.386875 0.238203
v -0.769599 -1.404475 -0.115397
v -0.776599 -1.527475 -0.115397
v -0.744199 -1.529374 -0.176097
v -0.737199 -1.406375 -0.176097
v -0.154399 -1.439575 0.214003
v -0.121999 -1.441375 0.153303
v -0.693599 -1.408875 -0.229197
v -0.102099 -1.442474 0.087403
v -0.095299 -1.442875 0.019003
v -0.102099 -1.442474 -0.049497
v -0.789499 -1.403375 -0.049497
v -0.121999 -1.441375 -0.115397
v -0.796199 -1.402974 0.019003
v -0.154399 -1.439575 -0.176097
v -0.789499 -1.403375 0.087403
v -0.197999 -1.437075 -0.229197
v -0.769599 -1.404475 0.153303
v -0.251099 -1.434075 -0.272897
v -0.737199 -1.406375 0.214003
v -0.311699 -1.430575 -0.305297
v -0.377399 -1.426875 0.363203
v -0.445799 -1.422974 0.370003
v -0.693599 -1.408875 0.267203
v -0.377399 -1.426875 -0.325297
v -0.311699 -1.430575 0.343303
v -0.640499 -1.411875 0.310803
v -0.445799 -1.422974 -0.332097
v -0.251099 -1.434075 0.310803
v -0.579899 -1.415275 0.343303
v -0.514199 -1.419075 -0.325297
v -0.197999 -1.437075 0.267203
v -0.514199 -1.419075 0.363203
v -0.796499 -1.526375 0.087403
v -0.760999 -1.581375 0.079903
v -0.766999 -1.581375 0.019003
v -0.803299 -1.525975 0.019003
v -0.109099 -1.565475 -0.049497
v -0.102299 -1.565875 0.019003
v -0.796499 -1.526375 -0.049497
v -0.128999 -1.564375 -0.115397
v -0.161399 -1.562575 -0.176097
v -0.204999 -1.560075 -0.229197
v -0.776599 -1.527475 0.153303
v -0.258099 -1.557075 -0.272897
v -0.744199 -1.529374 0.214003
v -0.318699 -1.553575 -0.305297
v -0.452799 -1.545975 0.370003
v -0.384399 -1.549875 0.363203
v -0.700599 -1.531875 0.267203
v -0.384399 -1.549875 -0.325297
v -0.318699 -1.553575 0.343303
v -0.647499 -1.534875 0.310803
v -0.452799 -1.545975 -0.332097
v -0.258099 -1.557075 0.310803
v -0.586899 -1.538275 0.343303
v -0.521199 -1.542075 -0.325297
v -0.204999 -1.560075 0.267203
v -0.521199 -1.542075 0.363203
v -0.586899 -1.538275 -0.305297
v -0.161399 -1.562575 0.214003
v -0.647499 -1.534875 -0.272897
v -0.128999 -1.564375 0.153303
v -0.700599 -1.531875 -0.229197
v -0.109099 -1.565475 0.087403
v -0.646399 -1.615275 -0.267597
v -0.586799 -1.615475 -0.299397
v -0.574299 -1.581874 -0.269397
v -0.628299 -1.581775 -0.240597
v -0.234099 -1.582775 -0.201797
v -0.195299 -1.582875 -0.154497
v -0.743199 -1.581475 0.138403
v -0.281399 -1.582574 -0.240597
v -0.714399 -1.581475 0.192403
v -0.335399 -1.582475 -0.269397
v -0.393999 -1.582375 0.325103
v -0.454899 -1.582175 0.331103
v -0.675599 -1.581575 0.239703
v -0.393999 -1.582375 -0.287197
v -0.335399 -1.582475 0.307403
v -0.628299 -1.581775 0.278503
v -0.454899 -1.582175 -0.293197
v -0.281399 -1.582574 0.278503
v -0.574299 -1.581874 0.307403
v -0.515799 -1.581975 -0.287197
v -0.234099 -1.582775 0.239703
v -0.515799 -1.581975 0.325103
v -0.195299 -1.582875 0.192403
v -0.166499 -1.582875 0.138403
v -0.675599 -1.581575 -0.201797
v -0.148699 -1.582975 0.079903
v -0.714399 -1.581475 -0.154497
v -0.142699 -1.582975 0.019003
v -0.743199 -1.581475 -0.100497
v -0.148699 -1.582975 -0.041897
v -0.760999 -1.581375 -0.041897
v -0.166499 -1.582875 -0.100497
v -0.741499 -1.615075 -0.172497
v -0.773299 -1.614975 -0.112897
v -0.773599 -1.680575 -0.112897
v -0.741799 -1.680675 -0.172497
v -0.136499 -1.616575 0.150803
v -0.168399 -1.616475 0.210403
v -0.698599 -1.615175 -0.224697
v -0.116899 -1.616675 0.086203
v -0.110299 -1.616675 0.019003
v -0.116899 -1.616675 -0.048297
v -0.792899 -1.614874 -0.048297
v -0.136499 -1.616575 -0.112897
v -0.799599 -1.614874 0.019003
v -0.168399 -1.616475 -0.172497
v -0.792899 -1.614874 0.086203
v -0.211299 -1.616375 -0.224697
v -0.773299 -1.614975 0.150803
v -0.263499 -1.616274 -0.267597
v -0.741499 -1.615075 0.210403
v -0.323099 -1.616075 -0.299397
v -0.387699 -1.615975 0.357003
v -0.454899 -1.615775 0.363603
v -0.698599 -1.615175 0.262703
v -0.387699 -1.615975 -0.318997
v -0.323099 -1.616075 0.337403
v -0.646399 -1.615275 0.305503
v -0.454899 -1.615775 -0.325697
v -0.263499 -1.616274 0.305503
v -0.586799 -1.615475 0.337403
v -0.522199 -1.615574 -0.318997
v -0.211299 -1.616375 0.262703
v -0.522199 -1.615574 0.357003
v -0.387999 -1.681575 0.357003
v -0.323299 -1.681774 0.337403
v -0.263799 -1.681875 0.305503
v -0.211499 -1.682075 0.262703
v -0.168699 -1.682175 0.210403
v -0.136799 -1.682275 0.150803
v -0.117199 -1.682275 0.086203
v -0.110599 -1.682275 0.019003
v -0.117199 -1.682275 -0.048297
v -0.136799 -1.682275 -0.112897
v -0.168699 -1.682175 -0.172497
v -0.211499 -1.682075 -0.224697
v -0.263799 -1.681875 -0.267597
v -0.323299 -1.681774 -0.299397
v -0.387999 -1.681575 -0.318997
v -0.455199 -1.681475 -0.325697
v -0.522499 -1.681275 -0.318997
v -0.587099 -1.681075 -0.299397
v -0.646699 -1.680975 -0.267597
v -0.698899 -1.680775 -0.224697
v -0.793199 -1.680575 -0.048297
v -0.799899 -1.680575 0.019003
v -0.793199 -1.680575 0.086203
v -0.773599 -1.680575 0.150803
v -0.741799 -1.680675 0.210403
v -0.698899 -1.680775 0.262703
v -0.646699 -1.680975 0.305503
v -0.587099 -1.681075 0.337403
v -0.522499 -1.681275 0.357003
v -0.455199 -1.681475 0.363603
v -0.455899 -1.681375 0.376303
v -0.525699 -1.681375 0.369403
v -0.592899 -1.681375 0.349003
v -0.654799 -1.681375 0.315903
v -0.709099 -1.681375 0.271403
v -0.753699 -1.681375 0.217103
v -0.786799 -1.681375 0.155203
v -0.807099 -1.681375 0.088003
v -0.813999 -1.681375 0.018103
v -0.807099 -1.681375 -0.051697
v -0.786799 -1.681375 -0.118897
v -0.753699 -1.681375 -0.180897
v -0.709099 -1.681375 -0.235097
v -0.654799 -1.681375 -0.279697
v -0.592899 -1.681375 -0.312797
v -0.525699 -1.681375 -0.333197
v -0.455899 -1.681375 -0.339997
v -0.385999 -1.681375 -0.333197
v -0.318799 -1.681375 -0.312797
v -0.256899 -1.681375 -0.279697
v -0.202599 -1.681375 -0.235097
v -0.158099 -1.681375 -0.180897
v -0.124999 -1.681375 -0.118897
v -0.104599 -1.681375 -0.051697
v -0.097699 -1.681375 0.018103
v -0.104599 -1.681375 0.088003
v -0.124999 -1.681375 0.155203
v -0.158099 -1.681375 0.217103
v -0.202599 -1.681375 0.271403
v -0.385999 -1.681375 0.369403
v -0.256899 -1.681375 0.315903
v -0.318799 -1.681375 0.349003
v -0.188099 -1.712275 0.285903
v -0.188099 -1.747075 0.285903
v -0.245499 -1.747075 0.333003
v -0.245499 -1.712275 0.333003
v -0.077199 -1.712275 0.018103
v -0.084499 -1.712275 -0.055697
v -0.827199 -1.712275 -0.055697
v -0.805699 -1.712275 -0.126797
v -0.105999 -1.712275 -0.126797
v -0.834499 -1.712275 0.018103
v -0.140999 -1.712275 -0.192197
v -0.827199 -1.712275 0.092003
v -0.188099 -1.712275 -0.249597
v -0.805699 -1.712275 0.163003
v -0.245499 -1.712275 -0.296697
v -0.770699 -1.712275 0.228503
v -0.310999 -1.712275 -0.331697
v -0.455899 -1.712275 0.396803
v -0.381999 -1.712275 0.389503
v -0.723599 -1.712275 0.285903
v -0.381999 -1.712275 -0.353197
v -0.310999 -1.712275 0.368003
v -0.666199 -1.712275 0.333003
v -0.455899 -1.712275 -0.360497
v -0.600799 -1.712275 0.368003
v -0.529699 -1.712275 -0.353197
v -0.529699 -1.712275 0.389503
v -0.600799 -1.712275 -0.331697
v -0.140999 -1.712275 0.228503
v -0.666199 -1.712275 -0.296697
v -0.105999 -1.712275 0.163003
v -0.723599 -1.712275 -0.249597
v -0.084499 -1.712275 0.092003
v -0.770699 -1.712275 -0.192197
v -0.381999 -1.747075 0.389503
v -0.310999 -1.747075 0.368003
v -0.140999 -1.747075 0.228503
v -0.105999 -1.747075 0.163003
v -0.084499 -1.747075 0.092003
v -0.077199 -1.747075 0.018103
v -0.084499 -1.747075 -0.055697
v -0.105999 -1.747075 -0.126797
v -0.140999 -1.747075 -0.192197
v -0.188099 -1.747075 -0.249597
v -0.245499 -1.747075 -0.296697
v -0.310999 -1.747075 -0.331697
v -0.381999 -1.747075 -0.353197
v -0.455899 -1.747075 -0.360497
v -0.529699 -1.747075 -0.353197
v -0.600799 -1.747075 -0.331697
v -0.666199 -1.747075 -0.296697
v -0.723599 -1.747075 -0.249597
v -0.770699 -1.747075 -0.192197
v -0.805699 -1.747075 -0.126797
v -0.827199 -1.747075 -0.055697
v -0.834499 -1.747075 0.018103
v -0.827199 -1.747075 0.092003
v -0.805699 -1.747075 0.163003
v -0.770699 -1.747075 0.228503
v -0.723599 -1.747075 0.285903
v -0.666199 -1.747075 0.333003
v -0.600799 -1.747075 0.368003
v -0.529699 -1.747075 0.389503
v -0.455899 -1.747075 0.396803
v -0.455299 -1.745975 0.393803
v -0.528899 -1.745975 0.386603
v -0.599699 -1.745975 0.365103
v -0.664899 -1.745975 0.330203
v -0.722099 -1.745975 0.283303
v -0.768999 -1.745975 0.226103
v -0.803899 -1.745975 0.160903
v -0.825399 -1.745975 0.090103
v -0.832599 -1.745975 0.016503
v -0.825399 -1.745975 -0.057197
v -0.803899 -1.745975 -0.127997
v -0.768999 -1.745975 -0.193197
v -0.722099 -1.745975 -0.250397
v -0.664899 -1.745975 -0.297297
v -0.599699 -1.745975 -0.332197
v -0.528899 -1.745975 -0.353697
v -0.455299 -1.745975 -0.360897
v -0.381599 -1.745975 -0.353697
v -0.310799 -1.745975 -0.332197
v -0.245599 -1.745975 -0.297297
v -0.188399 -1.745975 -0.250397
v -0.141499 -1.745975 -0.193197
v -0.106599 -1.745975 -0.127997
v -0.085099 -1.745975 -0.057197
v -0.077899 -1.745975 0.016503
v -0.085099 -1.745975 0.090103
v -0.106599 -1.745975 0.160903
v -0.141499 -1.745975 0.226103
v -0.188399 -1.745975 0.283303
v -0.381599 -1.745975 0.386603
v -0.245599 -1.745975 0.330203
v -0.310799 -1.745975 0.365103
v -0.362199 -1.925175 0.484203
v -0.272799 -1.925175 0.457003
v -0.190299 -1.925175 0.413003
v -0.118099 -1.925175 0.353603
v -0.058799 -1.925175 0.281403
v -0.014699 -1.925175 0.198903
v 0.012401 -1.925175 0.109503
v 0.021601 -1.925175 0.016503
v 0.012401 -1.925175 -0.076597
v -0.014699 -1.925175 -0.165997
v -0.058799 -1.925175 -0.248497
v -0.118099 -1.925175 -0.320697
v -0.190299 -1.925175 -0.379997
v -0.272799 -1.925175 -0.424097
v -0.362199 -1.925175 -0.451197
v -0.455299 -1.925175 -0.460397
v -0.548299 -1.925175 -0.451197
v -0.637699 -1.925175 -0.424097
v -0.720199 -1.925175 -0.379997
v -0.792399 -1.925175 -0.320697
v -0.851799 -1.925175 -0.248497
v -0.895799 -1.925175 -0.165997
v -0.922999 -1.925175 -0.076597
v -0.932099 -1.925175 0.016503
v -0.922999 -1.925175 0.109503
v -0.895799 -1.925175 0.198903
v -0.851799 -1.925175 0.281403
v -0.792399 -1.925175 0.353603
v -0.720199 -1.925175 0.413003
v -0.637699 -1.925175 0.457003
v -0.548299 -1.925175 0.484203
v -0.455299 -1.925175 0.493303
v -0.456499 -1.923875 0.495403
v -0.549999 -1.923875 0.486203
v -0.639899 -1.923875 0.458903
v -0.722799 -1.923875 0.414703
v -0.795399 -1.923875 0.355003
v -0.855099 -1.923875 0.282403
v -0.899299 -1.923875 0.199503
v -0.926599 -1.923875 0.109603
v -0.935799 -1.923875 0.016103
v -0.926599 -1.923875 -0.077397
v -0.899299 -1.923875 -0.167297
v -0.855099 -1.923875 -0.250197
v -0.795399 -1.923875 -0.322897
v -0.722799 -1.923875 -0.382497
v -0.639899 -1.923875 -0.426797
v -0.549999 -1.923875 -0.453997
v -0.456499 -1.923875 -0.463197
v -0.362999 -1.923875 -0.453997
v -0.273099 -1.923875 -0.426797
v -0.190199 -1.923875 -0.382497
v -0.117599 -1.923875 -0.322897
v -0.057899 -1.923875 -0.250197
v -0.013599 -1.923875 -0.167297
v 0.013601 -1.923875 -0.077397
v 0.022801 -1.923875 0.016103
v 0.013601 -1.923875 0.109603
v -0.013599 -1.923875 0.199503
v -0.057899 -1.923875 0.282403
v -0.117599 -1.923875 0.355003
v -0.362999 -1.923875 0.486203
v -0.190199 -1.923875 0.414703
v -0.273099 -1.923875 0.458903
v -0.961499 -1.945275 0.116503
v -0.961499 -2.046075 0.116503
v -0.971399 -2.046075 0.016103
v -0.971399 -1.945275 0.016103
v -0.653499 -1.945275 0.491803
v -0.742499 -1.945275 0.444203
v -0.556899 -1.945275 -0.488897
v -0.456499 -1.945275 -0.498797
v -0.092399 -1.945275 0.380203
v -0.170499 -1.945275 0.444203
v -0.556899 -1.945275 0.521103
v -0.653499 -1.945275 -0.459597
v -0.028399 -1.945275 0.302103
v -0.456499 -1.945275 0.531003
v -0.742499 -1.945275 -0.411997
v 0.019201 -1.945275 0.213103
v -0.820599 -1.945275 -0.347997
v 0.048501 -1.945275 0.116503
v -0.884599 -1.945275 -0.269897
v 0.058401 -1.945275 0.016103
v -0.932199 -1.945275 -0.180897
v 0.048501 -1.945275 -0.084297
v -0.961499 -1.945275 -0.084297
v 0.019201 -1.945275 -0.180897
v -0.028399 -1.945275 -0.269897
v -0.092399 -1.945275 -0.347997
v -0.932199 -1.945275 0.213103
v -0.170499 -1.945275 -0.411997
v -0.884599 -1.945275 0.302103
v -0.259499 -1.945275 -0.459597
v -0.356099 -1.945275 0.521103
v -0.820599 -1.945275 0.380203
v -0.356099 -1.945275 -0.488897
v -0.259499 -1.945275 0.491803
v -0.356099 -2.046075 0.521103
v -0.259499 -2.046075 0.491803
v -0.170499 -2.046075 0.444203
v -0.092399 -2.046075 0.380203
v -0.028399 -2.046075 0.302103
v 0.019201 -2.046075 0.213103
v 0.048501 -2.046075 0.116503
v 0.058401 -2.046075 0.016103
v 0.048501 -2.046075 -0.084297
v 0.019201 -2.046075 -0.180897
v -0.028399 -2.046075 -0.269897
v -0.092399 -2.046075 -0.347997
v -0.170499 -2.046075 -0.411997
v -0.259499 -2.046075 -0.459597
v -0.356099 -2.046075 -0.488897
v -0.456499 -2.046075 -0.498797
v -0.556899 -2.046075 -0.488897
v -0.653499 -2.046075 -0.459597
v -0.742499 -2.046075 -0.411997
v -0.820599 -2.046075 -0.347997
v -0.884599 -2.046075 -0.269897
v -0.932199 -2.046075 -0.180897
v -0.961499 -2.046075 -0.084297
v -0.932199 -2.046075 0.213103
v -0.884599 -2.046075 0.302103
v -0.820599 -2.046075 0.380203
v -0.742499 -2.046075 0.444203
v -0.653499 -2.046075 0.491803
v -0.556899 -2.046075 0.521103
v -0.456499 -2.046075 0.531003
v -0.903999 -1.972975 0.276203
v -0.907899 -1.972975 0.277703
v -0.907899 -2.047375 0.277703
v -0.903999 -2.047375 0.276203
v -0.911999 -1.972975 0.278403
v -0.911999 -2.047375 0.278403
v -0.916199 -1.972975 0.278303
v -0.916199 -2.047375 0.278303
v -0.920299 -1.972975 0.277303
v -0.920299 -2.047375 0.277303
v -0.924099 -1.972975 0.275603
v -0.924099 -2.047375 0.275603
v -0.927499 -2.047375 0.273203
v -0.927499 -1.972975 0.273203
v -0.930399 -2.047375 0.270103
v -0.930399 -1.972975 0.270103
v -0.932599 -1.972975 0.266603
v -0.932599 -2.047375 0.266603
v -0.934099 -2.047375 0.262703
v -0.934099 -1.972975 0.262703
v -0.934799 -2.047375 0.258603
v -0.934799 -1.972975 0.258603
v -0.934699 -2.047375 0.254403
v -0.934699 -1.972975 0.254403
v -0.933699 -1.972975 0.250303
v -0.933699 -2.047375 0.250303
v -0.931999 -2.047375 0.246503
v -0.931999 -1.972975 0.246503
v -0.929599 -2.047375 0.243103
v -0.929599 -1.972975 0.243103
v -0.926499 -2.047375 0.240203
v -0.926499 -1.972975 0.240203
v -0.922999 -2.047375 0.238003
v -0.922999 -1.972975 0.238003
v -0.919099 -2.047375 0.236503
v -0.919099 -1.972975 0.236503
v -0.914999 -2.047375 0.235803
v -0.914999 -1.972975 0.235803
v -0.910799 -2.047375 0.235903
v -0.910799 -1.972975 0.235903
v -0.906699 -1.972975 0.236903
v -0.906699 -2.047375 0.236903
v -0.902899 -1.972975 0.238603
v -0.902899 -2.047375 0.238603
v -0.899499 -2.047375 0.241003
v -0.899499 -1.972975 0.241003
v -0.896599 -2.047375 0.244103
v -0.896599 -1.972975 0.244103
v -0.894399 -1.972975 0.247603
v -0.894399 -2.047375 0.247603
v -0.892899 -1.972975 0.251503
v -0.892899 -2.047375 0.251503
v -0.892199 -2.047375 0.255603
v -0.892199 -1.972975 0.255603
v -0.892299 -1.972975 0.259803
v -0.892299 -2.047375 0.259803
v -0.893299 -2.047375 0.263903
v -0.893299 -1.972975 0.263903
v -0.894999 -2.047375 0.267703
v -0.894999 -1.972975 0.267703
v -0.897399 -1.972975 0.271103
v -0.897399 -2.047375 0.271103
v -0.924099 -1.954574 0.262403
v -0.925199 -1.954775 0.259703
v -0.900499 -1.972975 0.274003
v -0.900499 -2.047375 0.274003
v -0.913899 -1.958575 0.271003
v -0.899499 -1.947775 0.263903
v -0.899599 -1.945774 0.261903
v -0.916299 -1.957275 0.270203
v -0.915499 -1.966975 0.242903
v -0.917899 -1.965275 0.243103
v -0.900999 -1.970975 0.260103
v -0.901199 -1.971774 0.257303
v -0.918599 -1.956075 0.268803
v -0.923599 -1.960075 0.246903
v -0.924799 -1.958575 0.249003
v -0.904399 -1.972275 0.249403
v -0.906199 -1.971774 0.247203
v -0.906899 -1.963475 0.270403
v -0.909099 -1.961775 0.271103
v -0.904999 -1.965275 0.269103
v -0.925799 -1.955274 0.256903
v -0.913099 -1.968475 0.243203
v -0.901399 -1.969775 0.262803
v -0.920799 -1.955274 0.267003
v -0.921999 -1.961775 0.245103
v -0.902899 -1.972474 0.251903
v -0.911499 -1.960075 0.271403
v -0.925899 -1.956075 0.254103
v -0.910699 -1.969775 0.244003
v -0.902099 -1.968475 0.265203
v -0.922599 -1.954775 0.264803
v -0.920099 -1.963475 0.243903
v -0.901799 -1.972275 0.254503
v -0.925599 -1.957275 0.251503
v -0.908399 -1.970975 0.245403
v -0.903399 -1.966975 0.267303
v -0.900499 -1.952675 0.266803
v -0.901399 -1.955375 0.267603
v -0.902599 -1.957975 0.267903
v -0.903899 -1.960474 0.267603
v -0.905499 -1.962875 0.266803
v -0.907099 -1.964875 0.265603
v -0.908699 -1.966575 0.263903
v -0.910399 -1.967874 0.261903
v -0.911899 -1.968574 0.259503
v -0.913299 -1.968875 0.257003
v -0.914499 -1.968574 0.254403
v -0.915399 -1.967874 0.251703
v -0.915999 -1.966575 0.249203
v -0.916399 -1.964875 0.246903
v -0.916399 -1.962875 0.244803
v -0.916099 -1.960474 0.243103
v -0.915499 -1.957975 0.241903
v -0.914499 -1.955375 0.241103
v -0.913399 -1.952675 0.240803
v -0.911999 -1.950175 0.241103
v -0.910499 -1.947775 0.241903
v -0.908899 -1.945774 0.243103
v -0.907199 -1.944075 0.244803
v -0.905599 -1.942775 0.246803
v -0.903999 -1.942075 0.249203
v -0.902599 -1.941775 0.251703
v -0.901499 -1.942075 0.254403
v -0.900499 -1.942775 0.257003
v -0.899899 -1.944075 0.259503
v -0.899899 -1.950175 0.265603
v -0.945299 -1.972975 -0.181897
v -0.945299 -2.047375 -0.181897
v -0.942399 -2.047375 -0.178897
v -0.942399 -1.972975 -0.178897
v -0.947599 -2.047375 -0.185397
v -0.947599 -1.972975 -0.185397
v -0.949199 -1.972975 -0.189297
v -0.949199 -2.047375 -0.189297
v -0.949899 -2.047375 -0.193397
v -0.949899 -1.972975 -0.193397
v -0.949899 -1.972975 -0.197597
v -0.949899 -2.047375 -0.197597
v -0.948999 -2.047375 -0.201597
v -0.948999 -1.972975 -0.201597
v -0.947399 -2.047375 -0.205497
v -0.947399 -1.972975 -0.205497
v -0.944999 -1.972975 -0.208897
v -0.944999 -2.047375 -0.208897
v -0.941999 -2.047375 -0.211897
v -0.941999 -1.972975 -0.211897
v -0.938499 -1.972975 -0.214197
v -0.938499 -2.047375 -0.214197
v -0.934599 -1.972975 -0.215697
v -0.934599 -2.047375 -0.215697
v -0.930499 -2.047375 -0.216497
v -0.930499 -1.972975 -0.216497
v -0.926299 -1.972975 -0.216397
v -0.926299 -2.047375 -0.216397
v -0.922199 -1.972975 -0.215597
v -0.922199 -2.047375 -0.215597
v -0.918399 -2.047375 -0.213897
v -0.918399 -1.972975 -0.213897
v -0.914899 -1.972975 -0.211597
v -0.914899 -2.047375 -0.211597
v -0.911999 -1.972975 -0.208597
v -0.911999 -2.047375 -0.208597
v -0.909699 -2.047375 -0.205097
v -0.909699 -1.972975 -0.205097
v -0.908199 -2.047375 -0.201197
v -0.908199 -1.972975 -0.201197
v -0.907399 -1.972975 -0.197097
v -0.907399 -2.047375 -0.197097
v -0.907499 -2.047375 -0.192897
v -0.907499 -1.972975 -0.192897
v -0.908299 -1.972975 -0.188797
v -0.908299 -2.047375 -0.188797
v -0.909999 -1.972975 -0.184997
v -0.909999 -2.047375 -0.184997
v -0.912299 -2.047375 -0.181497
v -0.912299 -1.972975 -0.181497
v -0.915299 -2.047375 -0.178597
v -0.915299 -1.972975 -0.178597
v -0.918799 -1.972975 -0.176297
v -0.918799 -2.047375 -0.176297
v -0.922699 -2.047375 -0.174697
v -0.922699 -1.972975 -0.174697
v -0.926799 -1.972975 -0.173997
v -0.926799 -2.047375 -0.173997
v -0.930999 -1.972975 -0.173997
v -0.930999 -2.047375 -0.173997
v -0.935099 -2.047375 -0.174897
v -0.935099 -1.972975 -0.174897
v -0.935699 -1.954775 -0.204897
v -0.937699 -1.954574 -0.202797
v -0.938899 -1.972975 -0.176497
v -0.938899 -2.047375 -0.176497
v -0.941799 -1.957275 -0.192597
v -0.941599 -1.958575 -0.189997
v -0.929299 -1.947775 -0.179697
v -0.927399 -1.945774 -0.180497
v -0.916399 -1.966975 -0.202797
v -0.917599 -1.965275 -0.204897
v -0.926399 -1.970975 -0.182597
v -0.923899 -1.971774 -0.183897
v -0.941499 -1.956075 -0.195197
v -0.925799 -1.958575 -0.208897
v -0.923299 -1.960075 -0.208597
v -0.916699 -1.971774 -0.192497
v -0.917899 -1.972275 -0.189997
v -0.938199 -1.963475 -0.183897
v -0.939799 -1.961775 -0.185597
v -0.936199 -1.965275 -0.182597
v -0.933399 -1.955274 -0.206597
v -0.915699 -1.968475 -0.200397
v -0.928999 -1.969775 -0.181797
v -0.940699 -1.955274 -0.197897
v -0.921099 -1.961775 -0.207797
v -0.919599 -1.972474 -0.187597
v -0.940899 -1.960075 -0.187697
v -0.930899 -1.956075 -0.207797
v -0.915499 -1.969775 -0.197897
v -0.931499 -1.968475 -0.181597
v -0.939399 -1.954775 -0.200497
v -0.919199 -1.963475 -0.206597
v -0.921599 -1.972275 -0.185597
v -0.928299 -1.957275 -0.208597
v -0.915899 -1.970975 -0.195197
v -0.933999 -1.966975 -0.181897
v -0.934199 -1.957975 -0.180897
v -0.934499 -1.960474 -0.182197
v -0.934399 -1.962875 -0.183997
v -0.933899 -1.964875 -0.185897
v -0.932999 -1.966575 -0.188097
v -0.931799 -1.967874 -0.190397
v -0.930299 -1.968574 -0.192797
v -0.928499 -1.968875 -0.195097
v -0.926499 -1.968574 -0.197197
v -0.924499 -1.967874 -0.199097
v -0.922399 -1.966575 -0.200697
v -0.920399 -1.964875 -0.201997
v -0.918599 -1.962875 -0.202797
v -0.916899 -1.960474 -0.203197
v -0.915499 -1.957975 -0.203097
v -0.914399 -1.955375 -0.202597
v -0.913699 -1.952675 -0.201597
v -0.913399 -1.950175 -0.200297
v -0.913499 -1.947775 -0.198597
v -0.913999 -1.945774 -0.196597
v -0.914899 -1.944075 -0.194397
v -0.916099 -1.942775 -0.192097
v -0.917599 -1.942075 -0.189697
v -0.919399 -1.941775 -0.187397
v -0.921299 -1.942075 -0.185297
v -0.923399 -1.942775 -0.183397
v -0.925399 -1.944075 -0.181797
v -0.930999 -1.950175 -0.179297
v -0.933399 -1.955375 -0.179897
v -0.932399 -1.952675 -0.179397
v -0.976999 -1.972975 0.056403
v -0.976999 -2.047375 0.056403
v -0.972799 -2.047375 0.056603
v -0.972799 -1.972975 0.056603
v -0.980999 -2.047375 0.055303
v -0.980999 -1.972975 0.055303
v -0.984799 -1.972975 0.053503
v -0.984799 -2.047375 0.053503
v -0.988099 -1.972975 0.050903
v -0.988099 -2.047375 0.050903
v -0.990899 -2.047375 0.047803
v -0.990899 -1.972975 0.047803
v -0.992999 -1.972975 0.044203
v -0.992999 -2.047375 0.044203
v -0.994399 -1.972975 0.040203
v -0.994399 -2.047375 0.040203
v -0.994899 -2.047375 0.036103
v -0.994899 -1.972975 0.036103
v -0.994699 -1.972975 0.031903
v -0.994699 -2.047375 0.031903
v -0.993599 -1.972975 0.027903
v -0.993599 -2.047375 0.027903
v -0.991799 -2.047375 0.024103
v -0.991799 -1.972975 0.024103
v -0.989199 -1.972975 0.020803
v -0.989199 -2.047375 0.020803
v -0.986099 -1.972975 0.018003
v -0.986099 -2.047375 0.018003
v -0.982499 -2.047375 0.015903
v -0.982499 -1.972975 0.015903
v -0.978499 -2.047375 0.014503
v -0.978499 -1.972975 0.014503
v -0.974399 -1.972975 0.014003
v -0.974399 -2.047375 0.014003
v -0.970199 -2.047375 0.014203
v -0.970199 -1.972975 0.014203
v -0.966199 -2.047375 0.015303
v -0.966199 -1.972975 0.015303
v -0.962399 -1.972975 0.017103
v -0.962399 -2.047375 0.017103
v -0.959099 -2.047375 0.019603
v -0.959099 -1.972975 0.019603
v -0.956299 -1.972975 0.022803
v -0.956299 -2.047375 0.022803
v -0.954199 -1.972975 0.026403
v -0.954199 -2.047375 0.026403
v -0.952799 -2.047375 0.030303
v -0.952799 -1.972975 0.030303
v -0.952299 -2.047375 0.034503
v -0.952299 -1.972975 0.034503
v -0.952499 -1.972975 0.038703
v -0.952499 -2.047375 0.038703
v -0.953599 -2.047375 0.042703
v -0.953599 -1.972975 0.042703
v -0.955399 -1.972975 0.046503
v -0.955399 -2.047375 0.046503
v -0.957899 -1.972975 0.049803
v -0.957899 -2.047375 0.049803
v -0.961099 -2.047375 0.052603
v -0.961099 -1.972975 0.052603
v -0.964699 -1.972975 0.054703
v -0.964699 -2.047375 0.054703
v -0.985399 -1.954574 0.035703
v -0.985299 -1.954775 0.032803
v -0.968599 -1.972975 0.056003
v -0.968599 -2.047375 0.056003
v -0.979699 -1.958575 0.047803
v -0.963699 -1.947775 0.047203
v -0.962799 -1.945774 0.045303
v -0.981499 -1.957275 0.046103
v -0.969599 -1.966975 0.021503
v -0.971799 -1.965275 0.020703
v -0.963499 -1.970975 0.043103
v -0.962499 -1.971774 0.040503
v -0.983099 -1.956075 0.043903
v -0.980599 -1.958575 0.023203
v -0.978599 -1.960075 0.021803
v -0.962899 -1.971774 0.029203
v -0.962099 -1.972275 0.032003
v -0.975299 -1.961775 0.049903
v -0.972999 -1.963475 0.050103
v -0.970699 -1.965275 0.049703
v -0.984699 -1.955274 0.030003
v -0.967499 -1.968475 0.022703
v -0.964799 -1.969775 0.045403
v -0.984299 -1.955274 0.041403
v -0.976399 -1.961775 0.020903
v -0.961799 -1.972474 0.034803
v -0.977599 -1.960075 0.049103
v -0.983699 -1.956075 0.027403
v -0.965599 -1.969775 0.024503
v -0.966599 -1.968475 0.047303
v -0.985099 -1.954775 0.038603
v -0.974199 -1.963475 0.020503
v -0.961899 -1.972275 0.037703
v -0.982299 -1.957275 0.025103
v -0.964099 -1.970975 0.026703
v -0.968599 -1.966975 0.048803
v -0.965699 -1.952675 0.049503
v -0.966899 -1.955375 0.049803
v -0.967999 -1.957975 0.049603
v -0.969199 -1.960474 0.048803
v -0.970299 -1.962875 0.047503
v -0.971199 -1.964875 0.045703
v -0.971999 -1.966575 0.043403
v -0.972699 -1.967874 0.040903
v -0.973099 -1.968574 0.038203
v -0.973399 -1.968875 0.035303
v -0.973399 -1.968574 0.032403
v -0.973099 -1.967874 0.029603
v -0.972699 -1.966575 0.027003
v -0.971999 -1.964875 0.024803
v -0.971199 -1.962875 0.022903
v -0.970199 -1.960474 0.021503
v -0.969099 -1.957975 0.020603
v -0.967999 -1.955375 0.020303
v -0.966799 -1.952675 0.020503
v -0.965699 -1.950175 0.021303
v -0.964599 -1.947775 0.022603
v -0.963599 -1.945774 0.024403
v -0.962799 -1.944075 0.026703
v -0.962199 -1.942775 0.029203
v -0.961699 -1.942075 0.031903
v -0.961499 -1.941775 0.034803
v -0.961499 -1.942075 0.037703
v -0.961699 -1.942775 0.040503
v -0.962199 -1.944075 0.043103
v -0.964599 -1.950175 0.048603
vn -0.3934 -0.9194 -0.0000
vn -0.3933 -0.9194 -0.0000
vn -0.3933 -0.9194 -0.0001
vn -0.3933 -0.9194 0.0002
vn -0.3934 -0.9193 0.0002
vn -0.3933 -0.9194 0.0001
vn -0.3930 -0.9195 -0.0000
vn -0.3931 -0.9195 0.0002
vn -0.3934 -0.9194 -0.0001
vn -0.3934 -0.9194 0.0001
vn -0.3934 -0.9194 0.0003
vn -0.3712 0.9260 0.0696
vn -0.3710 0.9260 0.0698
vn -0.3711 0.9260 0.0696
vn -0.3714 0.9259 0.0693
vn -0.4334 0.1853 0.8820
vn -0.4334 0.1852 0.8820
vn -0.4334 0.1854 0.8819
vn -0.0901 0.0385 -0.9952
vn -0.0901 0.0386 -0.9952
vn 0.7107 -0.3039 -0.6344
vn -0.2667 0.1142 0.9570
vn -0.2668 0.1142 0.9570
vn -0.2671 0.1142 0.9569
vn -0.2671 0.1142 -0.9569
vn -0.2667 0.1141 -0.9570
vn -0.2670 0.1142 -0.9569
vn -0.2670 0.1141 -0.9569
vn 0.5835 -0.2497 -0.7728
vn 0.5833 -0.2495 -0.7730
vn 0.5832 -0.2494 -0.7730
vn -0.0901 0.0385 0.9952
vn -0.4336 0.1854 -0.8818
vn -0.4337 0.1854 -0.8818
vn -0.4335 0.1854 -0.8819
vn 0.4334 -0.1854 -0.8819
vn 0.4335 -0.1854 -0.8819
vn 0.0901 -0.0385 0.9952
vn -0.5835 0.2495 -0.7729
vn -0.5835 0.2495 -0.7728
vn -0.5834 0.2495 -0.7729
vn 0.2669 -0.1142 -0.9569
vn 0.2669 -0.1141 -0.9570
vn 0.2670 -0.1143 -0.9569
vn 0.2669 -0.1142 0.9569
vn 0.2668 -0.1142 0.9570
vn 0.2670 -0.1142 0.9569
vn -0.7106 0.3041 -0.6345
vn -0.7107 0.3041 -0.6344
vn -0.7104 0.3042 -0.6347
vn -0.7105 0.3040 -0.6346
vn 0.0901 -0.0385 -0.9952
vn 0.4335 -0.1854 0.8819
vn 0.4334 -0.1853 0.8819
vn 0.4334 -0.1854 0.8819
vn -0.8106 0.3471 -0.4716
vn -0.8109 0.3469 -0.4713
vn -0.8108 0.3470 -0.4713
vn -0.8111 0.3468 -0.4710
vn 0.5832 -0.2495 0.7731
vn 0.5832 -0.2494 0.7731
vn 0.5833 -0.2495 0.7730
vn 0.5832 -0.2495 0.7730
vn -0.8799 0.3763 -0.2902
vn 0.7108 -0.3041 0.6343
vn 0.7109 -0.3041 0.6342
vn 0.7106 -0.3041 0.6344
vn -0.9150 0.3915 -0.0978
vn -0.9150 0.3914 -0.0978
vn -0.9150 0.3914 -0.0979
vn -0.9150 0.3914 -0.0980
vn 0.8108 -0.3469 0.4714
vn 0.8108 -0.3469 0.4715
vn 0.8106 -0.3466 0.4719
vn -0.9150 0.3913 0.0981
vn -0.9150 0.3914 0.0980
vn -0.9150 0.3915 0.0980
vn -0.9150 0.3914 0.0978
vn 0.8798 -0.3764 0.2902
vn 0.8798 -0.3764 0.2903
vn -0.8799 0.3763 0.2902
vn 0.9149 -0.3916 0.0980
vn 0.9150 -0.3914 0.0978
vn 0.9149 -0.3916 0.0975
vn 0.9150 -0.3914 0.0980
vn -0.8108 0.3470 0.4713
vn -0.8108 0.3469 0.4715
vn -0.8106 0.3471 0.4716
vn -0.8111 0.3468 0.4710
vn 0.9150 -0.3913 -0.0981
vn 0.9149 -0.3915 -0.0978
vn 0.9150 -0.3914 -0.0981
vn 0.9150 -0.3913 -0.0986
vn -0.7105 0.3042 0.6345
vn -0.7108 0.3041 0.6342
vn -0.7106 0.3042 0.6344
vn -0.7105 0.3044 0.6345
vn 0.8798 -0.3764 -0.2904
vn 0.8798 -0.3764 -0.2903
vn -0.5832 0.2494 0.7731
vn 0.8108 -0.3469 -0.4713
vn 0.8108 -0.3469 -0.4715
vn 0.8109 -0.3470 -0.4712
vn -0.7199 -0.5999 0.3491
vn -0.7196 -0.6002 0.3491
vn -0.7198 -0.6002 0.3487
vn -0.7196 -0.6004 0.3489
vn 0.9011 0.3816 0.2061
vn 0.9011 0.3817 0.2056
vn 0.9012 0.3816 0.2057
vn 0.9013 0.3813 0.2055
vn -0.3463 0.9153 0.2059
vn -0.3463 0.9153 0.2060
vn -0.3463 0.9153 0.2058
vn -0.3463 0.9153 0.2055
vn 0.9261 0.3709 0.0695
vn 0.9261 0.3709 0.0693
vn 0.9261 0.3709 0.0694
vn 0.9261 0.3709 0.0696
vn -0.2975 0.8942 0.3344
vn -0.2975 0.8943 0.3343
vn -0.2974 0.8943 0.3344
vn 0.9261 0.3709 -0.0692
vn 0.9261 0.3709 -0.0693
vn -0.2261 0.8641 0.4497
vn -0.2264 0.8640 0.4497
vn -0.2266 0.8640 0.4497
vn 0.9009 0.3819 -0.2062
vn 0.9011 0.3816 -0.2058
vn 0.9011 0.3815 -0.2059
vn 0.9011 0.3815 -0.2060
vn -0.1359 0.8254 0.5480
vn -0.1361 0.8253 0.5480
vn 0.8522 0.4026 -0.3341
vn 0.8525 0.4022 -0.3340
vn 0.8521 0.4028 -0.3342
vn 0.8519 0.4031 -0.3343
vn -0.0297 0.7800 0.6251
vn -0.0299 0.7799 0.6252
vn -0.0297 0.7800 0.6250
vn 0.2135 0.6758 -0.7055
vn 0.7813 0.4329 -0.4496
vn 0.7813 0.4329 -0.4497
vn 0.7813 0.4331 -0.4495
vn 0.0882 0.7293 0.6785
vn 0.0882 0.7294 0.6784
vn 0.0881 0.7293 -0.6784
vn 0.0882 0.7294 -0.6784
vn 0.6909 0.4716 -0.5480
vn 0.6909 0.4715 -0.5480
vn 0.6911 0.4714 -0.5479
vn 0.2135 0.6758 0.7055
vn 0.2132 0.6757 0.7057
vn 0.2133 0.6758 0.7056
vn -0.0299 0.7798 -0.6253
vn -0.0300 0.7797 -0.6254
vn -0.0299 0.7799 -0.6252
vn -0.0298 0.7799 -0.6252
vn 0.5847 0.5168 -0.6254
vn 0.5845 0.5167 -0.6256
vn 0.5846 0.5168 -0.6254
vn 0.5847 0.5170 -0.6252
vn 0.3414 0.6212 0.7054
vn 0.3412 0.6210 0.7056
vn 0.3413 0.6211 0.7055
vn 0.3417 0.6213 0.7051
vn -0.1361 0.8253 -0.5480
vn -0.1361 0.8254 -0.5479
vn -0.1361 0.8254 -0.5480
vn -0.1361 0.8252 -0.5482
vn 0.4665 0.5677 -0.6783
vn 0.4664 0.5678 -0.6782
vn 0.4666 0.5676 -0.6784
vn 0.4664 0.5676 0.6785
vn 0.4666 0.5675 0.6784
vn 0.4667 0.5674 0.6784
vn 0.4667 0.5677 0.6782
vn -0.2263 0.8641 -0.4496
vn -0.2264 0.8640 -0.4497
vn -0.2260 0.8642 -0.4495
vn 0.3412 0.6212 -0.7055
vn 0.3413 0.6211 -0.7055
vn 0.5847 0.5171 0.6251
vn 0.5847 0.5170 0.6251
vn 0.5845 0.5172 0.6252
vn 0.5846 0.5170 0.6252
vn -0.2970 0.8944 -0.3345
vn -0.2969 0.8944 -0.3344
vn -0.2974 0.8944 -0.3342
vn 0.6909 0.4715 0.5480
vn 0.6909 0.4716 0.5480
vn -0.3463 0.9152 -0.2059
vn -0.3463 0.9153 -0.2058
vn -0.3463 0.9153 -0.2059
vn -0.3463 0.9152 -0.2060
vn 0.7813 0.4329 0.4497
vn 0.7813 0.4328 0.4497
vn -0.3711 0.9260 -0.0696
vn -0.3708 0.9261 -0.0698
vn -0.3709 0.9260 -0.0699
vn -0.3712 0.9259 -0.0695
vn 0.8523 0.4025 0.3341
vn 0.8524 0.4025 0.3339
vn 0.8523 0.4025 0.3340
vn 0.8522 0.4025 0.3342
vn -0.2670 0.1142 0.9569
vn -0.2669 0.1142 0.9569
vn -0.2668 0.1141 0.9570
vn 0.1559 -0.9748 -0.1595
vn 0.1561 -0.9747 -0.1597
vn 0.1558 -0.9748 -0.1596
vn 0.1555 -0.9750 -0.1589
vn -0.6494 -0.6304 0.4254
vn 0.1177 -0.9586 -0.2594
vn -0.5669 -0.6657 0.4853
vn -0.5670 -0.6657 0.4852
vn -0.3780 -0.7465 -0.5476
vn -0.3782 -0.7464 -0.5477
vn -0.3780 -0.7464 -0.5478
vn 0.0627 -0.9350 -0.3492
vn 0.0627 -0.9350 -0.3491
vn 0.0626 -0.9350 -0.3492
vn -0.4753 -0.7048 0.5266
vn -0.4753 -0.7049 0.5266
vn -0.4753 -0.7049 0.5265
vn -0.4752 -0.7049 -0.5266
vn -0.4753 -0.7049 -0.5266
vn -0.4752 -0.7048 -0.5266
vn -0.4752 -0.7048 -0.5267
vn -0.0075 -0.9050 -0.4254
vn -0.3780 -0.7464 0.5477
vn -0.3780 -0.7465 0.5476
vn -0.3780 -0.7465 0.5475
vn -0.5669 -0.6657 -0.4852
vn -0.5669 -0.6657 -0.4853
vn -0.5669 -0.6658 -0.4852
vn -0.0899 -0.8697 -0.4853
vn -0.0898 -0.8697 -0.4853
vn -0.0900 -0.8697 -0.4853
vn -0.0900 -0.8697 -0.4854
vn -0.2790 -0.7887 0.5478
vn -0.2789 -0.7887 0.5478
vn -0.2792 -0.7888 0.5476
vn -0.2789 -0.7889 0.5476
vn -0.6494 -0.6304 -0.4254
vn -0.6494 -0.6304 -0.4253
vn -0.1816 -0.8305 -0.5266
vn -0.1816 -0.8305 0.5265
vn -0.1816 -0.8305 0.5266
vn -0.7197 -0.6003 -0.3489
vn -0.7195 -0.6005 -0.3488
vn -0.7196 -0.6003 -0.3490
vn -0.7196 -0.6003 -0.3491
vn -0.2789 -0.7889 -0.5476
vn -0.0898 -0.8697 0.4853
vn -0.0899 -0.8697 0.4853
vn -0.0900 -0.8697 0.4853
vn -0.7746 -0.5769 -0.2593
vn -0.7746 -0.5768 -0.2594
vn -0.7746 -0.5770 -0.2590
vn -0.0077 -0.9050 0.4254
vn -0.0076 -0.9049 0.4255
vn -0.0071 -0.9049 0.4256
vn -0.0075 -0.9050 0.4254
vn -0.8125 -0.5606 -0.1598
vn -0.8129 -0.5601 -0.1597
vn -0.8125 -0.5606 -0.1597
vn -0.8125 -0.5607 -0.1597
vn 0.0626 -0.9350 0.3491
vn 0.0626 -0.9350 0.3492
vn -0.8319 -0.5524 -0.0539
vn -0.8318 -0.5525 -0.0539
vn -0.8319 -0.5523 -0.0540
vn 0.1177 -0.9586 0.2594
vn -0.8320 -0.5522 0.0540
vn -0.8320 -0.5521 0.0541
vn -0.8319 -0.5522 0.0540
vn -0.8319 -0.5523 0.0539
vn 0.1556 -0.9749 0.1595
vn 0.1555 -0.9749 0.1596
vn 0.1556 -0.9748 0.1597
vn 0.1556 -0.9748 0.1598
vn -0.8124 -0.5608 0.1597
vn -0.8124 -0.5608 0.1596
vn -0.8125 -0.5607 0.1597
vn -0.8125 -0.5606 0.1599
vn 0.1749 -0.9831 0.0541
vn 0.1751 -0.9831 0.0540
vn 0.1748 -0.9831 0.0541
vn 0.1748 -0.9831 0.0540
vn -0.7743 -0.5773 0.2592
vn -0.7744 -0.5771 0.2594
vn -0.7745 -0.5769 0.2594
vn -0.7746 -0.5768 0.2594
vn 0.1749 -0.9831 -0.0539
vn 0.1745 -0.9832 -0.0540
vn 0.1749 -0.9831 -0.0540
vn 0.1750 -0.9831 -0.0539
vn 0.4672 0.5718 0.6743
vn 0.4672 0.5719 0.6743
vn 0.4672 0.5720 0.6742
vn 0.4673 0.5718 0.6743
vn -0.2670 0.1143 -0.9569
vn 0.5835 -0.2495 -0.7729
vn 0.5832 -0.2495 -0.7731
vn 0.5837 -0.2495 -0.7727
vn -0.0903 0.0386 0.9952
vn -0.0903 0.0387 0.9952
vn -0.0900 0.0386 0.9952
vn -0.4334 0.1854 -0.8820
vn -0.4333 0.1854 -0.8820
vn 0.0901 -0.0386 0.9952
vn 0.0904 -0.0387 0.9952
vn 0.0903 -0.0387 0.9952
vn -0.5832 0.2495 -0.7730
vn -0.5833 0.2495 -0.7730
vn 0.2668 -0.1142 -0.9570
vn 0.2671 -0.1143 0.9569
vn 0.2669 -0.1142 0.9570
vn -0.7107 0.3044 -0.6342
vn -0.7107 0.3040 -0.6345
vn 0.0900 -0.0386 -0.9952
vn 0.0901 -0.0386 -0.9952
vn 0.0904 -0.0387 -0.9952
vn 0.0903 -0.0387 -0.9952
vn -0.8108 0.3471 -0.4714
vn -0.8108 0.3468 -0.4715
vn -0.8108 0.3469 -0.4715
vn -0.8108 0.3473 -0.4711
vn 0.5836 -0.2495 0.7728
vn -0.8799 0.3763 -0.2900
vn -0.8799 0.3764 -0.2902
vn 0.7108 -0.3041 0.6342
vn -0.9150 0.3914 -0.0981
vn -0.9149 0.3915 -0.0979
vn 0.8109 -0.3468 0.4714
vn 0.8107 -0.3469 0.4716
vn -0.9150 0.3912 0.0984
vn -0.9150 0.3914 0.0981
vn 0.8798 -0.3763 0.2905
vn -0.8799 0.3763 0.2900
vn -0.8800 0.3763 0.2897
vn -0.8799 0.3764 0.2902
vn -0.8798 0.3764 0.2902
vn 0.9150 -0.3915 0.0978
vn 0.9150 -0.3914 0.0981
vn 0.9150 -0.3912 0.0984
vn -0.8108 0.3471 0.4714
vn -0.8108 0.3473 0.4711
vn -0.8108 0.3468 0.4715
vn 0.9150 -0.3914 -0.0979
vn 0.9150 -0.3914 -0.0980
vn 0.9149 -0.3915 -0.0982
vn -0.7107 0.3044 0.6342
vn -0.7107 0.3041 0.6344
vn 0.8799 -0.3764 -0.2901
vn 0.8800 -0.3763 -0.2897
vn 0.8797 -0.3765 -0.2905
vn -0.5832 0.2495 0.7731
vn -0.5832 0.2495 0.7730
vn -0.5830 0.2494 0.7733
vn 0.8107 -0.3469 -0.4717
vn 0.8108 -0.3469 -0.4714
vn 0.8109 -0.3469 -0.4713
vn -0.4335 0.1854 0.8819
vn -0.0903 0.0386 -0.9952
vn -0.0903 0.0387 -0.9952
vn 0.7108 -0.3041 -0.6342
vn 0.2939 -0.8224 0.4871
vn 0.2939 -0.8223 0.4872
vn 0.2939 -0.8226 0.4868
vn 0.2940 -0.8225 0.4868
vn -0.2216 0.8667 -0.4469
vn -0.2219 0.8668 -0.4466
vn -0.2215 0.8667 -0.4470
vn 0.3426 0.6252 -0.7013
vn 0.3426 0.6252 -0.7012
vn 0.3425 0.6252 -0.7013
vn 0.5845 0.5217 0.6214
vn 0.5844 0.5217 0.6215
vn 0.5846 0.5217 0.6214
vn -0.2922 0.8969 -0.3320
vn -0.2923 0.8969 -0.3320
vn 0.6900 0.4767 0.5447
vn 0.6899 0.4766 0.5448
vn 0.6900 0.4768 0.5446
vn 0.6901 0.4765 0.5447
vn -0.3410 0.9176 -0.2044
vn -0.3412 0.9174 -0.2046
vn -0.3411 0.9175 -0.2047
vn -0.3409 0.9176 -0.2046
vn 0.7799 0.4378 0.4473
vn 0.7799 0.4380 0.4471
vn 0.7800 0.4378 0.4472
vn 0.7800 0.4380 0.4469
vn -0.3657 0.9282 -0.0691
vn -0.3654 0.9283 -0.0689
vn -0.3655 0.9282 -0.0691
vn -0.3657 0.9281 -0.0692
vn 0.8506 0.4078 0.3321
vn 0.8506 0.4077 0.3322
vn 0.8503 0.4079 0.3325
vn 0.8505 0.4079 0.3322
vn -0.3657 0.9282 0.0692
vn -0.3657 0.9282 0.0691
vn -0.3654 0.9283 0.0690
vn -0.3655 0.9282 0.0691
vn 0.8991 0.3871 0.2046
vn -0.3408 0.9177 0.2043
vn -0.3412 0.9174 0.2049
vn -0.3409 0.9176 0.2045
vn -0.3408 0.9177 0.2044
vn 0.9238 0.3766 0.0691
vn 0.9239 0.3765 0.0689
vn 0.9238 0.3767 0.0691
vn 0.9237 0.3769 0.0692
vn -0.2920 0.8969 0.3320
vn -0.2918 0.8971 0.3318
vn -0.2921 0.8969 0.3321
vn -0.2920 0.8970 0.3320
vn 0.9238 0.3765 -0.0691
vn 0.9238 0.3766 -0.0692
vn 0.9238 0.3766 -0.0691
vn 0.9238 0.3767 -0.0691
vn -0.2217 0.8666 0.4470
vn 0.8991 0.3871 -0.2046
vn 0.8991 0.3870 -0.2046
vn 0.8991 0.3869 -0.2047
vn -0.1319 0.8282 0.5447
vn -0.1318 0.8282 0.5447
vn 0.8504 0.4080 -0.3321
vn 0.8504 0.4080 -0.3322
vn 0.8504 0.4079 -0.3322
vn 0.8504 0.4079 -0.3323
vn -0.0262 0.7830 0.6215
vn 0.2156 0.6794 -0.7014
vn 0.2156 0.6795 -0.7013
vn 0.2155 0.6793 -0.7015
vn 0.2153 0.6792 -0.7017
vn 0.7799 0.4381 -0.4470
vn 0.7799 0.4383 -0.4469
vn 0.0915 0.7327 0.6744
vn 0.0917 0.7327 0.6743
vn 0.0914 0.7326 0.6745
vn 0.0910 0.7328 -0.6744
vn 0.0907 0.7330 -0.6742
vn 0.0909 0.7327 -0.6745
vn 0.0910 0.7327 -0.6744
vn 0.6901 0.4764 -0.5448
vn 0.6901 0.4765 -0.5448
vn 0.6901 0.4765 -0.5447
vn 0.6901 0.4763 -0.5449
vn 0.2157 0.6795 0.7013
vn 0.2156 0.6795 0.7013
vn 0.2155 0.6795 0.7013
vn -0.0264 0.7829 -0.6215
vn -0.0264 0.7830 -0.6215
vn -0.0263 0.7830 -0.6214
vn -0.0263 0.7830 -0.6215
vn 0.5847 0.5217 -0.6213
vn 0.5845 0.5219 -0.6213
vn 0.5845 0.5217 -0.6215
vn 0.3423 0.6252 0.7014
vn 0.3426 0.6250 0.7015
vn 0.3425 0.6251 0.7014
vn 0.3426 0.6252 0.7013
vn -0.1319 0.8282 -0.5447
vn -0.1319 0.8282 -0.5446
vn 0.4674 0.5716 -0.6744
vn 0.4671 0.5719 -0.6743
vn 0.4672 0.5718 -0.6743
vn 0.9150 -0.3915 0.0980
vn 0.9148 -0.3918 0.0979
vn 0.9149 -0.3916 0.0978
vn -0.9546 -0.2881 -0.0754
vn -0.9546 -0.2881 -0.0753
vn -0.9546 -0.2881 -0.0752
vn -0.9546 -0.2881 -0.0755
vn 0.3706 -0.8554 0.3618
vn 0.3705 -0.8555 0.3619
vn 0.3707 -0.8554 0.3618
vn -0.9546 -0.2882 0.0753
vn -0.9546 -0.2882 0.0754
vn -0.9546 -0.2881 0.0752
vn 0.4236 -0.8780 0.2231
vn 0.4239 -0.8779 0.2229
vn 0.4236 -0.8780 0.2230
vn 0.4237 -0.8779 0.2230
vn -0.9276 -0.2999 0.2227
vn -0.9276 -0.2997 0.2229
vn 0.4508 -0.8894 0.0753
vn 0.4509 -0.8894 0.0753
vn 0.4510 -0.8893 0.0758
vn -0.8747 -0.3222 0.3619
vn -0.8746 -0.3224 0.3620
vn -0.8748 -0.3222 0.3619
vn -0.8748 -0.3220 0.3618
vn 0.4510 -0.8893 -0.0758
vn 0.4506 -0.8895 -0.0753
vn 0.4507 -0.8895 -0.0753
vn 0.4509 -0.8894 -0.0754
vn -0.7977 -0.3552 0.4874
vn -0.7977 -0.3553 0.4872
vn -0.7976 -0.3551 0.4876
vn 0.4238 -0.8779 -0.2229
vn 0.4237 -0.8779 -0.2229
vn 0.4238 -0.8779 -0.2230
vn -0.6999 -0.3971 0.5936
vn -0.6999 -0.3971 0.5937
vn 0.3710 -0.8551 -0.3620
vn 0.3705 -0.8554 -0.3619
vn 0.3710 -0.8552 -0.3620
vn 0.3710 -0.8552 -0.3619
vn -0.5848 -0.4463 0.6773
vn -0.5848 -0.4464 0.6773
vn -0.5848 -0.4463 0.6774
vn -0.3210 -0.5593 -0.7643
vn -0.3211 -0.5592 -0.7643
vn -0.3211 -0.5593 -0.7643
vn -0.3212 -0.5594 -0.7642
vn 0.2939 -0.8223 -0.4873
vn 0.2939 -0.8223 -0.4872
vn 0.2941 -0.8223 -0.4871
vn 0.2940 -0.8223 -0.4872
vn -0.4570 -0.5010 0.7350
vn -0.4572 -0.5011 0.7348
vn -0.4568 -0.5009 0.7352
vn -0.4569 -0.5011 -0.7350
vn -0.4569 -0.5010 -0.7350
vn 0.1961 -0.7804 -0.5937
vn 0.1961 -0.7804 -0.5938
vn -0.3212 -0.5594 0.7642
vn -0.5848 -0.4464 -0.6773
vn -0.5850 -0.4464 -0.6771
vn 0.0810 -0.7313 -0.6773
vn 0.0806 -0.7316 -0.6770
vn 0.0809 -0.7312 -0.6773
vn 0.0810 -0.7311 -0.6774
vn -0.1827 -0.6184 0.7644
vn -0.1827 -0.6184 0.7643
vn -0.6998 -0.3970 -0.5938
vn -0.7000 -0.3968 -0.5938
vn -0.6998 -0.3971 -0.5938
vn -0.6997 -0.3974 -0.5938
vn -0.0469 -0.6763 -0.7351
vn -0.0469 -0.6764 -0.7350
vn -0.0468 -0.6764 -0.7350
vn -0.0467 -0.6769 -0.7346
vn -0.0471 -0.6765 0.7349
vn -0.0468 -0.6765 0.7350
vn -0.0477 -0.6766 0.7348
vn -0.7977 -0.3551 -0.4873
vn -0.7976 -0.3550 -0.4876
vn -0.7978 -0.3550 -0.4874
vn -0.7978 -0.3550 -0.4873
vn -0.1827 -0.6185 -0.7643
vn -0.1827 -0.6184 -0.7643
vn -0.1828 -0.6185 -0.7642
vn 0.0810 -0.7313 0.6773
vn 0.0809 -0.7313 0.6772
vn 0.0809 -0.7313 0.6773
vn 0.0810 -0.7312 0.6773
vn -0.8745 -0.3224 -0.3624
vn -0.8746 -0.3224 -0.3621
vn -0.8746 -0.3223 -0.3623
vn 0.1962 -0.7804 0.5937
vn 0.1961 -0.7804 0.5937
vn -0.9276 -0.2997 -0.2228
vn -0.9277 -0.2997 -0.2226
vn -0.9276 -0.2998 -0.2226
vn -0.9276 -0.3000 -0.2226
vn 0.8745 0.3110 -0.3723
vn 0.8744 0.3110 -0.3723
vn -0.8105 0.3471 0.4719
vn -0.8107 0.3470 0.4716
vn -0.8107 0.3470 0.4715
vn 0.9150 -0.3915 -0.0980
vn -0.7106 0.3040 0.6345
vn -0.7107 0.3040 0.6345
vn 0.8798 -0.3763 -0.2904
vn 0.8798 -0.3765 -0.2902
vn -0.5834 0.2495 0.7729
vn -0.5835 0.2496 0.7728
vn -0.5833 0.2495 0.7730
vn 0.8107 -0.3470 -0.4716
vn 0.8107 -0.3469 -0.4715
vn -0.4332 0.1853 0.8821
vn -0.4337 0.1856 0.8818
vn -0.0902 0.0386 -0.9952
vn 0.7107 -0.3041 -0.6344
vn -0.2669 0.1141 0.9569
vn -0.2669 0.1141 0.9570
vn -0.2671 0.1144 0.9569
vn -0.2669 0.1141 -0.9569
vn -0.2668 0.1140 -0.9570
vn -0.2669 0.1141 -0.9570
vn -0.2669 0.1142 -0.9569
vn 0.5830 -0.2494 -0.7732
vn 0.5834 -0.2495 -0.7729
vn -0.0902 0.0386 0.9952
vn -0.4332 0.1853 -0.8821
vn -0.4334 0.1854 -0.8819
vn -0.4335 0.1855 -0.8818
vn 0.4332 -0.1853 -0.8821
vn 0.0906 -0.0387 0.9951
vn 0.0902 -0.0386 0.9952
vn -0.5830 0.2494 -0.7732
vn 0.2671 -0.1143 -0.9569
vn 0.2668 -0.1141 -0.9570
vn 0.2672 -0.1145 0.9568
vn 0.2673 -0.1145 0.9568
vn 0.2672 -0.1144 0.9568
vn 0.2673 -0.1146 0.9568
vn -0.7108 0.3041 -0.6342
vn -0.7111 0.3042 -0.6339
vn 0.4332 -0.1853 0.8821
vn -0.8106 0.3472 -0.4715
vn -0.8107 0.3468 -0.4718
vn -0.8108 0.3469 -0.4714
vn 0.5834 -0.2495 0.7729
vn -0.8798 0.3764 -0.2903
vn -0.8798 0.3763 -0.2904
vn -0.8798 0.3765 -0.2902
vn 0.7106 -0.3040 0.6345
vn -0.9149 0.3914 -0.0985
vn 0.8109 -0.3469 0.4713
vn -0.9150 0.3914 0.0982
vn -0.9150 0.3914 0.0983
vn 0.8798 -0.3763 0.2904
vn -0.8798 0.3765 0.2902
vn -0.8796 0.3769 0.2904
vn -0.8797 0.3767 0.2901
vn -0.8798 0.3764 0.2903
vn 0.2982 -0.9368 0.1830
vn 0.2983 -0.9367 0.1835
vn 0.2983 -0.9367 0.1830
vn 0.2983 -0.9368 0.1828
vn 0.0225 0.8395 0.5429
vn 0.2114 0.7087 -0.6731
vn 0.2115 0.7087 -0.6731
vn 0.2117 0.7089 -0.6728
vn 0.7921 0.3575 -0.4948
vn 0.1083 0.7781 0.6187
vn 0.1085 0.7781 0.6187
vn 0.1084 0.7781 0.6187
vn 0.1083 0.7782 -0.6186
vn 0.1085 0.7781 -0.6187
vn 0.1084 0.7782 -0.6186
vn 0.6898 0.4161 -0.5925
vn 0.2115 0.7087 0.6731
vn 0.2115 0.7086 0.6731
vn 0.0224 0.8395 -0.5429
vn 0.0225 0.8395 -0.5429
vn 0.5737 0.4840 -0.6608
vn 0.3274 0.6340 0.7006
vn -0.0443 0.8907 -0.4525
vn -0.0445 0.8906 -0.4525
vn 0.4505 0.5579 -0.6970
vn 0.4505 0.5579 0.6970
vn -0.0930 0.9306 -0.3539
vn -0.0930 0.9307 -0.3539
vn 0.3274 0.6340 -0.7006
vn 0.5737 0.4840 0.6608
vn -0.1251 0.9596 -0.2521
vn -0.1251 0.9596 -0.2522
vn 0.6898 0.4161 0.5925
vn -0.1441 0.9781 -0.1505
vn -0.1440 0.9781 -0.1505
vn 0.7921 0.3575 0.4948
vn -0.1526 0.9870 -0.0499
vn -0.1526 0.9870 -0.0500
vn -0.1526 0.9870 -0.0501
vn 0.8745 0.3110 0.3723
vn 0.8744 0.3110 0.3723
vn -0.1528 0.9870 0.0497
vn -0.1526 0.9870 0.0500
vn -0.1524 0.9871 0.0500
vn 0.9321 0.2789 0.2311
vn 0.9321 0.2788 0.2312
vn 0.9321 0.2788 0.2313
vn -0.1440 0.9781 0.1505
vn 0.9618 0.2623 0.0784
vn 0.9617 0.2624 0.0787
vn 0.9618 0.2625 0.0782
vn -0.1251 0.9596 0.2522
vn 0.9618 0.2623 -0.0784
vn 0.9618 0.2622 -0.0782
vn 0.9618 0.2624 -0.0784
vn -0.0930 0.9306 0.3539
vn -0.0931 0.9306 0.3540
vn 0.9321 0.2788 -0.2312
vn -0.0446 0.8907 0.4525
vn -0.0445 0.8906 0.4525
vn 0.8986 -0.3290 -0.2903
vn -0.8334 -0.5217 0.1825
vn -0.8332 -0.5219 0.1828
vn -0.8331 -0.5220 0.1828
vn 0.3210 -0.9451 0.0617
vn 0.3211 -0.9450 0.0617
vn -0.7888 -0.5382 0.2969
vn -0.7888 -0.5381 0.2969
vn 0.3210 -0.9451 -0.0617
vn -0.7245 -0.5617 0.3996
vn -0.7245 -0.5616 0.3997
vn -0.7244 -0.5618 0.3995
vn 0.2983 -0.9368 -0.1830
vn 0.2982 -0.9369 -0.1827
vn 0.2980 -0.9369 -0.1831
vn 0.2983 -0.9367 -0.1835
vn -0.6425 -0.5918 0.4868
vn -0.6424 -0.5919 0.4868
vn 0.2542 -0.9205 -0.2966
vn 0.2542 -0.9205 -0.2967
vn 0.2541 -0.9205 -0.2967
vn -0.5461 -0.6272 0.5553
vn -0.3254 -0.7082 -0.6266
vn -0.3255 -0.7082 -0.6265
vn -0.3253 -0.7081 -0.6267
vn 0.1897 -0.8969 -0.3995
vn 0.1897 -0.8968 -0.3996
vn -0.4390 -0.6665 0.6026
vn -0.4389 -0.6664 0.6027
vn -0.4390 -0.6664 0.6026
vn -0.4389 -0.6667 -0.6023
vn -0.4389 -0.6668 -0.6023
vn -0.4390 -0.6666 -0.6024
vn 0.1072 -0.8669 -0.4868
vn 0.1076 -0.8669 -0.4868
vn 0.1073 -0.8669 -0.4868
vn 0.1074 -0.8669 -0.4868
vn -0.3254 -0.7080 0.6268
vn -0.3254 -0.7081 0.6267
vn -0.3253 -0.7080 0.6269
vn -0.5460 -0.6271 -0.5555
vn -0.5463 -0.6270 -0.5554
vn -0.5460 -0.6272 -0.5555
vn -0.5461 -0.6272 -0.5553
vn 0.0115 -0.8316 -0.5552
vn 0.0114 -0.8313 -0.5557
vn 0.0114 -0.8315 -0.5554
vn 0.0113 -0.8316 -0.5553
vn -0.2093 -0.7506 0.6268
vn -0.2095 -0.7506 0.6267
vn -0.2092 -0.7505 0.6269
vn -0.6425 -0.5918 -0.4868
vn -0.6424 -0.5916 -0.4872
vn -0.6425 -0.5918 -0.4869
vn -0.6424 -0.5919 -0.4867
vn -0.0957 -0.7923 -0.6026
vn -0.0961 -0.7924 -0.6024
vn -0.0958 -0.7923 -0.6026
vn -0.0958 -0.7923 0.6026
vn -0.0959 -0.7922 0.6026
vn -0.7245 -0.5617 -0.3995
vn -0.7244 -0.5618 -0.3995
vn -0.2093 -0.7507 -0.6265
vn -0.2095 -0.7508 -0.6264
vn -0.2094 -0.7507 -0.6265
vn -0.2096 -0.7505 -0.6267
vn 0.0109 -0.8317 0.5551
vn 0.0112 -0.8316 0.5552
vn 0.0110 -0.8317 0.5551
vn -0.7889 -0.5381 -0.2969
vn -0.7888 -0.5383 -0.2967
vn -0.7888 -0.5382 -0.2968
vn 0.1077 -0.8669 0.4868
vn 0.1078 -0.8668 0.4868
vn -0.8332 -0.5218 -0.1828
vn -0.8333 -0.5218 -0.1827
vn -0.8335 -0.5215 -0.1826
vn 0.1898 -0.8967 0.3999
vn 0.1895 -0.8967 0.4000
vn 0.1899 -0.8968 0.3997
vn -0.8558 -0.5137 -0.0617
vn -0.8557 -0.5137 -0.0621
vn -0.8557 -0.5137 -0.0618
vn -0.8556 -0.5139 -0.0618
vn 0.2541 -0.9206 0.2967
vn 0.2542 -0.9206 0.2965
vn 0.2541 -0.9206 0.2966
vn 0.2542 -0.9206 0.2966
vn -0.8557 -0.5138 0.0618
vn -0.8557 -0.5137 0.0618
vn 0.6722 0.4089 -0.6172
vn 0.6723 0.4089 -0.6172
vn -0.5957 0.2184 0.7730
vn -0.5957 0.2184 0.7729
vn -0.5956 0.2184 0.7730
vn 0.8281 -0.3034 -0.4714
vn 0.8282 -0.3031 -0.4714
vn 0.8281 -0.3032 -0.4716
vn 0.8280 -0.3037 -0.4713
vn -0.4426 0.1622 0.8819
vn -0.4422 0.1623 0.8821
vn -0.4427 0.1622 0.8819
vn -0.4428 0.1621 0.8818
vn -0.0920 0.0337 -0.9952
vn -0.0919 0.0337 -0.9952
vn 0.7258 -0.2661 -0.6344
vn 0.7258 -0.2660 -0.6343
vn 0.7257 -0.2661 -0.6344
vn -0.2725 0.0999 0.9570
vn -0.2723 0.0999 0.9570
vn -0.2727 0.0999 0.9569
vn -0.2727 0.1000 -0.9569
vn -0.2726 0.0999 -0.9569
vn 0.5957 -0.2184 -0.7729
vn 0.5956 -0.2184 -0.7730
vn 0.5957 -0.2184 -0.7730
vn 0.5959 -0.2183 -0.7728
vn -0.0922 0.0338 0.9952
vn -0.4424 0.1621 -0.8820
vn -0.4427 0.1624 -0.8818
vn -0.4426 0.1623 -0.8819
vn -0.4423 0.1620 -0.8821
vn 0.4427 -0.1622 -0.8819
vn 0.4428 -0.1621 -0.8818
vn 0.4425 -0.1622 -0.8820
vn 0.4424 -0.1622 -0.8820
vn 0.0922 -0.0338 0.9952
vn 0.0920 -0.0337 0.9952
vn 0.0923 -0.0338 0.9952
vn -0.5955 0.2181 -0.7731
vn -0.5955 0.2181 -0.7732
vn -0.5956 0.2181 -0.7731
vn 0.2729 -0.0999 -0.9568
vn 0.2726 -0.0999 -0.9569
vn 0.2724 -0.0998 0.9570
vn 0.2725 -0.0999 0.9569
vn 0.2722 -0.0997 0.9571
vn -0.7261 0.2659 -0.6341
vn -0.7259 0.2660 -0.6343
vn 0.0920 -0.0337 -0.9952
vn 0.0919 -0.0337 -0.9952
vn 0.0921 -0.0337 -0.9952
vn 0.4425 -0.1622 0.8820
vn 0.4428 -0.1621 0.8818
vn 0.4427 -0.1622 0.8819
vn 0.4424 -0.1622 0.8820
vn -0.8280 0.3037 -0.4714
vn -0.8280 0.3036 -0.4714
vn 0.5958 -0.2185 0.7729
vn 0.5956 -0.2184 0.7730
vn 0.5957 -0.2184 0.7729
vn 0.5959 -0.2185 0.7728
vn -0.8987 0.3291 -0.2899
vn 0.7258 -0.2658 0.6344
vn 0.7258 -0.2661 0.6344
vn 0.7260 -0.2662 0.6341
vn 0.7259 -0.2661 0.6343
vn -0.9344 0.3425 -0.0981
vn -0.9344 0.3425 -0.0980
vn -0.9343 0.3426 -0.0983
vn 0.8280 -0.3036 0.4714
vn 0.8280 -0.3037 0.4714
vn -0.9344 0.3425 0.0981
vn -0.9344 0.3425 0.0982
vn -0.9343 0.3426 0.0982
vn -0.9343 0.3428 0.0978
vn 0.8986 -0.3290 0.2903
vn 0.8985 -0.3294 0.2903
vn -0.8987 0.3291 0.2899
vn -0.8985 0.3293 0.2902
vn 0.9344 -0.3425 0.0980
vn 0.9344 -0.3426 0.0978
vn 0.9344 -0.3424 0.0983
vn -0.8280 0.3036 0.4714
vn -0.8280 0.3038 0.4713
vn 0.9344 -0.3425 -0.0981
vn 0.9344 -0.3426 -0.0979
vn 0.9344 -0.3425 -0.0982
vn 0.9344 -0.3424 -0.0983
vn -0.7256 0.2657 0.6348
vn -0.1506 -0.7276 -0.6692
vn -0.1505 -0.7276 -0.6693
vn -0.1505 -0.7277 -0.6692
vn 0.1561 0.6844 0.7122
vn -0.0545 0.8122 -0.5808
vn -0.0545 0.8123 -0.5807
vn 0.5483 0.4720 -0.6904
vn 0.5482 0.4720 -0.6904
vn 0.2828 0.6131 0.7377
vn -0.1313 0.8637 -0.4866
vn -0.1312 0.8637 -0.4867
vn -0.1312 0.8636 -0.4867
vn 0.4159 0.5411 -0.7309
vn 0.4159 0.5411 0.7309
vn -0.1880 0.9046 -0.3826
vn -0.1880 0.9046 -0.3827
vn -0.1881 0.9047 -0.3823
vn 0.2828 0.6131 -0.7377
vn 0.2828 0.6131 -0.7376
vn 0.5482 0.4720 0.6904
vn -0.2264 0.9348 -0.2737
vn -0.2266 0.9347 -0.2739
vn -0.2267 0.9346 -0.2740
vn 0.6721 0.4089 0.6173
vn 0.6722 0.4089 0.6172
vn 0.6722 0.4089 0.6173
vn -0.2499 0.9543 -0.1639
vn -0.2499 0.9543 -0.1640
vn 0.7807 0.3549 0.5143
vn -0.2606 0.9639 -0.0547
vn -0.2606 0.9639 -0.0546
vn 0.8679 0.3122 0.3864
vn -0.2605 0.9639 0.0550
vn -0.2606 0.9639 0.0546
vn 0.9288 0.2828 0.2396
vn -0.2499 0.9543 0.1640
vn -0.2499 0.9543 0.1638
vn 0.9601 0.2675 0.0814
vn 0.9601 0.2677 0.0812
vn -0.2266 0.9346 0.2740
vn -0.2266 0.9347 0.2739
vn -0.2267 0.9346 0.2740
vn 0.9601 0.2674 -0.0815
vn 0.9601 0.2677 -0.0812
vn 0.9601 0.2676 -0.0813
vn 0.9601 0.2675 -0.0812
vn -0.1877 0.9047 0.3824
vn -0.1880 0.9045 0.3827
vn -0.1878 0.9046 0.3827
vn -0.1880 0.9046 0.3827
vn 0.9288 0.2828 -0.2396
vn -0.1313 0.8636 0.4867
vn 0.8679 0.3122 -0.3864
vn 0.8679 0.3122 -0.3863
vn -0.0545 0.8123 0.5807
vn -0.0541 0.8124 0.5806
vn 0.1561 0.6844 -0.7122
vn 0.7807 0.3549 -0.5143
vn 0.0422 0.7518 0.6580
vn 0.0421 0.7518 0.6580
vn 0.0421 0.7518 -0.6580
vn 0.0423 0.7518 -0.6580
vn 0.8443 -0.2545 0.4715
vn 0.8441 -0.2545 0.4719
vn 0.8444 -0.2544 0.4715
vn 0.8444 -0.2545 0.4714
vn 0.0900 -0.8001 0.5931
vn -0.7813 -0.5376 -0.3170
vn -0.7814 -0.5375 -0.3170
vn -0.7814 -0.5376 -0.3170
vn 0.1947 -0.8318 0.5199
vn 0.1945 -0.8318 0.5199
vn 0.1947 -0.8317 0.5199
vn 0.1949 -0.8317 0.5199
vn -0.8297 -0.5229 -0.1952
vn -0.8298 -0.5229 -0.1951
vn -0.8298 -0.5229 -0.1952
vn 0.2842 -0.8586 0.4266
vn 0.2842 -0.8587 0.4265
vn 0.2841 -0.8587 0.4265
vn -0.8544 -0.5154 -0.0662
vn -0.8544 -0.5153 -0.0666
vn -0.8545 -0.5151 -0.0665
vn 0.3543 -0.8797 0.3170
vn 0.3545 -0.8797 0.3170
vn 0.3544 -0.8797 0.3170
vn 0.3542 -0.8798 0.3169
vn -0.8544 -0.5155 0.0659
vn -0.8544 -0.5154 0.0663
vn -0.8544 -0.5154 0.0659
vn 0.4025 -0.8943 0.1952
vn 0.4026 -0.8943 0.1952
vn 0.4025 -0.8944 0.1952
vn -0.8297 -0.5229 0.1953
vn -0.8297 -0.5230 0.1952
vn -0.8296 -0.5231 0.1953
vn 0.4273 -0.9017 0.0658
vn 0.4272 -0.9017 0.0659
vn 0.4272 -0.9018 0.0658
vn -0.7813 -0.5376 0.3170
vn -0.7811 -0.5377 0.3172
vn -0.7814 -0.5375 0.3171
vn -0.7814 -0.5374 0.3170
vn 0.4273 -0.9017 -0.0659
vn 0.4266 -0.9021 -0.0658
vn 0.4271 -0.9018 -0.0659
vn 0.4272 -0.9017 -0.0660
vn -0.7113 -0.5587 0.4265
vn -0.7112 -0.5590 0.4263
vn -0.7113 -0.5586 0.4266
vn 0.4024 -0.8944 -0.1952
vn 0.4024 -0.8944 -0.1953
vn -0.6222 -0.5853 0.5199
vn -0.6223 -0.5852 0.5199
vn -0.6222 -0.5854 0.5198
vn -0.6221 -0.5855 0.5198
vn 0.3543 -0.8798 -0.3170
vn 0.3541 -0.8798 -0.3170
vn 0.3545 -0.8797 -0.3170
vn -0.5170 -0.6171 0.5932
vn -0.5171 -0.6171 0.5931
vn -0.5170 -0.6173 0.5930
vn -0.5167 -0.6170 0.5935
vn -0.2766 -0.6896 -0.6693
vn -0.2765 -0.6896 -0.6693
vn -0.2764 -0.6897 -0.6692
vn 0.2843 -0.8587 -0.4265
vn 0.2843 -0.8586 -0.4266
vn 0.2842 -0.8586 -0.4266
vn -0.4004 -0.6523 0.6435
vn -0.4006 -0.6524 0.6434
vn -0.4002 -0.6522 0.6438
vn -0.4005 -0.6523 0.6436
vn -0.4006 -0.6524 -0.6434
vn -0.4005 -0.6524 -0.6434
vn -0.4005 -0.6522 -0.6435
vn -0.4007 -0.6522 -0.6435
vn 0.1948 -0.8317 -0.5200
vn 0.1947 -0.8316 -0.5201
vn 0.1948 -0.8316 -0.5201
vn 0.1949 -0.8317 -0.5199
vn -0.2768 -0.6897 0.6691
vn -0.2771 -0.6898 0.6689
vn -0.2766 -0.6895 0.6694
vn -0.5170 -0.6174 -0.5929
vn -0.5171 -0.6172 -0.5931
vn -0.5171 -0.6173 -0.5929
vn -0.5175 -0.6168 -0.5930
vn 0.0902 -0.8003 -0.5928
vn 0.0902 -0.8002 -0.5929
vn 0.0900 -0.8001 -0.5931
vn 0.0901 -0.8002 -0.5929
vn -0.1507 -0.7278 0.6691
vn -0.1505 -0.7275 0.6694
vn -0.1505 -0.7276 0.6693
vn -0.6223 -0.5852 -0.5198
vn -0.6222 -0.5853 -0.5198
vn -0.6221 -0.5854 -0.5199
vn -0.0269 -0.7650 -0.6435
vn -0.0267 -0.7649 -0.6436
vn -0.0269 -0.7650 -0.6434
vn -0.0271 -0.7651 -0.6433
vn -0.0268 -0.7650 0.6435
vn -0.0271 -0.7651 0.6434
vn -0.0267 -0.7649 0.6436
vn -0.7114 -0.5586 -0.4264
vn -0.7113 -0.5586 -0.4267
vn -0.7113 -0.5586 -0.4266
vn -0.7115 -0.5585 -0.4264
vn 0.9107 0.4059 -0.0766
vn 0.9107 0.4059 -0.0767
vn -0.9529 0.2871 0.0980
vn -0.9528 0.2872 0.0983
vn -0.9528 0.2872 0.0981
vn -0.9529 0.2870 0.0983
vn 0.9163 -0.2761 0.2902
vn 0.9162 -0.2761 0.2904
vn -0.9162 0.2761 0.2903
vn -0.9161 0.2762 0.2907
vn -0.9162 0.2760 0.2903
vn -0.9162 0.2761 0.2904
vn 0.9528 -0.2872 0.0980
vn 0.9529 -0.2873 0.0975
vn 0.9528 -0.2872 0.0979
vn 0.9528 -0.2872 0.0982
vn -0.8442 0.2546 0.4717
vn -0.8441 0.2547 0.4719
vn -0.8441 0.2547 0.4718
vn -0.8443 0.2546 0.4716
vn 0.9528 -0.2873 -0.0977
vn -0.7398 0.2232 0.6347
vn -0.7401 0.2231 0.6344
vn -0.7398 0.2231 0.6348
vn 0.9162 -0.2761 -0.2903
vn 0.9163 -0.2761 -0.2901
vn 0.9162 -0.2761 -0.2904
vn 0.9161 -0.2762 -0.2907
vn -0.6075 0.1832 0.7729
vn 0.8444 -0.2544 -0.4715
vn 0.8444 -0.2545 -0.4714
vn 0.8443 -0.2546 -0.4715
vn 0.8444 -0.2545 -0.4715
vn -0.4515 0.1361 0.8818
vn -0.4514 0.1361 0.8819
vn -0.0938 0.0283 -0.9952
vn -0.0939 0.0283 -0.9952
vn -0.0936 0.0282 -0.9952
vn 0.7401 -0.2230 -0.6344
vn 0.7401 -0.2231 -0.6344
vn -0.2779 0.0838 0.9570
vn -0.2778 0.0838 0.9570
vn -0.2781 0.0838 0.9569
vn -0.2782 0.0839 -0.9569
vn 0.6074 -0.1831 -0.7730
vn 0.6075 -0.1832 -0.7729
vn 0.6073 -0.1829 -0.7731
vn -0.0937 0.0283 0.9952
vn -0.4520 0.1363 -0.8816
vn -0.4516 0.1361 -0.8818
vn -0.4515 0.1361 -0.8818
vn 0.4514 -0.1360 -0.8819
vn 0.4513 -0.1360 -0.8820
vn 0.4515 -0.1360 -0.8819
vn 0.0937 -0.0283 0.9952
vn 0.0939 -0.0283 0.9952
vn -0.6075 0.1832 -0.7729
vn 0.2780 -0.0838 -0.9569
vn 0.2776 -0.0838 -0.9570
vn 0.2779 -0.0838 -0.9570
vn 0.2781 -0.0838 -0.9569
vn 0.2779 -0.0838 0.9569
vn 0.2778 -0.0838 0.9570
vn -0.7401 0.2232 -0.6344
vn -0.7399 0.2233 -0.6346
vn -0.7398 0.2232 -0.6347
vn -0.7400 0.2231 -0.6346
vn 0.0937 -0.0283 -0.9952
vn 0.0938 -0.0283 -0.9952
vn 0.0937 -0.0282 -0.9952
vn 0.0936 -0.0283 -0.9952
vn 0.4514 -0.1361 0.8819
vn 0.4516 -0.1362 0.8818
vn 0.4515 -0.1361 0.8818
vn -0.8444 0.2544 -0.4714
vn -0.8443 0.2545 -0.4716
vn -0.8444 0.2545 -0.4714
vn 0.6074 -0.1829 0.7731
vn 0.6076 -0.1827 0.7729
vn 0.6074 -0.1828 0.7731
vn 0.6069 -0.1830 0.7735
vn -0.9163 0.2758 -0.2903
vn -0.9162 0.2761 -0.2904
vn -0.9163 0.2761 -0.2903
vn -0.9162 0.2760 -0.2904
vn 0.7401 -0.2232 0.6344
vn 0.7401 -0.2229 0.6345
vn 0.7401 -0.2230 0.6344
vn -0.9528 0.2872 -0.0980
vn -0.9529 0.2871 -0.0981
vn -0.2085 -0.6081 -0.7660
vn -0.2085 -0.6080 -0.7660
vn -0.2084 -0.6081 -0.7660
vn -0.2083 -0.6081 -0.7660
vn -0.0542 0.9682 0.2441
vn 0.8789 0.4202 -0.2255
vn 0.8790 0.4202 -0.2255
vn -0.0372 0.9418 0.3342
vn -0.0372 0.9417 0.3343
vn 0.8175 0.4482 -0.3617
vn 0.0003 0.9039 0.4277
vn 0.0003 0.9040 0.4275
vn 0.1490 0.7969 -0.5854
vn 0.7300 0.4889 -0.4776
vn 0.0626 0.8552 0.5145
vn 0.0625 0.8552 0.5145
vn 0.0625 0.8552 -0.5145
vn 0.0625 0.8552 -0.5146
vn 0.6223 0.5404 -0.5663
vn 0.1490 0.7969 0.5854
vn 0.1491 0.7969 0.5854
vn 0.0005 0.9040 -0.4275
vn 0.0003 0.9040 -0.4275
vn 0.5016 0.6003 -0.6229
vn 0.2561 0.7324 0.6309
vn -0.0372 0.9417 -0.3343
vn 0.3765 0.6655 -0.6444
vn 0.3765 0.6655 0.6444
vn 0.3765 0.6655 0.6445
vn -0.0542 0.9682 -0.2441
vn 0.2561 0.7324 -0.6309
vn 0.5016 0.6003 0.6229
vn -0.0569 0.9850 -0.1626
vn -0.0571 0.9850 -0.1627
vn -0.0567 0.9850 -0.1628
vn 0.6223 0.5404 0.5663
vn -0.0535 0.9943 -0.0920
vn 0.7300 0.4889 0.4776
vn -0.0499 0.9983 -0.0296
vn -0.0499 0.9983 -0.0295
vn 0.8175 0.4482 0.3617
vn -0.0499 0.9983 0.0295
vn -0.0499 0.9983 0.0296
vn 0.8790 0.4202 0.2255
vn -0.0533 0.9943 0.0921
vn -0.0535 0.9943 0.0920
vn 0.9107 0.4059 0.0765
vn 0.9107 0.4059 0.0766
vn -0.0572 0.9850 0.1628
vn -0.0571 0.9850 0.1627
vn -0.0572 0.9850 0.1629
vn -0.6201 0.1337 -0.7731
vn -0.6202 0.1337 -0.7730
vn 0.4468 -0.7496 -0.4883
vn 0.4471 -0.7494 -0.4883
vn 0.4470 -0.7495 -0.4883
vn 0.4470 -0.7493 -0.4886
vn -0.3531 -0.5771 0.7364
vn -0.3527 -0.5769 0.7368
vn -0.3530 -0.5770 0.7365
vn -0.3535 -0.5773 0.7361
vn -0.3531 -0.5770 -0.7365
vn -0.3530 -0.5770 -0.7366
vn -0.3530 -0.5771 -0.7364
vn -0.3530 -0.5769 -0.7366
vn 0.3426 -0.7272 -0.5949
vn 0.3428 -0.7270 -0.5950
vn 0.3427 -0.7271 -0.5949
vn 0.3430 -0.7270 -0.5949
vn -0.2083 -0.6082 0.7660
vn -0.2081 -0.6082 0.7660
vn -0.2079 -0.6081 0.7661
vn -0.2083 -0.6081 0.7660
vn -0.4888 -0.5480 -0.6788
vn -0.4889 -0.5480 -0.6788
vn 0.2196 -0.7006 -0.6789
vn 0.2201 -0.7005 -0.6788
vn 0.2201 -0.7005 -0.6789
vn -0.0609 -0.6400 0.7660
vn -0.0608 -0.6399 0.7660
vn -0.0606 -0.6398 0.7661
vn -0.6119 -0.5215 -0.5946
vn -0.6119 -0.5211 -0.5950
vn -0.6119 -0.5212 -0.5949
vn 0.0837 -0.6712 -0.7366
vn 0.0835 -0.6711 -0.7367
vn 0.0837 -0.6713 -0.7364
vn 0.0839 -0.6714 -0.7363
vn 0.0838 -0.6713 0.7364
vn 0.0838 -0.6712 0.7366
vn 0.0837 -0.6714 0.7364
vn 0.0842 -0.6712 0.7365
vn -0.7160 -0.4985 -0.4887
vn -0.7161 -0.4986 -0.4884
vn -0.7161 -0.4986 -0.4885
vn -0.7162 -0.4986 -0.4883
vn -0.0608 -0.6399 -0.7660
vn -0.0607 -0.6400 -0.7660
vn -0.0607 -0.6399 -0.7660
vn 0.2200 -0.7005 0.6789
vn 0.2202 -0.7005 0.6789
vn 0.2201 -0.7005 0.6788
vn -0.7981 -0.4810 -0.3628
vn -0.7979 -0.4811 -0.3632
vn -0.7981 -0.4811 -0.3628
vn 0.3426 -0.7271 0.5949
vn 0.3425 -0.7268 0.5954
vn 0.3427 -0.7269 0.5952
vn 0.3428 -0.7271 0.5948
vn -0.8546 -0.4689 -0.2232
vn -0.8545 -0.4690 -0.2234
vn -0.8545 -0.4690 -0.2233
vn -0.8547 -0.4688 -0.2231
vn 0.4471 -0.7496 0.4882
vn 0.4472 -0.7494 0.4883
vn 0.4473 -0.7495 0.4881
vn 0.4470 -0.7495 0.4883
vn -0.8832 -0.4629 -0.0751
vn -0.8833 -0.4627 -0.0754
vn -0.8833 -0.4626 -0.0755
vn -0.8833 -0.4626 -0.0754
vn 0.5291 -0.7671 0.3628
vn 0.5290 -0.7672 0.3628
vn -0.8833 -0.4628 0.0751
vn -0.8833 -0.4627 0.0753
vn -0.8834 -0.4625 0.0756
vn 0.5855 -0.7792 0.2236
vn 0.5855 -0.7793 0.2236
vn 0.5855 -0.7793 0.2234
vn -0.8545 -0.4689 0.2233
vn -0.8545 -0.4689 0.2235
vn -0.8545 -0.4690 0.2233
vn -0.8546 -0.4688 0.2234
vn 0.6142 -0.7855 0.0757
vn 0.6141 -0.7856 0.0758
vn 0.6142 -0.7855 0.0758
vn 0.6145 -0.7853 0.0754
vn -0.7981 -0.4809 0.3629
vn -0.7980 -0.4810 0.3630
vn -0.7981 -0.4810 0.3629
vn -0.7981 -0.4811 0.3628
vn 0.6141 -0.7856 -0.0753
vn 0.6143 -0.7855 -0.0752
vn 0.6142 -0.7856 -0.0756
vn 0.6140 -0.7857 -0.0755
vn -0.7162 -0.4985 0.4884
vn -0.7163 -0.4986 0.4881
vn -0.7162 -0.4985 0.4883
vn -0.7162 -0.4986 0.4883
vn 0.5855 -0.7792 -0.2236
vn 0.5855 -0.7793 -0.2234
vn 0.5855 -0.7793 -0.2235
vn 0.5855 -0.7793 -0.2236
vn -0.6119 -0.5215 0.5946
vn -0.6119 -0.5211 0.5950
vn 0.5290 -0.7671 -0.3628
vn 0.5291 -0.7671 -0.3628
vn -0.4889 -0.5480 0.6788
vn -0.4888 -0.5480 0.6788
vn -0.0213 0.9977 -0.0644
vn -0.0211 0.9977 -0.0645
vn 0.2838 -0.0612 -0.9569
vn 0.2837 -0.0612 -0.9570
vn 0.2838 -0.0612 0.9569
vn -0.7555 0.1630 -0.6345
vn -0.7556 0.1629 -0.6345
vn -0.7555 0.1630 -0.6346
vn -0.7554 0.1631 -0.6346
vn 0.0958 -0.0207 -0.9952
vn 0.4609 -0.0996 0.8818
vn 0.4608 -0.0993 0.8819
vn -0.8622 0.1859 -0.4713
vn -0.8620 0.1854 -0.4717
vn -0.8622 0.1857 -0.4714
vn -0.8621 0.1859 -0.4714
vn 0.6202 -0.1338 0.7730
vn 0.6201 -0.1337 0.7730
vn 0.6200 -0.1338 0.7731
vn 0.6199 -0.1339 0.7732
vn -0.9355 0.2016 -0.2902
vn -0.9355 0.2015 -0.2903
vn -0.9354 0.2017 -0.2903
vn 0.7557 -0.1628 0.6344
vn 0.7556 -0.1628 0.6345
vn 0.7557 -0.1629 0.6343
vn 0.7558 -0.1631 0.6341
vn -0.9728 0.2099 -0.0979
vn -0.9728 0.2097 -0.0981
vn -0.9728 0.2096 -0.0984
vn -0.9728 0.2100 -0.0977
vn 0.8621 -0.1863 0.4712
vn 0.8621 -0.1860 0.4714
vn -0.9728 0.2097 0.0983
vn -0.9728 0.2097 0.0981
vn -0.9728 0.2099 0.0978
vn -0.9728 0.2100 0.0976
vn 0.9355 -0.2016 0.2903
vn 0.9355 -0.2015 0.2903
vn 0.9355 -0.2017 0.2903
vn 0.9355 -0.2015 0.2901
vn -0.9353 0.2020 0.2905
vn -0.9354 0.2019 0.2903
vn -0.9354 0.2020 0.2904
vn -0.9354 0.2018 0.2904
vn 0.9729 -0.2098 0.0978
vn 0.9729 -0.2097 0.0980
vn 0.9728 -0.2097 0.0980
vn 0.9728 -0.2097 0.0981
vn -0.8620 0.1859 0.4715
vn -0.8621 0.1859 0.4714
vn -0.8621 0.1856 0.4716
vn -0.8621 0.1859 0.4715
vn 0.9728 -0.2098 -0.0980
vn 0.9728 -0.2098 -0.0979
vn 0.9728 -0.2097 -0.0981
vn -0.7557 0.1630 0.6343
vn -0.7557 0.1631 0.6343
vn -0.7558 0.1630 0.6342
vn -0.7560 0.1632 0.6339
vn 0.9354 -0.2016 -0.2904
vn 0.9355 -0.2016 -0.2903
vn 0.9354 -0.2016 -0.2905
vn 0.9353 -0.2019 -0.2906
vn -0.6202 0.1338 0.7729
vn -0.6201 0.1337 0.7731
vn 0.8621 -0.1859 -0.4713
vn 0.8622 -0.1861 -0.4711
vn 0.8621 -0.1859 -0.4714
vn -0.4606 0.0993 0.8820
vn -0.4610 0.0992 0.8818
vn -0.4608 0.0992 0.8819
vn -0.4604 0.0994 0.8821
vn -0.0958 0.0207 -0.9952
vn -0.0957 0.0207 -0.9952
vn 0.7556 -0.1631 -0.6344
vn 0.7555 -0.1629 -0.6345
vn 0.7555 -0.1632 -0.6344
vn -0.2837 0.0612 0.9570
vn -0.2838 0.0612 0.9569
vn -0.2837 0.0611 -0.9570
vn -0.2838 0.0612 -0.9569
vn -0.2836 0.0611 -0.9570
vn -0.2834 0.0610 -0.9571
vn 0.6200 -0.1337 -0.7731
vn 0.6201 -0.1337 -0.7730
vn 0.6201 -0.1336 -0.7731
vn 0.6200 -0.1334 -0.7732
vn -0.0957 0.0206 0.9952
vn -0.0958 0.0206 0.9952
vn -0.0962 0.0207 0.9951
vn -0.0961 0.0207 0.9952
vn -0.4608 0.0992 -0.8819
vn -0.4610 0.0992 -0.8818
vn -0.4606 0.0993 -0.8820
vn -0.4604 0.0994 -0.8821
vn 0.4609 -0.0996 -0.8818
vn 0.0957 -0.0206 0.9952
vn 0.0956 -0.0206 0.9952
vn 0.0958 -0.0206 0.9952
vn -0.6677 -0.7267 0.1616
vn -0.6677 -0.7266 0.1617
vn -0.6679 -0.7266 0.1613
vn 0.5678 0.7506 0.3381
vn 0.5675 0.7507 0.3383
vn -0.0211 0.9996 -0.0210
vn -0.0210 0.9996 -0.0210
vn 0.6358 0.7272 0.2586
vn 0.6358 0.7273 0.2585
vn 0.6358 0.7271 0.2588
vn -0.0210 0.9996 0.0210
vn -0.0211 0.9996 0.0210
vn 0.6844 0.7108 0.1623
vn 0.6844 0.7108 0.1622
vn -0.0210 0.9977 0.0645
vn -0.0211 0.9977 0.0645
vn -0.0211 0.9977 0.0644
vn 0.7096 0.7025 0.0549
vn 0.7097 0.7023 0.0553
vn 0.7097 0.7023 0.0551
vn -0.0191 0.9935 0.1123
vn -0.0188 0.9935 0.1120
vn 0.7097 0.7023 -0.0552
vn 0.7097 0.7023 -0.0553
vn -0.0120 0.9861 0.1655
vn 0.6845 0.7107 -0.1623
vn 0.6844 0.7108 -0.1622
vn 0.0041 0.9747 0.2236
vn 0.0042 0.9747 0.2236
vn 0.6359 0.7272 -0.2586
vn 0.6358 0.7273 -0.2585
vn 0.6357 0.7273 -0.2586
vn 0.0332 0.9583 0.2838
vn 0.0335 0.9583 0.2838
vn 0.1394 0.9100 -0.3904
vn 0.5675 0.7507 -0.3383
vn 0.5675 0.7507 -0.3382
vn 0.0780 0.9366 0.3415
vn 0.0783 0.9367 0.3413
vn 0.0784 0.9367 0.3413
vn 0.0783 0.9367 -0.3412
vn 0.0783 0.9367 -0.3413
vn 0.4848 0.7796 -0.3965
vn 0.4847 0.7796 -0.3966
vn 0.1393 0.9101 0.3903
vn 0.1394 0.9100 0.3904
vn 0.1393 0.9100 0.3904
vn 0.0335 0.9583 -0.2838
vn 0.3941 0.8120 -0.4306
vn 0.3940 0.8120 -0.4306
vn 0.3941 0.8122 -0.4302
vn 0.2152 0.8793 0.4249
vn 0.2151 0.8793 0.4249
vn 0.0043 0.9747 -0.2237
vn 0.0042 0.9747 -0.2236
vn 0.3019 0.8459 -0.4396
vn 0.3019 0.8460 -0.4395
vn 0.3019 0.8459 0.4396
vn 0.3019 0.8460 0.4395
vn 0.3019 0.8459 0.4397
vn -0.0120 0.9861 -0.1655
vn -0.0120 0.9861 -0.1656
vn 0.2153 0.8793 -0.4249
vn 0.2152 0.8793 -0.4249
vn 0.3940 0.8119 0.4307
vn 0.3940 0.8120 0.4306
vn 0.3942 0.8119 0.4306
vn -0.0191 0.9935 -0.1123
vn 0.4847 0.7796 0.3966
vn 0.4847 0.7796 0.3965
vn -0.6251 0.1084 0.7730
vn -0.6252 0.1083 0.7729
vn 0.4051 -0.9126 0.0546
vn 0.4051 -0.9126 0.0547
vn -0.6265 -0.7338 0.2629
vn -0.6264 -0.7338 0.2629
vn 0.4052 -0.9126 -0.0548
vn 0.4051 -0.9126 -0.0547
vn 0.4052 -0.9126 -0.0547
vn -0.5664 -0.7443 0.3539
vn -0.5666 -0.7442 0.3539
vn -0.5664 -0.7444 0.3538
vn -0.5666 -0.7443 0.3535
vn 0.3841 -0.9090 -0.1619
vn 0.3839 -0.9090 -0.1621
vn -0.4903 -0.7576 0.4309
vn -0.4904 -0.7575 0.4310
vn -0.4903 -0.7575 0.4310
vn -0.4904 -0.7574 0.4311
vn 0.3430 -0.9018 -0.2628
vn 0.3430 -0.9019 -0.2628
vn 0.3429 -0.9019 -0.2627
vn -0.4009 -0.7729 0.4919
vn -0.1957 -0.8085 -0.5550
vn 0.2831 -0.8914 -0.3540
vn 0.2832 -0.8913 -0.3541
vn 0.2831 -0.8914 -0.3538
vn -0.3013 -0.7904 0.5334
vn -0.3012 -0.7903 0.5335
vn -0.3013 -0.7904 0.5333
vn -0.3013 -0.7901 -0.5337
vn -0.3013 -0.7899 -0.5341
vn -0.3013 -0.7901 -0.5338
vn -0.3014 -0.7900 -0.5339
vn 0.2068 -0.8782 -0.4313
vn 0.2069 -0.8782 -0.4313
vn -0.1958 -0.8086 0.5549
vn -0.1957 -0.8085 0.5550
vn -0.1958 -0.8085 0.5549
vn -0.1959 -0.8086 0.5548
vn -0.4008 -0.7729 -0.4919
vn -0.4009 -0.7729 -0.4919
vn 0.1171 -0.8628 -0.4918
vn 0.1172 -0.8628 -0.4918
vn 0.1171 -0.8627 -0.4920
vn -0.0879 -0.8272 0.5550
vn -0.0880 -0.8272 0.5549
vn -0.0877 -0.8272 0.5550
vn -0.0880 -0.8272 0.5550
vn -0.4904 -0.7575 -0.4310
vn -0.4904 -0.7575 -0.4309
vn -0.4906 -0.7573 -0.4310
vn -0.4905 -0.7573 -0.4311
vn 0.0175 -0.8454 -0.5338
vn 0.0173 -0.8455 -0.5336
vn 0.0174 -0.8457 -0.5334
vn 0.0175 -0.8458 -0.5332
vn 0.0176 -0.8456 0.5336
vn 0.0177 -0.8455 0.5336
vn 0.0176 -0.8456 0.5335
vn -0.5665 -0.7443 -0.3537
vn -0.5666 -0.7442 -0.3538
vn -0.5664 -0.7445 -0.3535
vn -0.0880 -0.8273 -0.5549
vn -0.0880 -0.8273 -0.5548
vn -0.0880 -0.8272 -0.5549
vn -0.0880 -0.8272 -0.5550
vn 0.1174 -0.8627 0.4919
vn 0.1176 -0.8627 0.4919
vn 0.1175 -0.8627 0.4919
vn 0.1172 -0.8627 0.4919
vn -0.6264 -0.7338 -0.2629
vn -0.6263 -0.7339 -0.2629
vn 0.2069 -0.8782 0.4312
vn 0.2068 -0.8783 0.4311
vn 0.2070 -0.8781 0.4314
vn -0.6677 -0.7266 -0.1617
vn -0.6677 -0.7266 -0.1616
vn -0.6677 -0.7267 -0.1617
vn -0.6677 -0.7266 -0.1619
vn 0.2830 -0.8914 0.3539
vn 0.2829 -0.8914 0.3540
vn 0.2830 -0.8915 0.3539
vn 0.2832 -0.8914 0.3538
vn -0.6885 -0.7232 -0.0549
vn -0.6885 -0.7231 -0.0550
vn 0.3430 -0.9018 0.2628
vn 0.3429 -0.9019 0.2628
vn 0.3426 -0.9019 0.2630
vn -0.6885 -0.7231 0.0549
vn -0.6886 -0.7231 0.0550
vn -0.6885 -0.7232 0.0548
vn 0.3840 -0.9090 0.1621
vn 0.3840 -0.9090 0.1622
vn 0.3841 -0.9090 0.1620
vn 0.3838 -0.9091 0.1622
vn 0.0145 0.7110 0.7031
vn 0.0146 0.7110 0.7030
vn 0.8690 -0.1507 -0.4713
vn 0.8689 -0.1510 -0.4715
vn 0.8690 -0.1507 -0.4714
vn -0.4643 0.0807 0.8820
vn -0.4644 0.0807 0.8820
vn -0.4644 0.0806 0.8820
vn -0.0966 0.0167 -0.9952
vn 0.7617 -0.1322 -0.6342
vn -0.2858 0.0496 0.9570
vn -0.2856 0.0496 0.9571
vn -0.2860 0.0496 0.9570
vn -0.2857 0.0496 -0.9570
vn -0.2856 0.0496 -0.9571
vn -0.2855 0.0495 -0.9571
vn -0.2858 0.0496 -0.9570
vn 0.6252 -0.1084 -0.7729
vn 0.6251 -0.1084 -0.7730
vn 0.6251 -0.1083 -0.7730
vn -0.0961 0.0167 0.9952
vn -0.4644 0.0806 -0.8820
vn -0.4643 0.0807 -0.8820
vn -0.4644 0.0806 -0.8819
vn -0.4648 0.0803 -0.8818
vn 0.4646 -0.0805 -0.8819
vn 0.4648 -0.0804 -0.8818
vn 0.4644 -0.0806 -0.8820
vn 0.0965 -0.0167 0.9952
vn 0.0967 -0.0167 0.9952
vn 0.0966 -0.0167 0.9952
vn -0.6251 0.1084 -0.7730
vn -0.6251 0.1083 -0.7730
vn -0.6249 0.1084 -0.7731
vn 0.2860 -0.0496 -0.9569
vn 0.2860 -0.0496 -0.9570
vn 0.2859 -0.0497 -0.9570
vn 0.2856 -0.0496 -0.9571
vn 0.2857 -0.0496 0.9570
vn 0.2858 -0.0496 0.9570
vn 0.2855 -0.0495 0.9571
vn 0.2856 -0.0496 0.9571
vn -0.7616 0.1321 -0.6344
vn 0.0966 -0.0167 -0.9952
vn 0.4644 -0.0806 0.8820
vn 0.4648 -0.0804 0.8818
vn 0.4646 -0.0805 0.8819
vn 0.4641 -0.0806 0.8821
vn -0.8689 0.1510 -0.4715
vn -0.8690 0.1507 -0.4714
vn 0.6250 -0.1084 0.7730
vn 0.6250 -0.1084 0.7731
vn -0.9429 0.1637 -0.2900
vn -0.9429 0.1635 -0.2903
vn -0.9429 0.1638 -0.2899
vn 0.7614 -0.1323 0.6346
vn -0.9806 0.1700 -0.0980
vn -0.9805 0.1701 -0.0981
vn -0.9806 0.1700 -0.0978
vn 0.8690 -0.1507 0.4713
vn 0.8690 -0.1507 0.4714
vn 0.8689 -0.1510 0.4715
vn -0.9806 0.1700 0.0979
vn -0.9806 0.1700 0.0980
vn -0.9805 0.1701 0.0981
vn 0.9429 -0.1635 0.2903
vn 0.9428 -0.1635 0.2903
vn 0.9428 -0.1636 0.2904
vn -0.9428 0.1636 0.2904
vn -0.9429 0.1635 0.2903
vn 0.9806 -0.1701 0.0979
vn 0.9806 -0.1700 0.0980
vn -0.8690 0.1507 0.4714
vn -0.8690 0.1505 0.4713
vn -0.8689 0.1510 0.4715
vn 0.9806 -0.1699 -0.0982
vn 0.9806 -0.1699 -0.0981
vn 0.9806 -0.1701 -0.0979
vn 0.9806 -0.1700 -0.0980
vn -0.7616 0.1323 0.6344
vn -0.7617 0.1319 0.6344
vn 0.9429 -0.1635 -0.2903
vn 0.9428 -0.1634 -0.2905
vn 0.1871 -0.8770 0.4426
vn 0.1871 -0.8769 0.4427
vn -0.1644 0.8543 -0.4931
vn 0.4563 0.4998 -0.7362
vn 0.1507 0.6353 0.7574
vn -0.1948 0.9100 -0.3659
vn 0.3022 0.5638 -0.7687
vn 0.3022 0.5638 0.7687
vn -0.1909 0.9500 -0.2471
vn 0.1507 0.6353 -0.7574
vn 0.4563 0.4998 0.7362
vn -0.1663 0.9747 -0.1495
vn 0.6018 0.4452 0.6631
vn -0.1377 0.9875 -0.0767
vn 0.7292 0.4010 0.5545
vn -0.1194 0.9926 -0.0232
vn -0.1193 0.9926 -0.0232
vn 0.8311 0.3677 0.4173
vn -0.1194 0.9926 0.0232
vn 0.9020 0.3454 0.2589
vn -0.1377 0.9875 0.0767
vn 0.9384 0.3344 0.0877
vn 0.9384 0.3342 0.0877
vn 0.9384 0.3343 0.0877
vn -0.1663 0.9747 0.1495
vn 0.9384 0.3343 -0.0875
vn 0.9384 0.3342 -0.0877
vn -0.1909 0.9500 0.2471
vn 0.9020 0.3454 -0.2589
vn 0.9020 0.3454 -0.2590
vn -0.1948 0.9100 0.3659
vn 0.8311 0.3677 -0.4173
vn -0.1644 0.8543 0.4931
vn 0.0146 0.7111 -0.7030
vn 0.0146 0.7110 -0.7030
vn 0.7292 0.4010 -0.5545
vn -0.0936 0.7861 0.6110
vn -0.0936 0.7861 -0.6110
vn 0.6018 0.4452 -0.6631
vn 0.8804 -0.0501 0.4715
vn -0.4912 -0.8383 -0.2367
vn -0.4910 -0.8383 -0.2370
vn -0.4911 -0.8383 -0.2368
vn -0.4912 -0.8383 -0.2366
vn 0.2688 -0.8816 0.3880
vn 0.2690 -0.8815 0.3880
vn 0.2689 -0.8816 0.3880
vn -0.5288 -0.8361 -0.1457
vn -0.5290 -0.8360 -0.1458
vn -0.5288 -0.8362 -0.1457
vn -0.5288 -0.8362 -0.1456
vn 0.3382 -0.8854 0.3188
vn 0.3382 -0.8856 0.3184
vn 0.3379 -0.8856 0.3186
vn -0.5478 -0.8351 -0.0491
vn -0.5479 -0.8351 -0.0492
vn -0.5479 -0.8351 -0.0491
vn 0.3928 -0.8887 0.2366
vn -0.5479 -0.8351 0.0492
vn -0.5482 -0.8349 0.0494
vn 0.4303 -0.8908 0.1457
vn 0.4304 -0.8908 0.1457
vn 0.4303 -0.8909 0.1457
vn -0.5287 -0.8361 0.1460
vn -0.5285 -0.8363 0.1456
vn -0.5286 -0.8363 0.1457
vn -0.5288 -0.8361 0.1459
vn 0.4497 -0.8918 0.0493
vn 0.4495 -0.8919 0.0492
vn 0.4498 -0.8918 0.0492
vn 0.4500 -0.8916 0.0492
vn -0.4913 -0.8383 0.2365
vn -0.4912 -0.8383 0.2366
vn -0.4915 -0.8382 0.2364
vn 0.4496 -0.8919 -0.0492
vn 0.4497 -0.8918 -0.0492
vn 0.4496 -0.8919 -0.0494
vn -0.4368 -0.8412 0.3187
vn -0.4367 -0.8414 0.3184
vn -0.4366 -0.8414 0.3183
vn -0.4366 -0.8414 0.3184
vn 0.4303 -0.8909 -0.1456
vn 0.4304 -0.8908 -0.1457
vn 0.4303 -0.8908 -0.1457
vn 0.4301 -0.8910 -0.1456
vn -0.3672 -0.8453 0.3881
vn -0.3671 -0.8454 0.3880
vn 0.3928 -0.8887 -0.2366
vn -0.2856 -0.8500 0.4427
vn -0.2858 -0.8499 0.4427
vn -0.2854 -0.8500 0.4428
vn -0.0983 -0.8606 -0.4996
vn -0.0983 -0.8607 -0.4996
vn 0.3383 -0.8856 -0.3183
vn 0.3383 -0.8855 -0.3184
vn 0.3384 -0.8855 -0.3185
vn -0.1943 -0.8552 0.4806
vn -0.1942 -0.8551 0.4808
vn -0.1943 -0.8552 0.4805
vn -0.1944 -0.8553 0.4803
vn -0.1946 -0.8552 -0.4804
vn -0.1947 -0.8552 -0.4804
vn -0.1947 -0.8551 -0.4804
vn 0.2687 -0.8817 -0.3879
vn 0.2687 -0.8816 -0.3880
vn 0.2687 -0.8816 -0.3881
vn -0.0984 -0.8607 0.4996
vn -0.0983 -0.8607 0.4996
vn -0.2854 -0.8500 -0.4427
vn -0.2852 -0.8501 -0.4427
vn 0.1871 -0.8769 -0.4428
vn 0.1871 -0.8769 -0.4427
vn -0.0001 -0.8663 0.4995
vn -0.0000 -0.8663 0.4996
vn -0.0000 -0.8662 0.4996
vn -0.3671 -0.8453 -0.3882
vn -0.3667 -0.8453 -0.3885
vn -0.3671 -0.8454 -0.3881
vn -0.3671 -0.8454 -0.3880
vn 0.0961 -0.8717 -0.4805
vn 0.0963 -0.8718 -0.4804
vn 0.0960 -0.8719 -0.4802
vn 0.0960 -0.8717 0.4805
vn 0.0961 -0.8717 0.4806
vn 0.0959 -0.8717 0.4805
vn 0.0958 -0.8718 0.4804
vn -0.4367 -0.8414 -0.3184
vn -0.0000 -0.8662 -0.4996
vn -0.0000 -0.8663 -0.4996
vn -0.0000 -0.8662 -0.4997
vn 0.8332 0.5471 -0.0803
vn 0.8331 0.5472 -0.0805
vn 0.8333 0.5469 -0.0801
vn -0.9936 0.0566 0.0981
vn -0.9936 0.0566 0.0980
vn 0.9554 -0.0544 0.2904
vn 0.9554 -0.0544 0.2903
vn -0.9554 0.0544 0.2904
vn 0.9936 -0.0568 0.0980
vn 0.9936 -0.0566 0.0981
vn 0.9936 -0.0566 0.0980
vn -0.8805 0.0501 0.4715
vn 0.9936 -0.0568 -0.0981
vn 0.9936 -0.0566 -0.0981
vn 0.9936 -0.0566 -0.0980
vn 0.9936 -0.0567 -0.0980
vn -0.7717 0.0439 0.6345
vn -0.7716 0.0439 0.6346
vn -0.7718 0.0439 0.6344
vn 0.9554 -0.0544 -0.2904
vn 0.9553 -0.0544 -0.2905
vn -0.6338 0.0361 0.7726
vn -0.6335 0.0361 0.7729
vn 0.8806 -0.0501 -0.4712
vn 0.8804 -0.0501 -0.4715
vn -0.4701 0.0268 0.8822
vn -0.4705 0.0268 0.8820
vn -0.0981 0.0056 -0.9952
vn -0.0979 0.0056 -0.9952
vn -0.0978 0.0056 -0.9952
vn 0.7717 -0.0439 -0.6345
vn -0.2898 0.0165 0.9570
vn -0.2900 0.0165 0.9569
vn -0.2896 0.0165 0.9570
vn -0.2896 0.0165 -0.9570
vn -0.2897 0.0165 -0.9570
vn -0.2898 0.0165 -0.9569
vn 0.6330 -0.0360 -0.7734
vn 0.6333 -0.0361 -0.7730
vn -0.0981 0.0056 0.9952
vn -0.0980 0.0056 0.9952
vn -0.4707 0.0268 -0.8819
vn 0.4707 -0.0268 -0.8819
vn 0.0980 -0.0056 0.9952
vn 0.0978 -0.0056 0.9952
vn 0.0979 -0.0056 0.9952
vn -0.6332 0.0361 -0.7731
vn -0.6333 0.0361 -0.7730
vn 0.2897 -0.0165 -0.9570
vn 0.2898 -0.0165 -0.9569
vn 0.2897 -0.0165 0.9570
vn 0.2898 -0.0165 0.9570
vn -0.7717 0.0439 -0.6345
vn 0.0981 -0.0056 -0.9952
vn 0.0986 -0.0056 -0.9951
vn 0.0980 -0.0056 -0.9952
vn 0.4702 -0.0268 0.8822
vn -0.8805 0.0501 -0.4715
vn 0.6338 -0.0361 0.7726
vn 0.6335 -0.0361 0.7729
vn -0.9554 0.0544 -0.2904
vn 0.7718 -0.0439 0.6344
vn 0.7719 -0.0439 0.6343
vn -0.9936 0.0566 -0.0982
vn 0.3381 -0.6941 0.6356
vn 0.3380 -0.6941 0.6356
vn 0.3381 -0.6941 0.6355
vn -0.3555 0.8803 0.3141
vn 0.7986 0.5533 -0.2368
vn 0.7985 0.5534 -0.2368
vn 0.7986 0.5534 -0.2367
vn -0.3135 0.8544 0.4143
vn 0.7311 0.5659 -0.3810
vn 0.7311 0.5660 -0.3810
vn 0.7310 0.5662 -0.3808
vn -0.2478 0.8228 0.5114
vn -0.0418 0.7486 -0.6617
vn 0.6346 0.5847 -0.5054
vn 0.6345 0.5848 -0.5053
vn -0.1566 0.7869 0.5969
vn -0.1566 0.7869 -0.5969
vn 0.5146 0.6092 -0.6034
vn 0.5147 0.6091 -0.6034
vn -0.0418 0.7486 0.6617
vn -0.2478 0.8228 -0.5114
vn 0.3786 0.6388 -0.6698
vn 0.3784 0.6387 -0.6699
vn 0.0911 0.7099 0.6984
vn -0.3135 0.8544 -0.4143
vn 0.2342 0.6727 -0.7018
vn 0.2342 0.6728 0.7018
vn 0.2342 0.6727 0.7018
vn 0.2342 0.6727 0.7019
vn -0.3555 0.8803 -0.3141
vn 0.0911 0.7099 -0.6984
vn 0.3784 0.6387 0.6700
vn 0.3784 0.6387 0.6699
vn 0.3782 0.6389 0.6700
vn -0.3785 0.8998 -0.2172
vn 0.5147 0.6091 0.6034
vn 0.5147 0.6092 0.6033
vn -0.3889 0.9125 -0.1265
vn -0.3889 0.9126 -0.1265
vn 0.6344 0.5849 0.5055
vn 0.6346 0.5847 0.5054
vn 0.6345 0.5847 0.5055
vn -0.3924 0.9189 -0.0414
vn 0.7311 0.5660 0.3810
vn -0.3924 0.9189 0.0414
vn 0.7985 0.5535 0.2365
vn 0.7985 0.5535 0.2368
vn 0.7986 0.5535 0.2366
vn -0.3889 0.9125 0.1265
vn 0.8330 0.5473 0.0808
vn 0.8331 0.5472 0.0803
vn 0.8330 0.5473 0.0807
vn 0.8332 0.5471 0.0803
vn -0.3785 0.8998 0.2172
vn 0.8820 -0.0039 0.4713
vn 0.8820 -0.0039 0.4712
vn 0.8819 -0.0039 0.4714
vn -0.6372 -0.6918 -0.3397
vn -0.6374 -0.6916 -0.3397
vn -0.6370 -0.6920 -0.3397
vn -0.6370 -0.6920 -0.3398
vn 0.4554 -0.6944 0.5571
vn -0.6913 -0.6917 -0.2089
vn -0.6912 -0.6918 -0.2088
vn -0.6914 -0.6915 -0.2092
vn 0.5553 -0.6947 0.4572
vn -0.7192 -0.6913 -0.0705
vn -0.7191 -0.6913 -0.0706
vn -0.7189 -0.6915 -0.0707
vn -0.7192 -0.6913 -0.0704
vn 0.6339 -0.6949 0.3396
vn 0.6338 -0.6949 0.3397
vn 0.6338 -0.6949 0.3396
vn -0.7189 -0.6915 0.0706
vn -0.7188 -0.6916 0.0705
vn -0.7189 -0.6915 0.0707
vn -0.7191 -0.6913 0.0708
vn 0.6878 -0.6950 0.2094
vn 0.6878 -0.6950 0.2097
vn 0.6877 -0.6951 0.2096
vn 0.6879 -0.6950 0.2092
vn -0.6913 -0.6917 0.2089
vn -0.6913 -0.6917 0.2090
vn -0.6914 -0.6916 0.2091
vn 0.7153 -0.6952 0.0709
vn 0.7151 -0.6954 0.0705
vn 0.7152 -0.6954 0.0708
vn 0.7154 -0.6951 0.0707
vn -0.6370 -0.6920 0.3397
vn -0.6370 -0.6920 0.3398
vn 0.7155 -0.6951 -0.0705
vn 0.7153 -0.6952 -0.0706
vn 0.7155 -0.6951 -0.0706
vn 0.7157 -0.6948 -0.0705
vn -0.5588 -0.6919 0.4572
vn -0.5583 -0.6921 0.4575
vn 0.6878 -0.6950 -0.2094
vn 0.6879 -0.6950 -0.2092
vn 0.6878 -0.6950 -0.2093
vn 0.6878 -0.6951 -0.2093
vn -0.4591 -0.6920 0.5571
vn -0.4591 -0.6919 0.5571
vn 0.6338 -0.6949 -0.3397
vn 0.6337 -0.6950 -0.3397
vn 0.6338 -0.6949 -0.3396
vn -0.3415 -0.6924 0.6356
vn -0.3414 -0.6923 0.6357
vn -0.0725 -0.6934 -0.7169
vn -0.0726 -0.6936 -0.7167
vn -0.0724 -0.6931 -0.7172
vn 0.5553 -0.6947 -0.4572
vn 0.5554 -0.6947 -0.4572
vn 0.5554 -0.6946 -0.4572
vn -0.2106 -0.6927 0.6898
vn -0.2111 -0.6926 0.6897
vn -0.2111 -0.6927 0.6897
vn -0.2110 -0.6927 0.6897
vn -0.2108 -0.6928 -0.6897
vn -0.2108 -0.6927 -0.6897
vn -0.2107 -0.6928 -0.6897
vn -0.2103 -0.6928 -0.6897
vn 0.4555 -0.6944 -0.5571
vn 0.4554 -0.6944 -0.5571
vn 0.4554 -0.6944 -0.5572
vn 0.4554 -0.6943 -0.5573
vn -0.0725 -0.6931 0.7172
vn -0.0726 -0.6932 0.7171
vn -0.0726 -0.6931 0.7172
vn -0.0724 -0.6931 0.7172
vn -0.3417 -0.6923 -0.6356
vn -0.3415 -0.6924 -0.6356
vn -0.3416 -0.6923 -0.6356
vn -0.3417 -0.6924 -0.6355
vn 0.3380 -0.6942 -0.6356
vn 0.3377 -0.6945 -0.6353
vn 0.3382 -0.6942 -0.6354
vn 0.3379 -0.6941 -0.6356
vn 0.0689 -0.6935 0.7171
vn 0.0689 -0.6934 0.7172
vn 0.0688 -0.6932 0.7174
vn -0.4589 -0.6921 -0.5571
vn -0.4590 -0.6921 -0.5571
vn 0.2077 -0.6938 -0.6896
vn 0.2074 -0.6937 -0.6897
vn 0.2075 -0.6938 -0.6896
vn 0.2074 -0.6940 -0.6894
vn 0.2075 -0.6937 0.6897
vn 0.2074 -0.6938 0.6897
vn -0.5588 -0.6921 -0.4570
vn -0.5589 -0.6918 -0.4572
vn -0.5588 -0.6920 -0.4570
vn 0.0686 -0.6936 -0.7171
vn 0.0684 -0.6936 -0.7171
vn 0.0688 -0.6935 -0.7172
vn 0.0687 -0.6935 -0.7171
vn 0.0026 1.0000 -0.0000
vn 0.0025 1.0000 -0.0002
vn 0.0028 1.0000 -0.0000
vn 0.0023 1.0000 -0.0001
vn 0.0025 1.0000 -0.0000
vn 0.0029 1.0000 -0.0004
vn 0.0026 1.0000 -0.0001
vn 0.0025 1.0000 0.0001
vn 0.0026 1.0000 0.0001
vn 0.0029 1.0000 -0.0002
vn 0.0026 1.0000 0.0002
vn 0.0029 1.0000 0.0004
vn 0.0028 1.0000 0.0003
vn 0.0024 1.0000 0.0001
vn 0.0025 1.0000 -0.0003
vn 0.0027 1.0000 -0.0000
vn 0.0025 1.0000 0.0004
vn 0.0027 1.0000 0.0003
vn -0.9952 0.0044 0.0979
vn -0.9952 0.0044 0.0980
vn -0.9952 0.0043 0.0980
vn 0.9569 -0.0044 0.2903
vn -0.9569 0.0044 0.2903
vn 0.9952 -0.0044 0.0981
vn 0.9951 -0.0044 0.0983
vn 0.9952 -0.0044 0.0980
vn -0.8816 0.0040 0.4719
vn -0.8818 0.0039 0.4716
vn -0.8818 0.0040 0.4716
vn 0.9952 -0.0044 -0.0981
vn 0.9952 -0.0044 -0.0980
vn -0.7729 0.0029 0.6345
vn -0.7730 0.0036 0.6344
vn -0.7730 0.0034 0.6344
vn -0.7732 0.0034 0.6342
vn 0.9569 -0.0044 -0.2903
vn -0.6342 0.0030 0.7731
vn -0.6342 0.0029 0.7732
vn -0.6343 0.0029 0.7731
vn -0.6345 0.0027 0.7729
vn 0.8820 -0.0039 -0.4712
vn 0.8820 -0.0039 -0.4713
vn -0.4714 0.0021 0.8819
vn -0.4712 0.0021 0.8820
vn -0.4713 0.0020 0.8820
vn -0.4714 0.0018 0.8819
vn -0.0977 0.0004 -0.9952
vn -0.0981 0.0004 -0.9952
vn 0.7732 -0.0035 -0.6342
vn -0.2901 0.0011 0.9570
vn -0.2899 0.0009 0.9570
vn -0.2903 0.0013 0.9569
vn -0.2901 0.0011 -0.9570
vn -0.2902 0.0013 -0.9570
vn -0.2903 0.0009 -0.9569
vn 0.6344 -0.0028 -0.7730
vn 0.6340 -0.0029 -0.7733
vn 0.6343 -0.0028 -0.7731
vn -0.0980 0.0004 0.9952
vn -0.0979 0.0004 0.9952
vn -0.4714 0.0021 -0.8819
vn 0.4714 -0.0021 -0.8819
vn 0.4715 -0.0021 -0.8819
vn 0.4716 -0.0021 -0.8818
vn 0.0980 -0.0004 0.9952
vn 0.0978 -0.0004 0.9952
vn 0.0979 -0.0004 0.9952
vn 0.0983 -0.0004 0.9952
vn -0.6344 0.0028 -0.7730
vn 0.2903 -0.0013 -0.9569
vn 0.2903 -0.0013 0.9569
vn -0.7731 0.0035 -0.6343
vn -0.7730 0.0034 -0.6344
vn -0.7731 0.0034 -0.6343
vn -0.7732 0.0035 -0.6342
vn 0.0979 -0.0004 -0.9952
vn 0.0976 -0.0004 -0.9952
vn 0.4715 -0.0021 0.8818
vn 0.4716 -0.0021 0.8818
vn 0.4715 -0.0021 0.8819
vn -0.8818 0.0039 -0.4716
vn -0.8819 0.0039 -0.4715
vn 0.6344 -0.0028 0.7730
vn 0.6345 -0.0028 0.7729
vn 0.6349 -0.0029 0.7726
vn -0.9569 0.0044 -0.2903
vn 0.7729 -0.0034 0.6346
vn 0.7730 -0.0034 0.6344
vn 0.7726 -0.0035 0.6349
vn -0.9952 0.0046 -0.0977
vn -0.0000 -1.0000 -0.0000
vn -0.6343 -0.0000 -0.7731
vn -0.8305 -0.5509 0.0821
vn -0.8305 -0.5510 0.0821
vn -0.8305 -0.5509 0.0822
vn 0.7989 -0.5505 0.2423
vn -0.7989 -0.5506 0.2422
vn -0.7989 -0.5505 0.2423
vn -0.7989 -0.5505 0.2422
vn 0.8308 -0.5505 0.0817
vn 0.8308 -0.5506 0.0818
vn 0.8307 -0.5506 0.0818
vn -0.7362 -0.5506 0.3936
vn -0.7357 -0.5511 0.3937
vn -0.7361 -0.5507 0.3935
vn -0.7362 -0.5506 0.3935
vn 0.8307 -0.5507 -0.0819
vn 0.8308 -0.5505 -0.0818
vn -0.6453 -0.5506 0.5295
vn -0.6451 -0.5511 0.5293
vn -0.6454 -0.5505 0.5295
vn -0.6455 -0.5504 0.5296
vn 0.7989 -0.5505 -0.2424
vn 0.7989 -0.5505 -0.2423
vn -0.5296 -0.5506 0.6452
vn -0.5296 -0.5505 0.6454
vn -0.5296 -0.5505 0.6453
vn 0.7364 -0.5502 -0.3936
vn 0.7361 -0.5507 -0.3935
vn 0.7363 -0.5503 -0.3936
vn 0.7362 -0.5505 -0.3935
vn -0.3937 -0.5500 0.7365
vn -0.3936 -0.5502 0.7365
vn -0.3937 -0.5502 0.7364
vn -0.3937 -0.5503 0.7363
vn -0.0818 -0.5506 -0.8308
vn -0.0817 -0.5505 -0.8309
vn -0.0818 -0.5505 -0.8308
vn 0.6454 -0.5505 -0.5296
vn 0.6453 -0.5506 -0.5296
vn 0.6451 -0.5506 -0.5297
vn 0.6454 -0.5505 -0.5295
vn -0.2423 -0.5505 0.7989
vn -0.2423 -0.5504 -0.7989
vn -0.2423 -0.5505 -0.7989
vn 0.5297 -0.5504 -0.6453
vn 0.5296 -0.5506 -0.6453
vn 0.5297 -0.5505 -0.6453
vn -0.0817 -0.5504 0.8309
vn -0.0820 -0.5510 0.8305
vn -0.0818 -0.5505 0.8308
vn -0.3935 -0.5507 -0.7362
vn -0.3935 -0.5506 -0.7362
vn 0.3935 -0.5506 -0.7362
vn 0.3935 -0.5505 -0.7362
vn 0.3935 -0.5505 -0.7363
vn 0.0818 -0.5505 0.8308
vn 0.0813 -0.5504 0.8309
vn 0.0817 -0.5506 0.8308
vn -0.5296 -0.5506 -0.6453
vn -0.5295 -0.5507 -0.6453
vn -0.5296 -0.5505 -0.6453
vn 0.2422 -0.5506 -0.7989
vn 0.2416 -0.5509 -0.7988
vn 0.2423 -0.5505 -0.7989
vn 0.2423 -0.5505 0.7989
vn -0.6453 -0.5506 -0.5296
vn -0.6453 -0.5505 -0.5296
vn -0.6453 -0.5506 -0.5295
vn 0.0819 -0.5507 -0.8307
vn 0.0821 -0.5510 -0.8305
vn 0.0819 -0.5506 -0.8307
vn 0.0822 -0.5509 -0.8305
vn 0.3938 -0.5505 0.7361
vn 0.3935 -0.5505 0.7362
vn 0.3937 -0.5507 0.7361
vn 0.3935 -0.5506 0.7362
vn -0.7362 -0.5506 -0.3935
vn -0.7362 -0.5507 -0.3935
vn -0.7361 -0.5507 -0.3935
vn 0.5297 -0.5505 0.6452
vn 0.5296 -0.5505 0.6453
vn 0.5297 -0.5506 0.6451
vn 0.5299 -0.5504 0.6451
vn -0.7988 -0.5506 -0.2422
vn -0.7988 -0.5509 -0.2419
vn -0.7989 -0.5506 -0.2422
vn -0.7990 -0.5504 -0.2423
vn 0.6453 -0.5505 0.5296
vn 0.6452 -0.5505 0.5297
vn 0.6452 -0.5506 0.5297
vn -0.8308 -0.5505 -0.0818
vn -0.8307 -0.5506 -0.0819
vn 0.7362 -0.5504 0.3937
vn 0.7361 -0.5506 0.3936
vn 0.7363 -0.5505 0.3935
vn 0.7363 -0.5504 0.3935
vn -0.0000 1.0000 -0.0000
vn 0.2903 -0.0000 -0.9569
vn 0.2901 -0.0000 -0.9570
vn 0.2903 -0.0000 0.9569
vn 0.2901 -0.0000 0.9570
vn -0.7731 -0.0000 -0.6343
vn 0.0981 -0.0000 -0.9952
vn 0.0984 -0.0000 -0.9951
vn 0.0980 -0.0000 -0.9952
vn 0.4716 -0.0000 0.8818
vn 0.4718 -0.0000 0.8817
vn 0.4713 -0.0000 0.8820
vn -0.8820 -0.0000 -0.4713
vn 0.6343 -0.0000 0.7731
vn -0.9570 -0.0000 -0.2901
vn -0.9571 -0.0000 -0.2898
vn 0.7731 -0.0000 0.6343
vn -0.9952 -0.0000 -0.0983
vn -0.9952 -0.0000 -0.0980
vn 0.8817 -0.0000 0.4718
vn -0.9952 -0.0000 0.0981
vn -0.9951 -0.0000 0.0984
vn -0.9952 -0.0000 0.0980
vn 0.9569 -0.0000 0.2903
vn -0.9569 -0.0000 0.2903
vn -0.9570 -0.0000 0.2900
vn 0.9952 -0.0000 0.0981
vn 0.9952 -0.0000 0.0980
vn 0.9951 -0.0000 0.0984
vn -0.8817 -0.0000 0.4718
vn 0.9952 -0.0000 -0.0983
vn 0.9952 -0.0000 -0.0980
vn -0.7731 -0.0000 0.6343
vn 0.9571 -0.0000 -0.2898
vn 0.9569 -0.0000 -0.2903
vn 0.9570 -0.0000 -0.2901
vn -0.6343 -0.0000 0.7731
vn 0.8820 -0.0000 -0.4713
vn -0.4713 -0.0000 0.8820
vn -0.0983 -0.0000 -0.9952
vn 0.7731 -0.0000 -0.6343
vn -0.2903 -0.0000 0.9569
vn -0.2901 -0.0000 -0.9570
vn -0.2903 -0.0000 -0.9569
vn 0.6343 -0.0000 -0.7731
vn -0.0983 -0.0000 0.9952
vn -0.4713 -0.0000 -0.8820
vn 0.4716 -0.0000 -0.8818
vn 0.4718 -0.0000 -0.8817
vn 0.4713 -0.0000 -0.8820
vn 0.0981 -0.0000 0.9952
vn 0.0980 -0.0000 0.9952
vn 0.0984 -0.0000 0.9951
vn -0.8376 -0.4837 -0.2540
vn -0.8376 -0.4836 -0.2541
vn -0.8375 -0.4838 -0.2540
vn -0.8376 -0.4836 -0.2540
vn 0.6767 -0.4835 0.5553
vn 0.6766 -0.4836 0.5553
vn 0.6767 -0.4835 0.5552
vn 0.6770 -0.4833 0.5551
vn -0.8712 -0.4834 -0.0860
vn -0.8711 -0.4836 -0.0858
vn -0.8711 -0.4836 -0.0860
vn 0.7718 -0.4838 0.4127
vn 0.7720 -0.4836 0.4125
vn 0.7719 -0.4836 0.4126
vn 0.7717 -0.4838 0.4128
vn -0.8712 -0.4834 0.0859
vn -0.8711 -0.4836 0.0858
vn -0.8711 -0.4836 0.0857
vn -0.8712 -0.4833 0.0861
vn 0.8376 -0.4836 0.2540
vn 0.8376 -0.4836 0.2541
vn 0.8375 -0.4836 0.2542
vn -0.8376 -0.4837 0.2540
vn -0.8376 -0.4836 0.2540
vn -0.8377 -0.4834 0.2540
vn -0.8374 -0.4839 0.2542
vn 0.8711 -0.4836 0.0858
vn 0.8711 -0.4836 0.0860
vn -0.7719 -0.4836 0.4126
vn -0.7719 -0.4835 0.4127
vn -0.7719 -0.4835 0.4128
vn 0.8711 -0.4837 -0.0852
vn 0.8711 -0.4836 -0.0857
vn -0.6768 -0.4836 0.5551
vn -0.6766 -0.4836 0.5552
vn -0.6766 -0.4834 0.5555
vn -0.6766 -0.4836 0.5553
vn 0.8376 -0.4836 -0.2541
vn 0.8375 -0.4836 -0.2544
vn 0.8375 -0.4837 -0.2543
vn -0.5552 -0.4834 0.6768
vn -0.5552 -0.4836 0.6767
vn -0.5554 -0.4835 0.6765
vn -0.5551 -0.4833 0.6770
vn 0.7719 -0.4835 -0.4128
vn 0.7719 -0.4836 -0.4127
vn 0.7719 -0.4836 -0.4126
vn -0.4126 -0.4835 0.7720
vn -0.4127 -0.4834 0.7720
vn -0.4128 -0.4835 0.7719
vn -0.4126 -0.4836 0.7719
vn -0.0858 -0.4836 -0.8711
vn -0.0860 -0.4836 -0.8711
vn 0.6767 -0.4835 -0.5553
vn 0.6766 -0.4836 -0.5553
vn 0.6767 -0.4836 -0.5552
vn 0.6767 -0.4837 -0.5551
vn -0.2542 -0.4834 0.8376
vn -0.2542 -0.4839 0.8374
vn -0.2543 -0.4837 0.8375
vn -0.2544 -0.4835 0.8376
vn -0.2542 -0.4836 -0.8375
vn -0.2543 -0.4837 -0.8375
vn -0.2541 -0.4837 -0.8376
vn -0.2541 -0.4836 -0.8376
vn 0.5553 -0.4835 -0.6767
vn 0.5554 -0.4836 -0.6765
vn 0.5553 -0.4836 -0.6766
vn 0.5551 -0.4833 -0.6770
vn -0.0858 -0.4835 0.8711
vn -0.0861 -0.4836 0.8710
vn -0.0859 -0.4836 0.8711
vn -0.4126 -0.4836 -0.7719
vn -0.4127 -0.4836 -0.7719
vn -0.4128 -0.4835 -0.7719
vn 0.4126 -0.4836 -0.7720
vn 0.4126 -0.4836 -0.7719
vn 0.0855 -0.4836 0.8711
vn 0.0858 -0.4836 0.8711
vn 0.0860 -0.4834 0.8712
vn 0.0852 -0.4837 0.8711
vn -0.5553 -0.4835 -0.6767
vn -0.5555 -0.4838 -0.6763
vn -0.5555 -0.4837 -0.6764
vn -0.5554 -0.4836 -0.6765
vn 0.2541 -0.4836 -0.8376
vn 0.2539 -0.4837 -0.8376
vn 0.2540 -0.4836 0.8377
vn 0.2539 -0.4835 0.8377
vn 0.2540 -0.4834 0.8377
vn 0.2541 -0.4836 0.8376
vn -0.6765 -0.4836 -0.5554
vn -0.6764 -0.4836 -0.5555
vn -0.6765 -0.4835 -0.5554
vn -0.6766 -0.4836 -0.5553
vn 0.0859 -0.4836 -0.8711
vn 0.0858 -0.4836 -0.8711
vn 0.4130 -0.4834 0.7718
vn 0.4126 -0.4836 0.7719
vn 0.4127 -0.4835 0.7719
vn 0.4127 -0.4836 0.7719
vn -0.7719 -0.4835 -0.4127
vn -0.7719 -0.4836 -0.4126
vn -0.7718 -0.4834 -0.4130
vn -0.7719 -0.4835 -0.4128
vn 0.5551 -0.4836 0.6768
vn 0.5552 -0.4836 0.6766
vn 0.5555 -0.4834 0.6766
vn 0.5550 -0.4836 0.6768
vn 0.9952 -0.0000 -0.0981
vn 0.2439 -0.8557 -0.4563
vn 0.2439 -0.8559 -0.4560
vn 0.2440 -0.8556 -0.4565
vn 0.2440 -0.8557 -0.4564
vn 0.0507 -0.8559 0.5147
vn 0.0508 -0.8558 0.5148
vn 0.0507 -0.8559 0.5146
vn 0.0506 -0.8560 0.5145
vn -0.3284 -0.8556 -0.4002
vn -0.3283 -0.8557 -0.4000
vn -0.3285 -0.8554 -0.4005
vn 0.1502 -0.8556 -0.4954
vn 0.1502 -0.8558 -0.4951
vn 0.1502 -0.8557 -0.4952
vn 0.1503 -0.8557 0.4952
vn 0.1502 -0.8557 0.4953
vn 0.1500 -0.8557 0.4953
vn 0.1504 -0.8556 0.4953
vn -0.4002 -0.8556 -0.3283
vn -0.3998 -0.8558 -0.3283
vn -0.4001 -0.8557 -0.3283
vn 0.0507 -0.8559 -0.5147
vn 0.0507 -0.8557 -0.5149
vn 0.0507 -0.8559 -0.5146
vn 0.0508 -0.8558 -0.5148
vn 0.2441 -0.8556 0.4565
vn 0.2442 -0.8555 0.4566
vn 0.2441 -0.8556 0.4566
vn -0.4565 -0.8556 -0.2441
vn -0.4566 -0.8555 -0.2442
vn -0.4566 -0.8556 -0.2441
vn -0.4569 -0.8554 -0.2441
vn 0.3282 -0.8556 0.4004
vn 0.3280 -0.8557 0.4003
vn 0.3283 -0.8555 0.4003
vn 0.3284 -0.8555 0.4002
vn -0.4950 -0.8558 -0.1503
vn -0.4951 -0.8558 -0.1502
vn -0.4951 -0.8557 -0.1502
vn 0.4003 -0.8556 0.3284
vn 0.4001 -0.8557 0.3283
vn 0.4001 -0.8556 0.3284
vn 0.3998 -0.8558 0.3283
vn -0.5149 -0.8558 -0.0507
vn -0.5148 -0.8558 -0.0508
vn -0.5147 -0.8559 -0.0507
vn -0.5151 -0.8556 -0.0507
vn 0.4563 -0.8557 0.2439
vn 0.4560 -0.8559 0.2439
vn 0.4564 -0.8557 0.2439
vn 0.4566 -0.8556 0.2440
vn -0.5149 -0.8558 0.0508
vn -0.5145 -0.8560 0.0506
vn -0.5150 -0.8557 0.0508
vn -0.5148 -0.8558 0.0508
vn 0.4950 -0.8558 0.1502
vn 0.4951 -0.8558 0.1502
vn 0.4948 -0.8559 0.1502
vn -0.4953 -0.8557 0.1501
vn -0.4956 -0.8555 0.1501
vn -0.4952 -0.8557 0.1501
vn -0.4951 -0.8558 0.1502
vn 0.5149 -0.8558 0.0507
vn 0.5150 -0.8557 0.0507
vn 0.5147 -0.8559 0.0507
vn 0.5148 -0.8558 0.0507
vn -0.4565 -0.8556 0.2441
vn -0.4567 -0.8555 0.2441
vn -0.4569 -0.8554 0.2441
vn 0.5147 -0.8559 -0.0507
vn 0.5148 -0.8558 -0.0508
vn 0.5150 -0.8557 -0.0508
vn 0.5148 -0.8558 -0.0507
vn -0.4003 -0.8556 0.3282
vn -0.4001 -0.8556 0.3284
vn -0.4001 -0.8557 0.3283
vn -0.4001 -0.8557 0.3282
vn 0.4948 -0.8559 -0.1501
vn 0.4951 -0.8557 -0.1502
vn 0.4950 -0.8558 -0.1503
vn -0.3283 -0.8557 0.4000
vn -0.3284 -0.8556 0.4002
vn -0.3283 -0.8557 0.3999
vn 0.4564 -0.8557 -0.2439
vn 0.4564 -0.8557 -0.2440
vn 0.4564 -0.8557 -0.2438
vn -0.2441 -0.8556 0.4565
vn -0.2443 -0.8554 0.4568
vn -0.2440 -0.8556 0.4564
vn -0.0507 -0.8559 -0.5146
vn -0.0506 -0.8560 -0.5145
vn -0.0507 -0.8559 -0.5147
vn -0.0508 -0.8558 -0.5148
vn 0.4000 -0.8558 -0.3281
vn 0.4000 -0.8557 -0.3282
vn 0.4001 -0.8557 -0.3283
vn 0.4001 -0.8557 -0.3282
vn -0.1501 -0.8557 0.4953
vn -0.1502 -0.8558 0.4951
vn -0.1502 -0.8557 0.4951
vn -0.1502 -0.8557 0.4953
vn -0.1502 -0.8556 -0.4954
vn -0.1502 -0.8556 -0.4953
vn -0.1502 -0.8557 -0.4952
vn -0.1502 -0.8558 -0.4950
vn 0.3283 -0.8557 -0.4001
vn 0.3283 -0.8556 -0.4001
vn 0.3283 -0.8557 -0.4000
vn -0.0506 -0.8558 0.5149
vn -0.0507 -0.8560 0.5145
vn -0.0507 -0.8559 0.5147
vn -0.0507 -0.8558 0.5148
vn -0.2440 -0.8556 -0.4564
vn -0.2438 -0.8557 -0.4564
vn -0.2440 -0.8557 -0.4564
vn -0.2441 -0.8556 -0.4565
vn -0.7732 -0.0000 0.6342
vn -0.6342 -0.0000 0.7732
vn -0.6343 -0.0000 0.7730
vn 0.8818 -0.0000 -0.4716
vn -0.4716 -0.0000 0.8818
vn -0.0981 -0.0000 -0.9952
vn -0.0977 -0.0000 -0.9952
vn 0.7730 -0.0000 -0.6343
vn 0.7735 -0.0000 -0.6338
vn 0.7732 -0.0000 -0.6342
vn 0.6343 -0.0000 -0.7730
vn 0.6344 -0.0000 -0.7730
vn -0.0981 -0.0000 0.9952
vn -0.0977 -0.0000 0.9952
vn -0.4716 -0.0000 -0.8818
vn 0.0977 -0.0000 0.9952
vn -0.6345 -0.0000 -0.7729
vn -0.6342 -0.0000 -0.7732
vn -0.6346 -0.0000 -0.7729
vn -0.7732 -0.0000 -0.6342
vn 0.0977 -0.0000 -0.9952
vn -0.8818 -0.0000 -0.4716
vn 0.6344 -0.0000 0.7730
vn 0.6343 -0.0000 0.7730
vn -0.9569 -0.0000 -0.2903
vn 0.7729 -0.0000 0.6346
vn -0.9952 -0.0000 -0.0981
vn 0.8818 -0.0000 0.4716
vn -0.8818 -0.0000 0.4716
vn 0.3549 -0.0000 0.9349
vn 0.1657 -0.0000 0.9862
vn -0.0299 -0.0000 0.9996
vn -0.0298 -0.0000 0.9996
vn -0.2243 -0.0000 0.9745
vn -0.4101 -0.0000 0.9120
vn -0.4101 -0.0000 0.9121
vn -0.4102 -0.0000 0.9120
vn -0.5801 -0.0000 0.8145
vn -0.5802 -0.0000 0.8145
vn -0.7279 -0.0000 0.6857
vn -0.8476 -0.0000 0.5306
vn -0.8477 -0.0000 0.5305
vn -0.8476 -0.0000 0.5307
vn -0.9349 -0.0000 0.3549
vn -0.9862 -0.0000 0.1657
vn -0.9996 -0.0000 -0.0299
vn -0.9745 -0.0000 -0.2243
vn -0.9120 -0.0000 -0.4101
vn -0.9121 -0.0000 -0.4101
vn -0.8145 -0.0000 -0.5801
vn -0.6857 -0.0000 -0.7279
vn -0.6856 -0.0000 -0.7279
vn -0.5305 -0.0000 -0.8477
vn -0.5304 -0.0000 -0.8477
vn -0.3549 -0.0000 -0.9349
vn -0.3550 -0.0000 -0.9349
vn -0.1657 -0.0000 -0.9862
vn -0.1658 -0.0000 -0.9862
vn 0.0299 -0.0000 -0.9996
vn 0.2243 -0.0000 -0.9745
vn 0.4101 -0.0000 -0.9120
vn 0.5802 -0.0000 -0.8145
vn 0.5801 -0.0000 -0.8145
vn 0.7279 -0.0000 -0.6857
vn 0.8477 -0.0000 -0.5305
vn 0.9349 -0.0000 -0.3549
vn 0.9862 -0.0000 -0.1657
vn 0.9996 -0.0000 0.0299
vn 0.9745 -0.0000 0.2244
vn 0.9120 -0.0000 0.4101
vn 0.9121 -0.0000 0.4101
vn 0.8145 -0.0000 0.5802
vn 0.8145 -0.0000 0.5801
vn -0.8312 0.4607 0.3113
vn 0.6857 -0.0000 0.7279
vn 0.5306 -0.0000 0.8477
vn 0.5307 -0.0000 0.8476
vn 0.5306 -0.0000 0.8476
vn 0.5305 -0.0000 0.8477
vn -0.0000 -1.0000 -0.0003
vn -0.0000 -1.0000 0.0003
vn -0.0000 -1.0000 0.0001
vn -0.0000 -1.0000 -0.0001
vn -0.0000 -1.0000 0.0005
vn -0.0578 0.6232 0.7799
vn -0.0579 0.6232 0.7799
vn -0.0578 0.6232 0.7800
vn 0.0799 0.7022 -0.7075
vn 0.0799 0.7021 -0.7076
vn 0.1629 0.9797 -0.1167
vn 0.1629 0.9797 -0.1166
vn -0.3330 0.4516 0.8277
vn -0.6770 0.4608 -0.5738
vn -0.6771 0.4608 -0.5738
vn 0.1181 0.9930 -0.0099
vn 0.1180 0.9930 -0.0101
vn 0.1180 0.9930 -0.0100
vn 0.4226 0.5301 0.7351
vn 0.5559 0.6037 0.5715
vn 0.5558 0.6037 0.5715
vn -0.8784 0.4584 0.1350
vn -0.8784 0.4584 0.1349
vn 0.2241 0.8074 -0.5457
vn 0.2241 0.8075 -0.5456
vn 0.2241 0.8075 -0.5457
vn 0.2940 0.9504 -0.1014
vn 0.2940 0.9504 -0.1015
vn -0.4980 0.4548 0.7383
vn -0.5215 0.4843 -0.7025
vn -0.5216 0.4843 -0.7024
vn 0.0647 0.9978 -0.0115
vn 0.2447 0.4843 0.8400
vn 0.2447 0.4842 0.8400
vn 0.2446 0.4843 0.8400
vn -0.8892 0.4548 -0.0494
vn -0.8892 0.4548 -0.0493
vn 0.2815 0.8945 -0.3473
vn 0.2814 0.8945 -0.3473
vn 0.2814 0.8945 -0.3474
vn 0.4467 0.8946 -0.0144
vn -0.6383 0.4584 0.6184
vn -0.3304 0.5300 -0.7810
vn 0.0482 0.9978 -0.0446
vn 0.0482 0.9978 -0.0445
vn 0.0482 0.4608 0.8862
vn -0.8607 0.4517 -0.2348
vn 0.2584 0.9504 -0.1730
vn 0.2585 0.9504 -0.1730
vn 0.5702 0.8075 0.1511
vn 0.5708 0.8070 0.1518
vn -0.7503 0.4606 0.4742
vn -0.1194 0.6037 -0.7882
vn -0.1195 0.6037 -0.7882
vn 0.0792 0.9930 -0.0881
vn 0.0792 0.9930 -0.0880
vn 0.0792 0.9930 -0.0882
vn -0.1484 0.4521 0.8796
vn -0.1484 0.4521 0.8795
vn -0.7905 0.4521 -0.4133
vn -0.7905 0.4521 -0.4132
vn 0.1914 0.9797 -0.0593
vn 0.1914 0.9797 -0.0594
vn 0.1915 0.9797 -0.0593
vn 0.6121 0.7021 0.3638
vn 0.6122 0.7021 0.3638
vn 0.8203 -0.4015 -0.4074
vn 0.8200 -0.4015 -0.4079
vn 0.8204 -0.4015 -0.4071
vn 0.8203 -0.4015 -0.4073
vn 0.8202 -0.4016 -0.4075
vn 0.8204 -0.4013 -0.4074
vn 0.8202 -0.4015 -0.4074
vn 0.8201 -0.4018 -0.4074
vn 0.8202 -0.4015 -0.4075
vn 0.8202 -0.4016 -0.4074
vn 0.8203 -0.4014 -0.4074
vn 0.8199 -0.4017 -0.4079
vn 0.8201 -0.4015 -0.4076
vn 0.8204 -0.4018 -0.4068
vn 0.8205 -0.4010 -0.4075
vn 0.8203 -0.4016 -0.4072
vn 0.8204 -0.4011 -0.4076
vn 0.8202 -0.4016 -0.4073
vn 0.8201 -0.4016 -0.4076
vn 0.8200 -0.4018 -0.4076
vn 0.9366 -0.1056 0.3342
vn 0.9366 -0.1055 0.3341
vn 0.9366 -0.1056 0.3340
vn 0.9366 -0.1056 0.3341
vn 0.2996 -0.1056 -0.9482
vn 0.2999 -0.1055 -0.9481
vn 0.2999 -0.1056 -0.9481
vn -0.1544 0.7313 0.6643
vn -0.1545 0.7314 0.6642
vn 0.5748 -0.0878 0.8136
vn 0.5748 -0.0879 0.8135
vn 0.5749 -0.0878 0.8135
vn 0.8931 0.3342 -0.3011
vn 0.8932 0.3341 -0.3010
vn -0.2405 0.8072 0.5390
vn 0.7743 0.6270 0.0857
vn 0.7743 0.6269 0.0858
vn -0.3184 0.8550 0.4094
vn -0.3184 0.8550 0.4093
vn -0.3185 0.8550 0.4094
vn 0.6107 0.7775 0.1501
vn 0.6107 0.7775 0.1500
vn -0.3900 0.8780 0.2774
vn -0.3901 0.8780 0.2772
vn 0.4802 0.8702 0.1104
vn 0.4802 0.8701 0.1106
vn 0.4802 0.8702 0.1105
vn -0.4567 0.8780 0.1431
vn -0.4567 0.8780 0.1433
vn 0.3774 0.9256 0.0288
vn 0.3773 0.9256 0.0287
vn -0.5185 0.8551 0.0065
vn -0.5186 0.8550 0.0064
vn -0.5185 0.8550 0.0065
vn 0.2976 0.9518 -0.0749
vn 0.2976 0.9517 -0.0749
vn 0.2976 0.9518 -0.0748
vn -0.5749 0.8072 -0.1341
vn -0.5748 0.8072 -0.1342
vn -0.5748 0.8072 -0.1341
vn 0.2395 0.9518 -0.1918
vn 0.2395 0.9518 -0.1919
vn -0.6226 0.7314 -0.2783
vn 0.2052 0.9256 -0.3180
vn 0.2052 0.9256 -0.3181
vn -0.6564 0.6232 -0.4252
vn -0.6564 0.6232 -0.4251
vn 0.2021 0.8702 -0.4494
vn -0.6664 0.4793 -0.5711
vn 0.3422 0.0998 0.9343
vn 0.2494 0.7775 -0.5773
vn 0.2493 0.7775 -0.5773
vn -0.6363 0.3010 -0.7103
vn -0.6363 0.3011 -0.7103
vn 0.1817 0.3010 0.9362
vn 0.1814 0.3010 0.9362
vn 0.1815 0.3010 0.9362
vn 0.3996 0.6269 -0.6688
vn -0.5377 0.0997 -0.8372
vn -0.5377 0.0999 -0.8372
vn 0.0525 0.4793 0.8761
vn 0.0524 0.4793 0.8761
vn 0.7795 0.3342 -0.5298
vn 0.7796 0.3341 -0.5297
vn 0.7796 0.3342 -0.5297
vn -0.3010 -0.0878 -0.9496
vn -0.3009 -0.0877 -0.9496
vn -0.7148 -0.0000 0.6993
vn -0.7148 -0.0000 0.6994
vn -0.8375 -0.0000 0.5465
vn -0.9280 -0.0000 0.3726
vn -0.9829 -0.0000 0.1844
vn -0.9999 -0.0000 -0.0109
vn -0.9786 -0.0000 -0.2057
vn -0.9197 -0.0000 -0.3927
vn -0.9197 -0.0000 -0.3926
vn -0.8253 -0.0000 -0.5646
vn -0.8254 -0.0000 -0.5646
vn -0.6993 -0.0000 -0.7148
vn -0.5465 -0.0000 -0.8375
vn -0.5465 -0.0000 -0.8374
vn -0.3726 -0.0000 -0.9280
vn -0.3725 -0.0000 -0.9280
vn -0.1844 -0.0000 -0.9828
vn -0.1844 -0.0000 -0.9829
vn 0.0109 -0.0000 -0.9999
vn 0.2058 -0.0000 -0.9786
vn 0.3927 -0.0000 -0.9196
vn 0.3928 -0.0000 -0.9196
vn 0.3927 -0.0000 -0.9197
vn 0.3926 -0.0000 -0.9197
vn 0.5646 -0.0000 -0.8254
vn 0.7147 -0.0000 -0.6994
vn 0.7148 -0.0000 -0.6993
vn 0.8375 -0.0000 -0.5465
vn 0.9280 -0.0000 -0.3726
vn 0.9828 -0.0000 -0.1844
vn 0.9999 -0.0000 0.0109
vn 0.9786 -0.0000 0.2058
vn 0.9197 -0.0000 0.3927
vn 0.8254 -0.0000 0.5646
vn 0.6993 -0.0000 0.7148
vn 0.5464 -0.0000 0.8375
vn 0.5465 -0.0000 0.8374
vn 0.3726 -0.0000 0.9280
vn 0.1844 -0.0000 0.9829
vn -0.0109 -0.0000 0.9999
vn -0.2058 -0.0000 0.9786
vn -0.6179 0.4606 -0.6372
vn -0.3927 -0.0000 0.9197
vn -0.3926 -0.0000 0.9197
vn -0.5647 -0.0000 0.8253
vn -0.5649 -0.0000 0.8252
vn -0.5646 -0.0000 0.8253
vn -0.5646 -0.0000 0.8254
vn -0.0000 -1.0000 0.0002
vn -0.0000 -1.0000 -0.0005
vn -0.0000 -1.0000 -0.0002
vn -0.7379 0.6232 0.2590
vn -0.7380 0.6232 0.2589
vn 0.6804 0.7021 -0.2099
vn 0.6804 0.7021 -0.2100
vn 0.1721 0.9797 0.1026
vn 0.1721 0.9797 0.1027
vn -0.8918 0.4517 0.0260
vn 0.2550 0.4607 -0.8501
vn 0.2549 0.4607 -0.8501
vn 0.0563 0.9930 0.1042
vn 0.0562 0.9930 0.1043
vn -0.5046 0.5300 0.6815
vn -0.5047 0.5300 0.6815
vn -0.3013 0.6037 0.7381
vn -0.3012 0.6037 0.7381
vn -0.4751 0.4584 -0.7511
vn 0.5897 0.8075 -0.0129
vn 0.5897 0.8075 -0.0130
vn 0.2106 0.9504 0.2289
vn 0.2105 0.9504 0.2289
vn 0.2105 0.9504 0.2290
vn -0.8759 0.4548 -0.1609
vn -0.8759 0.4548 -0.1610
vn 0.4350 0.4843 -0.7591
vn 0.0364 0.9978 0.0547
vn -0.6720 0.4843 0.5603
vn -0.3106 0.4548 -0.8347
vn 0.4308 0.8946 0.1189
vn 0.4308 0.8946 0.1190
vn 0.1919 0.8945 0.4037
vn 0.1918 0.8946 0.4037
vn 0.1920 0.8945 0.4037
vn -0.8221 0.4584 -0.3376
vn -0.8221 0.4584 -0.3375
vn -0.8222 0.4583 -0.3375
vn -0.8223 0.4582 -0.3375
vn 0.5836 0.5300 -0.6152
vn 0.5835 0.5301 -0.6153
vn 0.0602 0.9978 0.0264
vn 0.0602 0.9978 0.0263
vn -0.7929 0.4608 0.3987
vn -0.7929 0.4608 0.3988
vn -0.1292 0.4517 -0.8828
vn -0.1293 0.4517 -0.8828
vn 0.2619 0.9504 0.1676
vn 0.0897 0.8075 0.5830
vn 0.0896 0.8075 0.5830
vn -0.7348 0.4606 -0.4979
vn -0.7349 0.4606 -0.4978
vn -0.7348 0.4606 -0.4978
vn 0.6745 0.6037 -0.4249
vn 0.6745 0.6038 -0.4249
vn 0.1124 0.9930 0.0374
vn 0.1125 0.9930 0.0373
vn -0.8654 0.4521 0.2160
vn 0.0624 0.4521 -0.8898
vn 0.1309 0.9797 0.1517
vn 0.1309 0.9797 0.1518
vn 0.1309 0.9797 0.1516
vn -0.0885 0.7021 0.7065
vn -0.0886 0.7021 0.7065
vn 0.7016 -0.4014 0.5887
vn 0.7014 -0.4016 0.5889
vn 0.7017 -0.4013 0.5887
vn 0.7015 -0.4015 0.5888
vn 0.7019 -0.4009 0.5887
vn 0.7016 -0.4015 0.5887
vn 0.7019 -0.4015 0.5883
vn 0.7015 -0.4016 0.5887
vn 0.7017 -0.4015 0.5886
vn 0.7019 -0.4013 0.5884
vn 0.7017 -0.4014 0.5887
vn 0.7017 -0.4012 0.5887
vn 0.7016 -0.4013 0.5889
vn 0.7017 -0.4014 0.5886
vn 0.7018 -0.4012 0.5886
vn 0.7018 -0.4013 0.5886
vn 0.0686 -0.1056 0.9920
vn 0.0686 -0.1055 0.9920
vn 0.0688 -0.1055 0.9920
vn 0.9889 -0.1055 -0.1046
vn 0.9889 -0.1054 -0.1047
vn -0.6706 0.7314 0.1242
vn -0.6706 0.7314 0.1241
vn -0.5157 -0.0879 0.8523
vn -0.5156 -0.0879 0.8523
vn 0.6333 0.3342 0.6980
vn 0.6333 0.3343 0.6980
vn 0.6334 0.3342 0.6979
vn 0.6334 0.3342 0.6980
vn -0.5902 0.8072 -0.0046
vn -0.5903 0.8072 -0.0046
vn -0.5902 0.8072 -0.0047
vn -0.5902 0.8073 -0.0046
vn 0.2312 0.6269 0.7440
vn 0.2312 0.6268 0.7441
vn 0.2312 0.6268 0.7440
vn -0.5025 0.8550 -0.1281
vn -0.5026 0.8550 -0.1280
vn 0.1068 0.7775 0.6197
vn 0.1067 0.7775 0.6198
vn -0.4103 0.8781 -0.2464
vn -0.4103 0.8780 -0.2464
vn -0.4102 0.8781 -0.2464
vn -0.4101 0.8781 -0.2463
vn 0.0908 0.8702 0.4842
vn 0.0908 0.8702 0.4843
vn 0.0909 0.8702 0.4843
vn -0.3140 0.8780 -0.3612
vn -0.3141 0.8780 -0.3612
vn -0.3140 0.8780 -0.3613
vn 0.1247 0.9256 0.3573
vn 0.1247 0.9256 0.3574
vn -0.2134 0.8550 -0.4727
vn -0.2133 0.8550 -0.4726
vn -0.2133 0.8550 -0.4727
vn 0.1877 0.9518 0.2427
vn 0.1878 0.9518 0.2427
vn -0.1071 0.8072 -0.5804
vn 0.2716 0.9518 0.1426
vn 0.2716 0.9518 0.1427
vn 0.0059 0.7314 -0.6820
vn 0.0059 0.7313 -0.6820
vn 0.3735 0.9256 0.0609
vn 0.3735 0.9256 0.0608
vn 0.1270 0.6232 -0.7717
vn 0.1269 0.6232 -0.7717
vn 0.4927 0.8702 0.0053
vn 0.4927 0.8702 0.0054
vn 0.2568 0.4794 -0.8392
vn 0.2568 0.4795 -0.8391
vn -0.7193 0.0998 0.6875
vn -0.7192 0.0997 0.6876
vn -0.7193 0.0997 0.6875
vn 0.6288 0.7776 -0.0023
vn 0.6287 0.7776 -0.0023
vn 0.6289 0.7775 -0.0024
vn 0.6288 0.7775 -0.0024
vn 0.3964 0.3009 -0.8674
vn 0.3964 0.3011 -0.8673
vn 0.3964 0.3008 -0.8674
vn -0.7853 0.3010 0.5410
vn -0.7853 0.3011 0.5410
vn 0.7728 0.6270 0.0986
vn 0.7728 0.6269 0.0986
vn 0.7729 0.6269 0.0985
vn 0.5522 0.0998 -0.8277
vn 0.5523 0.0998 -0.8277
vn 0.5524 0.0997 -0.8276
vn -0.7819 0.4793 0.3986
vn -0.7819 0.4793 0.3987
vn 0.7974 0.3343 0.5024
vn 0.7973 0.3344 0.5024
vn 0.7973 0.3343 0.5025
vn 0.7498 -0.0878 -0.6559
vn 0.7498 -0.0878 -0.6558
vn 0.7500 -0.0878 -0.6556
vn -0.0602 -0.0000 0.9982
vn -0.2538 -0.0000 0.9673
vn -0.4375 -0.0000 0.8992
vn -0.4376 -0.0000 0.8992
vn -0.6046 -0.0000 0.7965
vn -0.6046 -0.0000 0.7966
vn -0.7484 -0.0000 0.6632
vn -0.7483 -0.0000 0.6633
vn -0.8634 -0.0000 0.5044
vn -0.8635 -0.0000 0.5044
vn -0.8634 -0.0000 0.5045
vn -0.9452 -0.0000 0.3264
vn -0.9452 -0.0000 0.3265
vn -0.9908 -0.0000 0.1357
vn -0.9982 -0.0000 -0.0602
vn -0.9673 -0.0000 -0.2538
vn -0.8992 -0.0000 -0.4376
vn -0.7965 -0.0000 -0.6046
vn -0.6633 -0.0000 -0.7484
vn -0.5045 -0.0000 -0.8634
vn -0.5044 -0.0000 -0.8635
vn -0.3264 -0.0000 -0.9452
vn -0.1356 -0.0000 -0.9908
vn -0.1357 -0.0000 -0.9908
vn 0.0601 -0.0000 -0.9982
vn 0.0602 -0.0000 -0.9982
vn 0.0603 -0.0000 -0.9982
vn 0.2538 -0.0000 -0.9673
vn 0.4375 -0.0000 -0.8992
vn 0.4376 -0.0000 -0.8992
vn 0.6046 -0.0000 -0.7966
vn 0.6046 -0.0000 -0.7965
vn 0.6047 -0.0000 -0.7964
vn 0.7484 -0.0000 -0.6633
vn 0.8634 -0.0000 -0.5044
vn 0.8634 -0.0000 -0.5045
vn 0.9452 -0.0000 -0.3264
vn 0.9907 -0.0000 -0.1357
vn 0.9982 -0.0000 0.0602
vn 0.9673 -0.0000 0.2538
vn 0.8992 -0.0000 0.4376
vn 0.7966 -0.0000 0.6045
vn 0.7967 -0.0000 0.6044
vn 0.7967 -0.0000 0.6043
vn 0.6633 -0.0000 0.7484
vn 0.5044 -0.0000 0.8635
vn 0.5045 -0.0000 0.8634
vn -0.8857 0.4606 -0.0575
vn -0.8858 0.4606 -0.0574
vn 0.3264 -0.0000 0.9452
vn 0.1357 -0.0000 0.9908
vn 0.1357 -0.0000 0.9907
vn -0.0000 -1.0000 0.0006
vn -0.0000 -1.0000 -0.0006
vn -0.3730 0.6232 0.6874
vn -0.3731 0.6232 0.6874
vn 0.3633 0.7021 -0.6124
vn 0.1964 0.9797 -0.0395
vn 0.1964 0.9797 -0.0394
vn 0.1964 0.9797 -0.0396
vn -0.6435 0.4517 0.6180
vn -0.6434 0.4517 0.6180
vn -0.3818 0.4608 -0.8012
vn 0.1117 0.9930 0.0394
vn 0.1117 0.9930 0.0395
vn 0.0836 0.5300 0.8439
vn 0.2722 0.6037 0.7493
vn -0.8564 0.4584 -0.2376
vn 0.4284 0.8075 -0.4055
vn 0.3097 0.9504 0.0282
vn 0.3097 0.9504 0.0283
vn 0.3098 0.9504 0.0282
vn -0.7572 0.4548 0.4688
vn -0.1871 0.4843 -0.8547
vn -0.1872 0.4843 -0.8547
vn -0.1872 0.4843 -0.8546
vn -0.1870 0.4843 -0.8547
vn 0.0637 0.9978 0.0160
vn 0.0637 0.9978 0.0161
vn -0.1219 0.4843 0.8664
vn -0.7906 0.4548 -0.4100
vn 0.3992 0.8945 -0.2011
vn 0.3993 0.8945 -0.2011
vn 0.4133 0.8945 0.1703
vn 0.4132 0.8945 0.1703
vn 0.4133 0.8945 0.1702
vn -0.8359 0.4584 0.3019
vn 0.0194 0.5301 -0.8477
vn 0.0623 0.9978 -0.0209
vn 0.0623 0.9978 -0.0208
vn -0.3199 0.4608 0.8279
vn -0.3198 0.4608 0.8279
vn -0.6884 0.4516 -0.5676
vn -0.6885 0.4516 -0.5675
vn 0.3067 0.9504 -0.0517
vn 0.3066 0.9504 -0.0518
vn 0.4579 0.8075 0.3719
vn 0.4579 0.8075 0.3720
vn -0.8788 0.4606 0.1244
vn 0.2146 0.6037 -0.7678
vn 0.2147 0.6037 -0.7678
vn 0.1084 0.9930 -0.0477
vn 0.1084 0.9930 -0.0476
vn 0.1085 0.9930 -0.0478
vn 0.1085 0.9929 -0.0479
vn -0.4964 0.4521 0.7411
vn -0.5512 0.4521 -0.7013
vn 0.1989 0.9797 0.0245
vn 0.1989 0.9797 0.0244
vn 0.4088 0.7021 0.5831
vn 0.4087 0.7021 0.5831
vn 0.9152 -0.4015 -0.0347
vn 0.9153 -0.4011 -0.0350
vn 0.9150 -0.4019 -0.0345
vn 0.9151 -0.4018 -0.0347
vn 0.9154 -0.4010 -0.0349
vn 0.9151 -0.4017 -0.0347
vn 0.9153 -0.4013 -0.0348
vn 0.9152 -0.4015 -0.0346
vn 0.9152 -0.4016 -0.0348
vn 0.9151 -0.4016 -0.0353
vn 0.9152 -0.4015 -0.0348
vn 0.9153 -0.4014 -0.0346
vn 0.9153 -0.4013 -0.0346
vn 0.9152 -0.4014 -0.0347
vn 0.9153 -0.4013 -0.0347
vn 0.9152 -0.4015 -0.0345
vn 0.9153 -0.4014 -0.0347
vn 0.7169 -0.1056 0.6891
vn 0.7169 -0.1056 0.6892
vn 0.7169 -0.1057 0.6891
vn 0.6625 -0.1056 -0.7416
vn 0.6625 -0.1055 -0.7416
vn 0.6627 -0.1056 -0.7414
vn 0.6626 -0.1056 -0.7415
vn -0.4135 0.7314 0.5422
vn -0.4135 0.7314 0.5424
vn -0.4135 0.7314 0.5423
vn 0.1902 -0.0877 0.9778
vn 0.1903 -0.0877 0.9778
vn 0.1900 -0.0877 0.9779
vn 0.9380 0.3342 0.0922
vn 0.9380 0.3342 0.0921
vn -0.4406 0.8072 0.3928
vn -0.4406 0.8072 0.3929
vn 0.6709 0.6269 0.3960
vn 0.6709 0.6269 0.3961
vn -0.4584 0.8550 0.2426
vn -0.4584 0.8550 0.2425
vn 0.4953 0.7776 0.3874
vn 0.4952 0.7776 0.3875
vn 0.4952 0.7775 0.3875
vn -0.4694 0.8781 0.0926
vn -0.4695 0.8781 0.0928
vn -0.4695 0.8781 0.0927
vn -0.4695 0.8781 0.0926
vn 0.3925 0.8702 0.2979
vn -0.4752 0.8780 -0.0571
vn -0.4752 0.8780 -0.0570
vn 0.3323 0.9256 0.1810
vn -0.4755 0.8550 -0.2071
vn -0.4755 0.8550 -0.2070
vn 0.3021 0.9518 0.0538
vn 0.3021 0.9518 0.0539
vn -0.4691 0.8072 -0.3583
vn -0.4691 0.8072 -0.3582
vn 0.2971 0.9518 -0.0765
vn 0.2971 0.9518 -0.0766
vn -0.4535 0.7314 -0.5093
vn -0.4534 0.7314 -0.5094
vn 0.3176 0.9256 -0.2057
vn 0.3176 0.9256 -0.2058
vn -0.4240 0.6232 -0.6571
vn -0.4240 0.6231 -0.6572
vn 0.3687 0.8702 -0.3268
vn 0.3687 0.8702 -0.3267
vn -0.3730 0.4794 -0.7944
vn -0.3731 0.4794 -0.7943
vn -0.0715 0.0998 0.9924
vn -0.0716 0.0998 0.9924
vn -0.0717 0.0999 0.9924
vn 0.4644 0.7776 -0.4240
vn 0.4644 0.7775 -0.4240
vn -0.2886 0.3010 -0.9089
vn -0.2188 0.3010 0.9282
vn 0.6389 0.6269 -0.4459
vn 0.6389 0.6269 -0.4458
vn -0.1465 0.0998 -0.9842
vn -0.3118 0.4794 0.8204
vn -0.3118 0.4794 0.8203
vn -0.3117 0.4794 0.8204
vn 0.9283 0.3342 -0.1629
vn 0.9284 0.3340 -0.1629
vn 0.1154 -0.0878 -0.9894
vn 0.1155 -0.0878 -0.9894
vn 0.1154 -0.0879 -0.9894
vt 0.000000 0.000000
vt 1.000000 1.000000
vt 0.968800 1.000000
vt 0.968800 0.500000
vt 1.000000 0.500000
vt 0.937500 1.000000
vt 0.937500 0.500000
vt 0.906200 1.000000
vt 0.906200 0.500000
vt 0.875000 1.000000
vt 0.875000 0.500000
vt 0.843800 1.000000
vt 0.843800 0.500000
vt 0.812500 0.500000
vt 0.812500 1.000000
vt 0.781200 0.500000
vt 0.781200 1.000000
vt 0.750000 1.000000
vt 0.750000 0.500000
vt 0.718800 0.500000
vt 0.718800 1.000000
vt 0.687500 0.500000
vt 0.687500 1.000000
vt 0.656200 0.500000
vt 0.656200 1.000000
vt 0.625000 1.000000
vt 0.625000 0.500000
vt 0.593800 0.500000
vt 0.593800 1.000000
vt 0.562500 0.500000
vt 0.562500 1.000000
vt 0.531200 0.500000
vt 0.531200 1.000000
vt 0.500000 0.500000
vt 0.500000 1.000000
vt 0.468800 0.500000
vt 0.468800 1.000000
vt 0.437500 0.500000
vt 0.437500 1.000000
vt 0.406200 0.500000
vt 0.406200 1.000000
vt 0.375000 1.000000
vt 0.375000 0.500000
vt 0.343800 1.000000
vt 0.343800 0.500000
vt 0.312500 0.500000
vt 0.312500 1.000000
vt 0.281200 0.500000
vt 0.281200 1.000000
vt 0.250000 1.000000
vt 0.250000 0.500000
vt 0.218800 1.000000
vt 0.218800 0.500000
vt 0.187500 0.500000
vt 0.187500 1.000000
vt 0.156200 1.000000
vt 0.156200 0.500000
vt 0.125000 0.500000
vt 0.125000 1.000000
vt 0.093800 0.500000
vt 0.093800 1.000000
vt 0.062500 1.000000
vt 0.062500 0.500000
vt 0.031200 1.000000
vt 0.031200 0.500000
vt 0.000000 1.000000
vt 0.000000 0.500000
vt 0.796800 0.485400
vt 0.841800 0.471700
vt 0.883300 0.449600
vt 0.919700 0.419700
vt 0.949600 0.383300
vt 0.971700 0.341800
vt 0.985400 0.296800
vt 0.990000 0.250000
vt 0.985400 0.203200
vt 0.971700 0.158200
vt 0.949600 0.116700
vt 0.919700 0.080300
vt 0.883300 0.050400
vt 0.841800 0.028300
vt 0.796800 0.014600
vt 0.750000 0.010000
vt 0.703200 0.014600
vt 0.658200 0.028300
vt 0.616700 0.050400
vt 0.580300 0.080300
vt 0.550400 0.116700
vt 0.528300 0.158200
vt 0.514600 0.203200
vt 0.510000 0.250000
vt 0.514600 0.296800
vt 0.528300 0.341800
vt 0.550400 0.383300
vt 0.580300 0.419700
vt 0.616700 0.449600
vt 0.658200 0.471700
vt 0.750000 0.490000
vt 0.703200 0.485400
vt 0.296800 0.485400
vt 0.250000 0.490000
vt 0.203200 0.485400
vt 0.158200 0.471700
vt 0.116700 0.449600
vt 0.080300 0.419700
vt 0.050400 0.383300
vt 0.028300 0.341800
vt 0.014600 0.296800
vt 0.010000 0.250000
vt 0.014600 0.203200
vt 0.028300 0.158200
vt 0.050400 0.116700
vt 0.080300 0.080300
vt 0.116700 0.050400
vt 0.158200 0.028300
vt 0.203200 0.014600
vt 0.250000 0.010000
vt 0.296800 0.014600
vt 0.341800 0.028300
vt 0.383300 0.050400
vt 0.419700 0.080300
vt 0.449600 0.116700
vt 0.471700 0.158200
vt 0.485400 0.203200
vt 0.490000 0.250000
vt 0.485400 0.296800
vt 0.471700 0.341800
vt 0.449600 0.383300
vt 0.419700 0.419700
vt 0.383300 0.449600
vt 0.341800 0.471700
s 1
g off
g pataderatras_Goddard_None
usemtl Goddard_None
f 1/1/1 2/1/2 3/1/3
f 3/1/3 4/1/2 5/1/4
f 1/1/1 3/1/3 5/1/4
f 5/1/4 6/1/5 7/1/6
f 7/1/6 8/1/2 9/1/7
f 5/1/4 7/1/6 9/1/7
f 1/1/1 5/1/4 9/1/7
f 9/1/7 10/1/2 11/1/8
f 11/1/8 12/1/9 13/1/10
f 9/1/7 11/1/8 13/1/10
f 13/1/10 14/1/2 15/1/2
f 15/1/2 16/1/2 17/1/10
f 13/1/10 15/1/2 17/1/10
f 9/1/7 13/1/10 17/1/10
f 17/1/10 18/1/2 19/1/3
f 19/1/3 20/1/2 21/1/11
f 17/1/10 19/1/3 21/1/11
f 21/1/11 22/1/2 23/1/10
f 23/1/10 24/1/2 25/1/1
f 21/1/11 23/1/10 25/1/1
f 17/1/10 21/1/11 25/1/1
f 9/1/7 17/1/10 25/1/1
f 1/1/1 9/1/7 25/1/1
f 26/1/2 27/1/2 28/1/2
f 25/1/1 26/1/2 28/1/2
f 25/1/1 28/1/2 29/1/9
f 1/1/1 25/1/1 29/1/9
f 30/1/3 1/1/1 29/1/9
f 30/1/3 29/1/9 31/1/2
f 30/1/3 31/1/2 32/1/2
f 33/1/12 34/1/13 35/1/14
f 35/1/14 36/1/15 33/1/12
f 19/1/16 37/1/17 38/1/18
f 38/1/18 20/1/18 19/1/16
f 39/1/19 1/1/19 30/1/19
f 30/1/19 40/1/20 39/1/19
f 5/1/21 41/1/21 42/1/21
f 42/1/21 6/1/21 5/1/21
f 18/1/22 43/1/23 37/1/23
f 37/1/23 19/1/24 18/1/22
f 40/1/25 30/1/26 32/1/27
f 32/1/27 44/1/28 40/1/25
f 4/1/29 45/1/30 41/1/31
f 41/1/31 5/1/30 4/1/29
f 17/1/32 46/1/32 43/1/32
f 43/1/32 18/1/32 17/1/32
f 44/1/33 32/1/34 31/1/35
f 31/1/35 47/1/33 44/1/33
f 3/1/36 48/1/37 45/1/37
f 45/1/37 4/1/36 3/1/36
f 16/1/38 49/1/38 46/1/38
f 46/1/38 17/1/38 16/1/38
f 31/1/39 29/1/40 50/1/39
f 50/1/39 47/1/41 31/1/39
f 2/1/42 51/1/43 48/1/42
f 48/1/42 3/1/44 2/1/42
f 15/1/45 52/1/46 49/1/45
f 49/1/45 16/1/47 15/1/45
f 28/1/48 53/1/49 50/1/50
f 50/1/50 29/1/51 28/1/48
f 2/1/52 1/1/52 39/1/52
f 39/1/52 51/1/52 2/1/52
f 14/1/53 54/1/54 52/1/55
f 52/1/55 15/1/55 14/1/53
f 55/1/56 53/1/57 28/1/58
f 28/1/58 27/1/59 55/1/56
f 13/1/60 56/1/61 54/1/62
f 54/1/62 14/1/63 13/1/60
f 26/1/64 57/1/64 55/1/64
f 55/1/64 27/1/64 26/1/64
f 12/1/65 58/1/66 56/1/65
f 56/1/65 13/1/67 12/1/65
f 36/1/68 57/1/69 26/1/70
f 26/1/70 25/1/71 36/1/68
f 11/1/72 59/1/73 58/1/73
f 58/1/73 12/1/74 11/1/72
f 36/1/75 25/1/76 24/1/77
f 24/1/77 33/1/78 36/1/75
f 10/1/79 60/1/80 59/1/80
f 59/1/80 11/1/80 10/1/79
f 24/1/81 23/1/81 61/1/81
f 61/1/81 33/1/81 24/1/81
f 9/1/82 62/1/83 60/1/84
f 60/1/84 10/1/85 9/1/82
f 22/1/86 63/1/87 61/1/88
f 61/1/88 23/1/89 22/1/86
f 8/1/90 64/1/91 62/1/92
f 62/1/92 9/1/93 8/1/90
f 21/1/94 65/1/95 63/1/96
f 63/1/96 22/1/97 21/1/94
f 7/1/98 66/1/99 64/1/98
f 64/1/98 8/1/98 7/1/98
f 20/1/100 38/1/100 65/1/100
f 65/1/100 21/1/100 20/1/100
f 6/1/101 42/1/102 66/1/102
f 66/1/102 7/1/103 6/1/101
f 67/1/104 68/1/105 69/1/106
f 69/1/106 70/1/107 67/1/104
f 60/1/108 71/1/109 72/1/110
f 72/1/110 59/1/111 60/1/108
f 61/1/112 73/1/113 34/1/114
f 34/1/114 33/1/115 61/1/112
f 62/1/116 74/1/117 71/1/118
f 71/1/118 60/1/119 62/1/116
f 63/1/120 70/1/121 73/1/120
f 73/1/120 61/1/122 63/1/120
f 64/1/123 75/1/124 74/1/124
f 74/1/124 62/1/123 64/1/123
f 65/1/125 67/1/126 70/1/127
f 70/1/127 63/1/127 65/1/125
f 66/1/128 76/1/129 75/1/130
f 75/1/130 64/1/131 66/1/128
f 38/1/132 77/1/132 67/1/132
f 67/1/132 65/1/133 38/1/132
f 42/1/134 78/1/135 76/1/136
f 76/1/136 66/1/137 42/1/134
f 37/1/138 79/1/139 77/1/138
f 77/1/138 38/1/140 37/1/138
f 40/1/141 80/1/141 81/1/141
f 81/1/141 39/1/141 40/1/141
f 41/1/142 82/1/143 78/1/143
f 78/1/143 42/1/144 41/1/142
f 43/1/145 83/1/146 79/1/145
f 79/1/145 37/1/146 43/1/145
f 44/1/147 84/1/148 80/1/148
f 80/1/148 40/1/148 44/1/147
f 45/1/149 85/1/150 82/1/151
f 82/1/151 41/1/150 45/1/149
f 46/1/152 86/1/152 83/1/153
f 83/1/153 43/1/154 46/1/152
f 47/1/155 87/1/156 84/1/157
f 84/1/157 44/1/158 47/1/155
f 48/1/159 88/1/160 85/1/161
f 85/1/161 45/1/162 48/1/159
f 49/1/163 89/1/164 86/1/165
f 86/1/165 46/1/166 49/1/163
f 50/1/167 90/1/168 87/1/169
f 87/1/169 47/1/170 50/1/167
f 51/1/171 91/1/172 88/1/171
f 88/1/171 48/1/173 51/1/171
f 52/1/174 92/1/175 89/1/176
f 89/1/176 49/1/177 52/1/174
f 53/1/178 93/1/179 90/1/179
f 90/1/179 50/1/180 53/1/178
f 51/1/181 39/1/182 81/1/182
f 81/1/182 91/1/181 51/1/181
f 54/1/183 94/1/184 92/1/185
f 92/1/185 52/1/186 54/1/183
f 55/1/187 95/1/188 93/1/187
f 93/1/187 53/1/189 55/1/187
f 56/1/190 96/1/190 94/1/191
f 94/1/191 54/1/190 56/1/190
f 57/1/192 97/1/193 95/1/194
f 95/1/194 55/1/195 57/1/192
f 58/1/196 98/1/197 96/1/196
f 96/1/196 56/1/197 58/1/196
f 36/1/198 35/1/199 97/1/200
f 97/1/200 57/1/201 36/1/198
f 59/1/202 72/1/203 98/1/204
f 98/1/204 58/1/205 59/1/202
f 99/1/206 100/1/206 101/1/207
f 101/1/207 102/1/208 99/1/206
f 76/1/209 103/1/210 104/1/211
f 104/1/211 75/1/212 76/1/209
f 77/1/213 105/1/213 68/1/213
f 68/1/213 67/1/213 77/1/213
f 78/1/214 106/1/214 103/1/214
f 103/1/214 76/1/214 78/1/214
f 79/1/215 99/1/215 105/1/215
f 105/1/215 77/1/216 79/1/215
f 80/1/217 107/1/218 108/1/219
f 108/1/219 81/1/217 80/1/217
f 82/1/220 109/1/221 106/1/221
f 106/1/221 78/1/222 82/1/220
f 83/1/223 100/1/223 99/1/224
f 99/1/224 79/1/225 83/1/223
f 84/1/226 110/1/227 107/1/228
f 107/1/228 80/1/229 84/1/226
f 85/1/230 111/1/230 109/1/230
f 109/1/230 82/1/230 85/1/230
f 86/1/231 112/1/232 100/1/233
f 100/1/233 83/1/232 86/1/231
f 87/1/234 113/1/235 110/1/234
f 110/1/234 84/1/236 87/1/234
f 88/1/237 114/1/238 111/1/239
f 111/1/239 85/1/240 88/1/237
f 89/1/241 115/1/242 112/1/243
f 112/1/243 86/1/244 89/1/241
f 90/1/245 116/1/245 113/1/245
f 113/1/245 87/1/246 90/1/245
f 91/1/247 117/1/247 114/1/247
f 114/1/247 88/1/247 91/1/247
f 92/1/248 118/1/248 115/1/249
f 115/1/249 89/1/248 92/1/248
f 93/1/250 119/1/251 116/1/252
f 116/1/252 90/1/253 93/1/250
f 91/1/254 81/1/254 108/1/254
f 108/1/254 117/1/254 91/1/254
f 94/1/255 120/1/256 118/1/256
f 118/1/256 92/1/257 94/1/255
f 95/1/258 121/1/259 119/1/258
f 119/1/258 93/1/260 95/1/258
f 96/1/261 122/1/262 120/1/263
f 120/1/263 94/1/264 96/1/261
f 97/1/265 123/1/266 121/1/267
f 121/1/267 95/1/268 97/1/265
f 98/1/269 124/1/269 122/1/270
f 122/1/270 96/1/269 98/1/269
f 35/1/271 125/1/272 123/1/271
f 123/1/271 97/1/273 35/1/271
f 72/1/274 126/1/274 124/1/274
f 124/1/274 98/1/274 72/1/274
f 34/1/275 127/1/276 125/1/277
f 125/1/277 35/1/278 34/1/275
f 71/1/279 128/1/280 126/1/281
f 126/1/281 72/1/282 71/1/279
f 73/1/283 129/1/284 127/1/285
f 127/1/285 34/1/286 73/1/283
f 74/1/287 130/1/288 128/1/289
f 128/1/289 71/1/290 74/1/287
f 70/1/291 69/1/292 129/1/293
f 129/1/293 73/1/294 70/1/291
f 75/1/295 104/1/296 130/1/297
f 130/1/297 74/1/298 75/1/295
f 131/1/299 132/1/300 133/1/301
f 133/1/301 134/1/302 131/1/299
f 110/1/27 135/1/25 136/1/27
f 136/1/27 107/1/303 110/1/27
f 137/1/304 138/1/305 109/1/304
f 109/1/304 111/1/306 137/1/304
f 100/1/307 112/1/308 139/1/309
f 139/1/309 101/1/307 100/1/307
f 113/1/35 140/1/310 135/1/311
f 135/1/311 110/1/311 113/1/35
f 111/1/37 114/1/36 141/1/37
f 141/1/37 137/1/36 111/1/37
f 112/1/312 115/1/313 134/1/313
f 134/1/313 139/1/314 112/1/312
f 116/1/315 142/1/316 140/1/316
f 140/1/316 113/1/316 116/1/315
f 114/1/44 117/1/317 143/1/44
f 143/1/44 141/1/44 114/1/44
f 115/1/318 118/1/319 131/1/47
f 131/1/47 134/1/45 115/1/318
f 119/1/320 144/1/321 142/1/320
f 142/1/320 116/1/320 119/1/320
f 143/1/322 117/1/323 108/1/324
f 108/1/324 145/1/325 143/1/322
f 118/1/55 120/1/55 146/1/55
f 146/1/55 131/1/55 118/1/55
f 121/1/326 147/1/327 144/1/328
f 144/1/328 119/1/329 121/1/326
f 148/1/60 146/1/60 120/1/60
f 120/1/60 122/1/330 148/1/60
f 123/1/331 149/1/332 147/1/331
f 147/1/331 121/1/331 123/1/331
f 122/1/333 124/1/333 150/1/333
f 150/1/333 148/1/333 122/1/333
f 123/1/334 125/1/334 151/1/71
f 151/1/71 149/1/335 123/1/334
f 124/1/72 126/1/336 152/1/337
f 152/1/337 150/1/73 124/1/72
f 125/1/338 127/1/339 153/1/338
f 153/1/338 151/1/338 125/1/338
f 154/1/80 152/1/80 126/1/340
f 126/1/340 128/1/340 154/1/80
f 153/1/341 127/1/342 129/1/343
f 129/1/343 155/1/344 153/1/341
f 128/1/85 130/1/345 156/1/346
f 156/1/346 154/1/347 128/1/85
f 129/1/348 69/1/349 157/1/87
f 157/1/87 155/1/350 129/1/348
f 130/1/92 104/1/351 158/1/352
f 158/1/352 156/1/353 130/1/92
f 157/1/354 69/1/355 68/1/354
f 68/1/354 159/1/355 157/1/354
f 160/1/356 158/1/357 104/1/358
f 104/1/358 103/1/99 160/1/356
f 159/1/359 68/1/360 105/1/100
f 105/1/100 161/1/361 159/1/359
f 103/1/362 106/1/102 162/1/363
f 162/1/363 160/1/364 103/1/362
f 102/1/18 161/1/18 105/1/365
f 105/1/365 99/1/18 102/1/18
f 107/1/366 136/1/366 145/1/366
f 145/1/366 108/1/367 107/1/366
f 106/1/368 109/1/368 138/1/368
f 138/1/368 162/1/368 106/1/368
f 163/1/369 164/1/370 165/1/371
f 165/1/371 166/1/372 163/1/369
f 144/1/373 167/1/374 168/1/373
f 168/1/373 142/1/375 144/1/373
f 169/1/376 143/1/377 145/1/376
f 145/1/376 170/1/378 169/1/376
f 132/1/379 131/1/380 146/1/379
f 146/1/379 171/1/381 132/1/379
f 172/1/382 167/1/383 144/1/382
f 144/1/382 147/1/382 172/1/382
f 148/1/384 166/1/385 171/1/386
f 171/1/386 146/1/387 148/1/384
f 149/1/388 173/1/389 172/1/390
f 172/1/390 147/1/391 149/1/388
f 150/1/392 163/1/393 166/1/394
f 166/1/394 148/1/395 150/1/392
f 151/1/396 174/1/397 173/1/398
f 173/1/398 149/1/399 151/1/396
f 175/1/400 163/1/401 150/1/402
f 150/1/402 152/1/403 175/1/400
f 153/1/404 176/1/405 174/1/406
f 174/1/406 151/1/407 153/1/404
f 154/1/408 177/1/408 175/1/408
f 175/1/408 152/1/408 154/1/408
f 178/1/409 176/1/410 153/1/411
f 153/1/411 155/1/412 178/1/409
f 156/1/413 179/1/414 177/1/415
f 177/1/415 154/1/416 156/1/413
f 157/1/417 180/1/418 178/1/419
f 178/1/419 155/1/420 157/1/417
f 181/1/421 179/1/422 156/1/423
f 156/1/423 158/1/424 181/1/421
f 159/1/425 182/1/425 180/1/425
f 180/1/425 157/1/425 159/1/425
f 160/1/426 183/1/426 181/1/427
f 181/1/427 158/1/428 160/1/426
f 184/1/429 182/1/430 159/1/430
f 159/1/430 161/1/429 184/1/429
f 162/1/431 185/1/432 183/1/433
f 183/1/433 160/1/434 162/1/431
f 102/1/435 186/1/435 184/1/435
f 184/1/435 161/1/435 102/1/435
f 136/1/436 187/1/437 170/1/438
f 170/1/438 145/1/439 136/1/436
f 185/1/440 162/1/440 138/1/440
f 138/1/440 188/1/441 185/1/440
f 101/1/442 189/1/443 186/1/442
f 186/1/442 102/1/444 101/1/442
f 135/1/445 190/1/446 187/1/447
f 187/1/447 136/1/448 135/1/445
f 137/1/449 191/1/450 188/1/451
f 188/1/451 138/1/452 137/1/449
f 192/1/453 189/1/454 101/1/455
f 101/1/455 139/1/454 192/1/453
f 193/1/456 190/1/457 135/1/458
f 135/1/458 140/1/459 193/1/456
f 141/1/460 194/1/461 191/1/462
f 191/1/462 137/1/462 141/1/460
f 134/1/463 133/1/464 192/1/465
f 192/1/465 139/1/466 134/1/463
f 142/1/467 168/1/467 193/1/468
f 193/1/468 140/1/467 142/1/467
f 169/1/469 194/1/470 141/1/470
f 141/1/470 143/1/471 169/1/469
f 195/1/472 196/1/85 197/1/473
f 197/1/473 198/1/474 195/1/472
f 199/1/475 173/1/476 174/1/477
f 174/1/477 200/1/478 199/1/475
f 175/1/479 201/1/480 164/1/479
f 164/1/479 163/1/481 175/1/479
f 176/1/482 202/1/483 200/1/482
f 200/1/482 174/1/484 176/1/482
f 201/1/485 175/1/486 177/1/487
f 177/1/487 197/1/488 201/1/485
f 178/1/489 203/1/490 202/1/489
f 202/1/489 176/1/489 178/1/489
f 179/1/491 198/1/492 197/1/493
f 197/1/493 177/1/491 179/1/491
f 204/1/494 203/1/495 178/1/496
f 178/1/496 180/1/497 204/1/494
f 181/1/498 205/1/499 198/1/500
f 198/1/500 179/1/501 181/1/498
f 182/1/502 206/1/503 204/1/504
f 204/1/504 180/1/503 182/1/502
f 205/1/505 181/1/506 183/1/505
f 183/1/505 207/1/507 205/1/505
f 184/1/508 208/1/509 206/1/509
f 206/1/509 182/1/509 184/1/508
f 185/1/510 209/1/511 207/1/512
f 207/1/512 183/1/513 185/1/510
f 210/1/514 208/1/515 184/1/516
f 184/1/516 186/1/515 210/1/514
f 170/1/517 187/1/518 211/1/519
f 211/1/519 212/1/520 170/1/517
f 188/1/521 213/1/522 209/1/523
f 209/1/523 185/1/524 188/1/521
f 189/1/525 214/1/526 210/1/525
f 210/1/525 186/1/527 189/1/525
f 190/1/528 215/1/529 211/1/529
f 211/1/529 187/1/528 190/1/528
f 216/1/530 213/1/530 188/1/530
f 188/1/530 191/1/531 216/1/530
f 192/1/532 217/1/532 214/1/532
f 214/1/532 189/1/532 192/1/532
f 193/1/533 218/1/533 215/1/533
f 215/1/533 190/1/534 193/1/533
f 194/1/535 219/1/536 216/1/537
f 216/1/537 191/1/538 194/1/535
f 217/1/539 192/1/540 133/1/539
f 133/1/539 220/1/539 217/1/539
f 168/1/541 221/1/542 218/1/543
f 218/1/543 193/1/544 168/1/541
f 169/1/545 222/1/546 219/1/547
f 219/1/547 194/1/548 169/1/545
f 132/1/549 223/1/550 220/1/549
f 220/1/549 133/1/551 132/1/549
f 221/1/552 168/1/553 167/1/554
f 167/1/554 224/1/555 221/1/552
f 212/1/556 222/1/557 169/1/558
f 169/1/558 170/1/557 212/1/556
f 171/1/559 225/1/560 223/1/561
f 223/1/561 132/1/562 171/1/559
f 172/1/563 226/1/564 224/1/565
f 224/1/565 167/1/564 172/1/563
f 225/1/566 171/1/566 166/1/566
f 166/1/566 165/1/567 225/1/566
f 173/1/568 199/1/569 226/1/570
f 226/1/570 172/1/571 173/1/568
f 227/1/572 228/1/572 229/1/573
f 229/1/573 230/1/572 227/1/572
f 204/1/574 231/1/575 232/1/576
f 232/1/576 203/1/87 204/1/574
f 205/1/577 233/1/351 195/1/92
f 195/1/92 198/1/352 205/1/577
f 234/1/578 231/1/578 204/1/578
f 204/1/578 206/1/579 234/1/578
f 207/1/580 230/1/580 233/1/580
f 233/1/580 205/1/581 207/1/580
f 208/1/582 235/1/583 234/1/582
f 234/1/582 206/1/584 208/1/582
f 227/1/364 230/1/585 207/1/586
f 207/1/586 209/1/364 227/1/364
f 210/1/587 236/1/18 235/1/587
f 235/1/587 208/1/588 210/1/587
f 212/1/589 211/1/589 237/1/20
f 237/1/20 238/1/589 212/1/589
f 213/1/590 239/1/590 227/1/590
f 227/1/590 209/1/590 213/1/590
f 240/1/591 236/1/207 210/1/592
f 210/1/592 214/1/593 240/1/591
f 237/1/594 211/1/595 215/1/596
f 215/1/596 241/1/597 237/1/594
f 216/1/598 242/1/599 239/1/598
f 239/1/598 213/1/598 216/1/598
f 217/1/600 243/1/600 240/1/600
f 240/1/600 214/1/600 217/1/600
f 241/1/601 215/1/602 218/1/603
f 218/1/603 244/1/601 241/1/601
f 245/1/604 242/1/604 216/1/604
f 216/1/604 219/1/604 245/1/604
f 220/1/312 246/1/605 243/1/606
f 243/1/606 217/1/606 220/1/312
f 221/1/41 247/1/607 244/1/607
f 244/1/607 218/1/40 221/1/41
f 222/1/608 248/1/609 245/1/609
f 245/1/609 219/1/609 222/1/608
f 249/1/610 246/1/611 220/1/612
f 220/1/612 223/1/613 249/1/610
f 224/1/614 250/1/615 247/1/614
f 247/1/614 221/1/615 224/1/614
f 238/1/323 248/1/323 222/1/323
f 222/1/323 212/1/323 238/1/323
f 225/1/616 251/1/616 249/1/616
f 249/1/616 223/1/55 225/1/616
f 250/1/617 224/1/618 226/1/328
f 226/1/328 252/1/619 250/1/617
f 165/1/62 253/1/62 251/1/62
f 251/1/62 225/1/620 165/1/62
f 199/1/621 254/1/622 252/1/622
f 252/1/622 226/1/623 199/1/621
f 255/1/624 253/1/624 165/1/624
f 165/1/624 164/1/624 255/1/624
f 200/1/334 256/1/625 254/1/334
f 254/1/334 199/1/71 200/1/334
f 201/1/626 257/1/626 255/1/626
f 255/1/626 164/1/626 201/1/626
f 258/1/627 256/1/628 200/1/627
f 200/1/627 202/1/628 258/1/627
f 197/1/629 196/1/629 257/1/629
f 257/1/629 201/1/340 197/1/629
f 203/1/630 232/1/631 258/1/632
f 258/1/632 202/1/633 203/1/630
f 259/1/634 260/1/635 261/1/636
f 261/1/636 262/1/637 259/1/634
f 236/1/638 263/1/638 264/1/638
f 264/1/638 235/1/638 236/1/638
f 265/1/639 266/1/640 238/1/641
f 238/1/641 237/1/640 265/1/639
f 267/1/642 228/1/642 227/1/642
f 227/1/642 239/1/642 267/1/642
f 240/1/643 268/1/644 263/1/645
f 263/1/645 236/1/644 240/1/643
f 241/1/646 269/1/647 265/1/648
f 265/1/648 237/1/647 241/1/646
f 242/1/649 270/1/649 267/1/649
f 267/1/649 239/1/649 242/1/649
f 271/1/650 268/1/650 240/1/651
f 240/1/651 243/1/650 271/1/650
f 244/1/652 272/1/653 269/1/653
f 269/1/653 241/1/653 244/1/652
f 245/1/654 273/1/654 270/1/654
f 270/1/654 242/1/654 245/1/654
f 246/1/655 274/1/655 271/1/655
f 271/1/655 243/1/655 246/1/655
f 275/1/656 272/1/657 244/1/657
f 244/1/657 247/1/657 275/1/656
f 273/1/658 245/1/658 248/1/658
f 248/1/658 276/1/658 273/1/658
f 249/1/659 277/1/659 274/1/659
f 274/1/659 246/1/659 249/1/659
f 250/1/660 278/1/660 275/1/661
f 275/1/661 247/1/660 250/1/660
f 266/1/662 276/1/662 248/1/662
f 248/1/662 238/1/662 266/1/662
f 277/1/663 249/1/663 251/1/663
f 251/1/663 279/1/663 277/1/663
f 252/1/664 280/1/665 278/1/665
f 278/1/665 250/1/665 252/1/664
f 253/1/666 281/1/666 279/1/666
f 279/1/666 251/1/666 253/1/666
f 282/1/667 280/1/668 252/1/668
f 252/1/668 254/1/668 282/1/667
f 255/1/669 283/1/669 281/1/669
f 281/1/669 253/1/669 255/1/669
f 256/1/670 284/1/671 282/1/672
f 282/1/672 254/1/671 256/1/670
f 261/1/673 283/1/674 255/1/673
f 255/1/673 257/1/673 261/1/673
f 258/1/675 285/1/676 284/1/677
f 284/1/677 256/1/676 258/1/675
f 196/1/678 262/1/679 261/1/680
f 261/1/680 257/1/679 196/1/678
f 285/1/681 258/1/681 232/1/681
f 232/1/681 286/1/681 285/1/681
f 195/1/682 287/1/682 262/1/683
f 262/1/683 196/1/684 195/1/682
f 231/1/685 288/1/685 286/1/685
f 286/1/685 232/1/685 231/1/685
f 287/1/686 195/1/687 233/1/688
f 233/1/688 289/1/686 287/1/686
f 234/1/689 290/1/689 288/1/690
f 288/1/690 231/1/689 234/1/689
f 230/1/691 229/1/691 289/1/691
f 289/1/691 233/1/691 230/1/691
f 264/1/692 290/1/693 234/1/693
f 234/1/693 235/1/693 264/1/692
f 291/1/694 292/1/694 293/1/694
f 293/1/694 294/1/694 291/1/694
f 286/1/695 295/1/696 296/1/697
f 296/1/697 285/1/697 286/1/695
f 287/1/698 297/1/699 259/1/698
f 259/1/698 262/1/698 287/1/698
f 298/1/700 295/1/701 286/1/700
f 286/1/700 288/1/700 298/1/700
f 289/1/702 294/1/702 297/1/702
f 297/1/702 287/1/702 289/1/702
f 290/1/703 299/1/704 298/1/703
f 298/1/703 288/1/705 290/1/703
f 294/1/706 289/1/707 229/1/708
f 229/1/708 291/1/709 294/1/706
f 264/1/710 300/1/711 299/1/710
f 299/1/710 290/1/710 264/1/710
f 228/1/712 301/1/713 291/1/712
f 291/1/712 229/1/714 228/1/712
f 300/1/715 264/1/715 263/1/715
f 263/1/715 302/1/715 300/1/715
f 266/1/716 265/1/717 303/1/716
f 303/1/716 304/1/718 266/1/716
f 267/1/719 305/1/719 301/1/719
f 301/1/719 228/1/720 267/1/719
f 268/1/721 306/1/722 302/1/723
f 302/1/723 263/1/723 268/1/721
f 269/1/724 307/1/725 303/1/724
f 303/1/724 265/1/726 269/1/724
f 308/1/727 305/1/728 267/1/729
f 267/1/729 270/1/730 308/1/727
f 271/1/731 309/1/732 306/1/731
f 306/1/731 268/1/733 271/1/731
f 272/1/734 310/1/735 307/1/736
f 307/1/736 269/1/737 272/1/734
f 273/1/738 311/1/739 308/1/740
f 308/1/740 270/1/741 273/1/738
f 312/1/742 309/1/743 271/1/742
f 271/1/742 274/1/744 312/1/742
f 275/1/745 313/1/746 310/1/747
f 310/1/747 272/1/748 275/1/745
f 276/1/749 314/1/750 311/1/751
f 311/1/751 273/1/751 276/1/749
f 277/1/752 315/1/752 312/1/753
f 312/1/753 274/1/752 277/1/752
f 313/1/754 275/1/754 278/1/754
f 278/1/754 316/1/755 313/1/754
f 304/1/756 314/1/757 276/1/758
f 276/1/758 266/1/759 304/1/756
f 279/1/760 317/1/761 315/1/760
f 315/1/760 277/1/762 279/1/760
f 280/1/763 318/1/764 316/1/765
f 316/1/765 278/1/765 280/1/763
f 317/1/766 279/1/766 281/1/767
f 281/1/767 319/1/766 317/1/766
f 282/1/768 320/1/768 318/1/769
f 318/1/769 280/1/770 282/1/768
f 283/1/771 321/1/772 319/1/771
f 319/1/771 281/1/773 283/1/771
f 322/1/774 320/1/775 282/1/776
f 282/1/776 284/1/777 322/1/774
f 261/1/778 260/1/779 321/1/780
f 321/1/780 283/1/781 261/1/778
f 285/1/782 296/1/783 322/1/783
f 322/1/783 284/1/782 285/1/782
f 323/1/784 324/1/784 325/1/785
f 325/1/785 326/1/784 323/1/784
f 300/1/786 327/1/787 328/1/786
f 328/1/786 299/1/788 300/1/786
f 291/1/789 301/1/790 329/1/791
f 329/1/791 292/1/792 291/1/789
f 302/1/793 330/1/794 327/1/795
f 327/1/795 300/1/796 302/1/793
f 304/1/797 303/1/797 331/1/798
f 331/1/798 332/1/798 304/1/797
f 329/1/799 301/1/800 305/1/801
f 305/1/801 324/1/799 329/1/799
f 302/1/802 306/1/803 333/1/802
f 333/1/802 330/1/804 302/1/802
f 331/1/805 303/1/805 307/1/806
f 307/1/806 334/1/805 331/1/805
f 308/1/807 325/1/808 324/1/809
f 324/1/809 305/1/810 308/1/807
f 333/1/811 306/1/811 309/1/811
f 309/1/811 335/1/811 333/1/811
f 334/1/812 307/1/813 310/1/814
f 310/1/814 336/1/815 334/1/812
f 308/1/816 311/1/817 337/1/818
f 337/1/818 325/1/819 308/1/816
f 312/1/820 338/1/821 335/1/822
f 335/1/822 309/1/820 312/1/820
f 313/1/823 339/1/824 336/1/824
f 336/1/824 310/1/825 313/1/823
f 337/1/826 311/1/826 314/1/827
f 314/1/827 340/1/826 337/1/826
f 312/1/828 315/1/829 341/1/828
f 341/1/828 338/1/830 312/1/828
f 316/1/831 342/1/831 339/1/831
f 339/1/831 313/1/832 316/1/831
f 314/1/833 304/1/833 332/1/834
f 332/1/834 340/1/835 314/1/833
f 341/1/836 315/1/837 317/1/838
f 317/1/838 343/1/839 341/1/836
f 342/1/840 316/1/841 318/1/841
f 318/1/841 344/1/841 342/1/840
f 319/1/842 345/1/843 343/1/844
f 343/1/844 317/1/845 319/1/842
f 320/1/846 346/1/846 344/1/846
f 344/1/846 318/1/846 320/1/846
f 319/1/847 321/1/848 347/1/849
f 347/1/849 345/1/850 319/1/847
f 322/1/851 348/1/852 346/1/853
f 346/1/853 320/1/852 322/1/851
f 347/1/854 321/1/854 260/1/855
f 260/1/855 349/1/854 347/1/854
f 322/1/856 296/1/857 350/1/858
f 350/1/858 348/1/859 322/1/856
f 259/1/860 351/1/860 349/1/860
f 349/1/860 260/1/861 259/1/860
f 350/1/862 296/1/863 295/1/862
f 295/1/862 352/1/862 350/1/862
f 259/1/864 297/1/865 353/1/864
f 353/1/864 351/1/866 259/1/864
f 354/1/867 352/1/867 295/1/868
f 295/1/868 298/1/867 354/1/867
f 353/1/869 297/1/870 294/1/871
f 294/1/871 293/1/872 353/1/869
f 354/1/873 298/1/873 299/1/873
f 299/1/873 328/1/873 354/1/873
f 355/1/874 356/1/875 357/1/875
f 357/1/875 358/1/876 355/1/874
f 335/1/877 359/1/877 360/1/877
f 360/1/877 333/1/877 335/1/877
f 336/1/878 361/1/879 362/1/879
f 362/1/879 334/1/879 336/1/878
f 337/1/880 363/1/881 326/1/881
f 326/1/881 325/1/881 337/1/880
f 359/1/882 335/1/882 338/1/882
f 338/1/882 364/1/882 359/1/882
f 336/1/883 339/1/884 365/1/885
f 365/1/885 361/1/885 336/1/883
f 340/1/886 357/1/886 363/1/886
f 363/1/886 337/1/886 340/1/886
f 341/1/887 366/1/887 364/1/887
f 364/1/887 338/1/887 341/1/887
f 365/1/888 339/1/889 342/1/890
f 342/1/890 367/1/889 365/1/888
f 358/1/891 357/1/891 340/1/892
f 340/1/892 332/1/891 358/1/891
f 343/1/893 368/1/893 366/1/893
f 366/1/893 341/1/893 343/1/893
f 344/1/894 369/1/895 367/1/896
f 367/1/896 342/1/895 344/1/894
f 368/1/897 343/1/898 345/1/899
f 345/1/899 370/1/897 368/1/897
f 344/1/900 346/1/901 371/1/901
f 371/1/901 369/1/901 344/1/900
f 347/1/902 372/1/902 370/1/902
f 370/1/902 345/1/902 347/1/902
f 371/1/903 346/1/904 348/1/903
f 348/1/903 373/1/904 371/1/903
f 349/1/905 374/1/905 372/1/905
f 372/1/905 347/1/905 349/1/905
f 350/1/906 375/1/907 373/1/907
f 373/1/907 348/1/907 350/1/906
f 374/1/908 349/1/908 351/1/908
f 351/1/908 376/1/908 374/1/908
f 352/1/909 377/1/909 375/1/910
f 375/1/910 350/1/909 352/1/909
f 353/1/911 378/1/912 376/1/912
f 376/1/912 351/1/912 353/1/911
f 352/1/913 354/1/914 379/1/915
f 379/1/915 377/1/914 352/1/913
f 293/1/916 380/1/917 378/1/918
f 378/1/918 353/1/919 293/1/916
f 381/1/920 379/1/921 354/1/922
f 354/1/922 328/1/923 381/1/920
f 380/1/924 293/1/924 292/1/924
f 292/1/924 382/1/924 380/1/924
f 381/1/925 328/1/925 327/1/925
f 327/1/925 383/1/925 381/1/925
f 329/1/926 384/1/926 382/1/927
f 382/1/927 292/1/926 329/1/926
f 383/1/928 327/1/928 330/1/929
f 330/1/929 385/1/928 383/1/928
f 331/1/930 386/1/930 358/1/930
f 358/1/930 332/1/930 331/1/930
f 324/1/931 323/1/931 384/1/931
f 384/1/931 329/1/931 324/1/931
f 333/1/932 360/1/933 385/1/933
f 385/1/933 330/1/933 333/1/932
f 386/1/934 331/1/934 334/1/935
f 334/1/935 362/1/934 386/1/934
f 387/1/936 388/1/937 389/1/938
f 389/1/938 390/1/939 387/1/936
f 368/1/940 391/1/940 392/1/940
f 392/1/940 366/1/940 368/1/940
f 393/1/941 367/1/942 369/1/943
f 369/1/943 394/1/941 393/1/941
f 370/1/944 395/1/945 391/1/946
f 391/1/946 368/1/947 370/1/944
f 371/1/948 396/1/949 394/1/950
f 394/1/950 369/1/948 371/1/948
f 395/1/951 370/1/951 372/1/952
f 372/1/952 390/1/953 395/1/951
f 373/1/954 397/1/955 396/1/954
f 396/1/954 371/1/956 373/1/954
f 374/1/957 387/1/958 390/1/959
f 390/1/959 372/1/960 374/1/957
f 397/1/961 373/1/962 375/1/963
f 375/1/963 398/1/961 397/1/961
f 376/1/964 399/1/965 387/1/966
f 387/1/966 374/1/965 376/1/964
f 377/1/967 400/1/968 398/1/969
f 398/1/969 375/1/967 377/1/967
f 399/1/970 376/1/971 378/1/970
f 378/1/970 401/1/972 399/1/970
f 379/1/973 402/1/974 400/1/975
f 400/1/975 377/1/976 379/1/973
f 380/1/977 403/1/978 401/1/979
f 401/1/979 378/1/980 380/1/977
f 402/1/981 379/1/982 381/1/981
f 381/1/981 404/1/983 402/1/981
f 382/1/984 405/1/984 403/1/984
f 403/1/984 380/1/985 382/1/984
f 383/1/986 406/1/987 404/1/988
f 404/1/988 381/1/989 383/1/986
f 405/1/990 382/1/991 384/1/990
f 384/1/990 407/1/992 405/1/990
f 385/1/993 408/1/994 406/1/995
f 406/1/995 383/1/996 385/1/993
f 358/1/997 386/1/998 409/1/999
f 409/1/999 355/1/997 358/1/997
f 323/1/1000 410/1/1001 407/1/1000
f 407/1/1000 384/1/1002 323/1/1000
f 408/1/1003 385/1/1004 360/1/1005
f 360/1/1005 411/1/1006 408/1/1003
f 362/1/1007 412/1/1008 409/1/1009
f 409/1/1009 386/1/1010 362/1/1007
f 326/1/1011 413/1/1012 410/1/1013
f 410/1/1013 323/1/1014 326/1/1011
f 359/1/1015 414/1/1016 411/1/1017
f 411/1/1017 360/1/1017 359/1/1015
f 412/1/1018 362/1/1019 361/1/1020
f 361/1/1020 415/1/1021 412/1/1018
f 413/1/1022 326/1/1023 363/1/1024
f 363/1/1024 416/1/1025 413/1/1022
f 364/1/1026 417/1/1027 414/1/1028
f 414/1/1028 359/1/1028 364/1/1026
f 365/1/1029 418/1/1030 415/1/1029
f 415/1/1029 361/1/1031 365/1/1029
f 357/1/1032 356/1/1033 416/1/1034
f 416/1/1034 363/1/1035 357/1/1032
f 417/1/1036 364/1/1037 366/1/1037
f 366/1/1037 392/1/1038 417/1/1036
f 367/1/1039 393/1/1040 418/1/1041
f 418/1/1041 365/1/1042 367/1/1039
f 419/1/1043 420/1/1043 421/1/1044
f 421/1/1044 422/1/1043 419/1/1043
f 423/1/1045 424/1/1046 397/1/1047
f 397/1/1047 398/1/1048 423/1/1045
f 399/1/1049 425/1/1049 388/1/1049
f 388/1/1049 387/1/1050 399/1/1049
f 400/1/1051 426/1/1052 423/1/1053
f 423/1/1053 398/1/1054 400/1/1051
f 420/1/1055 425/1/1056 399/1/1057
f 399/1/1057 401/1/1058 420/1/1055
f 402/1/1059 427/1/1060 426/1/1061
f 426/1/1061 400/1/1062 402/1/1059
f 403/1/1063 421/1/1063 420/1/1063
f 420/1/1063 401/1/1063 403/1/1063
f 428/1/1064 427/1/1065 402/1/1066
f 402/1/1066 404/1/1066 428/1/1064
f 405/1/1067 429/1/1068 421/1/1069
f 421/1/1069 403/1/1070 405/1/1067
f 406/1/1071 430/1/1071 428/1/1071
f 428/1/1071 404/1/1071 406/1/1071
f 431/1/1072 429/1/1073 405/1/1074
f 405/1/1074 407/1/1075 431/1/1072
f 408/1/1076 432/1/1076 430/1/1077
f 430/1/1077 406/1/1076 408/1/1076
f 433/1/1078 355/1/1079 409/1/1080
f 409/1/1080 434/1/1079 433/1/1078
f 410/1/1081 435/1/1082 431/1/1082
f 431/1/1082 407/1/1082 410/1/1081
f 436/1/1083 432/1/1084 408/1/1083
f 408/1/1083 411/1/1085 436/1/1083
f 434/1/1086 409/1/1086 412/1/1086
f 412/1/1086 437/1/1086 434/1/1086
f 413/1/1087 438/1/1088 435/1/1088
f 435/1/1088 410/1/1089 413/1/1087
f 414/1/1090 439/1/1090 436/1/1090
f 436/1/1090 411/1/1090 414/1/1090
f 415/1/1091 440/1/1092 437/1/1093
f 437/1/1093 412/1/1092 415/1/1091
f 441/1/1094 438/1/1095 413/1/1096
f 413/1/1096 416/1/1096 441/1/1094
f 417/1/1097 442/1/1097 439/1/1097
f 439/1/1097 414/1/1098 417/1/1097
f 440/1/1099 415/1/1099 418/1/1099
f 418/1/1099 443/1/1099 440/1/1099
f 356/1/1100 444/1/1101 441/1/1102
f 441/1/1102 416/1/1103 356/1/1100
f 445/1/1104 442/1/1104 417/1/1105
f 417/1/1105 392/1/1105 445/1/1104
f 393/1/1106 446/1/1107 443/1/1108
f 443/1/1108 418/1/1109 393/1/1106
f 433/1/1110 444/1/1111 356/1/1112
f 356/1/1112 355/1/1113 433/1/1110
f 391/1/1114 447/1/1114 445/1/1115
f 445/1/1115 392/1/1116 391/1/1114
f 394/1/1117 448/1/1118 446/1/1117
f 446/1/1117 393/1/1119 394/1/1117
f 395/1/1120 449/1/1121 447/1/1122
f 447/1/1122 391/1/1123 395/1/1120
f 448/1/1124 394/1/1125 396/1/1126
f 396/1/1126 450/1/1127 448/1/1124
f 389/1/1128 449/1/1129 395/1/1130
f 395/1/1130 390/1/1128 389/1/1128
f 397/1/1131 424/1/1131 450/1/1132
f 450/1/1132 396/1/1131 397/1/1131
f 451/1/1133 452/1/1134 453/1/1135
f 453/1/1135 454/1/1136 451/1/1133
f 428/1/1137 455/1/1137 456/1/1137
f 456/1/1137 427/1/1137 428/1/1137
f 429/1/1138 457/1/1139 422/1/1139
f 422/1/1139 421/1/1139 429/1/1138
f 458/1/1140 455/1/1141 428/1/1141
f 428/1/1141 430/1/1141 458/1/1140
f 431/1/1142 459/1/1142 457/1/1142
f 457/1/1142 429/1/1142 431/1/1142
f 432/1/1143 460/1/1144 458/1/1144
f 458/1/1144 430/1/1144 432/1/1143
f 452/1/1145 451/1/1145 433/1/1145
f 433/1/1145 434/1/1145 452/1/1145
f 461/1/1146 459/1/1146 431/1/1146
f 431/1/1146 435/1/1146 461/1/1146
f 436/1/1147 462/1/1148 460/1/1148
f 460/1/1148 432/1/1148 436/1/1147
f 437/1/1149 463/1/1150 452/1/1150
f 452/1/1150 434/1/1150 437/1/1149
f 438/1/1151 464/1/1151 461/1/1151
f 461/1/1151 435/1/1151 438/1/1151
f 465/1/1152 462/1/1152 436/1/1153
f 436/1/1153 439/1/1152 465/1/1152
f 440/1/1154 466/1/1155 463/1/1155
f 463/1/1155 437/1/1155 440/1/1154
f 441/1/1156 467/1/1156 464/1/1156
f 464/1/1156 438/1/1156 441/1/1156
f 442/1/1157 468/1/1157 465/1/1157
f 465/1/1157 439/1/1157 442/1/1157
f 469/1/1158 466/1/1158 440/1/1158
f 440/1/1158 443/1/1158 469/1/1158
f 470/1/1159 467/1/1159 441/1/1159
f 441/1/1159 444/1/1159 470/1/1159
f 445/1/1160 471/1/1161 468/1/1160
f 468/1/1160 442/1/1160 445/1/1160
f 446/1/1162 472/1/1162 469/1/1162
f 469/1/1162 443/1/1162 446/1/1162
f 470/1/1163 444/1/1163 433/1/1163
f 433/1/1163 451/1/1163 470/1/1163
f 471/1/1164 445/1/1164 447/1/1164
f 447/1/1164 473/1/1164 471/1/1164
f 448/1/1165 474/1/1166 472/1/1167
f 472/1/1167 446/1/1166 448/1/1165
f 449/1/1168 475/1/1168 473/1/1168
f 473/1/1168 447/1/1168 449/1/1168
f 476/1/1169 474/1/1169 448/1/1169
f 448/1/1169 450/1/1169 476/1/1169
f 389/1/1170 477/1/1170 475/1/1170
f 475/1/1170 449/1/1170 389/1/1170
f 424/1/1171 478/1/1171 476/1/1172
f 476/1/1172 450/1/1171 424/1/1171
f 477/1/1173 389/1/1173 388/1/1173
f 388/1/1173 479/1/1173 477/1/1173
f 423/1/1174 480/1/1175 478/1/1175
f 478/1/1175 424/1/1175 423/1/1174
f 425/1/1176 481/1/1176 479/1/1176
f 479/1/1176 388/1/1176 425/1/1176
f 482/1/1177 480/1/1178 423/1/1178
f 423/1/1178 426/1/1178 482/1/1177
f 420/1/1179 419/1/1180 481/1/1180
f 481/1/1180 425/1/1180 420/1/1179
f 427/1/1181 456/1/1182 482/1/1183
f 482/1/1183 426/1/1182 427/1/1181
f 483/1/1184 484/1/1185 485/1/1184
f 485/1/1184 486/1/1184 483/1/1184
f 461/1/1186 487/1/1187 488/1/1188
f 488/1/1188 459/1/1189 461/1/1186
f 462/1/1190 489/1/1191 490/1/1192
f 490/1/1192 460/1/1193 462/1/1190
f 463/1/1194 491/1/1195 453/1/1196
f 453/1/1196 452/1/1197 463/1/1194
f 492/1/1198 487/1/1199 461/1/1200
f 461/1/1200 464/1/1201 492/1/1198
f 465/1/1202 493/1/1203 489/1/1204
f 489/1/1204 462/1/1205 465/1/1202
f 466/1/1206 486/1/1207 491/1/1207
f 491/1/1207 463/1/1206 466/1/1206
f 467/1/1208 494/1/1209 492/1/1209
f 492/1/1209 464/1/1210 467/1/1208
f 493/1/1211 465/1/1212 468/1/1211
f 468/1/1211 495/1/1213 493/1/1211
f 469/1/1214 483/1/1215 486/1/1216
f 486/1/1216 466/1/1215 469/1/1214
f 470/1/1217 496/1/1218 494/1/1219
f 494/1/1219 467/1/1220 470/1/1217
f 471/1/1221 497/1/1222 495/1/1223
f 495/1/1223 468/1/1224 471/1/1221
f 483/1/1225 469/1/1226 472/1/1227
f 472/1/1227 498/1/1228 483/1/1225
f 496/1/1229 470/1/1230 451/1/1229
f 451/1/1229 454/1/1231 496/1/1229
f 473/1/1232 499/1/1233 497/1/1232
f 497/1/1232 471/1/1234 473/1/1232
f 474/1/1235 500/1/1236 498/1/1237
f 498/1/1237 472/1/1235 474/1/1235
f 501/1/1238 499/1/1239 473/1/1240
f 473/1/1240 475/1/1241 501/1/1238
f 476/1/1242 502/1/1243 500/1/1244
f 500/1/1244 474/1/1245 476/1/1242
f 477/1/1246 503/1/1247 501/1/1248
f 501/1/1248 475/1/1249 477/1/1246
f 504/1/1250 502/1/1251 476/1/1252
f 476/1/1252 478/1/1253 504/1/1250
f 479/1/1254 505/1/1254 503/1/1255
f 503/1/1255 477/1/1255 479/1/1254
f 480/1/1256 506/1/1257 504/1/1257
f 504/1/1257 478/1/1258 480/1/1256
f 505/1/1259 479/1/1260 481/1/1259
f 481/1/1259 507/1/1261 505/1/1259
f 482/1/1262 508/1/1263 506/1/1264
f 506/1/1264 480/1/1265 482/1/1262
f 419/1/1266 509/1/1267 507/1/1268
f 507/1/1268 481/1/1269 419/1/1266
f 510/1/1270 508/1/1271 482/1/1272
f 482/1/1272 456/1/1273 510/1/1270
f 422/1/1274 511/1/1275 509/1/1276
f 509/1/1276 419/1/1277 422/1/1274
f 455/1/1278 512/1/1279 510/1/1280
f 510/1/1280 456/1/1281 455/1/1278
f 513/1/1282 511/1/1283 422/1/1284
f 422/1/1284 457/1/1285 513/1/1282
f 458/1/1286 514/1/1286 512/1/1286
f 512/1/1286 455/1/1287 458/1/1286
f 459/1/1288 488/1/1288 513/1/1289
f 513/1/1289 457/1/1288 459/1/1288
f 514/1/1290 458/1/1291 460/1/1291
f 460/1/1291 490/1/1290 514/1/1290
f 515/1/1292 516/1/1293 517/1/1293
f 517/1/1293 518/1/1293 515/1/1292
f 496/1/1294 519/1/1294 520/1/1295
f 520/1/1295 494/1/1294 496/1/1294
f 521/1/1296 522/1/1296 495/1/1296
f 495/1/1296 497/1/1296 521/1/1296
f 498/1/1297 523/1/1298 484/1/1299
f 484/1/1299 483/1/1300 498/1/1297
f 524/1/1301 519/1/1301 496/1/1301
f 496/1/1301 454/1/1301 524/1/1301
f 499/1/1302 525/1/1302 521/1/1302
f 521/1/1302 497/1/1303 499/1/1302
f 523/1/1304 498/1/1305 500/1/1306
f 500/1/1306 517/1/1307 523/1/1304
f 501/1/1308 526/1/1309 525/1/1310
f 525/1/1310 499/1/1311 501/1/1308
f 502/1/1312 518/1/1313 517/1/1314
f 517/1/1314 500/1/1312 502/1/1312
f 527/1/1315 526/1/1316 501/1/1317
f 501/1/1317 503/1/1318 527/1/1315
f 504/1/1319 528/1/1320 518/1/1321
f 518/1/1321 502/1/1322 504/1/1319
f 505/1/1323 529/1/1323 527/1/1324
f 527/1/1324 503/1/1323 505/1/1323
f 530/1/1325 528/1/1326 504/1/1327
f 504/1/1327 506/1/1328 530/1/1325
f 507/1/1329 531/1/1330 529/1/1331
f 529/1/1331 505/1/1332 507/1/1329
f 508/1/1333 532/1/1334 530/1/1335
f 530/1/1335 506/1/1336 508/1/1333
f 533/1/1337 531/1/1338 507/1/1339
f 507/1/1339 509/1/1340 533/1/1337
f 510/1/1341 534/1/1342 532/1/1343
f 532/1/1343 508/1/1344 510/1/1341
f 511/1/1345 535/1/1346 533/1/1346
f 533/1/1346 509/1/1347 511/1/1345
f 536/1/1348 534/1/1349 510/1/1350
f 510/1/1350 512/1/1351 536/1/1348
f 513/1/1352 537/1/1353 535/1/1354
f 535/1/1354 511/1/1355 513/1/1352
f 514/1/1356 538/1/1357 536/1/1357
f 536/1/1357 512/1/1357 514/1/1356
f 539/1/1358 537/1/1359 513/1/1358
f 513/1/1358 488/1/1360 539/1/1358
f 490/1/1361 540/1/1362 538/1/1363
f 538/1/1363 514/1/1364 490/1/1361
f 454/1/1365 453/1/1365 541/1/1366
f 541/1/1366 524/1/1366 454/1/1365
f 487/1/1367 542/1/1368 539/1/1367
f 539/1/1367 488/1/1369 487/1/1367
f 543/1/1370 540/1/1371 490/1/1370
f 490/1/1370 489/1/1370 543/1/1370
f 544/1/1372 541/1/1373 453/1/1374
f 453/1/1374 491/1/1375 544/1/1372
f 492/1/1376 545/1/1377 542/1/1378
f 542/1/1378 487/1/1379 492/1/1376
f 493/1/1380 546/1/1381 543/1/1382
f 543/1/1382 489/1/1383 493/1/1380
f 485/1/1384 544/1/1385 491/1/1386
f 491/1/1386 486/1/1387 485/1/1384
f 520/1/1388 545/1/1388 492/1/1388
f 492/1/1388 494/1/1388 520/1/1388
f 495/1/1389 522/1/1390 546/1/1389
f 546/1/1389 493/1/1391 495/1/1389
f 547/1/1392 548/1/1393 549/1/1393
f 549/1/1393 550/1/1394 547/1/1392
f 527/1/1395 551/1/1396 552/1/1396
f 552/1/1396 526/1/1396 527/1/1395
f 528/1/1397 553/1/1397 515/1/1398
f 515/1/1398 518/1/1397 528/1/1397
f 551/1/1399 527/1/1400 529/1/1401
f 529/1/1401 554/1/1400 551/1/1399
f 530/1/1402 550/1/1403 553/1/1403
f 553/1/1403 528/1/1403 530/1/1402
f 531/1/1404 555/1/1405 554/1/1404
f 554/1/1404 529/1/1405 531/1/1404
f 547/1/1406 550/1/1407 530/1/1408
f 530/1/1408 532/1/1407 547/1/1406
f 533/1/1409 556/1/1410 555/1/1411
f 555/1/1411 531/1/1410 533/1/1409
f 534/1/1412 557/1/1412 547/1/1413
f 547/1/1413 532/1/1412 534/1/1412
f 558/1/1414 556/1/1415 533/1/1414
f 533/1/1414 535/1/1415 558/1/1414
f 536/1/1416 559/1/1416 557/1/1416
f 557/1/1416 534/1/1416 536/1/1416
f 537/1/1417 560/1/1418 558/1/1418
f 558/1/1418 535/1/1418 537/1/1417
f 561/1/1419 559/1/1420 536/1/1420
f 536/1/1420 538/1/1420 561/1/1419
f 539/1/1421 562/1/1422 560/1/1423
f 560/1/1423 537/1/1422 539/1/1421
f 540/1/1424 563/1/1425 561/1/1425
f 561/1/1425 538/1/1425 540/1/1424
f 564/1/1426 565/1/1426 524/1/1426
f 524/1/1426 541/1/1426 564/1/1426
f 566/1/1427 562/1/1427 539/1/1428
f 539/1/1428 542/1/1427 566/1/1427
f 543/1/1429 567/1/1430 563/1/1431
f 563/1/1431 540/1/1430 543/1/1429
f 544/1/1432 568/1/1433 564/1/1433
f 564/1/1433 541/1/1433 544/1/1432
f 545/1/1434 569/1/1435 566/1/1435
f 566/1/1435 542/1/1435 545/1/1434
f 567/1/1436 543/1/1437 546/1/1438
f 546/1/1438 570/1/1437 567/1/1436
f 485/1/1439 571/1/1439 568/1/1439
f 568/1/1439 544/1/1439 485/1/1439
f 520/1/1440 572/1/1441 569/1/1442
f 569/1/1442 545/1/1441 520/1/1440
f 522/1/1443 573/1/1443 570/1/1444
f 570/1/1444 546/1/1443 522/1/1443
f 574/1/1445 571/1/1446 485/1/1446
f 485/1/1446 484/1/1446 574/1/1445
f 575/1/1447 572/1/1448 520/1/1447
f 520/1/1447 519/1/1448 575/1/1447
f 521/1/1449 576/1/1450 573/1/1451
f 573/1/1451 522/1/1450 521/1/1449
f 523/1/1452 577/1/1452 574/1/1453
f 574/1/1453 484/1/1452 523/1/1452
f 565/1/1454 575/1/1455 519/1/1455
f 519/1/1455 524/1/1455 565/1/1454
f 576/1/1456 521/1/1457 525/1/1458
f 525/1/1458 578/1/1457 576/1/1456
f 517/1/1459 516/1/1459 577/1/1459
f 577/1/1459 523/1/1459 517/1/1459
f 526/1/1460 552/1/1460 578/1/1461
f 578/1/1461 525/1/1460 526/1/1460
f 579/1/1462 580/1/1462 581/1/1462
f 581/1/1462 582/1/1463 579/1/1462
f 556/1/1464 583/1/1465 584/1/1464
f 584/1/1464 555/1/1465 556/1/1464
f 585/1/1466 548/1/1467 547/1/1467
f 547/1/1467 557/1/1466 585/1/1466
f 558/1/1468 586/1/1469 583/1/1470
f 583/1/1470 556/1/1470 558/1/1468
f 559/1/1471 582/1/1472 585/1/1473
f 585/1/1473 557/1/1474 559/1/1471
f 586/1/1475 558/1/1475 560/1/1476
f 560/1/1476 587/1/1475 586/1/1475
f 561/1/1477 579/1/1478 582/1/1479
f 582/1/1479 559/1/1480 561/1/1477
f 562/1/1481 588/1/1481 587/1/1482
f 587/1/1482 560/1/1483 562/1/1481
f 579/1/1484 561/1/1484 563/1/1484
f 563/1/1484 589/1/1484 579/1/1484
f 565/1/1485 564/1/1485 590/1/1485
f 590/1/1485 591/1/1485 565/1/1485
f 566/1/1486 592/1/1487 588/1/1486
f 588/1/1486 562/1/1488 566/1/1486
f 567/1/1489 593/1/1490 589/1/1489
f 589/1/1489 563/1/1491 567/1/1489
f 568/1/1492 594/1/1493 590/1/1494
f 590/1/1494 564/1/1495 568/1/1492
f 595/1/1496 592/1/1497 566/1/1497
f 566/1/1497 569/1/1496 595/1/1496
f 570/1/1498 596/1/1499 593/1/1500
f 593/1/1500 567/1/1501 570/1/1498
f 571/1/1502 597/1/1503 594/1/1503
f 594/1/1503 568/1/1502 571/1/1502
f 572/1/1504 598/1/1505 595/1/1504
f 595/1/1504 569/1/1506 572/1/1504
f 599/1/1507 596/1/1508 570/1/1509
f 570/1/1509 573/1/1510 599/1/1507
f 574/1/1511 600/1/1512 597/1/1513
f 597/1/1513 571/1/1514 574/1/1511
f 575/1/1515 601/1/1516 598/1/1517
f 598/1/1517 572/1/1518 575/1/1515
f 576/1/1519 602/1/1520 599/1/1520
f 599/1/1520 573/1/1521 576/1/1519
f 600/1/1522 574/1/1523 577/1/1524
f 577/1/1524 603/1/1523 600/1/1522
f 591/1/1525 601/1/1526 575/1/1527
f 575/1/1527 565/1/1528 591/1/1525
f 578/1/1529 604/1/1530 602/1/1531
f 602/1/1531 576/1/1532 578/1/1529
f 516/1/1533 605/1/1533 603/1/1533
f 603/1/1533 577/1/1534 516/1/1533
f 606/1/1535 604/1/1536 578/1/1535
f 578/1/1535 552/1/1537 606/1/1535
f 515/1/1538 607/1/1539 605/1/1540
f 605/1/1540 516/1/1541 515/1/1538
f 551/1/1542 608/1/1543 606/1/1544
f 606/1/1544 552/1/1545 551/1/1542
f 609/1/1546 607/1/1547 515/1/1546
f 515/1/1546 553/1/1546 609/1/1546
f 554/1/1548 610/1/1549 608/1/1548
f 608/1/1548 551/1/1550 554/1/1548
f 550/1/1551 549/1/1552 609/1/1551
f 609/1/1551 553/1/1553 550/1/1551
f 610/1/1554 554/1/1555 555/1/1556
f 555/1/1556 584/1/1557 610/1/1554
f 611/1/1558 612/1/1559 613/1/1558
f 613/1/1558 614/1/1559 611/1/1558
f 587/1/1560 588/1/1561 615/1/1560
f 615/1/1560 616/1/1562 587/1/1560
f 589/1/1563 617/1/1564 580/1/1565
f 580/1/1565 579/1/1565 589/1/1563
f 591/1/1566 590/1/1566 618/1/1566
f 618/1/1566 619/1/1566 591/1/1566
f 615/1/1567 588/1/1567 592/1/1567
f 592/1/1567 620/1/1567 615/1/1567
f 589/1/1568 593/1/1569 614/1/1568
f 614/1/1568 617/1/1570 589/1/1568
f 618/1/1571 590/1/1572 594/1/1573
f 594/1/1573 621/1/1574 618/1/1571
f 595/1/1575 622/1/1575 620/1/1576
f 620/1/1576 592/1/1577 595/1/1575
f 614/1/1578 593/1/1578 596/1/1578
f 596/1/1578 611/1/1578 614/1/1578
f 623/1/1579 621/1/1580 594/1/1581
f 594/1/1581 597/1/1582 623/1/1579
f 595/1/1583 598/1/1584 624/1/1585
f 624/1/1585 622/1/1583 595/1/1583
f 599/1/1586 625/1/1587 611/1/1586
f 611/1/1586 596/1/1588 599/1/1586
f 600/1/1589 626/1/1590 623/1/1591
f 623/1/1591 597/1/1589 600/1/1589
f 624/1/1592 598/1/1593 601/1/1594
f 601/1/1594 627/1/1595 624/1/1592
f 599/1/1596 602/1/1597 628/1/1598
f 628/1/1598 625/1/1599 599/1/1596
f 603/1/1600 629/1/1600 626/1/1600
f 626/1/1600 600/1/1600 603/1/1600
f 601/1/1601 591/1/1601 619/1/1601
f 619/1/1601 627/1/1601 601/1/1601
f 628/1/1602 602/1/1603 604/1/1604
f 604/1/1604 630/1/1605 628/1/1602
f 631/1/1606 629/1/1606 603/1/1606
f 603/1/1606 605/1/1607 631/1/1606
f 606/1/1608 632/1/1609 630/1/1609
f 630/1/1609 604/1/1609 606/1/1608
f 607/1/1610 633/1/1611 631/1/1610
f 631/1/1610 605/1/1612 607/1/1610
f 606/1/1613 608/1/1613 634/1/1613
f 634/1/1613 632/1/1613 606/1/1613
f 609/1/1614 635/1/1614 633/1/1615
f 633/1/1615 607/1/1616 609/1/1614
f 634/1/1617 608/1/1618 610/1/1619
f 610/1/1619 636/1/1619 634/1/1617
f 609/1/1620 549/1/1621 637/1/1622
f 637/1/1622 635/1/1621 609/1/1620
f 584/1/1623 638/1/1623 636/1/1624
f 636/1/1624 610/1/1625 584/1/1623
f 637/1/1626 549/1/1627 548/1/1626
f 548/1/1626 639/1/1627 637/1/1626
f 584/1/1628 583/1/1629 640/1/1629
f 640/1/1629 638/1/1629 584/1/1628
f 641/1/1630 639/1/1631 548/1/1632
f 548/1/1632 585/1/1630 641/1/1630
f 640/1/1633 583/1/1634 586/1/1635
f 586/1/1635 642/1/1636 640/1/1633
f 641/1/1637 585/1/1638 582/1/1637
f 582/1/1637 581/1/1637 641/1/1637
f 587/1/1639 616/1/1639 642/1/1640
f 642/1/1640 586/1/1639 587/1/1639
f 643/1/1641 644/1/1642 645/1/1642
f 645/1/1642 646/1/1642 643/1/1641
f 623/1/1643 647/1/1643 648/1/1643
f 648/1/1643 621/1/1643 623/1/1643
f 624/1/1644 649/1/1644 650/1/1644
f 650/1/1644 622/1/1644 624/1/1644
f 612/1/1645 611/1/1645 625/1/1645
f 625/1/1645 651/1/1645 612/1/1645
f 623/1/1646 626/1/1646 652/1/1646
f 652/1/1646 647/1/1646 623/1/1646
f 627/1/1647 653/1/1647 649/1/1647
f 649/1/1647 624/1/1647 627/1/1647
f 628/1/1648 646/1/1648 651/1/1648
f 651/1/1648 625/1/1648 628/1/1648
f 652/1/1649 626/1/1649 629/1/1649
f 629/1/1649 654/1/1649 652/1/1649
f 655/1/1650 653/1/1650 627/1/1650
f 627/1/1650 619/1/1650 655/1/1650
f 630/1/1651 643/1/1651 646/1/1651
f 646/1/1651 628/1/1651 630/1/1651
f 631/1/1652 656/1/1652 654/1/1652
f 654/1/1652 629/1/1652 631/1/1652
f 643/1/1653 630/1/1653 632/1/1653
f 632/1/1653 657/1/1653 643/1/1653
f 631/1/1654 633/1/1654 658/1/1654
f 658/1/1654 656/1/1654 631/1/1654
f 634/1/1655 659/1/1655 657/1/1655
f 657/1/1655 632/1/1655 634/1/1655
f 658/1/1656 633/1/1656 635/1/1657
f 635/1/1657 660/1/1656 658/1/1656
f 636/1/1658 661/1/1658 659/1/1658
f 659/1/1658 634/1/1658 636/1/1658
f 637/1/1659 662/1/1659 660/1/1659
f 660/1/1659 635/1/1659 637/1/1659
f 661/1/1660 636/1/1660 638/1/1660
f 638/1/1660 663/1/1660 661/1/1660
f 639/1/1661 664/1/1661 662/1/1661
f 662/1/1661 637/1/1661 639/1/1661
f 640/1/1662 665/1/1663 663/1/1663
f 663/1/1663 638/1/1664 640/1/1662
f 639/1/1665 641/1/1665 666/1/1665
f 666/1/1665 664/1/1665 639/1/1665
f 642/1/1666 667/1/1667 665/1/1667
f 665/1/1667 640/1/1667 642/1/1666
f 668/1/1668 666/1/1668 641/1/1668
f 641/1/1668 581/1/1668 668/1/1668
f 667/1/1669 642/1/1669 616/1/1670
f 616/1/1670 669/1/1669 667/1/1669
f 668/1/1671 581/1/1671 580/1/1671
f 580/1/1671 670/1/1671 668/1/1671
f 615/1/1672 671/1/1672 669/1/1672
f 669/1/1672 616/1/1672 615/1/1672
f 670/1/1673 580/1/1673 617/1/1673
f 617/1/1673 672/1/1673 670/1/1673
f 618/1/1674 673/1/1675 655/1/1674
f 655/1/1674 619/1/1675 618/1/1674
f 620/1/1676 674/1/1676 671/1/1676
f 671/1/1676 615/1/1676 620/1/1676
f 614/1/1677 613/1/1677 672/1/1677
f 672/1/1677 617/1/1677 614/1/1677
f 673/1/1678 618/1/1678 621/1/1678
f 621/1/1678 648/1/1678 673/1/1678
f 674/1/1679 620/1/1679 622/1/1679
f 622/1/1679 650/1/1679 674/1/1679
f 675/1/1680 676/1/1680 677/1/1680
f 677/1/1680 678/1/1680 675/1/1680
f 679/1/1681 654/1/1682 656/1/1683
f 656/1/1683 680/1/1684 679/1/1681
f 657/1/1685 681/1/1686 644/1/1687
f 644/1/1687 643/1/1685 657/1/1685
f 658/1/1688 682/1/1689 680/1/1690
f 680/1/1690 656/1/1691 658/1/1688
f 681/1/1692 657/1/1693 659/1/1693
f 659/1/1693 678/1/1694 681/1/1692
f 660/1/1695 683/1/1696 682/1/1697
f 682/1/1697 658/1/1697 660/1/1695
f 661/1/1698 675/1/1698 678/1/1698
f 678/1/1698 659/1/1698 661/1/1698
f 683/1/1699 660/1/1699 662/1/1699
f 662/1/1699 684/1/1700 683/1/1699
f 663/1/1701 685/1/1702 675/1/1703
f 675/1/1703 661/1/1703 663/1/1701
f 664/1/1704 686/1/1705 684/1/1706
f 684/1/1706 662/1/1707 664/1/1704
f 685/1/1708 663/1/1709 665/1/1710
f 665/1/1710 687/1/1711 685/1/1708
f 666/1/1712 688/1/1713 686/1/1713
f 686/1/1713 664/1/1714 666/1/1712
f 667/1/1715 689/1/1716 687/1/1715
f 687/1/1715 665/1/1717 667/1/1715
f 688/1/1718 666/1/1719 668/1/1720
f 668/1/1720 690/1/1721 688/1/1718
f 669/1/1722 691/1/1723 689/1/1724
f 689/1/1724 667/1/1725 669/1/1722
f 670/1/1726 692/1/1726 690/1/1726
f 690/1/1726 668/1/1727 670/1/1726
f 691/1/1728 669/1/1728 671/1/1728
f 671/1/1728 693/1/1728 691/1/1728
f 672/1/1729 694/1/1730 692/1/1729
f 692/1/1729 670/1/1731 672/1/1729
f 655/1/1732 673/1/1733 695/1/1733
f 695/1/1733 696/1/1733 655/1/1732
f 674/1/1734 697/1/1734 693/1/1735
f 693/1/1735 671/1/1736 674/1/1734
f 694/1/1737 672/1/1738 613/1/1739
f 613/1/1739 698/1/1740 694/1/1737
f 648/1/1741 699/1/1742 695/1/1742
f 695/1/1742 673/1/1743 648/1/1741
f 650/1/1744 700/1/1744 697/1/1745
f 697/1/1745 674/1/1746 650/1/1744
f 612/1/1747 701/1/1748 698/1/1747
f 698/1/1747 613/1/1747 612/1/1747
f 699/1/1749 648/1/1750 647/1/1749
f 647/1/1749 702/1/1749 699/1/1749
f 700/1/1751 650/1/1752 649/1/1751
f 649/1/1751 703/1/1751 700/1/1751
f 651/1/1753 704/1/1754 701/1/1755
f 701/1/1755 612/1/1754 651/1/1753
f 652/1/1756 705/1/1757 702/1/1758
f 702/1/1758 647/1/1759 652/1/1756
f 653/1/1760 706/1/1761 703/1/1762
f 703/1/1762 649/1/1761 653/1/1760
f 704/1/1763 651/1/1764 646/1/1765
f 646/1/1765 645/1/1766 704/1/1763
f 654/1/1767 679/1/1767 705/1/1767
f 705/1/1767 652/1/1767 654/1/1767
f 696/1/1768 706/1/1769 653/1/1769
f 653/1/1769 655/1/1770 696/1/1768
f 707/1/1771 708/1/1771 709/1/1772
f 709/1/1772 710/1/1773 707/1/1771
f 684/1/1774 711/1/1775 712/1/1774
f 712/1/1774 683/1/1775 684/1/1774
f 685/1/1776 713/1/1777 676/1/1776
f 676/1/1776 675/1/1776 685/1/1776
f 686/1/1778 714/1/1778 711/1/1778
f 711/1/1778 684/1/1778 686/1/1778
f 687/1/1779 710/1/1780 713/1/1781
f 713/1/1781 685/1/1781 687/1/1779
f 715/1/1782 714/1/1782 686/1/1782
f 686/1/1782 688/1/1782 715/1/1782
f 689/1/1783 707/1/1784 710/1/1785
f 710/1/1785 687/1/1786 689/1/1783
f 690/1/1787 716/1/1788 715/1/1787
f 715/1/1787 688/1/1789 690/1/1787
f 717/1/1790 707/1/1790 689/1/1790
f 689/1/1790 691/1/1791 717/1/1790
f 716/1/1792 690/1/1792 692/1/1792
f 692/1/1792 718/1/1793 716/1/1792
f 719/1/1794 717/1/1794 691/1/1794
f 691/1/1794 693/1/1795 719/1/1794
f 694/1/1796 720/1/1796 718/1/1796
f 718/1/1796 692/1/1797 694/1/1796
f 721/1/1798 696/1/1799 695/1/1799
f 695/1/1799 722/1/1800 721/1/1798
f 723/1/1801 719/1/1801 693/1/1801
f 693/1/1801 697/1/1801 723/1/1801
f 698/1/1802 724/1/1803 720/1/1802
f 720/1/1802 694/1/1804 698/1/1802
f 722/1/1805 695/1/1806 699/1/1807
f 699/1/1807 725/1/1806 722/1/1805
f 723/1/1808 697/1/1809 700/1/1808
f 700/1/1808 726/1/1809 723/1/1808
f 701/1/1810 727/1/1811 724/1/1811
f 724/1/1811 698/1/1811 701/1/1810
f 702/1/1812 728/1/1812 725/1/1812
f 725/1/1812 699/1/1812 702/1/1812
f 703/1/1813 729/1/1813 726/1/1813
f 726/1/1813 700/1/1813 703/1/1813
f 704/1/1814 730/1/1815 727/1/1816
f 727/1/1816 701/1/1814 704/1/1814
f 728/1/1817 702/1/1818 705/1/1818
f 705/1/1818 731/1/1818 728/1/1817
f 706/1/1819 732/1/1820 729/1/1820
f 729/1/1820 703/1/1820 706/1/1819
f 645/1/1821 733/1/1822 730/1/1822
f 730/1/1822 704/1/1821 645/1/1821
f 679/1/1823 734/1/1823 731/1/1823
f 731/1/1823 705/1/1823 679/1/1823
f 721/1/1824 732/1/1825 706/1/1824
f 706/1/1824 696/1/1826 721/1/1824
f 644/1/1827 735/1/1827 733/1/1827
f 733/1/1827 645/1/1827 644/1/1827
f 680/1/1828 736/1/1828 734/1/1828
f 734/1/1828 679/1/1828 680/1/1828
f 681/1/1829 737/1/1829 735/1/1829
f 735/1/1829 644/1/1830 681/1/1829
f 736/1/1831 680/1/1831 682/1/1831
f 682/1/1831 738/1/1831 736/1/1831
f 678/1/1832 677/1/1832 737/1/1832
f 737/1/1832 681/1/1833 678/1/1832
f 712/1/1834 738/1/1834 682/1/1834
f 682/1/1834 683/1/1834 712/1/1834
f 739/1/1835 740/1/1836 741/1/1837
f 741/1/1837 742/1/1836 739/1/1835
f 743/1/1838 744/1/1838 715/1/1838
f 715/1/1838 716/1/1838 743/1/1838
f 745/1/1839 708/1/1840 707/1/1841
f 707/1/1841 717/1/1840 745/1/1839
f 718/1/1842 746/1/1842 743/1/1842
f 743/1/1842 716/1/1842 718/1/1842
f 747/1/1843 745/1/1844 717/1/1845
f 717/1/1845 719/1/1844 747/1/1843
f 720/1/1846 748/1/1846 746/1/1846
f 746/1/1846 718/1/1846 720/1/1846
f 721/1/1847 722/1/1847 749/1/1847
f 749/1/1847 750/1/1847 721/1/1847
f 723/1/1848 751/1/1848 747/1/1849
f 747/1/1849 719/1/1848 723/1/1848
f 748/1/1850 720/1/1850 724/1/1850
f 724/1/1850 752/1/1850 748/1/1850
f 725/1/1851 753/1/1851 749/1/1851
f 749/1/1851 722/1/1851 725/1/1851
f 751/1/1852 723/1/1853 726/1/1853
f 726/1/1853 754/1/1853 751/1/1852
f 727/1/1854 755/1/1854 752/1/1854
f 752/1/1854 724/1/1854 727/1/1854
f 728/1/1855 756/1/1855 753/1/1855
f 753/1/1855 725/1/1855 728/1/1855
f 757/1/1856 754/1/1857 726/1/1857
f 726/1/1857 729/1/1857 757/1/1856
f 758/1/1858 755/1/1858 727/1/1858
f 727/1/1858 730/1/1858 758/1/1858
f 731/1/1859 759/1/1859 756/1/1859
f 756/1/1859 728/1/1859 731/1/1859
f 732/1/1860 760/1/1860 757/1/1860
f 757/1/1860 729/1/1860 732/1/1860
f 758/1/1861 730/1/1862 733/1/1863
f 733/1/1863 741/1/1862 758/1/1861
f 734/1/1864 761/1/1864 759/1/1864
f 759/1/1864 731/1/1864 734/1/1864
f 750/1/1865 760/1/1865 732/1/1865
f 732/1/1865 721/1/1865 750/1/1865
f 735/1/1866 742/1/1867 741/1/1868
f 741/1/1868 733/1/1867 735/1/1866
f 761/1/1869 734/1/1869 736/1/1869
f 736/1/1869 762/1/1869 761/1/1869
f 742/1/1870 735/1/1870 737/1/1871
f 737/1/1871 763/1/1870 742/1/1870
f 738/1/1872 764/1/1872 762/1/1873
f 762/1/1873 736/1/1873 738/1/1872
f 763/1/1874 737/1/1875 677/1/1876
f 677/1/1876 765/1/1875 763/1/1874
f 766/1/1877 764/1/1877 738/1/1877
f 738/1/1877 712/1/1877 766/1/1877
f 767/1/1878 765/1/1878 677/1/1878
f 677/1/1878 676/1/1878 767/1/1878
f 768/1/1879 766/1/1879 712/1/1879
f 712/1/1879 711/1/1879 768/1/1879
f 713/1/1880 769/1/1881 767/1/1882
f 767/1/1882 676/1/1881 713/1/1880
f 714/1/1883 770/1/1883 768/1/1883
f 768/1/1883 711/1/1883 714/1/1883
f 769/1/1884 713/1/1885 710/1/1886
f 710/1/1886 709/1/1887 769/1/1884
f 714/1/1888 715/1/1888 744/1/1888
f 744/1/1888 770/1/1888 714/1/1888
f 771/1/1889 772/1/1890 773/1/1890
f 773/1/1890 774/1/1891 771/1/1889
f 761/1/1892 762/1/1893 775/1/1894
f 775/1/1894 776/1/1895 761/1/1892
f 763/1/1896 777/1/1896 739/1/1896
f 739/1/1896 742/1/1896 763/1/1896
f 778/1/1897 775/1/1897 762/1/1898
f 762/1/1898 764/1/1899 778/1/1897
f 765/1/1900 771/1/1900 777/1/1900
f 777/1/1900 763/1/1900 765/1/1900
f 766/1/1901 779/1/1902 778/1/1903
f 778/1/1903 764/1/1904 766/1/1901
f 771/1/1905 765/1/1906 767/1/1907
f 767/1/1907 772/1/1907 771/1/1905
f 768/1/1908 780/1/1909 779/1/1910
f 779/1/1910 766/1/1911 768/1/1908
f 769/1/1912 781/1/1913 772/1/1914
f 772/1/1914 767/1/1915 769/1/1912
f 768/1/1916 770/1/1917 782/1/1917
f 782/1/1917 780/1/1918 768/1/1916
f 769/1/1919 709/1/1920 783/1/1921
f 783/1/1921 781/1/1922 769/1/1919
f 744/1/1923 784/1/1924 782/1/1923
f 782/1/1923 770/1/1923 744/1/1923
f 785/1/1925 783/1/1926 709/1/1927
f 709/1/1927 708/1/1928 785/1/1925
f 786/1/1929 784/1/1930 744/1/1929
f 744/1/1929 743/1/1929 786/1/1929
f 785/1/1931 708/1/1932 745/1/1933
f 745/1/1933 787/1/1934 785/1/1931
f 788/1/1935 786/1/1936 743/1/1935
f 743/1/1935 746/1/1935 788/1/1935
f 747/1/1937 789/1/1938 787/1/1937
f 787/1/1937 745/1/1939 747/1/1937
f 746/1/1940 748/1/1940 790/1/1941
f 790/1/1941 788/1/1940 746/1/1940
f 791/1/1942 792/1/1942 750/1/1943
f 750/1/1943 749/1/1944 791/1/1942
f 747/1/1945 751/1/1945 793/1/1946
f 793/1/1946 789/1/1947 747/1/1945
f 790/1/1948 748/1/1949 752/1/1950
f 752/1/1950 794/1/1951 790/1/1948
f 791/1/1952 749/1/1953 753/1/1954
f 753/1/1954 795/1/1955 791/1/1952
f 754/1/1956 796/1/1957 793/1/1958
f 793/1/1958 751/1/1959 754/1/1956
f 752/1/1960 755/1/1961 797/1/1962
f 797/1/1962 794/1/1963 752/1/1960
f 753/1/1964 756/1/1965 798/1/1966
f 798/1/1966 795/1/1967 753/1/1964
f 799/1/1968 796/1/1969 754/1/1970
f 754/1/1970 757/1/1971 799/1/1968
f 758/1/1972 800/1/1973 797/1/1974
f 797/1/1974 755/1/1973 758/1/1972
f 801/1/1975 798/1/1976 756/1/1976
f 756/1/1976 759/1/1976 801/1/1975
f 802/1/1977 799/1/1978 757/1/1979
f 757/1/1979 760/1/1980 802/1/1977
f 800/1/1981 758/1/1982 741/1/1981
f 741/1/1981 740/1/1981 800/1/1981
f 761/1/1983 776/1/1984 801/1/1983
f 801/1/1983 759/1/1985 761/1/1983
f 760/1/1986 750/1/1987 792/1/1988
f 792/1/1988 802/1/1989 760/1/1986
f 803/1/1990 804/1/1990 805/1/1991
f 805/1/1991 806/1/1990 807/1/1992
f 805/1/1991 807/1/1992 808/1/1993
f 803/1/1990 805/1/1991 808/1/1993
f 809/1/1990 810/1/1990 811/1/1994
f 808/1/1993 809/1/1990 811/1/1994
f 811/1/1994 812/1/1990 813/1/1995
f 811/1/1994 813/1/1995 814/1/1996
f 808/1/1993 811/1/1994 814/1/1996
f 808/1/1993 814/1/1996 815/1/1990
f 808/1/1993 815/1/1990 816/1/1997
f 817/1/1990 818/1/1998 819/1/1990
f 816/1/1997 817/1/1990 819/1/1990
f 816/1/1997 819/1/1990 820/1/1998
f 816/1/1997 820/1/1998 821/1/1999
f 808/1/1993 816/1/1997 821/1/1999
f 808/1/1993 821/1/1999 822/1/2000
f 774/1/2001 773/1/1990 823/1/2002
f 822/1/2000 774/1/2001 823/1/2002
f 822/1/2000 823/1/2002 824/1/2003
f 822/1/2000 824/1/2003 825/1/2004
f 808/1/1993 822/1/2000 825/1/2004
f 808/1/1993 825/1/2004 826/1/1996
f 827/1/2005 828/1/1990 829/1/1998
f 826/1/1996 827/1/2005 829/1/1998
f 826/1/1996 829/1/1998 830/1/2006
f 808/1/1993 826/1/1996 830/1/2006
f 808/1/1993 830/1/2006 831/1/2007
f 808/1/1993 831/1/2007 832/1/2000
f 803/1/1990 808/1/1993 832/1/2000
f 811/1/2008 810/1/2009 779/1/2008
f 779/1/2008 780/1/2010 811/1/2008
f 823/1/2011 773/1/2011 772/1/2011
f 772/1/2011 781/1/2011 823/1/2011
f 780/1/2012 782/1/2012 812/1/2012
f 812/1/2012 811/1/2012 780/1/2012
f 783/1/2013 824/1/2014 823/1/2013
f 823/1/2013 781/1/2015 783/1/2013
f 813/1/2016 812/1/2017 782/1/2018
f 782/1/2018 784/1/2016 813/1/2016
f 785/1/2019 825/1/2020 824/1/2019
f 824/1/2019 783/1/2020 785/1/2019
f 786/1/2021 814/1/2022 813/1/2023
f 813/1/2023 784/1/2024 786/1/2021
f 825/1/2025 785/1/2025 787/1/2025
f 787/1/2025 826/1/2025 825/1/2025
f 788/1/2026 815/1/2027 814/1/2028
f 814/1/2028 786/1/2029 788/1/2026
f 826/1/2030 787/1/2031 789/1/2031
f 789/1/2031 827/1/2030 826/1/2030
f 815/1/2032 788/1/2033 790/1/2034
f 790/1/2034 816/1/2035 815/1/2032
f 803/1/2036 832/1/2037 792/1/2036
f 792/1/2036 791/1/2036 803/1/2036
f 789/1/2038 793/1/2038 828/1/2038
f 828/1/2038 827/1/2038 789/1/2038
f 817/1/2039 816/1/2040 790/1/2039
f 790/1/2039 794/1/2041 817/1/2039
f 804/1/2042 803/1/2043 791/1/2042
f 791/1/2042 795/1/2044 804/1/2042
f 829/1/2045 828/1/2046 793/1/2047
f 793/1/2047 796/1/2046 829/1/2045
f 794/1/2048 797/1/2048 818/1/2048
f 818/1/2048 817/1/2049 794/1/2048
f 798/1/2050 805/1/2050 804/1/2050
f 804/1/2050 795/1/2050 798/1/2050
f 799/1/2051 830/1/2052 829/1/2052
f 829/1/2052 796/1/2053 799/1/2051
f 819/1/2054 818/1/2055 797/1/2056
f 797/1/2056 800/1/2057 819/1/2054
f 805/1/2058 798/1/2058 801/1/2058
f 801/1/2058 806/1/2058 805/1/2058
f 802/1/2059 831/1/2059 830/1/2059
f 830/1/2059 799/1/2059 802/1/2059
f 740/1/2060 820/1/2060 819/1/2060
f 819/1/2060 800/1/2060 740/1/2060
f 807/1/2061 806/1/2062 801/1/2063
f 801/1/2063 776/1/2064 807/1/2061
f 831/1/2065 802/1/2066 792/1/2066
f 792/1/2066 832/1/2066 831/1/2065
f 739/1/2067 821/1/2068 820/1/2068
f 820/1/2068 740/1/2069 739/1/2067
f 775/1/2070 808/1/2071 807/1/2071
f 807/1/2071 776/1/2071 775/1/2070
f 821/1/2072 739/1/2072 777/1/2073
f 777/1/2073 822/1/2074 821/1/2072
f 778/1/2075 809/1/2075 808/1/2075
f 808/1/2075 775/1/2075 778/1/2075
f 822/1/2076 777/1/2077 771/1/2076
f 771/1/2076 774/1/2078 822/1/2076
f 809/1/2079 778/1/2079 779/1/2079
f 779/1/2079 810/1/2079 809/1/2079
f 833/1/2080 834/1/2080 835/1/2080
f 835/1/2080 836/1/2080 837/1/2080
f 833/1/2080 835/1/2080 837/1/2080
f 837/1/2080 838/1/2080 839/1/2080
f 839/1/2080 840/1/2080 841/1/2080
f 837/1/2080 839/1/2080 841/1/2080
f 833/1/2080 837/1/2080 841/1/2080
f 841/1/2080 842/1/2080 843/1/2080
f 843/1/2080 844/1/2080 845/1/2080
f 841/1/2080 843/1/2080 845/1/2080
f 845/1/2080 846/1/2080 847/1/2080
f 847/1/2080 848/1/2080 849/1/2080
f 845/1/2080 847/1/2080 849/1/2080
f 841/1/2080 845/1/2080 849/1/2080
f 849/1/2080 850/1/2080 851/1/2080
f 851/1/2080 852/1/2080 853/1/2080
f 849/1/2080 851/1/2080 853/1/2080
f 853/1/2080 854/1/2080 855/1/2080
f 855/1/2080 856/1/2080 857/1/2080
f 853/1/2080 855/1/2080 857/1/2080
f 849/1/2080 853/1/2080 857/1/2080
f 841/1/2080 849/1/2080 857/1/2080
f 833/1/2080 841/1/2080 857/1/2080
f 858/1/2080 859/1/2080 860/1/2080
f 857/1/2080 858/1/2080 860/1/2080
f 857/1/2080 860/1/2080 861/1/2080
f 833/1/2080 857/1/2080 861/1/2080
f 862/1/2080 833/1/2080 861/1/2080
f 862/1/2080 861/1/2080 863/1/2080
f 862/1/2080 863/1/2080 864/1/2080
f 865/1/2081 866/1/2081 867/1/2081
f 867/1/2081 868/1/2081 865/1/2081
f 869/1/2082 857/1/2083 856/1/2082
f 856/1/2082 870/1/2084 869/1/2082
f 842/1/2085 871/1/2085 872/1/2085
f 872/1/2085 843/1/2085 842/1/2085
f 856/1/2086 855/1/2087 873/1/2087
f 873/1/2087 870/1/2088 856/1/2086
f 841/1/2089 874/1/2090 871/1/2091
f 871/1/2091 842/1/2089 841/1/2089
f 854/1/2092 875/1/2093 873/1/2094
f 873/1/2094 855/1/2095 854/1/2092
f 840/1/2096 876/1/2097 874/1/2096
f 874/1/2096 841/1/2097 840/1/2096
f 853/1/2098 877/1/2099 875/1/2100
f 875/1/2100 854/1/2101 853/1/2098
f 839/1/2102 878/1/2103 876/1/2103
f 876/1/2103 840/1/2103 839/1/2102
f 852/1/2104 879/1/2105 877/1/2106
f 877/1/2106 853/1/2105 852/1/2104
f 838/1/2107 880/1/2108 878/1/2109
f 878/1/2109 839/1/2110 838/1/2107
f 851/1/2111 881/1/2112 879/1/2113
f 879/1/2113 852/1/2114 851/1/2111
f 882/1/2115 833/1/2116 862/1/2115
f 862/1/2115 883/1/2117 882/1/2115
f 837/1/2118 884/1/2119 880/1/2120
f 880/1/2120 838/1/2121 837/1/2118
f 850/1/2122 885/1/2122 881/1/2122
f 881/1/2122 851/1/2122 850/1/2122
f 883/1/2123 862/1/2124 864/1/2124
f 864/1/2124 886/1/2124 883/1/2123
f 836/1/2125 887/1/2126 884/1/2127
f 884/1/2127 837/1/2127 836/1/2125
f 849/1/2128 888/1/2129 885/1/2130
f 885/1/2130 850/1/2130 849/1/2128
f 886/1/2131 864/1/2132 863/1/2132
f 863/1/2132 868/1/2131 886/1/2131
f 835/1/2133 889/1/2133 887/1/2134
f 887/1/2134 836/1/2135 835/1/2133
f 848/1/2136 890/1/2136 888/1/2137
f 888/1/2137 849/1/2138 848/1/2136
f 863/1/2139 861/1/2140 865/1/2139
f 865/1/2139 868/1/2141 863/1/2139
f 834/1/2142 891/1/2143 889/1/2142
f 889/1/2142 835/1/2144 834/1/2142
f 847/1/2145 892/1/2145 890/1/2145
f 890/1/2145 848/1/2145 847/1/2145
f 860/1/2146 893/1/2146 865/1/2147
f 865/1/2147 861/1/2148 860/1/2146
f 834/1/2149 833/1/2150 882/1/2151
f 882/1/2151 891/1/2152 834/1/2149
f 846/1/2153 894/1/2154 892/1/2155
f 892/1/2155 847/1/2156 846/1/2153
f 895/1/2157 893/1/2158 860/1/2157
f 860/1/2157 859/1/2159 895/1/2157
f 845/1/2160 896/1/2161 894/1/2162
f 894/1/2162 846/1/2163 845/1/2160
f 858/1/2164 897/1/2165 895/1/2166
f 895/1/2166 859/1/2167 858/1/2164
f 844/1/2168 898/1/2168 896/1/2169
f 896/1/2169 845/1/2170 844/1/2168
f 869/1/2171 897/1/2172 858/1/2171
f 858/1/2171 857/1/2171 869/1/2171
f 843/1/2173 872/1/2174 898/1/2175
f 898/1/2175 844/1/2176 843/1/2173
f 899/1/2177 900/1/2177 867/1/2177
f 867/1/2177 866/1/2177 901/1/2177
f 899/1/2177 867/1/2177 901/1/2177
f 901/1/2177 902/1/2177 903/1/2177
f 901/1/2177 903/1/2177 904/1/2177
f 899/1/2177 901/1/2177 904/1/2177
f 899/1/2177 904/1/2177 905/1/2177
f 905/1/2177 906/1/2177 907/1/2177
f 907/1/2177 908/1/2177 909/1/2177
f 905/1/2177 907/1/2177 909/1/2177
f 909/1/2177 910/1/2177 911/1/2177
f 911/1/2177 912/1/2177 913/1/2177
f 909/1/2177 911/1/2177 913/1/2177
f 905/1/2177 909/1/2177 913/1/2177
f 913/1/2177 914/1/2177 915/1/2177
f 915/1/2177 916/1/2177 917/1/2177
f 913/1/2177 915/1/2177 917/1/2177
f 917/1/2177 918/1/2177 919/1/2177
f 919/1/2177 920/1/2177 921/1/2177
f 917/1/2177 919/1/2177 921/1/2177
f 913/1/2177 917/1/2177 921/1/2177
f 905/1/2177 913/1/2177 921/1/2177
f 921/1/2177 922/1/2177 923/1/2177
f 923/1/2177 924/1/2177 925/1/2177
f 921/1/2177 923/1/2177 925/1/2177
f 925/1/2177 926/1/2177 927/1/2177
f 925/1/2177 927/1/2177 928/1/2177
f 921/1/2177 925/1/2177 928/1/2177
f 905/1/2177 921/1/2177 928/1/2177
f 899/1/2177 905/1/2177 928/1/2177
f 891/1/2178 927/1/2179 926/1/2178
f 926/1/2178 889/1/2178 891/1/2178
f 892/1/2180 914/1/2181 913/1/2180
f 913/1/2180 890/1/2180 892/1/2180
f 893/1/2182 901/1/2182 866/1/2182
f 866/1/2182 865/1/2182 893/1/2182
f 891/1/2183 882/1/2184 928/1/2184
f 928/1/2184 927/1/2185 891/1/2183
f 894/1/2186 915/1/2187 914/1/2187
f 914/1/2187 892/1/2188 894/1/2186
f 895/1/2189 902/1/2189 901/1/2189
f 901/1/2189 893/1/2189 895/1/2189
f 896/1/2190 916/1/2190 915/1/2190
f 915/1/2190 894/1/2190 896/1/2190
f 897/1/2191 903/1/2192 902/1/2191
f 902/1/2191 895/1/2192 897/1/2191
f 898/1/2193 917/1/2193 916/1/2193
f 916/1/2193 896/1/2193 898/1/2193
f 869/1/2194 904/1/2195 903/1/2194
f 903/1/2194 897/1/2195 869/1/2194
f 872/1/2196 918/1/2196 917/1/2196
f 917/1/2196 898/1/2196 872/1/2196
f 870/1/2197 905/1/2198 904/1/2197
f 904/1/2197 869/1/2199 870/1/2197
f 871/1/2200 919/1/2200 918/1/2200
f 918/1/2200 872/1/2200 871/1/2200
f 873/1/2201 906/1/2202 905/1/2201
f 905/1/2201 870/1/2201 873/1/2201
f 874/1/2203 920/1/2204 919/1/2205
f 919/1/2205 871/1/2205 874/1/2203
f 875/1/2206 907/1/2206 906/1/2206
f 906/1/2206 873/1/2206 875/1/2206
f 876/1/2207 921/1/2208 920/1/2207
f 920/1/2207 874/1/2208 876/1/2207
f 877/1/2209 908/1/2209 907/1/2209
f 907/1/2209 875/1/2209 877/1/2209
f 878/1/2210 922/1/2211 921/1/2212
f 921/1/2212 876/1/2210 878/1/2210
f 879/1/2213 909/1/2213 908/1/2213
f 908/1/2213 877/1/2213 879/1/2213
f 880/1/2214 923/1/2214 922/1/2214
f 922/1/2214 878/1/2214 880/1/2214
f 881/1/2215 910/1/2215 909/1/2215
f 909/1/2215 879/1/2215 881/1/2215
f 883/1/2216 899/1/2216 928/1/2216
f 928/1/2216 882/1/2216 883/1/2216
f 884/1/2217 924/1/2217 923/1/2217
f 923/1/2217 880/1/2217 884/1/2217
f 885/1/2218 911/1/2218 910/1/2218
f 910/1/2218 881/1/2218 885/1/2218
f 886/1/2219 900/1/2220 899/1/2219
f 899/1/2219 883/1/2220 886/1/2219
f 887/1/2221 925/1/2221 924/1/2221
f 924/1/2221 884/1/2221 887/1/2221
f 888/1/2222 912/1/2222 911/1/2222
f 911/1/2222 885/1/2222 888/1/2222
f 868/1/2223 867/1/2223 900/1/2223
f 900/1/2223 886/1/2223 868/1/2223
f 889/1/2224 926/1/2225 925/1/2225
f 925/1/2225 887/1/2226 889/1/2224
f 890/1/2227 913/1/2228 912/1/2227
f 912/1/2227 888/1/2229 890/1/2227
f 929/1/2080 930/1/2080 931/1/2080
f 931/1/2080 932/1/2080 933/1/2080
f 929/1/2080 931/1/2080 933/1/2080
f 933/1/2080 934/1/2080 935/1/2080
f 935/1/2080 936/1/2080 937/1/2080
f 933/1/2080 935/1/2080 937/1/2080
f 929/1/2080 933/1/2080 937/1/2080
f 937/1/2080 938/1/2080 939/1/2080
f 939/1/2080 940/1/2080 941/1/2080
f 937/1/2080 939/1/2080 941/1/2080
f 941/1/2080 942/1/2080 943/1/2080
f 943/1/2080 944/1/2080 945/1/2080
f 941/1/2080 943/1/2080 945/1/2080
f 937/1/2080 941/1/2080 945/1/2080
f 945/1/2080 946/1/2080 947/1/2080
f 947/1/2080 948/1/2080 949/1/2080
f 945/1/2080 947/1/2080 949/1/2080
f 949/1/2080 950/1/2080 951/1/2080
f 951/1/2080 952/1/2080 953/1/2080
f 949/1/2080 951/1/2080 953/1/2080
f 945/1/2080 949/1/2080 953/1/2080
f 937/1/2080 945/1/2080 953/1/2080
f 929/1/2080 937/1/2080 953/1/2080
f 954/1/2080 955/1/2080 956/1/2080
f 953/1/2080 954/1/2080 956/1/2080
f 953/1/2080 956/1/2080 957/1/2080
f 929/1/2080 953/1/2080 957/1/2080
f 958/1/2080 929/1/2080 957/1/2080
f 958/1/2080 957/1/2080 959/1/2080
f 958/1/2080 959/1/2080 960/1/2080
f 961/1/2177 962/1/2177 963/1/2177
f 963/1/2177 964/1/2177 965/1/2177
f 961/1/2177 963/1/2177 965/1/2177
f 965/1/2177 966/1/2177 967/1/2177
f 967/1/2177 968/1/2177 969/1/2177
f 965/1/2177 967/1/2177 969/1/2177
f 961/1/2177 965/1/2177 969/1/2177
f 969/1/2177 970/1/2177 971/1/2177
f 971/1/2177 972/1/2177 973/1/2177
f 969/1/2177 971/1/2177 973/1/2177
f 973/1/2177 974/1/2177 975/1/2177
f 975/1/2177 976/1/2177 977/1/2177
f 973/1/2177 975/1/2177 977/1/2177
f 969/1/2177 973/1/2177 977/1/2177
f 961/1/2177 969/1/2177 977/1/2177
f 977/1/2177 978/1/2177 979/1/2177
f 979/1/2177 980/1/2177 981/1/2177
f 977/1/2177 979/1/2177 981/1/2177
f 981/1/2177 982/1/2177 983/1/2177
f 983/1/2177 984/1/2177 985/1/2177
f 981/1/2177 983/1/2177 985/1/2177
f 977/1/2177 981/1/2177 985/1/2177
f 985/1/2177 986/1/2177 987/1/2177
f 987/1/2177 988/1/2177 989/1/2177
f 985/1/2177 987/1/2177 989/1/2177
f 989/1/2177 990/1/2177 991/1/2177
f 989/1/2177 991/1/2177 992/1/2177
f 985/1/2177 989/1/2177 992/1/2177
f 977/1/2177 985/1/2177 992/1/2177
f 961/1/2177 977/1/2177 992/1/2177
f 954/1/2230 967/1/2231 966/1/2232
f 966/1/2232 955/1/2233 954/1/2230
f 940/1/2234 981/1/2235 980/1/2236
f 980/1/2236 941/1/2237 940/1/2234
f 968/1/2238 967/1/2239 954/1/2240
f 954/1/2240 953/1/2239 968/1/2238
f 939/1/2241 982/1/2242 981/1/2243
f 981/1/2243 940/1/2244 939/1/2241
f 968/1/2245 953/1/2246 952/1/2247
f 952/1/2247 969/1/2248 968/1/2245
f 938/1/2249 983/1/2250 982/1/2251
f 982/1/2251 939/1/2250 938/1/2249
f 952/1/2252 951/1/2253 970/1/2254
f 970/1/2254 969/1/2255 952/1/2252
f 937/1/2256 984/1/2257 983/1/2256
f 983/1/2256 938/1/2256 937/1/2256
f 950/1/2258 971/1/2258 970/1/2259
f 970/1/2259 951/1/2260 950/1/2258
f 936/1/2261 985/1/2261 984/1/2262
f 984/1/2262 937/1/2261 936/1/2261
f 949/1/2263 972/1/2264 971/1/2265
f 971/1/2265 950/1/2266 949/1/2263
f 935/1/2267 986/1/2267 985/1/2268
f 985/1/2268 936/1/2269 935/1/2267
f 948/1/2270 973/1/2271 972/1/2272
f 972/1/2272 949/1/2273 948/1/2270
f 934/1/2274 987/1/2275 986/1/2276
f 986/1/2276 935/1/2276 934/1/2274
f 947/1/2277 974/1/2278 973/1/2279
f 973/1/2279 948/1/2280 947/1/2277
f 992/1/2281 929/1/2282 958/1/2281
f 958/1/2281 961/1/2281 992/1/2281
f 933/1/2283 988/1/2284 987/1/2285
f 987/1/2285 934/1/2286 933/1/2283
f 946/1/2287 975/1/2288 974/1/2289
f 974/1/2289 947/1/2290 946/1/2287
f 961/1/2291 958/1/2292 960/1/2293
f 960/1/2293 962/1/2294 961/1/2291
f 932/1/2295 989/1/2296 988/1/2297
f 988/1/2297 933/1/2298 932/1/2295
f 945/1/2299 976/1/2300 975/1/2301
f 975/1/2301 946/1/2301 945/1/2299
f 962/1/2302 960/1/2303 959/1/2304
f 959/1/2304 963/1/2302 962/1/2302
f 931/1/2305 990/1/2306 989/1/2305
f 989/1/2305 932/1/2305 931/1/2305
f 944/1/2307 977/1/2308 976/1/2309
f 976/1/2309 945/1/2310 944/1/2307
f 959/1/2311 957/1/2312 964/1/2313
f 964/1/2313 963/1/2314 959/1/2311
f 930/1/2315 991/1/2315 990/1/2316
f 990/1/2316 931/1/2316 930/1/2315
f 943/1/2317 978/1/2318 977/1/2319
f 977/1/2319 944/1/2320 943/1/2317
f 956/1/2321 965/1/2322 964/1/2323
f 964/1/2323 957/1/2324 956/1/2321
f 930/1/2325 929/1/2326 992/1/2326
f 992/1/2326 991/1/2326 930/1/2325
f 942/1/2327 979/1/2328 978/1/2329
f 978/1/2329 943/1/2330 942/1/2327
f 966/1/2331 965/1/2332 956/1/2333
f 956/1/2333 955/1/2334 966/1/2331
f 941/1/2335 980/1/2336 979/1/2337
f 979/1/2337 942/1/2338 941/1/2335
f 993/1/2080 994/1/2080 995/1/2080
f 995/1/2080 996/1/2080 997/1/2080
f 993/1/2080 995/1/2080 997/1/2080
f 997/1/2080 998/1/2080 999/1/2080
f 999/1/2080 1000/1/2080 1001/1/2080
f 997/1/2080 999/1/2080 1001/1/2080
f 993/1/2080 997/1/2080 1001/1/2080
f 1001/1/2080 1002/1/2080 1003/1/2080
f 1003/1/2080 1004/1/2080 1005/1/2080
f 1001/1/2080 1003/1/2080 1005/1/2080
f 1005/1/2080 1006/1/2080 1007/1/2080
f 1007/1/2080 1008/1/2080 1009/1/2080
f 1005/1/2080 1007/1/2080 1009/1/2080
f 1001/1/2080 1005/1/2080 1009/1/2080
f 1009/1/2080 1010/1/2080 1011/1/2080
f 1011/1/2080 1012/1/2080 1013/1/2080
f 1009/1/2080 1011/1/2080 1013/1/2080
f 1013/1/2080 1014/1/2080 1015/1/2080
f 1015/1/2080 1016/1/2080 1017/1/2080
f 1013/1/2080 1015/1/2080 1017/1/2080
f 1009/1/2080 1013/1/2080 1017/1/2080
f 1001/1/2080 1009/1/2080 1017/1/2080
f 993/1/2080 1001/1/2080 1017/1/2080
f 1018/1/2080 1019/1/2080 1020/1/2080
f 1017/1/2080 1018/1/2080 1020/1/2080
f 1017/1/2080 1020/1/2080 1021/1/2080
f 993/1/2080 1017/1/2080 1021/1/2080
f 1022/1/2080 993/1/2080 1021/1/2080
f 1022/1/2080 1021/1/2080 1023/1/2080
f 1022/1/2080 1023/1/2080 1024/1/2080
f 1025/1/2339 1026/1/2339 1027/1/2339
f 1027/1/2339 1028/1/2339 1025/1/2339
f 995/1/2340 1029/1/2341 1030/1/2342
f 1030/1/2342 996/1/2343 995/1/2340
f 1008/1/2344 1031/1/2345 1032/1/2346
f 1032/1/2346 1009/1/2347 1008/1/2344
f 1023/1/2348 1021/1/2349 1033/1/2349
f 1033/1/2349 1034/1/2350 1023/1/2348
f 994/1/2351 1035/1/2352 1029/1/2351
f 1029/1/2351 995/1/2353 994/1/2351
f 1007/1/2354 1036/1/2355 1031/1/2356
f 1031/1/2356 1008/1/2357 1007/1/2354
f 1020/1/2358 1037/1/2358 1033/1/2359
f 1033/1/2359 1021/1/2360 1020/1/2358
f 994/1/2361 993/1/2362 1038/1/2363
f 1038/1/2363 1035/1/2364 994/1/2361
f 1006/1/2365 1039/1/2366 1036/1/2365
f 1036/1/2365 1007/1/2367 1006/1/2365
f 1040/1/2368 1037/1/2369 1020/1/2370
f 1020/1/2370 1019/1/2371 1040/1/2368
f 1005/1/2372 1041/1/2373 1039/1/2374
f 1039/1/2374 1006/1/2375 1005/1/2372
f 1018/1/2376 1042/1/2377 1040/1/2378
f 1040/1/2378 1019/1/2378 1018/1/2376
f 1004/1/2379 1043/1/2380 1041/1/2381
f 1041/1/2381 1005/1/2382 1004/1/2379
f 1044/1/2383 1042/1/2384 1018/1/2385
f 1018/1/2385 1017/1/2386 1044/1/2383
f 1003/1/2387 1045/1/2388 1043/1/2389
f 1043/1/2389 1004/1/2390 1003/1/2387
f 1044/1/2391 1017/1/2392 1016/1/2393
f 1016/1/2393 1046/1/2394 1044/1/2391
f 1002/1/2395 1047/1/2396 1045/1/2397
f 1045/1/2397 1003/1/2396 1002/1/2395
f 1016/1/2398 1015/1/2399 1048/1/2400
f 1048/1/2400 1046/1/2401 1016/1/2398
f 1001/1/2402 1028/1/2403 1047/1/2404
f 1047/1/2404 1002/1/2405 1001/1/2402
f 1014/1/2406 1049/1/2406 1048/1/2407
f 1048/1/2407 1015/1/2408 1014/1/2406
f 1000/1/2409 1025/1/2410 1028/1/2411
f 1028/1/2411 1001/1/2412 1000/1/2409
f 1013/1/2413 1050/1/2414 1049/1/2415
f 1049/1/2415 1014/1/2416 1013/1/2413
f 999/1/2417 1051/1/2418 1025/1/2419
f 1025/1/2419 1000/1/2419 999/1/2417
f 1012/1/2420 1052/1/2420 1050/1/2421
f 1050/1/2421 1013/1/2422 1012/1/2420
f 998/1/2423 1053/1/2424 1051/1/2424
f 1051/1/2424 999/1/2425 998/1/2423
f 1011/1/2426 1054/1/2427 1052/1/2426
f 1052/1/2426 1012/1/2428 1011/1/2426
f 1038/1/2429 993/1/2430 1022/1/2431
f 1022/1/2431 1055/1/2432 1038/1/2429
f 997/1/2433 1056/1/2434 1053/1/2435
f 1053/1/2435 998/1/2436 997/1/2433
f 1010/1/2437 1057/1/2438 1054/1/2439
f 1054/1/2439 1011/1/2440 1010/1/2437
f 1055/1/2441 1022/1/2442 1024/1/2443
f 1024/1/2443 1058/1/2444 1055/1/2441
f 996/1/2445 1030/1/2446 1056/1/2447
f 1056/1/2447 997/1/2447 996/1/2445
f 1009/1/2448 1032/1/2449 1057/1/2450
f 1057/1/2450 1010/1/2451 1009/1/2448
f 1058/1/2452 1024/1/2453 1023/1/2454
f 1023/1/2454 1034/1/2455 1058/1/2452
f 1059/1/2177 1060/1/2177 1061/1/2177
f 1061/1/2177 1062/1/2177 1063/1/2177
f 1059/1/2177 1061/1/2177 1063/1/2177
f 1063/1/2177 1064/1/2177 1065/1/2177
f 1063/1/2177 1065/1/2177 1066/1/2177
f 1059/1/2177 1063/1/2177 1066/1/2177
f 1059/1/2177 1066/1/2177 1067/1/2177
f 1067/1/2177 1068/1/2177 1069/1/2177
f 1069/1/2177 1070/1/2177 1071/1/2177
f 1067/1/2177 1069/1/2177 1071/1/2177
f 1071/1/2177 1072/1/2177 1073/1/2177
f 1073/1/2177 1074/1/2177 1075/1/2177
f 1071/1/2177 1073/1/2177 1075/1/2177
f 1067/1/2177 1071/1/2177 1075/1/2177
f 1075/1/2177 1076/1/2177 1077/1/2177
f 1077/1/2177 1078/1/2177 1079/1/2177
f 1075/1/2177 1077/1/2177 1079/1/2177
f 1079/1/2177 1080/1/2177 1081/1/2177
f 1081/1/2177 1027/1/2177 1026/1/2177
f 1079/1/2177 1081/1/2177 1026/1/2177
f 1075/1/2177 1079/1/2177 1026/1/2177
f 1067/1/2177 1075/1/2177 1026/1/2177
f 1026/1/2177 1082/1/2177 1083/1/2177
f 1083/1/2177 1084/1/2177 1085/1/2177
f 1026/1/2177 1083/1/2177 1085/1/2177
f 1085/1/2177 1086/1/2177 1087/1/2177
f 1085/1/2177 1087/1/2177 1088/1/2177
f 1026/1/2177 1085/1/2177 1088/1/2177
f 1067/1/2177 1026/1/2177 1088/1/2177
f 1059/1/2177 1067/1/2177 1088/1/2177
f 1050/1/2209 1070/1/2456 1069/1/2209
f 1069/1/2209 1049/1/2456 1050/1/2209
f 1051/1/2211 1082/1/2211 1026/1/2211
f 1026/1/2211 1025/1/2211 1051/1/2211
f 1052/1/2213 1071/1/2457 1070/1/2213
f 1070/1/2213 1050/1/2458 1052/1/2213
f 1053/1/2459 1083/1/2459 1082/1/2459
f 1082/1/2459 1051/1/2459 1053/1/2459
f 1054/1/2460 1072/1/2460 1071/1/2460
f 1071/1/2460 1052/1/2460 1054/1/2460
f 1055/1/2461 1059/1/2461 1088/1/2461
f 1088/1/2461 1038/1/2462 1055/1/2461
f 1056/1/2463 1084/1/2464 1083/1/2463
f 1083/1/2463 1053/1/2465 1056/1/2463
f 1057/1/2218 1073/1/2218 1072/1/2218
f 1072/1/2218 1054/1/2218 1057/1/2218
f 1058/1/2220 1060/1/2220 1059/1/2220
f 1059/1/2220 1055/1/2220 1058/1/2220
f 1030/1/2466 1085/1/2467 1084/1/2466
f 1084/1/2466 1056/1/2467 1030/1/2466
f 1032/1/2468 1074/1/2468 1073/1/2468
f 1073/1/2468 1057/1/2469 1032/1/2468
f 1034/1/2470 1061/1/2470 1060/1/2470
f 1060/1/2470 1058/1/2470 1034/1/2470
f 1029/1/2224 1086/1/2224 1085/1/2224
f 1085/1/2224 1030/1/2224 1029/1/2224
f 1031/1/2227 1075/1/2227 1074/1/2227
f 1074/1/2227 1032/1/2471 1031/1/2227
f 1033/1/2472 1062/1/2473 1061/1/2472
f 1061/1/2472 1034/1/2474 1033/1/2472
f 1035/1/2178 1087/1/2178 1086/1/2178
f 1086/1/2178 1029/1/2178 1035/1/2178
f 1036/1/2180 1076/1/2180 1075/1/2180
f 1075/1/2180 1031/1/2180 1036/1/2180
f 1037/1/2475 1063/1/2475 1062/1/2475
f 1062/1/2475 1033/1/2475 1037/1/2475
f 1035/1/2183 1038/1/2476 1088/1/2183
f 1088/1/2183 1087/1/2183 1035/1/2183
f 1039/1/2186 1077/1/2186 1076/1/2186
f 1076/1/2186 1036/1/2186 1039/1/2186
f 1040/1/2477 1064/1/2477 1063/1/2477
f 1063/1/2477 1037/1/2477 1040/1/2477
f 1041/1/2478 1078/1/2479 1077/1/2479
f 1077/1/2479 1039/1/2478 1041/1/2478
f 1042/1/2480 1065/1/2480 1064/1/2480
f 1064/1/2480 1040/1/2480 1042/1/2480
f 1043/1/2481 1079/1/2481 1078/1/2481
f 1078/1/2481 1041/1/2481 1043/1/2481
f 1044/1/2482 1066/1/2482 1065/1/2482
f 1065/1/2482 1042/1/2482 1044/1/2482
f 1045/1/2483 1080/1/2483 1079/1/2483
f 1079/1/2483 1043/1/2483 1045/1/2483
f 1046/1/2197 1067/1/2197 1066/1/2197
f 1066/1/2197 1044/1/2197 1046/1/2197
f 1047/1/2200 1081/1/2200 1080/1/2200
f 1080/1/2200 1045/1/2200 1047/1/2200
f 1048/1/2201 1068/1/2201 1067/1/2201
f 1067/1/2201 1046/1/2201 1048/1/2201
f 1028/1/2203 1027/1/2203 1081/1/2203
f 1081/1/2203 1047/1/2203 1028/1/2203
f 1049/1/2484 1069/1/2484 1068/1/2484
f 1068/1/2484 1048/1/2484 1049/1/2484
f 1089/2/2485 1090/3/2485 1091/4/2485
f 1091/4/2485 1092/5/2485 1089/2/2485
f 1090/3/2486 1093/6/2486 1094/7/2486
f 1094/7/2486 1091/4/2486 1090/3/2486
f 1093/6/2487 1095/8/2487 1096/9/2487
f 1096/9/2487 1094/7/2488 1093/6/2487
f 1095/8/2489 1097/10/2489 1098/11/2489
f 1098/11/2489 1096/9/2489 1095/8/2489
f 1099/12/2490 1100/13/2491 1098/11/2491
f 1098/11/2491 1097/10/2492 1099/12/2490
f 1101/14/2493 1100/13/2493 1099/12/2494
f 1099/12/2494 1102/15/2494 1101/14/2493
f 1103/16/2495 1101/14/2495 1102/15/2495
f 1102/15/2495 1104/17/2495 1103/16/2495
f 1105/18/2496 1106/19/2497 1103/16/2496
f 1103/16/2496 1104/17/2498 1105/18/2496
f 1107/20/2499 1106/19/2499 1105/18/2499
f 1105/18/2499 1108/21/2499 1107/20/2499
f 1109/22/2500 1107/20/2500 1108/21/2500
f 1108/21/2500 1110/23/2500 1109/22/2500
f 1111/24/2501 1109/22/2501 1110/23/2501
f 1110/23/2501 1112/25/2501 1111/24/2501
f 1113/26/2502 1114/27/2502 1111/24/2502
f 1111/24/2502 1112/25/2502 1113/26/2502
f 1115/28/2503 1114/27/2503 1113/26/2503
f 1113/26/2503 1116/29/2504 1115/28/2503
f 1117/30/2505 1115/28/2505 1116/29/2505
f 1116/29/2505 1118/31/2505 1117/30/2505
f 1119/32/2506 1117/30/2507 1118/31/2506
f 1118/31/2506 1120/33/2506 1119/32/2506
f 1121/34/2508 1119/32/2508 1120/33/2509
f 1120/33/2509 1122/35/2508 1121/34/2508
f 1123/36/2510 1121/34/2511 1122/35/2510
f 1122/35/2510 1124/37/2510 1123/36/2510
f 1125/38/2512 1123/36/2512 1124/37/2513
f 1124/37/2513 1126/39/2513 1125/38/2512
f 1127/40/2514 1125/38/2514 1126/39/2514
f 1126/39/2514 1128/41/2514 1127/40/2514
f 1129/42/2515 1130/43/2515 1127/40/2515
f 1127/40/2515 1128/41/2515 1129/42/2515
f 1129/42/2516 1131/44/2516 1132/45/2516
f 1132/45/2516 1130/43/2516 1129/42/2516
f 1133/46/2517 1132/45/2517 1131/44/2518
f 1131/44/2518 1134/47/2518 1133/46/2517
f 1135/48/2519 1133/46/2519 1134/47/2519
f 1134/47/2519 1136/49/2519 1135/48/2519
f 1137/50/2520 1138/51/2520 1135/48/2520
f 1135/48/2520 1136/49/2520 1137/50/2520
f 1139/52/2521 1140/53/2521 1138/51/2521
f 1138/51/2521 1137/50/2521 1139/52/2521
f 1141/54/2522 1140/53/2522 1139/52/2522
f 1139/52/2522 1142/55/2522 1141/54/2522
f 1143/56/2523 1144/57/2523 1141/54/2523
f 1141/54/2523 1142/55/2523 1143/56/2523
f 1145/58/2524 1144/57/2524 1143/56/2524
f 1143/56/2524 1146/59/2524 1145/58/2524
f 1147/60/2525 1145/58/2526 1146/59/2525
f 1146/59/2525 1148/61/2526 1147/60/2525
f 1149/62/2527 1150/63/2527 1147/60/2528
f 1147/60/2528 1148/61/2527 1149/62/2527
f 1105/18/2529 1151/18/2529 1152/21/2529
f 1152/21/2529 1108/21/2529 1105/18/2529
f 1153/64/2530 1154/65/2530 1150/63/2530
f 1150/63/2530 1149/62/2530 1153/64/2530
f 1154/65/2531 1153/64/2532 1089/66/2533
f 1089/66/2533 1092/67/2534 1154/65/2531
f 1091/68/2080 1094/69/2080 1096/70/2080
f 1091/68/2080 1096/70/2080 1098/71/2080
f 1098/71/2080 1100/72/2535 1101/73/2080
f 1101/73/2080 1103/74/2536 1106/75/2080
f 1106/75/2080 1107/76/2537 1109/77/2080
f 1101/73/2080 1106/75/2080 1109/77/2080
f 1098/71/2080 1101/73/2080 1109/77/2080
f 1109/77/2080 1111/78/2538 1114/79/2080
f 1114/79/2080 1115/80/2535 1117/81/2080
f 1109/77/2080 1114/79/2080 1117/81/2080
f 1117/81/2080 1119/82/2536 1121/83/2080
f 1121/83/2080 1123/84/2539 1125/85/2080
f 1117/81/2080 1121/83/2080 1125/85/2080
f 1125/85/2080 1127/86/2080 1130/87/2537
f 1130/87/2537 1132/88/2536 1133/89/2080
f 1125/85/2080 1130/87/2537 1133/89/2080
f 1133/89/2080 1135/90/2535 1138/91/2080
f 1138/91/2080 1140/92/2538 1141/93/2080
f 1133/89/2080 1138/91/2080 1141/93/2080
f 1125/85/2080 1133/89/2080 1141/93/2080
f 1117/81/2080 1125/85/2080 1141/93/2080
f 1109/77/2080 1117/81/2080 1141/93/2080
f 1098/71/2080 1109/77/2080 1141/93/2080
f 1141/93/2080 1144/94/2080 1145/95/2080
f 1145/95/2080 1147/96/2536 1150/97/2080
f 1141/93/2080 1145/95/2080 1150/97/2080
f 1098/71/2080 1141/93/2080 1150/97/2080
f 1091/68/2080 1098/71/2080 1150/97/2080
f 1092/98/2080 1091/68/2080 1150/97/2080
f 1092/98/2080 1150/97/2080 1154/99/2535
f 1155/8/2540 1156/8/2541 1157/10/2541
f 1157/10/2541 1158/10/2542 1155/8/2540
f 1159/39/2543 1126/39/2544 1124/37/2543
f 1124/37/2543 1160/37/2544 1159/39/2543
f 1161/56/2545 1143/56/2545 1142/55/2545
f 1142/55/2545 1162/55/2546 1161/56/2545
f 1163/12/2547 1099/12/2547 1097/10/2547
f 1097/10/2547 1158/10/2547 1163/12/2547
f 1164/31/2548 1118/31/2548 1116/29/2548
f 1116/29/2548 1165/29/2549 1164/31/2548
f 1166/49/2550 1136/49/2551 1134/47/2552
f 1134/47/2552 1167/47/2550 1166/49/2550
f 1090/3/2553 1089/2/2553 1168/2/2553
f 1168/2/2553 1169/3/2553 1090/3/2553
f 1153/64/2554 1170/64/2554 1168/66/2554
f 1168/66/2554 1089/66/2555 1153/64/2554
f 1171/23/2556 1110/23/2557 1108/21/2557
f 1108/21/2557 1152/21/2557 1171/23/2556
f 1172/41/2558 1128/41/2559 1126/39/2560
f 1126/39/2560 1159/39/2558 1172/41/2558
f 1161/56/2561 1173/59/2561 1146/59/2561
f 1146/59/2561 1143/56/2562 1161/56/2561
f 1174/15/2563 1102/15/2563 1099/12/2563
f 1099/12/2563 1163/12/2563 1174/15/2563
f 1175/33/2564 1120/33/2565 1118/31/2565
f 1118/31/2565 1164/31/2565 1175/33/2564
f 1176/50/2566 1137/50/2566 1136/49/2566
f 1136/49/2566 1166/49/2566 1176/50/2566
f 1169/3/2567 1177/6/2568 1093/6/2569
f 1093/6/2569 1090/3/2569 1169/3/2567
f 1178/25/2570 1112/25/2571 1110/23/2571
f 1110/23/2571 1171/23/2571 1178/25/2570
f 1172/41/2572 1179/42/2572 1129/42/2573
f 1129/42/2573 1128/41/2574 1172/41/2572
f 1148/61/2575 1146/59/2575 1173/59/2575
f 1173/59/2575 1180/61/2575 1148/61/2575
f 1181/17/2576 1104/17/2576 1102/15/2576
f 1102/15/2576 1174/15/2576 1181/17/2576
f 1182/35/2577 1122/35/2577 1120/33/2577
f 1120/33/2577 1175/33/2577 1182/35/2577
f 1183/52/2578 1139/52/2579 1137/50/2578
f 1137/50/2578 1176/50/2578 1183/52/2578
f 1155/8/2580 1095/8/2580 1093/6/2580
f 1093/6/2580 1177/6/2580 1155/8/2580
f 1184/26/2581 1113/26/2581 1112/25/2581
f 1112/25/2581 1178/25/2581 1184/26/2581
f 1185/44/2582 1131/44/2582 1129/42/2582
f 1129/42/2582 1179/42/2583 1185/44/2582
f 1149/62/2584 1148/61/2584 1180/61/2585
f 1180/61/2585 1186/62/2584 1149/62/2584
f 1104/17/2586 1181/17/2586 1151/18/2586
f 1151/18/2586 1105/18/2586 1104/17/2586
f 1160/37/2587 1124/37/2588 1122/35/2588
f 1122/35/2588 1182/35/2587 1160/37/2587
f 1162/55/2589 1142/55/2590 1139/52/2589
f 1139/52/2589 1183/52/2591 1162/55/2589
f 1097/10/2592 1095/8/2592 1155/8/2593
f 1155/8/2593 1158/10/2592 1097/10/2592
f 1165/29/2594 1116/29/2595 1113/26/2595
f 1113/26/2595 1184/26/2594 1165/29/2594
f 1167/47/2596 1134/47/2597 1131/44/2596
f 1131/44/2596 1185/44/2598 1167/47/2596
f 1153/64/2599 1149/62/2599 1186/62/2599
f 1186/62/2599 1170/64/2600 1153/64/2599
f 1187/100/2601 1188/101/2602 1189/102/2601
f 1189/102/2601 1190/103/2603 1191/104/2601
f 1187/100/2601 1189/102/2601 1191/104/2601
f 1191/104/2601 1192/105/2604 1193/106/2605
f 1193/106/2605 1194/107/2606 1195/108/2601
f 1191/104/2601 1193/106/2605 1195/108/2601
f 1195/108/2601 1196/109/2607 1197/110/2608
f 1197/110/2608 1198/111/2609 1199/112/2601
f 1195/108/2601 1197/110/2608 1199/112/2601
f 1191/104/2601 1195/108/2601 1199/112/2601
f 1199/112/2601 1200/113/2610 1201/114/2611
f 1201/114/2611 1202/115/2612 1203/116/2601
f 1199/112/2601 1201/114/2611 1203/116/2601
f 1203/116/2601 1204/117/2613 1205/118/2604
f 1205/118/2604 1206/119/2614 1207/120/2601
f 1203/116/2601 1205/118/2604 1207/120/2601
f 1199/112/2601 1203/116/2601 1207/120/2601
f 1191/104/2601 1199/112/2601 1207/120/2601
f 1207/120/2601 1208/121/2615 1209/122/2609
f 1209/122/2609 1210/123/2616 1211/124/2601
f 1207/120/2601 1209/122/2609 1211/124/2601
f 1207/120/2601 1211/124/2601 1212/125/2601
f 1191/104/2601 1207/120/2601 1212/125/2601
f 1212/125/2601 1213/126/2617 1214/127/2618
f 1214/127/2618 1215/128/2607 1157/129/2601
f 1212/125/2601 1214/127/2618 1157/129/2601
f 1191/104/2601 1212/125/2601 1157/129/2601
f 1187/100/2601 1191/104/2601 1157/129/2601
f 1187/100/2601 1157/129/2601 1156/130/2619
f 1187/100/2601 1156/130/2619 1216/131/2620
f 1186/62/2621 1190/62/2622 1189/64/2623
f 1189/64/2623 1170/64/2624 1186/62/2621
f 1160/37/2625 1203/37/2626 1202/39/2627
f 1202/39/2627 1159/39/2625 1160/37/2625
f 1158/10/2628 1157/10/2629 1215/12/2629
f 1215/12/2629 1163/12/2628 1158/10/2628
f 1170/64/2630 1189/64/2631 1188/66/2632
f 1188/66/2632 1168/66/2630 1170/64/2630
f 1159/39/2633 1202/39/2633 1201/41/2633
f 1201/41/2633 1172/41/2634 1159/39/2633
f 1163/12/2635 1215/12/2635 1214/15/2635
f 1214/15/2635 1174/15/2635 1163/12/2635
f 1172/41/2636 1201/41/2637 1200/42/2637
f 1200/42/2637 1179/42/2636 1172/41/2636
f 1174/15/2638 1214/15/2639 1213/17/2639
f 1213/17/2639 1181/17/2640 1174/15/2638
f 1179/42/2641 1200/42/2641 1199/44/2641
f 1199/44/2641 1185/44/2642 1179/42/2641
f 1151/18/2643 1181/17/2643 1213/17/2644
f 1213/17/2644 1212/18/2644 1151/18/2643
f 1185/44/2645 1199/44/2646 1198/47/2647
f 1198/47/2647 1167/47/2645 1185/44/2645
f 1151/18/2648 1212/18/2649 1211/21/2649
f 1211/21/2649 1152/21/2648 1151/18/2648
f 1167/47/2650 1198/47/2651 1197/49/2651
f 1197/49/2651 1166/49/2650 1167/47/2650
f 1152/21/2652 1211/21/2653 1210/23/2654
f 1210/23/2654 1171/23/2652 1152/21/2652
f 1166/49/2655 1197/49/2656 1196/50/2655
f 1196/50/2655 1176/50/2657 1166/49/2655
f 1171/23/2658 1210/23/2659 1209/25/2659
f 1209/25/2659 1178/25/2660 1171/23/2658
f 1176/50/2661 1196/50/2662 1195/52/2662
f 1195/52/2662 1183/52/2661 1176/50/2661
f 1178/25/2663 1209/25/2663 1208/26/2663
f 1208/26/2663 1184/26/2663 1178/25/2663
f 1183/52/2664 1195/52/2665 1194/55/2665
f 1194/55/2665 1162/55/2664 1183/52/2664
f 1184/26/2666 1208/26/2667 1207/29/2667
f 1207/29/2667 1165/29/2666 1184/26/2666
f 1162/55/2668 1194/55/2668 1193/56/2668
f 1193/56/2668 1161/56/2668 1162/55/2668
f 1165/29/2669 1207/29/2669 1206/31/2669
f 1206/31/2669 1164/31/2669 1165/29/2669
f 1168/2/2670 1188/2/2670 1187/3/2670
f 1187/3/2670 1169/3/2670 1168/2/2670
f 1161/56/2671 1193/56/2672 1192/59/2671
f 1192/59/2671 1173/59/2671 1161/56/2671
f 1164/31/2673 1206/31/2674 1205/33/2674
f 1205/33/2674 1175/33/2673 1164/31/2673
f 1169/3/2675 1187/3/2676 1216/6/2677
f 1216/6/2677 1177/6/2675 1169/3/2675
f 1173/59/2678 1192/59/2678 1191/61/2678
f 1191/61/2678 1180/61/2678 1173/59/2678
f 1175/33/2679 1205/33/2680 1204/35/2680
f 1204/35/2680 1182/35/2679 1175/33/2679
f 1177/6/2681 1216/6/2682 1156/8/2682
f 1156/8/2682 1155/8/2681 1177/6/2681
f 1180/61/2683 1191/61/2684 1190/62/2685
f 1190/62/2685 1186/62/2685 1180/61/2683
f 1182/35/2686 1204/35/2687 1203/37/2687
f 1203/37/2687 1160/37/2686 1182/35/2686
f 1217/3/2688 1218/4/2689 1219/5/2688
f 1219/5/2688 1220/2/2689 1217/3/2688
f 1221/7/2690 1218/4/2690 1217/3/2690
f 1217/3/2690 1222/6/2690 1221/7/2690
f 1223/8/2691 1224/9/2691 1221/7/2691
f 1221/7/2691 1222/6/2691 1223/8/2691
f 1225/11/2692 1224/9/2692 1223/8/2692
f 1223/8/2692 1226/10/2692 1225/11/2692
f 1227/12/2693 1228/13/2693 1225/11/2693
f 1225/11/2693 1226/10/2693 1227/12/2693
f 1229/14/2694 1228/13/2694 1227/12/2694
f 1227/12/2694 1230/15/2694 1229/14/2694
f 1231/16/2695 1229/14/2695 1230/15/2696
f 1230/15/2696 1232/17/2696 1231/16/2695
f 1233/18/2697 1234/19/2698 1231/16/2698
f 1231/16/2698 1232/17/2697 1233/18/2697
f 1235/20/2699 1234/19/2699 1233/18/2699
f 1233/18/2699 1236/21/2699 1235/20/2699
f 1237/23/2700 1238/22/2700 1235/20/2700
f 1235/20/2700 1236/21/2701 1237/23/2700
f 1239/25/2702 1240/24/2702 1238/22/2702
f 1238/22/2702 1237/23/2703 1239/25/2702
f 1241/27/2704 1240/24/2704 1239/25/2705
f 1239/25/2705 1242/26/2705 1241/27/2704
f 1243/29/2706 1244/28/2706 1241/27/2706
f 1241/27/2706 1242/26/2706 1243/29/2706
f 1245/31/2707 1246/30/2707 1244/28/2707
f 1244/28/2707 1243/29/2707 1245/31/2707
f 1247/32/2708 1246/30/2709 1245/31/2710
f 1245/31/2710 1248/33/2711 1247/32/2708
f 1248/33/2712 1249/35/2712 1250/34/2712
f 1250/34/2712 1247/32/2712 1248/33/2712
f 1251/37/2713 1252/36/2714 1250/34/2714
f 1250/34/2714 1249/35/2713 1251/37/2713
f 1253/38/2715 1252/36/2715 1251/37/2715
f 1251/37/2715 1254/39/2715 1253/38/2715
f 1255/40/2716 1253/38/2716 1254/39/2716
f 1254/39/2716 1256/41/2716 1255/40/2716
f 1257/42/2717 1258/43/2717 1255/40/2717
f 1255/40/2717 1256/41/2717 1257/42/2717
f 1259/45/2718 1258/43/2718 1257/42/2718
f 1257/42/2718 1260/44/2718 1259/45/2718
f 1261/47/2719 1262/46/2719 1259/45/2719
f 1259/45/2719 1260/44/2719 1261/47/2719
f 1263/49/2720 1264/48/2720 1262/46/2720
f 1262/46/2720 1261/47/2720 1263/49/2720
f 1265/51/2721 1264/48/2721 1263/49/2721
f 1263/49/2721 1266/50/2721 1265/51/2721
f 1267/53/2722 1265/51/2722 1266/50/2722
f 1266/50/2722 1268/52/2722 1267/53/2722
f 1269/55/2723 1270/54/2724 1267/53/2724
f 1267/53/2724 1268/52/2723 1269/55/2723
f 1271/57/2725 1270/54/2725 1269/55/2725
f 1269/55/2725 1272/56/2725 1271/57/2725
f 1273/59/2726 1274/58/2726 1271/57/2726
f 1271/57/2726 1272/56/2726 1273/59/2726
f 1275/61/2727 1276/60/2727 1274/58/2727
f 1274/58/2727 1273/59/2727 1275/61/2727
f 1277/63/2728 1276/60/2728 1275/61/2728
f 1275/61/2728 1278/62/2728 1277/63/2728
f 1279/21/2729 1236/21/2729 1233/18/2729
f 1233/18/2729 1280/18/2729 1279/21/2729
f 1281/64/2730 1282/65/2731 1277/63/2731
f 1277/63/2731 1278/62/2730 1281/64/2730
f 1281/64/2732 1220/66/2733 1219/67/2734
f 1219/67/2734 1282/65/2735 1281/64/2732
f 1219/98/2080 1218/68/2080 1221/69/2080
f 1221/69/2080 1224/70/2538 1225/71/2080
f 1219/98/2080 1221/69/2080 1225/71/2080
f 1228/72/2080 1229/73/2080 1231/74/2080
f 1225/71/2080 1228/72/2080 1231/74/2080
f 1225/71/2080 1231/74/2080 1234/75/2080
f 1234/75/2080 1235/76/2535 1238/77/2080
f 1225/71/2080 1234/75/2080 1238/77/2080
f 1225/71/2080 1238/77/2080 1240/78/2080
f 1240/78/2080 1241/79/2080 1244/80/2080
f 1225/71/2080 1240/78/2080 1244/80/2080
f 1225/71/2080 1244/80/2080 1246/81/2080
f 1246/81/2080 1247/82/2080 1250/83/2080
f 1225/71/2080 1246/81/2080 1250/83/2080
f 1225/71/2080 1250/83/2080 1252/84/2080
f 1252/84/2080 1253/85/2538 1255/86/2080
f 1225/71/2080 1252/84/2080 1255/86/2080
f 1225/71/2080 1255/86/2080 1258/87/2080
f 1258/87/2080 1259/88/2538 1262/89/2080
f 1225/71/2080 1258/87/2080 1262/89/2080
f 1225/71/2080 1262/89/2080 1264/90/2080
f 1264/90/2080 1265/91/2736 1267/92/2080
f 1225/71/2080 1264/90/2080 1267/92/2080
f 1225/71/2080 1267/92/2080 1270/93/2080
f 1270/93/2080 1271/94/2737 1274/95/2080
f 1225/71/2080 1270/93/2080 1274/95/2080
f 1225/71/2080 1274/95/2080 1276/96/2080
f 1219/98/2080 1225/71/2080 1276/96/2080
f 1219/98/2080 1276/96/2080 1277/97/2738
f 1219/98/2080 1277/97/2738 1282/99/2080
f 1283/10/2739 1284/8/2739 1285/8/2739
f 1285/8/2739 1286/10/2740 1283/10/2739
f 1287/39/2741 1254/39/2742 1251/37/2741
f 1251/37/2741 1288/37/2741 1287/39/2741
f 1289/56/2743 1272/56/2744 1269/55/2743
f 1269/55/2743 1290/55/2743 1289/56/2743
f 1226/10/2745 1283/10/2745 1291/12/2745
f 1291/12/2745 1227/12/2745 1226/10/2745
f 1243/29/2746 1292/29/2746 1293/31/2746
f 1293/31/2746 1245/31/2747 1243/29/2746
f 1263/49/2748 1261/47/2748 1294/47/2748
f 1294/47/2748 1295/49/2749 1263/49/2748
f 1220/2/2750 1296/2/2750 1297/3/2750
f 1297/3/2750 1217/3/2751 1220/2/2750
f 1220/66/2752 1281/64/2752 1298/64/2753
f 1298/64/2753 1296/66/2753 1220/66/2752
f 1279/21/2754 1299/23/2754 1237/23/2754
f 1237/23/2754 1236/21/2754 1279/21/2754
f 1287/39/2755 1300/41/2755 1256/41/2755
f 1256/41/2755 1254/39/2756 1287/39/2755
f 1289/56/2757 1301/59/2757 1273/59/2758
f 1273/59/2758 1272/56/2759 1289/56/2757
f 1302/15/2760 1230/15/2761 1227/12/2761
f 1227/12/2761 1291/12/2760 1302/15/2760
f 1303/33/2762 1248/33/2762 1245/31/2762
f 1245/31/2762 1293/31/2762 1303/33/2762
f 1304/50/2763 1266/50/2763 1263/49/2763
f 1263/49/2763 1295/49/2763 1304/50/2763
f 1305/6/2764 1222/6/2764 1217/3/2764
f 1217/3/2764 1297/3/2764 1305/6/2764
f 1237/23/2765 1299/23/2765 1306/25/2765
f 1306/25/2765 1239/25/2765 1237/23/2765
f 1257/42/2766 1256/41/2766 1300/41/2767
f 1300/41/2767 1307/42/2767 1257/42/2766
f 1275/61/2768 1273/59/2769 1301/59/2768
f 1301/59/2768 1308/61/2770 1275/61/2768
f 1302/15/2771 1309/17/2772 1232/17/2773
f 1232/17/2773 1230/15/2774 1302/15/2771
f 1303/33/2775 1310/35/2775 1249/35/2776
f 1249/35/2776 1248/33/2776 1303/33/2775
f 1304/50/2777 1311/52/2777 1268/52/2777
f 1268/52/2777 1266/50/2778 1304/50/2777
f 1222/6/2779 1305/6/2780 1284/8/2779
f 1284/8/2779 1223/8/2779 1222/6/2779
f 1312/26/2781 1242/26/2782 1239/25/2782
f 1239/25/2782 1306/25/2781 1312/26/2781
f 1313/44/2783 1260/44/2783 1257/42/2783
f 1257/42/2783 1307/42/2783 1313/44/2783
f 1314/62/2784 1278/62/2785 1275/61/2785
f 1275/61/2785 1308/61/2784 1314/62/2784
f 1232/17/2786 1309/17/2786 1280/18/2787
f 1280/18/2787 1233/18/2788 1232/17/2786
f 1249/35/2789 1310/35/2790 1288/37/2790
f 1288/37/2790 1251/37/2789 1249/35/2789
f 1269/55/2791 1268/52/2791 1311/52/2791
f 1311/52/2791 1290/55/2792 1269/55/2791
f 1283/10/2793 1226/10/2793 1223/8/2793
f 1223/8/2793 1284/8/2793 1283/10/2793
f 1312/26/2794 1292/29/2794 1243/29/2794
f 1243/29/2794 1242/26/2794 1312/26/2794
f 1313/44/2795 1294/47/2796 1261/47/2795
f 1261/47/2795 1260/44/2797 1313/44/2795
f 1314/62/2798 1298/64/2798 1281/64/2799
f 1281/64/2799 1278/62/2799 1314/62/2798
f 1315/102/2800 1316/103/2801 1317/104/2802
f 1315/102/2800 1317/104/2802 1318/105/2802
f 1318/105/2802 1319/106/2803 1320/107/2800
f 1315/102/2800 1318/105/2802 1320/107/2800
f 1315/102/2800 1320/107/2800 1321/108/2800
f 1321/108/2800 1322/109/2804 1323/110/2800
f 1315/102/2800 1321/108/2800 1323/110/2800
f 1315/102/2800 1323/110/2800 1324/111/2805
f 1324/111/2805 1325/112/2806 1326/113/2802
f 1315/102/2800 1324/111/2805 1326/113/2802
f 1315/102/2800 1326/113/2802 1327/114/2800
f 1327/114/2800 1328/115/2807 1329/116/2800
f 1315/102/2800 1327/114/2800 1329/116/2800
f 1315/102/2800 1329/116/2800 1330/117/2800
f 1330/117/2800 1331/118/2808 1332/119/2800
f 1315/102/2800 1330/117/2800 1332/119/2800
f 1315/102/2800 1332/119/2800 1333/120/2800
f 1333/120/2800 1334/121/2809 1335/122/2805
f 1315/102/2800 1333/120/2800 1335/122/2805
f 1315/102/2800 1335/122/2805 1336/123/2810
f 1336/123/2810 1337/124/2811 1338/125/2800
f 1315/102/2800 1336/123/2810 1338/125/2800
f 1338/125/2800 1339/126/2812 1340/127/2813
f 1338/125/2800 1340/127/2813 1341/128/2800
f 1315/102/2800 1338/125/2800 1341/128/2800
f 1315/102/2800 1341/128/2800 1286/129/2810
f 1286/129/2810 1285/130/2814 1342/131/2800
f 1315/102/2800 1286/129/2810 1342/131/2800
f 1343/101/2813 1315/102/2800 1342/131/2800
f 1344/100/2815 1343/101/2813 1342/131/2800
f 1298/64/2816 1314/62/2817 1316/62/2818
f 1316/62/2818 1315/64/2818 1298/64/2816
f 1329/37/2819 1328/39/2819 1287/39/2820
f 1287/39/2820 1288/37/2819 1329/37/2819
f 1291/12/2821 1283/10/2821 1286/10/2822
f 1286/10/2822 1341/12/2822 1291/12/2821
f 1296/66/2823 1298/64/2823 1315/64/2824
f 1315/64/2824 1343/66/2824 1296/66/2823
f 1300/41/2825 1287/39/2826 1328/39/2827
f 1328/39/2827 1327/41/2828 1300/41/2825
f 1340/15/2829 1302/15/2830 1291/12/2831
f 1291/12/2831 1341/12/2832 1340/15/2829
f 1307/42/2833 1300/41/2833 1327/41/2834
f 1327/41/2834 1326/42/2835 1307/42/2833
f 1309/17/2836 1302/15/2836 1340/15/2837
f 1340/15/2837 1339/17/2837 1309/17/2836
f 1326/42/2838 1325/44/2839 1313/44/2838
f 1313/44/2838 1307/42/2838 1326/42/2838
f 1280/18/2840 1309/17/2841 1339/17/2842
f 1339/17/2842 1338/18/2843 1280/18/2840
f 1294/47/2844 1313/44/2844 1325/44/2845
f 1325/44/2845 1324/47/2846 1294/47/2844
f 1338/18/2847 1337/21/2848 1279/21/2849
f 1279/21/2849 1280/18/2849 1338/18/2847
f 1295/49/2850 1294/47/2850 1324/47/2850
f 1324/47/2850 1323/49/2851 1295/49/2850
f 1299/23/2852 1279/21/2852 1337/21/2853
f 1337/21/2853 1336/23/2854 1299/23/2852
f 1323/49/2855 1322/50/2855 1304/50/2856
f 1304/50/2856 1295/49/2856 1323/49/2855
f 1306/25/2857 1299/23/2857 1336/23/2857
f 1336/23/2857 1335/25/2857 1306/25/2857
f 1311/52/2858 1304/50/2858 1322/50/2859
f 1322/50/2859 1321/52/2859 1311/52/2858
f 1335/25/2860 1334/26/2860 1312/26/2861
f 1312/26/2861 1306/25/2861 1335/25/2860
f 1290/55/2862 1311/52/2862 1321/52/2863
f 1321/52/2863 1320/55/2863 1290/55/2862
f 1292/29/2864 1312/26/2864 1334/26/2864
f 1334/26/2864 1333/29/2865 1292/29/2864
f 1320/55/2866 1319/56/2866 1289/56/2866
f 1289/56/2866 1290/55/2867 1320/55/2866
f 1293/31/2868 1292/29/2868 1333/29/2868
f 1333/29/2868 1332/31/2869 1293/31/2868
f 1296/2/2870 1343/2/2871 1344/3/2872
f 1344/3/2872 1297/3/2870 1296/2/2870
f 1301/59/2873 1289/56/2874 1319/56/2875
f 1319/56/2875 1318/59/2876 1301/59/2873
f 1332/31/2877 1331/33/2878 1303/33/2879
f 1303/33/2879 1293/31/2877 1332/31/2877
f 1342/6/2880 1305/6/2880 1297/3/2880
f 1297/3/2880 1344/3/2881 1342/6/2880
f 1308/61/2882 1301/59/2883 1318/59/2884
f 1318/59/2884 1317/61/2884 1308/61/2882
f 1310/35/2885 1303/33/2885 1331/33/2886
f 1331/33/2886 1330/35/2887 1310/35/2885
f 1285/8/2888 1284/8/2888 1305/6/2888
f 1305/6/2888 1342/6/2889 1285/8/2888
f 1317/61/2890 1316/62/2890 1314/62/2891
f 1314/62/2891 1308/61/2892 1317/61/2890
f 1288/37/2893 1310/35/2894 1330/35/2894
f 1330/35/2894 1329/37/2895 1288/37/2893
f 1345/3/2896 1346/4/2896 1347/5/2896
f 1347/5/2896 1348/2/2896 1345/3/2896
f 1349/7/2897 1346/4/2897 1345/3/2897
f 1345/3/2897 1350/6/2897 1349/7/2897
f 1351/8/2898 1352/9/2899 1349/7/2899
f 1349/7/2899 1350/6/2898 1351/8/2898
f 1353/10/2900 1354/11/2901 1352/9/2901
f 1352/9/2901 1351/8/2900 1353/10/2900
f 1355/13/2902 1354/11/2902 1353/10/2903
f 1353/10/2903 1356/12/2903 1355/13/2902
f 1357/15/2904 1358/14/2904 1355/13/2905
f 1355/13/2905 1356/12/2906 1357/15/2904
f 1359/17/2907 1360/16/2908 1358/14/2907
f 1358/14/2907 1357/15/2907 1359/17/2907
f 1361/19/2909 1360/16/2909 1359/17/2909
f 1359/17/2909 1362/18/2909 1361/19/2909
f 1363/21/2910 1364/20/2910 1361/19/2910
f 1361/19/2910 1362/18/2910 1363/21/2910
f 1365/23/2911 1366/22/2911 1364/20/2911
f 1364/20/2911 1363/21/2911 1365/23/2911
f 1367/24/2912 1366/22/2912 1365/23/2912
f 1365/23/2912 1368/25/2912 1367/24/2912
f 1369/26/2913 1370/27/2913 1367/24/2913
f 1367/24/2913 1368/25/2913 1369/26/2913
f 1371/29/2914 1372/28/2914 1370/27/2914
f 1370/27/2914 1369/26/2914 1371/29/2914
f 1373/30/2915 1372/28/2915 1371/29/2916
f 1371/29/2916 1374/31/2915 1373/30/2915
f 1375/32/2917 1373/30/2917 1374/31/2917
f 1374/31/2917 1376/33/2917 1375/32/2917
f 1377/35/2918 1378/34/2919 1375/32/2919
f 1375/32/2919 1376/33/2919 1377/35/2918
f 1379/36/2920 1378/34/2920 1377/35/2921
f 1377/35/2921 1380/37/2922 1379/36/2920
f 1381/38/2923 1379/36/2923 1380/37/2923
f 1380/37/2923 1382/39/2923 1381/38/2923
f 1383/41/2924 1384/40/2925 1381/38/2925
f 1381/38/2925 1382/39/2924 1383/41/2924
f 1385/43/2926 1384/40/2926 1383/41/2927
f 1383/41/2927 1386/42/2928 1385/43/2926
f 1387/44/2929 1388/45/2929 1385/43/2929
f 1385/43/2929 1386/42/2929 1387/44/2929
f 1389/47/2930 1390/46/2930 1388/45/2930
f 1388/45/2930 1387/44/2931 1389/47/2930
f 1391/48/2932 1390/46/2932 1389/47/2932
f 1389/47/2932 1392/49/2932 1391/48/2932
f 1393/51/2933 1391/48/2933 1392/49/2933
f 1392/49/2933 1394/50/2933 1393/51/2933
f 1395/52/2934 1396/53/2934 1393/51/2934
f 1393/51/2934 1394/50/2934 1395/52/2934
f 1397/54/2935 1396/53/2935 1395/52/2935
f 1395/52/2935 1398/55/2935 1397/54/2935
f 1399/56/2936 1400/57/2936 1397/54/2936
f 1397/54/2936 1398/55/2936 1399/56/2936
f 1401/59/2937 1402/58/2938 1400/57/2938
f 1400/57/2938 1399/56/2939 1401/59/2937
f 1403/60/2940 1402/58/2940 1401/59/2940
f 1401/59/2940 1404/61/2940 1403/60/2940
f 1405/62/2941 1406/63/2942 1403/60/2942
f 1403/60/2942 1404/61/2942 1405/62/2941
f 1362/18/2943 1407/18/2944 1408/21/2944
f 1408/21/2944 1363/21/2943 1362/18/2943
f 1409/64/2945 1410/65/2945 1406/63/2945
f 1406/63/2945 1405/62/2945 1409/64/2945
f 1409/64/2946 1348/66/2946 1347/67/2947
f 1347/67/2947 1410/65/2947 1409/64/2946
f 1346/68/2535 1349/69/2948 1352/70/2538
f 1347/98/2080 1346/68/2535 1352/70/2538
f 1347/98/2080 1352/70/2538 1354/71/2080
f 1354/71/2080 1355/72/2535 1358/73/2080
f 1347/98/2080 1354/71/2080 1358/73/2080
f 1347/98/2080 1358/73/2080 1360/74/2080
f 1360/74/2080 1361/75/2080 1364/76/2080
f 1347/98/2080 1360/74/2080 1364/76/2080
f 1347/98/2080 1364/76/2080 1366/77/2080
f 1366/77/2080 1367/78/2080 1370/79/2080
f 1347/98/2080 1366/77/2080 1370/79/2080
f 1347/98/2080 1370/79/2080 1372/80/2080
f 1372/80/2080 1373/81/2080 1375/82/2080
f 1347/98/2080 1372/80/2080 1375/82/2080
f 1347/98/2080 1375/82/2080 1378/83/2080
f 1378/83/2080 1379/84/2080 1381/85/2080
f 1347/98/2080 1378/83/2080 1381/85/2080
f 1347/98/2080 1381/85/2080 1384/86/2080
f 1384/86/2080 1385/87/2080 1388/88/2080
f 1347/98/2080 1384/86/2080 1388/88/2080
f 1347/98/2080 1388/88/2080 1390/89/2080
f 1390/89/2080 1391/90/2080 1393/91/2080
f 1347/98/2080 1390/89/2080 1393/91/2080
f 1347/98/2080 1393/91/2080 1396/92/2080
f 1396/92/2080 1397/93/2080 1400/94/2080
f 1347/98/2080 1396/92/2080 1400/94/2080
f 1347/98/2080 1400/94/2080 1402/95/2080
f 1402/95/2080 1403/96/2536 1406/97/2538
f 1347/98/2080 1402/95/2080 1406/97/2538
f 1347/98/2080 1406/97/2538 1410/99/2949
f 1411/8/2950 1412/8/2950 1413/10/2951
f 1413/10/2951 1414/10/2950 1411/8/2950
f 1415/39/2952 1382/39/2952 1380/37/2952
f 1380/37/2952 1416/37/2952 1415/39/2952
f 1417/56/2953 1399/56/2954 1398/55/2953
f 1398/55/2953 1418/55/2955 1417/56/2953
f 1353/10/2956 1414/10/2957 1419/12/2956
f 1419/12/2956 1356/12/2956 1353/10/2956
f 1374/31/2958 1371/29/2958 1420/29/2958
f 1420/29/2958 1421/31/2958 1374/31/2958
f 1392/49/2959 1389/47/2960 1422/47/2960
f 1422/47/2960 1423/49/2959 1392/49/2959
f 1424/3/2961 1345/3/2961 1348/2/2961
f 1348/2/2961 1425/2/2961 1424/3/2961
f 1426/64/2962 1425/66/2962 1348/66/2962
f 1348/66/2962 1409/64/2962 1426/64/2962
f 1363/21/2963 1408/21/2963 1427/23/2963
f 1427/23/2963 1365/23/2963 1363/21/2963
f 1428/41/2964 1383/41/2964 1382/39/2964
f 1382/39/2964 1415/39/2964 1428/41/2964
f 1429/59/2965 1401/59/2966 1399/56/2966
f 1399/56/2966 1417/56/2967 1429/59/2965
f 1356/12/2968 1419/12/2968 1430/15/2968
f 1430/15/2968 1357/15/2968 1356/12/2968
f 1431/33/2969 1376/33/2970 1374/31/2971
f 1374/31/2971 1421/31/2972 1431/33/2969
f 1432/50/2973 1394/50/2974 1392/49/2974
f 1392/49/2974 1423/49/2973 1432/50/2973
f 1345/3/2975 1424/3/2975 1433/6/2975
f 1433/6/2975 1350/6/2975 1345/3/2975
f 1427/23/2976 1434/25/2976 1368/25/2976
f 1368/25/2976 1365/23/2976 1427/23/2976
f 1386/42/2977 1383/41/2977 1428/41/2978
f 1428/41/2978 1435/42/2978 1386/42/2977
f 1404/61/2979 1401/59/2980 1429/59/2981
f 1429/59/2981 1436/61/2981 1404/61/2979
f 1357/15/2982 1430/15/2982 1437/17/2982
f 1437/17/2982 1359/17/2982 1357/15/2982
f 1438/35/2983 1377/35/2983 1376/33/2983
f 1376/33/2983 1431/33/2983 1438/35/2983
f 1439/52/2984 1395/52/2984 1394/50/2984
f 1394/50/2984 1432/50/2985 1439/52/2984
f 1350/6/2986 1433/6/2987 1411/8/2987
f 1411/8/2987 1351/8/2986 1350/6/2986
f 1434/25/2988 1440/26/2988 1369/26/2989
f 1369/26/2989 1368/25/2989 1434/25/2988
f 1441/44/2990 1387/44/2991 1386/42/2991
f 1386/42/2991 1435/42/2990 1441/44/2990
f 1442/62/2992 1405/62/2993 1404/61/2993
f 1404/61/2993 1436/61/2992 1442/62/2992
f 1359/17/2994 1437/17/2994 1407/18/2994
f 1407/18/2994 1362/18/2994 1359/17/2994
f 1380/37/2995 1377/35/2995 1438/35/2995
f 1438/35/2995 1416/37/2996 1380/37/2995
f 1398/55/2997 1395/52/2998 1439/52/2999
f 1439/52/2999 1418/55/3000 1398/55/2997
f 1351/8/3001 1411/8/3001 1414/10/3001
f 1414/10/3001 1353/10/3001 1351/8/3001
f 1371/29/3002 1369/26/3002 1440/26/3002
f 1440/26/3002 1420/29/3002 1371/29/3002
f 1422/47/3003 1389/47/3004 1387/44/3004
f 1387/44/3004 1441/44/3003 1422/47/3003
f 1426/64/3005 1409/64/3006 1405/62/3005
f 1405/62/3005 1442/62/3005 1426/64/3005
f 1443/100/3007 1444/101/3008 1445/102/3007
f 1445/102/3007 1446/103/3009 1447/104/3007
f 1443/100/3007 1445/102/3007 1447/104/3007
f 1448/105/3010 1449/106/3011 1450/107/3007
f 1447/104/3007 1448/105/3010 1450/107/3007
f 1443/100/3007 1447/104/3007 1450/107/3007
f 1451/108/3012 1452/109/3013 1453/110/3007
f 1450/107/3007 1451/108/3012 1453/110/3007
f 1454/111/3007 1455/112/3014 1456/113/3007
f 1453/110/3007 1454/111/3007 1456/113/3007
f 1450/107/3007 1453/110/3007 1456/113/3007
f 1443/100/3007 1450/107/3007 1456/113/3007
f 1457/114/3015 1458/115/3016 1459/116/3017
f 1456/113/3007 1457/114/3015 1459/116/3017
f 1460/117/3014 1461/118/3018 1462/119/3007
f 1459/116/3017 1460/117/3014 1462/119/3007
f 1456/113/3007 1459/116/3017 1462/119/3007
f 1463/120/3017 1464/121/3019 1465/122/3020
f 1462/119/3007 1463/120/3017 1465/122/3020
f 1466/123/3010 1467/124/3007 1468/125/3007
f 1465/122/3020 1466/123/3010 1468/125/3007
f 1462/119/3007 1465/122/3020 1468/125/3007
f 1456/113/3007 1462/119/3007 1468/125/3007
f 1443/100/3007 1456/113/3007 1468/125/3007
f 1469/126/3021 1470/127/3020 1471/128/3007
f 1468/125/3007 1469/126/3021 1471/128/3007
f 1413/129/3022 1412/130/3014 1472/131/3023
f 1471/128/3007 1413/129/3022 1472/131/3023
f 1468/125/3007 1471/128/3007 1472/131/3023
f 1443/100/3007 1468/125/3007 1472/131/3023
f 1442/62/3024 1446/62/3025 1445/64/3026
f 1445/64/3026 1426/64/3024 1442/62/3024
f 1415/39/3027 1416/37/3028 1459/37/3029
f 1459/37/3029 1458/39/3030 1415/39/3027
f 1471/12/3031 1419/12/3032 1414/10/3033
f 1414/10/3033 1413/10/3031 1471/12/3031
f 1445/64/3034 1444/66/3035 1425/66/3036
f 1425/66/3036 1426/64/3036 1445/64/3034
f 1415/39/3037 1458/39/3038 1457/41/3038
f 1457/41/3038 1428/41/3037 1415/39/3037
f 1430/15/3039 1419/12/3040 1471/12/3039
f 1471/12/3039 1470/15/3039 1430/15/3039
f 1456/42/3041 1435/42/3042 1428/41/3042
f 1428/41/3042 1457/41/3041 1456/42/3041
f 1430/15/3043 1470/15/3043 1469/17/3043
f 1469/17/3043 1437/17/3044 1430/15/3043
f 1441/44/3045 1435/42/3045 1456/42/3046
f 1456/42/3046 1455/44/3047 1441/44/3045
f 1468/18/3048 1407/18/3049 1437/17/3050
f 1437/17/3050 1469/17/3051 1468/18/3048
f 1441/44/3052 1455/44/3052 1454/47/3052
f 1454/47/3052 1422/47/3052 1441/44/3052
f 1408/21/3053 1407/18/3054 1468/18/3054
f 1468/18/3054 1467/21/3054 1408/21/3053
f 1453/49/3055 1423/49/3055 1422/47/3055
f 1422/47/3055 1454/47/3055 1453/49/3055
f 1408/21/3056 1467/21/3056 1466/23/3056
f 1466/23/3056 1427/23/3057 1408/21/3056
f 1432/50/3058 1423/49/3058 1453/49/3059
f 1453/49/3059 1452/50/3059 1432/50/3058
f 1427/23/3060 1466/23/3061 1465/25/3061
f 1465/25/3061 1434/25/3060 1427/23/3060
f 1432/50/3062 1452/50/3063 1451/52/3063
f 1451/52/3063 1439/52/3062 1432/50/3062
f 1465/25/3064 1464/26/3064 1440/26/3065
f 1440/26/3065 1434/25/3065 1465/25/3064
f 1450/55/3066 1418/55/3067 1439/52/3066
f 1439/52/3066 1451/52/3066 1450/55/3066
f 1463/29/3068 1420/29/3069 1440/26/3069
f 1440/26/3069 1464/26/3068 1463/29/3068
f 1417/56/3070 1418/55/3070 1450/55/3070
f 1450/55/3070 1449/56/3071 1417/56/3070
f 1462/31/3072 1421/31/3073 1420/29/3073
f 1420/29/3073 1463/29/3072 1462/31/3072
f 1424/3/3074 1425/2/3074 1444/2/3075
f 1444/2/3075 1443/3/3076 1424/3/3074
f 1417/56/3077 1449/56/3078 1448/59/3078
f 1448/59/3078 1429/59/3077 1417/56/3077
f 1431/33/3079 1421/31/3079 1462/31/3079
f 1462/31/3079 1461/33/3079 1431/33/3079
f 1472/6/3080 1433/6/3080 1424/3/3080
f 1424/3/3080 1443/3/3080 1472/6/3080
f 1447/61/3081 1436/61/3081 1429/59/3082
f 1429/59/3082 1448/59/3081 1447/61/3081
f 1431/33/3083 1461/33/3083 1460/35/3083
f 1460/35/3083 1438/35/3083 1431/33/3083
f 1411/8/3084 1433/6/3085 1472/6/3086
f 1472/6/3086 1412/8/3084 1411/8/3084
f 1442/62/3087 1436/61/3088 1447/61/3087
f 1447/61/3087 1446/62/3087 1442/62/3087
f 1459/37/3089 1416/37/3090 1438/35/3090
f 1438/35/3090 1460/35/3091 1459/37/3089
