# Blender 5.0.1
# www.blender.org
mtllib pataizqdelante.mtl
g pataizqdelante_Mesh
v 2.745506 1.453113 -0.565105
v 2.812688 1.482424 -0.560789
v 2.878225 1.510343 -0.541173
v 2.939368 1.535859 -0.507218
v 2.993957 1.558067 -0.460116
v 3.039902 1.576070 -0.401564
v 3.075374 1.589180 -0.333973
v 3.098935 1.596915 -0.259872
v 3.109928 1.598903 -0.182135
v 3.107589 1.595172 -0.103722
v 3.092350 1.585760 -0.027662
v 3.064548 1.571105 0.043126
v 3.025331 1.551747 0.105980
v 2.976254 1.528429 0.158319
v 2.919205 1.502088 0.198246
v 2.856202 1.473659 0.224357
v 2.789873 1.444176 0.235416
v 2.722790 1.414966 0.231096
v 2.657253 1.387047 0.211480
v 2.596110 1.361531 0.177525
v 2.541521 1.339323 0.130423
v 2.495576 1.321321 0.071871
v 2.460104 1.308210 0.004280
v 2.436443 1.300474 -0.069815
v 2.425550 1.298487 -0.147559
v 2.427789 1.302217 -0.225966
v 2.443128 1.311630 -0.302031
v 2.470930 1.326285 -0.372819
v 2.510147 1.345643 -0.435674
v 2.679276 1.423732 -0.554050
v 2.559224 1.368962 -0.488013
v 2.616273 1.395302 -0.527940
v 2.465043 1.235232 -0.072129
v 2.502538 1.230649 -0.081269
v 2.492629 1.228889 -0.152053
v 2.454150 1.233245 -0.149872
v 2.685853 1.321805 0.209166
v 2.624610 1.296288 0.175217
v 2.774106 1.387871 -0.567419
v 2.707776 1.358489 -0.556358
v 3.022557 1.492825 -0.462429
v 3.068402 1.510827 -0.403872
v 2.751290 1.349723 0.228788
v 2.644873 1.330060 -0.530253
v 2.967868 1.470616 -0.509526
v 2.818473 1.378934 0.233103
v 2.587724 1.303718 -0.490321
v 2.906725 1.445000 -0.543482
v 2.884803 1.408316 0.222042
v 2.538647 1.280400 -0.437981
v 2.841289 1.417082 -0.563104
v 2.947706 1.436745 0.195937
v 2.499430 1.261042 -0.375127
v 3.004754 1.463186 0.156011
v 2.471727 1.246388 -0.304345
v 3.053931 1.486505 0.103667
v 2.456389 1.236975 -0.228279
v 3.093048 1.505862 0.040818
v 3.120850 1.520517 -0.029970
v 3.136190 1.529830 -0.106036
v 2.488704 1.242968 0.001966
v 3.138429 1.533560 -0.184444
v 2.524076 1.256077 0.069563
v 3.127535 1.531573 -0.262187
v 2.570021 1.274080 0.128115
v 3.103874 1.523937 -0.336281
v 2.598135 1.266029 0.100926
v 2.585657 1.248374 0.122354
v 2.540464 1.230567 0.064764
v 2.556375 1.249599 0.047669
v 3.113493 1.498909 -0.112135
v 3.099570 1.490288 -0.042950
v 2.524032 1.237645 -0.013873
v 3.115524 1.502256 -0.183524
v 3.105614 1.500496 -0.254308
v 3.084121 1.493400 -0.321705
v 2.647805 1.286244 0.143871
v 3.051877 1.481547 -0.383251
v 2.703493 1.309450 0.174798
v 2.723534 1.342919 -0.522049
v 2.783935 1.369640 -0.532110
v 3.010017 1.465116 -0.436503
v 2.763142 1.334941 0.192610
v 2.666187 1.316965 -0.498327
v 2.960347 1.444901 -0.479448
v 2.824317 1.361506 0.196527
v 2.614228 1.293008 -0.461961
v 2.904660 1.421596 -0.510376
v 2.884618 1.388226 0.186472
v 2.569583 1.271780 -0.414252
v 2.845010 1.396205 -0.528187
v 2.941966 1.414081 0.162749
v 2.533943 1.254118 -0.357085
v 2.993924 1.438137 0.126384
v 2.508583 1.240757 -0.292628
v 3.038569 1.459365 0.078674
v 2.494658 1.232236 -0.223442
v 3.074309 1.477028 0.021502
v 2.699627 1.295298 0.202198
v 2.764046 1.322811 0.221470
v 2.796924 1.247508 0.218808
v 2.732503 1.220094 0.199536
v 3.110944 1.494173 -0.334601
v 3.134240 1.501720 -0.261690
v 2.639412 1.270183 0.168796
v 3.076136 1.481255 -0.401025
v 2.721229 1.331436 -0.551096
v 2.786471 1.360308 -0.562002
v 3.030942 1.463547 -0.458614
v 2.659299 1.303421 -0.525440
v 2.977187 1.441738 -0.505056
v 2.830129 1.351514 0.225741
v 2.603113 1.277495 -0.486158
v 2.916973 1.416524 -0.538459
v 2.895370 1.380485 0.214836
v 2.554792 1.254592 -0.434557
v 2.852553 1.389110 -0.557730
v 2.957301 1.408400 0.189179
v 2.516217 1.235451 -0.372737
v 3.013487 1.434426 0.149898
v 2.488845 1.221114 -0.303172
v 3.061807 1.457330 0.098297
v 2.473839 1.211818 -0.228326
v 3.100383 1.476370 0.036476
v 2.471633 1.208102 -0.151122
v 3.127655 1.490807 -0.033083
v 2.482360 1.210102 -0.074571
v 3.142761 1.500003 -0.107936
v 2.505556 1.217747 -0.001653
v 3.144967 1.503719 -0.185139
v 2.990177 1.333197 0.186518
v 2.983349 1.306890 0.147540
v 2.928051 1.281862 0.170458
v 2.928247 1.305181 0.212173
v 2.692176 1.228217 -0.528102
v 2.754106 1.256133 -0.553759
v 3.010065 1.366434 -0.507719
v 3.063819 1.388243 -0.461276
v 2.863006 1.276310 0.223079
v 2.635990 1.202191 -0.488821
v 2.949850 1.341320 -0.541120
v 2.587669 1.179288 -0.437220
v 2.885430 1.313806 -0.560393
v 2.549093 1.160247 -0.375399
v 2.819347 1.285104 -0.564663
v 3.046364 1.359122 0.147235
v 2.521822 1.145811 -0.305840
v 3.094685 1.382026 0.095634
v 2.506715 1.136614 -0.230987
v 3.133259 1.401167 0.033815
v 2.504509 1.132898 -0.153783
v 3.160632 1.415504 -0.035751
v 2.515236 1.134898 -0.077233
v 3.175638 1.424800 -0.110597
v 2.538533 1.142445 -0.004321
v 3.177844 1.428516 -0.187801
v 2.573341 1.155363 0.062102
v 3.167116 1.426516 -0.264352
v 2.618534 1.173071 0.119691
v 3.143921 1.418870 -0.337270
v 2.672289 1.194880 0.166134
v 3.109012 1.406051 -0.403687
v 3.111078 1.367542 0.011231
v 3.152181 1.355743 0.031758
v 3.113794 1.336706 0.093368
v 3.076625 1.350512 0.066436
v 2.589393 1.152436 -0.354282
v 2.623845 1.169465 -0.409487
v 2.889816 1.289564 -0.519441
v 2.830741 1.263915 -0.523264
v 3.033483 1.330017 0.112468
v 2.565006 1.139509 -0.292078
v 2.551551 1.131319 -0.225218
v 2.549582 1.128002 -0.156336
v 3.135465 1.380368 -0.050974
v 2.559154 1.129788 -0.088037
v 3.148919 1.388658 -0.117833
v 2.579924 1.136504 -0.022908
v 3.150888 1.391975 -0.186715
v 2.611051 1.148073 0.036494
v 3.141316 1.390190 -0.255014
v 2.651413 1.163912 0.087919
v 3.120547 1.383373 -0.320145
v 2.699402 1.183431 0.129347
v 3.089420 1.371904 -0.379545
v 2.753233 1.205834 0.159166
v 2.772419 1.238115 -0.513509
v 3.049058 1.356065 -0.430970
v 2.810655 1.230413 0.176390
v 2.717222 1.213088 -0.490597
v 3.001069 1.336546 -0.472398
v 2.869729 1.256062 0.180213
v 2.666987 1.189961 -0.455519
v 2.947337 1.314144 -0.502222
v 3.229264 1.308579 -0.191990
v 3.227047 1.304965 -0.114985
v 3.194477 1.379272 -0.112350
v 3.196694 1.382986 -0.189354
v 2.527267 1.091897 -0.232425
v 2.525050 1.088183 -0.155421
v 3.179459 1.370078 -0.037702
v 2.535767 1.090185 -0.079070
v 2.558952 1.097733 -0.006353
v 2.593755 1.110553 0.059970
v 3.185978 1.380984 -0.265705
v 2.638838 1.128262 0.117364
v 3.162793 1.373436 -0.338422
v 2.692482 1.150072 0.163613
v 3.127989 1.360616 -0.404745
v 2.752498 1.175085 0.197024
v 2.774006 1.211100 -0.554363
v 2.839154 1.239970 -0.565163
v 3.083006 1.342908 -0.462145
v 2.816713 1.202498 0.216207
v 2.712270 1.183188 -0.528817
v 3.029363 1.321098 -0.508393
v 2.882691 1.231200 0.220382
v 2.656282 1.157364 -0.489544
v 2.969247 1.296084 -0.541799
v 2.947738 1.260069 0.209588
v 2.608050 1.134464 -0.438149
v 2.905032 1.268671 -0.560982
v 3.009475 1.287981 0.184042
v 2.569563 1.115426 -0.376533
v 3.065562 1.313806 0.144764
v 2.542285 1.101091 -0.307073
v 3.160559 1.286210 -0.407381
v 3.137411 1.235248 -0.376018
v 3.167617 1.245437 -0.318985
v 3.195362 1.299129 -0.341057
v 2.626325 1.036246 0.057335
v 2.591522 1.023327 -0.008989
v 3.218548 1.306677 -0.268340
v 2.671308 1.053854 0.114734
v 2.724952 1.075665 0.160982
v 2.785067 1.100778 0.194389
v 2.806576 1.136794 -0.556997
v 2.871624 1.165563 -0.567793
v 3.115476 1.268601 -0.464774
v 2.849283 1.128191 0.213572
v 2.744839 1.108881 -0.531452
v 3.061832 1.246791 -0.511022
v 2.915161 1.156793 0.217752
v 2.688753 1.082957 -0.492175
v 3.001817 1.221678 -0.544435
v 2.980309 1.185662 0.206952
v 2.640521 1.060056 -0.440779
v 2.937602 1.194265 -0.563618
v 3.042045 1.213575 0.181406
v 2.602133 1.041119 -0.379168
v 3.098032 1.239499 0.142135
v 2.574856 1.026684 -0.309708
v 3.146264 1.262399 0.090739
v 2.559837 1.017491 -0.235061
v 3.184752 1.281337 0.029122
v 2.557621 1.013777 -0.158057
v 3.212029 1.295772 -0.040337
v 2.568337 1.015779 -0.081706
v 3.246064 1.246046 -0.117498
v 3.230897 1.237461 -0.043636
v 3.181949 1.242550 -0.060398
v 3.195055 1.249906 -0.124643
v 2.810231 1.086696 0.141856
v 2.757944 1.066693 0.113181
v 2.829408 1.115969 -0.504309
v 2.886066 1.139052 -0.513802
v 3.098149 1.221094 -0.425382
v 2.866133 1.108571 0.158333
v 2.775636 1.093665 -0.482347
v 3.051539 1.203766 -0.465059
v 2.923516 1.131508 0.161919
v 2.726813 1.072964 -0.448522
v 2.999352 1.183764 -0.493740
v 2.980181 1.154490 0.152525
v 2.684851 1.054700 -0.404334
v 2.943455 1.161888 -0.510117
v 3.033947 1.176796 0.130463
v 2.651366 1.039404 -0.351267
v 3.082670 1.197495 0.096644
v 2.627534 1.027910 -0.291481
v 3.124632 1.215759 0.052455
v 2.614428 1.020553 -0.227235
v 3.158216 1.231057 -0.000617
v 2.612507 1.017568 -0.161057
v 2.621732 1.019082 -0.095445
v 2.641865 1.025023 -0.032894
v 3.197075 1.252993 -0.190826
v 2.672172 1.035213 0.024134
v 3.187751 1.251377 -0.256433
v 2.711334 1.049366 0.073503
v 3.214407 1.240783 -0.341161
v 3.238573 1.168401 -0.343309
v 3.261720 1.175258 -0.271398
v 3.237653 1.247741 -0.269255
v 2.609308 0.987106 -0.011981
v 2.586061 0.980248 -0.083886
v 3.248328 1.249451 -0.193706
v 2.644087 0.998932 0.053731
v 2.689150 1.015048 0.110507
v 2.742880 1.035065 0.156230
v 3.179628 1.229056 -0.406872
v 2.802991 1.058083 0.189213
v 2.825038 1.091815 -0.554617
v 2.890305 1.118286 -0.565450
v 3.134466 1.212840 -0.463644
v 2.867313 1.083299 0.208165
v 2.763173 1.066104 -0.529239
v 3.080835 1.192824 -0.509373
v 2.933410 1.109603 0.212308
v 2.707046 1.042283 -0.490337
v 3.020725 1.169806 -0.542356
v 2.998577 1.136172 0.201481
v 2.658672 1.021187 -0.439414
v 2.956302 1.144688 -0.561301
v 3.060543 1.161785 0.176097
v 2.620138 1.003756 -0.378379
v 3.116670 1.185605 0.137195
v 2.592819 0.990427 -0.309506
v 3.164944 1.206700 0.086277
v 2.577651 0.981942 -0.235644
v 3.203577 1.224232 0.025238
v 2.575388 0.978437 -0.159436
v 3.138787 1.088321 -0.425611
v 3.158632 1.140458 -0.465792
v 3.105001 1.120442 -0.511520
v 3.092389 1.072789 -0.464779
v 2.766947 0.962682 0.154088
v 2.713315 0.942666 0.108360
v 3.203695 1.156574 -0.409015
v 2.827157 0.985701 0.187066
v 2.849205 1.019333 -0.556765
v 2.914371 1.045903 -0.567592
v 2.891480 1.010818 0.206017
v 2.787338 0.993722 -0.531387
v 2.957477 1.037220 0.210166
v 2.731112 0.969900 -0.492479
v 3.044791 1.097423 -0.544498
v 3.022744 1.063691 0.199332
v 2.682837 0.948805 -0.441562
v 2.980469 1.072206 -0.563450
v 3.084609 1.089402 0.173955
v 2.644305 0.931274 -0.380528
v 3.140836 1.113224 0.135047
v 2.616885 0.918045 -0.311648
v 3.189110 1.134318 0.084130
v 2.601818 0.909460 -0.237792
v 3.227643 1.151750 0.023095
v 2.599554 0.906055 -0.161584
v 3.255063 1.165079 -0.045784
v 2.610228 0.907766 -0.086035
v 3.270131 1.173564 -0.119641
v 2.633374 0.914723 -0.014123
v 3.272394 1.177069 -0.195848
v 2.668254 0.926450 0.051582
v 2.930066 0.994000 -0.556622
v 2.994674 1.017194 -0.552732
v 2.984807 1.035207 -0.509116
v 2.927709 1.014671 -0.512591
v 2.964617 1.007237 0.153346
v 2.907520 0.986601 0.149870
v 2.769150 0.955300 -0.448176
v 2.817818 0.973893 -0.481515
v 3.040412 1.054783 -0.492949
v 3.021007 1.027915 0.144041
v 2.727445 0.938744 -0.404483
v 3.074509 1.047915 0.122269
v 2.694003 0.925057 -0.352202
v 3.123077 1.066607 0.088937
v 2.670317 0.914674 -0.293213
v 3.164882 1.083064 0.045237
v 2.657250 0.907929 -0.229964
v 3.198324 1.096751 -0.007044
v 2.655278 0.905154 -0.164682
v 3.222009 1.107234 -0.066032
v 2.664455 0.906478 -0.099972
v 3.235077 1.113879 -0.129282
v 2.684438 0.911829 -0.038420
v 3.237049 1.116654 -0.194564
v 2.714510 0.920926 0.017807
v 3.227872 1.115330 -0.259274
v 2.753541 0.933487 0.066365
v 3.207888 1.110079 -0.320825
v 2.799838 0.949118 0.105540
v 3.177817 1.100882 -0.377053
v 2.851915 0.967025 0.133703
v 2.871320 0.993893 -0.503287
v 3.262843 1.098706 -0.051663
v 3.278495 1.029547 -0.053303
v 3.251641 1.017748 0.013358
v 3.236089 1.086907 0.014992
v 3.151059 1.052736 0.123589
v 3.096142 1.031639 0.161253
v 2.665776 0.892687 -0.375238
v 2.639021 0.880889 -0.308582
v 3.198339 1.071404 0.074202
v 2.624118 0.873333 -0.237028
v 2.621919 0.870156 -0.163224
v 2.632263 0.871692 -0.090062
v 3.277647 1.106261 -0.123212
v 2.654990 0.877672 -0.020442
v 3.279946 1.109338 -0.197023
v 2.688961 0.888017 0.043094
v 3.269502 1.107902 -0.270178
v 2.733041 0.902245 0.098102
v 3.246874 1.101922 -0.339803
v 2.785511 0.919868 0.142365
v 3.212903 1.091578 -0.403340
v 2.844279 0.940188 0.174191
v 2.866255 0.970546 -0.546135
v 3.168823 1.077350 -0.458347
v 2.907191 0.962300 0.192485
v 2.805722 0.947955 -0.521499
v 3.116354 1.059726 -0.502611
v 2.971798 0.985594 0.196376
v 2.750805 0.926859 -0.483835
v 3.057585 1.039406 -0.534436
v 3.035611 1.008948 0.185889
v 2.703526 0.908190 -0.434448
v 3.249755 0.981472 -0.196777
v 3.295497 1.040279 -0.198656
v 3.285154 1.038744 -0.271817
v 3.240968 0.980510 -0.257999
v 2.647914 0.802534 -0.091702
v 2.637470 0.801097 -0.164857
v 3.293299 1.037103 -0.124852
v 2.670542 0.808613 -0.022075
v 2.704513 0.818858 0.041460
v 2.748592 0.833186 0.096469
v 3.262526 1.032764 -0.341443
v 2.801063 0.850709 0.140731
v 3.228456 1.022419 -0.404974
v 2.859931 0.871030 0.172551
v 2.945618 0.924842 -0.558256
v 2.881906 0.901488 -0.547774
v 3.184375 1.008191 -0.459981
v 2.922842 0.893242 0.190847
v 2.821374 0.878797 -0.523138
v 3.131906 0.990568 -0.504245
v 2.987350 0.916435 0.194742
v 2.766357 0.857700 -0.485469
v 3.073136 0.970347 -0.536069
v 3.051162 0.939889 0.184256
v 2.719077 0.839131 -0.436081
v 3.010226 0.948135 -0.554365
v 3.111693 0.962581 0.159620
v 2.681328 0.823528 -0.376872
v 3.166611 0.983577 0.121955
v 2.654572 0.811830 -0.310215
v 3.213891 1.002245 0.072568
v 2.639769 0.804175 -0.238667
v 2.954723 0.898808 -0.497453
v 2.900981 0.881956 -0.488553
v 2.892818 0.846945 -0.536768
v 2.954975 0.866483 -0.547006
v 2.788337 0.831848 0.050682
v 2.751227 0.821674 0.004648
v 3.221956 0.976329 -0.316287
v 2.832535 0.844487 0.087636
v 3.193245 0.968907 -0.369366
v 2.882154 0.859091 0.114295
v 3.156136 0.958733 -0.415399
v 2.935233 0.875057 0.129461
v 2.849884 0.865591 -0.467975
v 3.111838 0.946093 -0.452348
v 2.989650 0.891772 0.132741
v 2.803495 0.850336 -0.436328
v 3.062317 0.931590 -0.479011
v 3.043491 0.908725 0.123837
v 2.763636 0.836824 -0.395007
v 3.009239 0.915624 -0.494177
v 3.094588 0.925090 0.103259
v 2.731827 0.825582 -0.345393
v 3.140877 0.940244 0.071616
v 2.709147 0.817045 -0.289644
v 3.180837 0.953757 0.030289
v 2.696688 0.811444 -0.229722
v 3.212646 0.964999 -0.019325
v 2.694718 0.809110 -0.167940
v 3.235325 0.973636 -0.075072
v 2.703505 0.810071 -0.106718
v 3.247785 0.979137 -0.134996
v 2.722516 0.814352 -0.048429
v 2.734209 0.794866 -0.428600
v 2.740699 0.722826 -0.429763
v 2.786794 0.738465 -0.477516
v 2.780305 0.810405 -0.476353
v 3.187660 0.935720 -0.452158
v 3.230558 0.947459 -0.399017
v 2.932404 0.838971 0.177491
v 2.871098 0.820565 0.159850
v 2.833814 0.828076 -0.512875
v 3.136552 0.921090 -0.494861
v 2.995336 0.858352 0.181231
v 3.079213 0.904270 -0.525625
v 3.057493 0.877890 0.170993
v 3.017907 0.885864 -0.543266
v 3.116497 0.896759 0.147100
v 2.697332 0.781892 -0.371312
v 3.170106 0.914331 0.110572
v 2.671239 0.771926 -0.306877
v 3.216201 0.929970 0.062819
v 2.656804 0.765499 -0.237539
v 3.252979 0.942943 0.005537
v 2.654563 0.762851 -0.166231
v 3.279171 0.952910 -0.058904
v 2.664672 0.763914 -0.095566
v 3.293607 0.959337 -0.128241
v 2.686688 0.768814 -0.028122
v 3.295848 0.961985 -0.199549
v 2.719753 0.777376 0.033242
v 3.285738 0.960922 -0.270214
v 2.762751 0.789116 0.086378
v 3.263722 0.956022 -0.337658
v 2.813859 0.803646 0.129080
v 2.715686 0.701294 -0.230001
v 2.727851 0.706271 -0.288111
v 2.677728 0.699986 -0.308040
v 2.663193 0.693558 -0.238696
v 3.024397 0.813824 -0.544430
v 3.085703 0.832230 -0.526789
v 3.122987 0.824719 0.145937
v 3.063982 0.805850 0.169829
v 2.703821 0.709852 -0.372476
v 2.961465 0.794443 -0.548170
v 3.176595 0.842391 0.109409
v 3.222691 0.857930 0.061655
v 3.259468 0.871003 0.004375
v 2.661052 0.690812 -0.167395
v 3.285661 0.880870 -0.060067
v 2.671061 0.691973 -0.096723
v 3.300096 0.887297 -0.129405
v 2.693177 0.696874 -0.029285
v 3.302337 0.890045 -0.200712
v 2.726243 0.705336 0.032078
v 3.292228 0.888882 -0.271378
v 2.769240 0.717076 0.085214
v 3.270212 0.883983 -0.338822
v 2.820348 0.731706 0.127917
v 3.237046 0.875519 -0.400179
v 2.877587 0.748526 0.158687
v 2.899307 0.775006 -0.537931
v 3.194149 0.863680 -0.453322
v 2.938892 0.767031 0.176329
v 2.840303 0.756036 -0.514039
v 3.143041 0.849150 -0.496024
v 3.001825 0.786313 0.180067
v 2.740799 0.703663 -0.054484
v 2.701577 0.672789 -0.033425
v 2.680049 0.668474 -0.099186
v 2.722282 0.699965 -0.110991
v 3.216197 0.837398 -0.026455
v 3.185295 0.827282 0.021619
v 2.713804 0.699183 -0.170225
v 3.238180 0.845010 -0.080472
v 3.250345 0.849987 -0.138583
v 3.252127 0.852096 -0.198353
v 2.768624 0.710197 -0.003069
v 3.243749 0.851315 -0.257593
v 2.804663 0.719179 0.041508
v 3.225232 0.847618 -0.314099
v 2.847508 0.730320 0.077318
v 3.197406 0.841184 -0.365513
v 2.895589 0.743221 0.103043
v 2.913879 0.764062 -0.480868
v 2.966050 0.779097 -0.489501
v 3.161368 0.832102 -0.410091
v 2.947057 0.757379 0.117776
v 2.864337 0.749517 -0.460857
v 3.118523 0.820961 -0.445902
v 2.999881 0.772282 0.120924
v 2.819376 0.735986 -0.430271
v 3.070342 0.808058 -0.471621
v 3.052052 0.787218 0.112290
v 2.780736 0.723999 -0.390203
v 3.018874 0.793901 -0.486354
v 3.101594 0.801763 0.092279
v 2.749833 0.713982 -0.342128
v 3.146654 0.815294 0.061688
v 2.825763 0.703841 0.119894
v 2.827660 0.631660 0.118983
v 2.777698 0.618628 0.077336
v 2.775900 0.690810 0.078242
v 3.296814 0.845596 -0.200902
v 3.294579 0.843069 -0.131296
v 2.733868 0.680362 0.026468
v 3.286898 0.844616 -0.269874
v 3.265371 0.840301 -0.335636
v 3.233078 0.832828 -0.395528
v 2.881774 0.718859 0.149910
v 2.903047 0.743139 -0.529780
v 2.963835 0.760561 -0.539765
v 3.191147 0.822281 -0.447308
v 2.941670 0.735358 0.167107
v 2.845397 0.726187 -0.506442
v 3.141184 0.809348 -0.488954
v 3.003211 0.752630 0.170700
v 2.793027 0.710436 -0.470763
v 3.085172 0.794331 -0.518970
v 3.063899 0.770051 0.160720
v 2.748056 0.696419 -0.424156
v 3.025276 0.777831 -0.536167
v 3.121549 0.787003 0.137382
v 2.711989 0.684769 -0.368301
v 3.173919 0.802754 0.101703
v 2.686504 0.675825 -0.305390
v 3.218991 0.816672 0.055090
v 2.672369 0.670021 -0.237765
v 3.254957 0.828421 -0.000759
v 2.670132 0.667593 -0.168157
v 3.280443 0.837265 -0.063671
v 3.005009 0.680448 0.169795
v 3.003213 0.652764 0.123812
v 2.949853 0.641757 0.120637
v 2.943469 0.663077 0.166201
v 3.234877 0.760546 -0.396435
v 3.267268 0.768120 -0.336547
v 2.883572 0.646677 0.149005
v 2.904846 0.670857 -0.530687
v 2.965633 0.688379 -0.540671
v 3.192945 0.750099 -0.448214
v 2.847195 0.654005 -0.507347
v 3.142982 0.737166 -0.489859
v 2.794924 0.638255 -0.471674
v 3.087070 0.722150 -0.519881
v 3.065797 0.697870 0.159809
v 2.749854 0.624237 -0.425062
v 3.027174 0.705650 -0.537078
v 3.123446 0.714822 0.136471
v 2.713886 0.612588 -0.369212
v 3.175717 0.730572 0.100797
v 2.688302 0.603643 -0.306296
v 3.220789 0.744490 0.054184
v 2.674166 0.597839 -0.238671
v 3.256756 0.756139 -0.001665
v 2.672029 0.595412 -0.169068
v 3.282341 0.765084 -0.064582
v 2.681847 0.596292 -0.100092
v 3.296476 0.770888 -0.132207
v 2.703374 0.600607 -0.034330
v 3.298612 0.773415 -0.201808
v 2.735765 0.608181 0.025557
v 3.288795 0.772435 -0.270785
v 3.151231 0.684897 0.063584
v 3.171074 0.674578 0.096523
v 3.119638 0.663141 0.131698
v 3.105871 0.674757 0.094730
v 2.820777 0.627544 -0.435165
v 2.866137 0.637684 -0.466312
v 3.074165 0.681144 -0.477356
v 3.122701 0.690644 -0.451194
v 3.055910 0.663905 0.115006
v 2.781747 0.618445 -0.394442
v 3.022256 0.670685 -0.492224
v 2.750551 0.610821 -0.345823
v 2.968895 0.659677 -0.495399
v 2.728399 0.604998 -0.290975
v 3.190362 0.693896 0.022854
v 2.716169 0.601112 -0.232048
v 3.221558 0.701521 -0.025765
v 2.714333 0.599391 -0.171369
v 3.243711 0.707343 -0.080613
v 2.722864 0.599763 -0.111241
v 3.255940 0.711230 -0.139540
v 2.741535 0.602352 -0.053953
v 3.257775 0.713051 -0.200218
v 2.769620 0.606980 -0.001773
v 3.249245 0.712579 -0.260347
v 2.806005 0.613559 0.043259
v 3.230575 0.709989 -0.317635
v 2.849308 0.621797 0.079613
v 3.202490 0.705362 -0.369815
v 2.897844 0.631297 0.105775
v 2.916198 0.648536 -0.486593
v 3.166104 0.698783 -0.414847
v 3.275687 0.700048 -0.066842
v 3.265012 0.626854 -0.067067
v 3.239962 0.620224 -0.004956
v 3.250538 0.693416 -0.004725
v 2.717412 0.590789 -0.366947
v 2.692363 0.584158 -0.304835
v 3.215305 0.684882 0.050417
v 2.678460 0.579768 -0.238209
v 2.676370 0.577752 -0.169506
v 2.686041 0.578241 -0.101427
v 3.289489 0.704437 -0.133463
v 2.707225 0.581164 -0.036664
v 3.291680 0.706454 -0.202171
v 2.738992 0.586442 0.022432
v 3.281909 0.705964 -0.270244
v 2.780212 0.593891 0.073515
v 3.260824 0.703042 -0.335014
v 2.829180 0.603120 0.114674
v 3.228957 0.697763 -0.394103
v 2.884200 0.613935 0.144197
v 2.904917 0.633404 -0.526401
v 2.964553 0.646015 -0.536276
v 3.187837 0.690415 -0.445191
v 2.943020 0.625728 0.161101
v 2.848310 0.621165 -0.503369
v 3.138770 0.681085 -0.486346
v 3.003397 0.638190 0.164605
v 2.796875 0.609627 -0.468195
v 3.083749 0.670370 -0.515868
v 3.063032 0.650802 0.154730
v 2.752744 0.599424 -0.422093
v 3.024929 0.658477 -0.532773
v 3.271233 0.632771 -0.270470
v 3.233332 0.594144 -0.261188
v 3.241886 0.594412 -0.200662
v 3.281004 0.633261 -0.202397
v 2.675366 0.505047 -0.101653
v 2.665695 0.504558 -0.169732
v 3.278814 0.631244 -0.133688
v 2.696550 0.507971 -0.036889
v 2.728317 0.513248 0.022206
v 2.769537 0.520598 0.073289
v 3.250149 0.629848 -0.335239
v 2.818604 0.529928 0.114443
v 3.218382 0.624571 -0.394334
v 2.873525 0.540642 0.143971
v 2.953877 0.572821 -0.536502
v 2.894242 0.560210 -0.526627
v 3.177162 0.617122 -0.445418
v 2.932345 0.552535 0.160875
v 2.837636 0.547871 -0.503595
v 3.128095 0.607891 -0.486571
v 2.992722 0.564997 0.164379
v 2.786300 0.536435 -0.468426
v 3.073074 0.597177 -0.516093
v 3.052357 0.577608 0.154504
v 2.742069 0.526131 -0.422320
v 3.014254 0.585283 -0.532998
v 3.108963 0.589947 0.131473
v 2.706737 0.517595 -0.367172
v 3.160399 0.601384 0.096298
v 2.681687 0.510965 -0.305061
v 3.204630 0.611588 0.050191
v 2.667785 0.506574 -0.238434
v 3.052745 0.531512 0.154068
v 3.040171 0.553143 0.116745
v 3.090137 0.562097 0.096248
v 3.108971 0.541647 0.131033
v 2.790260 0.511603 0.044496
v 2.753841 0.506328 -0.000920
v 3.214634 0.592159 -0.318868
v 2.833586 0.518339 0.081032
v 3.186525 0.588435 -0.371338
v 2.882147 0.526137 0.107374
v 2.900197 0.541520 -0.489004
v 2.952908 0.550862 -0.497831
v 3.150108 0.583060 -0.416755
v 2.934083 0.534694 0.122419
v 2.850230 0.532566 -0.468507
v 3.106782 0.576324 -0.453291
v 2.987458 0.543902 0.125573
v 2.804867 0.524124 -0.437141
v 3.058220 0.568527 -0.479633
v 2.765835 0.516523 -0.396200
v 3.006284 0.559969 -0.494678
v 2.734651 0.510194 -0.347167
v 3.135500 0.570539 0.064882
v 2.712508 0.505168 -0.292010
v 3.174532 0.578140 0.023941
v 2.700296 0.501877 -0.232676
v 3.205715 0.584570 -0.025091
v 2.698481 0.500252 -0.171597
v 3.227859 0.589495 -0.080249
v 2.707036 0.500519 -0.111071
v 3.240071 0.592787 -0.139583
v 2.725733 0.502504 -0.053391
v 3.212785 0.507963 0.048682
v 3.203869 0.559682 0.049754
v 3.239013 0.566916 -0.005398
v 3.247830 0.515096 -0.006466
v 2.709113 0.483219 -0.367788
v 2.744159 0.490351 -0.422935
v 2.954636 0.528931 -0.537134
v 3.014632 0.539189 -0.533634
v 3.160022 0.551181 0.095858
v 2.684256 0.477590 -0.305676
v 2.670453 0.473899 -0.238947
v 2.668361 0.472083 -0.170242
v 3.263871 0.572444 -0.067511
v 2.678034 0.472372 -0.102165
v 3.277574 0.576234 -0.134234
v 2.699129 0.474594 -0.037305
v 3.279666 0.577950 -0.202940
v 2.730705 0.478869 0.021790
v 3.269993 0.577761 -0.271015
v 2.771637 0.484816 0.072873
v 3.248998 0.575441 -0.335883
v 2.820420 0.492344 0.114023
v 3.217421 0.571265 -0.394976
v 2.875057 0.501155 0.143545
v 2.895381 0.518523 -0.527255
v 3.176390 0.565217 -0.446055
v 2.933496 0.510845 0.160446
v 2.839156 0.508387 -0.504220
v 3.127707 0.557691 -0.487210
v 2.993491 0.521104 0.163947
v 2.788105 0.498853 -0.469046
v 3.073070 0.548879 -0.516732
v 3.264743 0.452203 -0.141818
v 3.286491 0.524416 -0.135306
v 3.288583 0.526232 -0.204012
v 3.266624 0.453137 -0.203611
v 2.679370 0.422080 -0.240020
v 2.677278 0.420364 -0.171313
v 3.272788 0.520726 -0.068583
v 2.686951 0.420553 -0.103238
v 2.707946 0.422874 -0.038371
v 2.739623 0.427051 0.020717
v 3.278910 0.525943 -0.272088
v 2.780554 0.433097 0.071801
v 3.257915 0.523722 -0.336954
v 2.829237 0.440624 0.112957
v 3.226239 0.519445 -0.396044
v 2.883874 0.449436 0.142479
v 2.904298 0.466804 -0.528327
v 2.963552 0.477212 -0.538206
v 3.185307 0.513498 -0.447126
v 2.942412 0.459126 0.159375
v 2.847973 0.456667 -0.505287
v 3.136624 0.505972 -0.488282
v 3.002408 0.469385 0.162875
v 2.796921 0.447134 -0.470112
v 3.081987 0.497160 -0.517804
v 3.061662 0.479793 0.152996
v 2.753075 0.438633 -0.424007
v 3.023548 0.487470 -0.534705
v 3.117887 0.489929 0.129962
v 2.718031 0.431400 -0.368860
v 3.168939 0.499462 0.094787
v 2.693073 0.425870 -0.306742
v 2.916585 0.445209 -0.494393
v 2.865275 0.443141 -0.473544
v 2.818776 0.441185 -0.441742
v 2.778720 0.439370 -0.400280
v 2.746626 0.437626 -0.350644
v 2.723994 0.436088 -0.294720
v 2.711398 0.434886 -0.234741
v 2.709416 0.434051 -0.172942
v 2.718215 0.433513 -0.111737
v 2.737362 0.433395 -0.053505
v 2.766038 0.433716 -0.000404
v 2.803421 0.434394 0.045408
v 2.847815 0.435335 0.082221
v 2.897545 0.436640 0.108726
v 2.950848 0.438307 0.123819
v 3.005484 0.440026 0.126820
v 3.059555 0.441980 0.117836
v 3.110766 0.443948 0.096991
v 3.157365 0.445905 0.065183
v 3.197420 0.447820 0.023722
v 3.229413 0.449562 -0.025908
v 3.252147 0.451001 -0.081839
v 3.257926 0.453576 -0.264822
v 3.238778 0.453694 -0.323054
v 3.210008 0.453471 -0.376049
v 3.172719 0.452795 -0.421966
v 3.128325 0.451754 -0.458780
v 3.078495 0.450448 -0.485280
v 3.025292 0.448882 -0.500377
v 2.970557 0.447062 -0.503374
v 2.945673 0.454015 -0.542882
v 3.015846 0.454563 -0.539854
v 3.084069 0.454936 -0.523198
v 3.147704 0.455120 -0.493570
v 3.204381 0.455109 -0.452141
v 3.251816 0.454902 -0.400385
v 3.288290 0.454507 -0.340412
v 3.312376 0.453941 -0.274446
v 3.323133 0.453223 -0.205039
v 3.320112 0.452382 -0.134869
v 3.303457 0.451452 -0.066749
v 3.273839 0.450465 -0.003020
v 3.232408 0.449464 0.053552
v 3.180661 0.448481 0.101080
v 3.120689 0.447559 0.137546
v 3.054724 0.446732 0.161626
v 2.985309 0.446031 0.172276
v 2.915143 0.445482 0.169348
v 2.847019 0.445110 0.152686
v 2.783284 0.444925 0.123064
v 2.726701 0.444938 0.081529
v 2.679172 0.445144 0.029879
v 2.642693 0.445539 -0.030194
v 2.618612 0.446105 -0.096060
v 2.607955 0.446823 -0.165473
v 2.610877 0.447663 -0.235638
v 2.627526 0.448595 -0.303857
v 2.657149 0.449580 -0.367487
v 2.698675 0.450584 -0.424164
v 2.876265 0.453314 -0.532132
v 2.750328 0.451564 -0.471587
v 2.810399 0.452487 -0.508058
v 2.683652 0.419719 -0.438199
v 2.683941 0.384923 -0.438603
v 2.738645 0.385961 -0.488799
v 2.738356 0.420757 -0.488394
v 2.587744 0.415743 -0.164700
v 2.599022 0.414984 -0.091316
v 3.340658 0.421620 -0.132345
v 3.323120 0.420637 -0.060270
v 2.624516 0.414386 -0.021622
v 3.343857 0.422509 -0.206530
v 2.663086 0.413968 0.041840
v 3.332480 0.423268 -0.279909
v 2.713283 0.413750 0.096447
v 3.307085 0.423867 -0.349608
v 2.773199 0.413738 0.140302
v 3.268515 0.424285 -0.413071
v 2.840434 0.413932 0.171634
v 2.944796 0.423347 -0.563709
v 2.871416 0.422605 -0.552338
v 3.218313 0.424504 -0.467778
v 2.912518 0.414326 0.189277
v 2.801722 0.421730 -0.526851
v 3.158396 0.424516 -0.511632
v 2.986700 0.414906 0.192384
v 3.091068 0.424319 -0.542858
v 3.060086 0.415646 0.181114
v 3.018984 0.423926 -0.560502
v 3.129780 0.416522 0.155626
v 2.639802 0.418658 -0.378289
v 3.193240 0.417497 0.117064
v 2.608481 0.417616 -0.310960
v 3.247944 0.418535 0.066869
v 2.590843 0.416631 -0.238880
v 3.291800 0.419594 0.007058
v 2.871705 0.387809 -0.552743
v 2.802011 0.386934 -0.527256
v 2.640091 0.383862 -0.378693
v 2.608770 0.382819 -0.311364
v 2.591132 0.381835 -0.239285
v 2.588033 0.380947 -0.165105
v 2.599311 0.380188 -0.091720
v 2.624805 0.379589 -0.022026
v 2.663375 0.379172 0.041436
v 2.713572 0.378954 0.096043
v 2.773488 0.378942 0.139897
v 2.840723 0.379136 0.171229
v 2.912807 0.379530 0.188873
v 2.986989 0.380109 0.191979
v 3.060375 0.380850 0.180709
v 3.130069 0.381725 0.155222
v 3.193529 0.382700 0.116660
v 3.248233 0.383738 0.066464
v 3.292089 0.384798 0.006654
v 3.323410 0.385841 -0.060675
v 3.340947 0.386824 -0.132749
v 3.344146 0.387713 -0.206935
v 3.332769 0.388471 -0.280314
v 3.307374 0.389071 -0.350013
v 3.268804 0.389488 -0.413475
v 3.218602 0.389707 -0.468182
v 3.158685 0.389719 -0.512036
v 3.091357 0.389523 -0.543263
v 3.019273 0.389129 -0.560907
v 2.945085 0.388551 -0.564113
v 2.944643 0.389612 -0.561072
v 3.018526 0.390189 -0.557949
v 3.090405 0.390582 -0.540394
v 3.157533 0.390776 -0.509156
v 3.217239 0.390765 -0.465491
v 3.267231 0.390546 -0.410972
v 3.305684 0.390131 -0.347804
v 3.330968 0.389533 -0.278299
v 3.342334 0.388777 -0.205120
v 3.339118 0.387891 -0.131234
v 3.321670 0.386911 -0.059365
v 3.290432 0.385872 0.007659
v 3.246771 0.384816 0.067359
v 3.192255 0.383782 0.117343
v 3.128989 0.382810 0.155795
v 3.059489 0.381937 0.181171
v 2.986403 0.381199 0.192425
v 2.912520 0.380622 0.189302
v 2.840641 0.380229 0.171747
v 2.773612 0.380036 0.140504
v 2.713907 0.380047 0.096838
v 2.663815 0.380265 0.042325
v 2.625462 0.380681 -0.020849
v 2.600078 0.381278 -0.090348
v 2.588717 0.382033 -0.163428
v 2.591927 0.382920 -0.237413
v 2.609476 0.383901 -0.309288
v 2.640614 0.384939 -0.376306
v 2.684375 0.385996 -0.436011
v 2.871556 0.388874 -0.549818
v 2.738890 0.387030 -0.485996
v 2.802057 0.388002 -0.524442
v 2.848280 0.210606 -0.648174
v 2.760420 0.209504 -0.616174
v 2.680589 0.208276 -0.567593
v 2.611683 0.206969 -0.504393
v 2.556471 0.205634 -0.429033
v 2.517106 0.204322 -0.344234
v 2.494895 0.203082 -0.253474
v 2.490961 0.201963 -0.160020
v 2.505193 0.201008 -0.067671
v 2.537297 0.200255 0.020084
v 2.585793 0.199728 0.100022
v 2.649001 0.199452 0.168931
v 2.724469 0.199437 0.224143
v 2.809174 0.199683 0.263522
v 2.900039 0.200179 0.285735
v 2.993397 0.200909 0.289683
v 3.085748 0.201841 0.275461
v 3.173603 0.202944 0.243361
v 3.253439 0.204170 0.194879
v 3.322344 0.205477 0.131680
v 3.377551 0.206813 0.056220
v 3.417017 0.208127 -0.028584
v 3.439127 0.209365 -0.119339
v 3.443167 0.210484 -0.212698
v 3.428829 0.211440 -0.305142
v 3.396825 0.212194 -0.392902
v 3.348229 0.212720 -0.472835
v 3.285027 0.212994 -0.541644
v 3.209559 0.213009 -0.596856
v 3.124848 0.212765 -0.636335
v 3.033988 0.212267 -0.658448
v 2.940625 0.211539 -0.662496
v 2.941796 0.212874 -0.664649
v 3.035659 0.213607 -0.660629
v 3.126928 0.214106 -0.638338
v 3.212150 0.214352 -0.598688
v 3.287934 0.214337 -0.543193
v 3.351458 0.214060 -0.474001
v 3.400275 0.213532 -0.393680
v 3.432507 0.212774 -0.305431
v 3.446867 0.211814 -0.212588
v 3.442855 0.210689 -0.118729
v 3.420578 0.209442 -0.027365
v 3.380929 0.208124 0.057750
v 3.325445 0.206781 0.133626
v 3.256257 0.205468 0.197142
v 3.175938 0.204233 0.245950
v 3.087689 0.203126 0.278172
v 2.994845 0.202188 0.292522
v 2.900882 0.201454 0.288507
v 2.809613 0.200955 0.266216
v 2.724491 0.200709 0.226560
v 2.648607 0.200724 0.171071
v 2.585077 0.201002 0.101779
v 2.536265 0.201529 0.021558
v 2.504028 0.202288 -0.066791
v 2.489669 0.203248 -0.159634
v 2.493680 0.204373 -0.253493
v 2.515963 0.205619 -0.344757
v 2.555607 0.206938 -0.429972
v 2.611096 0.208280 -0.505749
v 2.848852 0.211935 -0.650294
v 2.680384 0.209594 -0.569269
v 2.760603 0.210828 -0.618072
v 3.467049 0.191764 -0.314491
v 3.467886 0.090974 -0.315663
v 3.483326 0.089943 -0.215969
v 3.482489 0.190733 -0.214798
v 3.138870 0.193195 -0.672086
v 3.230359 0.193461 -0.629577
v 3.096682 0.181402 0.312287
v 2.996987 0.180395 0.327717
v 2.584824 0.186938 -0.529671
v 2.659155 0.188349 -0.597977
v 3.040800 0.192658 -0.696003
v 3.191509 0.182591 0.277698
v 2.525240 0.185497 -0.448260
v 2.940009 0.191872 -0.700342
v 3.277736 0.183917 0.225258
v 2.482640 0.184079 -0.356773
v 3.352072 0.185327 0.157051
v 2.458731 0.182741 -0.258708
v 3.411656 0.186769 0.075641
v 2.454402 0.181533 -0.157922
v 3.454251 0.188187 -0.015947
v 2.469847 0.180502 -0.058129
v 3.478165 0.189524 -0.113911
v 2.504441 0.179688 0.036599
v 2.556897 0.179120 0.122928
v 2.625113 0.178822 0.197268
v 3.432449 0.192579 -0.409319
v 2.706532 0.178806 0.256858
v 3.379999 0.193145 -0.495547
v 2.798026 0.179070 0.299466
v 2.840215 0.190863 -0.684906
v 3.311783 0.193443 -0.569888
v 2.896096 0.179607 0.323384
v 2.745387 0.189674 -0.650317
v 2.841052 0.090074 -0.686078
v 2.746224 0.088884 -0.651489
v 2.659992 0.087560 -0.599149
v 2.585661 0.086148 -0.530842
v 2.526078 0.084707 -0.449432
v 2.483477 0.083290 -0.357944
v 2.459568 0.081951 -0.259880
v 2.455239 0.080744 -0.159093
v 2.470685 0.079712 -0.059300
v 2.505278 0.078898 0.035427
v 2.557734 0.078330 0.121756
v 2.625950 0.078033 0.196097
v 2.707369 0.078016 0.255686
v 2.798863 0.078281 0.298294
v 2.896934 0.078817 0.322212
v 2.997824 0.079605 0.326545
v 3.097519 0.080612 0.311115
v 3.192346 0.081802 0.276526
v 3.278573 0.083127 0.224086
v 3.352909 0.084538 0.155880
v 3.412493 0.085979 0.074469
v 3.455088 0.087397 -0.017118
v 3.479002 0.088735 -0.115083
v 3.433286 0.091789 -0.410490
v 3.380836 0.092356 -0.496719
v 3.312621 0.092653 -0.571060
v 3.231196 0.092671 -0.630749
v 3.139707 0.092405 -0.673257
v 3.041637 0.091869 -0.697175
v 2.940846 0.091082 -0.701513
v 3.401132 0.165334 -0.471088
v 3.404943 0.165385 -0.472801
v 3.405561 0.090993 -0.473665
v 3.401750 0.090941 -0.471952
v 3.408998 0.165430 -0.473726
v 3.409616 0.091037 -0.474591
v 3.413197 0.165466 -0.473858
v 3.413815 0.091074 -0.474723
v 3.417346 0.165492 -0.473086
v 3.417964 0.091099 -0.473951
v 3.421234 0.165507 -0.471599
v 3.421852 0.091114 -0.472464
v 3.425379 0.091118 -0.470255
v 3.424761 0.165510 -0.469391
v 3.428446 0.091109 -0.467320
v 3.427828 0.165502 -0.466456
v 3.430218 0.165482 -0.463083
v 3.430836 0.091090 -0.463948
v 3.432549 0.091060 -0.460137
v 3.431932 0.165452 -0.459272
v 3.433481 0.091019 -0.455982
v 3.432863 0.165412 -0.455117
v 3.433508 0.090972 -0.451878
v 3.432890 0.165364 -0.451013
v 3.432219 0.165310 -0.446870
v 3.432837 0.090918 -0.447734
v 3.431349 0.090860 -0.443847
v 3.430732 0.165253 -0.442982
v 3.429041 0.090800 -0.440314
v 3.428424 0.165193 -0.439449
v 3.426207 0.090741 -0.437253
v 3.425589 0.165134 -0.436388
v 3.422834 0.090685 -0.434863
v 3.422216 0.165078 -0.433998
v 3.418923 0.090633 -0.433144
v 3.418305 0.165025 -0.432280
v 3.414868 0.090588 -0.432219
v 3.414250 0.164981 -0.431354
v 3.410669 0.090552 -0.432087
v 3.410051 0.164945 -0.431222
v 3.406002 0.164920 -0.432000
v 3.406620 0.090527 -0.432864
v 3.402014 0.164904 -0.433481
v 3.402632 0.090512 -0.434346
v 3.399105 0.090508 -0.436555
v 3.398487 0.164900 -0.435690
v 3.396143 0.090516 -0.439395
v 3.395525 0.164909 -0.438530
v 3.393030 0.164928 -0.441998
v 3.393648 0.090536 -0.442862
v 3.391416 0.164959 -0.445814
v 3.392034 0.090567 -0.446679
v 3.391108 0.090606 -0.450734
v 3.390490 0.164999 -0.449869
v 3.390358 0.165046 -0.454068
v 3.390975 0.090654 -0.454932
v 3.391647 0.090708 -0.459076
v 3.391029 0.165100 -0.458211
v 3.393134 0.090765 -0.462963
v 3.392517 0.165158 -0.462099
v 3.394825 0.165218 -0.465631
v 3.395442 0.090826 -0.466496
v 3.421717 0.183756 -0.458101
v 3.422961 0.183537 -0.455568
v 3.397659 0.165277 -0.468692
v 3.398277 0.090885 -0.469557
v 3.411185 0.179763 -0.466275
v 3.397110 0.190354 -0.458266
v 3.397210 0.192330 -0.456146
v 3.413614 0.181075 -0.465594
v 3.414412 0.171064 -0.438307
v 3.416678 0.172787 -0.438713
v 3.399011 0.167127 -0.454825
v 3.399372 0.166298 -0.452049
v 3.415978 0.182280 -0.464310
v 3.422215 0.178081 -0.442767
v 3.423285 0.179615 -0.444913
v 3.403008 0.165738 -0.444344
v 3.404923 0.166230 -0.442242
v 3.404275 0.174793 -0.465247
v 3.406413 0.176521 -0.466147
v 3.402359 0.172962 -0.463959
v 3.423719 0.183011 -0.452811
v 3.412006 0.169547 -0.438591
v 3.399157 0.168359 -0.457423
v 3.418168 0.183079 -0.462619
v 3.420732 0.176347 -0.440901
v 3.401380 0.165552 -0.446660
v 3.408684 0.178244 -0.466454
v 3.424080 0.182181 -0.450036
v 3.409477 0.168233 -0.439266
v 3.399806 0.169694 -0.459948
v 3.420182 0.183571 -0.460522
v 3.418821 0.174615 -0.439513
v 3.400130 0.165772 -0.449293
v 3.423940 0.180949 -0.447338
v 3.407113 0.167029 -0.440551
v 3.400876 0.171228 -0.462094
v 3.397889 0.185495 -0.461268
v 3.398766 0.182812 -0.462148
v 3.399969 0.180226 -0.462544
v 3.401404 0.177736 -0.462351
v 3.402966 0.175340 -0.461663
v 3.404646 0.173342 -0.460576
v 3.406452 0.171638 -0.458993
v 3.408171 0.170330 -0.457099
v 3.409907 0.169618 -0.454800
v 3.411346 0.169302 -0.452379
v 3.412691 0.169582 -0.449746
v 3.413827 0.170262 -0.447197
v 3.414554 0.171539 -0.444719
v 3.414972 0.173215 -0.442320
v 3.415166 0.175194 -0.440305
v 3.414841 0.177571 -0.438558
v 3.414287 0.180052 -0.437298
v 3.413412 0.182634 -0.436419
v 3.412208 0.185320 -0.436022
v 3.410872 0.187812 -0.436221
v 3.409211 0.190206 -0.436903
v 3.407530 0.192205 -0.437989
v 3.405824 0.193909 -0.439579
v 3.404006 0.195216 -0.441467
v 3.402369 0.195930 -0.443772
v 3.400831 0.196245 -0.446187
v 3.399491 0.195963 -0.448720
v 3.398449 0.195285 -0.451374
v 3.397722 0.194008 -0.453852
v 3.397336 0.187976 -0.460008
v 3.467716 0.160597 -0.015999
v 3.468334 0.086204 -0.016864
v 3.465272 0.086212 -0.019699
v 3.464654 0.160604 -0.018834
v 3.470824 0.086186 -0.013497
v 3.470206 0.160578 -0.012632
v 3.471919 0.160548 -0.008821
v 3.472537 0.086156 -0.009686
v 3.473563 0.086117 -0.005637
v 3.472945 0.160510 -0.004772
v 3.473077 0.160462 -0.000573
v 3.473695 0.086069 -0.001438
v 3.473123 0.086017 0.002700
v 3.472506 0.160409 0.003565
v 3.471636 0.085959 0.006588
v 3.471019 0.160352 0.007453
v 3.468916 0.160292 0.011074
v 3.469533 0.085899 0.010209
v 3.466699 0.085840 0.013270
v 3.466081 0.160233 0.014135
v 3.462714 0.160176 0.016625
v 3.463331 0.085783 0.015760
v 3.458903 0.160124 0.018338
v 3.459521 0.085732 0.017473
v 3.455471 0.085686 0.018498
v 3.454853 0.160079 0.019363
v 3.450660 0.160041 0.019595
v 3.451278 0.085649 0.018730
v 3.446517 0.160015 0.018923
v 3.447134 0.085622 0.018058
v 3.443252 0.085606 0.016671
v 3.442634 0.159999 0.017535
v 3.439007 0.159994 0.015332
v 3.439625 0.085601 0.014468
v 3.435945 0.160002 0.012497
v 3.436563 0.085609 0.011633
v 3.434073 0.085628 0.008265
v 3.433455 0.160020 0.009130
v 3.432260 0.085657 0.004460
v 3.431642 0.160049 0.005325
v 3.430716 0.160089 0.001270
v 3.431334 0.085696 0.000405
v 3.431102 0.085743 -0.003788
v 3.430484 0.160135 -0.002923
v 3.431155 0.160189 -0.007067
v 3.431773 0.085797 -0.007931
v 3.432543 0.160246 -0.010949
v 3.433161 0.085853 -0.011814
v 3.435363 0.085914 -0.015441
v 3.434745 0.160306 -0.014576
v 3.438198 0.085973 -0.018502
v 3.437580 0.160365 -0.017637
v 3.440947 0.160422 -0.020127
v 3.441565 0.086030 -0.020991
v 3.445370 0.086083 -0.022804
v 3.444753 0.160475 -0.021940
v 3.448808 0.160519 -0.022865
v 3.449425 0.086127 -0.023730
v 3.453001 0.160557 -0.023097
v 3.453619 0.086164 -0.023962
v 3.457662 0.086190 -0.023284
v 3.457045 0.160583 -0.022419
v 3.459152 0.178452 0.007711
v 3.461131 0.178694 0.005501
v 3.461027 0.160600 -0.021037
v 3.461645 0.086207 -0.021902
v 3.464683 0.176145 -0.004941
v 3.464350 0.174872 -0.007540
v 3.451410 0.185676 -0.017019
v 3.449546 0.187648 -0.015992
v 3.439968 0.166105 0.006533
v 3.441168 0.167791 0.008589
v 3.448867 0.162420 -0.014233
v 3.446450 0.161583 -0.012807
v 3.464423 0.177311 -0.002209
v 3.449621 0.174520 0.012202
v 3.447120 0.173001 0.012023
v 3.439643 0.161421 -0.003717
v 3.440801 0.160961 -0.006391
v 3.460559 0.170009 -0.013494
v 3.462236 0.171704 -0.011866
v 3.458605 0.168207 -0.014708
v 3.457054 0.177913 0.009524
v 3.439148 0.164626 0.004158
v 3.451415 0.163651 -0.015062
v 3.463761 0.178074 0.000441
v 3.444894 0.171291 0.011326
v 3.442367 0.160804 -0.008883
v 3.463537 0.173391 -0.009816
v 3.454637 0.177076 0.010951
v 3.438821 0.163352 0.001658
v 3.453883 0.164976 -0.015484
v 3.462703 0.178535 0.003108
v 3.442845 0.169586 0.010219
v 3.444252 0.161044 -0.010988
v 3.452089 0.175846 0.011780
v 3.438981 0.162185 -0.001068
v 3.456383 0.166495 -0.015305
v 3.456353 0.175506 -0.016205
v 3.456751 0.172993 -0.014853
v 3.456765 0.170574 -0.013178
v 3.456393 0.168547 -0.011177
v 3.455730 0.166816 -0.008956
v 3.454571 0.165479 -0.006603
v 3.453206 0.164740 -0.004232
v 3.451539 0.164398 -0.001839
v 3.449755 0.164658 0.000366
v 3.447858 0.165319 0.002381
v 3.445839 0.166582 0.004110
v 3.443900 0.168249 0.005538
v 3.442030 0.170223 0.006465
v 3.440435 0.172604 0.006981
v 3.439011 0.175092 0.006987
v 3.437863 0.177688 0.006579
v 3.437087 0.180393 0.005651
v 3.436694 0.182904 0.004398
v 3.436680 0.185324 0.002723
v 3.437052 0.187350 0.000722
v 3.437715 0.189082 -0.001499
v 3.438875 0.190419 -0.003852
v 3.440234 0.191159 -0.006323
v 3.441907 0.191500 -0.008615
v 3.443685 0.191241 -0.010920
v 3.445582 0.190580 -0.012936
v 3.447601 0.189317 -0.014664
v 3.453005 0.183295 -0.017535
v 3.455577 0.178111 -0.017134
v 3.454429 0.180806 -0.017541
v 3.486086 0.163534 -0.255565
v 3.486704 0.089142 -0.256430
v 3.482493 0.089107 -0.256497
v 3.481876 0.163500 -0.255633
v 3.490852 0.089167 -0.255658
v 3.490235 0.163559 -0.254793
v 3.494028 0.163573 -0.253200
v 3.494646 0.089180 -0.254065
v 3.497567 0.163574 -0.250792
v 3.498185 0.089182 -0.251657
v 3.501052 0.089171 -0.248711
v 3.500434 0.163563 -0.247846
v 3.502730 0.163542 -0.244368
v 3.503348 0.089150 -0.245233
v 3.504349 0.163510 -0.240452
v 3.504967 0.089118 -0.241317
v 3.505793 0.089077 -0.237256
v 3.505175 0.163470 -0.236391
v 3.505108 0.163420 -0.232182
v 3.505726 0.089028 -0.233046
v 3.504331 0.163367 -0.228133
v 3.504949 0.088974 -0.228997
v 3.503262 0.088915 -0.225099
v 3.502644 0.163307 -0.224234
v 3.500331 0.163248 -0.220801
v 3.500949 0.088856 -0.221666
v 3.497391 0.163189 -0.217834
v 3.498008 0.088797 -0.218699
v 3.494530 0.088741 -0.216404
v 3.493912 0.163134 -0.215539
v 3.490614 0.088690 -0.214785
v 3.489996 0.163082 -0.213920
v 3.485936 0.163039 -0.213095
v 3.486554 0.088647 -0.213959
v 3.482344 0.088612 -0.214027
v 3.481726 0.163005 -0.213162
v 3.478189 0.088588 -0.214899
v 3.477571 0.162981 -0.214034
v 3.473778 0.162967 -0.215627
v 3.474395 0.088575 -0.216491
v 3.470862 0.088573 -0.218800
v 3.470244 0.162965 -0.217935
v 3.467377 0.162975 -0.220881
v 3.467995 0.088583 -0.221745
v 3.465076 0.162998 -0.224459
v 3.465693 0.088606 -0.225324
v 3.464080 0.088637 -0.229140
v 3.463462 0.163029 -0.228275
v 3.463248 0.088678 -0.233300
v 3.462631 0.163070 -0.232435
v 3.462703 0.163119 -0.236545
v 3.463321 0.088726 -0.237410
v 3.464093 0.088781 -0.241559
v 3.463475 0.163173 -0.240694
v 3.465167 0.163232 -0.244493
v 3.465785 0.088839 -0.245358
v 3.467475 0.163292 -0.248026
v 3.468093 0.088899 -0.248891
v 3.471033 0.088958 -0.251857
v 3.470415 0.163351 -0.250993
v 3.473893 0.163406 -0.253288
v 3.474511 0.089014 -0.254153
v 3.495559 0.181778 -0.235253
v 3.495522 0.181544 -0.232349
v 3.477815 0.163457 -0.254807
v 3.478433 0.089064 -0.255672
v 3.489132 0.177862 -0.247060
v 3.473101 0.188511 -0.245452
v 3.472390 0.190483 -0.243488
v 3.491118 0.179159 -0.245353
v 3.480679 0.169079 -0.220248
v 3.482900 0.170791 -0.219651
v 3.473320 0.165266 -0.241617
v 3.472473 0.164428 -0.238975
v 3.492822 0.180349 -0.243331
v 3.491492 0.177597 -0.222555
v 3.489585 0.176063 -0.221064
v 3.473597 0.164307 -0.227721
v 3.472653 0.163830 -0.230378
v 3.484749 0.174647 -0.248957
v 3.482456 0.172929 -0.249049
v 3.480196 0.171104 -0.248544
v 3.495182 0.181009 -0.229532
v 3.478522 0.167575 -0.221447
v 3.474581 0.166504 -0.243977
v 3.494057 0.181130 -0.240786
v 3.487452 0.174334 -0.220064
v 3.472195 0.163659 -0.233259
v 3.487076 0.176359 -0.248265
v 3.494334 0.180171 -0.226890
v 3.476536 0.166278 -0.223154
v 3.476162 0.167840 -0.245953
v 3.495001 0.181607 -0.238129
v 3.485192 0.172609 -0.219557
v 3.472132 0.163893 -0.236158
v 3.493073 0.178933 -0.224531
v 3.474927 0.165089 -0.225282
v 3.478064 0.169375 -0.247543
v 3.475111 0.183656 -0.247921
v 3.476215 0.180969 -0.248313
v 3.477446 0.178378 -0.248210
v 3.478609 0.175879 -0.247501
v 3.479799 0.173475 -0.246292
v 3.480919 0.171463 -0.244473
v 3.481854 0.169746 -0.242341
v 3.482702 0.168424 -0.239898
v 3.483262 0.167697 -0.237133
v 3.483619 0.167367 -0.234352
v 3.483777 0.167635 -0.231453
v 3.483727 0.168302 -0.228638
v 3.483361 0.169568 -0.226000
v 3.482875 0.171237 -0.223651
v 3.482059 0.173209 -0.221781
v 3.481218 0.175585 -0.220305
v 3.480149 0.178065 -0.219317
v 3.478945 0.180651 -0.218921
v 3.477814 0.183343 -0.219028
v 3.476551 0.185840 -0.219732
v 3.475461 0.188246 -0.220946
v 3.474346 0.190257 -0.222665
v 3.473411 0.191974 -0.224798
v 3.472558 0.193297 -0.227340
v 3.472003 0.194023 -0.230005
v 3.471540 0.194353 -0.232881
v 3.471482 0.194086 -0.235785
v 3.471533 0.193419 -0.238600
v 3.471799 0.192152 -0.241233
v 3.474042 0.186136 -0.246933
vn 0.4003 -0.9158 -0.0324
vn 0.4004 -0.9158 -0.0326
vn 0.4003 -0.9158 -0.0325
vn 0.4005 -0.9157 -0.0326
vn 0.4005 -0.9157 -0.0325
vn 0.4004 -0.9158 -0.0324
vn 0.4005 -0.9157 -0.0323
vn 0.4005 -0.9157 -0.0324
vn 0.4004 -0.9158 -0.0323
vn 0.4000 -0.9159 -0.0323
vn 0.4002 -0.9159 -0.0324
vn 0.1108 0.9930 -0.0413
vn 0.1108 0.9930 -0.0412
vn 0.1107 0.9930 -0.0411
vn 0.1107 0.9930 -0.0412
vn 0.4067 0.2092 -0.8893
vn 0.4066 0.2092 -0.8893
vn 0.4066 0.2091 -0.8893
vn 0.1510 0.0311 0.9880
vn 0.1509 0.0309 0.9881
vn 0.1510 0.0310 0.9880
vn -0.6926 -0.3256 0.6436
vn -0.6926 -0.3256 0.6437
vn -0.6925 -0.3256 0.6437
vn 0.2302 0.1348 -0.9638
vn 0.2302 0.1347 -0.9638
vn 0.2301 0.1347 -0.9638
vn 0.3354 0.1136 0.9352
vn 0.3354 0.1135 0.9352
vn -0.5625 -0.2736 0.7802
vn -0.5624 -0.2736 0.7803
vn -0.5620 -0.2740 0.7805
vn 0.0410 0.0533 -0.9977
vn 0.0409 0.0533 -0.9977
vn 0.0411 0.0532 -0.9977
vn 0.5023 0.1899 0.8436
vn 0.5027 0.1899 0.8434
vn -0.4066 -0.2092 0.8893
vn -0.4066 -0.2089 0.8894
vn -0.4066 -0.2091 0.8893
vn -0.1509 -0.0311 -0.9881
vn -0.1510 -0.0311 -0.9880
vn 0.6454 0.2565 0.7195
vn -0.2302 -0.1347 0.9638
vn -0.2303 -0.1348 0.9638
vn -0.3355 -0.1136 -0.9352
vn -0.3354 -0.1135 -0.9352
vn -0.3357 -0.1137 -0.9351
vn 0.7600 0.3118 0.5702
vn -0.0409 -0.0533 0.9977
vn -0.5026 -0.1896 -0.8435
vn -0.5027 -0.1899 -0.8434
vn -0.5028 -0.1895 -0.8434
vn 0.8432 0.3547 0.4040
vn 0.8434 0.3543 0.4039
vn 0.8433 0.3544 0.4042
vn 0.8432 0.3543 0.4042
vn -0.6456 -0.2568 -0.7192
vn 0.8952 0.3833 0.2275
vn 0.8951 0.3834 0.2275
vn -0.7598 -0.3120 -0.5703
vn -0.7598 -0.3120 -0.5705
vn -0.7598 -0.3120 -0.5704
vn 0.9160 0.3987 0.0453
vn 0.9160 0.3986 0.0453
vn 0.9159 0.3988 0.0453
vn -0.8432 -0.3543 -0.4043
vn -0.8432 -0.3545 -0.4042
vn -0.8432 -0.3544 -0.4042
vn 0.9058 0.4009 -0.1374
vn 0.9058 0.4007 -0.1374
vn -0.8952 -0.3833 -0.2275
vn -0.8952 -0.3832 -0.2275
vn -0.8952 -0.3833 -0.2274
vn -0.8952 -0.3833 -0.2273
vn 0.8650 0.3894 -0.3164
vn 0.8650 0.3894 -0.3165
vn -0.9159 -0.3988 -0.0454
vn -0.9159 -0.3988 -0.0453
vn -0.9160 -0.3986 -0.0457
vn -0.9159 -0.3989 -0.0454
vn 0.7939 0.3646 -0.4867
vn 0.7939 0.3643 -0.4868
vn 0.7938 0.3642 -0.4870
vn 0.7939 0.3643 -0.4869
vn -0.9058 -0.4007 0.1377
vn -0.9057 -0.4010 0.1373
vn -0.9058 -0.4008 0.1375
vn -0.9058 -0.4008 0.1374
vn 0.6927 0.3254 -0.6436
vn -0.8650 -0.3894 0.3164
vn 0.5623 0.2732 -0.7805
vn 0.5625 0.2736 -0.7802
vn -0.7938 -0.3643 0.4870
vn -0.7938 -0.3640 0.4872
vn 0.6170 -0.7444 -0.2553
vn 0.6170 -0.7444 -0.2552
vn -0.7956 0.5997 -0.0859
vn -0.7958 0.5994 -0.0862
vn -0.7959 0.5993 -0.0863
vn 0.0882 0.9875 -0.1309
vn 0.0883 0.9875 -0.1309
vn -0.8074 0.5900 0.0051
vn -0.8074 0.5899 0.0051
vn -0.8074 0.5899 0.0052
vn -0.8073 0.5901 0.0052
vn 0.0490 0.9754 -0.2148
vn 0.0490 0.9754 -0.2147
vn -0.8024 0.5889 0.0972
vn -0.8023 0.5889 0.0972
vn -0.8024 0.5888 0.0972
vn -0.0060 0.9569 -0.2902
vn -0.0059 0.9570 -0.2900
vn -0.0058 0.9570 -0.2900
vn -0.0057 0.9570 -0.2900
vn -0.7808 0.5962 0.1869
vn -0.7807 0.5963 0.1870
vn -0.7805 0.5965 0.1871
vn -0.7807 0.5963 0.1869
vn -0.0741 0.9325 -0.3534
vn -0.0739 0.9325 -0.3535
vn -0.0744 0.9325 -0.3533
vn -0.0743 0.9325 -0.3534
vn -0.7430 0.6120 0.2710
vn -0.7429 0.6121 0.2709
vn -0.1526 0.9026 -0.4026
vn -0.1533 0.9025 -0.4025
vn -0.1528 0.9026 -0.4025
vn -0.1530 0.9026 -0.4024
vn -0.2792 0.8189 0.5015
vn -0.2792 0.8189 0.5014
vn -0.6903 0.6353 0.3461
vn -0.6903 0.6353 0.3463
vn -0.6904 0.6351 0.3463
vn -0.6903 0.6352 0.3463
vn -0.2401 0.8678 -0.4350
vn -0.2403 0.8678 -0.4350
vn -0.2401 0.8678 -0.4351
vn -0.2398 0.8679 -0.4351
vn -0.1898 0.8576 0.4781
vn -0.1899 0.8575 0.4781
vn -0.1898 0.8576 0.4780
vn -0.6245 0.6647 0.4101
vn -0.6244 0.6648 0.4100
vn -0.6240 0.6651 0.4103
vn -0.3318 0.8295 -0.4492
vn -0.3318 0.8296 -0.4490
vn -0.3319 0.8295 -0.4493
vn -0.1067 0.8931 0.4370
vn -0.1062 0.8933 0.4367
vn -0.1066 0.8932 0.4369
vn -0.1066 0.8931 0.4370
vn -0.5473 0.6997 0.4592
vn -0.5472 0.6997 0.4592
vn -0.4238 0.7892 -0.4445
vn -0.4238 0.7892 -0.4446
vn -0.4238 0.7893 -0.4444
vn -0.4238 0.7892 -0.4444
vn -0.0336 0.9244 0.3800
vn -0.0337 0.9245 0.3798
vn -0.0336 0.9243 0.3802
vn -0.0333 0.9243 0.3801
vn -0.4618 0.7382 0.4917
vn -0.4617 0.7383 0.4916
vn -0.4618 0.7382 0.4918
vn -0.5123 0.7484 -0.4213
vn -0.5123 0.7484 -0.4212
vn -0.5125 0.7485 -0.4209
vn -0.5125 0.7484 -0.4210
vn 0.0276 0.9503 0.3101
vn 0.0276 0.9503 0.3102
vn 0.0275 0.9503 0.3101
vn -0.3711 0.7786 0.5060
vn -0.3711 0.7786 0.5061
vn -0.5938 0.7091 -0.3802
vn -0.5938 0.7091 -0.3803
vn 0.0737 0.9705 0.2297
vn 0.0736 0.9705 0.2297
vn 0.0738 0.9704 0.2298
vn 0.0738 0.9704 0.2297
vn -0.6650 0.6731 -0.3235
vn -0.6650 0.6731 -0.3236
vn 0.1034 0.9844 0.1423
vn -0.7237 0.6418 -0.2538
vn -0.7236 0.6419 -0.2537
vn -0.7236 0.6419 -0.2536
vn 0.1159 0.9920 0.0508
vn -0.7676 0.6169 -0.1736
vn -0.7676 0.6170 -0.1735
vn -0.7677 0.6169 -0.1737
vn 0.0662 -0.9944 0.0824
vn 0.0663 -0.9944 0.0823
vn 0.0664 -0.9944 0.0822
vn 0.5699 -0.7650 -0.2999
vn 0.5699 -0.7651 -0.2998
vn 0.5699 -0.7652 -0.2993
vn 0.5699 -0.7652 -0.2995
vn 0.0943 -0.9854 0.1417
vn 0.0944 -0.9854 0.1417
vn 0.0944 -0.9854 0.1416
vn 0.5151 -0.7893 -0.3342
vn 0.5151 -0.7894 -0.3340
vn 0.5151 -0.7893 -0.3341
vn 0.5151 -0.7893 -0.3344
vn 0.4277 -0.8519 0.3024
vn 0.4278 -0.8519 0.3023
vn 0.4278 -0.8519 0.3022
vn 0.4279 -0.8518 0.3021
vn 0.1330 -0.9718 0.1946
vn 0.1328 -0.9718 0.1946
vn 0.1332 -0.9718 0.1945
vn 0.4547 -0.8161 -0.3566
vn 0.4548 -0.8161 -0.3567
vn 0.4547 -0.8162 -0.3566
vn 0.4903 -0.8234 0.2859
vn 0.4902 -0.8234 0.2858
vn 0.1816 -0.9539 0.2389
vn 0.1816 -0.9539 0.2391
vn 0.1817 -0.9539 0.2391
vn 0.3907 -0.8444 -0.3665
vn 0.3911 -0.8443 -0.3664
vn 0.3908 -0.8444 -0.3665
vn 0.3907 -0.8444 -0.3666
vn 0.5479 -0.7959 0.2576
vn 0.2377 -0.9322 0.2730
vn 0.2376 -0.9322 0.2731
vn 0.2378 -0.9322 0.2729
vn 0.3261 -0.8727 -0.3633
vn 0.3262 -0.8728 -0.3631
vn 0.3264 -0.8727 -0.3630
vn 0.3261 -0.8727 -0.3634
vn 0.5985 -0.7709 0.2178
vn 0.5986 -0.7709 0.2178
vn 0.5987 -0.7708 0.2179
vn 0.5986 -0.7708 0.2179
vn 0.2989 -0.9074 0.2956
vn 0.2989 -0.9074 0.2955
vn 0.2989 -0.9073 0.2956
vn 0.2634 -0.9001 -0.3469
vn 0.2634 -0.9002 -0.3469
vn 0.2633 -0.9002 -0.3469
vn 0.6405 -0.7491 0.1688
vn 0.6405 -0.7491 0.1689
vn 0.6405 -0.7492 0.1687
vn 0.3633 -0.8803 0.3052
vn 0.3632 -0.8803 0.3052
vn 0.3634 -0.8802 0.3052
vn 0.3632 -0.8802 0.3054
vn 0.2049 -0.9256 -0.3183
vn 0.2048 -0.9256 -0.3184
vn 0.6723 -0.7317 0.1124
vn 0.6724 -0.7316 0.1124
vn 0.1529 -0.9481 -0.2787
vn 0.6928 -0.7194 0.0503
vn 0.6928 -0.7194 0.0505
vn 0.6928 -0.7194 0.0506
vn 0.6927 -0.7194 0.0506
vn 0.1097 -0.9671 -0.2297
vn 0.1097 -0.9671 -0.2296
vn 0.7013 -0.7128 -0.0141
vn 0.7013 -0.7127 -0.0141
vn 0.7012 -0.7128 -0.0140
vn 0.0770 -0.9819 -0.1731
vn 0.0771 -0.9819 -0.1731
vn 0.0769 -0.9819 -0.1731
vn 0.0768 -0.9819 -0.1731
vn 0.6977 -0.7120 -0.0794
vn 0.6976 -0.7121 -0.0794
vn 0.0556 -0.9922 -0.1112
vn 0.6820 -0.7172 -0.1429
vn 0.6820 -0.7173 -0.1428
vn 0.6820 -0.7173 -0.1427
vn 0.6824 -0.7168 -0.1432
vn 0.0466 -0.9978 -0.0465
vn 0.0470 -0.9978 -0.0467
vn 0.0467 -0.9978 -0.0465
vn 0.6549 -0.7282 -0.2023
vn 0.6548 -0.7282 -0.2023
vn 0.0502 -0.9986 0.0188
vn 0.0503 -0.9986 0.0188
vn 0.0503 -0.9986 0.0189
vn -0.5118 0.7511 -0.4170
vn -0.5120 0.7510 -0.4170
vn -0.5120 0.7509 -0.4171
vn 0.3355 0.1135 0.9352
vn 0.3353 0.1135 0.9352
vn -0.5627 -0.2735 0.7801
vn -0.5626 -0.2735 0.7802
vn -0.5630 -0.2734 0.7800
vn 0.0408 0.0532 -0.9978
vn 0.0407 0.0531 -0.9978
vn 0.0410 0.0532 -0.9977
vn 0.0413 0.0533 -0.9977
vn 0.5025 0.1897 0.8435
vn 0.5026 0.1898 0.8434
vn 0.5023 0.1897 0.8436
vn -0.4062 -0.2089 0.8896
vn -0.4064 -0.2092 0.8894
vn -0.4063 -0.2089 0.8895
vn -0.1509 -0.0310 -0.9881
vn -0.1507 -0.0311 -0.9881
vn -0.1507 -0.0309 -0.9881
vn 0.6460 0.2566 0.7189
vn 0.6457 0.2568 0.7191
vn -0.2301 -0.1347 0.9638
vn -0.2303 -0.1348 0.9637
vn -0.3355 -0.1135 -0.9352
vn -0.3356 -0.1136 -0.9351
vn 0.7599 0.3118 0.5704
vn 0.7599 0.3120 0.5703
vn 0.7598 0.3116 0.5706
vn -0.0410 -0.0532 0.9977
vn -0.0407 -0.0532 0.9978
vn -0.0408 -0.0532 0.9977
vn -0.0407 -0.0531 0.9978
vn -0.5025 -0.1897 -0.8435
vn -0.5024 -0.1896 -0.8436
vn -0.5026 -0.1898 -0.8434
vn 0.8430 0.3545 0.4045
vn 0.8432 0.3544 0.4042
vn 0.8430 0.3546 0.4044
vn 0.8432 0.3543 0.4044
vn -0.6457 -0.2568 -0.7191
vn 0.8951 0.3836 0.2274
vn 0.8952 0.3833 0.2274
vn 0.8951 0.3836 0.2273
vn -0.7599 -0.3118 -0.5704
vn -0.7599 -0.3120 -0.5703
vn -0.7598 -0.3122 -0.5703
vn 0.9159 0.3988 0.0454
vn -0.8430 -0.3546 -0.4044
vn -0.8430 -0.3545 -0.4045
vn -0.8433 -0.3545 -0.4040
vn 0.9058 0.4008 -0.1374
vn -0.8951 -0.3834 -0.2275
vn -0.8951 -0.3836 -0.2274
vn 0.8651 0.3894 -0.3163
vn 0.8652 0.3894 -0.3160
vn 0.8649 0.3896 -0.3163
vn 0.8647 0.3899 -0.3166
vn 0.7936 0.3645 -0.4871
vn 0.7937 0.3643 -0.4871
vn 0.7938 0.3644 -0.4869
vn 0.6926 0.3253 -0.6438
vn 0.6924 0.3255 -0.6440
vn 0.6926 0.3254 -0.6438
vn 0.6928 0.3252 -0.6437
vn -0.8650 -0.3893 0.3164
vn -0.8652 -0.3894 0.3160
vn -0.8649 -0.3897 0.3164
vn 0.5630 0.2734 -0.7800
vn 0.5626 0.2735 -0.7802
vn -0.7938 -0.3643 0.4869
vn -0.7939 -0.3643 0.4869
vn -0.7940 -0.3642 0.4868
vn 0.4062 0.2089 -0.8896
vn 0.4064 0.2090 -0.8894
vn 0.4065 0.2092 -0.8894
vn 0.4062 0.2091 -0.8895
vn 0.1513 0.0312 0.9880
vn 0.1513 0.0311 0.9880
vn -0.6928 -0.3256 0.6435
vn -0.6928 -0.3252 0.6437
vn -0.6927 -0.3255 0.6436
vn -0.0952 -0.9330 -0.3470
vn -0.0954 -0.9330 -0.3470
vn -0.0953 -0.9330 -0.3470
vn -0.0953 -0.9330 -0.3469
vn 0.0230 0.9512 0.3076
vn 0.0231 0.9512 0.3078
vn 0.0229 0.9513 0.3074
vn 0.0231 0.9512 0.3076
vn -0.3716 0.7809 0.5020
vn -0.3716 0.7809 0.5021
vn -0.3716 0.7810 0.5020
vn -0.3720 0.7809 0.5017
vn -0.5925 0.7122 -0.3763
vn -0.5924 0.7123 -0.3765
vn -0.5925 0.7122 -0.3764
vn -0.5926 0.7122 -0.3762
vn 0.0688 0.9712 0.2279
vn 0.0687 0.9712 0.2282
vn 0.0688 0.9713 0.2277
vn -0.6631 0.6766 -0.3204
vn -0.6631 0.6766 -0.3202
vn -0.6632 0.6765 -0.3202
vn -0.6632 0.6765 -0.3203
vn 0.0982 0.9851 0.1415
vn 0.0983 0.9851 0.1414
vn 0.0983 0.9851 0.1413
vn 0.0982 0.9851 0.1414
vn -0.7212 0.6456 -0.2511
vn 0.1107 0.9925 0.0510
vn 0.1107 0.9925 0.0509
vn 0.1107 0.9926 0.0509
vn -0.7649 0.6209 -0.1716
vn -0.7649 0.6209 -0.1717
vn -0.7648 0.6209 -0.1716
vn 0.1056 0.9936 -0.0404
vn 0.1056 0.9936 -0.0408
vn 0.1057 0.9936 -0.0402
vn -0.7928 0.6035 -0.0850
vn -0.7928 0.6035 -0.0852
vn -0.7928 0.6035 -0.0851
vn -0.7928 0.6036 -0.0850
vn 0.0832 0.9881 -0.1293
vn 0.0833 0.9881 -0.1291
vn 0.0833 0.9881 -0.1292
vn 0.0832 0.9881 -0.1294
vn -0.8045 0.5940 0.0055
vn -0.8044 0.5941 0.0054
vn 0.0443 0.9761 -0.2127
vn 0.0445 0.9762 -0.2125
vn 0.0444 0.9761 -0.2126
vn 0.0444 0.9761 -0.2125
vn -0.7994 0.5930 0.0966
vn -0.7993 0.5931 0.0967
vn -0.0099 0.9578 -0.2871
vn -0.0098 0.9579 -0.2870
vn -0.0099 0.9579 -0.2869
vn -0.0101 0.9578 -0.2872
vn -0.7778 0.6006 0.1855
vn -0.7778 0.6005 0.1856
vn -0.0775 0.9336 -0.3499
vn -0.0779 0.9336 -0.3497
vn -0.0775 0.9336 -0.3498
vn -0.7404 0.6160 0.2688
vn -0.7404 0.6161 0.2688
vn -0.7404 0.6160 0.2689
vn -0.1563 0.9038 -0.3984
vn -0.1560 0.9038 -0.3985
vn -0.1561 0.9038 -0.3984
vn -0.2809 0.8209 0.4972
vn -0.2808 0.8210 0.4972
vn -0.2813 0.8206 0.4974
vn -0.6882 0.6391 0.3435
vn -0.6882 0.6390 0.3436
vn -0.6883 0.6390 0.3434
vn -0.6882 0.6391 0.3433
vn -0.2424 0.8693 -0.4307
vn -0.2424 0.8694 -0.4306
vn -0.2425 0.8694 -0.4306
vn -0.1925 0.8591 0.4741
vn -0.1923 0.8593 0.4739
vn -0.1923 0.8592 0.4741
vn -0.1923 0.8593 0.4740
vn -0.6228 0.6684 0.4067
vn -0.6229 0.6682 0.4068
vn -0.6227 0.6685 0.4067
vn -0.6228 0.6684 0.4066
vn -0.3330 0.8315 -0.4447
vn -0.1100 0.8945 0.4332
vn -0.1100 0.8945 0.4333
vn -0.1102 0.8945 0.4332
vn -0.1099 0.8945 0.4332
vn -0.5464 0.7030 0.4553
vn -0.5462 0.7029 0.4555
vn -0.5463 0.7030 0.4554
vn -0.4238 0.7915 -0.4404
vn -0.4239 0.7915 -0.4403
vn -0.0372 0.9255 0.3770
vn -0.0376 0.9255 0.3768
vn -0.4616 0.7411 0.4876
vn -0.4617 0.7410 0.4876
vn -0.4615 0.7412 0.4876
vn -0.9160 -0.3987 -0.0453
vn -0.9160 -0.3987 -0.0452
vn 0.8519 -0.5237 -0.0007
vn 0.8517 -0.5240 -0.0008
vn 0.8518 -0.5238 -0.0007
vn -0.1473 -0.9555 -0.2555
vn -0.1473 -0.9555 -0.2554
vn -0.1473 -0.9555 -0.2556
vn 0.8461 -0.5226 -0.1051
vn 0.8460 -0.5227 -0.1051
vn 0.8462 -0.5225 -0.1051
vn -0.1809 -0.9710 -0.1561
vn -0.1806 -0.9711 -0.1562
vn -0.1808 -0.9710 -0.1562
vn -0.1810 -0.9710 -0.1562
vn 0.8218 -0.5309 -0.2068
vn 0.8217 -0.5310 -0.2068
vn 0.8218 -0.5310 -0.2068
vn -0.1953 -0.9793 -0.0528
vn -0.1952 -0.9793 -0.0529
vn -0.1954 -0.9793 -0.0528
vn -0.1954 -0.9793 -0.0527
vn 0.7794 -0.5487 -0.3024
vn 0.7795 -0.5486 -0.3024
vn 0.7795 -0.5486 -0.3022
vn -0.1895 -0.9805 0.0523
vn -0.1893 -0.9805 0.0521
vn -0.1895 -0.9805 0.0522
vn -0.1894 -0.9805 0.0522
vn 0.7202 -0.5749 -0.3883
vn 0.7201 -0.5751 -0.3882
vn 0.7201 -0.5752 -0.3880
vn 0.7202 -0.5749 -0.3882
vn -0.1636 -0.9745 0.1538
vn -0.1636 -0.9745 0.1536
vn -0.1633 -0.9746 0.1535
vn -0.1636 -0.9745 0.1535
vn 0.6456 -0.6087 -0.4611
vn 0.6456 -0.6088 -0.4611
vn 0.6456 -0.6088 -0.4610
vn 0.6456 -0.6089 -0.4609
vn -0.1194 -0.9611 0.2490
vn -0.1193 -0.9612 0.2488
vn -0.1193 -0.9612 0.2489
vn -0.1193 -0.9611 0.2491
vn 0.5582 -0.6487 -0.5173
vn 0.5579 -0.6487 -0.5177
vn 0.4179 -0.7507 0.5117
vn 0.4179 -0.7506 0.5118
vn -0.0574 -0.9406 0.3346
vn -0.0573 -0.9406 0.3347
vn -0.0575 -0.9406 0.3346
vn -0.0575 -0.9406 0.3345
vn 0.4611 -0.6926 -0.5548
vn 0.4610 -0.6926 -0.5548
vn 0.5186 -0.7042 0.4849
vn 0.5187 -0.7043 0.4847
vn 0.5187 -0.7042 0.4848
vn 0.5187 -0.7041 0.4849
vn 0.0199 -0.9131 0.4073
vn 0.0201 -0.9131 0.4073
vn 0.0200 -0.9131 0.4073
vn 0.0199 -0.9132 0.4071
vn 0.3579 -0.7386 -0.5713
vn 0.3579 -0.7386 -0.5714
vn 0.6111 -0.6593 0.4380
vn 0.6112 -0.6593 0.4380
vn 0.6110 -0.6594 0.4380
vn 0.1099 -0.8794 0.4633
vn 0.1098 -0.8794 0.4632
vn 0.1100 -0.8794 0.4633
vn 0.2531 -0.7845 -0.5661
vn 0.2532 -0.7846 -0.5660
vn 0.2533 -0.7846 -0.5659
vn 0.6918 -0.6183 0.3731
vn 0.6918 -0.6182 0.3731
vn 0.2090 -0.8401 0.5006
vn 0.2090 -0.8401 0.5005
vn 0.1515 -0.8285 -0.5391
vn 0.1516 -0.8286 -0.5390
vn 0.7580 -0.5825 0.2935
vn 0.7578 -0.5828 0.2934
vn 0.3132 -0.7966 0.5171
vn 0.3133 -0.7967 0.5169
vn 0.3131 -0.7966 0.5170
vn 0.0569 -0.8687 -0.4921
vn 0.0569 -0.8687 -0.4920
vn 0.8073 -0.5545 0.2021
vn 0.8073 -0.5544 0.2021
vn 0.8072 -0.5547 0.2017
vn 0.8073 -0.5544 0.2022
vn -0.0264 -0.9038 -0.4272
vn -0.0265 -0.9037 -0.4273
vn -0.0263 -0.9038 -0.4272
vn -0.0261 -0.9038 -0.4272
vn 0.8389 -0.5344 0.1029
vn 0.8390 -0.5344 0.1029
vn -0.7825 0.5390 0.3116
vn -0.7826 0.5392 0.3112
vn 0.7937 0.3644 -0.4870
vn 0.7938 0.3643 -0.4870
vn 0.7939 0.3642 -0.4869
vn -0.9057 -0.4010 0.1374
vn -0.9058 -0.4009 0.1374
vn -0.9057 -0.4010 0.1375
vn 0.6926 0.3257 -0.6436
vn 0.6925 0.3254 -0.6438
vn 0.6925 0.3257 -0.6437
vn 0.5625 0.2735 -0.7802
vn -0.7938 -0.3644 0.4870
vn -0.7938 -0.3644 0.4869
vn 0.4067 0.2093 -0.8892
vn 0.4066 0.2094 -0.8893
vn 0.4068 0.2094 -0.8892
vn 0.1511 0.0311 0.9880
vn -0.6926 -0.3257 0.6436
vn -0.6925 -0.3254 0.6438
vn -0.6925 -0.3257 0.6437
vn 0.2302 0.1351 -0.9637
vn 0.2301 0.1346 -0.9638
vn 0.3355 0.1139 0.9351
vn -0.5624 -0.2734 0.7804
vn -0.5626 -0.2736 0.7802
vn -0.5624 -0.2735 0.7803
vn -0.5623 -0.2734 0.7804
vn 0.0409 0.0532 -0.9977
vn 0.0408 0.0532 -0.9977
vn 0.5027 0.1900 0.8433
vn 0.5025 0.1901 0.8434
vn -0.4067 -0.2093 0.8893
vn -0.4067 -0.2092 0.8893
vn -0.4067 -0.2093 0.8892
vn -0.1511 -0.0311 -0.9880
vn -0.1512 -0.0312 -0.9880
vn 0.6456 0.2568 0.7192
vn 0.6456 0.2568 0.7191
vn -0.2303 -0.1349 0.9637
vn -0.2301 -0.1346 0.9638
vn -0.3355 -0.1137 -0.9351
vn -0.3353 -0.1135 -0.9352
vn 0.7599 0.3121 0.5703
vn 0.7598 0.3121 0.5703
vn 0.7597 0.3119 0.5705
vn 0.7598 0.3119 0.5704
vn -0.0410 -0.0533 0.9977
vn -0.0411 -0.0532 0.9977
vn -0.0411 -0.0533 0.9977
vn -0.5027 -0.1899 -0.8433
vn -0.5028 -0.1899 -0.8433
vn 0.8432 0.3544 0.4043
vn 0.8433 0.3542 0.4041
vn -0.6457 -0.2569 -0.7191
vn -0.6452 -0.2564 -0.7197
vn -0.6455 -0.2568 -0.7193
vn -0.6458 -0.2570 -0.7190
vn 0.8950 0.3837 0.2273
vn -0.7599 -0.3121 -0.5702
vn -0.7598 -0.3118 -0.5705
vn -0.7599 -0.3122 -0.5702
vn 0.9160 0.3987 0.0452
vn -0.8433 -0.3542 -0.4042
vn 0.9058 0.4008 -0.1373
vn 0.9059 0.4007 -0.1372
vn 0.8649 0.3898 -0.3162
vn 0.8650 0.3893 -0.3165
vn -0.0587 -0.9903 -0.1262
vn -0.0589 -0.9902 -0.1264
vn -0.0586 -0.9902 -0.1265
vn -0.1926 0.9261 -0.3245
vn -0.1926 0.9261 -0.3244
vn -0.2789 0.8377 0.4696
vn -0.2789 0.8377 0.4695
vn -0.2788 0.8377 0.4695
vn -0.7158 0.5769 0.3935
vn -0.7158 0.5768 0.3935
vn -0.7158 0.5769 0.3934
vn -0.2536 0.8908 -0.3770
vn -0.2536 0.8908 -0.3771
vn -0.2537 0.8908 -0.3770
vn -0.2093 0.8819 0.4225
vn -0.6350 0.6239 0.4556
vn -0.3283 0.8473 -0.4175
vn -0.3280 0.8476 -0.4171
vn -0.1544 0.9184 0.3643
vn -0.5449 0.6770 0.4947
vn -0.5449 0.6770 0.4948
vn -0.5448 0.6770 0.4948
vn -0.4130 0.7977 -0.4393
vn -0.1144 0.9471 0.2999
vn -0.4516 0.7327 0.5092
vn -0.4514 0.7326 0.5094
vn -0.4514 0.7327 0.5094
vn -0.5040 0.7432 -0.4400
vn -0.5040 0.7432 -0.4399
vn -0.5042 0.7432 -0.4399
vn -0.5041 0.7432 -0.4399
vn -0.0878 0.9683 0.2337
vn -0.0878 0.9683 0.2338
vn -0.3610 0.7873 0.4999
vn -0.5954 0.6872 -0.4164
vn -0.5954 0.6872 -0.4163
vn -0.5954 0.6871 -0.4164
vn -0.0721 0.9831 0.1685
vn -0.0721 0.9830 0.1686
vn -0.0720 0.9830 0.1687
vn -0.6807 0.6331 -0.3687
vn -0.6807 0.6331 -0.3686
vn -0.0647 0.9923 0.1056
vn -0.0646 0.9923 0.1056
vn -0.7542 0.5846 -0.2990
vn -0.0631 0.9970 0.0447
vn -0.8115 0.5450 -0.2107
vn -0.8115 0.5449 -0.2112
vn -0.8114 0.5450 -0.2111
vn -0.0664 0.9977 -0.0152
vn -0.0665 0.9977 -0.0152
vn -0.8491 0.5165 -0.1101
vn -0.8491 0.5166 -0.1102
vn -0.0747 0.9943 -0.0757
vn -0.0746 0.9943 -0.0756
vn -0.8651 0.5016 -0.0020
vn -0.8652 0.5014 -0.0019
vn -0.8651 0.5016 -0.0019
vn -0.8652 0.5014 -0.0017
vn -0.0890 0.9865 -0.1377
vn -0.0891 0.9864 -0.1377
vn -0.0891 0.9865 -0.1377
vn -0.8592 0.5000 0.1083
vn -0.8593 0.4999 0.1082
vn -0.8593 0.5000 0.1083
vn -0.8591 0.5001 0.1085
vn -0.1118 0.9732 -0.2010
vn -0.1119 0.9732 -0.2010
vn -0.8311 0.5129 0.2148
vn -0.8312 0.5128 0.2149
vn -0.8311 0.5130 0.2148
vn -0.1457 0.9534 -0.2643
vn -0.1456 0.9534 -0.2642
vn -0.1457 0.9534 -0.2642
vn -0.1456 0.9534 -0.2643
vn -0.8966 -0.3080 0.3183
vn -0.8965 -0.3081 0.3183
vn -0.8966 -0.3079 0.3184
vn 0.7027 -0.6932 -0.1602
vn 0.7026 -0.6933 -0.1600
vn 0.7027 -0.6932 -0.1603
vn -0.0704 -0.9964 -0.0474
vn -0.0701 -0.9964 -0.0472
vn -0.0701 -0.9964 -0.0473
vn -0.0702 -0.9964 -0.0472
vn 0.6710 -0.7050 -0.2296
vn 0.6712 -0.7049 -0.2296
vn 0.6714 -0.7047 -0.2295
vn 0.6711 -0.7049 -0.2296
vn -0.0655 -0.9973 0.0326
vn -0.0658 -0.9973 0.0325
vn 0.6273 -0.7219 -0.2920
vn 0.6272 -0.7219 -0.2923
vn 0.6272 -0.7220 -0.2922
vn 0.6272 -0.7220 -0.2921
vn -0.0452 -0.9929 0.1096
vn -0.0456 -0.9929 0.1098
vn -0.0455 -0.9929 0.1101
vn -0.0456 -0.9929 0.1099
vn 0.5719 -0.7439 -0.3457
vn 0.5719 -0.7438 -0.3459
vn 0.5720 -0.7439 -0.3455
vn -0.0104 -0.9833 0.1819
vn -0.0105 -0.9833 0.1819
vn 0.5073 -0.7696 -0.3877
vn 0.5071 -0.7699 -0.3874
vn 0.5073 -0.7697 -0.3877
vn 0.5074 -0.7697 -0.3875
vn 0.4020 -0.8381 0.3688
vn 0.4020 -0.8381 0.3687
vn 0.4019 -0.8382 0.3687
vn 0.0384 -0.9686 0.2458
vn 0.0383 -0.9686 0.2458
vn 0.0384 -0.9685 0.2459
vn 0.4351 -0.7986 -0.4158
vn 0.4349 -0.7987 -0.4158
vn 0.4353 -0.7986 -0.4157
vn 0.4351 -0.7985 -0.4160
vn 0.4771 -0.8073 0.3474
vn 0.4772 -0.8072 0.3474
vn 0.4771 -0.8073 0.3473
vn 0.4770 -0.8073 0.3473
vn 0.0991 -0.9491 0.2989
vn 0.0993 -0.9491 0.2990
vn 0.0988 -0.9491 0.2991
vn 0.0985 -0.9491 0.2990
vn 0.3577 -0.8292 -0.4294
vn 0.3575 -0.8292 -0.4296
vn 0.3576 -0.8291 -0.4297
vn 0.3583 -0.8292 -0.4290
vn 0.5457 -0.7777 0.3119
vn 0.5462 -0.7773 0.3121
vn 0.5458 -0.7777 0.3119
vn 0.5459 -0.7776 0.3120
vn 0.1685 -0.9256 0.3389
vn 0.1686 -0.9256 0.3388
vn 0.1686 -0.9256 0.3389
vn 0.1685 -0.9256 0.3390
vn 0.2787 -0.8600 -0.4274
vn 0.2788 -0.8601 -0.4273
vn 0.2788 -0.8600 -0.4274
vn 0.6057 -0.7507 0.2639
vn 0.6057 -0.7507 0.2637
vn 0.6056 -0.7507 0.2641
vn 0.2444 -0.8985 0.3647
vn 0.2444 -0.8985 0.3646
vn 0.2443 -0.8986 0.3645
vn 0.2014 -0.8899 -0.4093
vn 0.2013 -0.8899 -0.4093
vn 0.2015 -0.8899 -0.4093
vn 0.6548 -0.7275 0.2049
vn 0.6548 -0.7275 0.2051
vn 0.6547 -0.7277 0.2046
vn 0.6547 -0.7275 0.2051
vn 0.3232 -0.8690 0.3747
vn 0.3233 -0.8690 0.3746
vn 0.3232 -0.8691 0.3745
vn 0.1287 -0.9175 -0.3763
vn 0.1285 -0.9175 -0.3764
vn 0.1287 -0.9176 -0.3762
vn 0.1288 -0.9175 -0.3762
vn 0.6918 -0.7088 0.1381
vn 0.6916 -0.7090 0.1383
vn 0.6914 -0.7091 0.1383
vn 0.0638 -0.9421 -0.3292
vn 0.0637 -0.9421 -0.3291
vn 0.0640 -0.9421 -0.3292
vn 0.0640 -0.9422 -0.3290
vn 0.7151 -0.6959 0.0658
vn 0.7151 -0.6959 0.0659
vn 0.7152 -0.6958 0.0659
vn 0.7152 -0.6958 0.0660
vn 0.0097 -0.9628 -0.2702
vn 0.0096 -0.9628 -0.2702
vn 0.0098 -0.9628 -0.2702
vn 0.0097 -0.9628 -0.2700
vn 0.7248 -0.6888 -0.0097
vn 0.7249 -0.6888 -0.0098
vn 0.7249 -0.6888 -0.0097
vn 0.7248 -0.6889 -0.0096
vn -0.0318 -0.9790 -0.2015
vn -0.0317 -0.9790 -0.2015
vn 0.7207 -0.6879 -0.0857
vn 0.7206 -0.6880 -0.0858
vn 0.7208 -0.6879 -0.0857
vn -0.6244 0.6186 0.4769
vn -0.6246 0.6184 0.4769
vn -0.6245 0.6185 0.4769
vn -0.6246 0.6185 0.4769
vn 0.5850 0.2178 -0.7812
vn 0.5850 0.2176 -0.7813
vn 0.5851 0.2178 -0.7812
vn 0.5851 0.2179 -0.7812
vn -0.8236 -0.2887 0.4883
vn -0.8235 -0.2885 0.4885
vn -0.8234 -0.2887 0.4886
vn 0.4238 0.1676 -0.8901
vn 0.4238 0.1675 -0.8901
vn 0.1549 0.0223 0.9877
vn 0.1549 0.0224 0.9877
vn 0.1550 0.0223 0.9877
vn -0.7191 -0.2585 0.6450
vn -0.7192 -0.2586 0.6449
vn -0.7192 -0.2584 0.6450
vn 0.2410 0.1089 -0.9644
vn 0.2410 0.1088 -0.9644
vn 0.2409 0.1088 -0.9644
vn 0.3463 0.0878 0.9340
vn 0.3460 0.0876 0.9341
vn 0.3462 0.0877 0.9340
vn 0.3466 0.0880 0.9339
vn -0.5851 -0.2179 0.7812
vn -0.5850 -0.2178 0.7812
vn -0.5850 -0.2180 0.7812
vn 0.0449 0.0445 -0.9980
vn 0.0448 0.0445 -0.9980
vn 0.5198 0.1482 0.8413
vn 0.5198 0.1482 0.8414
vn 0.5198 0.1483 0.8413
vn 0.5199 0.1483 0.8413
vn -0.4239 -0.1676 0.8901
vn -0.4238 -0.1675 0.8901
vn -0.4238 -0.1676 0.8901
vn -0.1549 -0.0223 -0.9877
vn -0.1549 -0.0224 -0.9877
vn -0.1550 -0.0223 -0.9877
vn 0.6680 0.2011 0.7164
vn 0.6681 0.2011 0.7164
vn 0.6681 0.2012 0.7164
vn -0.2413 -0.1089 0.9643
vn -0.2409 -0.1088 0.9644
vn -0.2414 -0.1091 0.9643
vn -0.3465 -0.0877 -0.9339
vn -0.3461 -0.0876 -0.9341
vn -0.3462 -0.0876 -0.9341
vn 0.7864 0.2453 0.5670
vn 0.7864 0.2454 0.5669
vn 0.7864 0.2456 0.5668
vn 0.7864 0.2452 0.5670
vn -0.0449 -0.0445 0.9980
vn -0.0448 -0.0445 0.9980
vn -0.5198 -0.1478 -0.8414
vn -0.5198 -0.1482 -0.8414
vn -0.5198 -0.1482 -0.8413
vn 0.8728 0.2784 0.4010
vn 0.8728 0.2789 0.4006
vn 0.8728 0.2785 0.4008
vn 0.8728 0.2783 0.4009
vn -0.6681 -0.2011 -0.7164
vn -0.6680 -0.2011 -0.7164
vn -0.6682 -0.2010 -0.7164
vn 0.9265 0.3018 0.2245
vn 0.9266 0.3018 0.2241
vn 0.9266 0.3018 0.2242
vn -0.7863 -0.2450 -0.5672
vn -0.7864 -0.2450 -0.5671
vn -0.7866 -0.2450 -0.5668
vn -0.7864 -0.2452 -0.5670
vn 0.9483 0.3146 0.0424
vn 0.9483 0.3145 0.0424
vn -0.8727 -0.2787 -0.4009
vn -0.8728 -0.2786 -0.4006
vn -0.8728 -0.2787 -0.4006
vn 0.9380 0.3171 -0.1399
vn 0.9380 0.3169 -0.1401
vn 0.9381 0.3168 -0.1400
vn 0.9382 0.3165 -0.1399
vn -0.9265 -0.3018 -0.2245
vn -0.9267 -0.3017 -0.2241
vn -0.9266 -0.3018 -0.2242
vn -0.9266 -0.3018 -0.2241
vn 0.8964 0.3079 -0.3188
vn 0.8965 0.3079 -0.3185
vn 0.8967 0.3076 -0.3184
vn -0.9484 -0.3144 -0.0424
vn -0.9484 -0.3142 -0.0424
vn 0.8235 0.2885 -0.4885
vn 0.8235 0.2883 -0.4886
vn 0.8235 0.2884 -0.4886
vn 0.8235 0.2888 -0.4883
vn -0.9383 -0.3163 0.1399
vn -0.9383 -0.3164 0.1399
vn -0.9383 -0.3163 0.1400
vn 0.7192 0.2587 -0.6448
vn 0.7193 0.2586 -0.6448
vn 0.7191 0.2592 -0.6447
vn 0.2849 -0.8622 0.4189
vn 0.2849 -0.8622 0.4187
vn 0.2848 -0.8622 0.4190
vn -0.2908 0.8383 -0.4612
vn -0.0935 0.9117 0.4001
vn -0.0935 0.9117 0.4002
vn -0.5291 0.6688 0.5222
vn -0.5291 0.6688 0.5223
vn -0.5289 0.6688 0.5225
vn -0.3853 0.7879 -0.4804
vn -0.3854 0.7879 -0.4804
vn -0.0456 0.9427 0.3306
vn -0.0456 0.9426 0.3306
vn -0.0456 0.9426 0.3307
vn -0.4283 0.7225 0.5427
vn -0.4284 0.7226 0.5425
vn -0.4848 0.7340 -0.4757
vn -0.4848 0.7339 -0.4757
vn -0.0130 0.9661 0.2578
vn -0.3290 0.7765 0.5374
vn -0.5827 0.6795 -0.4457
vn -0.5827 0.6796 -0.4456
vn -0.5827 0.6796 -0.4457
vn 0.0069 0.9827 0.1850
vn 0.0070 0.9827 0.1850
vn -0.6725 0.6281 -0.3915
vn -0.6727 0.6281 -0.3911
vn -0.6727 0.6281 -0.3910
vn 0.0169 0.9934 0.1138
vn -0.7491 0.5827 -0.3150
vn -0.7492 0.5827 -0.3150
vn -0.7492 0.5827 -0.3149
vn -0.7491 0.5828 -0.3149
vn 0.0193 0.9988 0.0444
vn 0.0194 0.9988 0.0444
vn -0.8080 0.5459 -0.2217
vn -0.8079 0.5460 -0.2217
vn -0.8080 0.5459 -0.2216
vn 0.0156 0.9996 -0.0241
vn 0.0157 0.9996 -0.0240
vn 0.0160 0.9996 -0.0240
vn 0.0155 0.9996 -0.0241
vn -0.8463 0.5199 -0.1164
vn -0.8462 0.5201 -0.1161
vn -0.8462 0.5201 -0.1160
vn 0.0055 0.9957 -0.0929
vn 0.0055 0.9957 -0.0928
vn -0.8625 0.5060 -0.0036
vn -0.8625 0.5061 -0.0038
vn -0.8626 0.5058 -0.0034
vn -0.8625 0.5061 -0.0037
vn -0.0123 0.9866 -0.1627
vn -0.8562 0.5048 0.1102
vn -0.8561 0.5049 0.1103
vn -0.8561 0.5048 0.1103
vn -0.0402 0.9716 -0.2333
vn -0.0402 0.9716 -0.2332
vn -0.8275 0.5163 0.2207
vn -0.8276 0.5163 0.2204
vn -0.8275 0.5163 0.2204
vn -0.0807 0.9497 -0.3025
vn -0.7780 0.5397 0.3215
vn -0.7778 0.5400 0.3217
vn -0.1360 0.9203 -0.3669
vn -0.1360 0.9202 -0.3670
vn -0.2372 0.8275 0.5089
vn -0.2370 0.8275 0.5090
vn -0.2370 0.8275 0.5091
vn -0.7089 0.5747 0.4088
vn -0.7091 0.5746 0.4087
vn -0.2064 0.8829 -0.4217
vn -0.1574 0.8731 0.4615
vn -0.1575 0.8731 0.4615
vn -0.1574 0.8731 0.4614
vn -0.8981 -0.1932 -0.3950
vn -0.8981 -0.1932 -0.3951
vn -0.8980 -0.1932 -0.3953
vn -0.8982 -0.1930 -0.3950
vn 0.0638 -0.9080 -0.4140
vn 0.0639 -0.9080 -0.4141
vn 0.6887 -0.7090 0.1516
vn 0.6886 -0.7091 0.1516
vn 0.6887 -0.7090 0.1515
vn -0.0115 -0.9318 -0.3627
vn -0.0115 -0.9318 -0.3629
vn -0.0115 -0.9318 -0.3628
vn -0.0118 -0.9318 -0.3628
vn 0.7135 -0.6968 0.0738
vn 0.7134 -0.6968 0.0737
vn 0.7136 -0.6966 0.0738
vn 0.7135 -0.6967 0.0737
vn -0.0752 -0.9518 -0.2974
vn -0.0751 -0.9518 -0.2974
vn -0.0751 -0.9518 -0.2973
vn 0.7237 -0.6900 -0.0071
vn 0.7238 -0.6900 -0.0070
vn -0.1241 -0.9674 -0.2208
vn -0.1240 -0.9674 -0.2208
vn 0.7193 -0.6891 -0.0883
vn 0.7193 -0.6890 -0.0885
vn 0.7193 -0.6890 -0.0884
vn -0.1562 -0.9783 -0.1362
vn -0.1562 -0.9783 -0.1361
vn -0.1561 -0.9783 -0.1361
vn 0.7002 -0.6940 -0.1675
vn 0.7003 -0.6939 -0.1674
vn 0.7002 -0.6940 -0.1676
vn -0.1699 -0.9844 -0.0467
vn -0.1698 -0.9844 -0.0468
vn -0.1702 -0.9843 -0.0466
vn -0.1700 -0.9843 -0.0467
vn 0.6670 -0.7045 -0.2424
vn 0.6670 -0.7046 -0.2423
vn 0.6669 -0.7046 -0.2425
vn -0.1649 -0.9854 0.0431
vn -0.1648 -0.9854 0.0431
vn -0.1652 -0.9853 0.0433
vn -0.1650 -0.9854 0.0433
vn 0.6195 -0.7208 -0.3109
vn 0.6199 -0.7206 -0.3106
vn 0.6195 -0.7210 -0.3105
vn 0.6197 -0.7209 -0.3103
vn -0.1414 -0.9813 0.1306
vn -0.1412 -0.9813 0.1307
vn -0.1413 -0.9813 0.1308
vn 0.5606 -0.7412 -0.3692
vn 0.5604 -0.7413 -0.3693
vn 0.5605 -0.7413 -0.3692
vn -0.1000 -0.9722 0.2116
vn -0.1001 -0.9722 0.2118
vn -0.0999 -0.9722 0.2116
vn -0.0999 -0.9723 0.2115
vn 0.4900 -0.7659 -0.4164
vn 0.4899 -0.7658 -0.4165
vn 0.4899 -0.7659 -0.4165
vn 0.4899 -0.7660 -0.4163
vn 0.3731 -0.8325 0.4096
vn 0.3731 -0.8324 0.4096
vn 0.3732 -0.8324 0.4096
vn -0.0429 -0.9583 0.2825
vn -0.0426 -0.9584 0.2821
vn -0.0429 -0.9583 0.2826
vn -0.0430 -0.9583 0.2826
vn 0.4103 -0.7935 -0.4494
vn 0.4104 -0.7934 -0.4495
vn 0.4103 -0.7935 -0.4495
vn 0.4102 -0.7935 -0.4495
vn 0.4564 -0.8029 0.3836
vn 0.4565 -0.8028 0.3836
vn 0.4564 -0.8028 0.3836
vn 0.4566 -0.8027 0.3836
vn 0.0274 -0.9396 0.3411
vn 0.0274 -0.9395 0.3414
vn 0.0274 -0.9396 0.3412
vn 0.0275 -0.9397 0.3410
vn 0.3246 -0.8226 -0.4668
vn 0.3246 -0.8227 -0.4668
vn 0.5319 -0.7744 0.3425
vn 0.5319 -0.7743 0.3429
vn 0.1081 -0.9170 0.3841
vn 0.1081 -0.9169 0.3841
vn 0.1080 -0.9170 0.3841
vn 0.2357 -0.8523 -0.4670
vn 0.2358 -0.8523 -0.4669
vn 0.5969 -0.7487 0.2884
vn 0.5968 -0.7487 0.2885
vn 0.5969 -0.7487 0.2885
vn 0.1952 -0.8908 0.4104
vn 0.1952 -0.8907 0.4104
vn 0.1951 -0.8908 0.4103
vn 0.1475 -0.8811 -0.4492
vn 0.1476 -0.8812 -0.4492
vn 0.1475 -0.8811 -0.4493
vn 0.6493 -0.7267 0.2242
vn 0.6499 -0.7262 0.2242
vn 0.6495 -0.7266 0.2241
vn 0.6493 -0.7268 0.2241
vn -0.7823 0.6148 0.1002
vn -0.7823 0.6148 0.1001
vn 0.9649 0.2212 -0.1416
vn 0.9650 0.2209 -0.1417
vn 0.9649 0.2210 -0.1416
vn -0.9528 -0.2100 -0.2193
vn -0.9528 -0.2099 -0.2193
vn 0.9230 0.2158 -0.3187
vn 0.9230 0.2158 -0.3185
vn 0.9230 0.2158 -0.3186
vn -0.9749 -0.2192 -0.0390
vn -0.9749 -0.2192 -0.0388
vn -0.9750 -0.2189 -0.0391
vn 0.8491 0.2031 -0.4877
vn 0.8492 0.2029 -0.4875
vn -0.9649 -0.2212 0.1416
vn -0.9649 -0.2210 0.1416
vn 0.7433 0.1828 -0.6435
vn 0.7434 0.1827 -0.6435
vn 0.7434 0.1827 -0.6434
vn -0.9230 -0.2160 0.3186
vn -0.9230 -0.2158 0.3186
vn 0.6062 0.1549 -0.7801
vn 0.6063 0.1548 -0.7800
vn 0.6061 0.1549 -0.7802
vn -0.8492 -0.2030 0.4874
vn -0.8492 -0.2029 0.4875
vn -0.8490 -0.2031 0.4877
vn -0.8493 -0.2029 0.4874
vn 0.4405 0.1204 -0.8896
vn 0.4406 0.1204 -0.8896
vn 0.4403 0.1200 -0.8898
vn 0.1584 0.0123 0.9873
vn 0.1586 0.0124 0.9873
vn 0.1585 0.0123 0.9873
vn -0.7433 -0.1828 0.6434
vn -0.7433 -0.1828 0.6435
vn 0.2519 0.0797 -0.9645
vn 0.2518 0.0796 -0.9645
vn 0.3570 0.0585 0.9323
vn 0.3569 0.0584 0.9323
vn 0.3570 0.0584 0.9323
vn 0.3573 0.0588 0.9321
vn -0.6062 -0.1551 0.7801
vn -0.6062 -0.1547 0.7801
vn -0.6062 -0.1552 0.7800
vn 0.0483 0.0345 -0.9982
vn 0.0479 0.0344 -0.9983
vn 0.0486 0.0345 -0.9982
vn 0.5363 0.1011 0.8380
vn 0.5363 0.1011 0.8379
vn 0.5364 0.1011 0.8379
vn -0.4406 -0.1204 0.8896
vn -0.4407 -0.1205 0.8896
vn -0.4406 -0.1205 0.8896
vn -0.1584 -0.0123 -0.9873
vn -0.1585 -0.0124 -0.9873
vn -0.1585 -0.0123 -0.9873
vn 0.6889 0.1382 0.7116
vn 0.6888 0.1387 0.7115
vn 0.6889 0.1383 0.7115
vn -0.2523 -0.0796 0.9644
vn -0.2520 -0.0796 0.9644
vn -0.3574 -0.0585 -0.9321
vn -0.3571 -0.0584 -0.9322
vn 0.8101 0.1694 0.5613
vn 0.8100 0.1694 0.5614
vn -0.0484 -0.0345 0.9982
vn -0.0485 -0.0345 0.9982
vn -0.5361 -0.1008 -0.8381
vn -0.5364 -0.1012 -0.8379
vn -0.5361 -0.1009 -0.8381
vn 0.8980 0.1932 0.3953
vn 0.8981 0.1931 0.3951
vn 0.8981 0.1932 0.3952
vn 0.8980 0.1933 0.3953
vn -0.6888 -0.1381 -0.7116
vn 0.9528 0.2099 0.2195
vn 0.9528 0.2098 0.2194
vn 0.9528 0.2099 0.2194
vn 0.9526 0.2104 0.2196
vn -0.8101 -0.1694 -0.5613
vn -0.8101 -0.1693 -0.5613
vn 0.9750 0.2187 0.0389
vn 0.9750 0.2189 0.0391
vn 0.9749 0.2192 0.0390
vn 0.9749 0.2192 0.0388
vn 0.3327 -0.7887 0.5170
vn 0.3327 -0.7887 0.5169
vn 0.3326 -0.7887 0.5171
vn -0.1383 0.9823 -0.1264
vn -0.1382 0.9823 -0.1264
vn -0.7559 0.6246 0.1962
vn -0.7558 0.6247 0.1962
vn -0.1503 0.9717 -0.1823
vn -0.1506 0.9717 -0.1822
vn -0.7094 0.6453 0.2834
vn -0.7094 0.6454 0.2832
vn -0.1767 0.9543 -0.2412
vn -0.1768 0.9542 -0.2413
vn -0.2392 0.8877 0.3934
vn -0.2393 0.8877 0.3934
vn -0.6456 0.6756 0.3561
vn -0.2198 0.9290 -0.2977
vn -0.2198 0.9290 -0.2976
vn -0.1844 0.9219 0.3406
vn -0.1844 0.9219 0.3407
vn -0.5678 0.7137 0.4101
vn -0.5679 0.7136 0.4102
vn -0.2802 0.8960 -0.3446
vn -0.2802 0.8959 -0.3447
vn -0.1478 0.9485 0.2803
vn -0.1478 0.9484 0.2804
vn -0.1479 0.9484 0.2803
vn -0.4818 0.7567 0.4419
vn -0.4817 0.7569 0.4416
vn -0.3552 0.8561 -0.3753
vn -0.3552 0.8561 -0.3754
vn -0.1284 0.9672 0.2193
vn -0.1283 0.9672 0.2193
vn -0.1282 0.9672 0.2193
vn -0.3936 0.8025 0.4485
vn -0.3936 0.8025 0.4484
vn -0.4398 0.8118 -0.3841
vn -0.4397 0.8118 -0.3843
vn -0.4397 0.8118 -0.3842
vn -0.1222 0.9791 0.1627
vn -0.1223 0.9791 0.1627
vn -0.3105 0.8471 0.4312
vn -0.3106 0.8471 0.4312
vn -0.5266 0.7660 -0.3687
vn -0.5266 0.7660 -0.3686
vn -0.1244 0.9857 0.1135
vn -0.1243 0.9857 0.1135
vn -0.1244 0.9857 0.1136
vn -0.6089 0.7218 -0.3290
vn -0.1299 0.9889 0.0719
vn -0.1298 0.9889 0.0719
vn -0.6801 0.6825 -0.2675
vn -0.1346 0.9903 0.0357
vn -0.1345 0.9903 0.0357
vn -0.1346 0.9903 0.0358
vn -0.7356 0.6506 -0.1887
vn -0.7356 0.6506 -0.1886
vn -0.7354 0.6509 -0.1887
vn -0.1365 0.9906 0.0014
vn -0.7721 0.6280 -0.0975
vn -0.7720 0.6281 -0.0978
vn -0.1358 0.9901 -0.0352
vn -0.1358 0.9901 -0.0351
vn -0.7879 0.6158 0.0009
vn -0.7879 0.6158 0.0005
vn -0.7879 0.6158 0.0006
vn -0.7878 0.6159 0.0005
vn -0.1350 0.9878 -0.0771
vn 0.7102 0.0526 0.7021
vn 0.7102 0.0526 0.7020
vn -0.2188 -0.9002 0.3765
vn -0.2188 -0.9002 0.3766
vn 0.3806 -0.7498 -0.5413
vn 0.3810 -0.7495 -0.5413
vn 0.3809 -0.7495 -0.5414
vn 0.4374 -0.7610 0.4791
vn 0.4374 -0.7609 0.4792
vn 0.4375 -0.7609 0.4792
vn -0.1230 -0.8850 0.4490
vn -0.1228 -0.8850 0.4491
vn -0.1230 -0.8850 0.4491
vn -0.1231 -0.8850 0.4490
vn 0.2726 -0.7766 -0.5680
vn 0.2726 -0.7766 -0.5679
vn 0.2725 -0.7765 -0.5681
vn 0.5303 -0.7344 0.4237
vn 0.5301 -0.7344 0.4239
vn 0.5304 -0.7343 0.4237
vn 0.5305 -0.7343 0.4236
vn -0.0145 -0.8655 0.5007
vn -0.0145 -0.8655 0.5006
vn 0.1579 -0.8039 -0.5734
vn 0.1578 -0.8039 -0.5734
vn 0.1580 -0.8040 -0.5733
vn 0.1580 -0.8040 -0.5732
vn 0.6081 -0.7104 0.3544
vn 0.6080 -0.7103 0.3545
vn 0.6081 -0.7103 0.3545
vn 0.1013 -0.8423 0.5294
vn 0.1015 -0.8424 0.5292
vn 0.1013 -0.8423 0.5295
vn 0.1016 -0.8423 0.5293
vn 0.0411 -0.8302 -0.5560
vn 0.0415 -0.8302 -0.5560
vn 0.0415 -0.8302 -0.5559
vn 0.6701 -0.6897 0.2744
vn 0.6701 -0.6898 0.2743
vn 0.2192 -0.8163 0.5344
vn -0.0709 -0.8542 -0.5151
vn -0.0709 -0.8542 -0.5150
vn -0.0707 -0.8542 -0.5151
vn -0.0708 -0.8542 -0.5151
vn 0.7152 -0.6736 0.1865
vn 0.7154 -0.6734 0.1866
vn 0.7151 -0.6737 0.1865
vn 0.7153 -0.6735 0.1866
vn -0.1730 -0.8749 -0.4523
vn -0.1729 -0.8749 -0.4523
vn -0.1728 -0.8749 -0.4523
vn 0.7438 -0.6618 0.0937
vn 0.7437 -0.6618 0.0938
vn 0.7438 -0.6618 0.0938
vn -0.2602 -0.8919 -0.3699
vn -0.2602 -0.8919 -0.3698
vn -0.2603 -0.8920 -0.3697
vn 0.7552 -0.6555 -0.0012
vn 0.7552 -0.6555 -0.0013
vn 0.7552 -0.6555 -0.0014
vn 0.7552 -0.6555 -0.0010
vn -0.3276 -0.9049 -0.2719
vn -0.3277 -0.9049 -0.2717
vn -0.3275 -0.9049 -0.2720
vn 0.7499 -0.6544 -0.0971
vn 0.7498 -0.6545 -0.0973
vn -0.3721 -0.9139 -0.1625
vn -0.3721 -0.9139 -0.1624
vn -0.3720 -0.9139 -0.1624
vn -0.3719 -0.9139 -0.1625
vn 0.7280 -0.6587 -0.1901
vn 0.7280 -0.6587 -0.1900
vn -0.3913 -0.9190 -0.0469
vn -0.3915 -0.9190 -0.0469
vn -0.3913 -0.9191 -0.0470
vn -0.3913 -0.9191 -0.0471
vn 0.6895 -0.6682 -0.2795
vn 0.6896 -0.6681 -0.2794
vn 0.6893 -0.6684 -0.2793
vn 0.6894 -0.6683 -0.2795
vn -0.3849 -0.9203 0.0696
vn -0.3850 -0.9203 0.0696
vn -0.3849 -0.9203 0.0697
vn 0.6349 -0.6826 -0.3619
vn 0.6349 -0.6826 -0.3618
vn 0.6348 -0.6827 -0.3619
vn 0.6348 -0.6826 -0.3620
vn -0.3530 -0.9177 0.1822
vn -0.3528 -0.9178 0.1822
vn -0.3531 -0.9177 0.1821
vn 0.5644 -0.7015 -0.4351
vn 0.5644 -0.7015 -0.4352
vn -0.2966 -0.9111 0.2863
vn -0.2967 -0.9111 0.2862
vn 0.4792 -0.7241 -0.4961
vn 0.4792 -0.7241 -0.4960
vn 0.4793 -0.7240 -0.4961
vn -0.1522 0.9867 0.0567
vn -0.1523 0.9867 0.0567
vn -0.2650 -0.0394 0.9634
vn -0.2654 -0.0395 0.9633
vn -0.3702 -0.0183 -0.9288
vn 0.8321 0.0661 0.5506
vn -0.0529 -0.0209 0.9984
vn -0.5545 -0.0365 -0.8314
vn -0.5545 -0.0366 -0.8314
vn 0.9199 0.0765 0.3846
vn 0.9199 0.0765 0.3847
vn 0.9198 0.0764 0.3848
vn -0.7102 -0.0526 -0.7020
vn -0.7103 -0.0526 -0.7019
vn -0.7103 -0.0525 -0.7019
vn 0.9738 0.0842 0.2111
vn 0.9738 0.0842 0.2112
vn -0.8324 -0.0659 -0.5502
vn -0.8324 -0.0659 -0.5503
vn -0.8325 -0.0660 -0.5502
vn 0.9954 0.0890 0.0344
vn 0.9954 0.0889 0.0343
vn -0.9199 -0.0765 -0.3847
vn -0.9199 -0.0765 -0.3846
vn 0.9857 0.0909 -0.1421
vn 0.9856 0.0909 -0.1423
vn 0.9857 0.0908 -0.1420
vn 0.9856 0.0911 -0.1421
vn -0.9739 -0.0841 -0.2110
vn -0.9739 -0.0842 -0.2109
vn 0.9446 0.0900 -0.3156
vn 0.9445 0.0901 -0.3158
vn 0.9446 0.0896 -0.3156
vn 0.9446 0.0899 -0.3156
vn -0.9955 -0.0889 -0.0342
vn -0.9955 -0.0888 -0.0341
vn -0.9954 -0.0890 -0.0344
vn 0.8720 0.0864 -0.4818
vn 0.8718 0.0861 -0.4822
vn 0.8719 0.0862 -0.4821
vn -0.9856 -0.0911 0.1424
vn -0.9857 -0.0908 0.1419
vn -0.9856 -0.0912 0.1424
vn 0.7663 0.0793 -0.6376
vn -0.9446 -0.0900 0.3155
vn -0.9446 -0.0900 0.3158
vn -0.9447 -0.0900 0.3154
vn 0.6285 0.0690 -0.7748
vn 0.6284 0.0690 -0.7748
vn -0.8718 -0.0862 0.4822
vn -0.8718 -0.0861 0.4821
vn -0.8719 -0.0862 0.4821
vn 0.4600 0.0558 -0.8862
vn 0.4597 0.0556 -0.8863
vn 0.4599 0.0558 -0.8862
vn 0.1629 -0.0013 0.9866
vn -0.7665 -0.0792 0.6373
vn -0.7666 -0.0792 0.6373
vn -0.7665 -0.0792 0.6374
vn 0.2648 0.0394 -0.9635
vn 0.2649 0.0394 -0.9635
vn 0.3702 0.0184 0.9288
vn 0.3697 0.0183 0.9290
vn 0.3699 0.0183 0.9289
vn 0.3698 0.0183 0.9289
vn -0.6284 -0.0690 0.7748
vn -0.6285 -0.0690 0.7747
vn -0.6285 -0.0690 0.7748
vn 0.0529 0.0209 -0.9984
vn 0.5551 0.0366 0.8310
vn 0.5552 0.0366 0.8309
vn -0.4593 -0.0557 0.8865
vn -0.4592 -0.0558 0.8866
vn -0.1629 0.0013 -0.9866
vn 0.5682 -0.8121 -0.1328
vn 0.5685 -0.8119 -0.1327
vn 0.5683 -0.8121 -0.1326
vn 0.5682 -0.8121 -0.1326
vn -0.5273 0.8351 -0.1567
vn -0.5273 0.8351 -0.1566
vn -0.1537 0.9876 0.0317
vn -0.5651 0.8179 -0.1080
vn -0.5651 0.8179 -0.1081
vn -0.5650 0.8179 -0.1082
vn -0.1551 0.9879 0.0075
vn -0.1551 0.9879 0.0076
vn -0.1550 0.9879 0.0075
vn -0.5904 0.8055 -0.0512
vn -0.5903 0.8056 -0.0511
vn -0.5905 0.8054 -0.0512
vn -0.1564 0.9875 -0.0176
vn -0.1564 0.9875 -0.0175
vn -0.1563 0.9875 -0.0176
vn -0.6015 0.7988 0.0107
vn -0.6015 0.7988 0.0108
vn -0.1588 0.9863 -0.0452
vn -0.1589 0.9863 -0.0453
vn -0.1589 0.9863 -0.0452
vn -0.5981 0.7980 0.0735
vn -0.5980 0.7981 0.0736
vn -0.5981 0.7981 0.0735
vn -0.5980 0.7981 0.0734
vn -0.1646 0.9834 -0.0760
vn -0.1646 0.9834 -0.0759
vn -0.1647 0.9834 -0.0759
vn -0.5801 0.8034 0.1341
vn -0.5800 0.8035 0.1340
vn -0.5802 0.8033 0.1340
vn -0.1764 0.9782 -0.1095
vn -0.5486 0.8146 0.1880
vn -0.5486 0.8146 0.1881
vn -0.5487 0.8146 0.1880
vn -0.1964 0.9699 -0.1441
vn -0.1964 0.9699 -0.1440
vn -0.1965 0.9699 -0.1440
vn -0.2409 0.9371 0.2528
vn -0.2410 0.9371 0.2527
vn -0.5058 0.8307 0.2325
vn -0.5058 0.8308 0.2325
vn -0.5057 0.8308 0.2325
vn -0.2264 0.9579 -0.1767
vn -0.2264 0.9579 -0.1768
vn -0.2040 0.9535 0.2218
vn -0.2043 0.9534 0.2219
vn -0.2042 0.9534 0.2223
vn -0.4544 0.8505 0.2648
vn -0.4544 0.8506 0.2647
vn -0.4543 0.8505 0.2649
vn -0.2660 0.9422 -0.2038
vn -0.2663 0.9421 -0.2036
vn -0.2662 0.9422 -0.2037
vn -0.2663 0.9422 -0.2036
vn -0.1781 0.9662 0.1864
vn -0.1780 0.9662 0.1866
vn -0.3980 0.8727 0.2828
vn -0.3976 0.8728 0.2829
vn -0.3150 0.9229 -0.2212
vn -0.3149 0.9230 -0.2213
vn -0.3149 0.9230 -0.2212
vn -0.1620 0.9753 0.1501
vn -0.3409 0.8955 0.2860
vn -0.3411 0.8955 0.2860
vn -0.3692 0.9013 -0.2266
vn -0.3693 0.9012 -0.2266
vn -0.3693 0.9013 -0.2266
vn -0.1540 0.9813 0.1155
vn -0.1540 0.9813 0.1156
vn -0.1538 0.9813 0.1156
vn -0.2874 0.9174 0.2752
vn -0.2871 0.9175 0.2752
vn -0.2873 0.9174 0.2752
vn -0.4257 0.8782 -0.2178
vn -0.4257 0.8783 -0.2176
vn -0.4257 0.8783 -0.2177
vn -0.1516 0.9848 0.0842
vn -0.1517 0.9848 0.0844
vn -0.1516 0.9848 0.0844
vn -0.4798 0.8557 -0.1939
vn -0.4798 0.8557 -0.1940
vn 0.6368 0.0257 -0.7706
vn 0.6366 0.0260 -0.7707
vn 0.6369 0.0257 -0.7705
vn 0.6369 0.0255 -0.7705
vn -0.1472 -0.9883 -0.0399
vn -0.1473 -0.9883 -0.0398
vn -0.1472 -0.9883 -0.0398
vn 0.5423 -0.8185 -0.1897
vn 0.5424 -0.8184 -0.1899
vn 0.5423 -0.8184 -0.1898
vn 0.5422 -0.8185 -0.1897
vn -0.1431 -0.9891 0.0341
vn -0.1432 -0.9891 0.0337
vn -0.1433 -0.9891 0.0338
vn -0.1432 -0.9891 0.0339
vn 0.5057 -0.8279 -0.2424
vn 0.5059 -0.8279 -0.2423
vn 0.5055 -0.8280 -0.2426
vn 0.5057 -0.8280 -0.2421
vn -0.1226 -0.9869 0.1051
vn -0.1227 -0.9869 0.1051
vn 0.4594 -0.8402 -0.2883
vn 0.4594 -0.8401 -0.2883
vn 0.4593 -0.8402 -0.2883
vn -0.0869 -0.9815 0.1704
vn -0.0868 -0.9815 0.1705
vn -0.0870 -0.9815 0.1704
vn 0.4038 -0.8549 -0.3258
vn 0.4036 -0.8550 -0.3256
vn 0.4037 -0.8550 -0.3255
vn 0.4041 -0.8547 -0.3259
vn 0.3097 -0.8967 0.3161
vn 0.3097 -0.8967 0.3163
vn 0.3096 -0.8967 0.3164
vn -0.0373 -0.9732 0.2269
vn 0.3407 -0.8714 -0.3529
vn 0.3407 -0.8714 -0.3530
vn 0.3407 -0.8716 -0.3526
vn 0.3766 -0.8786 0.2936
vn 0.3765 -0.8786 0.2938
vn 0.3765 -0.8787 0.2935
vn 0.0228 -0.9621 0.2717
vn 0.0232 -0.9619 0.2723
vn 0.0230 -0.9620 0.2720
vn 0.0231 -0.9621 0.2717
vn 0.2718 -0.8891 -0.3683
vn 0.2717 -0.8890 -0.3685
vn 0.2719 -0.8891 -0.3681
vn 0.4361 -0.8616 0.2598
vn 0.4361 -0.8615 0.2598
vn 0.4360 -0.8616 0.2598
vn 0.0913 -0.9482 0.3044
vn 0.0913 -0.9482 0.3042
vn 0.0914 -0.9482 0.3042
vn 0.1992 -0.9071 -0.3709
vn 0.1992 -0.9070 -0.3709
vn 0.1993 -0.9071 -0.3709
vn 0.1993 -0.9070 -0.3709
vn 0.4875 -0.8458 0.2169
vn 0.4876 -0.8457 0.2169
vn 0.4873 -0.8458 0.2170
vn 0.4874 -0.8458 0.2170
vn 0.1641 -0.9323 0.3224
vn 0.1643 -0.9323 0.3222
vn 0.1263 -0.9246 -0.3593
vn 0.1263 -0.9247 -0.3592
vn 0.1264 -0.9247 -0.3592
vn 0.5289 -0.8322 0.1666
vn 0.5290 -0.8321 0.1667
vn 0.5287 -0.8323 0.1666
vn 0.5285 -0.8325 0.1666
vn 0.2378 -0.9149 0.3263
vn 0.2379 -0.9149 0.3262
vn 0.2379 -0.9148 0.3263
vn 0.0561 -0.9411 -0.3334
vn 0.0560 -0.9410 -0.3336
vn 0.0560 -0.9411 -0.3335
vn 0.5590 -0.8217 0.1106
vn 0.5590 -0.8217 0.1107
vn 0.5590 -0.8218 0.1104
vn -0.0082 -0.9556 -0.2945
vn -0.0084 -0.9557 -0.2943
vn -0.0083 -0.9557 -0.2944
vn -0.0083 -0.9557 -0.2943
vn 0.5783 -0.8143 0.0507
vn 0.5783 -0.8142 0.0510
vn 0.5783 -0.8142 0.0508
vn 0.5785 -0.8141 0.0507
vn -0.0633 -0.9680 -0.2430
vn -0.0632 -0.9679 -0.2431
vn 0.5864 -0.8100 -0.0106
vn -0.1064 -0.9777 -0.1813
vn -0.1063 -0.9776 -0.1816
vn -0.1063 -0.9776 -0.1814
vn -0.1064 -0.9777 -0.1811
vn 0.5829 -0.8093 -0.0723
vn 0.5829 -0.8093 -0.0724
vn 0.5830 -0.8093 -0.0723
vn -0.1346 -0.9845 -0.1128
vn -0.1347 -0.9844 -0.1128
vn -0.1848 0.8624 -0.4713
vn -0.8781 -0.0285 0.4777
vn -0.8780 -0.0284 0.4779
vn -0.8780 -0.0282 0.4779
vn -0.8780 -0.0284 0.4778
vn 0.4673 0.0230 -0.8838
vn 0.4672 0.0230 -0.8838
vn 0.4674 0.0230 -0.8838
vn 0.4673 0.0234 -0.8838
vn 0.1650 -0.0082 0.9863
vn 0.1649 -0.0082 0.9863
vn 0.1651 -0.0082 0.9863
vn -0.7740 -0.0278 0.6325
vn -0.7740 -0.0280 0.6326
vn -0.7741 -0.0277 0.6325
vn -0.7740 -0.0277 0.6325
vn 0.2703 0.0189 -0.9626
vn 0.3750 -0.0022 0.9270
vn 0.3752 -0.0022 0.9269
vn -0.6367 -0.0258 0.7707
vn -0.6366 -0.0257 0.7708
vn -0.6366 -0.0258 0.7707
vn -0.6368 -0.0259 0.7706
vn 0.0549 0.0139 -0.9984
vn 0.0550 0.0140 -0.9984
vn 0.0547 0.0139 -0.9984
vn 0.5622 0.0038 0.8270
vn 0.5621 0.0039 0.8271
vn 0.5621 0.0035 0.8270
vn -0.4675 -0.0230 0.8837
vn -0.4673 -0.0229 0.8838
vn -0.4674 -0.0229 0.8838
vn -0.4672 -0.0230 0.8839
vn -0.1648 0.0082 -0.9863
vn -0.1650 0.0082 -0.9863
vn 0.7178 0.0096 0.6962
vn 0.7178 0.0093 0.6962
vn 0.7181 0.0101 0.6959
vn -0.2704 -0.0190 0.9626
vn -0.2703 -0.0190 0.9626
vn -0.2706 -0.0191 0.9625
vn -0.3751 0.0021 -0.9270
vn -0.3750 0.0022 -0.9270
vn 0.8392 0.0146 0.5436
vn 0.8392 0.0145 0.5436
vn 0.8393 0.0145 0.5435
vn -0.0548 -0.0140 0.9984
vn -0.0550 -0.0140 0.9984
vn -0.0549 -0.0140 0.9984
vn -0.0544 -0.0140 0.9984
vn -0.5622 -0.0039 -0.8270
vn -0.5621 -0.0043 -0.8270
vn -0.5625 -0.0040 -0.8268
vn -0.5622 -0.0038 -0.8270
vn 0.9255 0.0189 0.3783
vn 0.9254 0.0188 0.3784
vn 0.9255 0.0187 0.3783
vn -0.7181 -0.0095 -0.6959
vn 0.9782 0.0218 0.2063
vn 0.9782 0.0223 0.2066
vn 0.9782 0.0222 0.2065
vn 0.9782 0.0221 0.2065
vn -0.8392 -0.0145 -0.5436
vn -0.8392 -0.0147 -0.5436
vn 0.9992 0.0252 0.0323
vn 0.9992 0.0251 0.0321
vn 0.9992 0.0248 0.0324
vn -0.9255 -0.0189 -0.3783
vn -0.9255 -0.0188 -0.3783
vn -0.9255 -0.0187 -0.3783
vn 0.9895 0.0271 -0.1419
vn 0.9895 0.0268 -0.1420
vn 0.9895 0.0272 -0.1416
vn -0.9782 -0.0223 -0.2066
vn -0.9782 -0.0222 -0.2066
vn 0.9494 0.0280 -0.3128
vn 0.9494 0.0279 -0.3128
vn -0.9992 -0.0252 -0.0323
vn -0.9992 -0.0249 -0.0323
vn -0.9992 -0.0251 -0.0321
vn 0.8780 0.0281 -0.4779
vn 0.8779 0.0282 -0.4780
vn 0.8780 0.0282 -0.4779
vn 0.8780 0.0282 -0.4778
vn -0.9895 -0.0271 0.1419
vn -0.9895 -0.0269 0.1418
vn -0.9895 -0.0270 0.1418
vn 0.7740 0.0278 -0.6326
vn 0.7741 0.0277 -0.6324
vn -0.9494 -0.0281 0.3128
vn -0.9494 -0.0280 0.3128
vn 0.0065 -0.9534 -0.3016
vn 0.0066 -0.9534 -0.3016
vn 0.0063 -0.9534 -0.3016
vn -0.0181 0.9408 0.3383
vn -0.0181 0.9408 0.3384
vn -0.0182 0.9408 0.3384
vn -0.4607 0.6917 0.5561
vn -0.4608 0.6916 0.5562
vn -0.2889 0.8091 -0.5118
vn -0.2888 0.8090 -0.5119
vn -0.2887 0.8090 -0.5120
vn -0.2887 0.8090 -0.5119
vn -0.0093 0.9691 0.2464
vn -0.0094 0.9691 0.2464
vn -0.3435 0.7426 0.5750
vn -0.3436 0.7425 0.5750
vn -0.3434 0.7426 0.5749
vn -0.4041 0.7547 -0.5168
vn -0.4042 0.7545 -0.5170
vn -0.0234 0.9858 0.1666
vn -0.0234 0.9858 0.1665
vn -0.2295 0.7972 0.5584
vn -0.2294 0.7971 0.5586
vn -0.5185 0.7033 -0.4863
vn -0.0485 0.9933 0.1048
vn -0.0484 0.9933 0.1048
vn -0.6217 0.6579 -0.4250
vn -0.6217 0.6579 -0.4251
vn -0.0727 0.9955 0.0611
vn -0.7068 0.6204 -0.3399
vn -0.7069 0.6204 -0.3398
vn -0.7069 0.6203 -0.3399
vn -0.0877 0.9957 0.0298
vn -0.7704 0.5915 -0.2378
vn -0.7703 0.5916 -0.2378
vn -0.0892 0.9960 0.0023
vn -0.0892 0.9960 0.0022
vn -0.0890 0.9960 0.0022
vn -0.8106 0.5720 -0.1253
vn -0.8106 0.5721 -0.1253
vn -0.0778 0.9965 -0.0305
vn -0.8274 0.5616 -0.0075
vn -0.8274 0.5615 -0.0075
vn -0.8274 0.5616 -0.0074
vn -0.0585 0.9953 -0.0767
vn -0.8208 0.5603 0.1113
vn -0.8207 0.5604 0.1114
vn -0.8208 0.5603 0.1112
vn -0.8208 0.5603 0.1114
vn -0.0405 0.9892 -0.1410
vn -0.0405 0.9892 -0.1409
vn -0.7910 0.5681 0.2270
vn -0.7911 0.5681 0.2268
vn -0.0354 0.9744 -0.2222
vn -0.0353 0.9744 -0.2222
vn -0.7386 0.5853 0.3345
vn -0.7386 0.5852 0.3345
vn -0.7386 0.5853 0.3346
vn -0.0542 0.9481 -0.3132
vn -0.0543 0.9481 -0.3132
vn -0.0542 0.9481 -0.3133
vn -0.1305 0.8515 0.5079
vn -0.1306 0.8515 0.5079
vn -0.6643 0.6117 0.4296
vn -0.6642 0.6118 0.4296
vn -0.1042 0.9101 -0.4011
vn -0.1043 0.9101 -0.4011
vn -0.0582 0.9008 0.4303
vn -0.5701 0.6475 0.5057
vn -0.5701 0.6475 0.5056
vn -0.9237 0.1357 -0.3582
vn -0.9238 0.1358 -0.3581
vn -0.9237 0.1355 -0.3585
vn 0.4697 -0.8776 0.0962
vn 0.4695 -0.8777 0.0960
vn 0.4694 -0.8777 0.0960
vn -0.0554 -0.9621 -0.2670
vn -0.0554 -0.9621 -0.2671
vn 0.4867 -0.8725 0.0438
vn 0.4866 -0.8725 0.0441
vn 0.4872 -0.8722 0.0438
vn 0.4870 -0.8723 0.0437
vn -0.1090 -0.9692 -0.2208
vn -0.1089 -0.9692 -0.2208
vn 0.4938 -0.8695 -0.0100
vn 0.4939 -0.8695 -0.0100
vn 0.4938 -0.8695 -0.0101
vn -0.1511 -0.9746 -0.1650
vn -0.1510 -0.9747 -0.1650
vn 0.4910 -0.8688 -0.0638
vn 0.4909 -0.8689 -0.0640
vn 0.4909 -0.8689 -0.0637
vn 0.4909 -0.8689 -0.0635
vn -0.1796 -0.9785 -0.1017
vn -0.1797 -0.9785 -0.1017
vn -0.1795 -0.9785 -0.1017
vn -0.1794 -0.9785 -0.1018
vn 0.4778 -0.8707 -0.1165
vn 0.4778 -0.8707 -0.1166
vn 0.4779 -0.8707 -0.1164
vn -0.1920 -0.9808 -0.0345
vn -0.1919 -0.9808 -0.0344
vn 0.4552 -0.8746 -0.1669
vn 0.4550 -0.8748 -0.1665
vn 0.4551 -0.8747 -0.1668
vn 0.4549 -0.8748 -0.1668
vn -0.1881 -0.9816 0.0335
vn -0.1880 -0.9816 0.0334
vn -0.1881 -0.9816 0.0336
vn -0.1882 -0.9816 0.0337
vn 0.4224 -0.8810 -0.2131
vn 0.4223 -0.8810 -0.2133
vn 0.4225 -0.8810 -0.2131
vn -0.1684 -0.9807 0.0991
vn -0.1683 -0.9807 0.0991
vn -0.1685 -0.9807 0.0992
vn 0.3811 -0.8890 -0.2539
vn 0.3810 -0.8890 -0.2540
vn 0.3810 -0.8891 -0.2539
vn 0.3808 -0.8891 -0.2539
vn -0.1332 -0.9783 0.1590
vn -0.1331 -0.9783 0.1589
vn -0.1332 -0.9782 0.1591
vn 0.3307 -0.8988 -0.2879
vn 0.3306 -0.8988 -0.2879
vn 0.3307 -0.8987 -0.2879
vn 0.2434 -0.9278 0.2827
vn 0.2434 -0.9278 0.2828
vn -0.0851 -0.9740 0.2098
vn 0.2730 -0.9095 -0.3134
vn 0.2730 -0.9096 -0.3133
vn 0.2730 -0.9095 -0.3133
vn 0.3048 -0.9160 0.2609
vn 0.3049 -0.9160 0.2609
vn 0.3049 -0.9160 0.2608
vn -0.0269 -0.9679 0.2500
vn -0.0268 -0.9678 0.2502
vn -0.0268 -0.9679 0.2501
vn -0.0268 -0.9679 0.2500
vn 0.2095 -0.9210 -0.3285
vn 0.3594 -0.9045 0.2295
vn 0.3593 -0.9046 0.2295
vn 0.3593 -0.9045 0.2295
vn 0.0387 -0.9599 0.2777
vn 0.0385 -0.9599 0.2777
vn 0.0386 -0.9599 0.2777
vn 0.1421 -0.9325 -0.3321
vn 0.1421 -0.9325 -0.3322
vn 0.1421 -0.9324 -0.3322
vn 0.4056 -0.8941 0.1902
vn 0.4053 -0.8942 0.1900
vn 0.4055 -0.8941 0.1902
vn 0.4056 -0.8940 0.1904
vn 0.1075 -0.9503 0.2921
vn 0.1075 -0.9504 0.2920
vn 0.0733 -0.9435 -0.3233
vn 0.0734 -0.9435 -0.3233
vn 0.0733 -0.9435 -0.3232
vn 0.4423 -0.8850 0.1455
vn 0.4423 -0.8850 0.1454
vn 0.4423 -0.8850 0.1453
vn 0.1768 -0.9394 0.2936
vn 0.1768 -0.9394 0.2937
vn -0.6988 0.7090 0.0955
vn -0.6989 0.7088 0.0956
vn -0.6989 0.7088 0.0955
vn -0.6987 0.7090 0.0955
vn 0.9801 -0.1422 -0.1386
vn 0.9801 -0.1423 -0.1385
vn -0.9710 0.1421 -0.1921
vn -0.9710 0.1420 -0.1922
vn 0.9435 -0.1365 -0.3020
vn 0.9434 -0.1365 -0.3021
vn 0.9436 -0.1364 -0.3018
vn -0.9892 0.1440 -0.0264
vn -0.9892 0.1440 -0.0263
vn 0.8783 -0.1265 -0.4611
vn 0.8782 -0.1264 -0.4612
vn -0.9801 0.1422 0.1388
vn -0.9801 0.1422 0.1387
vn 0.7812 -0.1120 -0.6141
vn 0.7811 -0.1119 -0.6142
vn 0.7812 -0.1120 -0.6142
vn 0.7813 -0.1121 -0.6141
vn -0.9437 0.1365 0.3015
vn -0.9436 0.1364 0.3016
vn 0.6499 -0.0922 -0.7544
vn 0.6500 -0.0922 -0.7543
vn 0.6499 -0.0923 -0.7544
vn -0.8783 0.1264 0.4612
vn -0.8782 0.1264 0.4612
vn -0.8781 0.1260 0.4616
vn 0.4827 -0.0676 -0.8732
vn 0.4826 -0.0676 -0.8732
vn 0.4827 -0.0675 -0.8732
vn 0.1698 -0.0278 0.9851
vn 0.1698 -0.0277 0.9851
vn 0.1696 -0.0277 0.9851
vn -0.7813 0.1117 0.6140
vn -0.7813 0.1116 0.6141
vn -0.7814 0.1118 0.6139
vn 0.2831 -0.0383 -0.9583
vn 0.2832 -0.0383 -0.9583
vn 0.3872 -0.0593 0.9201
vn 0.3873 -0.0592 0.9201
vn -0.6501 0.0924 0.7542
vn -0.6499 0.0922 0.7544
vn -0.6500 0.0925 0.7543
vn 0.0596 -0.0056 -0.9982
vn 0.0597 -0.0056 -0.9982
vn 0.0599 -0.0056 -0.9982
vn 0.5761 -0.0863 0.8128
vn 0.5762 -0.0864 0.8128
vn 0.5762 -0.0864 0.8127
vn -0.4826 0.0676 0.8732
vn -0.4827 0.0676 0.8732
vn -0.4825 0.0676 0.8733
vn -0.1698 0.0277 -0.9851
vn -0.1697 0.0277 -0.9851
vn 0.7291 -0.1082 0.6758
vn 0.7291 -0.1082 0.6757
vn 0.7293 -0.1082 0.6756
vn 0.7292 -0.1082 0.6757
vn -0.2829 0.0382 0.9584
vn -0.2832 0.0383 0.9583
vn -0.3873 0.0593 -0.9201
vn -0.3870 0.0592 -0.9202
vn 0.8441 -0.1246 0.5214
vn 0.8441 -0.1247 0.5215
vn 0.8442 -0.1246 0.5214
vn -0.0598 0.0056 0.9982
vn -0.5761 0.0864 -0.8128
vn -0.5760 0.0864 -0.8129
vn 0.9237 -0.1356 0.3583
vn 0.9237 -0.1355 0.3584
vn 0.9238 -0.1358 0.3581
vn -0.7290 0.1081 -0.6759
vn -0.7289 0.1080 -0.6761
vn 0.9709 -0.1421 0.1929
vn 0.9708 -0.1422 0.1932
vn -0.8445 0.1242 -0.5210
vn -0.8442 0.1242 -0.5214
vn -0.8445 0.1241 -0.5210
vn -0.8443 0.1245 -0.5213
vn 0.9892 -0.1441 0.0261
vn 0.9892 -0.1441 0.0262
vn -0.0430 -0.8713 -0.4888
vn -0.0428 -0.8713 -0.4888
vn -0.0432 -0.8713 -0.4888
vn 0.1010 0.9726 -0.2096
vn -0.6743 0.7135 0.1904
vn -0.6741 0.7136 0.1906
vn -0.6742 0.7135 0.1906
vn 0.0689 0.9579 -0.2787
vn -0.6303 0.7242 0.2796
vn -0.6304 0.7241 0.2797
vn -0.6304 0.7240 0.2799
vn 0.0177 0.9384 -0.3450
vn -0.0919 0.8767 0.4721
vn -0.5682 0.7403 0.3594
vn -0.5683 0.7402 0.3594
vn -0.5683 0.7402 0.3593
vn -0.0536 0.9145 -0.4010
vn -0.0078 0.9053 0.4247
vn -0.4893 0.7614 0.4253
vn -0.1424 0.8869 -0.4394
vn 0.0569 0.9306 0.3617
vn -0.3963 0.7870 0.4728
vn -0.3962 0.7870 0.4729
vn -0.3962 0.7870 0.4728
vn -0.2428 0.8569 -0.4547
vn -0.2427 0.8570 -0.4546
vn -0.2428 0.8570 -0.4546
vn 0.1004 0.9516 0.2906
vn 0.1004 0.9515 0.2906
vn -0.2941 0.8159 0.4979
vn -0.2942 0.8158 0.4979
vn -0.3464 0.8264 -0.4440
vn -0.3463 0.8264 -0.4441
vn 0.1247 0.9678 0.2187
vn 0.1247 0.9678 0.2188
vn -0.1900 0.8463 0.4976
vn -0.1900 0.8463 0.4977
vn -0.4451 0.7969 -0.4086
vn -0.4451 0.7968 -0.4086
vn -0.4451 0.7969 -0.4085
vn 0.1349 0.9793 0.1508
vn -0.5323 0.7701 -0.3516
vn -0.5323 0.7700 -0.3517
vn -0.5323 0.7700 -0.3516
vn 0.1364 0.9867 0.0888
vn -0.6036 0.7474 -0.2778
vn -0.6036 0.7473 -0.2778
vn -0.6035 0.7473 -0.2782
vn -0.6036 0.7473 -0.2779
vn 0.1344 0.9904 0.0315
vn 0.1344 0.9904 0.0314
vn -0.6568 0.7292 -0.1920
vn -0.6566 0.7294 -0.1922
vn -0.6565 0.7294 -0.1922
vn -0.6566 0.7294 -0.1921
vn 0.1313 0.9910 -0.0240
vn 0.1313 0.9911 -0.0240
vn 0.1312 0.9911 -0.0240
vn 0.1313 0.9910 -0.0241
vn -0.6902 0.7168 -0.0990
vn -0.6902 0.7168 -0.0989
vn -0.6901 0.7169 -0.0990
vn 0.1270 0.9886 -0.0813
vn -0.7045 0.7097 -0.0018
vn -0.7044 0.7098 -0.0016
vn -0.7045 0.7097 -0.0019
vn -0.7045 0.7097 -0.0020
vn 0.1186 0.9826 -0.1430
vn 0.1186 0.9826 -0.1429
vn -0.8287 -0.1313 -0.5440
vn -0.8288 -0.1314 -0.5439
vn -0.8287 -0.1314 -0.5440
vn -0.8288 -0.1314 -0.5440
vn 0.5851 -0.7638 0.2727
vn 0.5851 -0.7637 0.2727
vn 0.5850 -0.7638 0.2728
vn 0.1193 -0.8660 0.4857
vn 0.1192 -0.8659 0.4858
vn 0.1192 -0.8660 0.4856
vn -0.1412 -0.8850 -0.4436
vn -0.1412 -0.8850 -0.4437
vn -0.1411 -0.8851 -0.4436
vn 0.6365 -0.7480 0.1879
vn 0.6366 -0.7480 0.1879
vn -0.2273 -0.8957 -0.3821
vn -0.2273 -0.8958 -0.3820
vn 0.6695 -0.7365 0.0966
vn 0.6694 -0.7366 0.0966
vn -0.2981 -0.9038 -0.3072
vn -0.2981 -0.9037 -0.3073
vn 0.6833 -0.7301 0.0013
vn 0.6831 -0.7303 0.0015
vn 0.6834 -0.7301 0.0014
vn 0.6835 -0.7300 0.0016
vn -0.3514 -0.9095 -0.2220
vn -0.3515 -0.9094 -0.2223
vn -0.3517 -0.9094 -0.2219
vn -0.3515 -0.9094 -0.2222
vn 0.6783 -0.7289 -0.0931
vn 0.6783 -0.7288 -0.0934
vn 0.6781 -0.7290 -0.0934
vn 0.6781 -0.7290 -0.0935
vn -0.3855 -0.9134 -0.1307
vn -0.3855 -0.9134 -0.1308
vn -0.3857 -0.9134 -0.1304
vn -0.3856 -0.9134 -0.1307
vn 0.6538 -0.7333 -0.1864
vn 0.6538 -0.7334 -0.1864
vn 0.6538 -0.7334 -0.1863
vn -0.4003 -0.9157 -0.0358
vn -0.4001 -0.9158 -0.0358
vn -0.4002 -0.9157 -0.0358
vn 0.6110 -0.7428 -0.2737
vn -0.3946 -0.9169 0.0594
vn -0.3950 -0.9168 0.0594
vn -0.3951 -0.9167 0.0591
vn 0.5504 -0.7567 -0.3526
vn 0.5505 -0.7567 -0.3526
vn 0.5505 -0.7568 -0.3526
vn 0.5504 -0.7568 -0.3526
vn -0.3700 -0.9165 0.1523
vn -0.3699 -0.9165 0.1522
vn -0.3699 -0.9165 0.1521
vn 0.4737 -0.7743 -0.4196
vn 0.4737 -0.7743 -0.4195
vn -0.3259 -0.9147 0.2390
vn -0.3258 -0.9147 0.2392
vn -0.3260 -0.9146 0.2393
vn -0.3259 -0.9145 0.2395
vn 0.3830 -0.7942 -0.4717
vn 0.2290 -0.8470 0.4798
vn 0.2290 -0.8469 0.4799
vn 0.2289 -0.8470 0.4799
vn -0.2634 -0.9107 0.3181
vn -0.2635 -0.9108 0.3180
vn -0.2635 -0.9107 0.3180
vn 0.2815 -0.8151 -0.5064
vn 0.2816 -0.8152 -0.5061
vn 0.2816 -0.8151 -0.5062
vn 0.2816 -0.8148 -0.5067
vn 0.3347 -0.8258 0.4539
vn 0.3346 -0.8258 0.4539
vn 0.3348 -0.8258 0.4538
vn -0.1848 -0.9044 0.3847
vn -0.1848 -0.9043 0.3847
vn -0.1849 -0.9043 0.3848
vn 0.1736 -0.8357 -0.5210
vn 0.1735 -0.8358 -0.5209
vn 0.1736 -0.8358 -0.5209
vn 0.1735 -0.8357 -0.5210
vn 0.4318 -0.8041 0.4087
vn 0.4319 -0.8040 0.4087
vn -0.0925 -0.8948 0.4367
vn -0.0924 -0.8948 0.4367
vn -0.0926 -0.8948 0.4367
vn 0.0638 -0.8548 -0.5151
vn 0.0638 -0.8548 -0.5150
vn 0.5163 -0.7828 0.3473
vn 0.5162 -0.7828 0.3474
vn 0.5162 -0.7829 0.3473
vn 0.5161 -0.7830 0.3472
vn 0.0102 -0.8820 0.4711
vn 0.0100 -0.8820 0.4711
vn 0.0101 -0.8820 0.4711
vn 0.0104 -0.8820 0.4710
vn -0.9571 0.2888 -0.0237
vn -0.9571 0.2888 -0.0236
vn -0.9571 0.2887 -0.0237
vn 0.9850 0.1689 0.0344
vn 0.9850 0.1688 0.0345
vn 0.9850 0.1690 0.0343
vn 0.9850 0.1691 0.0342
vn -0.9132 -0.1493 -0.3792
vn -0.9133 -0.1496 -0.3788
vn -0.9132 -0.1493 -0.3793
vn 0.9754 0.1709 -0.1392
vn 0.9755 0.1707 -0.1391
vn 0.9755 0.1706 -0.1392
vn 0.9754 0.1707 -0.1393
vn -0.9647 -0.1617 -0.2078
vn -0.9647 -0.1617 -0.2079
vn -0.9647 -0.1617 -0.2077
vn 0.9360 0.1673 -0.3096
vn 0.9360 0.1674 -0.3096
vn 0.9360 0.1675 -0.3095
vn -0.9851 -0.1687 -0.0342
vn -0.9850 -0.1688 -0.0343
vn -0.9850 -0.1689 -0.0343
vn -0.9851 -0.1688 -0.0342
vn 0.8659 0.1588 -0.4743
vn 0.8659 0.1588 -0.4744
vn 0.8659 0.1587 -0.4744
vn 0.8660 0.1588 -0.4742
vn -0.9754 -0.1709 0.1392
vn -0.9754 -0.1707 0.1393
vn -0.9755 -0.1707 0.1391
vn 0.7638 0.1446 -0.6290
vn 0.7637 0.1447 -0.6291
vn 0.7639 0.1445 -0.6289
vn -0.9361 -0.1675 0.3094
vn -0.9360 -0.1675 0.3095
vn -0.9361 -0.1675 0.3093
vn -0.9360 -0.1675 0.3096
vn 0.6287 0.1241 -0.7677
vn 0.6286 0.1241 -0.7677
vn 0.6285 0.1243 -0.7678
vn -0.8660 -0.1590 0.4742
vn -0.8660 -0.1591 0.4740
vn -0.8659 -0.1590 0.4742
vn -0.8659 -0.1588 0.4744
vn 0.4616 0.0978 -0.8817
vn 0.4615 0.0976 -0.8817
vn 0.4615 0.0977 -0.8817
vn 0.1639 0.0078 0.9865
vn 0.1640 0.0078 0.9864
vn -0.7637 -0.1445 0.6291
vn -0.7638 -0.1445 0.6291
vn -0.7637 -0.1444 0.6292
vn -0.7638 -0.1443 0.6291
vn 0.2667 0.0655 -0.9616
vn 0.2667 0.0653 -0.9616
vn 0.2669 0.0656 -0.9615
vn 0.2667 0.0657 -0.9615
vn 0.3715 0.0450 0.9274
vn 0.3716 0.0447 0.9273
vn 0.3716 0.0446 0.9273
vn 0.3715 0.0447 0.9273
vn -0.6287 -0.1241 0.7677
vn 0.0539 0.0300 -0.9981
vn 0.0536 0.0299 -0.9981
vn 0.0540 0.0300 -0.9981
vn 0.5561 0.0785 0.8274
vn 0.5561 0.0784 0.8274
vn 0.5562 0.0786 0.8273
vn -0.4616 -0.0977 0.8817
vn -0.4614 -0.0977 0.8818
vn -0.4618 -0.0977 0.8816
vn -0.1640 -0.0078 -0.9864
vn -0.1636 -0.0078 -0.9865
vn -0.1639 -0.0078 -0.9865
vn 0.7099 0.1077 0.6961
vn 0.7098 0.1078 0.6961
vn 0.7098 0.1077 0.6961
vn 0.7099 0.1078 0.6960
vn -0.2671 -0.0660 0.9614
vn -0.2668 -0.0658 0.9615
vn -0.3718 -0.0449 -0.9272
vn -0.3714 -0.0446 -0.9274
vn -0.3715 -0.0447 -0.9273
vn 0.8288 0.1315 0.5438
vn 0.8288 0.1316 0.5439
vn 0.8289 0.1314 0.5437
vn -0.0539 -0.0300 0.9981
vn -0.0540 -0.0300 0.9981
vn -0.5562 -0.0786 -0.8273
vn -0.5561 -0.0786 -0.8274
vn 0.9132 0.1492 0.3792
vn 0.9132 0.1493 0.3792
vn 0.9133 0.1493 0.3790
vn -0.7098 -0.1077 -0.6961
vn 0.9647 0.1616 0.2079
vn 0.9647 0.1617 0.2078
vn 0.9647 0.1616 0.2080
vn -0.0334 0.9994 0.0131
vn -0.0335 0.9994 0.0130
vn -0.0333 0.9994 0.0133
vn -0.0335 0.9994 0.0131
vn -0.0334 0.9994 0.0130
vn -0.0332 0.9994 0.0130
vn -0.0333 0.9994 0.0129
vn -0.0332 0.9994 0.0129
vn -0.0334 0.9994 0.0127
vn -0.0333 0.9994 0.0130
vn -0.0331 0.9994 0.0129
vn -0.0336 0.9994 0.0129
vn -0.0336 0.9993 0.0130
vn -0.0336 0.9994 0.0130
vn -0.0337 0.9993 0.0132
vn -0.0334 0.9994 0.0129
vn -0.0336 0.9993 0.0132
vn -0.2390 0.9668 0.0900
vn -0.9483 0.2869 0.1353
vn -0.9483 0.2870 0.1357
vn -0.9483 0.2870 0.1356
vn -0.1261 0.9914 0.0339
vn -0.9085 0.2995 0.2913
vn -0.0207 0.9962 -0.0843
vn -0.8376 0.3268 0.4379
vn -0.8376 0.3268 0.4378
vn -0.8375 0.3270 0.4377
vn 0.0403 0.9675 -0.2497
vn 0.0403 0.9675 -0.2498
vn 0.0130 0.8011 0.5984
vn -0.7352 0.3698 0.5681
vn 0.0309 0.9035 -0.4274
vn 0.0790 0.8938 0.4414
vn -0.6026 0.4295 0.6726
vn -0.0522 0.8143 -0.5782
vn -0.0522 0.8143 -0.5781
vn 0.0689 0.9617 0.2652
vn 0.0689 0.9617 0.2653
vn -0.4454 0.5058 0.7388
vn -0.1906 0.7135 -0.6743
vn -0.1906 0.7134 -0.6743
vn -0.0100 0.9941 0.1082
vn -0.2757 0.5968 0.7535
vn -0.2758 0.5968 0.7535
vn -0.3566 0.6131 -0.7049
vn -0.3566 0.6131 -0.7050
vn -0.1278 0.9918 0.0023
vn -0.1141 0.6980 0.7069
vn -0.5237 0.5216 -0.6736
vn -0.5237 0.5215 -0.6736
vn -0.2463 0.9683 -0.0415
vn -0.2463 0.9683 -0.0416
vn -0.6728 0.4436 -0.5921
vn -0.6727 0.4436 -0.5922
vn -0.3363 0.9412 -0.0332
vn -0.3362 0.9412 -0.0332
vn -0.7930 0.3815 -0.4751
vn -0.7930 0.3815 -0.4750
vn -0.7930 0.3814 -0.4750
vn -0.3824 0.9240 0.0070
vn -0.8804 0.3355 -0.3351
vn -0.8804 0.3354 -0.3352
vn -0.3796 0.9234 0.0559
vn -0.3797 0.9234 0.0559
vn -0.9348 0.3048 -0.1824
vn -0.3294 0.9398 0.0910
vn -0.3293 0.9398 0.0911
vn 0.0083 -0.9999 -0.0116
vn 0.6761 -0.0029 0.7368
vn 0.8296 -0.5421 -0.1339
vn 0.8296 -0.5421 -0.1340
vn 0.8296 -0.5421 -0.1338
vn -0.8065 -0.5548 -0.2042
vn -0.8065 -0.5548 -0.2043
vn -0.8065 -0.5549 -0.2042
vn 0.7888 -0.5406 -0.2924
vn 0.7888 -0.5406 -0.2925
vn 0.7889 -0.5406 -0.2923
vn -0.8292 -0.5574 -0.0424
vn -0.8293 -0.5572 -0.0423
vn -0.8292 -0.5573 -0.0424
vn 0.7178 -0.5397 -0.4400
vn 0.7177 -0.5398 -0.4399
vn 0.7180 -0.5397 -0.4396
vn 0.7179 -0.5397 -0.4398
vn -0.8203 -0.5589 0.1212
vn -0.8204 -0.5588 0.1212
vn -0.8204 -0.5589 0.1212
vn -0.8203 -0.5590 0.1213
vn 0.6195 -0.5388 -0.5708
vn 0.6195 -0.5389 -0.5708
vn 0.6195 -0.5388 -0.5709
vn 0.6196 -0.5388 -0.5708
vn -0.7796 -0.5604 0.2796
vn -0.7794 -0.5606 0.2798
vn 0.4976 -0.5386 -0.6799
vn 0.4976 -0.5385 -0.6800
vn -0.7087 -0.5615 0.4271
vn -0.7087 -0.5616 0.4271
vn -0.7087 -0.5615 0.4272
vn 0.3567 -0.5388 -0.7632
vn 0.3569 -0.5388 -0.7631
vn 0.3568 -0.5388 -0.7632
vn 0.3567 -0.5387 -0.7633
vn 0.1322 -0.5590 0.8185
vn 0.1322 -0.5590 0.8186
vn -0.6104 -0.5622 0.5580
vn -0.6104 -0.5621 0.5580
vn 0.2024 -0.5394 -0.8174
vn 0.2023 -0.5394 -0.8174
vn 0.2025 -0.5394 -0.8173
vn 0.2909 -0.5572 0.7777
vn 0.2907 -0.5572 0.7778
vn 0.2913 -0.5573 0.7775
vn -0.4885 -0.5623 0.6672
vn -0.4885 -0.5624 0.6671
vn -0.4886 -0.5623 0.6671
vn 0.0402 -0.5405 -0.8404
vn 0.0403 -0.5405 -0.8404
vn 0.4381 -0.5553 0.7069
vn 0.4382 -0.5552 0.7069
vn 0.4382 -0.5553 0.7069
vn 0.4379 -0.5554 0.7069
vn -0.3475 -0.5622 0.7505
vn -0.3475 -0.5621 0.7505
vn -0.3476 -0.5622 0.7504
vn -0.3476 -0.5623 0.7503
vn -0.1230 -0.5419 -0.8314
vn -0.1228 -0.5420 -0.8314
vn 0.5690 -0.5530 0.6086
vn 0.5690 -0.5531 0.6085
vn 0.5689 -0.5531 0.6086
vn -0.1930 -0.5615 0.8046
vn -0.1931 -0.5615 0.8046
vn -0.1931 -0.5616 0.8045
vn -0.2815 -0.5437 -0.7906
vn -0.2819 -0.5438 -0.7904
vn -0.2816 -0.5437 -0.7906
vn 0.6781 -0.5507 0.4867
vn 0.6783 -0.5505 0.4867
vn 0.6782 -0.5506 0.4867
vn -0.0314 -0.5608 0.8273
vn -0.0313 -0.5609 0.8273
vn -0.0311 -0.5605 0.8276
vn -0.4292 -0.5455 -0.7199
vn -0.4291 -0.5456 -0.7199
vn -0.4291 -0.5457 -0.7198
vn -0.4292 -0.5456 -0.7198
vn 0.7616 -0.5481 0.3459
vn 0.7616 -0.5481 0.3458
vn 0.7616 -0.5480 0.3459
vn 0.7615 -0.5481 0.3459
vn -0.5601 -0.5478 -0.6214
vn -0.5599 -0.5480 -0.6214
vn -0.5601 -0.5479 -0.6214
vn -0.5602 -0.5479 -0.6213
vn 0.8156 -0.5460 0.1914
vn 0.8157 -0.5460 0.1912
vn 0.8156 -0.5459 0.1915
vn -0.6691 -0.5503 -0.4995
vn -0.6690 -0.5504 -0.4995
vn -0.6692 -0.5502 -0.4995
vn 0.8386 -0.5440 0.0292
vn 0.8386 -0.5439 0.0293
vn 0.8386 -0.5440 0.0293
vn 0.8386 -0.5439 0.0294
vn -0.7523 -0.5527 -0.3586
vn -0.7523 -0.5526 -0.3586
vn -0.7522 -0.5527 -0.3586
vn -0.0083 0.9999 0.0116
vn -0.2371 -0.0133 0.9714
vn -0.2372 -0.0133 0.9714
vn -0.2369 -0.0133 0.9714
vn -0.3429 0.0081 -0.9393
vn -0.3428 0.0081 -0.9394
vn -0.3430 0.0081 -0.9393
vn 0.8069 -0.0002 0.5906
vn -0.0431 -0.0120 0.9990
vn -0.5194 0.0056 -0.8545
vn 0.9067 0.0026 0.4218
vn -0.6761 0.0029 -0.7368
vn 0.9715 0.0053 0.2371
vn 0.9715 0.0053 0.2370
vn -0.8070 0.0002 -0.5906
vn -0.8068 0.0002 -0.5909
vn 0.9991 0.0078 0.0427
vn 0.9991 0.0078 0.0428
vn 0.9990 0.0078 0.0429
vn -0.9067 -0.0026 -0.4218
vn 0.9882 0.0100 -0.1527
vn 0.9882 0.0100 -0.1526
vn 0.9882 0.0100 -0.1528
vn -0.9716 -0.0053 -0.2365
vn -0.9715 -0.0053 -0.2370
vn 0.9393 0.0118 -0.3429
vn 0.9393 0.0118 -0.3430
vn -0.9991 -0.0078 -0.0428
vn -0.9990 -0.0078 -0.0432
vn 0.8545 0.0131 -0.5193
vn -0.9882 -0.0100 0.1528
vn -0.9882 -0.0100 0.1531
vn 0.7368 0.0140 -0.6760
vn 0.7366 0.0140 -0.6762
vn -0.9395 -0.0118 0.3422
vn -0.9394 -0.0118 0.3427
vn 0.5906 0.0143 -0.8069
vn -0.8545 -0.0131 0.5193
vn 0.4223 0.0140 -0.9063
vn 0.1532 -0.0102 0.9881
vn -0.7367 -0.0140 0.6760
vn 0.2371 0.0133 -0.9714
vn 0.2372 0.0133 -0.9714
vn 0.3427 -0.0081 0.9394
vn 0.3428 -0.0081 0.9394
vn -0.5906 -0.0143 0.8069
vn 0.0427 0.0120 -0.9990
vn 0.5194 -0.0056 0.8545
vn 0.5193 -0.0056 0.8546
vn 0.5192 -0.0056 0.8547
vn -0.4218 -0.0140 0.9066
vn -0.4220 -0.0140 0.9065
vn -0.1528 0.0102 -0.9882
vn 0.8543 -0.4788 0.2022
vn 0.8544 -0.4789 0.2018
vn 0.8543 -0.4789 0.2021
vn 0.8544 -0.4788 0.2021
vn -0.7025 -0.4834 -0.5224
vn -0.7024 -0.4834 -0.5224
vn -0.7025 -0.4834 -0.5223
vn 0.8785 -0.4767 0.0319
vn 0.8786 -0.4764 0.0324
vn -0.7895 -0.4859 -0.3749
vn -0.7896 -0.4857 -0.3750
vn -0.7896 -0.4857 -0.3751
vn -0.7895 -0.4859 -0.3750
vn 0.8690 -0.4748 -0.1391
vn 0.8690 -0.4748 -0.1394
vn 0.8690 -0.4748 -0.1392
vn -0.8464 -0.4882 -0.2130
vn -0.8463 -0.4883 -0.2129
vn -0.8463 -0.4882 -0.2130
vn -0.8463 -0.4882 -0.2131
vn 0.8263 -0.4732 -0.3055
vn 0.8262 -0.4731 -0.3058
vn 0.8262 -0.4732 -0.3057
vn 0.8262 -0.4732 -0.3056
vn -0.8704 -0.4904 -0.0430
vn -0.8705 -0.4904 -0.0429
vn -0.8704 -0.4904 -0.0431
vn 0.7519 -0.4721 -0.4603
vn 0.7519 -0.4720 -0.4603
vn 0.7519 -0.4721 -0.4602
vn 0.7520 -0.4720 -0.4600
vn -0.8610 -0.4923 0.1280
vn -0.8610 -0.4923 0.1281
vn -0.8609 -0.4923 0.1282
vn 0.6489 -0.4713 -0.5974
vn 0.6488 -0.4713 -0.5975
vn 0.6488 -0.4711 -0.5975
vn 0.6488 -0.4713 -0.5974
vn -0.8181 -0.4939 0.2945
vn -0.8182 -0.4939 0.2944
vn -0.8182 -0.4939 0.2943
vn 0.5210 -0.4710 -0.7118
vn 0.5209 -0.4711 -0.7118
vn 0.5207 -0.4713 -0.7119
vn 0.5206 -0.4713 -0.7119
vn -0.7439 -0.4951 0.4488
vn -0.7439 -0.4950 0.4490
vn -0.7439 -0.4952 0.4488
vn -0.7439 -0.4952 0.4487
vn 0.3735 -0.4715 -0.7989
vn 0.3732 -0.4713 -0.7991
vn 0.3731 -0.4713 -0.7991
vn 0.3737 -0.4716 -0.7987
vn 0.1381 -0.4923 0.8594
vn 0.1379 -0.4925 0.8593
vn 0.1376 -0.4925 0.8594
vn 0.1379 -0.4924 0.8594
vn -0.6407 -0.4957 0.5864
vn -0.6407 -0.4955 0.5865
vn -0.6408 -0.4956 0.5863
vn -0.6408 -0.4958 0.5862
vn 0.2112 -0.4719 -0.8560
vn 0.2118 -0.4720 -0.8558
vn 0.2114 -0.4719 -0.8559
vn 0.2111 -0.4720 -0.8560
vn 0.3038 -0.4905 0.8168
vn 0.3040 -0.4907 0.8166
vn 0.3042 -0.4904 0.8167
vn 0.3041 -0.4906 0.8166
vn -0.5130 -0.4961 0.7006
vn -0.5129 -0.4960 0.7006
vn -0.5130 -0.4961 0.7005
vn -0.5127 -0.4958 0.7009
vn 0.0414 -0.4731 -0.8800
vn 0.0415 -0.4731 -0.8801
vn 0.0416 -0.4730 -0.8801
vn 0.4587 -0.4885 0.7423
vn -0.3654 -0.4957 0.7879
vn -0.3657 -0.4958 0.7877
vn -0.3656 -0.4958 0.7878
vn -0.3652 -0.4959 0.7878
vn -0.1297 -0.4746 -0.8706
vn -0.1299 -0.4746 -0.8706
vn -0.1298 -0.4746 -0.8706
vn 0.5956 -0.4861 0.6395
vn 0.5957 -0.4861 0.6394
vn 0.5957 -0.4862 0.6394
vn -0.2034 -0.4951 0.8447
vn -0.2035 -0.4953 0.8446
vn -0.2031 -0.4949 0.8449
vn -0.2036 -0.4951 0.8446
vn -0.2963 -0.4765 -0.8277
vn -0.2959 -0.4765 -0.8279
vn -0.2964 -0.4765 -0.8277
vn -0.2962 -0.4766 -0.8277
vn 0.7103 -0.4837 0.5113
vn 0.7104 -0.4837 0.5113
vn 0.7105 -0.4837 0.5112
vn 0.7103 -0.4837 0.5114
vn -0.0335 -0.4940 0.8688
vn -0.0333 -0.4940 0.8688
vn -0.0336 -0.4938 0.8689
vn -0.0334 -0.4940 0.8688
vn -0.4505 -0.4787 -0.7536
vn -0.4506 -0.4787 -0.7535
vn -0.4507 -0.4786 -0.7535
vn -0.4506 -0.4786 -0.7536
vn 0.7975 -0.4813 0.3638
vn 0.7976 -0.4813 0.3637
vn -0.5879 -0.4810 -0.6504
vn -0.5880 -0.4809 -0.6503
vn -0.9882 -0.0100 0.1529
vn -0.9883 -0.0100 0.1525
vn -0.2112 -0.8629 0.4592
vn -0.2112 -0.8627 0.4595
vn -0.2111 -0.8628 0.4593
vn -0.2111 -0.8629 0.4592
vn -0.0720 -0.8502 -0.5215
vn -0.0721 -0.8501 -0.5217
vn -0.0720 -0.8503 -0.5214
vn 0.3571 -0.8571 0.3714
vn 0.3571 -0.8570 0.3716
vn 0.3572 -0.8569 0.3716
vn 0.3570 -0.8572 0.3712
vn -0.1154 -0.8624 0.4928
vn -0.1155 -0.8624 0.4928
vn -0.1702 -0.8514 -0.4960
vn -0.1703 -0.8514 -0.4961
vn -0.1702 -0.8515 -0.4960
vn 0.4247 -0.8557 0.2957
vn 0.4248 -0.8556 0.2957
vn -0.0150 -0.8617 0.5072
vn -0.0150 -0.8617 0.5071
vn -0.0150 -0.8616 0.5073
vn -0.2618 -0.8526 -0.4522
vn -0.2617 -0.8527 -0.4521
vn -0.2619 -0.8524 -0.4526
vn 0.4764 -0.8541 0.2085
vn 0.4763 -0.8542 0.2085
vn 0.4763 -0.8542 0.2084
vn 0.4764 -0.8542 0.2084
vn -0.3428 -0.8540 -0.3913
vn 0.5101 -0.8527 0.1127
vn 0.5100 -0.8528 0.1127
vn 0.5103 -0.8525 0.1130
vn -0.4108 -0.8553 -0.3157
vn -0.4103 -0.8556 -0.3155
vn -0.4106 -0.8555 -0.3156
vn -0.4109 -0.8553 -0.3157
vn 0.5242 -0.8515 0.0122
vn 0.5243 -0.8515 0.0122
vn 0.5241 -0.8515 0.0122
vn -0.4622 -0.8569 -0.2284
vn -0.4624 -0.8567 -0.2284
vn -0.4623 -0.8568 -0.2285
vn -0.4623 -0.8567 -0.2286
vn 0.5186 -0.8504 -0.0890
vn 0.5186 -0.8503 -0.0890
vn -0.4957 -0.8583 -0.1325
vn -0.4956 -0.8584 -0.1325
vn -0.4958 -0.8583 -0.1326
vn -0.4959 -0.8582 -0.1326
vn 0.4933 -0.8495 -0.1873
vn 0.4933 -0.8495 -0.1872
vn 0.4934 -0.8494 -0.1873
vn 0.4935 -0.8493 -0.1874
vn -0.5100 -0.8596 -0.0321
vn -0.5098 -0.8597 -0.0321
vn -0.5102 -0.8595 -0.0321
vn 0.4492 -0.8488 -0.2787
vn 0.4493 -0.8488 -0.2788
vn 0.4493 -0.8488 -0.2787
vn -0.5046 -0.8606 0.0692
vn -0.5045 -0.8606 0.0692
vn -0.5047 -0.8605 0.0692
vn -0.5045 -0.8607 0.0691
vn 0.3885 -0.8483 -0.3599
vn 0.3884 -0.8484 -0.3598
vn 0.3883 -0.8484 -0.3598
vn -0.4792 -0.8616 0.1674
vn -0.4790 -0.8617 0.1673
vn -0.4791 -0.8617 0.1674
vn 0.3129 -0.8480 -0.4278
vn 0.3128 -0.8481 -0.4277
vn 0.3128 -0.8481 -0.4276
vn 0.3128 -0.8480 -0.4277
vn -0.4352 -0.8623 0.2590
vn -0.4351 -0.8624 0.2589
vn -0.4352 -0.8623 0.2589
vn -0.4353 -0.8623 0.2589
vn 0.2257 -0.8480 -0.4795
vn 0.2258 -0.8481 -0.4794
vn 0.2256 -0.8483 -0.4791
vn 0.0862 -0.8608 0.5016
vn 0.0862 -0.8608 0.5015
vn 0.0862 -0.8609 0.5015
vn 0.0863 -0.8606 0.5018
vn -0.3742 -0.8628 0.3399
vn -0.3741 -0.8628 0.3399
vn -0.3741 -0.8629 0.3399
vn 0.1296 -0.8487 -0.5127
vn 0.1297 -0.8487 -0.5127
vn 0.1844 -0.8598 0.4762
vn 0.1844 -0.8597 0.4762
vn 0.1845 -0.8598 0.4762
vn -0.2989 -0.8629 0.4076
vn -0.2989 -0.8629 0.4075
vn -0.2988 -0.8629 0.4077
vn -0.2985 -0.8630 0.4077
vn 0.0292 -0.8494 -0.5270
vn 0.0292 -0.8492 -0.5272
vn 0.0292 -0.8493 -0.5271
vn 0.0292 -0.8493 -0.5270
vn 0.2761 -0.8584 0.4324
vn 0.2760 -0.8585 0.4323
vn 0.2756 -0.8587 0.4321
vn 0.2754 -0.8588 0.4319
vn -0.9394 -0.0118 0.3426
vn 0.5905 0.0143 -0.8069
vn -0.8543 -0.0131 0.5196
vn 0.4221 0.0140 -0.9064
vn 0.1529 -0.0102 0.9882
vn -0.7368 -0.0140 0.6760
vn 0.2368 0.0133 -0.9715
vn -0.5906 -0.0143 0.8068
vn 0.0428 0.0120 -0.9990
vn 0.5189 -0.0056 0.8548
vn 0.5192 -0.0056 0.8546
vn -0.4216 -0.0140 0.9067
vn -0.4217 -0.0140 0.9066
vn -0.1530 0.0102 -0.9882
vn 0.6760 -0.0030 0.7369
vn -0.2368 -0.0133 0.9715
vn 0.8070 -0.0002 0.5906
vn -0.0429 -0.0120 0.9990
vn -0.0424 -0.0120 0.9990
vn -0.5197 0.0056 -0.8543
vn 0.9065 0.0026 0.4222
vn 0.9715 0.0053 0.2369
vn 0.9990 0.0078 0.0430
vn -0.9067 -0.0026 -0.4217
vn -0.9714 -0.0053 -0.2372
vn -0.9990 -0.0078 -0.0429
vn 0.8546 0.0131 -0.5192
vn -0.4061 0.0072 -0.9138
vn -0.4061 0.0073 -0.9138
vn -0.2201 0.0095 -0.9754
vn -0.2200 0.0095 -0.9755
vn -0.2200 0.0095 -0.9754
vn -0.0255 0.0114 -0.9996
vn 0.1700 0.0129 -0.9854
vn 0.1701 0.0129 -0.9854
vn 0.3590 0.0138 -0.9332
vn 0.3590 0.0138 -0.9333
vn 0.5342 0.0143 -0.8453
vn 0.5342 0.0143 -0.8452
vn 0.6888 0.0141 -0.7248
vn 0.8170 0.0135 -0.5765
vn 0.9138 0.0123 -0.4060
vn 0.9138 0.0123 -0.4061
vn 0.9755 0.0107 -0.2199
vn 0.9755 0.0107 -0.2197
vn 0.9755 0.0107 -0.2198
vn 0.9996 0.0086 -0.0254
vn 0.9854 0.0062 0.1701
vn 0.9333 0.0036 0.3590
vn 0.9333 0.0036 0.3591
vn 0.8453 0.0008 0.5343
vn 0.7249 -0.0020 0.6889
vn 0.5766 -0.0047 0.8170
vn 0.5765 -0.0047 0.8171
vn 0.4061 -0.0073 0.9138
vn 0.4061 -0.0072 0.9138
vn 0.4060 -0.0073 0.9138
vn 0.2201 -0.0095 0.9754
vn 0.2200 -0.0095 0.9755
vn 0.0255 -0.0114 0.9996
vn -0.1700 -0.0129 0.9854
vn -0.3590 -0.0138 0.9332
vn -0.5341 -0.0143 0.8453
vn -0.6888 -0.0141 0.7248
vn -0.8170 -0.0135 0.5765
vn -0.9138 -0.0123 0.4060
vn -0.9755 -0.0107 0.2199
vn -0.9755 -0.0107 0.2200
vn -0.9996 -0.0086 0.0254
vn -0.9854 -0.0062 -0.1701
vn -0.9333 -0.0036 -0.3590
vn -0.9333 -0.0036 -0.3591
vn -0.8453 -0.0008 -0.5343
vn 0.8089 0.4715 -0.3514
vn 0.8088 0.4715 -0.3514
vn -0.7249 0.0020 -0.6889
vn -0.5766 0.0047 -0.8170
vn -0.5765 0.0047 -0.8171
vn 0.0083 -0.9999 -0.0117
vn 0.0083 -0.9999 -0.0119
vn 0.0083 -0.9999 -0.0115
vn 0.0083 -0.9999 -0.0114
vn 0.0095 0.6324 -0.7746
vn -0.0465 0.6934 0.7191
vn -0.0464 0.6935 0.7190
vn -0.0464 0.6934 0.7190
vn -0.0465 0.6934 0.7190
vn -0.1643 0.9769 0.1370
vn -0.1643 0.9769 0.1369
vn 0.2829 0.4639 -0.8395
vn 0.2829 0.4638 -0.8395
vn 0.7039 0.4604 0.5408
vn 0.7040 0.4604 0.5408
vn -0.1255 0.9917 0.0280
vn -0.4671 0.5344 -0.7045
vn -0.4672 0.5344 -0.7044
vn -0.5916 0.6050 -0.5328
vn -0.5917 0.6050 -0.5328
vn -0.5916 0.6050 -0.5329
vn 0.8658 0.4677 -0.1778
vn 0.8658 0.4677 -0.1779
vn -0.2003 0.7993 0.5666
vn -0.2002 0.7993 0.5666
vn -0.2958 0.9466 0.1285
vn 0.4526 0.4674 -0.7594
vn 0.5556 0.4811 0.6782
vn 0.5557 0.4811 0.6781
vn 0.5556 0.4811 0.6781
vn 0.5555 0.4810 0.6782
vn -0.0723 0.9970 0.0267
vn -0.0722 0.9970 0.0267
vn -0.2948 0.4914 -0.8195
vn -0.2947 0.4914 -0.8195
vn 0.8868 0.4622 0.0054
vn -0.2692 0.8881 0.3726
vn -0.2692 0.8881 0.3727
vn -0.2691 0.8881 0.3727
vn -0.4526 0.8903 0.0494
vn -0.4526 0.8903 0.0495
vn 0.5993 0.4710 -0.6473
vn 0.5993 0.4710 -0.6474
vn 0.3687 0.5242 0.7677
vn 0.3687 0.5242 0.7676
vn -0.0539 0.9968 0.0588
vn -0.0540 0.9968 0.0588
vn -0.1010 0.4702 -0.8768
vn 0.8686 0.4567 0.1921
vn 0.8686 0.4568 0.1921
vn -0.2564 0.9461 0.1981
vn -0.2563 0.9461 0.1981
vn -0.5843 0.8040 -0.1100
vn -0.5844 0.8040 -0.1100
vn 0.7191 0.4725 -0.5095
vn 0.7191 0.4726 -0.5095
vn 0.1579 0.5959 0.7874
vn 0.1579 0.5959 0.7873
vn -0.0824 0.9912 0.1038
vn -0.0825 0.9912 0.1038
vn 0.0958 0.4632 -0.8811
vn 0.0957 0.4632 -0.8811
vn 0.0957 0.4631 -0.8811
vn 0.8084 0.4545 0.3741
vn 0.8084 0.4545 0.3742
vn -0.1960 0.9772 0.0811
vn -0.1959 0.9773 0.0812
vn -0.1960 0.9772 0.0812
vn -0.6371 0.7007 -0.3213
vn -0.6371 0.7006 -0.3212
vn -0.7931 -0.4133 0.4474
vn -0.7932 -0.4132 0.4474
vn -0.7931 -0.4132 0.4474
vn -0.7930 -0.4132 0.4477
vn -0.7931 -0.4133 0.4475
vn -0.7931 -0.4130 0.4476
vn -0.7932 -0.4130 0.4475
vn -0.7931 -0.4133 0.4473
vn -0.7932 -0.4132 0.4473
vn -0.7932 -0.4131 0.4474
vn -0.7930 -0.4131 0.4477
vn -0.7930 -0.4134 0.4474
vn -0.7932 -0.4133 0.4473
vn -0.7932 -0.4131 0.4475
vn -0.7932 -0.4130 0.4476
vn -0.9527 -0.1102 -0.2831
vn -0.9528 -0.1102 -0.2830
vn -0.9528 -0.1103 -0.2830
vn -0.2460 -0.1188 0.9620
vn -0.2460 -0.1189 0.9620
vn 0.1113 0.7401 -0.6633
vn 0.1113 0.7400 -0.6633
vn -0.6182 -0.0838 -0.7816
vn -0.6181 -0.0839 -0.7816
vn -0.6182 -0.0839 -0.7815
vn -0.6181 -0.0838 -0.7816
vn -0.8778 0.3228 0.3538
vn -0.8778 0.3228 0.3539
vn -0.8779 0.3228 0.3538
vn 0.2036 0.8153 -0.5421
vn 0.2036 0.8153 -0.5420
vn -0.7831 0.6209 -0.0355
vn -0.7831 0.6208 -0.0355
vn 0.2881 0.8623 -0.4164
vn 0.2882 0.8623 -0.4164
vn -0.6245 0.7737 -0.1070
vn -0.6245 0.7736 -0.1071
vn 0.3669 0.8845 -0.2882
vn -0.4928 0.8670 -0.0737
vn -0.4928 0.8670 -0.0738
vn -0.4928 0.8671 -0.0736
vn 0.4408 0.8836 -0.1581
vn 0.4408 0.8836 -0.1580
vn -0.3860 0.9225 0.0030
vn 0.5103 0.8596 -0.0251
vn 0.5104 0.8596 -0.0250
vn -0.3009 0.9482 0.1022
vn -0.3009 0.9482 0.1023
vn 0.5746 0.8108 0.1115
vn 0.5747 0.8108 0.1115
vn -0.2364 0.9474 0.2158
vn -0.2364 0.9474 0.2159
vn 0.6309 0.7338 0.2520
vn 0.6310 0.7338 0.2519
vn 0.6309 0.7338 0.2519
vn 0.6309 0.7337 0.2520
vn -0.1950 0.9202 0.3395
vn -0.1950 0.9201 0.3396
vn 0.6737 0.6243 0.3954
vn 0.6737 0.6243 0.3953
vn 0.6738 0.6243 0.3954
vn -0.1841 0.8633 0.4700
vn -0.1840 0.8633 0.4700
vn -0.1841 0.8633 0.4699
vn 0.6930 0.4789 0.5389
vn 0.6929 0.4789 0.5390
vn 0.6929 0.4789 0.5389
vn -0.3942 0.1071 -0.9128
vn -0.3941 0.1072 -0.9128
vn -0.3942 0.1072 -0.9128
vn -0.2236 0.7688 0.5992
vn -0.2235 0.7688 0.5992
vn 0.6721 0.2987 0.6775
vn 0.6721 0.2988 0.6775
vn -0.2356 0.3098 -0.9212
vn -0.2356 0.3098 -0.9211
vn -0.3672 0.6158 0.6971
vn -0.3671 0.6158 0.6971
vn 0.5824 0.0952 0.8073
vn 0.5823 0.0953 0.8074
vn 0.5824 0.0953 0.8073
vn -0.1049 0.4886 -0.8662
vn -0.1048 0.4887 -0.8661
vn -0.1049 0.4887 -0.8661
vn -0.7518 0.3212 0.5758
vn -0.7519 0.3212 0.5758
vn -0.7518 0.3213 0.5758
vn 0.3538 -0.0957 0.9304
vn 0.3537 -0.0957 0.9304
vn 0.6750 0.0142 -0.7377
vn 0.8059 0.0136 -0.5918
vn 0.8059 0.0136 -0.5919
vn 0.8060 0.0136 -0.5918
vn 0.9059 0.0124 -0.4232
vn 0.9711 0.0108 -0.2384
vn 0.9990 0.0088 -0.0444
vn 0.9884 0.0065 0.1514
vn 0.9884 0.0064 0.1514
vn 0.9400 0.0038 0.3413
vn 0.8553 0.0011 0.5181
vn 0.7378 -0.0017 0.6750
vn 0.5920 -0.0045 0.8059
vn 0.5919 -0.0045 0.8060
vn 0.4234 -0.0070 0.9059
vn 0.4233 -0.0070 0.9059
vn 0.2385 -0.0093 0.9711
vn 0.0445 -0.0112 0.9989
vn -0.1513 -0.0127 0.9884
vn -0.1514 -0.0127 0.9884
vn -0.3412 -0.0138 0.9399
vn -0.5181 -0.0142 0.8552
vn -0.5180 -0.0142 0.8552
vn -0.6750 -0.0142 0.7377
vn -0.8059 -0.0136 0.5918
vn -0.8059 -0.0136 0.5919
vn -0.9059 -0.0124 0.4233
vn -0.9711 -0.0108 0.2384
vn -0.9990 -0.0088 0.0444
vn -0.9885 -0.0064 -0.1514
vn -0.9884 -0.0064 -0.1514
vn -0.9400 -0.0038 -0.3413
vn -0.9400 -0.0038 -0.3412
vn -0.8554 -0.0011 -0.5180
vn -0.8553 -0.0011 -0.5181
vn -0.7378 0.0017 -0.6750
vn -0.7377 0.0017 -0.6751
vn -0.7378 0.0017 -0.6751
vn -0.5920 0.0045 -0.8059
vn -0.5919 0.0045 -0.8060
vn -0.4234 0.0070 -0.9059
vn -0.2385 0.0093 -0.9711
vn -0.0445 0.0112 -0.9989
vn 0.1513 0.0127 -0.9884
vn 0.6484 0.4590 0.6074
vn 0.3412 0.0138 -0.9399
vn 0.5181 0.0142 -0.8552
vn 0.7172 0.6326 -0.2922
vn 0.7172 0.6327 -0.2921
vn -0.6736 0.6936 0.2552
vn -0.6735 0.6937 0.2554
vn -0.6735 0.6936 0.2554
vn -0.1857 0.9792 -0.0815
vn -0.1856 0.9792 -0.0816
vn -0.1857 0.9792 -0.0814
vn 0.8852 0.4599 -0.0700
vn 0.8852 0.4599 -0.0699
vn -0.2114 0.4490 0.8682
vn -0.0702 0.9935 -0.0894
vn 0.4617 0.5421 -0.7021
vn 0.4617 0.5420 -0.7022
vn 0.4617 0.5421 -0.7022
vn 0.2550 0.6146 -0.7465
vn 0.2549 0.6145 -0.7466
vn 0.5121 0.4542 0.7290
vn 0.5121 0.4543 0.7290
vn -0.5948 0.8020 0.0549
vn -0.5948 0.8020 0.0548
vn -0.2308 0.9510 -0.2059
vn -0.2307 0.9510 -0.2059
vn 0.8797 0.4608 0.1176
vn 0.8797 0.4608 0.1177
vn -0.3965 0.4719 0.7875
vn -0.3964 0.4719 0.7875
vn -0.0476 0.9980 -0.0410
vn -0.0477 0.9980 -0.0410
vn 0.6359 0.4965 -0.5909
vn 0.3525 0.4482 0.8215
vn -0.4441 0.8920 -0.0845
vn -0.4441 0.8920 -0.0846
vn -0.4441 0.8920 -0.0847
vn -0.2214 0.8973 -0.3819
vn -0.2213 0.8973 -0.3819
vn -0.2214 0.8973 -0.3820
vn 0.8358 0.4619 0.2968
vn 0.8358 0.4619 0.2969
vn -0.5530 0.5179 0.6527
vn -0.5530 0.5179 0.6526
vn -0.5529 0.5179 0.6527
vn -0.5529 0.5179 0.6528
vn -0.0699 0.9975 -0.0113
vn -0.0699 0.9975 -0.0114
vn -0.0698 0.9975 -0.0113
vn 0.7658 0.4723 -0.4365
vn 0.1741 0.4430 0.8795
vn 0.1741 0.4429 0.8795
vn -0.2787 0.9499 -0.1418
vn -0.2786 0.9499 -0.1418
vn -0.1285 0.8131 -0.5677
vn -0.1286 0.8131 -0.5678
vn 0.7574 0.4616 0.4618
vn 0.7575 0.4616 0.4618
vn -0.6550 0.5929 0.4685
vn -0.6550 0.5928 0.4685
vn -0.1225 0.9923 -0.0196
vn -0.1226 0.9923 -0.0196
vn 0.8484 0.4622 -0.2582
vn -0.0168 0.4416 0.8971
vn -0.1472 0.9801 -0.1328
vn -0.1472 0.9801 -0.1329
vn 0.0434 0.7107 -0.7021
vn 0.0435 0.7107 -0.7021
vn -0.7298 -0.4011 -0.5537
vn -0.7298 -0.4009 -0.5537
vn -0.7297 -0.4011 -0.5537
vn -0.7297 -0.4009 -0.5539
vn -0.7297 -0.4008 -0.5539
vn -0.7297 -0.4012 -0.5537
vn -0.7297 -0.4010 -0.5539
vn -0.7299 -0.4011 -0.5535
vn -0.7298 -0.4009 -0.5538
vn -0.7297 -0.4014 -0.5536
vn -0.7298 -0.4011 -0.5536
vn -0.7297 -0.4011 -0.5538
vn -0.7299 -0.4012 -0.5535
vn -0.7296 -0.4009 -0.5541
vn -0.1225 -0.0951 -0.9879
vn -0.1225 -0.0952 -0.9879
vn -0.9807 -0.1156 0.1579
vn 0.6566 0.7387 -0.1526
vn 0.6566 0.7387 -0.1525
vn 0.4684 -0.0737 -0.8804
vn -0.6737 0.3363 -0.6580
vn -0.6737 0.3363 -0.6581
vn 0.5828 0.8124 -0.0185
vn 0.5829 0.8124 -0.0186
vn 0.5828 0.8124 -0.0184
vn -0.2773 0.6331 -0.7227
vn -0.2772 0.6331 -0.7227
vn -0.2773 0.6330 -0.7228
vn 0.5018 0.8580 0.1099
vn 0.5018 0.8580 0.1100
vn -0.1473 0.7834 -0.6038
vn -0.1474 0.7834 -0.6038
vn 0.4159 0.8789 0.2337
vn -0.1247 0.8747 -0.4683
vn -0.1247 0.8747 -0.4684
vn 0.3262 0.8767 0.3534
vn 0.3262 0.8767 0.3535
vn -0.1520 0.9284 -0.3391
vn -0.1519 0.9284 -0.3391
vn 0.2320 0.8515 0.4702
vn 0.2320 0.8515 0.4701
vn -0.2087 0.9527 -0.2209
vn -0.2087 0.9527 -0.2210
vn -0.2088 0.9527 -0.2209
vn 0.1323 0.8016 0.5830
vn 0.1324 0.8017 0.5829
vn -0.2869 0.9509 -0.1164
vn -0.2870 0.9509 -0.1163
vn -0.2870 0.9508 -0.1164
vn 0.0258 0.7236 0.6897
vn 0.0258 0.7237 0.6897
vn -0.3840 0.9229 -0.0294
vn -0.3840 0.9229 -0.0293
vn -0.0893 0.6134 0.7847
vn -0.0892 0.6134 0.7847
vn -0.4995 0.8657 0.0320
vn -0.4994 0.8658 0.0318
vn -0.2139 0.4677 0.8576
vn 0.6793 0.1139 -0.7250
vn 0.6792 0.1138 -0.7250
vn -0.6342 0.7718 0.0461
vn -0.6341 0.7718 0.0461
vn -0.6342 0.7718 0.0462
vn -0.3503 0.2878 0.8913
vn -0.3503 0.2879 0.8913
vn -0.3503 0.2877 0.8913
vn 0.7517 0.3141 -0.5800
vn 0.7516 0.3140 -0.5801
vn 0.7517 0.3141 -0.5799
vn -0.7823 0.6211 -0.0485
vn -0.7823 0.6210 -0.0485
vn -0.7823 0.6210 -0.0484
vn -0.5063 0.0856 0.8581
vn -0.5062 0.0856 0.8581
vn 0.7546 0.4908 -0.4355
vn 0.7546 0.4907 -0.4356
vn -0.8267 0.3327 -0.4537
vn -0.8268 0.3327 -0.4536
vn -0.7116 -0.1019 0.6952
vn -0.7116 -0.1018 0.6952
vn -0.7116 -0.1018 0.6951
vn -0.7117 -0.1017 0.6951
vn 0.0049 0.0117 -0.9999
vn 0.1999 0.0130 -0.9797
vn 0.3870 0.0139 -0.9220
vn 0.3873 0.0139 -0.9218
vn 0.5597 0.0143 -0.8286
vn 0.5596 0.0143 -0.8287
vn 0.7105 0.0141 -0.7035
vn 0.8342 0.0133 -0.5513
vn 0.9257 0.0121 -0.3781
vn 0.9817 0.0104 -0.1902
vn 1.0000 0.0082 0.0050
vn 0.9798 0.0058 0.1999
vn 0.9220 0.0032 0.3872
vn 0.8289 0.0004 0.5594
vn 0.7037 -0.0024 0.7105
vn 0.5514 -0.0051 0.8343
vn 0.5512 -0.0051 0.8344
vn 0.5513 -0.0051 0.8343
vn 0.5515 -0.0051 0.8341
vn 0.3782 -0.0076 0.9257
vn 0.1903 -0.0098 0.9817
vn -0.0049 -0.0117 0.9999
vn -0.1999 -0.0130 0.9797
vn -0.3870 -0.0139 0.9220
vn -0.5596 -0.0143 0.8287
vn -0.7105 -0.0141 0.7035
vn -0.8342 -0.0133 0.5514
vn -0.9257 -0.0121 0.3781
vn -0.9817 -0.0104 0.1902
vn -1.0000 -0.0082 -0.0050
vn -1.0000 -0.0083 -0.0050
vn -0.9798 -0.0058 -0.1999
vn -0.9220 -0.0032 -0.3872
vn -0.8287 -0.0004 -0.5596
vn -0.7037 0.0024 -0.7105
vn -0.7036 0.0024 -0.7105
vn -0.5514 0.0051 -0.8342
vn -0.5515 0.0051 -0.8341
vn 0.8837 0.4678 0.0137
vn -0.3782 0.0076 -0.9257
vn -0.1903 0.0098 -0.9817
vn 0.3292 0.6341 -0.6996
vn 0.3292 0.6342 -0.6996
vn -0.3348 0.6919 0.6396
vn -0.3347 0.6920 0.6396
vn -0.2020 0.9774 0.0618
vn -0.2021 0.9774 0.0616
vn -0.2020 0.9774 0.0616
vn 0.6046 0.4643 -0.6473
vn 0.6045 0.4643 -0.6473
vn 0.4217 0.4552 0.7842
vn 0.4217 0.4553 0.7842
vn -0.1219 0.9923 -0.0216
vn -0.1346 0.5386 -0.8317
vn -0.1345 0.5386 -0.8317
vn -0.1345 0.5386 -0.8318
vn -0.3183 0.6095 -0.7260
vn -0.3182 0.6096 -0.7260
vn 0.8644 0.4634 0.1952
vn 0.8644 0.4633 0.1952
vn 0.8644 0.4634 0.1953
vn -0.4120 0.7991 0.4379
vn -0.4119 0.7991 0.4379
vn -0.3187 0.9479 -0.0001
vn 0.7263 0.4667 -0.5046
vn 0.7263 0.4668 -0.5046
vn 0.2302 0.4764 0.8486
vn 0.2301 0.4764 0.8486
vn -0.0728 0.9973 -0.0010
vn -0.0728 0.9973 -0.0009
vn 0.0698 0.4950 -0.8661
vn 0.0697 0.4950 -0.8661
vn 0.8083 0.4572 0.3710
vn 0.8083 0.4573 0.3710
vn -0.3947 0.8887 0.2333
vn -0.3948 0.8887 0.2331
vn -0.4294 0.8927 -0.1368
vn -0.4294 0.8927 -0.1367
vn 0.8141 0.4692 -0.3422
vn 0.8141 0.4692 -0.3423
vn 0.0231 0.5203 0.8537
vn 0.0232 0.5203 0.8537
vn 0.0232 0.5204 0.8536
vn -0.0693 0.9969 0.0359
vn 0.2698 0.4728 -0.8388
vn 0.2697 0.4728 -0.8389
vn 0.7150 0.4515 0.5338
vn 0.7150 0.4514 0.5338
vn -0.3112 0.9470 0.0796
vn -0.3111 0.9470 0.0796
vn -0.3112 0.9470 0.0797
vn -0.4845 0.8074 -0.3366
vn -0.4845 0.8075 -0.3366
vn -0.4844 0.8074 -0.3367
vn 0.8668 0.4698 -0.1674
vn 0.8667 0.4698 -0.1674
vn -0.1769 0.5931 0.7854
vn -0.1768 0.5931 0.7854
vn -0.1138 0.9914 0.0651
vn -0.1138 0.9914 0.0652
vn 0.4509 0.4647 -0.7621
vn 0.4508 0.4647 -0.7621
vn 0.5854 0.4491 0.6750
vn -0.2081 0.9781 -0.0021
vn -0.4463 0.7049 -0.5514
vn -0.4462 0.7048 -0.5514
vn -0.9085 -0.4099 0.0805
vn -0.9085 -0.4100 0.0806
vn -0.9086 -0.4098 0.0808
vn -0.9086 -0.4099 0.0806
vn -0.9086 -0.4099 0.0805
vn -0.9085 -0.4101 0.0806
vn -0.9085 -0.4100 0.0805
vn -0.9084 -0.4102 0.0805
vn -0.9086 -0.4098 0.0803
vn -0.9086 -0.4100 0.0803
vn -0.9086 -0.4098 0.0811
vn -0.9085 -0.4101 0.0803
vn -0.9086 -0.4098 0.0806
vn -0.9086 -0.4098 0.0805
vn -0.9086 -0.4099 0.0804
vn -0.9085 -0.4100 0.0804
vn -0.7530 -0.1043 -0.6497
vn -0.7531 -0.1043 -0.6496
vn -0.6196 -0.1198 0.7757
vn -0.6197 -0.1198 0.7757
vn 0.3767 0.7410 -0.5558
vn 0.3768 0.7411 -0.5557
vn 0.3768 0.7411 -0.5558
vn -0.2433 -0.0786 -0.9668
vn -0.2432 -0.0786 -0.9668
vn -0.9444 0.3268 -0.0364
vn -0.9444 0.3269 -0.0363
vn 0.4115 0.8154 -0.4072
vn 0.4115 0.8154 -0.4071
vn 0.4115 0.8155 -0.4071
vn -0.6970 0.6252 -0.3512
vn -0.6970 0.6253 -0.3511
vn -0.6970 0.6252 -0.3511
vn 0.4371 0.8617 -0.2577
vn 0.4372 0.8617 -0.2576
vn -0.5223 0.7773 -0.3506
vn 0.4564 0.8832 -0.1083
vn 0.4564 0.8832 -0.1084
vn -0.4156 0.8699 -0.2656
vn -0.4156 0.8699 -0.2657
vn 0.4703 0.8816 0.0407
vn 0.4703 0.8816 0.0408
vn -0.3495 0.9246 -0.1516
vn 0.4791 0.8568 0.1905
vn 0.4791 0.8569 0.1904
vn -0.3125 0.9496 -0.0261
vn 0.4815 0.8073 0.3412
vn 0.4815 0.8074 0.3410
vn -0.3003 0.9482 0.1040
vn 0.4749 0.7296 0.4920
vn 0.4749 0.7296 0.4921
vn 0.4749 0.7297 0.4920
vn -0.3134 0.9204 0.2337
vn -0.3135 0.9204 0.2336
vn -0.3134 0.9204 0.2336
vn 0.4545 0.6196 0.6399
vn -0.3573 0.8632 0.3567
vn -0.3573 0.8632 0.3566
vn -0.3573 0.8632 0.3568
vn -0.3572 0.8631 0.3569
vn 0.4125 0.4739 0.7780
vn 0.4125 0.4738 0.7780
vn 0.0157 0.1115 -0.9936
vn 0.0156 0.1115 -0.9936
vn -0.4467 0.7686 0.4580
vn 0.3359 0.2934 0.8950
vn 0.3360 0.2935 0.8950
vn 0.1646 0.3133 -0.9353
vn 0.1646 0.3132 -0.9353
vn 0.1647 0.3133 -0.9353
vn -0.6184 0.6162 0.4877
vn -0.6184 0.6162 0.4878
vn 0.1999 0.0901 0.9757
vn 0.2619 0.4912 -0.8308
vn 0.2619 0.4912 -0.8307
vn -0.9206 0.3241 0.2179
vn -0.9206 0.3240 0.2179
vn -0.0598 -0.0999 0.9932
vn -0.0597 -0.0998 0.9932
vt 0.000000 0.000000
vt 1.000000 1.000000
vt 0.968800 1.000000
vt 0.968800 0.500000
vt 1.000000 0.500000
vt 0.937500 1.000000
vt 0.937500 0.500000
vt 0.906200 1.000000
vt 0.906200 0.500000
vt 0.875000 1.000000
vt 0.875000 0.500000
vt 0.843800 1.000000
vt 0.843800 0.500000
vt 0.812500 0.500000
vt 0.812500 1.000000
vt 0.781200 0.500000
vt 0.781200 1.000000
vt 0.750000 1.000000
vt 0.750000 0.500000
vt 0.718800 0.500000
vt 0.718800 1.000000
vt 0.687500 0.500000
vt 0.687500 1.000000
vt 0.656200 0.500000
vt 0.656200 1.000000
vt 0.625000 1.000000
vt 0.625000 0.500000
vt 0.593800 0.500000
vt 0.593800 1.000000
vt 0.562500 0.500000
vt 0.562500 1.000000
vt 0.531200 0.500000
vt 0.531200 1.000000
vt 0.500000 0.500000
vt 0.500000 1.000000
vt 0.468800 0.500000
vt 0.468800 1.000000
vt 0.437500 0.500000
vt 0.437500 1.000000
vt 0.406200 0.500000
vt 0.406200 1.000000
vt 0.375000 1.000000
vt 0.375000 0.500000
vt 0.343800 1.000000
vt 0.343800 0.500000
vt 0.312500 0.500000
vt 0.312500 1.000000
vt 0.281200 0.500000
vt 0.281200 1.000000
vt 0.250000 1.000000
vt 0.250000 0.500000
vt 0.218800 1.000000
vt 0.218800 0.500000
vt 0.187500 0.500000
vt 0.187500 1.000000
vt 0.156200 1.000000
vt 0.156200 0.500000
vt 0.125000 0.500000
vt 0.125000 1.000000
vt 0.093800 0.500000
vt 0.093800 1.000000
vt 0.062500 1.000000
vt 0.062500 0.500000
vt 0.031200 1.000000
vt 0.031200 0.500000
vt 0.000000 1.000000
vt 0.000000 0.500000
vt 0.796800 0.485400
vt 0.841800 0.471700
vt 0.883300 0.449600
vt 0.919700 0.419700
vt 0.949600 0.383300
vt 0.971700 0.341800
vt 0.985400 0.296800
vt 0.990000 0.250000
vt 0.985400 0.203200
vt 0.971700 0.158200
vt 0.949600 0.116700
vt 0.919700 0.080300
vt 0.883300 0.050400
vt 0.841800 0.028300
vt 0.796800 0.014600
vt 0.750000 0.010000
vt 0.703200 0.014600
vt 0.658200 0.028300
vt 0.616700 0.050400
vt 0.580300 0.080300
vt 0.550400 0.116700
vt 0.528300 0.158200
vt 0.514600 0.203200
vt 0.510000 0.250000
vt 0.514600 0.296800
vt 0.528300 0.341800
vt 0.550400 0.383300
vt 0.580300 0.419700
vt 0.616700 0.449600
vt 0.658200 0.471700
vt 0.750000 0.490000
vt 0.703200 0.485400
vt 0.296800 0.485400
vt 0.250000 0.490000
vt 0.203200 0.485400
vt 0.158200 0.471700
vt 0.116700 0.449600
vt 0.080300 0.419700
vt 0.050400 0.383300
vt 0.028300 0.341800
vt 0.014600 0.296800
vt 0.010000 0.250000
vt 0.014600 0.203200
vt 0.028300 0.158200
vt 0.050400 0.116700
vt 0.080300 0.080300
vt 0.116700 0.050400
vt 0.158200 0.028300
vt 0.203200 0.014600
vt 0.250000 0.010000
vt 0.296800 0.014600
vt 0.341800 0.028300
vt 0.383300 0.050400
vt 0.419700 0.080300
vt 0.449600 0.116700
vt 0.471700 0.158200
vt 0.485400 0.203200
vt 0.490000 0.250000
vt 0.485400 0.296800
vt 0.471700 0.341800
vt 0.449600 0.383300
vt 0.419700 0.419700
vt 0.383300 0.449600
vt 0.341800 0.471700
s 1
g off
g pataizqdelante_Goddard_None
usemtl Goddard_None
f 1/1/1 2/1/1 3/1/2
f 3/1/2 4/1/3 5/1/4
f 1/1/1 3/1/2 5/1/4
f 5/1/4 6/1/1 7/1/5
f 7/1/5 8/1/1 9/1/6
f 5/1/4 7/1/5 9/1/6
f 1/1/1 5/1/4 9/1/6
f 9/1/6 10/1/1 11/1/7
f 11/1/7 12/1/8 13/1/1
f 9/1/6 11/1/7 13/1/1
f 13/1/1 14/1/9 15/1/1
f 15/1/1 16/1/1 17/1/7
f 13/1/1 15/1/1 17/1/7
f 9/1/6 13/1/1 17/1/7
f 17/1/7 18/1/1 19/1/3
f 19/1/3 20/1/1 21/1/1
f 17/1/7 19/1/3 21/1/1
f 21/1/1 22/1/10 23/1/10
f 23/1/10 24/1/1 25/1/8
f 21/1/1 23/1/10 25/1/8
f 17/1/7 21/1/1 25/1/8
f 9/1/6 17/1/7 25/1/8
f 1/1/1 9/1/6 25/1/8
f 26/1/1 27/1/1 28/1/11
f 25/1/8 26/1/1 28/1/11
f 25/1/8 28/1/11 29/1/1
f 1/1/1 25/1/8 29/1/1
f 30/1/9 1/1/1 29/1/1
f 30/1/9 29/1/1 31/1/1
f 30/1/9 31/1/1 32/1/1
s 2
f 33/1/12 34/1/13 35/1/14
f 35/1/14 36/1/15 33/1/12
s 3
f 19/1/16 37/1/17 38/1/16
f 38/1/16 20/1/18 19/1/16
s 4
f 39/1/19 1/1/20 30/1/19
f 30/1/19 40/1/21 39/1/19
s 5
f 5/1/22 41/1/23 42/1/24
f 42/1/24 6/1/24 5/1/22
s 6
f 18/1/25 43/1/26 37/1/25
f 37/1/25 19/1/27 18/1/25
s 7
f 40/1/28 30/1/29 32/1/28
f 32/1/28 44/1/29 40/1/28
s 8
f 4/1/30 45/1/30 41/1/31
f 41/1/31 5/1/32 4/1/30
s 9
f 17/1/33 46/1/34 43/1/33
f 43/1/33 18/1/35 17/1/33
s 10
f 44/1/36 32/1/37 31/1/36
f 31/1/36 47/1/37 44/1/36
s 11
f 3/1/38 48/1/38 45/1/39
f 45/1/39 4/1/40 3/1/38
s 12
f 16/1/41 49/1/42 46/1/41
f 46/1/41 17/1/41 16/1/41
s 13
f 31/1/43 29/1/43 50/1/43
f 50/1/43 47/1/43 31/1/43
s 14
f 2/1/44 51/1/45 48/1/44
f 48/1/44 3/1/44 2/1/44
s 15
f 15/1/46 52/1/47 49/1/46
f 49/1/46 16/1/48 15/1/46
s 16
f 28/1/49 53/1/49 50/1/49
f 50/1/49 29/1/49 28/1/49
s 17
f 2/1/50 1/1/50 39/1/50
f 39/1/50 51/1/50 2/1/50
s 18
f 14/1/51 54/1/52 52/1/51
f 52/1/51 15/1/53 14/1/51
s 19
f 55/1/54 53/1/55 28/1/56
f 28/1/56 27/1/57 55/1/54
s 20
f 13/1/58 56/1/58 54/1/58
f 54/1/58 14/1/58 13/1/58
s 21
f 26/1/59 57/1/59 55/1/60
f 55/1/60 27/1/59 26/1/59
s 22
f 12/1/61 58/1/62 56/1/63
f 56/1/63 13/1/63 12/1/61
s 23
f 36/1/64 57/1/65 26/1/66
f 26/1/66 25/1/64 36/1/64
s 24
f 11/1/67 59/1/68 58/1/69
f 58/1/69 12/1/69 11/1/67
s 25
f 36/1/70 25/1/71 24/1/70
f 24/1/70 33/1/70 36/1/70
s 26
f 10/1/72 60/1/73 59/1/74
f 59/1/74 11/1/75 10/1/72
s 27
f 24/1/76 23/1/77 61/1/77
f 61/1/77 33/1/76 24/1/76
s 28
f 9/1/78 62/1/79 60/1/80
f 60/1/80 10/1/81 9/1/78
s 29
f 22/1/82 63/1/83 61/1/84
f 61/1/84 23/1/85 22/1/82
s 30
f 8/1/86 64/1/87 62/1/88
f 62/1/88 9/1/89 8/1/86
s 31
f 21/1/90 65/1/90 63/1/90
f 63/1/90 22/1/90 21/1/90
s 32
f 7/1/91 66/1/91 64/1/91
f 64/1/91 8/1/91 7/1/91
s 33
f 20/1/92 38/1/93 65/1/92
f 65/1/92 21/1/92 20/1/92
s 34
f 6/1/94 42/1/94 66/1/94
f 66/1/94 7/1/95 6/1/94
s 35
f 67/1/96 68/1/96 69/1/97
f 69/1/97 70/1/97 67/1/96
s 36
f 60/1/98 71/1/99 72/1/100
f 72/1/100 59/1/100 60/1/98
s 37
f 61/1/101 73/1/102 34/1/102
f 34/1/102 33/1/102 61/1/101
s 38
f 62/1/103 74/1/104 71/1/105
f 71/1/105 60/1/106 62/1/103
s 39
f 63/1/107 70/1/108 73/1/107
f 73/1/107 61/1/107 63/1/107
s 40
f 64/1/109 75/1/110 74/1/109
f 74/1/109 62/1/111 64/1/109
s 41
f 65/1/112 67/1/113 70/1/114
f 70/1/114 63/1/115 65/1/112
s 42
f 66/1/116 76/1/117 75/1/118
f 75/1/118 64/1/119 66/1/116
s 43
f 38/1/120 77/1/121 67/1/122
f 67/1/122 65/1/123 38/1/120
s 44
f 42/1/124 78/1/125 76/1/124
f 76/1/124 66/1/124 42/1/124
s 45
f 37/1/126 79/1/127 77/1/128
f 77/1/128 38/1/129 37/1/126
s 46
f 40/1/130 80/1/130 81/1/131
f 81/1/131 39/1/131 40/1/130
s 47
f 41/1/132 82/1/133 78/1/134
f 78/1/134 42/1/135 41/1/132
s 48
f 43/1/136 83/1/137 79/1/138
f 79/1/138 37/1/139 43/1/136
s 49
f 44/1/140 84/1/141 80/1/140
f 80/1/140 40/1/142 44/1/140
s 50
f 45/1/143 85/1/144 82/1/145
f 82/1/145 41/1/144 45/1/143
s 51
f 46/1/146 86/1/147 83/1/146
f 83/1/146 43/1/148 46/1/146
s 52
f 47/1/149 87/1/150 84/1/151
f 84/1/151 44/1/152 47/1/149
s 53
f 48/1/153 88/1/153 85/1/154
f 85/1/154 45/1/153 48/1/153
s 54
f 49/1/155 89/1/156 86/1/157
f 86/1/157 46/1/158 49/1/155
s 55
f 50/1/159 90/1/160 87/1/161
f 87/1/161 47/1/162 50/1/159
s 56
f 51/1/163 91/1/164 88/1/163
f 88/1/163 48/1/165 51/1/163
s 57
f 52/1/166 92/1/167 89/1/168
f 89/1/168 49/1/169 52/1/166
s 58
f 53/1/170 93/1/171 90/1/172
f 90/1/172 50/1/170 53/1/170
s 59
f 51/1/173 39/1/173 81/1/173
f 81/1/173 91/1/174 51/1/173
s 60
f 54/1/175 94/1/175 92/1/176
f 92/1/176 52/1/176 54/1/175
s 61
f 55/1/177 95/1/178 93/1/179
f 93/1/179 53/1/180 55/1/177
s 62
f 56/1/181 96/1/182 94/1/182
f 94/1/182 54/1/182 56/1/181
s 63
f 57/1/183 97/1/183 95/1/183
f 95/1/183 55/1/183 57/1/183
s 64
f 58/1/184 98/1/185 96/1/186
f 96/1/186 56/1/185 58/1/184
s 65
f 36/1/187 35/1/187 97/1/187
f 97/1/187 57/1/187 36/1/187
s 66
f 59/1/188 72/1/189 98/1/188
f 98/1/188 58/1/190 59/1/188
s 67
f 99/1/27 100/1/27 101/1/27
f 101/1/27 102/1/26 99/1/27
s 68
f 76/1/191 103/1/192 104/1/193
f 104/1/193 75/1/192 76/1/191
s 69
f 77/1/194 105/1/195 68/1/196
f 68/1/196 67/1/197 77/1/194
s 70
f 78/1/198 106/1/199 103/1/200
f 103/1/200 76/1/200 78/1/198
s 71
f 79/1/201 99/1/202 105/1/203
f 105/1/203 77/1/204 79/1/201
s 72
f 80/1/205 107/1/206 108/1/207
f 108/1/207 81/1/208 80/1/205
s 73
f 82/1/209 109/1/210 106/1/211
f 106/1/211 78/1/211 82/1/209
s 74
f 83/1/212 100/1/213 99/1/212
f 99/1/212 79/1/214 83/1/212
s 75
f 84/1/215 110/1/215 107/1/215
f 107/1/215 80/1/216 84/1/215
s 76
f 85/1/217 111/1/218 109/1/219
f 109/1/219 82/1/217 85/1/217
s 77
f 86/1/220 112/1/221 100/1/222
f 100/1/222 83/1/223 86/1/220
s 78
f 87/1/224 113/1/224 110/1/224
f 110/1/224 84/1/224 87/1/224
s 79
f 88/1/225 114/1/226 111/1/225
f 111/1/225 85/1/227 88/1/225
s 80
f 89/1/228 115/1/229 112/1/230
f 112/1/230 86/1/231 89/1/228
s 81
f 90/1/232 116/1/233 113/1/234
f 113/1/234 87/1/235 90/1/232
s 82
f 91/1/236 117/1/237 114/1/238
f 114/1/238 88/1/237 91/1/236
s 83
f 92/1/239 118/1/240 115/1/241
f 115/1/241 89/1/241 92/1/239
s 84
f 93/1/242 119/1/243 116/1/242
f 116/1/242 90/1/244 93/1/242
s 85
f 91/1/245 81/1/246 108/1/247
f 108/1/247 117/1/248 91/1/245
s 86
f 94/1/249 120/1/250 118/1/250
f 118/1/250 92/1/250 94/1/249
s 87
f 95/1/251 121/1/251 119/1/251
f 119/1/251 93/1/252 95/1/251
s 88
f 96/1/253 122/1/253 120/1/253
f 120/1/253 94/1/253 96/1/253
s 89
f 97/1/254 123/1/255 121/1/256
f 121/1/256 95/1/257 97/1/254
s 90
f 98/1/258 124/1/259 122/1/258
f 122/1/258 96/1/259 98/1/258
s 91
f 35/1/260 125/1/261 123/1/260
f 123/1/260 97/1/262 35/1/260
s 92
f 72/1/263 126/1/264 124/1/265
f 124/1/265 98/1/266 72/1/263
s 93
f 34/1/267 127/1/267 125/1/267
f 125/1/267 35/1/268 34/1/267
s 94
f 71/1/269 128/1/269 126/1/269
f 126/1/269 72/1/269 71/1/269
s 95
f 73/1/270 129/1/271 127/1/272
f 127/1/272 34/1/273 73/1/270
s 96
f 74/1/274 130/1/275 128/1/276
f 128/1/276 71/1/274 74/1/274
s 97
f 70/1/277 69/1/277 129/1/278
f 129/1/278 73/1/277 70/1/277
s 98
f 75/1/279 104/1/280 130/1/281
f 130/1/281 74/1/279 75/1/279
s 99
f 131/1/282 132/1/282 133/1/283
f 133/1/283 134/1/284 131/1/282
s 100
f 110/1/29 135/1/285 136/1/29
f 136/1/29 107/1/286 110/1/29
s 101
f 137/1/287 138/1/31 109/1/288
f 109/1/288 111/1/289 137/1/287
s 102
f 100/1/290 112/1/291 139/1/292
f 139/1/292 101/1/293 100/1/290
s 103
f 113/1/294 140/1/37 135/1/295
f 135/1/295 110/1/296 113/1/294
s 104
f 111/1/297 114/1/298 141/1/297
f 141/1/297 137/1/299 111/1/297
s 105
f 112/1/300 115/1/301 134/1/300
f 134/1/300 139/1/302 112/1/300
s 106
f 116/1/303 142/1/304 140/1/304
f 140/1/304 113/1/303 116/1/303
s 107
f 114/1/305 117/1/305 143/1/306
f 143/1/306 141/1/305 114/1/305
s 108
f 115/1/47 118/1/307 131/1/308
f 131/1/308 134/1/307 115/1/47
s 109
f 119/1/309 144/1/310 142/1/309
f 142/1/309 116/1/311 119/1/309
s 110
f 143/1/312 117/1/313 108/1/314
f 108/1/314 145/1/315 143/1/312
s 111
f 118/1/316 120/1/317 146/1/318
f 146/1/318 131/1/52 118/1/316
s 112
f 121/1/319 147/1/320 144/1/321
f 144/1/321 119/1/322 121/1/319
s 113
f 148/1/323 146/1/58 120/1/323
f 120/1/323 122/1/323 148/1/323
s 114
f 123/1/324 149/1/325 147/1/324
f 147/1/324 121/1/326 123/1/324
s 115
f 122/1/327 124/1/328 150/1/327
f 150/1/327 148/1/329 122/1/327
s 116
f 123/1/330 125/1/330 151/1/330
f 151/1/330 149/1/330 123/1/330
s 117
f 124/1/331 126/1/69 152/1/332
f 152/1/332 150/1/333 124/1/331
s 118
f 125/1/334 127/1/334 153/1/334
f 153/1/334 151/1/334 125/1/334
s 119
f 154/1/72 152/1/335 126/1/336
f 126/1/336 128/1/74 154/1/72
s 120
f 153/1/337 127/1/338 129/1/339
f 129/1/339 155/1/340 153/1/337
s 121
f 128/1/78 130/1/78 156/1/78
f 156/1/78 154/1/78 128/1/78
s 122
f 129/1/341 69/1/342 157/1/341
f 157/1/341 155/1/343 129/1/341
s 123
f 130/1/89 104/1/89 158/1/89
f 158/1/89 156/1/89 130/1/89
s 124
f 157/1/344 69/1/345 68/1/346
f 68/1/346 159/1/347 157/1/344
s 125
f 160/1/348 158/1/349 104/1/350
f 104/1/350 103/1/91 160/1/348
s 126
f 159/1/351 68/1/352 105/1/352
f 105/1/352 161/1/352 159/1/351
s 127
f 103/1/353 106/1/354 162/1/354
f 162/1/354 160/1/355 103/1/353
s 128
f 102/1/356 161/1/357 105/1/358
f 105/1/358 99/1/359 102/1/356
s 129
f 107/1/360 136/1/361 145/1/360
f 145/1/360 108/1/19 107/1/360
s 130
f 106/1/362 109/1/363 138/1/364
f 138/1/364 162/1/23 106/1/362
s 131
f 163/1/365 164/1/366 165/1/367
f 165/1/367 166/1/368 163/1/365
s 132
f 144/1/369 167/1/370 168/1/371
f 168/1/371 142/1/372 144/1/369
s 133
f 169/1/373 143/1/374 145/1/375
f 145/1/375 170/1/376 169/1/373
s 134
f 132/1/377 131/1/378 146/1/379
f 146/1/379 171/1/380 132/1/377
s 135
f 172/1/381 167/1/382 144/1/382
f 144/1/382 147/1/383 172/1/381
s 136
f 148/1/384 166/1/385 171/1/386
f 171/1/386 146/1/387 148/1/384
s 137
f 149/1/388 173/1/389 172/1/390
f 172/1/390 147/1/391 149/1/388
s 138
f 150/1/392 163/1/392 166/1/392
f 166/1/392 148/1/392 150/1/392
s 139
f 151/1/393 174/1/393 173/1/394
f 173/1/394 149/1/395 151/1/393
s 140
f 175/1/396 163/1/397 150/1/398
f 150/1/398 152/1/398 175/1/396
s 141
f 153/1/399 176/1/400 174/1/399
f 174/1/399 151/1/401 153/1/399
s 142
f 154/1/402 177/1/403 175/1/404
f 175/1/404 152/1/405 154/1/402
s 143
f 178/1/406 176/1/407 153/1/408
f 153/1/408 155/1/409 178/1/406
s 144
f 156/1/410 179/1/411 177/1/410
f 177/1/410 154/1/410 156/1/410
s 145
f 157/1/412 180/1/413 178/1/414
f 178/1/414 155/1/415 157/1/412
s 146
f 181/1/416 179/1/417 156/1/417
f 156/1/417 158/1/417 181/1/416
s 147
f 159/1/418 182/1/419 180/1/420
f 180/1/420 157/1/421 159/1/418
s 148
f 160/1/422 183/1/423 181/1/423
f 181/1/423 158/1/423 160/1/422
s 149
f 184/1/424 182/1/425 159/1/424
f 159/1/424 161/1/426 184/1/424
s 150
f 162/1/427 185/1/427 183/1/428
f 183/1/428 160/1/429 162/1/427
s 151
f 102/1/430 186/1/431 184/1/432
f 184/1/432 161/1/432 102/1/430
s 152
f 136/1/433 187/1/434 170/1/433
f 170/1/433 145/1/435 136/1/433
s 153
f 185/1/436 162/1/437 138/1/438
f 138/1/438 188/1/439 185/1/436
s 154
f 101/1/440 189/1/441 186/1/442
f 186/1/442 102/1/442 101/1/440
s 155
f 135/1/443 190/1/444 187/1/445
f 187/1/445 136/1/446 135/1/443
s 156
f 137/1/447 191/1/448 188/1/449
f 188/1/449 138/1/450 137/1/447
s 157
f 192/1/451 189/1/451 101/1/451
f 101/1/451 139/1/451 192/1/451
s 158
f 193/1/452 190/1/453 135/1/454
f 135/1/454 140/1/455 193/1/452
s 159
f 141/1/456 194/1/457 191/1/458
f 191/1/458 137/1/456 141/1/456
s 160
f 134/1/459 133/1/459 192/1/459
f 192/1/459 139/1/460 134/1/459
s 161
f 142/1/461 168/1/462 193/1/461
f 193/1/461 140/1/461 142/1/461
s 162
f 169/1/463 194/1/463 141/1/464
f 141/1/464 143/1/465 169/1/463
s 163
f 195/1/79 196/1/466 197/1/79
f 197/1/79 198/1/467 195/1/79
s 164
f 199/1/468 173/1/469 174/1/470
f 174/1/470 200/1/468 199/1/468
s 165
f 175/1/471 201/1/472 164/1/471
f 164/1/471 163/1/473 175/1/471
s 166
f 176/1/474 202/1/475 200/1/474
f 200/1/474 174/1/476 176/1/474
s 167
f 201/1/477 175/1/478 177/1/479
f 177/1/479 197/1/480 201/1/477
s 168
f 178/1/481 203/1/482 202/1/483
f 202/1/483 176/1/481 178/1/481
s 169
f 179/1/484 198/1/485 197/1/486
f 197/1/486 177/1/487 179/1/484
s 170
f 204/1/488 203/1/488 178/1/489
f 178/1/489 180/1/490 204/1/488
s 171
f 181/1/491 205/1/492 198/1/493
f 198/1/493 179/1/494 181/1/491
s 172
f 182/1/495 206/1/496 204/1/497
f 204/1/497 180/1/498 182/1/495
s 173
f 205/1/499 181/1/500 183/1/501
f 183/1/501 207/1/502 205/1/499
s 174
f 184/1/503 208/1/504 206/1/505
f 206/1/505 182/1/506 184/1/503
s 175
f 185/1/507 209/1/508 207/1/509
f 207/1/509 183/1/510 185/1/507
s 176
f 210/1/511 208/1/511 184/1/512
f 184/1/512 186/1/511 210/1/511
s 177
f 170/1/513 187/1/513 211/1/514
f 211/1/514 212/1/514 170/1/513
s 178
f 188/1/515 213/1/516 209/1/517
f 209/1/517 185/1/518 188/1/515
s 179
f 189/1/519 214/1/520 210/1/520
f 210/1/520 186/1/520 189/1/519
s 180
f 190/1/521 215/1/522 211/1/523
f 211/1/523 187/1/524 190/1/521
s 181
f 216/1/525 213/1/526 188/1/527
f 188/1/527 191/1/528 216/1/525
s 182
f 192/1/529 217/1/529 214/1/530
f 214/1/530 189/1/529 192/1/529
s 183
f 193/1/531 218/1/532 215/1/533
f 215/1/533 190/1/532 193/1/531
s 184
f 194/1/534 219/1/535 216/1/534
f 216/1/534 191/1/536 194/1/534
s 185
f 217/1/537 192/1/538 133/1/539
f 133/1/539 220/1/539 217/1/537
s 186
f 168/1/540 221/1/541 218/1/541
f 218/1/541 193/1/541 168/1/540
s 187
f 169/1/542 222/1/542 219/1/543
f 219/1/543 194/1/543 169/1/542
s 188
f 132/1/544 223/1/545 220/1/544
f 220/1/544 133/1/545 132/1/544
s 189
f 221/1/546 168/1/547 167/1/546
f 167/1/546 224/1/546 221/1/546
s 190
f 212/1/548 222/1/549 169/1/549
f 169/1/549 170/1/550 212/1/548
s 191
f 171/1/551 225/1/552 223/1/552
f 223/1/552 132/1/551 171/1/551
s 192
f 172/1/553 226/1/554 224/1/555
f 224/1/555 167/1/556 172/1/553
s 193
f 225/1/557 171/1/558 166/1/559
f 166/1/559 165/1/560 225/1/557
s 194
f 173/1/561 199/1/562 226/1/562
f 226/1/562 172/1/562 173/1/561
s 195
f 227/1/563 228/1/563 229/1/564
f 229/1/564 230/1/563 227/1/563
s 196
f 204/1/565 231/1/565 232/1/566
f 232/1/566 203/1/567 204/1/565
s 197
f 205/1/568 233/1/569 195/1/89
f 195/1/89 198/1/570 205/1/568
s 198
f 234/1/571 231/1/572 204/1/571
f 204/1/571 206/1/573 234/1/571
s 199
f 207/1/348 230/1/348 233/1/91
f 233/1/91 205/1/91 207/1/348
s 200
f 208/1/574 235/1/93 234/1/574
f 234/1/574 206/1/93 208/1/574
s 201
f 227/1/94 230/1/94 207/1/575
f 207/1/575 209/1/576 227/1/94
s 202
f 210/1/577 236/1/578 235/1/579
f 235/1/579 208/1/16 210/1/577
s 203
f 212/1/580 211/1/19 237/1/19
f 237/1/19 238/1/21 212/1/580
s 204
f 213/1/581 239/1/582 227/1/581
f 227/1/581 209/1/583 213/1/581
s 205
f 240/1/584 236/1/585 210/1/584
f 210/1/584 214/1/584 240/1/584
s 206
f 237/1/586 211/1/28 215/1/586
f 215/1/586 241/1/28 237/1/586
s 207
f 216/1/587 242/1/588 239/1/589
f 239/1/589 213/1/590 216/1/587
s 208
f 217/1/591 243/1/592 240/1/591
f 240/1/591 214/1/292 217/1/591
s 209
f 241/1/593 215/1/37 218/1/593
f 218/1/593 244/1/594 241/1/593
s 210
f 245/1/595 242/1/596 216/1/38
f 216/1/38 219/1/597 245/1/595
s 211
f 220/1/598 246/1/300 243/1/598
f 243/1/598 217/1/599 220/1/598
s 212
f 221/1/600 247/1/600 244/1/600
f 244/1/600 218/1/601 221/1/600
s 213
f 222/1/602 248/1/305 245/1/603
f 245/1/603 219/1/602 222/1/602
s 214
f 249/1/604 246/1/605 220/1/604
f 220/1/604 223/1/604 249/1/604
s 215
f 224/1/606 250/1/607 247/1/608
f 247/1/608 221/1/609 224/1/606
s 216
f 238/1/610 248/1/314 222/1/611
f 222/1/611 212/1/612 238/1/610
s 217
f 225/1/613 251/1/614 249/1/614
f 249/1/614 223/1/52 225/1/613
s 218
f 250/1/57 224/1/615 226/1/320
f 226/1/320 252/1/616 250/1/57
s 219
f 165/1/617 253/1/618 251/1/619
f 251/1/619 225/1/620 165/1/617
s 220
f 199/1/621 254/1/621 252/1/621
f 252/1/621 226/1/621 199/1/621
s 221
f 255/1/622 253/1/623 165/1/624
f 165/1/624 164/1/63 255/1/622
s 222
f 200/1/625 256/1/625 254/1/66
f 254/1/66 199/1/625 200/1/625
s 223
f 201/1/67 257/1/626 255/1/67
f 255/1/67 164/1/69 201/1/67
s 224
f 258/1/627 256/1/628 200/1/70
f 200/1/70 202/1/70 258/1/627
s 225
f 197/1/72 196/1/335 257/1/72
f 257/1/72 201/1/335 197/1/72
s 226
f 203/1/77 232/1/629 258/1/630
f 258/1/630 202/1/76 203/1/77
s 227
f 259/1/631 260/1/632 261/1/633
f 261/1/633 262/1/631 259/1/631
s 228
f 236/1/634 263/1/635 264/1/634
f 264/1/634 235/1/635 236/1/634
s 229
f 265/1/636 266/1/637 238/1/638
f 238/1/638 237/1/637 265/1/636
s 230
f 267/1/639 228/1/640 227/1/640
f 227/1/640 239/1/641 267/1/639
s 231
f 240/1/642 268/1/643 263/1/644
f 263/1/644 236/1/643 240/1/642
s 232
f 241/1/645 269/1/645 265/1/645
f 265/1/645 237/1/645 241/1/645
s 233
f 242/1/646 270/1/646 267/1/646
f 267/1/646 239/1/646 242/1/646
s 234
f 271/1/647 268/1/648 240/1/648
f 240/1/648 243/1/648 271/1/647
s 235
f 244/1/649 272/1/649 269/1/649
f 269/1/649 241/1/649 244/1/649
s 236
f 245/1/650 273/1/651 270/1/652
f 270/1/652 242/1/651 245/1/650
s 237
f 246/1/653 274/1/653 271/1/653
f 271/1/653 243/1/653 246/1/653
s 238
f 275/1/654 272/1/654 244/1/654
f 244/1/654 247/1/654 275/1/654
s 239
f 273/1/655 245/1/656 248/1/657
f 248/1/657 276/1/656 273/1/655
s 240
f 249/1/658 277/1/659 274/1/660
f 274/1/660 246/1/661 249/1/658
s 241
f 250/1/662 278/1/662 275/1/663
f 275/1/663 247/1/662 250/1/662
s 242
f 266/1/664 276/1/664 248/1/664
f 248/1/664 238/1/664 266/1/664
s 243
f 277/1/665 249/1/666 251/1/667
f 251/1/667 279/1/665 277/1/665
s 244
f 252/1/668 280/1/669 278/1/670
f 278/1/670 250/1/669 252/1/668
s 245
f 253/1/671 281/1/672 279/1/671
f 279/1/671 251/1/672 253/1/671
s 246
f 282/1/673 280/1/674 252/1/674
f 252/1/674 254/1/674 282/1/673
s 247
f 255/1/675 283/1/675 281/1/675
f 281/1/675 253/1/675 255/1/675
s 248
f 256/1/676 284/1/676 282/1/676
f 282/1/676 254/1/676 256/1/676
s 249
f 261/1/677 283/1/678 255/1/679
f 255/1/679 257/1/678 261/1/677
s 250
f 258/1/680 285/1/681 284/1/680
f 284/1/680 256/1/681 258/1/680
s 251
f 196/1/682 262/1/683 261/1/683
f 261/1/683 257/1/683 196/1/682
s 252
f 285/1/684 258/1/684 232/1/685
f 232/1/685 286/1/684 285/1/684
s 253
f 195/1/686 287/1/687 262/1/688
f 262/1/688 196/1/689 195/1/686
s 254
f 231/1/690 288/1/690 286/1/691
f 286/1/691 232/1/692 231/1/690
s 255
f 287/1/693 195/1/694 233/1/695
f 233/1/695 289/1/696 287/1/693
s 256
f 234/1/697 290/1/698 288/1/698
f 288/1/698 231/1/698 234/1/697
s 257
f 230/1/699 229/1/699 289/1/700
f 289/1/700 233/1/701 230/1/699
s 258
f 264/1/702 290/1/703 234/1/704
f 234/1/704 235/1/705 264/1/702
s 259
f 291/1/706 292/1/707 293/1/706
f 293/1/706 294/1/708 291/1/706
s 260
f 286/1/709 295/1/710 296/1/709
f 296/1/709 285/1/711 286/1/709
s 261
f 287/1/712 297/1/713 259/1/714
f 259/1/714 262/1/715 287/1/712
s 262
f 298/1/716 295/1/717 286/1/718
f 286/1/718 288/1/719 298/1/716
s 263
f 289/1/720 294/1/721 297/1/721
f 297/1/721 287/1/721 289/1/720
s 264
f 290/1/722 299/1/723 298/1/724
f 298/1/724 288/1/725 290/1/722
s 265
f 294/1/726 289/1/727 229/1/728
f 229/1/728 291/1/729 294/1/726
s 266
f 264/1/730 300/1/731 299/1/730
f 299/1/730 290/1/732 264/1/730
s 267
f 228/1/733 301/1/734 291/1/734
f 291/1/734 229/1/734 228/1/733
s 268
f 300/1/735 264/1/736 263/1/737
f 263/1/737 302/1/738 300/1/735
s 269
f 266/1/739 265/1/740 303/1/741
f 303/1/741 304/1/741 266/1/739
s 270
f 267/1/742 305/1/743 301/1/744
f 301/1/744 228/1/743 267/1/742
s 271
f 268/1/745 306/1/746 302/1/747
f 302/1/747 263/1/748 268/1/745
s 272
f 269/1/749 307/1/750 303/1/751
f 303/1/751 265/1/752 269/1/749
s 273
f 308/1/753 305/1/754 267/1/755
f 267/1/755 270/1/756 308/1/753
s 274
f 271/1/757 309/1/758 306/1/759
f 306/1/759 268/1/760 271/1/757
s 275
f 272/1/761 310/1/762 307/1/763
f 307/1/763 269/1/764 272/1/761
s 276
f 273/1/765 311/1/766 308/1/767
f 308/1/767 270/1/768 273/1/765
s 277
f 312/1/769 309/1/770 271/1/771
f 271/1/771 274/1/770 312/1/769
s 278
f 275/1/772 313/1/773 310/1/772
f 310/1/772 272/1/774 275/1/772
s 279
f 276/1/775 314/1/775 311/1/776
f 311/1/776 273/1/777 276/1/775
s 280
f 277/1/778 315/1/779 312/1/778
f 312/1/778 274/1/780 277/1/778
s 281
f 313/1/781 275/1/782 278/1/783
f 278/1/783 316/1/784 313/1/781
s 282
f 304/1/785 314/1/786 276/1/787
f 276/1/787 266/1/786 304/1/785
s 283
f 279/1/788 317/1/789 315/1/790
f 315/1/790 277/1/791 279/1/788
s 284
f 280/1/792 318/1/793 316/1/794
f 316/1/794 278/1/793 280/1/792
s 285
f 317/1/795 279/1/796 281/1/797
f 281/1/797 319/1/798 317/1/795
s 286
f 282/1/799 320/1/800 318/1/801
f 318/1/801 280/1/802 282/1/799
s 287
f 283/1/803 321/1/804 319/1/805
f 319/1/805 281/1/806 283/1/803
s 288
f 322/1/807 320/1/808 282/1/809
f 282/1/809 284/1/810 322/1/807
s 289
f 261/1/811 260/1/812 321/1/812
f 321/1/812 283/1/812 261/1/811
s 290
f 285/1/813 296/1/814 322/1/813
f 322/1/813 284/1/815 285/1/813
s 291
f 323/1/816 324/1/817 325/1/818
f 325/1/818 326/1/819 323/1/816
s 292
f 300/1/820 327/1/821 328/1/822
f 328/1/822 299/1/823 300/1/820
s 293
f 291/1/824 301/1/825 329/1/824
f 329/1/824 292/1/826 291/1/824
s 294
f 302/1/827 330/1/828 327/1/827
f 327/1/827 300/1/828 302/1/827
s 295
f 304/1/829 303/1/830 331/1/829
f 331/1/829 332/1/831 304/1/829
s 296
f 329/1/832 301/1/833 305/1/832
f 305/1/832 324/1/834 329/1/832
s 297
f 302/1/835 306/1/836 333/1/837
f 333/1/837 330/1/837 302/1/835
s 298
f 331/1/838 303/1/839 307/1/840
f 307/1/840 334/1/841 331/1/838
s 299
f 308/1/842 325/1/843 324/1/842
f 324/1/842 305/1/844 308/1/842
s 300
f 333/1/845 306/1/846 309/1/845
f 309/1/845 335/1/845 333/1/845
s 301
f 334/1/847 307/1/848 310/1/849
f 310/1/849 336/1/850 334/1/847
s 302
f 308/1/851 311/1/852 337/1/853
f 337/1/853 325/1/852 308/1/851
s 303
f 312/1/854 338/1/855 335/1/854
f 335/1/854 309/1/856 312/1/854
s 304
f 313/1/857 339/1/857 336/1/858
f 336/1/858 310/1/859 313/1/857
s 305
f 337/1/860 311/1/861 314/1/860
f 314/1/860 340/1/862 337/1/860
s 306
f 312/1/863 315/1/864 341/1/865
f 341/1/865 338/1/865 312/1/863
s 307
f 316/1/866 342/1/867 339/1/868
f 339/1/868 313/1/869 316/1/866
s 308
f 314/1/870 304/1/870 332/1/870
f 332/1/870 340/1/871 314/1/870
s 309
f 341/1/872 315/1/873 317/1/874
f 317/1/874 343/1/873 341/1/872
s 310
f 342/1/875 316/1/876 318/1/877
f 318/1/877 344/1/878 342/1/875
s 311
f 319/1/879 345/1/880 343/1/879
f 343/1/879 317/1/881 319/1/879
s 312
f 320/1/882 346/1/883 344/1/884
f 344/1/884 318/1/883 320/1/882
s 313
f 319/1/885 321/1/886 347/1/887
f 347/1/887 345/1/888 319/1/885
s 314
f 322/1/889 348/1/890 346/1/889
f 346/1/889 320/1/890 322/1/889
s 315
f 347/1/891 321/1/892 260/1/893
f 260/1/893 349/1/891 347/1/891
s 316
f 322/1/894 296/1/895 350/1/896
f 350/1/896 348/1/897 322/1/894
s 317
f 259/1/898 351/1/899 349/1/900
f 349/1/900 260/1/901 259/1/898
s 318
f 350/1/902 296/1/903 295/1/902
f 295/1/902 352/1/904 350/1/902
s 319
f 259/1/905 297/1/905 353/1/906
f 353/1/906 351/1/906 259/1/905
s 320
f 354/1/907 352/1/908 295/1/909
f 295/1/909 298/1/910 354/1/907
s 321
f 353/1/911 297/1/912 294/1/912
f 294/1/912 293/1/913 353/1/911
s 322
f 354/1/914 298/1/915 299/1/914
f 299/1/914 328/1/916 354/1/914
s 323
f 355/1/917 356/1/918 357/1/917
f 357/1/917 358/1/919 355/1/917
s 324
f 335/1/920 359/1/920 360/1/920
f 360/1/920 333/1/920 335/1/920
s 325
f 336/1/921 361/1/922 362/1/921
f 362/1/921 334/1/922 336/1/921
s 326
f 337/1/923 363/1/924 326/1/925
f 326/1/925 325/1/924 337/1/923
s 327
f 359/1/926 335/1/927 338/1/927
f 338/1/927 364/1/927 359/1/926
s 328
f 336/1/928 339/1/929 365/1/930
f 365/1/930 361/1/930 336/1/928
s 329
f 340/1/931 357/1/932 363/1/931
f 363/1/931 337/1/932 340/1/931
s 330
f 341/1/933 366/1/933 364/1/934
f 364/1/934 338/1/933 341/1/933
s 331
f 365/1/935 339/1/935 342/1/935
f 342/1/935 367/1/935 365/1/935
s 332
f 358/1/936 357/1/936 340/1/936
f 340/1/936 332/1/936 358/1/936
s 333
f 343/1/937 368/1/938 366/1/939
f 366/1/939 341/1/938 343/1/937
s 334
f 344/1/940 369/1/940 367/1/940
f 367/1/940 342/1/941 344/1/940
s 335
f 368/1/942 343/1/943 345/1/944
f 345/1/944 370/1/943 368/1/942
s 336
f 344/1/945 346/1/945 371/1/945
f 371/1/945 369/1/945 344/1/945
s 337
f 347/1/946 372/1/947 370/1/948
f 370/1/948 345/1/949 347/1/946
s 338
f 371/1/950 346/1/951 348/1/951
f 348/1/951 373/1/951 371/1/950
s 339
f 349/1/952 374/1/953 372/1/954
f 372/1/954 347/1/953 349/1/952
s 340
f 350/1/955 375/1/956 373/1/957
f 373/1/957 348/1/958 350/1/955
s 341
f 374/1/959 349/1/960 351/1/961
f 351/1/961 376/1/960 374/1/959
s 342
f 352/1/962 377/1/962 375/1/963
f 375/1/963 350/1/962 352/1/962
s 343
f 353/1/964 378/1/965 376/1/966
f 376/1/966 351/1/967 353/1/964
s 344
f 352/1/968 354/1/968 379/1/968
f 379/1/968 377/1/968 352/1/968
s 345
f 293/1/969 380/1/970 378/1/969
f 378/1/969 353/1/971 293/1/969
s 346
f 381/1/972 379/1/973 354/1/973
f 354/1/973 328/1/973 381/1/972
s 347
f 380/1/974 293/1/975 292/1/974
f 292/1/974 382/1/976 380/1/974
s 348
f 381/1/977 328/1/977 327/1/977
f 327/1/977 383/1/977 381/1/977
s 349
f 329/1/978 384/1/979 382/1/978
f 382/1/978 292/1/979 329/1/978
s 350
f 383/1/980 327/1/981 330/1/981
f 330/1/981 385/1/981 383/1/980
s 351
f 331/1/982 386/1/983 358/1/983
f 358/1/983 332/1/984 331/1/982
s 352
f 324/1/985 323/1/986 384/1/986
f 384/1/986 329/1/986 324/1/985
s 353
f 333/1/987 360/1/987 385/1/987
f 385/1/987 330/1/987 333/1/987
s 354
f 386/1/988 331/1/989 334/1/988
f 334/1/988 362/1/990 386/1/988
s 355
f 387/1/991 388/1/992 389/1/993
f 389/1/993 390/1/994 387/1/991
s 356
f 368/1/995 391/1/996 392/1/996
f 392/1/996 366/1/995 368/1/995
s 357
f 393/1/997 367/1/998 369/1/997
f 369/1/997 394/1/999 393/1/997
s 358
f 370/1/1000 395/1/1001 391/1/1002
f 391/1/1002 368/1/1003 370/1/1000
s 359
f 371/1/1004 396/1/1005 394/1/1006
f 394/1/1006 369/1/1007 371/1/1004
s 360
f 395/1/1008 370/1/1009 372/1/1010
f 372/1/1010 390/1/1008 395/1/1008
s 361
f 373/1/1011 397/1/1012 396/1/1012
f 396/1/1012 371/1/1011 373/1/1011
s 362
f 374/1/1013 387/1/1013 390/1/1014
f 390/1/1014 372/1/1013 374/1/1013
s 363
f 397/1/1015 373/1/1016 375/1/1017
f 375/1/1017 398/1/1015 397/1/1015
s 364
f 376/1/1018 399/1/1019 387/1/1019
f 387/1/1019 374/1/1020 376/1/1018
s 365
f 377/1/1021 400/1/1021 398/1/1022
f 398/1/1022 375/1/1023 377/1/1021
s 366
f 399/1/1024 376/1/1025 378/1/1026
f 378/1/1026 401/1/1027 399/1/1024
s 367
f 379/1/1028 402/1/1029 400/1/1028
f 400/1/1028 377/1/1030 379/1/1028
s 368
f 380/1/1031 403/1/1032 401/1/1033
f 401/1/1033 378/1/1034 380/1/1031
s 369
f 402/1/1035 379/1/1036 381/1/1037
f 381/1/1037 404/1/1038 402/1/1035
s 370
f 382/1/1039 405/1/1040 403/1/1041
f 403/1/1041 380/1/1041 382/1/1039
s 371
f 383/1/1042 406/1/1043 404/1/1044
f 404/1/1044 381/1/1043 383/1/1042
s 372
f 405/1/1045 382/1/1046 384/1/1047
f 384/1/1047 407/1/1048 405/1/1045
s 373
f 385/1/1049 408/1/1050 406/1/1051
f 406/1/1051 383/1/1052 385/1/1049
s 374
f 358/1/1053 386/1/1054 409/1/1055
f 409/1/1055 355/1/1053 358/1/1053
s 375
f 323/1/1056 410/1/1057 407/1/1058
f 407/1/1058 384/1/1059 323/1/1056
s 376
f 408/1/1060 385/1/1061 360/1/1062
f 360/1/1062 411/1/1063 408/1/1060
s 377
f 362/1/1064 412/1/1065 409/1/1066
f 409/1/1066 386/1/1067 362/1/1064
s 378
f 326/1/1068 413/1/1069 410/1/1070
f 410/1/1070 323/1/1071 326/1/1068
s 379
f 359/1/1072 414/1/1073 411/1/1072
f 411/1/1072 360/1/1073 359/1/1072
s 380
f 412/1/1074 362/1/1074 361/1/1075
f 361/1/1075 415/1/1074 412/1/1074
s 381
f 413/1/1076 326/1/1077 363/1/1078
f 363/1/1078 416/1/1078 413/1/1076
s 382
f 364/1/1079 417/1/1080 414/1/1079
f 414/1/1079 359/1/1079 364/1/1079
s 383
f 365/1/1081 418/1/1082 415/1/1083
f 415/1/1083 361/1/1083 365/1/1081
s 384
f 357/1/1084 356/1/1085 416/1/1084
f 416/1/1084 363/1/1086 357/1/1084
s 385
f 417/1/1087 364/1/1088 366/1/1089
f 366/1/1089 392/1/1089 417/1/1087
s 386
f 367/1/1090 393/1/1091 418/1/1092
f 418/1/1092 365/1/1093 367/1/1090
s 387
f 419/1/1094 420/1/1094 421/1/1095
f 421/1/1095 422/1/1094 419/1/1094
s 388
f 423/1/1096 424/1/1097 397/1/1096
f 397/1/1096 398/1/1098 423/1/1096
s 389
f 399/1/1099 425/1/1100 388/1/1099
f 388/1/1099 387/1/1100 399/1/1099
s 390
f 400/1/1101 426/1/1102 423/1/1103
f 423/1/1103 398/1/1101 400/1/1101
s 391
f 420/1/1104 425/1/1105 399/1/1104
f 399/1/1104 401/1/1106 420/1/1104
s 392
f 402/1/1107 427/1/1108 426/1/1107
f 426/1/1107 400/1/1107 402/1/1107
s 393
f 403/1/1109 421/1/1110 420/1/1109
f 420/1/1109 401/1/1110 403/1/1109
s 394
f 428/1/1111 427/1/1112 402/1/1113
f 402/1/1113 404/1/1111 428/1/1111
s 395
f 405/1/1114 429/1/1114 421/1/1114
f 421/1/1114 403/1/1115 405/1/1114
s 396
f 406/1/1116 430/1/1117 428/1/1116
f 428/1/1116 404/1/1118 406/1/1116
s 397
f 431/1/1119 429/1/1120 405/1/1121
f 405/1/1121 407/1/1122 431/1/1119
s 398
f 408/1/1123 432/1/1124 430/1/1123
f 430/1/1123 406/1/1125 408/1/1123
s 399
f 433/1/1126 355/1/1127 409/1/1128
f 409/1/1128 434/1/1128 433/1/1126
s 400
f 410/1/1129 435/1/1130 431/1/1130
f 431/1/1130 407/1/1130 410/1/1129
s 401
f 436/1/1131 432/1/1132 408/1/1132
f 408/1/1132 411/1/1132 436/1/1131
s 402
f 434/1/1133 409/1/1134 412/1/1135
f 412/1/1135 437/1/1136 434/1/1133
s 403
f 413/1/1137 438/1/1138 435/1/1138
f 435/1/1138 410/1/1139 413/1/1137
s 404
f 414/1/1140 439/1/1141 436/1/1140
f 436/1/1140 411/1/1142 414/1/1140
s 405
f 415/1/1143 440/1/1144 437/1/1143
f 437/1/1143 412/1/1145 415/1/1143
s 406
f 441/1/1146 438/1/1147 413/1/1146
f 413/1/1146 416/1/1148 441/1/1146
s 407
f 417/1/1149 442/1/1150 439/1/1149
f 439/1/1149 414/1/1151 417/1/1149
s 408
f 440/1/1152 415/1/1153 418/1/1152
f 418/1/1152 443/1/1154 440/1/1152
s 409
f 356/1/1155 444/1/1155 441/1/1155
f 441/1/1155 416/1/1156 356/1/1155
s 410
f 445/1/1157 442/1/1157 417/1/1158
f 417/1/1158 392/1/1158 445/1/1157
s 411
f 393/1/1159 446/1/1160 443/1/1159
f 443/1/1159 418/1/1160 393/1/1159
s 412
f 433/1/1161 444/1/1161 356/1/1162
f 356/1/1162 355/1/1161 433/1/1161
s 413
f 391/1/1163 447/1/1164 445/1/1163
f 445/1/1163 392/1/1165 391/1/1163
s 414
f 394/1/1166 448/1/1167 446/1/1168
f 446/1/1168 393/1/1169 394/1/1166
s 415
f 395/1/1170 449/1/1170 447/1/1170
f 447/1/1170 391/1/1170 395/1/1170
s 416
f 448/1/1171 394/1/1172 396/1/1173
f 396/1/1173 450/1/1174 448/1/1171
s 417
f 389/1/1175 449/1/1175 395/1/1176
f 395/1/1176 390/1/1175 389/1/1175
s 418
f 397/1/1177 424/1/1178 450/1/1179
f 450/1/1179 396/1/1180 397/1/1177
s 419
f 451/1/1181 452/1/1182 453/1/1182
f 453/1/1182 454/1/1183 451/1/1181
s 420
f 428/1/1184 455/1/1185 456/1/1184
f 456/1/1184 427/1/1184 428/1/1184
s 421
f 429/1/1186 457/1/1187 422/1/1187
f 422/1/1187 421/1/1187 429/1/1186
s 422
f 458/1/1188 455/1/1189 428/1/1189
f 428/1/1189 430/1/1189 458/1/1188
s 423
f 431/1/1190 459/1/1191 457/1/1191
f 457/1/1191 429/1/1191 431/1/1190
s 424
f 432/1/1192 460/1/1192 458/1/1193
f 458/1/1193 430/1/1192 432/1/1192
s 425
f 452/1/1194 451/1/1195 433/1/1195
f 433/1/1195 434/1/1195 452/1/1194
s 426
f 461/1/1196 459/1/1196 431/1/1196
f 431/1/1196 435/1/1196 461/1/1196
s 427
f 436/1/1197 462/1/1197 460/1/1197
f 460/1/1197 432/1/1198 436/1/1197
s 428
f 437/1/1199 463/1/1200 452/1/1200
f 452/1/1200 434/1/1200 437/1/1199
s 429
f 438/1/1201 464/1/1202 461/1/1202
f 461/1/1202 435/1/1202 438/1/1201
s 430
f 465/1/1203 462/1/1204 436/1/1204
f 436/1/1204 439/1/1204 465/1/1203
s 431
f 440/1/1205 466/1/1206 463/1/1207
f 463/1/1207 437/1/1206 440/1/1205
s 432
f 441/1/1208 467/1/1209 464/1/1209
f 464/1/1209 438/1/1209 441/1/1208
s 433
f 442/1/1210 468/1/1210 465/1/1211
f 465/1/1211 439/1/1210 442/1/1210
s 434
f 469/1/1212 466/1/1213 440/1/1214
f 440/1/1214 443/1/1212 469/1/1212
s 435
f 470/1/1215 467/1/1216 441/1/1216
f 441/1/1216 444/1/1216 470/1/1215
s 436
f 445/1/1217 471/1/1218 468/1/1218
f 468/1/1218 442/1/1219 445/1/1217
s 437
f 446/1/1220 472/1/1220 469/1/1221
f 469/1/1221 443/1/1220 446/1/1220
s 438
f 470/1/1222 444/1/1223 433/1/1223
f 433/1/1223 451/1/1222 470/1/1222
s 439
f 471/1/1224 445/1/1224 447/1/1225
f 447/1/1225 473/1/1224 471/1/1224
s 440
f 448/1/1226 474/1/1226 472/1/1227
f 472/1/1227 446/1/1228 448/1/1226
s 441
f 449/1/1229 475/1/1229 473/1/1229
f 473/1/1229 447/1/1229 449/1/1229
s 442
f 476/1/1230 474/1/1230 448/1/1231
f 448/1/1231 450/1/1230 476/1/1230
s 443
f 389/1/1232 477/1/1232 475/1/1232
f 475/1/1232 449/1/1232 389/1/1232
s 444
f 424/1/1233 478/1/1233 476/1/1234
f 476/1/1234 450/1/1235 424/1/1233
s 445
f 477/1/1236 389/1/1237 388/1/1238
f 388/1/1238 479/1/1237 477/1/1236
s 446
f 423/1/1239 480/1/1239 478/1/1239
f 478/1/1239 424/1/1239 423/1/1239
s 447
f 425/1/1240 481/1/1240 479/1/1241
f 479/1/1241 388/1/1240 425/1/1240
s 448
f 482/1/1242 480/1/1243 423/1/1243
f 423/1/1243 426/1/1243 482/1/1242
s 449
f 420/1/1244 419/1/1245 481/1/1246
f 481/1/1246 425/1/1247 420/1/1244
s 450
f 427/1/1248 456/1/1248 482/1/1248
f 482/1/1248 426/1/1248 427/1/1248
s 451
f 483/1/1249 484/1/1249 485/1/1249
f 485/1/1249 486/1/1250 483/1/1249
s 452
f 461/1/1251 487/1/1252 488/1/1252
f 488/1/1252 459/1/1251 461/1/1251
s 453
f 462/1/1253 489/1/1254 490/1/1254
f 490/1/1254 460/1/1255 462/1/1253
s 454
f 463/1/1256 491/1/1257 453/1/1258
f 453/1/1258 452/1/1256 463/1/1256
s 455
f 492/1/1259 487/1/1260 461/1/1261
f 461/1/1261 464/1/1262 492/1/1259
s 456
f 465/1/1263 493/1/1264 489/1/1263
f 489/1/1263 462/1/1265 465/1/1263
s 457
f 466/1/1266 486/1/1267 491/1/1268
f 491/1/1268 463/1/1269 466/1/1266
s 458
f 467/1/1270 494/1/1270 492/1/1270
f 492/1/1270 464/1/1271 467/1/1270
s 459
f 493/1/1272 465/1/1273 468/1/1274
f 468/1/1274 495/1/1275 493/1/1272
s 460
f 469/1/1276 483/1/1277 486/1/1276
f 486/1/1276 466/1/1278 469/1/1276
s 461
f 470/1/1279 496/1/1280 494/1/1281
f 494/1/1281 467/1/1282 470/1/1279
s 462
f 471/1/1283 497/1/1284 495/1/1285
f 495/1/1285 468/1/1285 471/1/1283
s 463
f 483/1/1286 469/1/1286 472/1/1287
f 472/1/1287 498/1/1286 483/1/1286
s 464
f 496/1/1288 470/1/1288 451/1/1288
f 451/1/1288 454/1/1288 496/1/1288
s 465
f 473/1/1289 499/1/1290 497/1/1291
f 497/1/1291 471/1/1292 473/1/1289
s 466
f 474/1/1293 500/1/1294 498/1/1295
f 498/1/1295 472/1/1296 474/1/1293
s 467
f 501/1/1297 499/1/1297 473/1/1298
f 473/1/1298 475/1/1299 501/1/1297
s 468
f 476/1/1300 502/1/1301 500/1/1302
f 500/1/1302 474/1/1302 476/1/1300
s 469
f 477/1/1303 503/1/1303 501/1/1304
f 501/1/1304 475/1/1305 477/1/1303
s 470
f 504/1/1306 502/1/1307 476/1/1308
f 476/1/1308 478/1/1309 504/1/1306
s 471
f 479/1/1310 505/1/1311 503/1/1310
f 503/1/1310 477/1/1312 479/1/1310
s 472
f 480/1/1313 506/1/1313 504/1/1313
f 504/1/1313 478/1/1314 480/1/1313
s 473
f 505/1/1315 479/1/1316 481/1/1317
f 481/1/1317 507/1/1318 505/1/1315
s 474
f 482/1/1319 508/1/1319 506/1/1319
f 506/1/1319 480/1/1320 482/1/1319
s 475
f 419/1/1321 509/1/1322 507/1/1323
f 507/1/1323 481/1/1324 419/1/1321
s 476
f 510/1/1325 508/1/1326 482/1/1327
f 482/1/1327 456/1/1328 510/1/1325
s 477
f 422/1/1329 511/1/1330 509/1/1330
f 509/1/1330 419/1/1331 422/1/1329
s 478
f 455/1/1332 512/1/1333 510/1/1334
f 510/1/1334 456/1/1335 455/1/1332
s 479
f 513/1/1336 511/1/1337 422/1/1336
f 422/1/1336 457/1/1338 513/1/1336
s 480
f 458/1/1339 514/1/1340 512/1/1340
f 512/1/1340 455/1/1339 458/1/1339
s 481
f 459/1/1341 488/1/1341 513/1/1342
f 513/1/1342 457/1/1342 459/1/1341
s 482
f 514/1/1343 458/1/1344 460/1/1345
f 460/1/1345 490/1/1343 514/1/1343
s 483
f 515/1/1346 516/1/1346 517/1/1346
f 517/1/1346 518/1/1347 515/1/1346
s 484
f 496/1/1348 519/1/1348 520/1/1349
f 520/1/1349 494/1/1348 496/1/1348
s 485
f 521/1/1350 522/1/1350 495/1/1350
f 495/1/1350 497/1/1350 521/1/1350
s 486
f 498/1/1351 523/1/1351 484/1/1351
f 484/1/1351 483/1/1351 498/1/1351
s 487
f 524/1/1352 519/1/1352 496/1/1352
f 496/1/1352 454/1/1352 524/1/1352
s 488
f 499/1/1353 525/1/1354 521/1/1353
f 521/1/1353 497/1/1353 499/1/1353
s 489
f 523/1/1355 498/1/1356 500/1/1357
f 500/1/1357 517/1/1356 523/1/1355
s 490
f 501/1/1358 526/1/1359 525/1/1360
f 525/1/1360 499/1/1360 501/1/1358
s 491
f 502/1/1361 518/1/1362 517/1/1361
f 517/1/1361 500/1/1361 502/1/1361
s 492
f 527/1/1363 526/1/1364 501/1/1365
f 501/1/1365 503/1/1364 527/1/1363
s 493
f 504/1/1366 528/1/1366 518/1/1367
f 518/1/1367 502/1/1366 504/1/1366
s 494
f 505/1/1368 529/1/1368 527/1/1369
f 527/1/1369 503/1/1369 505/1/1368
s 495
f 530/1/1370 528/1/1371 504/1/1372
f 504/1/1372 506/1/1373 530/1/1370
s 496
f 507/1/1374 531/1/1375 529/1/1374
f 529/1/1374 505/1/1375 507/1/1374
s 497
f 508/1/1376 532/1/1377 530/1/1378
f 530/1/1378 506/1/1379 508/1/1376
s 498
f 533/1/1380 531/1/1381 507/1/1380
f 507/1/1380 509/1/1382 533/1/1380
s 499
f 510/1/1383 534/1/1384 532/1/1384
f 532/1/1384 508/1/1385 510/1/1383
s 500
f 511/1/1386 535/1/1387 533/1/1386
f 533/1/1386 509/1/1388 511/1/1386
s 501
f 536/1/1389 534/1/1389 510/1/1389
f 510/1/1389 512/1/1389 536/1/1389
s 502
f 513/1/1390 537/1/1391 535/1/1390
f 535/1/1390 511/1/1392 513/1/1390
s 503
f 514/1/1393 538/1/1394 536/1/1394
f 536/1/1394 512/1/1394 514/1/1393
s 504
f 539/1/1395 537/1/1396 513/1/1395
f 513/1/1395 488/1/1397 539/1/1395
s 505
f 490/1/1398 540/1/1399 538/1/1398
f 538/1/1398 514/1/1400 490/1/1398
s 506
f 454/1/1401 453/1/1401 541/1/1401
f 541/1/1401 524/1/1401 454/1/1401
s 507
f 487/1/1402 542/1/1403 539/1/1402
f 539/1/1402 488/1/1404 487/1/1402
s 508
f 543/1/1405 540/1/1405 490/1/1406
f 490/1/1406 489/1/1405 543/1/1405
s 509
f 544/1/1407 541/1/1408 453/1/1409
f 453/1/1409 491/1/1410 544/1/1407
s 510
f 492/1/1411 545/1/1412 542/1/1411
f 542/1/1411 487/1/1413 492/1/1411
s 511
f 493/1/1414 546/1/1414 543/1/1414
f 543/1/1414 489/1/1414 493/1/1414
s 512
f 485/1/1415 544/1/1416 491/1/1415
f 491/1/1415 486/1/1415 485/1/1415
s 513
f 520/1/1417 545/1/1418 492/1/1417
f 492/1/1417 494/1/1417 520/1/1417
s 514
f 495/1/1419 522/1/1419 546/1/1419
f 546/1/1419 493/1/1419 495/1/1419
s 515
f 547/1/1420 548/1/1421 549/1/1422
f 549/1/1422 550/1/1423 547/1/1420
s 516
f 527/1/1424 551/1/1425 552/1/1425
f 552/1/1425 526/1/1425 527/1/1424
s 517
f 528/1/1426 553/1/1426 515/1/1426
f 515/1/1426 518/1/1426 528/1/1426
s 518
f 551/1/1427 527/1/1428 529/1/1429
f 529/1/1429 554/1/1428 551/1/1427
s 519
f 530/1/1430 550/1/1430 553/1/1431
f 553/1/1431 528/1/1432 530/1/1430
s 520
f 531/1/1433 555/1/1434 554/1/1435
f 554/1/1435 529/1/1434 531/1/1433
s 521
f 547/1/1436 550/1/1437 530/1/1438
f 530/1/1438 532/1/1438 547/1/1436
s 522
f 533/1/1439 556/1/1439 555/1/1440
f 555/1/1440 531/1/1440 533/1/1439
s 523
f 534/1/1441 557/1/1441 547/1/1442
f 547/1/1442 532/1/1443 534/1/1441
s 524
f 558/1/1444 556/1/1445 533/1/1446
f 533/1/1446 535/1/1447 558/1/1444
s 525
f 536/1/1448 559/1/1449 557/1/1450
f 557/1/1450 534/1/1448 536/1/1448
s 526
f 537/1/1451 560/1/1452 558/1/1453
f 558/1/1453 535/1/1452 537/1/1451
s 527
f 561/1/1454 559/1/1454 536/1/1454
f 536/1/1454 538/1/1454 561/1/1454
s 528
f 539/1/1455 562/1/1455 560/1/1456
f 560/1/1456 537/1/1457 539/1/1455
s 529
f 540/1/1458 563/1/1459 561/1/1458
f 561/1/1458 538/1/1460 540/1/1458
s 530
f 564/1/1461 565/1/1462 524/1/1461
f 524/1/1461 541/1/1462 564/1/1461
s 531
f 566/1/1463 562/1/1464 539/1/1465
f 539/1/1465 542/1/1464 566/1/1463
s 532
f 543/1/1466 567/1/1466 563/1/1467
f 563/1/1467 540/1/1466 543/1/1466
s 533
f 544/1/1468 568/1/1469 564/1/1470
f 564/1/1470 541/1/1469 544/1/1468
s 534
f 545/1/1471 569/1/1472 566/1/1473
f 566/1/1473 542/1/1471 545/1/1471
s 535
f 567/1/1474 543/1/1475 546/1/1476
f 546/1/1476 570/1/1477 567/1/1474
s 536
f 485/1/1478 571/1/1478 568/1/1479
f 568/1/1479 544/1/1478 485/1/1478
s 537
f 520/1/1480 572/1/1480 569/1/1481
f 569/1/1481 545/1/1480 520/1/1480
s 538
f 522/1/1482 573/1/1483 570/1/1484
f 570/1/1484 546/1/1483 522/1/1482
s 539
f 574/1/1485 571/1/1485 485/1/1485
f 485/1/1485 484/1/1485 574/1/1485
s 540
f 575/1/1486 572/1/1486 520/1/1487
f 520/1/1487 519/1/1486 575/1/1486
s 541
f 521/1/1488 576/1/1489 573/1/1490
f 573/1/1490 522/1/1489 521/1/1488
s 542
f 523/1/1491 577/1/1492 574/1/1493
f 574/1/1493 484/1/1492 523/1/1491
s 543
f 565/1/1494 575/1/1494 519/1/1495
f 519/1/1495 524/1/1496 565/1/1494
s 544
f 576/1/1497 521/1/1498 525/1/1499
f 525/1/1499 578/1/1498 576/1/1497
s 545
f 517/1/1500 516/1/1501 577/1/1502
f 577/1/1502 523/1/1501 517/1/1500
s 546
f 526/1/1503 552/1/1503 578/1/1504
f 578/1/1504 525/1/1503 526/1/1503
s 547
f 579/1/1505 580/1/1506 581/1/1507
f 581/1/1507 582/1/1508 579/1/1505
s 548
f 556/1/1509 583/1/1510 584/1/1511
f 584/1/1511 555/1/1510 556/1/1509
s 549
f 585/1/1512 548/1/1513 547/1/1514
f 547/1/1514 557/1/1515 585/1/1512
s 550
f 558/1/1516 586/1/1517 583/1/1518
f 583/1/1518 556/1/1519 558/1/1516
s 551
f 559/1/1520 582/1/1521 585/1/1522
f 585/1/1522 557/1/1523 559/1/1520
s 552
f 586/1/1524 558/1/1525 560/1/1524
f 560/1/1524 587/1/1524 586/1/1524
s 553
f 561/1/1526 579/1/1527 582/1/1528
f 582/1/1528 559/1/1527 561/1/1526
s 554
f 562/1/1529 588/1/1530 587/1/1529
f 587/1/1529 560/1/1531 562/1/1529
s 555
f 579/1/1532 561/1/1533 563/1/1534
f 563/1/1534 589/1/1535 579/1/1532
s 556
f 565/1/1536 564/1/1537 590/1/1537
f 590/1/1537 591/1/1538 565/1/1536
s 557
f 566/1/1539 592/1/1539 588/1/1539
f 588/1/1539 562/1/1539 566/1/1539
s 558
f 567/1/1540 593/1/1541 589/1/1540
f 589/1/1540 563/1/1542 567/1/1540
s 559
f 568/1/1543 594/1/1544 590/1/1543
f 590/1/1543 564/1/1545 568/1/1543
s 560
f 595/1/1546 592/1/1547 566/1/1548
f 566/1/1548 569/1/1549 595/1/1546
s 561
f 570/1/1550 596/1/1551 593/1/1552
f 593/1/1552 567/1/1551 570/1/1550
s 562
f 571/1/1553 597/1/1554 594/1/1553
f 594/1/1553 568/1/1555 571/1/1553
s 563
f 572/1/1556 598/1/1557 595/1/1558
f 595/1/1558 569/1/1556 572/1/1556
s 564
f 599/1/1559 596/1/1560 570/1/1561
f 570/1/1561 573/1/1562 599/1/1559
s 565
f 574/1/1563 600/1/1564 597/1/1565
f 597/1/1565 571/1/1566 574/1/1563
s 566
f 575/1/1567 601/1/1568 598/1/1567
f 598/1/1567 572/1/1567 575/1/1567
s 567
f 576/1/1569 602/1/1570 599/1/1571
f 599/1/1571 573/1/1570 576/1/1569
s 568
f 600/1/1572 574/1/1573 577/1/1574
f 577/1/1574 603/1/1575 600/1/1572
s 569
f 591/1/1576 601/1/1577 575/1/1578
f 575/1/1578 565/1/1576 591/1/1576
s 570
f 578/1/1579 604/1/1580 602/1/1581
f 602/1/1581 576/1/1581 578/1/1579
s 571
f 516/1/1582 605/1/1583 603/1/1584
f 603/1/1584 577/1/1583 516/1/1582
s 572
f 606/1/1585 604/1/1586 578/1/1587
f 578/1/1587 552/1/1588 606/1/1585
s 573
f 515/1/1589 607/1/1590 605/1/1591
f 605/1/1591 516/1/1592 515/1/1589
s 574
f 551/1/1593 608/1/1593 606/1/1593
f 606/1/1593 552/1/1594 551/1/1593
s 575
f 609/1/1595 607/1/1595 515/1/1595
f 515/1/1595 553/1/1595 609/1/1595
s 576
f 554/1/1596 610/1/1597 608/1/1598
f 608/1/1598 551/1/1599 554/1/1596
s 577
f 550/1/1600 549/1/1600 609/1/1601
f 609/1/1601 553/1/1602 550/1/1600
s 578
f 610/1/1603 554/1/1603 555/1/1603
f 555/1/1603 584/1/1604 610/1/1603
s 579
f 611/1/1605 612/1/1605 613/1/1605
f 613/1/1605 614/1/1605 611/1/1605
s 580
f 587/1/1606 588/1/1607 615/1/1608
f 615/1/1608 616/1/1609 587/1/1606
s 581
f 589/1/1610 617/1/1611 580/1/1612
f 580/1/1612 579/1/1613 589/1/1610
s 582
f 591/1/1614 590/1/1615 618/1/1615
f 618/1/1615 619/1/1616 591/1/1614
s 583
f 615/1/1617 588/1/1618 592/1/1619
f 592/1/1619 620/1/1620 615/1/1617
s 584
f 589/1/1621 593/1/1621 614/1/1621
f 614/1/1621 617/1/1621 589/1/1621
s 585
f 618/1/1622 590/1/1622 594/1/1623
f 594/1/1623 621/1/1623 618/1/1622
s 586
f 595/1/1624 622/1/1625 620/1/1626
f 620/1/1626 592/1/1627 595/1/1624
s 587
f 614/1/1628 593/1/1629 596/1/1629
f 596/1/1629 611/1/1630 614/1/1628
s 588
f 623/1/1631 621/1/1632 594/1/1631
f 594/1/1631 597/1/1633 623/1/1631
s 589
f 595/1/1634 598/1/1635 624/1/1636
f 624/1/1636 622/1/1637 595/1/1634
s 590
f 599/1/1638 625/1/1639 611/1/1639
f 611/1/1639 596/1/1639 599/1/1638
s 591
f 600/1/1640 626/1/1641 623/1/1640
f 623/1/1640 597/1/1642 600/1/1640
s 592
f 624/1/1643 598/1/1644 601/1/1643
f 601/1/1643 627/1/1645 624/1/1643
s 593
f 599/1/1646 602/1/1646 628/1/1647
f 628/1/1647 625/1/1646 599/1/1646
s 594
f 603/1/1648 629/1/1649 626/1/1650
f 626/1/1650 600/1/1648 603/1/1648
s 595
f 601/1/1651 591/1/1652 619/1/1653
f 619/1/1653 627/1/1654 601/1/1651
s 596
f 628/1/1655 602/1/1656 604/1/1657
f 604/1/1657 630/1/1658 628/1/1655
s 597
f 631/1/1659 629/1/1660 603/1/1659
f 603/1/1659 605/1/1661 631/1/1659
s 598
f 606/1/1662 632/1/1662 630/1/1662
f 630/1/1662 604/1/1662 606/1/1662
s 599
f 607/1/1663 633/1/1664 631/1/1665
f 631/1/1665 605/1/1666 607/1/1663
s 600
f 606/1/1667 608/1/1668 634/1/1667
f 634/1/1667 632/1/1667 606/1/1667
s 601
f 609/1/1669 635/1/1670 633/1/1669
f 633/1/1669 607/1/1671 609/1/1669
s 602
f 634/1/1672 608/1/1673 610/1/1672
f 610/1/1672 636/1/1674 634/1/1672
s 603
f 609/1/1675 549/1/1676 637/1/1675
f 637/1/1675 635/1/1677 609/1/1675
s 604
f 584/1/1678 638/1/1679 636/1/1678
f 636/1/1678 610/1/1679 584/1/1678
s 605
f 637/1/1680 549/1/1681 548/1/1680
f 548/1/1680 639/1/1681 637/1/1680
s 606
f 584/1/1682 583/1/1683 640/1/1682
f 640/1/1682 638/1/1684 584/1/1682
s 607
f 641/1/1685 639/1/1686 548/1/1687
f 548/1/1687 585/1/1688 641/1/1685
s 608
f 640/1/1689 583/1/1690 586/1/1689
f 586/1/1689 642/1/1691 640/1/1689
s 609
f 641/1/1692 585/1/1693 582/1/1692
f 582/1/1692 581/1/1692 641/1/1692
s 610
f 587/1/1694 616/1/1694 642/1/1694
f 642/1/1694 586/1/1695 587/1/1694
s 611
f 643/1/1696 644/1/1697 645/1/1696
f 645/1/1696 646/1/1698 643/1/1696
s 612
f 623/1/1699 647/1/1699 648/1/1700
f 648/1/1700 621/1/1701 623/1/1699
s 613
f 624/1/1702 649/1/1703 650/1/1703
f 650/1/1703 622/1/1703 624/1/1702
s 614
f 612/1/1704 611/1/1705 625/1/1706
f 625/1/1706 651/1/1707 612/1/1704
s 615
f 623/1/1708 626/1/1709 652/1/1709
f 652/1/1709 647/1/1708 623/1/1708
s 616
f 627/1/1710 653/1/1711 649/1/1712
f 649/1/1712 624/1/1711 627/1/1710
s 617
f 628/1/1713 646/1/1713 651/1/1714
f 651/1/1714 625/1/1713 628/1/1713
s 618
f 652/1/1715 626/1/1716 629/1/1716
f 629/1/1716 654/1/1716 652/1/1715
s 619
f 655/1/1717 653/1/1718 627/1/1718
f 627/1/1718 619/1/1718 655/1/1717
s 620
f 630/1/1719 643/1/1719 646/1/1719
f 646/1/1719 628/1/1719 630/1/1719
s 621
f 631/1/1720 656/1/1720 654/1/1721
f 654/1/1721 629/1/1720 631/1/1720
s 622
f 643/1/1722 630/1/1722 632/1/1723
f 632/1/1723 657/1/1722 643/1/1722
s 623
f 631/1/1724 633/1/1724 658/1/1724
f 658/1/1724 656/1/1724 631/1/1724
s 624
f 634/1/1725 659/1/1726 657/1/1727
f 657/1/1727 632/1/1726 634/1/1725
s 625
f 658/1/1728 633/1/1728 635/1/1728
f 635/1/1728 660/1/1728 658/1/1728
s 626
f 636/1/1729 661/1/1730 659/1/1730
f 659/1/1730 634/1/1730 636/1/1729
s 627
f 637/1/1731 662/1/1732 660/1/1733
f 660/1/1733 635/1/1732 637/1/1731
s 628
f 661/1/1734 636/1/1735 638/1/1735
f 638/1/1735 663/1/1735 661/1/1734
s 629
f 639/1/1736 664/1/1736 662/1/1736
f 662/1/1736 637/1/1736 639/1/1736
s 630
f 640/1/1737 665/1/1738 663/1/1739
f 663/1/1739 638/1/1737 640/1/1737
s 631
f 639/1/1740 641/1/1740 666/1/1740
f 666/1/1740 664/1/1740 639/1/1740
s 632
f 642/1/1741 667/1/1742 665/1/1743
f 665/1/1743 640/1/1744 642/1/1741
s 633
f 668/1/1745 666/1/1745 641/1/1746
f 641/1/1746 581/1/1745 668/1/1745
s 634
f 667/1/1747 642/1/1748 616/1/1748
f 616/1/1748 669/1/1748 667/1/1747
s 635
f 668/1/1749 581/1/1749 580/1/1750
f 580/1/1750 670/1/1750 668/1/1749
s 636
f 615/1/1751 671/1/1752 669/1/1753
f 669/1/1753 616/1/1751 615/1/1751
s 637
f 670/1/1754 580/1/1755 617/1/1754
f 617/1/1754 672/1/1756 670/1/1754
s 638
f 618/1/1757 673/1/1757 655/1/1758
f 655/1/1758 619/1/1758 618/1/1757
s 639
f 620/1/1759 674/1/1760 671/1/1760
f 671/1/1760 615/1/1759 620/1/1759
s 640
f 614/1/1761 613/1/1761 672/1/1762
f 672/1/1762 617/1/1762 614/1/1761
s 641
f 673/1/1763 618/1/1763 621/1/1763
f 621/1/1763 648/1/1763 673/1/1763
s 642
f 674/1/1764 620/1/1765 622/1/1764
f 622/1/1764 650/1/1764 674/1/1764
s 643
f 675/1/1766 676/1/1767 677/1/1766
f 677/1/1766 678/1/1768 675/1/1766
s 644
f 679/1/1769 654/1/1770 656/1/1770
f 656/1/1770 680/1/1771 679/1/1769
s 645
f 657/1/1772 681/1/1772 644/1/1773
f 644/1/1773 643/1/1772 657/1/1772
s 646
f 658/1/1774 682/1/1775 680/1/1776
f 680/1/1776 656/1/1777 658/1/1774
s 647
f 681/1/1778 657/1/1778 659/1/1778
f 659/1/1778 678/1/1779 681/1/1778
s 648
f 660/1/1780 683/1/1780 682/1/1781
f 682/1/1781 658/1/1782 660/1/1780
s 649
f 661/1/1783 675/1/1784 678/1/1784
f 678/1/1784 659/1/1784 661/1/1783
s 650
f 683/1/1785 660/1/1786 662/1/1787
f 662/1/1787 684/1/1788 683/1/1785
s 651
f 663/1/1789 685/1/1790 675/1/1791
f 675/1/1791 661/1/1792 663/1/1789
s 652
f 664/1/1793 686/1/1794 684/1/1793
f 684/1/1793 662/1/1795 664/1/1793
s 653
f 685/1/1796 663/1/1797 665/1/1796
f 665/1/1796 687/1/1796 685/1/1796
s 654
f 666/1/1798 688/1/1799 686/1/1800
f 686/1/1800 664/1/1801 666/1/1798
s 655
f 667/1/1802 689/1/1803 687/1/1804
f 687/1/1804 665/1/1805 667/1/1802
s 656
f 688/1/1806 666/1/1807 668/1/1806
f 668/1/1806 690/1/1808 688/1/1806
s 657
f 669/1/1809 691/1/1810 689/1/1811
f 689/1/1811 667/1/1811 669/1/1809
s 658
f 670/1/1812 692/1/1813 690/1/1814
f 690/1/1814 668/1/1815 670/1/1812
s 659
f 691/1/1816 669/1/1817 671/1/1817
f 671/1/1817 693/1/1818 691/1/1816
s 660
f 672/1/1819 694/1/1820 692/1/1821
f 692/1/1821 670/1/1819 672/1/1819
s 661
f 655/1/1822 673/1/1823 695/1/1822
f 695/1/1822 696/1/1823 655/1/1822
s 662
f 674/1/1824 697/1/1824 693/1/1824
f 693/1/1824 671/1/1824 674/1/1824
s 663
f 694/1/1825 672/1/1826 613/1/1827
f 613/1/1827 698/1/1825 694/1/1825
s 664
f 648/1/1828 699/1/1829 695/1/1830
f 695/1/1830 673/1/1830 648/1/1828
s 665
f 650/1/1831 700/1/1832 697/1/1833
f 697/1/1833 674/1/1834 650/1/1831
s 666
f 612/1/1835 701/1/1835 698/1/1835
f 698/1/1835 613/1/1835 612/1/1835
s 667
f 699/1/1836 648/1/1837 647/1/1838
f 647/1/1838 702/1/1836 699/1/1836
s 668
f 700/1/1839 650/1/1840 649/1/1841
f 649/1/1841 703/1/1839 700/1/1839
s 669
f 651/1/1842 704/1/1842 701/1/1843
f 701/1/1843 612/1/1844 651/1/1842
s 670
f 652/1/1845 705/1/1846 702/1/1847
f 702/1/1847 647/1/1848 652/1/1845
s 671
f 653/1/1849 706/1/1849 703/1/1850
f 703/1/1850 649/1/1849 653/1/1849
s 672
f 704/1/1851 651/1/1852 646/1/1851
f 646/1/1851 645/1/1853 704/1/1851
s 673
f 654/1/1854 679/1/1855 705/1/1856
f 705/1/1856 652/1/1855 654/1/1854
s 674
f 696/1/1857 706/1/1858 653/1/1858
f 653/1/1858 655/1/1857 696/1/1857
s 675
f 707/1/1859 708/1/1860 709/1/1861
f 709/1/1861 710/1/1862 707/1/1859
s 676
f 684/1/1863 711/1/1864 712/1/1864
f 712/1/1864 683/1/1863 684/1/1863
s 677
f 685/1/1865 713/1/1866 676/1/1865
f 676/1/1865 675/1/1865 685/1/1865
s 678
f 686/1/1867 714/1/1868 711/1/1867
f 711/1/1867 684/1/1869 686/1/1867
s 679
f 687/1/1870 710/1/1871 713/1/1870
f 713/1/1870 685/1/1870 687/1/1870
s 680
f 715/1/1872 714/1/1873 686/1/1873
f 686/1/1873 688/1/1873 715/1/1872
s 681
f 689/1/1874 707/1/1875 710/1/1874
f 710/1/1874 687/1/1874 689/1/1874
s 682
f 690/1/1876 716/1/1877 715/1/1878
f 715/1/1878 688/1/1879 690/1/1876
s 683
f 717/1/1880 707/1/1880 689/1/1880
f 689/1/1880 691/1/1881 717/1/1880
s 684
f 716/1/1882 690/1/1882 692/1/1883
f 692/1/1883 718/1/1884 716/1/1882
s 685
f 719/1/1885 717/1/1886 691/1/1887
f 691/1/1887 693/1/1886 719/1/1885
s 686
f 694/1/1888 720/1/1889 718/1/1890
f 718/1/1890 692/1/1890 694/1/1888
s 687
f 721/1/1891 696/1/1892 695/1/1891
f 695/1/1891 722/1/1893 721/1/1891
s 688
f 723/1/1894 719/1/1895 693/1/1894
f 693/1/1894 697/1/1896 723/1/1894
s 689
f 698/1/1897 724/1/1898 720/1/1897
f 720/1/1897 694/1/1897 698/1/1897
s 690
f 722/1/1899 695/1/1899 699/1/1899
f 699/1/1899 725/1/1900 722/1/1899
s 691
f 723/1/1901 697/1/1902 700/1/1901
f 700/1/1901 726/1/1903 723/1/1901
s 692
f 701/1/1904 727/1/1904 724/1/1905
f 724/1/1905 698/1/1906 701/1/1904
s 693
f 702/1/1907 728/1/1908 725/1/1907
f 725/1/1907 699/1/1909 702/1/1907
s 694
f 703/1/1910 729/1/1911 726/1/1911
f 726/1/1911 700/1/1912 703/1/1910
s 695
f 704/1/1913 730/1/1913 727/1/1914
f 727/1/1914 701/1/1913 704/1/1913
s 696
f 728/1/1915 702/1/1916 705/1/1917
f 705/1/1917 731/1/1918 728/1/1915
s 697
f 706/1/1919 732/1/1919 729/1/1920
f 729/1/1920 703/1/1920 706/1/1919
s 698
f 645/1/1921 733/1/1922 730/1/1921
f 730/1/1921 704/1/1921 645/1/1921
s 699
f 679/1/1923 734/1/1924 731/1/1923
f 731/1/1923 705/1/1925 679/1/1923
s 700
f 721/1/1926 732/1/1926 706/1/1926
f 706/1/1926 696/1/1926 721/1/1926
s 701
f 644/1/1927 735/1/1928 733/1/1927
f 733/1/1927 645/1/1927 644/1/1927
s 702
f 680/1/1929 736/1/1930 734/1/1929
f 734/1/1929 679/1/1931 680/1/1929
s 703
f 681/1/1932 737/1/1933 735/1/1932
f 735/1/1932 644/1/1932 681/1/1932
s 704
f 736/1/1934 680/1/1935 682/1/1935
f 682/1/1935 738/1/1935 736/1/1934
s 705
f 678/1/1936 677/1/1937 737/1/1938
f 737/1/1938 681/1/1939 678/1/1936
s 706
f 712/1/1940 738/1/1940 682/1/1940
f 682/1/1940 683/1/1941 712/1/1940
s 707
f 739/1/1942 740/1/1943 741/1/1942
f 741/1/1942 742/1/1944 739/1/1942
s 708
f 743/1/1945 744/1/1945 715/1/1945
f 715/1/1945 716/1/1945 743/1/1945
s 709
f 745/1/1946 708/1/1947 707/1/1948
f 707/1/1948 717/1/1947 745/1/1946
s 710
f 718/1/1949 746/1/1949 743/1/1949
f 743/1/1949 716/1/1949 718/1/1949
s 711
f 747/1/1950 745/1/1951 717/1/1952
f 717/1/1952 719/1/1951 747/1/1950
s 712
f 720/1/1953 748/1/1953 746/1/1953
f 746/1/1953 718/1/1953 720/1/1953
s 713
f 721/1/1954 722/1/1954 749/1/1954
f 749/1/1954 750/1/1954 721/1/1954
s 714
f 723/1/1955 751/1/1956 747/1/1957
f 747/1/1957 719/1/1956 723/1/1955
s 715
f 748/1/1958 720/1/1958 724/1/1958
f 724/1/1958 752/1/1958 748/1/1958
s 716
f 725/1/1959 753/1/1959 749/1/1959
f 749/1/1959 722/1/1959 725/1/1959
s 717
f 751/1/1960 723/1/1960 726/1/1960
f 726/1/1960 754/1/1960 751/1/1960
s 718
f 727/1/1961 755/1/1961 752/1/1961
f 752/1/1961 724/1/1961 727/1/1961
s 719
f 728/1/1962 756/1/1962 753/1/1962
f 753/1/1962 725/1/1962 728/1/1962
s 720
f 757/1/1963 754/1/1964 726/1/1964
f 726/1/1964 729/1/1965 757/1/1963
s 721
f 740/1/1966 755/1/1967 727/1/1967
f 727/1/1967 730/1/1968 740/1/1966
s 722
f 731/1/1969 758/1/1969 756/1/1970
f 756/1/1970 728/1/1969 731/1/1969
s 723
f 732/1/1971 759/1/1971 757/1/1972
f 757/1/1972 729/1/1972 732/1/1971
s 724
f 740/1/1973 730/1/1973 733/1/1974
f 733/1/1974 741/1/1973 740/1/1973
s 725
f 734/1/1975 760/1/1975 758/1/1976
f 758/1/1976 731/1/1975 734/1/1975
s 726
f 750/1/1977 759/1/1978 732/1/1978
f 732/1/1978 721/1/1977 750/1/1977
s 727
f 735/1/1979 761/1/1980 741/1/1981
f 741/1/1981 733/1/1981 735/1/1979
s 728
f 760/1/1982 734/1/1982 736/1/1982
f 736/1/1982 762/1/1982 760/1/1982
s 729
f 761/1/1983 735/1/1983 737/1/1984
f 737/1/1984 763/1/1985 761/1/1983
s 730
f 738/1/1986 764/1/1986 762/1/1986
f 762/1/1986 736/1/1986 738/1/1986
s 731
f 763/1/1987 737/1/1988 677/1/1989
f 677/1/1989 765/1/1990 763/1/1987
s 732
f 766/1/1991 764/1/1991 738/1/1991
f 738/1/1991 712/1/1992 766/1/1991
s 733
f 767/1/1993 765/1/1994 677/1/1995
f 677/1/1995 676/1/1996 767/1/1993
s 734
f 768/1/1997 766/1/1998 712/1/1999
f 712/1/1999 711/1/2000 768/1/1997
s 735
f 713/1/2001 769/1/2001 767/1/2002
f 767/1/2002 676/1/2003 713/1/2001
s 736
f 714/1/2004 770/1/2004 768/1/2004
f 768/1/2004 711/1/2004 714/1/2004
s 737
f 769/1/2005 713/1/2006 710/1/2007
f 710/1/2007 709/1/2008 769/1/2005
s 738
f 714/1/2009 715/1/2009 744/1/2010
f 744/1/2010 770/1/2009 714/1/2009
s 739
f 771/1/2011 772/1/2012 773/1/2013
f 773/1/2013 774/1/2014 771/1/2011
s 740
f 760/1/2015 775/1/2016 776/1/2016
f 776/1/2016 758/1/2017 760/1/2015
s 741
f 759/1/2018 750/1/2019 777/1/2018
f 777/1/2018 778/1/2020 759/1/2018
s 742
f 779/1/2021 742/1/2022 741/1/2023
f 741/1/2023 761/1/2021 779/1/2021
s 743
f 760/1/2024 762/1/2025 780/1/2024
f 780/1/2024 775/1/2025 760/1/2024
s 744
f 763/1/2026 772/1/2026 779/1/2026
f 779/1/2026 761/1/2027 763/1/2026
s 745
f 781/1/2028 780/1/2028 762/1/2028
f 762/1/2028 764/1/2029 781/1/2028
s 746
f 765/1/2030 773/1/2030 772/1/2030
f 772/1/2030 763/1/2031 765/1/2030
s 747
f 766/1/2032 782/1/2033 781/1/2034
f 781/1/2034 764/1/2035 766/1/2032
s 748
f 773/1/2036 765/1/2037 767/1/2038
f 767/1/2038 783/1/2039 773/1/2036
s 749
f 768/1/2040 784/1/2041 782/1/2042
f 782/1/2042 766/1/2043 768/1/2040
s 750
f 769/1/2044 785/1/2045 783/1/2046
f 783/1/2046 767/1/2047 769/1/2044
s 751
f 768/1/2048 770/1/2049 786/1/2049
f 786/1/2049 784/1/2050 768/1/2048
s 752
f 769/1/2051 709/1/2051 787/1/2052
f 787/1/2052 785/1/2053 769/1/2051
s 753
f 744/1/2054 788/1/2054 786/1/2054
f 786/1/2054 770/1/2054 744/1/2054
s 754
f 789/1/2055 787/1/2056 709/1/2057
f 709/1/2057 708/1/2056 789/1/2055
s 755
f 790/1/2058 788/1/2059 744/1/2060
f 744/1/2060 743/1/2061 790/1/2058
s 756
f 789/1/2062 708/1/2063 745/1/2064
f 745/1/2064 791/1/2063 789/1/2062
s 757
f 792/1/2065 790/1/2065 743/1/2065
f 743/1/2065 746/1/2066 792/1/2065
s 758
f 747/1/2067 793/1/2068 791/1/2069
f 791/1/2069 745/1/2070 747/1/2067
s 759
f 746/1/2071 748/1/2071 794/1/2071
f 794/1/2071 792/1/2071 746/1/2071
s 760
f 795/1/2072 777/1/2072 750/1/2073
f 750/1/2073 749/1/2074 795/1/2072
s 761
f 747/1/2075 751/1/2076 796/1/2077
f 796/1/2077 793/1/2075 747/1/2075
s 762
f 794/1/2078 748/1/2079 752/1/2080
f 752/1/2080 797/1/2081 794/1/2078
s 763
f 795/1/2082 749/1/2083 753/1/2082
f 753/1/2082 798/1/2084 795/1/2082
s 764
f 754/1/2085 799/1/2086 796/1/2087
f 796/1/2087 751/1/2087 754/1/2085
s 765
f 752/1/2088 755/1/2089 800/1/2090
f 800/1/2090 797/1/2091 752/1/2088
s 766
f 753/1/2092 756/1/2093 801/1/2092
f 801/1/2092 798/1/2092 753/1/2092
s 767
f 802/1/2094 799/1/2095 754/1/2095
f 754/1/2095 757/1/2096 802/1/2094
s 768
f 740/1/2097 739/1/2098 800/1/2097
f 800/1/2097 755/1/2097 740/1/2097
s 769
f 776/1/2099 801/1/2100 756/1/2101
f 756/1/2101 758/1/2102 776/1/2099
s 770
f 778/1/2103 802/1/2104 757/1/2105
f 757/1/2105 759/1/2106 778/1/2103
s 771
f 803/1/2107 804/1/2108 805/1/2107
f 805/1/2107 806/1/2109 803/1/2107
s 772
f 807/1/2110 781/1/2111 782/1/2112
f 782/1/2112 808/1/2113 807/1/2110
s 773
f 773/1/2114 783/1/2115 809/1/2114
f 809/1/2114 774/1/2116 773/1/2114
s 774
f 810/1/2117 808/1/2118 782/1/2119
f 782/1/2119 784/1/2120 810/1/2117
s 775
f 804/1/2121 809/1/2122 783/1/2123
f 783/1/2123 785/1/2121 804/1/2121
s 776
f 784/1/2124 786/1/2125 811/1/2125
f 811/1/2125 810/1/2126 784/1/2124
s 777
f 787/1/2127 805/1/2128 804/1/2129
f 804/1/2129 785/1/2130 787/1/2127
s 778
f 812/1/2131 811/1/2132 786/1/2133
f 786/1/2133 788/1/2134 812/1/2131
s 779
f 789/1/2135 813/1/2136 805/1/2135
f 805/1/2135 787/1/2137 789/1/2135
s 780
f 790/1/2138 814/1/2139 812/1/2138
f 812/1/2138 788/1/2140 790/1/2138
s 781
f 813/1/2141 789/1/2142 791/1/2143
f 791/1/2143 815/1/2144 813/1/2141
s 782
f 792/1/2145 816/1/2145 814/1/2146
f 814/1/2146 790/1/2147 792/1/2145
s 783
f 815/1/2148 791/1/2149 793/1/2150
f 793/1/2150 817/1/2151 815/1/2148
s 784
f 816/1/2152 792/1/2153 794/1/2154
f 794/1/2154 818/1/2152 816/1/2152
s 785
f 819/1/2155 820/1/2156 777/1/2156
f 777/1/2156 795/1/2156 819/1/2155
s 786
f 793/1/2157 796/1/2158 821/1/2159
f 821/1/2159 817/1/2160 793/1/2157
s 787
f 822/1/2161 818/1/2162 794/1/2163
f 794/1/2163 797/1/2164 822/1/2161
s 788
f 823/1/2165 819/1/2166 795/1/2167
f 795/1/2167 798/1/2168 823/1/2165
s 789
f 824/1/2169 821/1/2169 796/1/2169
f 796/1/2169 799/1/2169 824/1/2169
s 790
f 797/1/2170 800/1/2171 825/1/2172
f 825/1/2172 822/1/2170 797/1/2170
s 791
f 801/1/2173 826/1/2174 823/1/2175
f 823/1/2175 798/1/2175 801/1/2173
s 792
f 802/1/2176 827/1/2177 824/1/2177
f 824/1/2177 799/1/2178 802/1/2176
s 793
f 828/1/2179 825/1/2180 800/1/2179
f 800/1/2179 739/1/2181 828/1/2179
s 794
f 826/1/2182 801/1/2183 776/1/2184
f 776/1/2184 829/1/2185 826/1/2182
s 795
f 778/1/2186 830/1/2187 827/1/2186
f 827/1/2186 802/1/2186 778/1/2186
s 796
f 742/1/2188 831/1/2189 828/1/2190
f 828/1/2190 739/1/2190 742/1/2188
s 797
f 832/1/2191 829/1/2192 776/1/2191
f 776/1/2191 775/1/2193 832/1/2191
s 798
f 830/1/2194 778/1/2194 777/1/2195
f 777/1/2195 820/1/2194 830/1/2194
s 799
f 779/1/2196 833/1/2197 831/1/2196
f 831/1/2196 742/1/2196 779/1/2196
s 800
f 780/1/2198 834/1/2199 832/1/2199
f 832/1/2199 775/1/2200 780/1/2198
s 801
f 833/1/2201 779/1/2201 772/1/2201
f 772/1/2201 771/1/2201 833/1/2201
s 802
f 781/1/2202 807/1/2203 834/1/2202
f 834/1/2202 780/1/2204 781/1/2202
s 803
f 835/1/2205 836/1/2206 837/1/2206
f 835/1/2205 837/1/2206 838/1/2207
f 838/1/2207 839/1/2206 840/1/2206
f 838/1/2207 840/1/2206 841/1/2208
f 835/1/2205 838/1/2207 841/1/2208
f 841/1/2208 842/1/2209 843/1/2210
f 841/1/2208 843/1/2210 844/1/2211
f 845/1/2209 846/1/2206 847/1/2212
f 844/1/2211 845/1/2209 847/1/2212
f 841/1/2208 844/1/2211 847/1/2212
f 835/1/2205 841/1/2208 847/1/2212
f 847/1/2212 848/1/2206 849/1/2206
f 847/1/2212 849/1/2206 850/1/2213
f 851/1/2214 852/1/2215 853/1/2216
f 850/1/2213 851/1/2214 853/1/2216
f 847/1/2212 850/1/2213 853/1/2216
f 835/1/2205 847/1/2212 853/1/2216
f 853/1/2216 854/1/2217 855/1/2206
f 853/1/2216 855/1/2206 856/1/2218
f 853/1/2216 856/1/2218 803/1/2219
f 835/1/2205 853/1/2216 803/1/2219
f 857/1/2206 858/1/2206 859/1/2206
f 806/1/2206 857/1/2206 859/1/2206
f 803/1/2219 806/1/2206 859/1/2206
f 803/1/2219 859/1/2206 860/1/2220
f 835/1/2205 803/1/2219 860/1/2220
f 860/1/2220 861/1/2206 862/1/2209
f 860/1/2220 862/1/2209 863/1/2221
f 860/1/2220 863/1/2221 864/1/2206
f 835/1/2205 860/1/2220 864/1/2206
s 804
f 812/1/2222 845/1/2222 844/1/2222
f 844/1/2222 811/1/2222 812/1/2222
s 805
f 857/1/2223 806/1/2224 805/1/2224
f 805/1/2224 813/1/2225 857/1/2223
s 806
f 845/1/2226 812/1/2226 814/1/2226
f 814/1/2226 846/1/2226 845/1/2226
s 807
f 813/1/2227 815/1/2227 858/1/2227
f 858/1/2227 857/1/2227 813/1/2227
s 808
f 847/1/2228 846/1/2228 814/1/2228
f 814/1/2228 816/1/2228 847/1/2228
s 809
f 859/1/2229 858/1/2230 815/1/2231
f 815/1/2231 817/1/2230 859/1/2229
s 810
f 816/1/2232 818/1/2233 848/1/2232
f 848/1/2232 847/1/2232 816/1/2232
s 811
f 835/1/2234 864/1/2234 820/1/2234
f 820/1/2234 819/1/2234 835/1/2234
s 812
f 821/1/2235 860/1/2235 859/1/2235
f 859/1/2235 817/1/2235 821/1/2235
s 813
f 849/1/2236 848/1/2236 818/1/2236
f 818/1/2236 822/1/2236 849/1/2236
s 814
f 819/1/2237 823/1/2237 836/1/2237
f 836/1/2237 835/1/2237 819/1/2237
s 815
f 824/1/2238 861/1/2238 860/1/2238
f 860/1/2238 821/1/2238 824/1/2238
s 816
f 825/1/2239 850/1/2239 849/1/2240
f 849/1/2240 822/1/2239 825/1/2239
s 817
f 837/1/2241 836/1/2242 823/1/2241
f 823/1/2241 826/1/2241 837/1/2241
s 818
f 861/1/2243 824/1/2243 827/1/2243
f 827/1/2243 862/1/2243 861/1/2243
s 819
f 828/1/2244 851/1/2245 850/1/2244
f 850/1/2244 825/1/2244 828/1/2244
s 820
f 829/1/2246 838/1/2246 837/1/2246
f 837/1/2246 826/1/2246 829/1/2246
s 821
f 863/1/2247 862/1/2248 827/1/2247
f 827/1/2247 830/1/2248 863/1/2247
s 822
f 851/1/2249 828/1/2249 831/1/2250
f 831/1/2250 852/1/2250 851/1/2249
s 823
f 832/1/2251 839/1/2251 838/1/2251
f 838/1/2251 829/1/2251 832/1/2251
s 824
f 820/1/2252 864/1/2252 863/1/2252
f 863/1/2252 830/1/2252 820/1/2252
s 825
f 853/1/2253 852/1/2254 831/1/2254
f 831/1/2254 833/1/2254 853/1/2253
s 826
f 839/1/2255 832/1/2255 834/1/2256
f 834/1/2256 840/1/2255 839/1/2255
s 827
f 833/1/2257 771/1/2258 854/1/2258
f 854/1/2258 853/1/2258 833/1/2257
s 828
f 841/1/2259 840/1/2260 834/1/2259
f 834/1/2259 807/1/2259 841/1/2259
s 829
f 855/1/2261 854/1/2262 771/1/2263
f 771/1/2263 774/1/2262 855/1/2261
s 830
f 807/1/2264 808/1/2264 842/1/2264
f 842/1/2264 841/1/2264 807/1/2264
s 831
f 809/1/2265 856/1/2266 855/1/2266
f 855/1/2266 774/1/2266 809/1/2265
s 832
f 843/1/2267 842/1/2268 808/1/2268
f 808/1/2268 810/1/2268 843/1/2267
s 833
f 804/1/2269 803/1/2269 856/1/2269
f 856/1/2269 809/1/2269 804/1/2269
s 834
f 811/1/2270 844/1/2271 843/1/2270
f 843/1/2270 810/1/2270 811/1/2270
s 835
f 865/1/2272 866/1/2272 867/1/2272
f 867/1/2272 868/1/2272 869/1/2272
f 865/1/2272 867/1/2272 869/1/2272
f 869/1/2272 870/1/2272 871/1/2272
f 871/1/2272 872/1/2272 873/1/2272
f 869/1/2272 871/1/2272 873/1/2272
f 865/1/2272 869/1/2272 873/1/2272
f 873/1/2272 874/1/2272 875/1/2272
f 875/1/2272 876/1/2272 877/1/2272
f 873/1/2272 875/1/2272 877/1/2272
f 877/1/2272 878/1/2272 879/1/2272
f 879/1/2272 880/1/2272 881/1/2272
f 877/1/2272 879/1/2272 881/1/2272
f 873/1/2272 877/1/2272 881/1/2272
f 881/1/2272 882/1/2272 883/1/2272
f 883/1/2272 884/1/2272 885/1/2272
f 881/1/2272 883/1/2272 885/1/2272
f 885/1/2272 886/1/2272 887/1/2272
f 887/1/2272 888/1/2272 889/1/2272
f 885/1/2272 887/1/2272 889/1/2272
f 881/1/2272 885/1/2272 889/1/2272
f 873/1/2272 881/1/2272 889/1/2272
f 865/1/2272 873/1/2272 889/1/2272
f 890/1/2272 891/1/2272 892/1/2272
f 889/1/2272 890/1/2272 892/1/2272
f 889/1/2272 892/1/2272 893/1/2272
f 865/1/2272 889/1/2272 893/1/2272
f 894/1/2272 865/1/2272 893/1/2272
f 894/1/2272 893/1/2272 895/1/2272
f 894/1/2272 895/1/2272 896/1/2272
s 836
f 897/1/2273 898/1/2273 899/1/2273
f 899/1/2273 900/1/2273 897/1/2273
s 837
f 901/1/2274 889/1/2275 888/1/2274
f 888/1/2274 902/1/2276 901/1/2274
s 838
f 874/1/2277 903/1/2278 904/1/2277
f 904/1/2277 875/1/2279 874/1/2277
s 839
f 888/1/2280 887/1/2280 905/1/2281
f 905/1/2281 902/1/2282 888/1/2280
s 840
f 873/1/2283 906/1/2284 903/1/2283
f 903/1/2283 874/1/2285 873/1/2283
s 841
f 886/1/2286 907/1/2287 905/1/2288
f 905/1/2288 887/1/2289 886/1/2286
s 842
f 872/1/2290 908/1/2291 906/1/2292
f 906/1/2292 873/1/2293 872/1/2290
s 843
f 885/1/2294 909/1/2295 907/1/2296
f 907/1/2296 886/1/2297 885/1/2294
s 844
f 871/1/2298 910/1/2298 908/1/2298
f 908/1/2298 872/1/2299 871/1/2298
s 845
f 884/1/2300 911/1/2300 909/1/2301
f 909/1/2301 885/1/2301 884/1/2300
s 846
f 870/1/2302 912/1/2303 910/1/2302
f 910/1/2302 871/1/2304 870/1/2302
s 847
f 883/1/2305 913/1/2306 911/1/2307
f 911/1/2307 884/1/2308 883/1/2305
s 848
f 914/1/2309 865/1/2310 894/1/2309
f 894/1/2309 915/1/2310 914/1/2309
s 849
f 869/1/2311 916/1/2311 912/1/2312
f 912/1/2312 870/1/2312 869/1/2311
s 850
f 882/1/2313 917/1/2314 913/1/2313
f 913/1/2313 883/1/2315 882/1/2313
s 851
f 915/1/2316 894/1/2317 896/1/2316
f 896/1/2316 918/1/2318 915/1/2316
s 852
f 868/1/2319 919/1/2320 916/1/2320
f 916/1/2320 869/1/2321 868/1/2319
s 853
f 881/1/2322 920/1/2323 917/1/2322
f 917/1/2322 882/1/2323 881/1/2322
s 854
f 918/1/2324 896/1/2325 895/1/2326
f 895/1/2326 900/1/2327 918/1/2324
s 855
f 867/1/2328 921/1/2329 919/1/2330
f 919/1/2330 868/1/2331 867/1/2328
s 856
f 880/1/2332 922/1/2333 920/1/2332
f 920/1/2332 881/1/2332 880/1/2332
s 857
f 895/1/2334 893/1/2335 897/1/2335
f 897/1/2335 900/1/2336 895/1/2334
s 858
f 866/1/2337 923/1/2338 921/1/2338
f 921/1/2338 867/1/2339 866/1/2337
s 859
f 879/1/2340 924/1/2340 922/1/2341
f 922/1/2341 880/1/2342 879/1/2340
s 860
f 892/1/2343 925/1/2344 897/1/2345
f 897/1/2345 893/1/2343 892/1/2343
s 861
f 866/1/2346 865/1/2347 914/1/2347
f 914/1/2347 923/1/2348 866/1/2346
s 862
f 878/1/2349 926/1/2350 924/1/2351
f 924/1/2351 879/1/2352 878/1/2349
s 863
f 927/1/2353 925/1/2354 892/1/2355
f 892/1/2355 891/1/2356 927/1/2353
s 864
f 877/1/2357 928/1/2358 926/1/2359
f 926/1/2359 878/1/2360 877/1/2357
s 865
f 890/1/2361 929/1/2362 927/1/2363
f 927/1/2363 891/1/2361 890/1/2361
s 866
f 876/1/2364 930/1/2365 928/1/2364
f 928/1/2364 877/1/2366 876/1/2364
s 867
f 901/1/2367 929/1/2368 890/1/2369
f 890/1/2369 889/1/2370 901/1/2367
s 868
f 875/1/2371 904/1/2372 930/1/2371
f 930/1/2371 876/1/2373 875/1/2371
s 869
f 931/1/2374 932/1/2374 899/1/2374
f 899/1/2374 898/1/2374 933/1/2374
f 931/1/2374 899/1/2374 933/1/2374
f 933/1/2374 934/1/2374 935/1/2374
f 933/1/2374 935/1/2374 936/1/2374
f 931/1/2374 933/1/2374 936/1/2374
f 931/1/2374 936/1/2374 937/1/2374
f 937/1/2374 938/1/2374 939/1/2374
f 939/1/2374 940/1/2374 941/1/2374
f 937/1/2374 939/1/2374 941/1/2374
f 941/1/2374 942/1/2374 943/1/2374
f 943/1/2374 944/1/2374 945/1/2374
f 941/1/2374 943/1/2374 945/1/2374
f 937/1/2374 941/1/2374 945/1/2374
f 945/1/2374 946/1/2374 947/1/2374
f 947/1/2374 948/1/2374 949/1/2374
f 945/1/2374 947/1/2374 949/1/2374
f 949/1/2374 950/1/2374 951/1/2374
f 951/1/2374 952/1/2374 953/1/2374
f 949/1/2374 951/1/2374 953/1/2374
f 945/1/2374 949/1/2374 953/1/2374
f 937/1/2374 945/1/2374 953/1/2374
f 953/1/2374 954/1/2374 955/1/2374
f 955/1/2374 956/1/2374 957/1/2374
f 953/1/2374 955/1/2374 957/1/2374
f 957/1/2374 958/1/2374 959/1/2374
f 957/1/2374 959/1/2374 960/1/2374
f 953/1/2374 957/1/2374 960/1/2374
f 937/1/2374 953/1/2374 960/1/2374
f 931/1/2374 937/1/2374 960/1/2374
s 870
f 923/1/2375 959/1/2375 958/1/2376
f 958/1/2376 921/1/2377 923/1/2375
s 871
f 924/1/2378 946/1/2379 945/1/2380
f 945/1/2380 922/1/2380 924/1/2378
s 872
f 925/1/2381 933/1/2381 898/1/2381
f 898/1/2381 897/1/2381 925/1/2381
s 873
f 923/1/2382 914/1/2382 960/1/2382
f 960/1/2382 959/1/2382 923/1/2382
s 874
f 926/1/2383 947/1/2383 946/1/2383
f 946/1/2383 924/1/2383 926/1/2383
s 875
f 927/1/2384 934/1/2384 933/1/2384
f 933/1/2384 925/1/2384 927/1/2384
s 876
f 928/1/2385 948/1/2385 947/1/2385
f 947/1/2385 926/1/2385 928/1/2385
s 877
f 929/1/2386 935/1/2387 934/1/2386
f 934/1/2386 927/1/2387 929/1/2386
s 878
f 930/1/2388 949/1/2389 948/1/2388
f 948/1/2388 928/1/2388 930/1/2388
s 879
f 901/1/2390 936/1/2391 935/1/2391
f 935/1/2391 929/1/2392 901/1/2390
s 880
f 904/1/2393 950/1/2393 949/1/2393
f 949/1/2393 930/1/2393 904/1/2393
s 881
f 902/1/2394 937/1/2395 936/1/2394
f 936/1/2394 901/1/2396 902/1/2394
s 882
f 903/1/2397 951/1/2397 950/1/2397
f 950/1/2397 904/1/2398 903/1/2397
s 883
f 905/1/2399 938/1/2400 937/1/2399
f 937/1/2399 902/1/2400 905/1/2399
s 884
f 906/1/2401 952/1/2401 951/1/2401
f 951/1/2401 903/1/2402 906/1/2401
s 885
f 907/1/2403 939/1/2403 938/1/2403
f 938/1/2403 905/1/2403 907/1/2403
s 886
f 908/1/2404 953/1/2404 952/1/2404
f 952/1/2404 906/1/2405 908/1/2404
s 887
f 909/1/2406 940/1/2406 939/1/2406
f 939/1/2406 907/1/2407 909/1/2406
s 888
f 910/1/2408 954/1/2408 953/1/2408
f 953/1/2408 908/1/2409 910/1/2408
s 889
f 911/1/2410 941/1/2410 940/1/2410
f 940/1/2410 909/1/2410 911/1/2410
s 890
f 912/1/2411 955/1/2411 954/1/2411
f 954/1/2411 910/1/2411 912/1/2411
s 891
f 913/1/2412 942/1/2412 941/1/2412
f 941/1/2412 911/1/2412 913/1/2412
s 892
f 915/1/2413 931/1/2413 960/1/2413
f 960/1/2413 914/1/2413 915/1/2413
s 893
f 916/1/2414 956/1/2414 955/1/2414
f 955/1/2414 912/1/2414 916/1/2414
s 894
f 917/1/2415 943/1/2416 942/1/2416
f 942/1/2416 913/1/2416 917/1/2415
s 895
f 918/1/2417 932/1/2418 931/1/2418
f 931/1/2418 915/1/2417 918/1/2417
s 896
f 919/1/2419 957/1/2419 956/1/2419
f 956/1/2419 916/1/2419 919/1/2419
s 897
f 920/1/2420 944/1/2420 943/1/2420
f 943/1/2420 917/1/2420 920/1/2420
s 898
f 900/1/2421 899/1/2422 932/1/2421
f 932/1/2421 918/1/2423 900/1/2421
s 899
f 921/1/2424 958/1/2425 957/1/2424
f 957/1/2424 919/1/2425 921/1/2424
s 900
f 922/1/2426 945/1/2426 944/1/2426
f 944/1/2426 920/1/2426 922/1/2426
s 901
f 961/1/2272 962/1/2272 963/1/2272
f 963/1/2272 964/1/2272 965/1/2272
f 961/1/2272 963/1/2272 965/1/2272
f 965/1/2272 966/1/2272 967/1/2272
f 967/1/2272 968/1/2272 969/1/2272
f 965/1/2272 967/1/2272 969/1/2272
f 961/1/2272 965/1/2272 969/1/2272
f 969/1/2272 970/1/2272 971/1/2272
f 971/1/2272 972/1/2272 973/1/2272
f 969/1/2272 971/1/2272 973/1/2272
f 973/1/2272 974/1/2272 975/1/2272
f 975/1/2272 976/1/2272 977/1/2272
f 973/1/2272 975/1/2272 977/1/2272
f 969/1/2272 973/1/2272 977/1/2272
f 977/1/2272 978/1/2272 979/1/2272
f 979/1/2272 980/1/2272 981/1/2272
f 977/1/2272 979/1/2272 981/1/2272
f 981/1/2272 982/1/2272 983/1/2272
f 983/1/2272 984/1/2272 985/1/2272
f 981/1/2272 983/1/2272 985/1/2272
f 977/1/2272 981/1/2272 985/1/2272
f 969/1/2272 977/1/2272 985/1/2272
f 961/1/2272 969/1/2272 985/1/2272
f 986/1/2272 987/1/2272 988/1/2272
f 985/1/2272 986/1/2272 988/1/2272
f 985/1/2272 988/1/2272 989/1/2272
f 961/1/2272 985/1/2272 989/1/2272
f 990/1/2272 961/1/2272 989/1/2272
f 990/1/2272 989/1/2272 991/1/2272
f 990/1/2272 991/1/2272 992/1/2272
s 902
f 993/1/2374 994/1/2374 995/1/2374
f 995/1/2374 996/1/2374 997/1/2374
f 993/1/2374 995/1/2374 997/1/2374
f 997/1/2374 998/1/2374 999/1/2374
f 999/1/2374 1000/1/2374 1001/1/2374
f 997/1/2374 999/1/2374 1001/1/2374
f 993/1/2374 997/1/2374 1001/1/2374
f 1001/1/2374 1002/1/2374 1003/1/2374
f 1003/1/2374 1004/1/2374 1005/1/2374
f 1001/1/2374 1003/1/2374 1005/1/2374
f 1005/1/2374 1006/1/2374 1007/1/2374
f 1007/1/2374 1008/1/2374 1009/1/2374
f 1005/1/2374 1007/1/2374 1009/1/2374
f 1001/1/2374 1005/1/2374 1009/1/2374
f 993/1/2374 1001/1/2374 1009/1/2374
f 1009/1/2374 1010/1/2374 1011/1/2374
f 1011/1/2374 1012/1/2374 1013/1/2374
f 1009/1/2374 1011/1/2374 1013/1/2374
f 1013/1/2374 1014/1/2374 1015/1/2374
f 1015/1/2374 1016/1/2374 1017/1/2374
f 1013/1/2374 1015/1/2374 1017/1/2374
f 1009/1/2374 1013/1/2374 1017/1/2374
f 1017/1/2374 1018/1/2374 1019/1/2374
f 1019/1/2374 1020/1/2374 1021/1/2374
f 1017/1/2374 1019/1/2374 1021/1/2374
f 1021/1/2374 1022/1/2374 1023/1/2374
f 1021/1/2374 1023/1/2374 1024/1/2374
f 1017/1/2374 1021/1/2374 1024/1/2374
f 1009/1/2374 1017/1/2374 1024/1/2374
f 993/1/2374 1009/1/2374 1024/1/2374
s 903
f 986/1/2427 999/1/2428 998/1/2429
f 998/1/2429 987/1/2430 986/1/2427
s 904
f 972/1/2431 1013/1/2432 1012/1/2432
f 1012/1/2432 973/1/2433 972/1/2431
s 905
f 1000/1/2434 999/1/2434 986/1/2434
f 986/1/2434 985/1/2435 1000/1/2434
s 906
f 971/1/2436 1014/1/2437 1013/1/2438
f 1013/1/2438 972/1/2439 971/1/2436
s 907
f 1000/1/2440 985/1/2441 984/1/2441
f 984/1/2441 1001/1/2442 1000/1/2440
s 908
f 970/1/2443 1015/1/2444 1014/1/2445
f 1014/1/2445 971/1/2446 970/1/2443
s 909
f 984/1/2447 983/1/2448 1002/1/2449
f 1002/1/2449 1001/1/2450 984/1/2447
s 910
f 969/1/2451 1016/1/2452 1015/1/2453
f 1015/1/2453 970/1/2453 969/1/2451
s 911
f 982/1/2454 1003/1/2455 1002/1/2456
f 1002/1/2456 983/1/2457 982/1/2454
s 912
f 968/1/2458 1017/1/2459 1016/1/2460
f 1016/1/2460 969/1/2460 968/1/2458
s 913
f 981/1/2461 1004/1/2462 1003/1/2463
f 1003/1/2463 982/1/2464 981/1/2461
s 914
f 967/1/2465 1018/1/2466 1017/1/2467
f 1017/1/2467 968/1/2466 967/1/2465
s 915
f 980/1/2468 1005/1/2469 1004/1/2470
f 1004/1/2470 981/1/2471 980/1/2468
s 916
f 966/1/2472 1019/1/2473 1018/1/2474
f 1018/1/2474 967/1/2475 966/1/2472
s 917
f 979/1/2476 1006/1/2477 1005/1/2478
f 1005/1/2478 980/1/2479 979/1/2476
s 918
f 1024/1/2480 961/1/2481 990/1/2482
f 990/1/2482 993/1/2483 1024/1/2480
s 919
f 965/1/2484 1020/1/2485 1019/1/2486
f 1019/1/2486 966/1/2487 965/1/2484
s 920
f 978/1/2488 1007/1/2489 1006/1/2490
f 1006/1/2490 979/1/2491 978/1/2488
s 921
f 993/1/2492 990/1/2493 992/1/2494
f 992/1/2494 994/1/2495 993/1/2492
s 922
f 964/1/2496 1021/1/2497 1020/1/2498
f 1020/1/2498 965/1/2499 964/1/2496
s 923
f 977/1/2500 1008/1/2501 1007/1/2502
f 1007/1/2502 978/1/2501 977/1/2500
s 924
f 994/1/2503 992/1/2503 991/1/2503
f 991/1/2503 995/1/2503 994/1/2503
s 925
f 963/1/2504 1022/1/2505 1021/1/2506
f 1021/1/2506 964/1/2507 963/1/2504
s 926
f 976/1/2508 1009/1/2509 1008/1/2510
f 1008/1/2510 977/1/2510 976/1/2508
s 927
f 991/1/2511 989/1/2511 996/1/2512
f 996/1/2512 995/1/2513 991/1/2511
s 928
f 962/1/2514 1023/1/2515 1022/1/2516
f 1022/1/2516 963/1/2517 962/1/2514
s 929
f 975/1/2518 1010/1/2519 1009/1/2520
f 1009/1/2520 976/1/2521 975/1/2518
s 930
f 988/1/2522 997/1/2523 996/1/2524
f 996/1/2524 989/1/2525 988/1/2522
s 931
f 962/1/2526 961/1/2527 1024/1/2528
f 1024/1/2528 1023/1/2529 962/1/2526
s 932
f 974/1/2530 1011/1/2531 1010/1/2532
f 1010/1/2532 975/1/2533 974/1/2530
s 933
f 998/1/2534 997/1/2535 988/1/2535
f 988/1/2535 987/1/2535 998/1/2534
s 934
f 973/1/2536 1012/1/2537 1011/1/2536
f 1011/1/2536 974/1/2537 973/1/2536
s 935
f 1025/1/2272 1026/1/2272 1027/1/2272
f 1027/1/2272 1028/1/2272 1029/1/2272
f 1025/1/2272 1027/1/2272 1029/1/2272
f 1029/1/2272 1030/1/2272 1031/1/2272
f 1031/1/2272 1032/1/2272 1033/1/2272
f 1029/1/2272 1031/1/2272 1033/1/2272
f 1025/1/2272 1029/1/2272 1033/1/2272
f 1033/1/2272 1034/1/2272 1035/1/2272
f 1035/1/2272 1036/1/2272 1037/1/2272
f 1033/1/2272 1035/1/2272 1037/1/2272
f 1037/1/2272 1038/1/2272 1039/1/2272
f 1039/1/2272 1040/1/2272 1041/1/2272
f 1037/1/2272 1039/1/2272 1041/1/2272
f 1033/1/2272 1037/1/2272 1041/1/2272
f 1041/1/2272 1042/1/2272 1043/1/2272
f 1043/1/2272 1044/1/2272 1045/1/2272
f 1041/1/2272 1043/1/2272 1045/1/2272
f 1045/1/2272 1046/1/2272 1047/1/2272
f 1047/1/2272 1048/1/2272 1049/1/2272
f 1045/1/2272 1047/1/2272 1049/1/2272
f 1041/1/2272 1045/1/2272 1049/1/2272
f 1033/1/2272 1041/1/2272 1049/1/2272
f 1025/1/2272 1033/1/2272 1049/1/2272
f 1050/1/2272 1051/1/2272 1052/1/2272
f 1049/1/2272 1050/1/2272 1052/1/2272
f 1049/1/2272 1052/1/2272 1053/1/2272
f 1025/1/2272 1049/1/2272 1053/1/2272
f 1054/1/2272 1025/1/2272 1053/1/2272
f 1054/1/2272 1053/1/2272 1055/1/2272
f 1054/1/2272 1055/1/2272 1056/1/2272
s 936
f 1057/1/2538 1058/1/2538 1059/1/2538
f 1059/1/2538 1060/1/2539 1057/1/2538
s 937
f 1027/1/2540 1061/1/2541 1062/1/2542
f 1062/1/2542 1028/1/2543 1027/1/2540
s 938
f 1040/1/2544 1063/1/2545 1064/1/2544
f 1064/1/2544 1041/1/2546 1040/1/2544
s 939
f 1055/1/2547 1053/1/2548 1065/1/2549
f 1065/1/2549 1066/1/2550 1055/1/2547
s 940
f 1026/1/2551 1067/1/2551 1061/1/2551
f 1061/1/2551 1027/1/2552 1026/1/2551
s 941
f 1039/1/2553 1068/1/2554 1063/1/2554
f 1063/1/2554 1040/1/2555 1039/1/2553
s 942
f 1052/1/2556 1069/1/2556 1065/1/2556
f 1065/1/2556 1053/1/2557 1052/1/2556
s 943
f 1026/1/2558 1025/1/2558 1070/1/2559
f 1070/1/2559 1067/1/2560 1026/1/2558
s 944
f 1038/1/2561 1071/1/2562 1068/1/2561
f 1068/1/2561 1039/1/2563 1038/1/2561
s 945
f 1072/1/2564 1069/1/2565 1052/1/2566
f 1052/1/2566 1051/1/2567 1072/1/2564
s 946
f 1037/1/2568 1073/1/2568 1071/1/2568
f 1071/1/2568 1038/1/2568 1037/1/2568
s 947
f 1050/1/2569 1074/1/2570 1072/1/2569
f 1072/1/2569 1051/1/2571 1050/1/2569
s 948
f 1036/1/2572 1075/1/2573 1073/1/2574
f 1073/1/2574 1037/1/2575 1036/1/2572
s 949
f 1076/1/2576 1074/1/2577 1050/1/2578
f 1050/1/2578 1049/1/2576 1076/1/2576
s 950
f 1035/1/2579 1077/1/2580 1075/1/2581
f 1075/1/2581 1036/1/2582 1035/1/2579
s 951
f 1076/1/2583 1049/1/2583 1048/1/2583
f 1048/1/2583 1078/1/2584 1076/1/2583
s 952
f 1034/1/2585 1079/1/2586 1077/1/2587
f 1077/1/2587 1035/1/2588 1034/1/2585
s 953
f 1048/1/2589 1047/1/2590 1080/1/2591
f 1080/1/2591 1078/1/2592 1048/1/2589
s 954
f 1033/1/2593 1060/1/2594 1079/1/2593
f 1079/1/2593 1034/1/2595 1033/1/2593
s 955
f 1046/1/2596 1081/1/2597 1080/1/2597
f 1080/1/2597 1047/1/2598 1046/1/2596
s 956
f 1032/1/2599 1057/1/2600 1060/1/2601
f 1060/1/2601 1033/1/2602 1032/1/2599
s 957
f 1045/1/2603 1082/1/2604 1081/1/2605
f 1081/1/2605 1046/1/2604 1045/1/2603
s 958
f 1031/1/2606 1083/1/2607 1057/1/2608
f 1057/1/2608 1032/1/2608 1031/1/2606
s 959
f 1044/1/2609 1084/1/2610 1082/1/2611
f 1082/1/2611 1045/1/2612 1044/1/2609
s 960
f 1030/1/2613 1085/1/2614 1083/1/2615
f 1083/1/2615 1031/1/2616 1030/1/2613
s 961
f 1043/1/2617 1086/1/2617 1084/1/2618
f 1084/1/2618 1044/1/2619 1043/1/2617
s 962
f 1070/1/2620 1025/1/2621 1054/1/2622
f 1054/1/2622 1087/1/2623 1070/1/2620
s 963
f 1029/1/2624 1088/1/2625 1085/1/2625
f 1085/1/2625 1030/1/2626 1029/1/2624
s 964
f 1042/1/2627 1089/1/2628 1086/1/2627
f 1086/1/2627 1043/1/2627 1042/1/2627
s 965
f 1087/1/2629 1054/1/2629 1056/1/2630
f 1056/1/2630 1090/1/2631 1087/1/2629
s 966
f 1028/1/2632 1062/1/2633 1088/1/2634
f 1088/1/2634 1029/1/2635 1028/1/2632
s 967
f 1041/1/2636 1064/1/2637 1089/1/2638
f 1089/1/2638 1042/1/2639 1041/1/2636
s 968
f 1090/1/2640 1056/1/2641 1055/1/2642
f 1055/1/2642 1066/1/2643 1090/1/2640
s 969
f 1091/1/2374 1092/1/2374 1093/1/2374
f 1093/1/2374 1094/1/2374 1095/1/2374
f 1091/1/2374 1093/1/2374 1095/1/2374
f 1095/1/2374 1096/1/2374 1097/1/2374
f 1095/1/2374 1097/1/2374 1098/1/2374
f 1091/1/2374 1095/1/2374 1098/1/2374
f 1091/1/2374 1098/1/2374 1099/1/2374
f 1099/1/2374 1100/1/2374 1101/1/2374
f 1101/1/2374 1102/1/2374 1103/1/2374
f 1099/1/2374 1101/1/2374 1103/1/2374
f 1103/1/2374 1104/1/2374 1105/1/2374
f 1105/1/2374 1106/1/2374 1107/1/2374
f 1103/1/2374 1105/1/2374 1107/1/2374
f 1099/1/2374 1103/1/2374 1107/1/2374
f 1107/1/2374 1108/1/2374 1109/1/2374
f 1109/1/2374 1110/1/2374 1111/1/2374
f 1107/1/2374 1109/1/2374 1111/1/2374
f 1111/1/2374 1112/1/2374 1113/1/2374
f 1113/1/2374 1059/1/2374 1058/1/2374
f 1111/1/2374 1113/1/2374 1058/1/2374
f 1107/1/2374 1111/1/2374 1058/1/2374
f 1099/1/2374 1107/1/2374 1058/1/2374
f 1058/1/2374 1114/1/2374 1115/1/2374
f 1115/1/2374 1116/1/2374 1117/1/2374
f 1058/1/2374 1115/1/2374 1117/1/2374
f 1117/1/2374 1118/1/2374 1119/1/2374
f 1117/1/2374 1119/1/2374 1120/1/2374
f 1058/1/2374 1117/1/2374 1120/1/2374
f 1099/1/2374 1058/1/2374 1120/1/2374
f 1091/1/2374 1099/1/2374 1120/1/2374
s 970
f 1082/1/2406 1102/1/2406 1101/1/2406
f 1101/1/2406 1081/1/2406 1082/1/2406
s 971
f 1083/1/2644 1114/1/2644 1058/1/2644
f 1058/1/2644 1057/1/2644 1083/1/2644
s 972
f 1084/1/2645 1103/1/2645 1102/1/2645
f 1102/1/2645 1082/1/2645 1084/1/2645
s 973
f 1085/1/2646 1115/1/2646 1114/1/2646
f 1114/1/2646 1083/1/2646 1085/1/2646
s 974
f 1086/1/2647 1104/1/2647 1103/1/2647
f 1103/1/2647 1084/1/2647 1086/1/2647
s 975
f 1087/1/2648 1091/1/2648 1120/1/2648
f 1120/1/2648 1070/1/2648 1087/1/2648
s 976
f 1088/1/2649 1116/1/2649 1115/1/2649
f 1115/1/2649 1085/1/2649 1088/1/2649
s 977
f 1089/1/2650 1105/1/2650 1104/1/2650
f 1104/1/2650 1086/1/2650 1089/1/2650
s 978
f 1090/1/2418 1092/1/2418 1091/1/2418
f 1091/1/2418 1087/1/2418 1090/1/2418
s 979
f 1062/1/2651 1117/1/2651 1116/1/2651
f 1116/1/2651 1088/1/2651 1062/1/2651
s 980
f 1064/1/2652 1106/1/2652 1105/1/2652
f 1105/1/2652 1089/1/2652 1064/1/2652
s 981
f 1066/1/2653 1093/1/2653 1092/1/2654
f 1092/1/2654 1090/1/2653 1066/1/2653
s 982
f 1061/1/2424 1118/1/2655 1117/1/2424
f 1117/1/2424 1062/1/2656 1061/1/2424
s 983
f 1063/1/2657 1107/1/2657 1106/1/2657
f 1106/1/2657 1064/1/2657 1063/1/2657
s 984
f 1065/1/2658 1094/1/2658 1093/1/2658
f 1093/1/2658 1066/1/2658 1065/1/2658
s 985
f 1067/1/2659 1119/1/2659 1118/1/2659
f 1118/1/2659 1061/1/2659 1067/1/2659
s 986
f 1068/1/2379 1108/1/2379 1107/1/2379
f 1107/1/2379 1063/1/2379 1068/1/2379
s 987
f 1069/1/2660 1095/1/2660 1094/1/2660
f 1094/1/2660 1065/1/2660 1069/1/2660
s 988
f 1067/1/2661 1070/1/2661 1120/1/2661
f 1120/1/2661 1119/1/2662 1067/1/2661
s 989
f 1071/1/2663 1109/1/2663 1108/1/2663
f 1108/1/2663 1068/1/2663 1071/1/2663
s 990
f 1072/1/2664 1096/1/2664 1095/1/2664
f 1095/1/2664 1069/1/2664 1072/1/2664
s 991
f 1073/1/2385 1110/1/2385 1109/1/2385
f 1109/1/2385 1071/1/2385 1073/1/2385
s 992
f 1074/1/2665 1097/1/2665 1096/1/2665
f 1096/1/2665 1072/1/2665 1074/1/2665
s 993
f 1075/1/2388 1111/1/2388 1110/1/2388
f 1110/1/2388 1073/1/2388 1075/1/2388
s 994
f 1076/1/2666 1098/1/2666 1097/1/2666
f 1097/1/2666 1074/1/2666 1076/1/2666
s 995
f 1077/1/2667 1112/1/2667 1111/1/2667
f 1111/1/2667 1075/1/2667 1077/1/2667
s 996
f 1078/1/2396 1099/1/2396 1098/1/2396
f 1098/1/2396 1076/1/2396 1078/1/2396
s 997
f 1079/1/2668 1113/1/2668 1112/1/2668
f 1112/1/2668 1077/1/2668 1079/1/2668
s 998
f 1080/1/2399 1100/1/2399 1099/1/2399
f 1099/1/2399 1078/1/2399 1080/1/2399
s 999
f 1060/1/2669 1059/1/2669 1113/1/2669
f 1113/1/2669 1079/1/2669 1060/1/2669
s 1000
f 1081/1/2670 1101/1/2670 1100/1/2670
f 1100/1/2670 1080/1/2670 1081/1/2670
s 1001
f 1121/2/2671 1122/3/2671 1123/4/2672
f 1123/4/2672 1124/5/2671 1121/2/2671
s 1002
f 1122/3/2673 1125/6/2674 1126/7/2673
f 1126/7/2673 1123/4/2675 1122/3/2673
s 1003
f 1125/6/2676 1127/8/2676 1128/9/2676
f 1128/9/2676 1126/7/2676 1125/6/2676
s 1004
f 1127/8/2677 1129/10/2677 1130/11/2678
f 1130/11/2678 1128/9/2678 1127/8/2677
s 1005
f 1131/12/2679 1132/13/2680 1130/11/2680
f 1130/11/2680 1129/10/2679 1131/12/2679
s 1006
f 1133/14/2681 1132/13/2682 1131/12/2682
f 1131/12/2682 1134/15/2682 1133/14/2681
s 1007
f 1135/16/2683 1133/14/2683 1134/15/2683
f 1134/15/2683 1136/17/2683 1135/16/2683
s 1008
f 1137/18/2684 1138/19/2684 1135/16/2684
f 1135/16/2684 1136/17/2684 1137/18/2684
s 1009
f 1139/20/2685 1138/19/2685 1137/18/2685
f 1137/18/2685 1140/21/2686 1139/20/2685
s 1010
f 1141/22/2687 1139/20/2688 1140/21/2689
f 1140/21/2689 1142/23/2687 1141/22/2687
s 1011
f 1143/24/2690 1141/22/2690 1142/23/2690
f 1142/23/2690 1144/25/2690 1143/24/2690
s 1012
f 1145/26/2691 1146/27/2691 1143/24/2691
f 1143/24/2691 1144/25/2691 1145/26/2691
s 1013
f 1147/28/2692 1146/27/2692 1145/26/2693
f 1145/26/2693 1148/29/2692 1147/28/2692
s 1014
f 1149/30/2694 1147/28/2694 1148/29/2694
f 1148/29/2694 1150/31/2694 1149/30/2694
s 1015
f 1151/32/2695 1149/30/2695 1150/31/2695
f 1150/31/2695 1152/33/2695 1151/32/2695
s 1016
f 1153/34/2696 1151/32/2696 1152/33/2697
f 1152/33/2697 1154/35/2696 1153/34/2696
s 1017
f 1155/36/2698 1153/34/2699 1154/35/2700
f 1154/35/2700 1156/37/2699 1155/36/2698
s 1018
f 1157/38/2701 1155/36/2702 1156/37/2701
f 1156/37/2701 1158/39/2702 1157/38/2701
s 1019
f 1159/40/2703 1157/38/2703 1158/39/2703
f 1158/39/2703 1160/41/2703 1159/40/2703
s 1020
f 1161/42/2704 1162/43/2704 1159/40/2704
f 1159/40/2704 1160/41/2704 1161/42/2704
s 1021
f 1161/42/2705 1163/44/2705 1164/45/2705
f 1164/45/2705 1162/43/2705 1161/42/2705
s 1022
f 1165/46/2706 1164/45/2706 1163/44/2706
f 1163/44/2706 1166/47/2706 1165/46/2706
s 1023
f 1167/48/2707 1165/46/2707 1166/47/2707
f 1166/47/2707 1168/49/2707 1167/48/2707
s 1024
f 1169/50/2708 1170/51/2708 1167/48/2708
f 1167/48/2708 1168/49/2708 1169/50/2708
s 1025
f 1171/52/2709 1172/53/2709 1170/51/2709
f 1170/51/2709 1169/50/2709 1171/52/2709
s 1026
f 1173/54/2710 1172/53/2711 1171/52/2710
f 1171/52/2710 1174/55/2711 1173/54/2710
s 1027
f 1175/56/2712 1176/57/2712 1173/54/2712
f 1173/54/2712 1174/55/2712 1175/56/2712
s 1028
f 1177/58/2713 1176/57/2713 1175/56/2713
f 1175/56/2713 1178/59/2713 1177/58/2713
s 1029
f 1179/60/2714 1177/58/2714 1178/59/2715
f 1178/59/2715 1180/61/2714 1179/60/2714
s 1030
f 1181/62/2716 1182/63/2716 1179/60/2716
f 1179/60/2716 1180/61/2716 1181/62/2716
s 1031
f 1137/18/2717 1183/18/2717 1184/21/2718
f 1184/21/2718 1140/21/2717 1137/18/2717
s 1032
f 1185/64/2719 1186/65/2719 1182/63/2719
f 1182/63/2719 1181/62/2719 1185/64/2719
s 1033
f 1186/65/2720 1185/64/2721 1121/66/2720
f 1121/66/2720 1124/67/2721 1186/65/2720
s 1034
f 1123/68/2272 1126/69/2272 1128/70/2722
f 1123/68/2272 1128/70/2722 1130/71/2272
f 1130/71/2272 1132/72/2272 1133/73/2272
f 1133/73/2272 1135/74/2272 1138/75/2272
f 1138/75/2272 1139/76/2722 1141/77/2272
f 1133/73/2272 1138/75/2272 1141/77/2272
f 1130/71/2272 1133/73/2272 1141/77/2272
f 1141/77/2272 1143/78/2272 1146/79/2272
f 1146/79/2272 1147/80/2722 1149/81/2272
f 1141/77/2272 1146/79/2272 1149/81/2272
f 1149/81/2272 1151/82/2723 1153/83/2272
f 1153/83/2272 1155/84/2272 1157/85/2272
f 1149/81/2272 1153/83/2272 1157/85/2272
f 1157/85/2272 1159/86/2272 1162/87/2272
f 1162/87/2272 1164/88/2272 1165/89/2272
f 1157/85/2272 1162/87/2272 1165/89/2272
f 1165/89/2272 1167/90/2724 1170/91/2272
f 1170/91/2272 1172/92/2272 1173/93/2272
f 1165/89/2272 1170/91/2272 1173/93/2272
f 1157/85/2272 1165/89/2272 1173/93/2272
f 1149/81/2272 1157/85/2272 1173/93/2272
f 1141/77/2272 1149/81/2272 1173/93/2272
f 1130/71/2272 1141/77/2272 1173/93/2272
f 1173/93/2272 1176/94/2272 1177/95/2272
f 1177/95/2272 1179/96/2724 1182/97/2272
f 1173/93/2272 1177/95/2272 1182/97/2272
f 1130/71/2272 1173/93/2272 1182/97/2272
f 1123/68/2272 1130/71/2272 1182/97/2272
f 1124/98/2272 1123/68/2272 1182/97/2272
f 1124/98/2272 1182/97/2272 1186/99/2725
s 1035
f 1187/8/2726 1188/8/2726 1189/10/2726
f 1189/10/2726 1190/10/2726 1187/8/2726
s 1036
f 1191/39/2727 1158/39/2728 1156/37/2729
f 1156/37/2729 1192/37/2730 1191/39/2727
s 1037
f 1193/56/2731 1175/56/2732 1174/55/2732
f 1174/55/2732 1194/55/2732 1193/56/2731
s 1038
f 1195/12/2733 1131/12/2734 1129/10/2733
f 1129/10/2733 1190/10/2733 1195/12/2733
s 1039
f 1196/31/2735 1150/31/2736 1148/29/2736
f 1148/29/2736 1197/29/2735 1196/31/2735
s 1040
f 1198/49/2737 1168/49/2737 1166/47/2737
f 1166/47/2737 1199/47/2737 1198/49/2737
s 1041
f 1122/3/2738 1121/2/2738 1200/2/2739
f 1200/2/2739 1201/3/2739 1122/3/2738
s 1042
f 1185/64/2740 1202/64/2741 1200/66/2741
f 1200/66/2741 1121/66/2742 1185/64/2740
s 1043
f 1203/23/2743 1142/23/2744 1140/21/2744
f 1140/21/2744 1184/21/2743 1203/23/2743
s 1044
f 1204/41/2745 1160/41/2746 1158/39/2746
f 1158/39/2746 1191/39/2746 1204/41/2745
s 1045
f 1193/56/2747 1205/59/2747 1178/59/2747
f 1178/59/2747 1175/56/2747 1193/56/2747
s 1046
f 1206/15/2748 1134/15/2748 1131/12/2748
f 1131/12/2748 1195/12/2748 1206/15/2748
s 1047
f 1207/33/2749 1152/33/2750 1150/31/2751
f 1150/31/2751 1196/31/2752 1207/33/2749
s 1048
f 1208/50/2753 1169/50/2754 1168/49/2754
f 1168/49/2754 1198/49/2753 1208/50/2753
s 1049
f 1201/3/2755 1209/6/2755 1125/6/2756
f 1125/6/2756 1122/3/2756 1201/3/2755
s 1050
f 1210/25/2757 1144/25/2757 1142/23/2757
f 1142/23/2757 1203/23/2757 1210/25/2757
s 1051
f 1204/41/2758 1211/42/2758 1161/42/2759
f 1161/42/2759 1160/41/2760 1204/41/2758
s 1052
f 1180/61/2761 1178/59/2761 1205/59/2762
f 1205/59/2762 1212/61/2762 1180/61/2761
s 1053
f 1213/17/2763 1136/17/2764 1134/15/2763
f 1134/15/2763 1206/15/2764 1213/17/2763
s 1054
f 1214/35/2765 1154/35/2766 1152/33/2766
f 1152/33/2766 1207/33/2765 1214/35/2765
s 1055
f 1215/52/2767 1171/52/2768 1169/50/2767
f 1169/50/2767 1208/50/2767 1215/52/2767
s 1056
f 1187/8/2769 1127/8/2769 1125/6/2769
f 1125/6/2769 1209/6/2769 1187/8/2769
s 1057
f 1216/26/2770 1145/26/2771 1144/25/2770
f 1144/25/2770 1210/25/2770 1216/26/2770
s 1058
f 1217/44/2772 1163/44/2773 1161/42/2773
f 1161/42/2773 1211/42/2773 1217/44/2772
s 1059
f 1181/62/2774 1180/61/2775 1212/61/2775
f 1212/61/2775 1218/62/2775 1181/62/2774
s 1060
f 1136/17/2776 1213/17/2777 1183/18/2777
f 1183/18/2777 1137/18/2777 1136/17/2776
s 1061
f 1192/37/2778 1156/37/2779 1154/35/2778
f 1154/35/2778 1214/35/2778 1192/37/2778
s 1062
f 1194/55/2780 1174/55/2780 1171/52/2781
f 1171/52/2781 1215/52/2780 1194/55/2780
s 1063
f 1129/10/2782 1127/8/2783 1187/8/2784
f 1187/8/2784 1190/10/2784 1129/10/2782
s 1064
f 1197/29/2785 1148/29/2785 1145/26/2785
f 1145/26/2785 1216/26/2786 1197/29/2785
s 1065
f 1199/47/2787 1166/47/2788 1163/44/2789
f 1163/44/2789 1217/44/2787 1199/47/2787
s 1066
f 1185/64/2790 1181/62/2790 1218/62/2791
f 1218/62/2791 1202/64/2791 1185/64/2790
s 1067
f 1219/100/2792 1220/101/2793 1221/102/2794
f 1221/102/2794 1222/103/2792 1223/104/2792
f 1219/100/2792 1221/102/2794 1223/104/2792
f 1223/104/2792 1224/105/2795 1225/106/2793
f 1225/106/2793 1226/107/2796 1227/108/2792
f 1223/104/2792 1225/106/2793 1227/108/2792
f 1227/108/2792 1228/109/2797 1229/110/2792
f 1229/110/2792 1230/111/2798 1231/112/2793
f 1227/108/2792 1229/110/2792 1231/112/2793
f 1223/104/2792 1227/108/2792 1231/112/2793
f 1231/112/2793 1232/113/2799 1233/114/2794
f 1233/114/2794 1234/115/2800 1235/116/2794
f 1231/112/2793 1233/114/2794 1235/116/2794
f 1235/116/2794 1236/117/2801 1237/118/2794
f 1237/118/2794 1238/119/2802 1239/120/2803
f 1235/116/2794 1237/118/2794 1239/120/2803
f 1231/112/2793 1235/116/2794 1239/120/2803
f 1223/104/2792 1231/112/2793 1239/120/2803
f 1239/120/2803 1240/121/2804 1241/122/2793
f 1241/122/2793 1242/123/2805 1243/124/2794
f 1239/120/2803 1241/122/2793 1243/124/2794
f 1239/120/2803 1243/124/2794 1244/125/2792
f 1223/104/2792 1239/120/2803 1244/125/2792
f 1244/125/2792 1245/126/2800 1246/127/2792
f 1246/127/2792 1247/128/2794 1189/129/2792
f 1244/125/2792 1246/127/2792 1189/129/2792
f 1223/104/2792 1244/125/2792 1189/129/2792
f 1219/100/2792 1223/104/2792 1189/129/2792
f 1219/100/2792 1189/129/2792 1188/130/2793
f 1219/100/2792 1188/130/2793 1248/131/2806
s 1068
f 1218/62/2807 1222/62/2808 1221/64/2809
f 1221/64/2809 1202/64/2807 1218/62/2807
s 1069
f 1192/37/2810 1235/37/2810 1234/39/2810
f 1234/39/2810 1191/39/2811 1192/37/2810
s 1070
f 1190/10/2812 1189/10/2813 1247/12/2812
f 1247/12/2812 1195/12/2812 1190/10/2812
s 1071
f 1202/64/2814 1221/64/2815 1220/66/2816
f 1220/66/2816 1200/66/2817 1202/64/2814
s 1072
f 1191/39/2818 1234/39/2819 1233/41/2818
f 1233/41/2818 1204/41/2820 1191/39/2818
s 1073
f 1195/12/2821 1247/12/2822 1246/15/2822
f 1246/15/2822 1206/15/2821 1195/12/2821
s 1074
f 1204/41/2823 1233/41/2823 1232/42/2823
f 1232/42/2823 1211/42/2824 1204/41/2823
s 1075
f 1206/15/2825 1246/15/2826 1245/17/2826
f 1245/17/2826 1213/17/2825 1206/15/2825
s 1076
f 1211/42/2827 1232/42/2828 1231/44/2828
f 1231/44/2828 1217/44/2827 1211/42/2827
s 1077
f 1183/18/2829 1213/17/2829 1245/17/2829
f 1245/17/2829 1244/18/2829 1183/18/2829
s 1078
f 1217/44/2830 1231/44/2831 1230/47/2831
f 1230/47/2831 1199/47/2832 1217/44/2830
s 1079
f 1183/18/2833 1244/18/2834 1243/21/2834
f 1243/21/2834 1184/21/2833 1183/18/2833
s 1080
f 1199/47/2835 1230/47/2835 1229/49/2835
f 1229/49/2835 1198/49/2835 1199/47/2835
s 1081
f 1184/21/2836 1243/21/2836 1242/23/2836
f 1242/23/2836 1203/23/2837 1184/21/2836
s 1082
f 1198/49/2838 1229/49/2839 1228/50/2838
f 1228/50/2838 1208/50/2838 1198/49/2838
s 1083
f 1203/23/2840 1242/23/2840 1241/25/2840
f 1241/25/2840 1210/25/2841 1203/23/2840
s 1084
f 1208/50/2842 1228/50/2843 1227/52/2842
f 1227/52/2842 1215/52/2842 1208/50/2842
s 1085
f 1210/25/2844 1241/25/2845 1240/26/2846
f 1240/26/2846 1216/26/2847 1210/25/2844
s 1086
f 1215/52/2848 1227/52/2849 1226/55/2849
f 1226/55/2849 1194/55/2848 1215/52/2848
s 1087
f 1216/26/2850 1240/26/2851 1239/29/2850
f 1239/29/2850 1197/29/2852 1216/26/2850
s 1088
f 1194/55/2853 1226/55/2854 1225/56/2854
f 1225/56/2854 1193/56/2855 1194/55/2853
s 1089
f 1197/29/2856 1239/29/2857 1238/31/2858
f 1238/31/2858 1196/31/2856 1197/29/2856
s 1090
f 1200/2/2859 1220/2/2860 1219/3/2861
f 1219/3/2861 1201/3/2859 1200/2/2859
s 1091
f 1193/56/2862 1225/56/2863 1224/59/2863
f 1224/59/2863 1205/59/2862 1193/56/2862
s 1092
f 1196/31/2864 1238/31/2865 1237/33/2865
f 1237/33/2865 1207/33/2864 1196/31/2864
s 1093
f 1201/3/2866 1219/3/2866 1248/6/2867
f 1248/6/2867 1209/6/2866 1201/3/2866
s 1094
f 1205/59/2868 1224/59/2869 1223/61/2869
f 1223/61/2869 1212/61/2868 1205/59/2868
s 1095
f 1207/33/2870 1237/33/2871 1236/35/2871
f 1236/35/2871 1214/35/2872 1207/33/2870
s 1096
f 1209/6/2873 1248/6/2874 1188/8/2875
f 1188/8/2875 1187/8/2873 1209/6/2873
s 1097
f 1212/61/2876 1223/61/2877 1222/62/2878
f 1222/62/2878 1218/62/2878 1212/61/2876
s 1098
f 1214/35/2879 1236/35/2880 1235/37/2880
f 1235/37/2880 1192/37/2879 1214/35/2879
s 1099
f 1249/3/2881 1250/4/2881 1251/5/2881
f 1251/5/2881 1252/2/2881 1249/3/2881
s 1100
f 1253/7/2882 1250/4/2883 1249/3/2882
f 1249/3/2882 1254/6/2884 1253/7/2882
s 1101
f 1255/8/2885 1256/9/2885 1253/7/2885
f 1253/7/2885 1254/6/2885 1255/8/2885
s 1102
f 1257/11/2886 1256/9/2886 1255/8/2886
f 1255/8/2886 1258/10/2886 1257/11/2886
s 1103
f 1259/12/2887 1260/13/2887 1257/11/2887
f 1257/11/2887 1258/10/2887 1259/12/2887
s 1104
f 1261/14/2888 1260/13/2889 1259/12/2889
f 1259/12/2889 1262/15/2889 1261/14/2888
s 1105
f 1263/16/2890 1261/14/2890 1262/15/2890
f 1262/15/2890 1264/17/2890 1263/16/2890
s 1106
f 1265/18/2891 1266/19/2891 1263/16/2891
f 1263/16/2891 1264/17/2891 1265/18/2891
s 1107
f 1267/20/2892 1266/19/2892 1265/18/2892
f 1265/18/2892 1268/21/2892 1267/20/2892
s 1108
f 1269/23/2893 1270/22/2893 1267/20/2894
f 1267/20/2894 1268/21/2893 1269/23/2893
s 1109
f 1271/25/2895 1272/24/2896 1270/22/2896
f 1270/22/2896 1269/23/2895 1271/25/2895
s 1110
f 1273/27/2897 1272/24/2897 1271/25/2897
f 1271/25/2897 1274/26/2897 1273/27/2897
s 1111
f 1275/29/2898 1276/28/2898 1273/27/2898
f 1273/27/2898 1274/26/2898 1275/29/2898
s 1112
f 1277/31/2899 1278/30/2900 1276/28/2900
f 1276/28/2900 1275/29/2900 1277/31/2899
s 1113
f 1279/32/2901 1278/30/2901 1277/31/2901
f 1277/31/2901 1280/33/2901 1279/32/2901
s 1114
f 1280/33/2902 1281/35/2902 1282/34/2903
f 1282/34/2903 1279/32/2902 1280/33/2902
s 1115
f 1283/37/2904 1284/36/2904 1282/34/2904
f 1282/34/2904 1281/35/2904 1283/37/2904
s 1116
f 1285/38/2905 1284/36/2906 1283/37/2906
f 1283/37/2906 1286/39/2906 1285/38/2905
s 1117
f 1287/40/2907 1285/38/2907 1286/39/2907
f 1286/39/2907 1288/41/2907 1287/40/2907
s 1118
f 1289/42/2908 1290/43/2908 1287/40/2908
f 1287/40/2908 1288/41/2908 1289/42/2908
s 1119
f 1291/45/2909 1290/43/2909 1289/42/2909
f 1289/42/2909 1292/44/2909 1291/45/2909
s 1120
f 1293/47/2910 1294/46/2910 1291/45/2911
f 1291/45/2911 1292/44/2911 1293/47/2910
s 1121
f 1295/49/2912 1296/48/2913 1294/46/2912
f 1294/46/2912 1293/47/2913 1295/49/2912
s 1122
f 1297/51/2914 1296/48/2915 1295/49/2915
f 1295/49/2915 1298/50/2915 1297/51/2914
s 1123
f 1299/53/2916 1297/51/2917 1298/50/2918
f 1298/50/2918 1300/52/2918 1299/53/2916
s 1124
f 1301/55/2919 1302/54/2920 1299/53/2919
f 1299/53/2919 1300/52/2920 1301/55/2919
s 1125
f 1303/57/2921 1302/54/2921 1301/55/2921
f 1301/55/2921 1304/56/2921 1303/57/2921
s 1126
f 1305/59/2922 1306/58/2922 1303/57/2922
f 1303/57/2922 1304/56/2922 1305/59/2922
s 1127
f 1307/61/2923 1308/60/2923 1306/58/2923
f 1306/58/2923 1305/59/2923 1307/61/2923
s 1128
f 1309/63/2924 1308/60/2924 1307/61/2924
f 1307/61/2924 1310/62/2924 1309/63/2924
s 1129
f 1311/21/2925 1268/21/2925 1265/18/2925
f 1265/18/2925 1312/18/2925 1311/21/2925
s 1130
f 1313/64/2926 1314/65/2926 1309/63/2926
f 1309/63/2926 1310/62/2926 1313/64/2926
s 1131
f 1313/64/2927 1252/66/2927 1251/67/2927
f 1251/67/2927 1314/65/2927 1313/64/2927
s 1132
f 1251/98/2272 1250/68/2272 1253/69/2272
f 1253/69/2272 1256/70/2722 1257/71/2272
f 1251/98/2272 1253/69/2272 1257/71/2272
f 1260/72/2272 1261/73/2724 1263/74/2272
f 1257/71/2272 1260/72/2272 1263/74/2272
f 1257/71/2272 1263/74/2272 1266/75/2272
f 1266/75/2272 1267/76/2723 1270/77/2272
f 1257/71/2272 1266/75/2272 1270/77/2272
f 1257/71/2272 1270/77/2272 1272/78/2272
f 1272/78/2272 1273/79/2272 1276/80/2272
f 1257/71/2272 1272/78/2272 1276/80/2272
f 1257/71/2272 1276/80/2272 1278/81/2272
f 1278/81/2272 1279/82/2272 1282/83/2272
f 1257/71/2272 1278/81/2272 1282/83/2272
f 1257/71/2272 1282/83/2272 1284/84/2272
f 1284/84/2272 1285/85/2272 1287/86/2272
f 1257/71/2272 1284/84/2272 1287/86/2272
f 1257/71/2272 1287/86/2272 1290/87/2272
f 1290/87/2272 1291/88/2272 1294/89/2272
f 1257/71/2272 1290/87/2272 1294/89/2272
f 1257/71/2272 1294/89/2272 1296/90/2272
f 1296/90/2272 1297/91/2272 1299/92/2272
f 1257/71/2272 1296/90/2272 1299/92/2272
f 1257/71/2272 1299/92/2272 1302/93/2272
f 1302/93/2272 1303/94/2272 1306/95/2272
f 1257/71/2272 1302/93/2272 1306/95/2272
f 1257/71/2272 1306/95/2272 1308/96/2272
f 1251/98/2272 1257/71/2272 1308/96/2272
f 1251/98/2272 1308/96/2272 1309/97/2722
f 1251/98/2272 1309/97/2722 1314/99/2272
s 1133
f 1315/10/2928 1316/8/2928 1317/8/2929
f 1317/8/2929 1318/10/2929 1315/10/2928
s 1134
f 1319/39/2930 1286/39/2931 1283/37/2932
f 1283/37/2932 1320/37/2930 1319/39/2930
s 1135
f 1321/56/2933 1304/56/2934 1301/55/2934
f 1301/55/2934 1322/55/2935 1321/56/2933
s 1136
f 1258/10/2936 1315/10/2936 1323/12/2937
f 1323/12/2937 1259/12/2936 1258/10/2936
s 1137
f 1275/29/2938 1324/29/2938 1325/31/2938
f 1325/31/2938 1277/31/2938 1275/29/2938
s 1138
f 1295/49/2939 1293/47/2939 1326/47/2939
f 1326/47/2939 1327/49/2939 1295/49/2939
s 1139
f 1252/2/2940 1328/2/2941 1329/3/2942
f 1329/3/2942 1249/3/2940 1252/2/2940
s 1140
f 1252/66/2943 1313/64/2943 1330/64/2943
f 1330/64/2943 1328/66/2944 1252/66/2943
s 1141
f 1311/21/2945 1331/23/2946 1269/23/2945
f 1269/23/2945 1268/21/2945 1311/21/2945
s 1142
f 1319/39/2947 1332/41/2947 1288/41/2947
f 1288/41/2947 1286/39/2948 1319/39/2947
s 1143
f 1321/56/2949 1333/59/2949 1305/59/2950
f 1305/59/2950 1304/56/2950 1321/56/2949
s 1144
f 1334/15/2951 1262/15/2951 1259/12/2952
f 1259/12/2952 1323/12/2951 1334/15/2951
s 1145
f 1335/33/2953 1280/33/2954 1277/31/2954
f 1277/31/2954 1325/31/2953 1335/33/2953
s 1146
f 1336/50/2955 1298/50/2956 1295/49/2956
f 1295/49/2956 1327/49/2955 1336/50/2955
s 1147
f 1337/6/2957 1254/6/2957 1249/3/2957
f 1249/3/2957 1329/3/2957 1337/6/2957
s 1148
f 1269/23/2958 1331/23/2958 1338/25/2958
f 1338/25/2958 1271/25/2958 1269/23/2958
s 1149
f 1289/42/2959 1288/41/2959 1332/41/2960
f 1332/41/2960 1339/42/2961 1289/42/2959
s 1150
f 1307/61/2962 1305/59/2963 1333/59/2964
f 1333/59/2964 1340/61/2964 1307/61/2962
s 1151
f 1334/15/2965 1341/17/2965 1264/17/2966
f 1264/17/2966 1262/15/2966 1334/15/2965
s 1152
f 1335/33/2967 1342/35/2968 1281/35/2969
f 1281/35/2969 1280/33/2970 1335/33/2967
s 1153
f 1336/50/2971 1343/52/2972 1300/52/2973
f 1300/52/2973 1298/50/2973 1336/50/2971
s 1154
f 1254/6/2974 1337/6/2974 1316/8/2974
f 1316/8/2974 1255/8/2974 1254/6/2974
s 1155
f 1344/26/2975 1274/26/2976 1271/25/2975
f 1271/25/2975 1338/25/2975 1344/26/2975
s 1156
f 1345/44/2977 1292/44/2978 1289/42/2977
f 1289/42/2977 1339/42/2977 1345/44/2977
s 1157
f 1346/62/2979 1310/62/2979 1307/61/2979
f 1307/61/2979 1340/61/2980 1346/62/2979
s 1158
f 1264/17/2981 1341/17/2981 1312/18/2981
f 1312/18/2981 1265/18/2982 1264/17/2981
s 1159
f 1281/35/2983 1342/35/2984 1320/37/2984
f 1320/37/2984 1283/37/2983 1281/35/2983
s 1160
f 1301/55/2985 1300/52/2985 1343/52/2986
f 1343/52/2986 1322/55/2985 1301/55/2985
s 1161
f 1315/10/2987 1258/10/2987 1255/8/2987
f 1255/8/2987 1316/8/2987 1315/10/2987
s 1162
f 1344/26/2988 1324/29/2988 1275/29/2988
f 1275/29/2988 1274/26/2988 1344/26/2988
s 1163
f 1345/44/2989 1326/47/2990 1293/47/2989
f 1293/47/2989 1292/44/2989 1345/44/2989
s 1164
f 1346/62/2991 1330/64/2991 1313/64/2992
f 1313/64/2992 1310/62/2992 1346/62/2991
s 1165
f 1347/102/2993 1348/103/2994 1349/104/2995
f 1347/102/2993 1349/104/2995 1350/105/2993
f 1350/105/2993 1351/106/2996 1352/107/2993
f 1347/102/2993 1350/105/2993 1352/107/2993
f 1347/102/2993 1352/107/2993 1353/108/2993
f 1353/108/2993 1354/109/2997 1355/110/2995
f 1347/102/2993 1353/108/2993 1355/110/2995
f 1347/102/2993 1355/110/2995 1356/111/2993
f 1356/111/2993 1357/112/2998 1358/113/2993
f 1347/102/2993 1356/111/2993 1358/113/2993
f 1347/102/2993 1358/113/2993 1359/114/2993
f 1359/114/2993 1360/115/2999 1361/116/2993
f 1347/102/2993 1359/114/2993 1361/116/2993
f 1347/102/2993 1361/116/2993 1362/117/2993
f 1362/117/2993 1363/118/3000 1364/119/2993
f 1347/102/2993 1362/117/2993 1364/119/2993
f 1347/102/2993 1364/119/2993 1365/120/2993
f 1365/120/2993 1366/121/3001 1367/122/2993
f 1347/102/2993 1365/120/2993 1367/122/2993
f 1347/102/2993 1367/122/2993 1368/123/2993
f 1368/123/2993 1369/124/3002 1370/125/2993
f 1347/102/2993 1368/123/2993 1370/125/2993
f 1370/125/2993 1371/126/3003 1372/127/2995
f 1370/125/2993 1372/127/2995 1373/128/2993
f 1347/102/2993 1370/125/2993 1373/128/2993
f 1347/102/2993 1373/128/2993 1318/129/2993
f 1318/129/2993 1317/130/3000 1374/131/3004
f 1347/102/2993 1318/129/2993 1374/131/3004
f 1375/101/3005 1347/102/2993 1374/131/3004
f 1376/100/3006 1375/101/3005 1374/131/3004
s 1166
f 1330/64/3007 1346/62/3007 1348/62/3007
f 1348/62/3007 1347/64/3008 1330/64/3007
s 1167
f 1361/37/3009 1360/39/3009 1319/39/3009
f 1319/39/3009 1320/37/3009 1361/37/3009
s 1168
f 1323/12/3010 1315/10/3010 1318/10/3011
f 1318/10/3011 1373/12/3011 1323/12/3010
s 1169
f 1328/66/3012 1330/64/3012 1347/64/3012
f 1347/64/3012 1375/66/3012 1328/66/3012
s 1170
f 1332/41/3013 1319/39/3013 1360/39/3014
f 1360/39/3014 1359/41/3013 1332/41/3013
s 1171
f 1372/15/3015 1334/15/3016 1323/12/3016
f 1323/12/3016 1373/12/3017 1372/15/3015
s 1172
f 1339/42/3018 1332/41/3018 1359/41/3019
f 1359/41/3019 1358/42/3020 1339/42/3018
s 1173
f 1341/17/3021 1334/15/3021 1372/15/3022
f 1372/15/3022 1371/17/3022 1341/17/3021
s 1174
f 1358/42/3023 1357/44/3024 1345/44/3024
f 1345/44/3024 1339/42/3024 1358/42/3023
s 1175
f 1312/18/3025 1341/17/3025 1371/17/3025
f 1371/17/3025 1370/18/3025 1312/18/3025
s 1176
f 1326/47/3026 1345/44/3026 1357/44/3027
f 1357/44/3027 1356/47/3027 1326/47/3026
s 1177
f 1370/18/3028 1369/21/3028 1311/21/3029
f 1311/21/3029 1312/18/3029 1370/18/3028
s 1178
f 1327/49/3030 1326/47/3030 1356/47/3030
f 1356/47/3030 1355/49/3031 1327/49/3030
s 1179
f 1331/23/3032 1311/21/3033 1369/21/3033
f 1369/21/3033 1368/23/3033 1331/23/3032
s 1180
f 1355/49/3034 1354/50/3035 1336/50/3036
f 1336/50/3036 1327/49/3034 1355/49/3034
s 1181
f 1338/25/3037 1331/23/3037 1368/23/3038
f 1368/23/3038 1367/25/3038 1338/25/3037
s 1182
f 1343/52/3039 1336/50/3040 1354/50/3041
f 1354/50/3041 1353/52/3041 1343/52/3039
s 1183
f 1367/25/3042 1366/26/3043 1344/26/3042
f 1344/26/3042 1338/25/3042 1367/25/3042
s 1184
f 1322/55/3044 1343/52/3044 1353/52/3045
f 1353/52/3045 1352/55/3045 1322/55/3044
s 1185
f 1324/29/3046 1344/26/3046 1366/26/3046
f 1366/26/3046 1365/29/3047 1324/29/3046
s 1186
f 1352/55/3048 1351/56/3048 1321/56/3049
f 1321/56/3049 1322/55/3049 1352/55/3048
s 1187
f 1325/31/3050 1324/29/3050 1365/29/3050
f 1365/29/3050 1364/31/3050 1325/31/3050
s 1188
f 1328/2/3051 1375/2/3052 1376/3/3051
f 1376/3/3051 1329/3/3051 1328/2/3051
s 1189
f 1333/59/3053 1321/56/3054 1351/56/3055
f 1351/56/3055 1350/59/3055 1333/59/3053
s 1190
f 1364/31/3056 1363/33/3057 1335/33/3056
f 1335/33/3056 1325/31/3058 1364/31/3056
s 1191
f 1374/6/3059 1337/6/3060 1329/3/3060
f 1329/3/3060 1376/3/3061 1374/6/3059
s 1192
f 1340/61/3062 1333/59/3063 1350/59/3064
f 1350/59/3064 1349/61/3064 1340/61/3062
s 1193
f 1342/35/3065 1335/33/3066 1363/33/3066
f 1363/33/3066 1362/35/3066 1342/35/3065
s 1194
f 1317/8/3067 1316/8/3068 1337/6/3068
f 1337/6/3068 1374/6/3067 1317/8/3067
s 1195
f 1349/61/3069 1348/62/3069 1346/62/3069
f 1346/62/3069 1340/61/3070 1349/61/3069
s 1196
f 1320/37/3071 1342/35/3072 1362/35/3073
f 1362/35/3073 1361/37/3074 1320/37/3071
s 1197
f 1377/3/3075 1378/4/3075 1379/5/3075
f 1379/5/3075 1380/2/3075 1377/3/3075
s 1198
f 1381/7/3076 1378/4/3076 1377/3/3076
f 1377/3/3076 1382/6/3076 1381/7/3076
s 1199
f 1383/8/3077 1384/9/3078 1381/7/3077
f 1381/7/3077 1382/6/3078 1383/8/3077
s 1200
f 1385/10/3079 1386/11/3079 1384/9/3079
f 1384/9/3079 1383/8/3080 1385/10/3079
s 1201
f 1387/13/3081 1386/11/3081 1385/10/3081
f 1385/10/3081 1388/12/3081 1387/13/3081
s 1202
f 1389/15/3082 1390/14/3082 1387/13/3082
f 1387/13/3082 1388/12/3082 1389/15/3082
s 1203
f 1391/17/3083 1392/16/3083 1390/14/3083
f 1390/14/3083 1389/15/3083 1391/17/3083
s 1204
f 1393/19/3084 1392/16/3084 1391/17/3084
f 1391/17/3084 1394/18/3084 1393/19/3084
s 1205
f 1395/21/3085 1396/20/3085 1393/19/3085
f 1393/19/3085 1394/18/3085 1395/21/3085
s 1206
f 1397/23/3086 1398/22/3086 1396/20/3086
f 1396/20/3086 1395/21/3086 1397/23/3086
s 1207
f 1399/24/3087 1398/22/3087 1397/23/3087
f 1397/23/3087 1400/25/3087 1399/24/3087
s 1208
f 1401/26/3088 1402/27/3088 1399/24/3088
f 1399/24/3088 1400/25/3088 1401/26/3088
s 1209
f 1403/29/3089 1404/28/3089 1402/27/3089
f 1402/27/3089 1401/26/3089 1403/29/3089
s 1210
f 1405/30/3090 1404/28/3091 1403/29/3092
f 1403/29/3092 1406/31/3093 1405/30/3090
s 1211
f 1407/32/3094 1405/30/3094 1406/31/3094
f 1406/31/3094 1408/33/3094 1407/32/3094
s 1212
f 1409/35/3095 1410/34/3095 1407/32/3095
f 1407/32/3095 1408/33/3095 1409/35/3095
s 1213
f 1411/36/3096 1410/34/3096 1409/35/3096
f 1409/35/3096 1412/37/3096 1411/36/3096
s 1214
f 1413/38/3097 1411/36/3097 1412/37/3097
f 1412/37/3097 1414/39/3097 1413/38/3097
s 1215
f 1415/41/3098 1416/40/3098 1413/38/3098
f 1413/38/3098 1414/39/3098 1415/41/3098
s 1216
f 1417/43/3099 1416/40/3099 1415/41/3099
f 1415/41/3099 1418/42/3099 1417/43/3099
s 1217
f 1419/44/3100 1420/45/3100 1417/43/3100
f 1417/43/3100 1418/42/3100 1419/44/3100
s 1218
f 1421/47/3101 1422/46/3101 1420/45/3101
f 1420/45/3101 1419/44/3101 1421/47/3101
s 1219
f 1423/48/3102 1422/46/3102 1421/47/3102
f 1421/47/3102 1424/49/3102 1423/48/3102
s 1220
f 1425/51/3103 1423/48/3103 1424/49/3103
f 1424/49/3103 1426/50/3103 1425/51/3103
s 1221
f 1427/52/3104 1428/53/3104 1425/51/3104
f 1425/51/3104 1426/50/3105 1427/52/3104
s 1222
f 1429/54/3106 1428/53/3106 1427/52/3106
f 1427/52/3106 1430/55/3106 1429/54/3106
s 1223
f 1431/56/3107 1432/57/3107 1429/54/3107
f 1429/54/3107 1430/55/3107 1431/56/3107
s 1224
f 1433/59/3108 1434/58/3108 1432/57/3108
f 1432/57/3108 1431/56/3108 1433/59/3108
s 1225
f 1435/60/3109 1434/58/3109 1433/59/3110
f 1433/59/3110 1436/61/3110 1435/60/3109
s 1226
f 1437/62/3111 1438/63/3112 1435/60/3111
f 1435/60/3111 1436/61/3112 1437/62/3111
s 1227
f 1394/18/3113 1439/18/3113 1440/21/3113
f 1440/21/3113 1395/21/3113 1394/18/3113
s 1228
f 1441/64/3114 1442/65/3114 1438/63/3114
f 1438/63/3114 1437/62/3114 1441/64/3114
s 1229
f 1441/64/3115 1380/66/3115 1379/67/3115
f 1379/67/3115 1442/65/3115 1441/64/3115
s 1230
f 1378/68/2272 1381/69/2272 1384/70/2272
f 1379/98/2272 1378/68/2272 1384/70/2272
f 1379/98/2272 1384/70/2272 1386/71/2272
f 1386/71/2272 1387/72/2724 1390/73/2272
f 1379/98/2272 1386/71/2272 1390/73/2272
f 1379/98/2272 1390/73/2272 1392/74/2272
f 1392/74/2272 1393/75/2272 1396/76/2272
f 1379/98/2272 1392/74/2272 1396/76/2272
f 1379/98/2272 1396/76/2272 1398/77/2272
f 1398/77/2272 1399/78/2272 1402/79/2272
f 1379/98/2272 1398/77/2272 1402/79/2272
f 1379/98/2272 1402/79/2272 1404/80/2272
f 1404/80/2272 1405/81/2272 1407/82/2272
f 1379/98/2272 1404/80/2272 1407/82/2272
f 1379/98/2272 1407/82/2272 1410/83/2272
f 1410/83/2272 1411/84/2272 1413/85/2272
f 1379/98/2272 1410/83/2272 1413/85/2272
f 1379/98/2272 1413/85/2272 1416/86/2272
f 1416/86/2272 1417/87/2722 1420/88/2272
f 1379/98/2272 1416/86/2272 1420/88/2272
f 1379/98/2272 1420/88/2272 1422/89/2272
f 1422/89/2272 1423/90/2272 1425/91/2272
f 1379/98/2272 1422/89/2272 1425/91/2272
f 1379/98/2272 1425/91/2272 1428/92/2272
f 1428/92/2272 1429/93/2722 1432/94/2272
f 1379/98/2272 1428/92/2272 1432/94/2272
f 1379/98/2272 1432/94/2272 1434/95/2272
f 1434/95/2272 1435/96/2725 1438/97/2722
f 1379/98/2272 1434/95/2272 1438/97/2722
f 1379/98/2272 1438/97/2722 1442/99/2272
s 1231
f 1443/8/3116 1444/8/3117 1445/10/3117
f 1445/10/3117 1446/10/3116 1443/8/3116
s 1232
f 1447/39/3118 1414/39/3119 1412/37/3118
f 1412/37/3118 1448/37/3118 1447/39/3118
s 1233
f 1449/56/3120 1431/56/3121 1430/55/3122
f 1430/55/3122 1450/55/3120 1449/56/3120
s 1234
f 1385/10/3123 1446/10/3124 1451/12/3124
f 1451/12/3124 1388/12/3124 1385/10/3123
s 1235
f 1406/31/3125 1403/29/3125 1452/29/3125
f 1452/29/3125 1453/31/3126 1406/31/3125
s 1236
f 1424/49/3127 1421/47/3127 1454/47/3127
f 1454/47/3127 1455/49/3127 1424/49/3127
s 1237
f 1456/3/3128 1377/3/3129 1380/2/3130
f 1380/2/3130 1457/2/3128 1456/3/3128
s 1238
f 1458/64/3131 1457/66/3131 1380/66/3132
f 1380/66/3132 1441/64/3132 1458/64/3131
s 1239
f 1395/21/3133 1440/21/3134 1459/23/3133
f 1459/23/3133 1397/23/3135 1395/21/3133
s 1240
f 1460/41/3136 1415/41/3136 1414/39/3137
f 1414/39/3137 1447/39/3136 1460/41/3136
s 1241
f 1461/59/3138 1433/59/3138 1431/56/3138
f 1431/56/3138 1449/56/3138 1461/59/3138
s 1242
f 1388/12/3139 1451/12/3140 1462/15/3140
f 1462/15/3140 1389/15/3139 1388/12/3139
s 1243
f 1463/33/3141 1408/33/3141 1406/31/3141
f 1406/31/3141 1453/31/3142 1463/33/3141
s 1244
f 1464/50/3143 1426/50/3143 1424/49/3144
f 1424/49/3144 1455/49/3143 1464/50/3143
s 1245
f 1377/3/3145 1456/3/3146 1465/6/3146
f 1465/6/3146 1382/6/3145 1377/3/3145
s 1246
f 1459/23/3147 1466/25/3147 1400/25/3148
f 1400/25/3148 1397/23/3147 1459/23/3147
s 1247
f 1418/42/3149 1415/41/3149 1460/41/3150
f 1460/41/3150 1467/42/3150 1418/42/3149
s 1248
f 1436/61/3151 1433/59/3151 1461/59/3152
f 1461/59/3152 1468/61/3152 1436/61/3151
s 1249
f 1389/15/3153 1462/15/3154 1469/17/3154
f 1469/17/3154 1391/17/3154 1389/15/3153
s 1250
f 1470/35/3155 1409/35/3156 1408/33/3157
f 1408/33/3157 1463/33/3155 1470/35/3155
s 1251
f 1471/52/3158 1427/52/3158 1426/50/3158
f 1426/50/3158 1464/50/3158 1471/52/3158
s 1252
f 1382/6/3159 1465/6/3160 1443/8/3160
f 1443/8/3160 1383/8/3159 1382/6/3159
s 1253
f 1466/25/3161 1472/26/3161 1401/26/3162
f 1401/26/3162 1400/25/3161 1466/25/3161
s 1254
f 1473/44/3163 1419/44/3164 1418/42/3164
f 1418/42/3164 1467/42/3165 1473/44/3163
s 1255
f 1474/62/3166 1437/62/3167 1436/61/3167
f 1436/61/3167 1468/61/3168 1474/62/3166
s 1256
f 1391/17/3169 1469/17/3169 1439/18/3169
f 1439/18/3169 1394/18/3170 1391/17/3169
s 1257
f 1412/37/3171 1409/35/3172 1470/35/3171
f 1470/35/3171 1448/37/3171 1412/37/3171
s 1258
f 1430/55/3173 1427/52/3173 1471/52/3174
f 1471/52/3174 1450/55/3174 1430/55/3173
s 1259
f 1383/8/3175 1443/8/3176 1446/10/3176
f 1446/10/3176 1385/10/3175 1383/8/3175
s 1260
f 1403/29/3177 1401/26/3177 1472/26/3177
f 1472/26/3177 1452/29/3177 1403/29/3177
s 1261
f 1454/47/3178 1421/47/3178 1419/44/3178
f 1419/44/3178 1473/44/3178 1454/47/3178
s 1262
f 1458/64/3179 1441/64/3180 1437/62/3180
f 1437/62/3180 1474/62/3179 1458/64/3179
s 1263
f 1475/100/3181 1476/101/3182 1477/102/3181
f 1477/102/3181 1478/103/3183 1479/104/3184
f 1475/100/3181 1477/102/3181 1479/104/3184
f 1480/105/3185 1481/106/3186 1482/107/3185
f 1479/104/3184 1480/105/3185 1482/107/3185
f 1475/100/3181 1479/104/3184 1482/107/3185
f 1483/108/3185 1484/109/3182 1485/110/3185
f 1482/107/3185 1483/108/3185 1485/110/3185
f 1486/111/3187 1487/112/3188 1488/113/3181
f 1485/110/3185 1486/111/3187 1488/113/3181
f 1482/107/3185 1485/110/3185 1488/113/3181
f 1475/100/3181 1482/107/3185 1488/113/3181
f 1489/114/3182 1490/115/3189 1491/116/3185
f 1488/113/3181 1489/114/3182 1491/116/3185
f 1492/117/3190 1493/118/3191 1494/119/3184
f 1491/116/3185 1492/117/3190 1494/119/3184
f 1488/113/3181 1491/116/3185 1494/119/3184
f 1495/120/3183 1496/121/3192 1497/122/3185
f 1494/119/3184 1495/120/3183 1497/122/3185
f 1498/123/3187 1499/124/3193 1500/125/3185
f 1497/122/3185 1498/123/3187 1500/125/3185
f 1494/119/3184 1497/122/3185 1500/125/3185
f 1488/113/3181 1494/119/3184 1500/125/3185
f 1475/100/3181 1488/113/3181 1500/125/3185
f 1501/126/3194 1502/127/3195 1503/128/3185
f 1500/125/3185 1501/126/3194 1503/128/3185
f 1445/129/3196 1444/130/3182 1504/131/3187
f 1503/128/3185 1445/129/3196 1504/131/3187
f 1500/125/3185 1503/128/3185 1504/131/3187
f 1475/100/3181 1500/125/3185 1504/131/3187
s 1264
f 1474/62/3197 1478/62/3198 1477/64/3197
f 1477/64/3197 1458/64/3197 1474/62/3197
s 1265
f 1447/39/3199 1448/37/3199 1491/37/3200
f 1491/37/3200 1490/39/3199 1447/39/3199
s 1266
f 1503/12/3201 1451/12/3202 1446/10/3203
f 1446/10/3203 1445/10/3201 1503/12/3201
s 1267
f 1477/64/3204 1476/66/3204 1457/66/3205
f 1457/66/3205 1458/64/3205 1477/64/3204
s 1268
f 1447/39/3206 1490/39/3207 1489/41/3206
f 1489/41/3206 1460/41/3206 1447/39/3206
s 1269
f 1462/15/3208 1451/12/3208 1503/12/3209
f 1503/12/3209 1502/15/3210 1462/15/3208
s 1270
f 1488/42/3211 1467/42/3212 1460/41/3212
f 1460/41/3212 1489/41/3213 1488/42/3211
s 1271
f 1462/15/3214 1502/15/3215 1501/17/3215
f 1501/17/3215 1469/17/3214 1462/15/3214
s 1272
f 1473/44/3216 1467/42/3216 1488/42/3216
f 1488/42/3216 1487/44/3216 1473/44/3216
s 1273
f 1500/18/3217 1439/18/3217 1469/17/3217
f 1469/17/3217 1501/17/3218 1500/18/3217
s 1274
f 1473/44/3219 1487/44/3220 1486/47/3220
f 1486/47/3220 1454/47/3219 1473/44/3219
s 1275
f 1440/21/3221 1439/18/3222 1500/18/3221
f 1500/18/3221 1499/21/3221 1440/21/3221
s 1276
f 1485/49/3223 1455/49/3223 1454/47/3223
f 1454/47/3223 1486/47/3223 1485/49/3223
s 1277
f 1440/21/3224 1499/21/3225 1498/23/3225
f 1498/23/3225 1459/23/3224 1440/21/3224
s 1278
f 1464/50/3226 1455/49/3226 1485/49/3226
f 1485/49/3226 1484/50/3226 1464/50/3226
s 1279
f 1459/23/3227 1498/23/3228 1497/25/3228
f 1497/25/3228 1466/25/3227 1459/23/3227
s 1280
f 1464/50/3229 1484/50/3229 1483/52/3229
f 1483/52/3229 1471/52/3229 1464/50/3229
s 1281
f 1497/25/3230 1496/26/3230 1472/26/3231
f 1472/26/3231 1466/25/3232 1497/25/3230
s 1282
f 1482/55/3233 1450/55/3234 1471/52/3235
f 1471/52/3235 1483/52/3233 1482/55/3233
s 1283
f 1495/29/3236 1452/29/3236 1472/26/3236
f 1472/26/3236 1496/26/3236 1495/29/3236
s 1284
f 1449/56/3237 1450/55/3238 1482/55/3239
f 1482/55/3239 1481/56/3240 1449/56/3237
s 1285
f 1494/31/3241 1453/31/3242 1452/29/3242
f 1452/29/3242 1495/29/3241 1494/31/3241
s 1286
f 1456/3/3243 1457/2/3243 1476/2/3244
f 1476/2/3244 1475/3/3244 1456/3/3243
s 1287
f 1449/56/3245 1481/56/3245 1480/59/3245
f 1480/59/3245 1461/59/3245 1449/56/3245
s 1288
f 1463/33/3246 1453/31/3246 1494/31/3247
f 1494/31/3247 1493/33/3247 1463/33/3246
s 1289
f 1504/6/3248 1465/6/3249 1456/3/3249
f 1456/3/3249 1475/3/3250 1504/6/3248
s 1290
f 1479/61/3251 1468/61/3252 1461/59/3251
f 1461/59/3251 1480/59/3251 1479/61/3251
s 1291
f 1463/33/3253 1493/33/3253 1492/35/3253
f 1492/35/3253 1470/35/3253 1463/33/3253
s 1292
f 1443/8/3254 1465/6/3255 1504/6/3255
f 1504/6/3255 1444/8/3255 1443/8/3254
s 1293
f 1474/62/3256 1468/61/3257 1479/61/3256
f 1479/61/3256 1478/62/3256 1474/62/3256
s 1294
f 1491/37/3258 1448/37/3259 1470/35/3258
f 1470/35/3258 1492/35/3258 1491/37/3258
