# Blender 5.0.1
# www.blender.org
mtllib pataderdelante.mtl
g pataizqdelante_Mesh
v 0.065830 0.096913 0.437930
v -0.003715 0.119813 0.432437
v -0.071249 0.141438 0.411678
v -0.133955 0.161039 0.376661
v -0.189618 0.177921 0.328615
v -0.236101 0.191390 0.269275
v -0.271557 0.200940 0.201081
v -0.294550 0.206231 0.126589
v -0.304438 0.206963 0.048681
v -0.300509 0.203242 -0.029669
v -0.283246 0.195078 -0.105440
v -0.253071 0.182880 -0.175720
v -0.211221 0.167087 -0.237870
v -0.159353 0.148302 -0.289334
v -0.099465 0.127287 -0.328249
v -0.033677 0.104788 -0.353248
v 0.035282 0.081593 -0.363142
v 0.104719 0.058784 -0.357646
v 0.172252 0.037160 -0.336887
v 0.234959 0.017559 -0.301870
v 0.290622 0.000677 -0.253825
v 0.337105 -0.012792 -0.194484
v 0.372561 -0.022342 -0.126291
v 0.395654 -0.027625 -0.051802
v 0.405442 -0.028365 0.026110
v 0.401613 -0.024636 0.104456
v 0.384250 -0.016480 0.180230
v 0.354075 -0.004282 0.250511
v 0.312225 0.011511 0.312660
v 0.134681 0.073810 0.428039
v 0.260357 0.030296 0.364124
v 0.200469 0.051310 0.403040
v 0.373231 -0.095245 -0.049654
v 0.336186 -0.103281 -0.041081
v 0.345085 -0.103906 0.029856
v 0.383019 -0.095985 0.028258
v 0.149829 -0.030460 -0.334739
v 0.212636 -0.050052 -0.299726
v 0.043407 0.029293 0.440078
v 0.112357 0.006199 0.430183
v -0.212041 0.110301 0.330763
v -0.258425 0.123778 0.271419
v 0.082395 -0.008827 -0.355502
v 0.178046 -0.016310 0.405188
v -0.156279 0.093427 0.378805
v 0.012859 0.013974 -0.360993
v 0.238033 -0.037316 0.366268
v -0.093564 0.073727 0.413824
v -0.056091 0.037068 -0.351099
v 0.289901 -0.056101 0.314804
v -0.026130 0.052094 0.434587
v -0.121780 0.059576 -0.326103
v 0.331751 -0.071893 0.252655
v -0.181676 0.080691 -0.287189
v 0.361827 -0.084100 0.182379
v -0.233644 0.099467 -0.235721
v 0.379190 -0.092256 0.106604
v -0.275395 0.115268 -0.173576
v -0.305570 0.127466 -0.103296
v -0.322924 0.135523 -0.027519
v 0.350138 -0.089962 -0.124143
v -0.326753 0.139251 0.050826
v 0.314782 -0.080404 -0.192340
v -0.316965 0.138511 0.128738
v 0.268299 -0.066934 -0.251680
v -0.293881 0.133328 0.203226
v 0.240627 -0.077497 -0.224900
v 0.255039 -0.093971 -0.246053
v 0.300770 -0.107319 -0.187688
v 0.282882 -0.089805 -0.170926
v -0.297543 0.106873 -0.020933
v -0.281773 0.099392 -0.089854
v 0.315212 -0.098514 -0.108835
v -0.301016 0.110219 0.050400
v -0.292117 0.109594 0.121338
v -0.271135 0.104727 0.189093
v 0.189981 -0.062128 -0.268704
v -0.238913 0.096110 0.251186
v 0.132872 -0.044310 -0.300597
v 0.098669 -0.010872 0.395700
v 0.035887 0.010124 0.404699
v -0.196559 0.083810 0.305156
v 0.071397 -0.024548 -0.319450
v 0.158559 -0.031428 0.372990
v -0.145913 0.068441 0.348960
v 0.008082 -0.003820 -0.324438
v 0.213100 -0.050534 0.337545
v -0.088795 0.050523 0.380856
v -0.054601 0.017184 -0.315443
v 0.260287 -0.067638 0.290631
v -0.027329 0.030861 0.399706
v -0.114483 0.037641 -0.292732
v 0.298328 -0.082059 0.234106
v -0.169032 0.056847 -0.257288
v 0.325850 -0.093179 0.170112
v -0.216219 0.073951 -0.210375
v 0.341611 -0.100560 0.101190
v -0.254359 0.088364 -0.153845
v 0.138479 -0.058117 -0.327872
v 0.072090 -0.036791 -0.348269
v 0.046342 -0.114827 -0.345794
v 0.112722 -0.136053 -0.325399
v -0.298116 0.103030 0.201564
v -0.320847 0.108161 0.128266
v 0.200233 -0.077407 -0.293425
v -0.263320 0.093606 0.268580
v 0.101572 -0.022006 0.424828
v 0.033755 0.000681 0.434587
v -0.217597 0.080357 0.326944
v 0.166246 -0.044192 0.400266
v -0.162791 0.063793 0.374315
v 0.003694 -0.014394 -0.353696
v 0.225226 -0.064873 0.361979
v -0.101029 0.044404 0.408764
v -0.064130 0.008393 -0.343938
v 0.276291 -0.083313 0.311240
v -0.034648 0.023178 0.429159
v -0.128796 0.030479 -0.319374
v 0.317465 -0.098946 0.250114
v -0.187785 0.051259 -0.281089
v 0.347163 -0.110864 0.181047
v -0.238849 0.069700 -0.230349
v 0.364164 -0.118932 0.106486
v -0.280015 0.085233 -0.169222
v 0.367940 -0.122646 0.029343
v -0.309622 0.097259 -0.100161
v 0.358297 -0.121874 -0.047374
v -0.326715 0.105219 -0.025594
v 0.335657 -0.116635 -0.120678
v -0.330490 0.108933 0.051549
v -0.154553 -0.047457 -0.316901
v -0.145924 -0.072900 -0.277708
v -0.088174 -0.092723 -0.299650
v -0.089879 -0.069643 -0.341464
v 0.140490 -0.122128 0.402738
v 0.075823 -0.100042 0.427303
v -0.188540 -0.014242 0.376790
v -0.243345 0.002322 0.329418
v -0.022062 -0.092330 -0.351223
v 0.199478 -0.142908 0.364453
v -0.126786 -0.033532 0.411237
v 0.250543 -0.161349 0.313714
v -0.060397 -0.054858 0.431633
v 0.291708 -0.176882 0.252587
v 0.007999 -0.077255 0.437060
v -0.213533 -0.026776 -0.278614
v 0.321315 -0.188908 0.183526
v -0.264598 -0.008336 -0.227875
v 0.338408 -0.196868 0.108959
v -0.305772 0.007297 -0.166749
v 0.342183 -0.200582 0.031816
v -0.335470 0.019215 -0.097683
v 0.332540 -0.199810 -0.044901
v -0.352471 0.027283 -0.023122
v 0.309809 -0.194679 -0.118200
v -0.356247 0.030997 0.054021
v 0.275013 -0.185255 -0.185215
v -0.346604 0.030225 0.130739
v 0.229290 -0.172006 -0.243579
v -0.323964 0.024986 0.204043
v 0.174484 -0.155442 -0.290951
v -0.289077 0.015670 0.271052
v -0.280914 -0.024047 -0.143677
v -0.320405 -0.039688 -0.164792
v -0.279431 -0.055235 -0.225712
v -0.244146 -0.037943 -0.198262
v 0.252656 -0.188481 0.230876
v 0.215888 -0.174584 0.285461
v -0.061847 -0.079520 0.390722
v -0.000706 -0.099532 0.395580
v -0.198551 -0.054454 -0.243524
v 0.279133 -0.199253 0.169117
v 0.294359 -0.206341 0.102512
v 0.297728 -0.209657 0.033685
v -0.307382 -0.013375 -0.081916
v 0.289124 -0.208966 -0.034763
v -0.322617 -0.006186 -0.015312
v 0.268861 -0.204404 -0.100238
v -0.325986 -0.002871 0.053515
v 0.237743 -0.195959 -0.160168
v -0.317382 -0.003561 0.121963
v 0.196906 -0.184103 -0.212286
v -0.297110 -0.008223 0.187439
v 0.147974 -0.169266 -0.254543
v -0.266002 -0.016568 0.247368
v 0.092771 -0.152071 -0.285297
v 0.059916 -0.119805 0.386849
v -0.225165 -0.028424 0.299486
v 0.033589 -0.133007 -0.303523
v 0.117566 -0.139636 0.364912
v -0.176232 -0.043261 0.341743
v -0.027552 -0.112995 -0.308380
v 0.170293 -0.158074 0.330724
v -0.121128 -0.060465 0.372500
v -0.396317 -0.093203 0.057925
v -0.392542 -0.096813 -0.019020
v -0.367008 -0.019799 -0.021467
v -0.370791 -0.016089 0.055477
v 0.322096 -0.243304 0.110269
v 0.325879 -0.247014 0.033326
v -0.350007 -0.027763 -0.095830
v 0.316243 -0.246239 -0.043192
v 0.293619 -0.241095 -0.116294
v 0.258836 -0.231769 -0.183208
v -0.361155 -0.016864 0.131994
v 0.213220 -0.218508 -0.241376
v -0.338531 -0.022009 0.205097
v 0.158522 -0.201932 -0.288552
v -0.303748 -0.031335 0.272010
v 0.096975 -0.182725 -0.323005
v 0.060203 -0.146733 0.427790
v -0.007517 -0.124039 0.437446
v -0.258232 -0.044604 0.330183
v 0.030798 -0.161480 -0.343308
v 0.124674 -0.168834 0.403334
v -0.203533 -0.061180 0.377358
v -0.037494 -0.139072 -0.348639
v 0.183447 -0.189432 0.365053
v -0.141887 -0.080378 0.411808
v -0.105115 -0.116370 -0.338988
v 0.234419 -0.207877 0.314518
v -0.075710 -0.101624 0.432111
v -0.169586 -0.094269 -0.314532
v 0.275493 -0.223415 0.253595
v -0.228458 -0.073680 -0.276247
v 0.305095 -0.235340 0.184632
v -0.329273 -0.108448 0.274458
v -0.300974 -0.157117 0.243682
v -0.331085 -0.149954 0.186140
v -0.364066 -0.099023 0.207543
v 0.233301 -0.308783 -0.180762
v 0.268093 -0.318208 -0.113846
v -0.386690 -0.093879 0.134440
v 0.187794 -0.295613 -0.238932
v 0.133095 -0.279037 -0.286108
v 0.071441 -0.259739 -0.320559
v 0.034669 -0.223747 0.430237
v -0.032943 -0.201145 0.439890
v -0.283666 -0.121609 0.332625
v 0.005263 -0.238494 -0.340862
v 0.099140 -0.245848 0.405781
v -0.228968 -0.138186 0.379801
v -0.062921 -0.216178 -0.346195
v 0.158020 -0.266537 0.367498
v -0.167413 -0.157492 0.414256
v -0.130641 -0.193484 -0.336540
v 0.208993 -0.284982 0.316962
v -0.101235 -0.178737 0.434559
v -0.195112 -0.171383 -0.312084
v 0.249959 -0.300429 0.256041
v -0.253893 -0.150685 -0.273805
v 0.279569 -0.312453 0.187080
v -0.304865 -0.132240 -0.223269
v 0.296570 -0.320418 0.112717
v -0.345931 -0.116802 -0.162344
v 0.300353 -0.324128 0.035774
v -0.375541 -0.104778 -0.093383
v 0.290718 -0.323352 -0.040744
v -0.406018 -0.157243 -0.016550
v -0.388939 -0.164585 -0.090127
v -0.340953 -0.154903 -0.072624
v -0.355712 -0.148619 -0.008624
v 0.046865 -0.275958 -0.268365
v 0.100325 -0.290912 -0.238789
v 0.014723 -0.246762 0.377288
v -0.043985 -0.229041 0.385794
v -0.261357 -0.167403 0.293715
v -0.010564 -0.259443 -0.285809
v 0.070685 -0.264013 0.356267
v -0.213974 -0.180192 0.334191
v -0.069771 -0.241972 -0.290391
v 0.121760 -0.280163 0.323299
v -0.160613 -0.195154 0.363770
v -0.128475 -0.224352 -0.281983
v 0.165943 -0.294556 0.279852
v -0.103188 -0.211671 0.381114
v -0.184433 -0.207100 -0.260862
v 0.201552 -0.306812 0.227381
v -0.235409 -0.190942 -0.227898
v 0.227304 -0.316202 0.168026
v -0.279592 -0.176548 -0.184450
v 0.242064 -0.322486 0.104025
v -0.315300 -0.164301 -0.131976
v 0.245311 -0.325467 0.037898
v 0.237034 -0.325008 -0.027855
v 0.217436 -0.321150 -0.090739
v -0.359068 -0.145546 0.057505
v 0.187226 -0.313996 -0.148277
v -0.350683 -0.146096 0.123256
v 0.147708 -0.303701 -0.198314
v -0.377585 -0.158891 0.207602
v -0.394925 -0.233206 0.209685
v -0.417459 -0.228744 0.137392
v -0.400227 -0.154338 0.135312
v 0.253718 -0.355923 -0.110975
v 0.276352 -0.360376 -0.038687
v -0.409807 -0.153847 0.059599
v 0.219042 -0.347581 -0.177274
v 0.173585 -0.335903 -0.234817
v 0.118958 -0.321119 -0.281461
v -0.342917 -0.167133 0.273899
v 0.057498 -0.303906 -0.315479
v 0.020523 -0.270259 0.427762
v -0.047093 -0.249965 0.437459
v -0.297352 -0.178902 0.331440
v -0.008585 -0.284857 -0.335544
v 0.084914 -0.290157 0.403467
v -0.242825 -0.193695 0.378088
v -0.076773 -0.264849 -0.340833
v 0.143632 -0.308746 0.365551
v -0.181365 -0.210908 0.412106
v -0.144299 -0.244447 -0.331141
v 0.194571 -0.325379 0.315482
v -0.115190 -0.229849 0.432165
v -0.208781 -0.224658 -0.306840
v 0.235532 -0.339312 0.255133
v -0.267499 -0.206069 -0.268924
v 0.265072 -0.350229 0.186754
v -0.318338 -0.189426 -0.218859
v 0.282143 -0.357472 0.113175
v -0.359407 -0.175403 -0.158508
v 0.285940 -0.360968 0.037028
v -0.289431 -0.303389 0.293883
v -0.314693 -0.253217 0.333523
v -0.260166 -0.268010 0.380170
v -0.242419 -0.314411 0.333839
v 0.101718 -0.395426 -0.279382
v 0.156245 -0.410218 -0.232735
v -0.360150 -0.241539 0.275979
v 0.040157 -0.378221 -0.313397
v 0.003191 -0.344674 0.429846
v -0.064334 -0.324272 0.439538
v -0.025917 -0.359271 -0.333459
v 0.067574 -0.364471 0.405549
v -0.094014 -0.339156 -0.338754
v 0.126391 -0.383052 0.367629
v -0.198605 -0.285215 0.414184
v -0.161631 -0.318861 -0.329057
v 0.177230 -0.399694 0.317565
v -0.132522 -0.304264 0.434249
v -0.226022 -0.298964 -0.304762
v 0.218200 -0.413727 0.257217
v -0.284839 -0.280383 -0.266841
v 0.247831 -0.424535 0.188832
v -0.335678 -0.263741 -0.216777
v 0.264811 -0.431887 0.115259
v -0.376639 -0.249809 -0.156428
v 0.268599 -0.435282 0.039110
v -0.406279 -0.238900 -0.088045
v 0.259020 -0.434791 -0.036603
v -0.423251 -0.231649 -0.014470
v 0.236477 -0.430229 -0.108897
v -0.427047 -0.228153 0.061677
v 0.201710 -0.421996 -0.175190
v -0.074942 -0.377443 0.428548
v -0.141362 -0.360392 0.423548
v -0.132522 -0.341661 0.380014
v -0.073821 -0.356768 0.384470
v -0.099234 -0.369513 -0.281924
v -0.040523 -0.384719 -0.277466
v 0.090594 -0.401265 0.322800
v 0.039877 -0.387200 0.355293
v -0.189446 -0.327407 0.362895
v -0.157448 -0.354161 -0.273591
v 0.134353 -0.413981 0.279837
v -0.212923 -0.339180 -0.252745
v 0.169757 -0.424636 0.228145
v -0.263549 -0.325007 -0.220258
v 0.195247 -0.432931 0.169579
v -0.307399 -0.312400 -0.177289
v 0.209895 -0.438607 0.106572
v -0.342803 -0.301745 -0.125596
v 0.213160 -0.441372 0.041341
v -0.368302 -0.293350 -0.067032
v 0.204934 -0.441094 -0.023510
v -0.382941 -0.287774 -0.004024
v 0.185524 -0.437807 -0.085389
v -0.386206 -0.285009 0.061207
v 0.155637 -0.431717 -0.142119
v -0.377980 -0.285286 0.126058
v 0.116385 -0.422992 -0.191335
v -0.358579 -0.288474 0.187936
v 0.069464 -0.411862 -0.231296
v -0.328683 -0.294664 0.244667
v 0.016400 -0.398974 -0.260347
v -0.015598 -0.372220 0.376140
v -0.407927 -0.305693 -0.082000
v -0.417084 -0.376005 -0.080306
v -0.388185 -0.385436 -0.146487
v -0.379128 -0.315133 -0.148177
v -0.289558 -0.341529 -0.255283
v -0.232318 -0.357514 -0.291992
v 0.200509 -0.454164 0.251759
v 0.229309 -0.463603 0.185582
v -0.339155 -0.327214 -0.206722
v 0.245993 -0.469940 0.114302
v 0.249657 -0.473107 0.040556
v 0.240385 -0.472752 -0.032764
v -0.424512 -0.299349 -0.010725
v 0.218313 -0.469118 -0.102756
v -0.428267 -0.296289 0.063027
v 0.184545 -0.462170 -0.166861
v -0.418904 -0.296536 0.136342
v 0.140214 -0.452275 -0.222611
v -0.396932 -0.300179 0.206338
v 0.087043 -0.439752 -0.267766
v -0.363164 -0.307127 0.270442
v 0.027151 -0.425096 -0.300594
v -0.009062 -0.394869 0.419162
v -0.318833 -0.317022 0.326193
v -0.037248 -0.409004 -0.319965
v 0.053699 -0.411782 0.395573
v -0.265662 -0.329545 0.371347
v -0.103677 -0.391854 -0.324967
v 0.110940 -0.427768 0.358864
v -0.205770 -0.344201 0.404175
v -0.169548 -0.374527 -0.315579
v 0.160537 -0.442083 0.310304
v -0.386280 -0.420780 0.063807
v -0.437333 -0.366493 0.064715
v -0.428061 -0.366848 0.138035
v -0.378421 -0.420743 0.125162
v 0.231228 -0.543064 -0.031070
v 0.240591 -0.543311 0.042244
v -0.433669 -0.369661 -0.009031
v 0.209247 -0.539322 -0.101068
v 0.175488 -0.532473 -0.165171
v 0.131148 -0.522479 -0.220923
v -0.406089 -0.370491 0.208032
v 0.077986 -0.510055 -0.266076
v -0.372221 -0.377431 0.272132
v 0.017994 -0.495408 -0.298900
v -0.083999 -0.447747 0.430238
v -0.018227 -0.465082 0.420855
v -0.327890 -0.387326 0.327883
v -0.046414 -0.479217 -0.318273
v 0.044543 -0.482094 0.397267
v -0.274719 -0.399849 0.373037
v -0.112734 -0.462157 -0.323277
v 0.101882 -0.498072 0.360554
v -0.214836 -0.414405 0.405864
v -0.178614 -0.444731 -0.313891
v 0.151471 -0.512287 0.311992
v -0.150428 -0.430596 0.425237
v -0.241384 -0.427718 -0.290303
v 0.191452 -0.524468 0.253449
v -0.298615 -0.411832 -0.253593
v 0.220243 -0.533807 0.187270
v -0.348213 -0.397517 -0.205032
v 0.236836 -0.540252 0.115996
v -0.089664 -0.474690 0.369413
v -0.034449 -0.486477 0.361428
v -0.023827 -0.520436 0.409916
v -0.087691 -0.506756 0.419096
v 0.090975 -0.527390 -0.175758
v 0.128132 -0.533925 -0.129106
v -0.360035 -0.422965 0.183757
v 0.046387 -0.519036 -0.213453
v -0.331609 -0.427524 0.237310
v -0.003946 -0.509204 -0.240948
v -0.294452 -0.434059 0.283962
v -0.058033 -0.498304 -0.257010
v 0.018274 -0.498061 0.341722
v -0.249764 -0.442404 0.321653
v -0.113713 -0.486750 -0.261213
v 0.066382 -0.509009 0.310870
v -0.199539 -0.452145 0.349150
v -0.169036 -0.474872 -0.253225
v 0.107983 -0.518860 0.270237
v -0.145452 -0.463044 0.365213
v -0.221759 -0.463288 -0.233520
v 0.141490 -0.527226 0.221175
v -0.269759 -0.452431 -0.202670
v 0.165755 -0.533768 0.165826
v -0.311460 -0.442588 -0.162033
v 0.179638 -0.538352 0.106130
v -0.344967 -0.434223 -0.112971
v 0.182803 -0.540668 0.044398
v -0.369240 -0.427581 -0.057623
v 0.174944 -0.540706 -0.016958
v -0.383115 -0.423097 0.002074
v 0.156550 -0.538384 -0.075555
v 0.140655 -0.557793 0.304467
v 0.140895 -0.630121 0.305841
v 0.092786 -0.618716 0.352799
v 0.092554 -0.546488 0.351426
v -0.324275 -0.459809 0.320323
v -0.367227 -0.452276 0.266467
v -0.051084 -0.534105 -0.304834
v 0.011382 -0.546658 -0.286157
v 0.037054 -0.533784 0.387030
v -0.272714 -0.469483 0.363883
v -0.115482 -0.520693 -0.309641
v -0.214555 -0.480791 0.395612
v -0.179346 -0.507013 -0.300461
v -0.152089 -0.493344 0.414289
v -0.240227 -0.493665 -0.277576
v 0.179492 -0.567431 0.247820
v -0.295818 -0.481069 -0.241966
v 0.207426 -0.575103 0.183844
v -0.343927 -0.469664 -0.195008
v 0.223504 -0.580351 0.114769
v -0.382665 -0.460018 -0.138365
v 0.227120 -0.582981 0.043517
v -0.410699 -0.452355 -0.074385
v 0.218086 -0.583068 -0.027302
v -0.426776 -0.447106 -0.005310
v 0.196789 -0.580437 -0.095102
v -0.430393 -0.444476 0.065942
v 0.164054 -0.575173 -0.157012
v -0.421358 -0.444389 0.136761
v 0.121003 -0.567648 -0.210864
v -0.400061 -0.447020 0.204561
v 0.069450 -0.558074 -0.254423
v 0.170995 -0.649793 0.106589
v 0.157492 -0.645808 0.164480
v 0.207658 -0.647331 0.185217
v 0.223835 -0.652571 0.116138
v -0.151849 -0.565672 0.415663
v -0.214314 -0.553118 0.396986
v -0.239986 -0.565992 -0.276202
v -0.179105 -0.579341 -0.299087
v 0.179732 -0.639759 0.249194
v -0.087451 -0.579084 0.420470
v -0.295586 -0.553297 -0.240594
v -0.343687 -0.541992 -0.193634
v -0.382433 -0.532246 -0.136993
v 0.227361 -0.655309 0.044891
v -0.410458 -0.524682 -0.073011
v 0.218417 -0.655288 -0.025933
v -0.426536 -0.519434 -0.003936
v 0.197021 -0.652665 -0.093730
v -0.430161 -0.516704 0.067314
v 0.164294 -0.647501 -0.155638
v -0.421118 -0.516717 0.138135
v 0.121243 -0.639976 -0.209490
v -0.399821 -0.519348 0.205935
v 0.069682 -0.630302 -0.253050
v -0.366995 -0.524504 0.267839
v 0.011623 -0.618986 -0.284783
v -0.023595 -0.592664 0.411288
v -0.324035 -0.532137 0.321697
v -0.050852 -0.606333 -0.303462
v 0.037294 -0.606112 0.388405
v -0.272482 -0.541711 0.365255
v -0.115241 -0.593020 -0.308267
v 0.148577 -0.650279 -0.069307
v 0.190839 -0.677417 -0.089618
v 0.211622 -0.679516 -0.023509
v 0.166453 -0.652071 -0.012503
v -0.336715 -0.561577 -0.105345
v -0.304239 -0.568902 -0.152886
v 0.174020 -0.651889 0.046860
v -0.360171 -0.555897 -0.051711
v -0.373674 -0.551911 0.006179
v -0.376600 -0.549807 0.065905
v 0.121088 -0.646517 -0.121179
v -0.369132 -0.549634 0.125271
v 0.085086 -0.641064 -0.166353
v -0.351256 -0.551426 0.182076
v 0.041965 -0.634073 -0.202877
v -0.323776 -0.555088 0.233946
v -0.006693 -0.625789 -0.229405
v -0.036170 -0.605082 0.354053
v -0.089647 -0.594957 0.361804
v -0.287765 -0.560640 0.279121
v -0.059015 -0.616539 -0.245003
v 0.014826 -0.614997 0.334882
v -0.244644 -0.567631 0.315645
v -0.112941 -0.606639 -0.249041
v 0.061335 -0.624359 0.305061
v -0.195887 -0.575907 0.342170
v -0.166409 -0.596614 -0.241288
v 0.101560 -0.632802 0.265654
v -0.143565 -0.585157 0.357767
v -0.217406 -0.586699 -0.222117
v 0.134027 -0.640028 0.218112
v -0.264014 -0.577345 -0.192293
v 0.066763 -0.658527 -0.244992
v 0.071592 -0.730568 -0.243799
v 0.121881 -0.738761 -0.201320
v 0.116952 -0.666729 -0.202509
v -0.420521 -0.560442 0.067783
v -0.416947 -0.562948 -0.001768
v 0.158943 -0.673061 -0.150040
v -0.411659 -0.560296 0.136906
v -0.390876 -0.562396 0.203014
v -0.358988 -0.566651 0.263435
v 0.010081 -0.648888 -0.275945
v -0.024217 -0.624764 0.403218
v -0.086516 -0.613062 0.412176
v -0.317088 -0.573092 0.315910
v -0.050810 -0.638101 -0.294148
v 0.035128 -0.636328 0.380857
v -0.266808 -0.581186 0.358387
v -0.113628 -0.626659 -0.298777
v 0.089303 -0.647224 0.346070
v -0.210127 -0.590824 0.389340
v -0.175829 -0.614949 -0.289823
v 0.136124 -0.657115 0.300233
v -0.149235 -0.601612 0.407543
v -0.235174 -0.603385 -0.267463
v 0.174008 -0.665507 0.245000
v -0.289348 -0.592489 -0.232675
v 0.201218 -0.672212 0.182535
v -0.336260 -0.582706 -0.186833
v 0.216911 -0.676864 0.115165
v -0.374053 -0.574206 -0.131605
v 0.220476 -0.679271 0.045612
v -0.401254 -0.567600 -0.069138
v -0.108700 -0.698691 -0.297588
v -0.105065 -0.725954 -0.251463
v -0.050967 -0.731924 -0.247407
v -0.045873 -0.710232 -0.292957
v -0.354051 -0.638783 0.264627
v -0.386047 -0.634436 0.204208
v 0.015010 -0.720920 -0.274756
v -0.019279 -0.696895 0.404409
v -0.081588 -0.685094 0.413366
v -0.312159 -0.645123 0.317099
v 0.040057 -0.708359 0.382047
v -0.261879 -0.653217 0.359577
v 0.094132 -0.719264 0.347264
v -0.205297 -0.662865 0.390534
v -0.170999 -0.686989 -0.288629
v 0.141052 -0.729146 0.301423
v -0.144406 -0.673653 0.408736
v -0.230344 -0.675425 -0.266269
v 0.178837 -0.737547 0.246194
v -0.284419 -0.664521 -0.231486
v 0.206146 -0.744244 0.183724
v -0.331331 -0.654738 -0.185643
v 0.221839 -0.748896 0.116354
v -0.369116 -0.646338 -0.130414
v 0.225305 -0.751311 0.046805
v -0.396425 -0.639641 -0.067945
v 0.216551 -0.751548 -0.022320
v -0.412118 -0.634989 -0.000575
v 0.195768 -0.749448 -0.088428
v -0.415592 -0.632474 0.068973
v 0.163772 -0.745102 -0.148847
v -0.406830 -0.632337 0.138099
v -0.256377 -0.707605 -0.193696
v -0.274643 -0.719825 -0.226897
v -0.221809 -0.726512 -0.261214
v -0.209778 -0.713556 -0.224086
v 0.069978 -0.732445 0.310402
v 0.023378 -0.726494 0.340792
v -0.187946 -0.702608 0.348394
v -0.236733 -0.697754 0.321435
v -0.158705 -0.719755 -0.243531
v 0.110332 -0.737977 0.270334
v -0.135532 -0.708134 0.364116
v 0.142875 -0.742795 0.222242
v -0.081435 -0.714104 0.368173
v 0.166348 -0.746681 0.167773
v -0.296823 -0.702182 -0.153623
v 0.179826 -0.749577 0.109061
v -0.329366 -0.697363 -0.105531
v 0.182783 -0.751292 0.048426
v -0.352839 -0.693478 -0.051062
v 0.175216 -0.751889 -0.011829
v -0.366317 -0.690581 0.007650
v 0.157303 -0.751217 -0.069411
v -0.369283 -0.688767 0.068283
v 0.129746 -0.749379 -0.122044
v -0.361707 -0.688269 0.128540
v 0.093629 -0.746353 -0.167668
v -0.343794 -0.688942 0.186123
v 0.050333 -0.742296 -0.204729
v -0.316237 -0.690779 0.238756
v 0.001546 -0.737442 -0.231688
v -0.027795 -0.720304 0.360241
v -0.280120 -0.693805 0.284379
v -0.383771 -0.703765 -0.065299
v -0.366320 -0.775641 -0.064590
v -0.339773 -0.780082 -0.126273
v -0.357124 -0.708197 -0.126986
v 0.177397 -0.759586 0.243968
v 0.203944 -0.764027 0.182285
v -0.320372 -0.713563 -0.181533
v 0.219258 -0.767291 0.115904
v 0.222624 -0.769298 0.047251
v 0.214038 -0.769908 -0.020972
v -0.398985 -0.700493 0.001078
v 0.193711 -0.769159 -0.086071
v -0.402451 -0.698493 0.069734
v 0.162538 -0.767038 -0.145678
v -0.393765 -0.697875 0.137954
v 0.121624 -0.763614 -0.197432
v -0.373537 -0.698633 0.203057
v 0.072673 -0.759113 -0.239391
v -0.342265 -0.700745 0.262660
v 0.017362 -0.753564 -0.269817
v -0.015789 -0.734204 0.400285
v -0.076490 -0.727185 0.409172
v -0.301459 -0.704078 0.314416
v -0.042024 -0.747361 -0.287689
v 0.042074 -0.741172 0.378194
v -0.252400 -0.708671 0.356372
v -0.103237 -0.740598 -0.292190
v 0.094916 -0.747958 0.343879
v -0.197098 -0.714119 0.386797
v -0.163938 -0.733580 -0.283303
v 0.140537 -0.754129 0.298517
v -0.137703 -0.720423 0.404671
v -0.376314 -0.769752 0.138663
v -0.334831 -0.804699 0.130142
v -0.342406 -0.805403 0.069489
v -0.385000 -0.770370 0.070443
v 0.231489 -0.841785 -0.020263
v 0.240075 -0.841175 0.047960
v -0.381534 -0.772370 0.001787
v 0.211161 -0.841036 -0.085362
v 0.179989 -0.838915 -0.144969
v 0.139084 -0.835590 -0.196721
v -0.356086 -0.770509 0.203766
v 0.090024 -0.830998 -0.238678
v -0.324914 -0.772630 0.263373
v 0.034822 -0.825541 -0.269106
v -0.059039 -0.799062 0.409881
v 0.001662 -0.806080 0.400994
v -0.284000 -0.776055 0.315126
v -0.024573 -0.819237 -0.286980
v 0.059533 -0.813148 0.378904
v -0.234949 -0.780547 0.357081
v -0.085786 -0.812475 -0.291481
v 0.112267 -0.819843 0.344592
v -0.179647 -0.785996 0.387506
v -0.146487 -0.805456 -0.282594
v 0.157997 -0.826106 0.299228
v -0.120252 -0.792300 0.405380
v -0.204358 -0.798389 -0.260504
v 0.194848 -0.831463 0.244677
v -0.257192 -0.791702 -0.226188
v 0.221395 -0.835904 0.182994
v -0.302913 -0.785539 -0.180823
v 0.236709 -0.839167 0.116613
v -0.142581 -0.851386 -0.281965
v -0.132677 -0.828569 -0.244544
v -0.183581 -0.824259 -0.224869
v -0.199867 -0.846477 -0.259856
v 0.118833 -0.846397 -0.168217
v 0.154855 -0.848121 -0.122215
v -0.316954 -0.804766 0.188115
v 0.075657 -0.843839 -0.205455
v -0.289462 -0.805700 0.241034
v 0.027007 -0.840682 -0.232586
v -0.001921 -0.825351 0.363365
v -0.055408 -0.820945 0.371326
v -0.253432 -0.807524 0.287037
v -0.025254 -0.837052 -0.248479
v 0.048983 -0.829661 0.343690
v -0.210255 -0.810082 0.324275
v -0.079198 -0.832876 -0.252507
v 0.095431 -0.833922 0.313074
v -0.161605 -0.813239 0.351406
v 0.135651 -0.837963 0.272782
v -0.109345 -0.816868 0.367299
v 0.168068 -0.841495 0.224270
v -0.230029 -0.819999 -0.194253
v 0.191462 -0.844589 0.169488
v -0.270249 -0.815957 -0.153962
v 0.204874 -0.846895 0.110368
v -0.302675 -0.812327 -0.105451
v 0.207807 -0.848518 0.049331
v -0.326060 -0.809332 -0.050668
v 0.200233 -0.849222 -0.011322
v -0.339472 -0.807026 0.008453
v 0.182356 -0.849155 -0.069295
v -0.301390 -0.889469 -0.178993
v -0.297320 -0.837147 -0.180149
v -0.333862 -0.833068 -0.125585
v -0.337824 -0.885481 -0.124432
v 0.195678 -0.865910 0.245404
v 0.159244 -0.861922 0.299966
v -0.055711 -0.842830 0.410691
v -0.116338 -0.838226 0.406209
v -0.252141 -0.841649 -0.225526
v 0.221942 -0.869371 0.183713
v 0.237093 -0.871947 0.117225
v 0.240442 -0.873756 0.048570
v -0.360117 -0.829706 -0.063893
v 0.231873 -0.874565 -0.019651
v -0.375176 -0.827021 0.002590
v 0.211700 -0.874507 -0.084842
v -0.378517 -0.825312 0.071247
v 0.180812 -0.873365 -0.144441
v -0.369957 -0.824404 0.139465
v 0.140324 -0.871410 -0.196183
v -0.349875 -0.824570 0.204663
v 0.091716 -0.868586 -0.238123
v -0.318995 -0.825612 0.264260
v 0.036973 -0.864996 -0.268534
v 0.004406 -0.847690 0.401786
v -0.278399 -0.827658 0.316000
v -0.021837 -0.860851 -0.286389
v 0.061692 -0.852600 0.379677
v -0.229891 -0.830491 0.357944
v -0.082464 -0.856247 -0.290871
v 0.113966 -0.857427 0.345346
v -0.175148 -0.834081 0.388354
v -0.350955 -0.949291 0.010911
v -0.379238 -0.879443 0.003747
v -0.382587 -0.877634 0.072403
v -0.353902 -0.948361 0.072661
v 0.233031 -0.924369 0.118382
v 0.236372 -0.926078 0.049725
v -0.364187 -0.882028 -0.062737
v 0.227812 -0.926986 -0.018493
v 0.207730 -0.926820 -0.083690
v 0.176750 -0.925787 -0.143284
v -0.374018 -0.876825 0.140623
v 0.136254 -0.923732 -0.195027
v -0.353945 -0.876892 0.205819
v 0.087746 -0.920899 -0.236971
v -0.322957 -0.878025 0.265414
v 0.033003 -0.917310 -0.267382
v 0.000336 -0.900012 0.402941
v -0.059780 -0.895152 0.411847
v -0.282469 -0.879980 0.317155
v -0.025907 -0.913173 -0.285233
v 0.057722 -0.904913 0.380828
v -0.233961 -0.882813 0.359100
v -0.086534 -0.908569 -0.289715
v 0.109996 -0.909741 0.346498
v -0.179218 -0.886403 0.389510
v -0.146651 -0.903708 -0.280809
v 0.155175 -0.914244 0.301121
v -0.120408 -0.890548 0.407365
v -0.203937 -0.898799 -0.258700
v 0.191617 -0.918331 0.246561
v -0.256211 -0.893971 -0.224370
v 0.217971 -0.921684 0.184865
v -0.009339 -0.922756 0.368914
v 0.042267 -0.920086 0.348878
v 0.089248 -0.917784 0.317816
v 0.129956 -0.915971 0.276993
v 0.162860 -0.914853 0.227874
v 0.186428 -0.914431 0.172317
v 0.200037 -0.914623 0.112548
v 0.203075 -0.915445 0.050792
v 0.195343 -0.916977 -0.010540
v 0.177223 -0.919047 -0.069063
v 0.149495 -0.921555 -0.122608
v 0.112948 -0.924500 -0.169001
v 0.069253 -0.927811 -0.206507
v 0.020047 -0.931229 -0.233792
v -0.032930 -0.934587 -0.249724
v -0.087434 -0.937983 -0.253586
v -0.141588 -0.941059 -0.245456
v -0.193086 -0.943820 -0.225423
v -0.240166 -0.946130 -0.194357
v -0.280882 -0.947844 -0.153536
v -0.313687 -0.948954 -0.104420
v -0.337346 -0.949483 -0.048858
v -0.346261 -0.946937 0.133999
v -0.328141 -0.944867 0.192522
v -0.300325 -0.942253 0.245961
v -0.263874 -0.939315 0.292458
v -0.220171 -0.936103 0.329966
v -0.170866 -0.932677 0.357247
v -0.117996 -0.929228 0.373181
v -0.063385 -0.925923 0.377041
v -0.039893 -0.916565 0.416903
v -0.109753 -0.922578 0.412776
v -0.177439 -0.928621 0.395054
v -0.240332 -0.934462 0.364434
v -0.296092 -0.939880 0.322124
v -0.342468 -0.944662 0.269634
v -0.377783 -0.948629 0.209100
v -0.400655 -0.951630 0.142769
v -0.410188 -0.953546 0.073206
v -0.405982 -0.954301 0.003096
v -0.388226 -0.953866 -0.064750
v -0.357632 -0.952266 -0.128004
v -0.315390 -0.949558 -0.183916
v -0.263024 -0.945842 -0.230625
v -0.202653 -0.941266 -0.266145
v -0.136522 -0.936002 -0.289186
v -0.067184 -0.930251 -0.298746
v 0.002673 -0.924240 -0.294719
v 0.070259 -0.918205 -0.276993
v 0.133252 -0.912357 -0.246377
v 0.188916 -0.906944 -0.203963
v 0.235388 -0.902156 -0.151577
v 0.270707 -0.898187 -0.090944
v 0.293575 -0.895189 -0.024712
v 0.303009 -0.893281 0.044855
v 0.298901 -0.892518 0.114961
v 0.281150 -0.892950 0.182907
v 0.250552 -0.894552 0.246061
v 0.208214 -0.897267 0.302077
v 0.029442 -0.910816 0.407243
v 0.155944 -0.900977 0.348682
v 0.095474 -0.905560 0.384206
v 0.225824 -0.926555 0.316479
v 0.228776 -0.961225 0.317029
v 0.173419 -0.965154 0.366358
v 0.170467 -0.930484 0.365808
v 0.326041 -0.922341 0.044533
v 0.316056 -0.924359 -0.029015
v -0.423526 -0.986853 0.000384
v -0.404824 -0.986401 -0.071403
v 0.291845 -0.927533 -0.099096
v -0.427979 -0.986055 0.074506
v 0.254501 -0.931729 -0.163151
v -0.417895 -0.984029 0.148050
v 0.205422 -0.936786 -0.218535
v -0.393783 -0.980864 0.218134
v 0.146476 -0.942515 -0.263320
v -0.356439 -0.976667 0.282189
v 0.080026 -0.948686 -0.295700
v -0.036491 -0.946958 0.437873
v 0.036811 -0.940880 0.427655
v -0.307356 -0.971608 0.337673
v 0.008510 -0.955073 -0.314470
v 0.106680 -0.935319 0.403264
v -0.248410 -0.965879 0.382458
v -0.065344 -0.961428 -0.318739
v -0.181864 -0.959701 0.414734
v -0.138650 -0.967508 -0.308620
v -0.110349 -0.953315 0.433505
v -0.208519 -0.973068 -0.284230
v 0.270533 -0.923689 0.257267
v -0.272402 -0.977910 -0.246669
v 0.302886 -0.921995 0.190441
v -0.327759 -0.981840 -0.197340
v 0.321687 -0.921535 0.118651
v -0.372471 -0.984707 -0.138228
v 0.039762 -0.975550 0.428205
v 0.109632 -0.969990 0.403815
v 0.273485 -0.958359 0.257817
v 0.305838 -0.956666 0.190992
v 0.324639 -0.956205 0.119201
v 0.328992 -0.957011 0.045083
v 0.319008 -0.959029 -0.028465
v 0.294796 -0.962203 -0.098545
v 0.257452 -0.966399 -0.162600
v 0.208373 -0.971456 -0.217984
v 0.149427 -0.977186 -0.262769
v 0.082977 -0.983357 -0.295149
v 0.011462 -0.989743 -0.313920
v -0.062393 -0.996098 -0.318188
v -0.135698 -1.002178 -0.308070
v -0.205568 -1.007738 -0.283679
v -0.269450 -1.012581 -0.246119
v -0.324807 -1.016510 -0.196790
v -0.369520 -1.019378 -0.137678
v -0.401873 -1.021071 -0.070852
v -0.420575 -1.021523 0.000934
v -0.425027 -1.020725 0.075056
v -0.414943 -1.018699 0.148600
v -0.390832 -1.015534 0.218685
v -0.353487 -1.011338 0.282740
v -0.304405 -1.006278 0.338224
v -0.245459 -1.000549 0.383009
v -0.178913 -0.994371 0.415285
v -0.107397 -0.987985 0.434055
v -0.033539 -0.981628 0.438424
v -0.033150 -0.980539 0.435385
v -0.106705 -0.986869 0.431105
v -0.178018 -0.993236 0.412426
v -0.244364 -0.999397 0.380143
v -0.303103 -1.005106 0.335549
v -0.351980 -1.010144 0.280257
v -0.389213 -1.014327 0.216498
v -0.413217 -1.017480 0.146609
v -0.423294 -1.019502 0.073265
v -0.418829 -1.020294 -0.000557
v -0.400220 -1.019846 -0.072140
v -0.367955 -1.018156 -0.138662
v -0.323437 -1.015303 -0.197666
v -0.268272 -1.011387 -0.246787
v -0.204585 -1.006560 -0.284240
v -0.134911 -1.001014 -0.308523
v -0.061904 -0.994959 -0.318629
v 0.011652 -0.988629 -0.314348
v 0.082964 -0.982262 -0.295670
v 0.149212 -0.976110 -0.263382
v 0.207951 -0.970401 -0.218789
v 0.256926 -0.965354 -0.163501
v 0.294060 -0.961180 -0.099738
v 0.318164 -0.958019 -0.029853
v 0.328237 -0.955998 0.043391
v 0.323776 -0.955204 0.117313
v 0.305067 -0.955660 0.188900
v 0.272902 -0.957343 0.255418
v 0.228285 -0.960204 0.314426
v 0.039857 -0.974485 0.425279
v 0.173119 -0.964120 0.363547
v 0.109531 -0.968939 0.400996
v 0.078086 -1.149521 0.524757
v 0.166166 -1.142509 0.494139
v 0.246529 -1.136419 0.446818
v 0.316257 -1.131470 0.384711
v 0.372549 -1.127860 0.310229
v 0.413215 -1.125734 0.226063
v 0.436891 -1.125154 0.135667
v 0.442405 -1.126167 0.042292
v 0.429801 -1.128710 -0.050264
v 0.399312 -1.132707 -0.138506
v 0.352360 -1.137985 -0.219189
v 0.290562 -1.144355 -0.289077
v 0.216316 -1.151571 -0.345461
v 0.132596 -1.159344 -0.386160
v 0.042448 -1.167394 -0.409793
v -0.050496 -1.175392 -0.415204
v -0.142747 -1.183043 -0.402431
v -0.230823 -1.190053 -0.371714
v -0.311189 -1.196145 -0.324493
v -0.380917 -1.201095 -0.262385
v -0.437205 -1.204702 -0.187804
v -0.477971 -1.206836 -0.103633
v -0.501547 -1.207408 -0.013242
v -0.507164 -1.206405 0.080038
v -0.494457 -1.203852 0.172689
v -0.464068 -1.199864 0.260935
v -0.417016 -1.194578 0.341615
v -0.355222 -1.188209 0.411402
v -0.280976 -1.180993 0.467787
v -0.197253 -1.173218 0.508586
v -0.107108 -1.165170 0.532119
v -0.014160 -1.157170 0.537629
v -0.015485 -1.155944 0.539758
v -0.108930 -1.163986 0.534267
v -0.199481 -1.172072 0.510550
v -0.283710 -1.179893 0.469572
v -0.358266 -1.187139 0.412899
v -0.420374 -1.193541 0.342724
v -0.467640 -1.198852 0.261653
v -0.498247 -1.202867 0.172915
v -0.510970 -1.205427 0.079864
v -0.505372 -1.206439 -0.013915
v -0.481619 -1.205862 -0.104914
v -0.440666 -1.203717 -0.189392
v -0.384094 -1.200092 -0.264385
v -0.314079 -1.195123 -0.326804
v -0.233226 -1.188995 -0.374345
v -0.144756 -1.181952 -0.405178
v -0.052011 -1.174262 -0.418070
v 0.041534 -1.166211 -0.412583
v 0.132084 -1.158126 -0.388866
v 0.216214 -1.150313 -0.347884
v 0.290870 -1.143058 -0.291215
v 0.352981 -1.136654 -0.220940
v 0.400244 -1.131345 -0.139969
v 0.430855 -1.127329 -0.051131
v 0.443577 -1.124768 0.041920
v 0.437979 -1.123756 0.135699
v 0.414223 -1.124335 0.226598
v 0.373273 -1.126478 0.311176
v 0.316698 -1.130105 0.386069
v 0.077359 -1.148245 0.526862
v 0.246583 -1.135083 0.448492
v 0.165830 -1.141203 0.496029
v -0.530819 -1.226983 0.181524
v -0.522270 -1.327407 0.183119
v -0.535952 -1.330158 0.083202
v -0.544501 -1.229734 0.081608
v -0.209957 -1.193909 0.544197
v -0.300382 -1.202305 0.500263
v -0.151137 -1.204518 -0.439335
v -0.051549 -1.196260 -0.453200
v 0.344460 -1.148834 0.410491
v 0.269240 -1.154172 0.477620
v -0.112659 -1.185222 0.569647
v -0.246202 -1.212085 -0.406238
v 0.405211 -1.144940 0.330029
v -0.012317 -1.176586 0.575565
v -0.333003 -1.218664 -0.355159
v 0.449214 -1.142636 0.239226
v -0.408227 -1.224003 -0.288130
v 0.474707 -1.142017 0.141554
v -0.468978 -1.227898 -0.207668
v 0.480738 -1.143102 0.040854
v -0.512977 -1.230200 -0.116765
v 0.467052 -1.145855 -0.059163
v -0.538473 -1.230821 -0.019193
v 0.434203 -1.150164 -0.154416
v 0.383414 -1.155871 -0.241551
v 0.316720 -1.162746 -0.316947
v -0.497965 -1.222672 0.276877
v 0.236619 -1.170531 -0.377802
v -0.447181 -1.216967 0.363912
v 0.146191 -1.178928 -0.421836
v 0.087370 -1.168320 0.561696
v -0.380486 -1.210092 0.439308
v 0.048893 -1.187616 -0.447286
v 0.182435 -1.160752 0.528599
v 0.095919 -1.268744 0.563291
v 0.190985 -1.261176 0.530194
v 0.277789 -1.254596 0.479215
v 0.353009 -1.249258 0.412086
v 0.413760 -1.245364 0.331624
v 0.457763 -1.243060 0.240821
v 0.483256 -1.242441 0.143149
v 0.489288 -1.243526 0.042448
v 0.475601 -1.246279 -0.057569
v 0.442752 -1.250588 -0.152821
v 0.391963 -1.256295 -0.239957
v 0.325269 -1.263170 -0.315353
v 0.245168 -1.270955 -0.376207
v 0.154740 -1.279353 -0.420242
v 0.057442 -1.288040 -0.445692
v -0.043000 -1.296684 -0.451605
v -0.142588 -1.304942 -0.437740
v -0.237653 -1.312510 -0.404644
v -0.324454 -1.319088 -0.353565
v -0.399677 -1.324428 -0.286536
v -0.460428 -1.328322 -0.206073
v -0.504427 -1.330624 -0.115170
v -0.529924 -1.331245 -0.017598
v -0.489416 -1.323096 0.278472
v -0.438631 -1.317391 0.365507
v -0.371937 -1.310516 0.440903
v -0.291832 -1.302729 0.501858
v -0.201408 -1.294333 0.545792
v -0.104110 -1.285646 0.571242
v -0.003768 -1.277010 0.577159
v -0.465233 -1.246699 0.339246
v -0.469059 -1.246998 0.340899
v -0.462749 -1.321121 0.342076
v -0.458923 -1.320822 0.340423
v -0.473115 -1.247330 0.341760
v -0.466805 -1.321453 0.342937
v -0.477301 -1.247685 0.341827
v -0.470991 -1.321808 0.343004
v -0.481421 -1.248049 0.340990
v -0.475111 -1.322172 0.342167
v -0.485269 -1.248401 0.339442
v -0.478959 -1.322524 0.340619
v -0.482436 -1.322856 0.338355
v -0.488746 -1.248733 0.337179
v -0.485441 -1.323159 0.335373
v -0.491752 -1.249037 0.334196
v -0.494075 -1.249289 0.330786
v -0.487765 -1.323411 0.331963
v -0.489407 -1.323612 0.328126
v -0.495717 -1.249489 0.326949
v -0.490264 -1.323751 0.323958
v -0.496574 -1.249628 0.322781
v -0.490221 -1.323812 0.319854
v -0.496532 -1.249690 0.318677
v -0.495792 -1.249693 0.314545
v -0.489482 -1.323815 0.315722
v -0.487934 -1.323745 0.311858
v -0.494244 -1.249622 0.310681
v -0.485574 -1.323599 0.308362
v -0.491884 -1.249477 0.307185
v -0.482698 -1.323402 0.305346
v -0.489008 -1.249280 0.304169
v -0.479297 -1.323150 0.303009
v -0.485607 -1.249027 0.301832
v -0.475371 -1.322842 0.301352
v -0.481681 -1.248719 0.300175
v -0.471315 -1.322511 0.300491
v -0.477626 -1.248388 0.299314
v -0.467130 -1.322155 0.300424
v -0.473440 -1.248033 0.299248
v -0.469419 -1.247677 0.300088
v -0.463109 -1.321800 0.301265
v -0.465471 -1.247316 0.301632
v -0.459161 -1.321439 0.302809
v -0.455684 -1.321107 0.305073
v -0.461995 -1.246984 0.303896
v -0.452782 -1.320814 0.307959
v -0.459092 -1.246691 0.306782
v -0.456665 -1.246429 0.310288
v -0.450355 -1.320552 0.311465
v -0.455123 -1.246237 0.314129
v -0.448813 -1.320360 0.315306
v -0.447959 -1.320222 0.319374
v -0.454269 -1.246100 0.318197
v -0.454209 -1.246028 0.322398
v -0.447899 -1.320151 0.323574
v -0.448639 -1.320148 0.327706
v -0.454949 -1.246025 0.326529
v -0.450187 -1.320218 0.331570
v -0.456497 -1.246096 0.330393
v -0.458856 -1.246241 0.333889
v -0.452546 -1.320364 0.335066
v -0.487237 -1.230316 0.325859
v -0.488414 -1.230657 0.323308
v -0.461733 -1.246438 0.336905
v -0.455423 -1.320561 0.338082
v -0.476510 -1.233285 0.334214
v -0.463359 -1.221449 0.326380
v -0.463609 -1.219497 0.324250
v -0.479040 -1.232207 0.333490
v -0.478465 -1.242327 0.306236
v -0.480888 -1.240821 0.306600
v -0.463029 -1.244762 0.323010
v -0.463268 -1.245629 0.320233
v -0.481486 -1.231232 0.332163
v -0.486959 -1.236056 0.310544
v -0.488201 -1.234622 0.312666
v -0.466712 -1.246547 0.312475
v -0.468631 -1.246243 0.310340
v -0.469151 -1.237591 0.333316
v -0.471456 -1.236067 0.334175
v -0.467053 -1.239239 0.332066
v -0.489076 -1.231259 0.320542
v -0.475933 -1.243612 0.306565
v -0.463331 -1.243542 0.325601
v -0.483713 -1.230646 0.330435
v -0.485290 -1.237649 0.308709
v -0.465110 -1.246574 0.314816
v -0.473882 -1.234563 0.334439
v -0.489314 -1.232127 0.317765
v -0.473303 -1.244681 0.307286
v -0.464143 -1.242266 0.328109
v -0.485731 -1.230349 0.328304
v -0.483204 -1.239200 0.307358
v -0.463929 -1.246231 0.317467
v -0.489016 -1.233348 0.315075
v -0.470858 -1.245657 0.308612
v -0.465384 -1.240833 0.330231
v -0.463729 -1.226351 0.329391
v -0.464366 -1.229102 0.330268
v -0.465328 -1.231787 0.330657
v -0.466522 -1.234401 0.330452
v -0.467842 -1.236934 0.329750
v -0.469311 -1.239084 0.328646
v -0.470925 -1.240953 0.327042
v -0.472484 -1.242421 0.325127
v -0.474109 -1.243299 0.322804
v -0.475473 -1.243755 0.320362
v -0.476796 -1.243609 0.317708
v -0.477950 -1.243045 0.315139
v -0.478753 -1.241848 0.312644
v -0.479287 -1.240226 0.310231
v -0.479633 -1.238280 0.308205
v -0.479503 -1.235888 0.306453
v -0.479163 -1.233369 0.305191
v -0.478518 -1.230719 0.304315
v -0.477564 -1.227933 0.303925
v -0.476470 -1.225328 0.304134
v -0.475050 -1.222787 0.304832
v -0.473581 -1.220637 0.305936
v -0.472067 -1.218776 0.307544
v -0.470408 -1.217299 0.309454
v -0.468883 -1.216430 0.311781
v -0.467419 -1.215966 0.314219
v -0.466100 -1.216114 0.316774
v -0.465042 -1.216684 0.319447
v -0.464239 -1.217881 0.321941
v -0.463389 -1.223833 0.328128
v -0.523808 -1.258926 -0.116803
v -0.517498 -1.333049 -0.115626
v -0.514496 -1.332748 -0.112744
v -0.520807 -1.258625 -0.113921
v -0.519922 -1.333309 -0.119032
v -0.526232 -1.259187 -0.120209
v -0.527874 -1.259387 -0.124046
v -0.521564 -1.333510 -0.122869
v -0.522516 -1.333656 -0.126934
v -0.528826 -1.259533 -0.128111
v -0.528887 -1.259605 -0.132311
v -0.522577 -1.333728 -0.131134
v -0.521936 -1.333739 -0.135262
v -0.528247 -1.259616 -0.136439
v -0.520389 -1.333668 -0.139126
v -0.526699 -1.259546 -0.140303
v -0.524542 -1.259419 -0.143891
v -0.518232 -1.333542 -0.142714
v -0.515355 -1.333345 -0.145730
v -0.521666 -1.259222 -0.146907
v -0.518268 -1.258971 -0.149343
v -0.511958 -1.333094 -0.148166
v -0.514442 -1.258672 -0.150996
v -0.508132 -1.332795 -0.149819
v -0.504081 -1.332465 -0.150781
v -0.510391 -1.258342 -0.151958
v -0.506209 -1.257989 -0.152124
v -0.499899 -1.332112 -0.150947
v -0.502092 -1.257627 -0.151387
v -0.495782 -1.331750 -0.150210
v -0.491938 -1.331399 -0.148762
v -0.498248 -1.257277 -0.149939
v -0.494671 -1.256936 -0.147680
v -0.488361 -1.331059 -0.146503
v -0.491670 -1.256635 -0.144797
v -0.485360 -1.330758 -0.143620
v -0.482936 -1.330497 -0.140214
v -0.489246 -1.256375 -0.141391
v -0.481195 -1.330288 -0.136381
v -0.487505 -1.256166 -0.137558
v -0.486652 -1.256028 -0.133490
v -0.480341 -1.330151 -0.132313
v -0.480181 -1.330071 -0.128117
v -0.486492 -1.255948 -0.129293
v -0.487231 -1.255945 -0.125162
v -0.480921 -1.330068 -0.123985
v -0.488680 -1.256007 -0.121302
v -0.482370 -1.330130 -0.120125
v -0.484626 -1.330265 -0.116533
v -0.490936 -1.256142 -0.117710
v -0.487502 -1.330462 -0.113517
v -0.493812 -1.256339 -0.114694
v -0.497210 -1.256590 -0.112257
v -0.490900 -1.330713 -0.111080
v -0.494722 -1.331010 -0.109328
v -0.501032 -1.256887 -0.110504
v -0.505087 -1.257219 -0.109643
v -0.498777 -1.331342 -0.108466
v -0.509269 -1.257572 -0.109477
v -0.502959 -1.331695 -0.108300
v -0.506976 -1.332049 -0.109041
v -0.513286 -1.257926 -0.110217
v -0.516570 -1.240418 -0.140454
v -0.518598 -1.240355 -0.138276
v -0.517230 -1.258285 -0.111662
v -0.510920 -1.332407 -0.110485
v -0.522063 -1.243195 -0.127881
v -0.521654 -1.244424 -0.125270
v -0.509931 -1.232432 -0.115637
v -0.508243 -1.230297 -0.116643
v -0.496339 -1.250917 -0.138923
v -0.497658 -1.249356 -0.141005
v -0.505186 -1.255357 -0.118282
v -0.502679 -1.255969 -0.119668
v -0.521869 -1.242017 -0.130613
v -0.506643 -1.243455 -0.144778
v -0.504015 -1.244734 -0.144554
v -0.495742 -1.255521 -0.128649
v -0.496895 -1.256078 -0.125992
v -0.517521 -1.248894 -0.119237
v -0.519323 -1.247368 -0.120899
v -0.515427 -1.250503 -0.117985
v -0.514402 -1.240763 -0.142232
v -0.495423 -1.252306 -0.136529
v -0.507850 -1.254367 -0.117499
v -0.521239 -1.241203 -0.133255
v -0.501650 -1.246227 -0.143815
v -0.498479 -1.256375 -0.123523
v -0.520742 -1.245815 -0.122976
v -0.511895 -1.241375 -0.143617
v -0.495018 -1.253537 -0.134019
v -0.510438 -1.253276 -0.117121
v -0.520186 -1.240653 -0.135908
v -0.499469 -1.247730 -0.142668
v -0.500411 -1.256306 -0.121449
v -0.509231 -1.242365 -0.144400
v -0.495112 -1.254706 -0.131291
v -0.513066 -1.251998 -0.117346
v -0.513891 -1.243021 -0.116485
v -0.514031 -1.245564 -0.117832
v -0.513792 -1.247979 -0.119497
v -0.513201 -1.249967 -0.121483
v -0.512344 -1.251636 -0.123686
v -0.511027 -1.252866 -0.126015
v -0.509562 -1.253481 -0.128361
v -0.507832 -1.253672 -0.130725
v -0.506046 -1.253253 -0.132903
v -0.504186 -1.252424 -0.134892
v -0.502267 -1.250983 -0.136594
v -0.500469 -1.249146 -0.137999
v -0.498777 -1.247009 -0.138905
v -0.497403 -1.244491 -0.139406
v -0.496217 -1.241880 -0.139401
v -0.495324 -1.239188 -0.138986
v -0.494817 -1.236420 -0.138057
v -0.494681 -1.233879 -0.136810
v -0.494920 -1.231464 -0.135145
v -0.495511 -1.229475 -0.133159
v -0.496368 -1.227807 -0.130956
v -0.497685 -1.226577 -0.128628
v -0.499146 -1.225960 -0.126181
v -0.500880 -1.225771 -0.123917
v -0.502662 -1.226187 -0.121639
v -0.504522 -1.227017 -0.119650
v -0.506442 -1.228458 -0.117948
v -0.511305 -1.234950 -0.115136
v -0.513376 -1.240353 -0.115555
v -0.512491 -1.237561 -0.115141
v -0.546196 -1.257034 0.122431
v -0.539886 -1.331156 0.123608
v -0.535693 -1.330797 0.123741
v -0.542003 -1.256675 0.122564
v -0.544006 -1.331521 0.122771
v -0.550316 -1.257398 0.121594
v -0.554069 -1.257743 0.119942
v -0.547759 -1.331866 0.121119
v -0.557553 -1.258079 0.117479
v -0.551243 -1.332202 0.118656
v -0.554049 -1.332488 0.115666
v -0.560360 -1.258366 0.114489
v -0.562588 -1.258611 0.110975
v -0.556278 -1.332734 0.112152
v -0.564134 -1.258805 0.107034
v -0.557824 -1.332928 0.108211
v -0.558577 -1.333057 0.104138
v -0.564888 -1.258934 0.102962
v -0.564749 -1.258989 0.098754
v -0.558439 -1.333112 0.099930
v -0.563906 -1.258981 0.094718
v -0.557596 -1.333104 0.095895
v -0.555849 -1.333017 0.092023
v -0.562159 -1.258894 0.090846
v -0.559795 -1.258747 0.087450
v -0.553485 -1.332870 0.088627
v -0.556815 -1.258540 0.084530
v -0.550505 -1.332662 0.085707
v -0.547001 -1.332399 0.083466
v -0.553311 -1.258277 0.082289
v -0.543071 -1.332090 0.081909
v -0.549382 -1.257967 0.080732
v -0.545322 -1.257634 0.079970
v -0.539012 -1.331756 0.081147
v -0.534819 -1.331397 0.081281
v -0.541129 -1.257274 0.080104
v -0.530695 -1.331031 0.082218
v -0.537005 -1.256909 0.081041
v -0.533252 -1.256563 0.082693
v -0.526942 -1.330686 0.083869
v -0.523462 -1.330352 0.086233
v -0.529772 -1.256229 0.085056
v -0.526965 -1.255943 0.088046
v -0.520655 -1.330065 0.089223
v -0.524733 -1.255695 0.091660
v -0.518423 -1.329818 0.092836
v -0.516881 -1.329626 0.096678
v -0.523191 -1.255503 0.095501
v -0.516123 -1.329495 0.100850
v -0.522433 -1.255372 0.099673
v -0.522576 -1.255319 0.103781
v -0.516266 -1.329442 0.104958
v -0.517105 -1.329448 0.109094
v -0.523415 -1.255325 0.107917
v -0.525166 -1.255414 0.111689
v -0.518856 -1.329537 0.112866
v -0.527526 -1.255560 0.115185
v -0.521216 -1.329682 0.116362
v -0.524196 -1.329889 0.119282
v -0.530506 -1.255767 0.118105
v -0.534010 -1.256029 0.120345
v -0.527700 -1.330152 0.121522
v -0.557005 -1.239811 0.101895
v -0.556899 -1.240049 0.098993
v -0.537943 -1.256341 0.121803
v -0.531633 -1.330464 0.122979
v -0.550429 -1.243077 0.113818
v -0.535438 -1.230983 0.112414
v -0.534883 -1.228959 0.110452
v -0.552500 -1.241976 0.112074
v -0.540766 -1.251109 0.087179
v -0.543127 -1.249614 0.086540
v -0.533427 -1.254158 0.108677
v -0.532462 -1.254920 0.106052
v -0.554275 -1.240955 0.110020
v -0.552362 -1.243631 0.089280
v -0.550297 -1.244984 0.087825
v -0.533391 -1.255178 0.094782
v -0.532449 -1.255558 0.097456
v -0.545797 -1.245863 0.115796
v -0.543355 -1.247360 0.115932
v -0.540927 -1.248967 0.115470
v -0.556465 -1.240559 0.096183
v -0.538499 -1.252402 0.088418
v -0.534835 -1.253036 0.111011
v -0.555537 -1.240301 0.107453
v -0.547997 -1.246510 0.086866
v -0.532023 -1.255676 0.100345
v -0.548261 -1.244378 0.115061
v -0.555501 -1.241321 0.093559
v -0.536428 -1.253503 0.090162
v -0.536565 -1.251848 0.112956
v -0.556479 -1.239921 0.104780
v -0.545578 -1.248018 0.086402
v -0.532029 -1.255430 0.103243
v -0.554093 -1.242443 0.091225
v -0.534749 -1.254530 0.092319
v -0.538627 -1.250493 0.114510
v -0.537025 -1.235997 0.114873
v -0.537880 -1.238774 0.115259
v -0.538862 -1.241469 0.115147
v -0.539776 -1.244068 0.114431
v -0.540717 -1.246576 0.113214
v -0.541615 -1.248689 0.111387
v -0.542351 -1.250492 0.109247
v -0.543033 -1.251894 0.106798
v -0.543479 -1.252678 0.104027
v -0.543759 -1.253047 0.101243
v -0.543895 -1.252804 0.098340
v -0.543862 -1.252143 0.095524
v -0.543574 -1.250856 0.092886
v -0.543208 -1.249156 0.090537
v -0.542550 -1.247122 0.088672
v -0.541911 -1.244682 0.087200
v -0.541062 -1.242116 0.086217
v -0.540099 -1.239430 0.085829
v -0.539225 -1.236644 0.085942
v -0.538212 -1.234037 0.086655
v -0.537371 -1.231537 0.087876
v -0.536476 -1.229426 0.089603
v -0.535740 -1.227623 0.091743
v -0.535054 -1.226219 0.094292
v -0.534612 -1.225436 0.096963
v -0.534228 -1.225057 0.099843
v -0.534192 -1.225309 0.102749
v -0.534225 -1.225969 0.105566
v -0.534414 -1.227249 0.108200
v -0.536176 -1.233431 0.113890
vn -0.3136 -0.9491 0.0301
vn -0.3137 -0.9490 0.0303
vn -0.3136 -0.9491 0.0302
vn -0.3138 -0.9490 0.0303
vn -0.3138 -0.9490 0.0302
vn -0.3137 -0.9490 0.0301
vn -0.3138 -0.9490 0.0300
vn -0.3138 -0.9490 0.0301
vn -0.3137 -0.9490 0.0300
vn -0.3133 -0.9492 0.0300
vn -0.3135 -0.9491 0.0301
vn -0.3137 -0.9491 0.0300
vn -0.2035 0.9784 0.0352
vn -0.2036 0.9784 0.0352
vn -0.2035 0.9784 0.0351
vn -0.2034 0.9785 0.0351
vn -0.4386 0.1728 0.8819
vn -0.4385 0.1729 0.8819
vn -0.4385 0.1728 0.8820
vn -0.1375 0.0141 -0.9904
vn -0.1374 0.0138 -0.9904
vn -0.1374 0.0140 -0.9904
vn 0.7301 -0.2614 -0.6313
vn 0.7301 -0.2614 -0.6314
vn 0.7301 -0.2613 -0.6314
vn -0.2572 0.1155 0.9594
vn -0.2571 0.1154 0.9595
vn -0.2570 0.1154 0.9595
vn -0.3296 0.0791 -0.9408
vn -0.3295 0.0791 -0.9408
vn 0.5980 -0.2222 -0.7701
vn 0.5980 -0.2221 -0.7701
vn 0.5978 -0.2221 -0.7702
vn 0.5975 -0.2226 -0.7704
vn -0.0617 0.0521 0.9967
vn -0.0616 0.0521 0.9967
vn -0.0618 0.0520 0.9967
vn -0.5043 0.1398 -0.8521
vn -0.5046 0.1398 -0.8519
vn -0.5046 0.1397 -0.8520
vn 0.4385 -0.1729 -0.8819
vn 0.4384 -0.1726 -0.8820
vn 0.4385 -0.1728 -0.8820
vn 0.1374 -0.0141 0.9904
vn 0.1374 -0.0140 0.9904
vn -0.6550 0.1931 -0.7306
vn 0.2571 -0.1154 -0.9595
vn 0.2572 -0.1154 -0.9594
vn 0.3296 -0.0791 0.9408
vn 0.3297 -0.0791 0.9408
vn 0.3298 -0.0792 0.9407
vn -0.7766 0.2379 -0.5834
vn 0.0616 -0.0521 -0.9967
vn 0.0616 -0.0520 -0.9967
vn 0.5046 -0.1394 0.8520
vn 0.5046 -0.1397 0.8519
vn 0.5047 -0.1393 0.8520
vn -0.8660 0.2733 -0.4187
vn -0.8662 0.2729 -0.4186
vn -0.8661 0.2730 -0.4188
vn -0.8661 0.2729 -0.4189
vn 0.6552 -0.1934 0.7303
vn -0.9233 0.2974 -0.2431
vn -0.9232 0.2975 -0.2432
vn 0.7764 -0.2381 0.5835
vn 0.7763 -0.2381 0.5836
vn -0.9483 0.3113 -0.0614
vn -0.9483 0.3114 -0.0614
vn 0.8660 -0.2729 0.4190
vn 0.8660 -0.2731 0.4188
vn 0.8660 -0.2730 0.4189
vn 0.8660 -0.2731 0.4189
vn -0.9413 0.3150 0.1214
vn -0.9413 0.3148 0.1215
vn -0.9413 0.3150 0.1215
vn 0.9233 -0.2974 0.2431
vn 0.9233 -0.2973 0.2431
vn 0.9233 -0.2974 0.2429
vn -0.9025 0.3079 0.3012
vn 0.9483 -0.3114 0.0615
vn 0.9483 -0.3115 0.0614
vn 0.9483 -0.3113 0.0618
vn 0.9483 -0.3115 0.0615
vn -0.8321 0.2903 0.4726
vn -0.8321 0.2900 0.4728
vn -0.8320 0.2899 0.4729
vn -0.8321 0.2900 0.4729
vn 0.9413 -0.3148 -0.1218
vn 0.9413 -0.3151 -0.1214
vn 0.9413 -0.3149 -0.1216
vn 0.9413 -0.3149 -0.1215
vn -0.7303 0.2611 0.6313
vn 0.9025 -0.3079 -0.3012
vn 0.9025 -0.3079 -0.3011
vn -0.5977 0.2218 0.7704
vn -0.5980 0.2221 0.7701
vn 0.8320 -0.2900 -0.4730
vn 0.8320 -0.2897 -0.4731
vn -0.5489 -0.7980 0.2488
vn -0.5489 -0.7980 0.2487
vn 0.7347 0.6716 0.0957
vn 0.7349 0.6713 0.0961
vn 0.7350 0.6712 0.0962
vn 0.7350 0.6712 0.0961
vn -0.1820 0.9753 0.1252
vn -0.1821 0.9753 0.1252
vn 0.7488 0.6628 0.0050
vn 0.7489 0.6627 0.0049
vn 0.7488 0.6628 0.0049
vn -0.1432 0.9672 0.2098
vn -0.1432 0.9672 0.2097
vn 0.7454 0.6609 -0.0872
vn -0.0880 0.9542 0.2861
vn -0.0880 0.9542 0.2859
vn -0.0882 0.9542 0.2859
vn 0.7247 0.6659 -0.1773
vn 0.7245 0.6661 -0.1773
vn 0.7244 0.6662 -0.1774
vn 0.7246 0.6660 -0.1773
vn -0.0188 0.9364 0.3505
vn -0.0191 0.9363 0.3506
vn -0.0186 0.9364 0.3504
vn -0.0187 0.9364 0.3505
vn 0.6869 0.6779 -0.2620
vn 0.6868 0.6780 -0.2619
vn 0.0613 0.9140 0.4010
vn 0.0620 0.9140 0.4009
vn 0.0615 0.9140 0.4009
vn 0.0617 0.9141 0.4009
vn 0.2095 0.8400 -0.5006
vn 0.2095 0.8399 -0.5006
vn 0.2095 0.8400 -0.5005
vn 0.6335 0.6960 -0.3380
vn 0.6335 0.6959 -0.3382
vn 0.6336 0.6958 -0.3382
vn 0.1511 0.8877 0.4350
vn 0.1513 0.8876 0.4349
vn 0.1508 0.8877 0.4350
vn 0.1166 0.8702 -0.4788
vn 0.1167 0.8701 -0.4788
vn 0.1166 0.8702 -0.4787
vn 0.1165 0.8702 -0.4787
vn 0.5662 0.7189 -0.4032
vn 0.5661 0.7190 -0.4031
vn 0.5657 0.7192 -0.4033
vn 0.5662 0.7190 -0.4031
vn 0.2458 0.8581 0.4508
vn 0.2458 0.8582 0.4506
vn 0.2458 0.8581 0.4507
vn 0.0299 0.8979 -0.4391
vn 0.0294 0.8981 -0.4388
vn 0.0298 0.8980 -0.4391
vn 0.0298 0.8979 -0.4392
vn 0.4869 0.7464 -0.4536
vn 0.4869 0.7464 -0.4537
vn 0.4869 0.7465 -0.4536
vn 0.3411 0.8266 0.4476
vn 0.3411 0.8265 0.4477
vn 0.3412 0.8266 0.4475
vn -0.0467 0.9224 -0.3834
vn -0.0466 0.9225 -0.3832
vn -0.0467 0.9223 -0.3836
vn -0.0470 0.9223 -0.3835
vn 0.3987 0.7767 -0.4876
vn 0.3987 0.7768 -0.4875
vn 0.3987 0.7767 -0.4877
vn 0.4335 0.7941 0.4260
vn 0.4335 0.7941 0.4259
vn 0.4337 0.7942 0.4256
vn 0.4336 0.7942 0.4257
vn -0.1112 0.9427 -0.3146
vn -0.1112 0.9427 -0.3147
vn -0.1110 0.9427 -0.3146
vn -0.1111 0.9427 -0.3146
vn 0.3049 0.8084 -0.5035
vn 0.3049 0.8084 -0.5036
vn 0.5189 0.7625 0.3864
vn -0.1602 0.9587 -0.2350
vn -0.1603 0.9587 -0.2351
vn 0.5941 0.7332 0.3310
vn 0.5941 0.7331 0.3310
vn 0.5941 0.7331 0.3311
vn -0.1925 0.9701 -0.1481
vn 0.6565 0.7073 0.2623
vn 0.6564 0.7074 0.2622
vn 0.6564 0.7074 0.2621
vn 0.6564 0.7074 0.2623
vn -0.2071 0.9767 -0.0569
vn 0.7039 0.6864 0.1829
vn 0.7038 0.6864 0.1828
vn 0.7039 0.6863 0.1830
vn -0.2572 0.1154 0.9595
vn 0.0282 -0.9965 -0.0791
vn 0.0281 -0.9965 -0.0790
vn 0.0280 -0.9965 -0.0790
vn -0.5008 -0.8140 0.2942
vn -0.5008 -0.8141 0.2941
vn -0.5008 -0.8142 0.2937
vn -0.5007 -0.8142 0.2939
vn 0.0003 -0.9903 -0.1389
vn 0.0002 -0.9903 -0.1388
vn -0.4445 -0.8330 0.3296
vn -0.4445 -0.8331 0.3293
vn -0.4445 -0.8330 0.3294
vn -0.4445 -0.8329 0.3297
vn -0.3415 -0.8889 -0.3053
vn -0.3416 -0.8889 -0.3052
vn -0.3417 -0.8889 -0.3051
vn -0.0387 -0.9805 -0.1925
vn -0.0384 -0.9805 -0.1925
vn -0.0388 -0.9806 -0.1924
vn -0.0388 -0.9805 -0.1924
vn -0.3823 -0.8540 0.3530
vn -0.3823 -0.8539 0.3531
vn -0.3822 -0.8540 0.3529
vn -0.4067 -0.8663 -0.2899
vn -0.4066 -0.8664 -0.2899
vn -0.0880 -0.9674 -0.2376
vn -0.0880 -0.9673 -0.2378
vn -0.0881 -0.9673 -0.2377
vn -0.3160 -0.8761 0.3640
vn -0.3164 -0.8761 0.3639
vn -0.3161 -0.8761 0.3640
vn -0.3161 -0.8761 0.3641
vn -0.4671 -0.8443 -0.2627
vn -0.4671 -0.8443 -0.2626
vn -0.1453 -0.9511 -0.2727
vn -0.1452 -0.9511 -0.2727
vn -0.1454 -0.9511 -0.2726
vn -0.2490 -0.8983 0.3620
vn -0.2491 -0.8984 0.3618
vn -0.2493 -0.8984 0.3617
vn -0.2491 -0.8983 0.3620
vn -0.5205 -0.8240 -0.2238
vn -0.5206 -0.8239 -0.2239
vn -0.5205 -0.8240 -0.2239
vn -0.2082 -0.9321 -0.2963
vn -0.2082 -0.9322 -0.2962
vn -0.1838 -0.9198 0.3467
vn -0.1838 -0.9198 0.3466
vn -0.1837 -0.9198 0.3466
vn -0.5651 -0.8061 -0.1755
vn -0.5651 -0.8061 -0.1756
vn -0.5651 -0.8062 -0.1755
vn -0.2747 -0.9112 -0.3071
vn -0.2746 -0.9112 -0.3070
vn -0.2748 -0.9111 -0.3071
vn -0.2746 -0.9112 -0.3072
vn -0.1227 -0.9397 0.3191
vn -0.1226 -0.9397 0.3191
vn -0.5993 -0.7915 -0.1198
vn -0.5992 -0.7916 -0.1198
vn -0.5994 -0.7915 -0.1198
vn -0.0683 -0.9575 0.2804
vn -0.0682 -0.9575 0.2804
vn -0.6217 -0.7811 -0.0580
vn -0.6218 -0.7810 -0.0582
vn -0.6217 -0.7810 -0.0583
vn -0.6217 -0.7811 -0.0583
vn -0.0226 -0.9724 0.2321
vn -0.0227 -0.9724 0.2320
vn -0.0227 -0.9724 0.2321
vn -0.6318 -0.7751 0.0062
vn -0.6319 -0.7750 0.0062
vn -0.6319 -0.7751 0.0062
vn 0.0122 -0.9843 0.1761
vn 0.0121 -0.9843 0.1761
vn 0.0123 -0.9843 0.1761
vn 0.0124 -0.9843 0.1761
vn -0.6294 -0.7738 0.0715
vn -0.6293 -0.7738 0.0715
vn 0.0354 -0.9928 0.1146
vn -0.6143 -0.7773 0.1353
vn -0.6143 -0.7774 0.1353
vn -0.6143 -0.7774 0.1351
vn -0.6148 -0.7770 0.1356
vn 0.0459 -0.9977 0.0501
vn 0.0455 -0.9977 0.0503
vn -0.5873 -0.7855 0.1952
vn -0.5872 -0.7855 0.1952
vn 0.0435 -0.9989 -0.0153
vn 0.0434 -0.9989 -0.0153
vn 0.0434 -0.9989 -0.0154
vn 0.4328 0.7968 0.4217
vn 0.4328 0.7968 0.4216
vn 0.4330 0.7967 0.4217
vn 0.4330 0.7966 0.4218
vn 0.5981 -0.2220 -0.7700
vn 0.5979 -0.2221 -0.7702
vn 0.5980 -0.2220 -0.7701
vn 0.5984 -0.2219 -0.7699
vn -0.0615 0.0520 0.9968
vn -0.0614 0.0519 0.9968
vn -0.0617 0.0520 0.9967
vn -0.0620 0.0521 0.9967
vn -0.5044 0.1396 -0.8521
vn -0.5043 0.1396 -0.8522
vn 0.4380 -0.1726 -0.8822
vn 0.4383 -0.1729 -0.8821
vn 0.4382 -0.1726 -0.8822
vn 0.1373 -0.0140 0.9904
vn 0.1372 -0.0140 0.9904
vn 0.1372 -0.0139 0.9905
vn -0.6556 0.1932 -0.7300
vn -0.6552 0.1934 -0.7303
vn -0.6552 0.1934 -0.7302
vn 0.3295 -0.0790 0.9408
vn -0.7764 0.2379 -0.5836
vn -0.7765 0.2381 -0.5834
vn -0.7764 0.2377 -0.5837
vn 0.0617 -0.0520 -0.9967
vn 0.0614 -0.0520 -0.9968
vn 0.0615 -0.0520 -0.9967
vn 0.0614 -0.0519 -0.9968
vn 0.5044 -0.1396 0.8521
vn 0.5043 -0.1395 0.8522
vn 0.5045 -0.1397 0.8520
vn -0.8659 0.2731 -0.4191
vn -0.8660 0.2730 -0.4189
vn -0.8659 0.2732 -0.4191
vn -0.8660 0.2729 -0.4191
vn -0.9232 0.2977 -0.2430
vn -0.9233 0.2975 -0.2430
vn -0.9232 0.2977 -0.2431
vn -0.9232 0.2978 -0.2429
vn 0.7764 -0.2379 0.5836
vn 0.7765 -0.2381 0.5834
vn 0.7764 -0.2383 0.5835
vn 0.8659 -0.2732 0.4191
vn 0.8659 -0.2731 0.4191
vn 0.8661 -0.2731 0.4187
vn -0.9413 0.3149 0.1215
vn 0.9233 -0.2975 0.2431
vn 0.9232 -0.2977 0.2431
vn 0.9233 -0.2975 0.2430
vn -0.9026 0.3078 0.3010
vn -0.9026 0.3079 0.3008
vn -0.9025 0.3081 0.3011
vn -0.9023 0.3084 0.3014
vn 0.9483 -0.3114 0.0614
vn -0.8318 0.2902 0.4731
vn -0.8319 0.2900 0.4731
vn -0.8320 0.2901 0.4729
vn -0.7301 0.2611 0.6315
vn -0.7299 0.2613 0.6316
vn -0.7303 0.2610 0.6313
vn 0.9025 -0.3078 -0.3012
vn 0.9026 -0.3079 -0.3008
vn 0.9024 -0.3081 -0.3011
vn -0.5984 0.2219 0.7699
vn 0.8320 -0.2900 -0.4729
vn 0.8321 -0.2900 -0.4728
vn 0.8321 -0.2899 -0.4728
vn -0.4380 0.1726 0.8822
vn -0.4383 0.1727 0.8821
vn -0.4384 0.1729 0.8820
vn -0.4381 0.1728 0.8822
vn -0.1378 0.0141 -0.9904
vn 0.7303 -0.2614 -0.6311
vn 0.7303 -0.2610 -0.6313
vn 0.7303 -0.2613 -0.6312
vn 0.1763 -0.9191 0.3525
vn 0.1765 -0.9190 0.3524
vn 0.1764 -0.9191 0.3524
vn -0.1067 0.9441 -0.3120
vn -0.1068 0.9440 -0.3123
vn -0.1066 0.9441 -0.3119
vn -0.1068 0.9441 -0.3120
vn 0.3051 0.8108 -0.4995
vn 0.3051 0.8108 -0.4996
vn 0.3055 0.8108 -0.4992
vn 0.5174 0.7655 0.3825
vn 0.5173 0.7655 0.3826
vn 0.5175 0.7655 0.3824
vn -0.1554 0.9599 -0.2332
vn -0.1553 0.9599 -0.2335
vn -0.1554 0.9599 -0.2334
vn -0.1555 0.9600 -0.2330
vn 0.5919 0.7364 0.3278
vn 0.5919 0.7365 0.3276
vn 0.5920 0.7364 0.3276
vn 0.5920 0.7363 0.3277
vn -0.1874 0.9712 -0.1472
vn -0.1874 0.9712 -0.1471
vn -0.1875 0.9712 -0.1470
vn 0.6538 0.7108 0.2595
vn 0.6537 0.7108 0.2596
vn -0.2020 0.9777 -0.0570
vn -0.2019 0.9777 -0.0570
vn 0.7008 0.6901 0.1809
vn -0.1985 0.9795 0.0345
vn -0.1984 0.9795 0.0348
vn -0.1985 0.9795 0.0342
vn 0.7316 0.6751 0.0948
vn 0.7316 0.6751 0.0949
vn 0.7315 0.6752 0.0948
vn -0.1771 0.9764 0.1237
vn -0.1771 0.9764 0.1235
vn -0.1771 0.9764 0.1236
vn -0.1770 0.9764 0.1238
vn 0.7455 0.6665 0.0045
vn 0.7454 0.6666 0.0046
vn 0.7455 0.6665 0.0046
vn -0.1386 0.9683 0.2078
vn -0.1387 0.9683 0.2075
vn -0.1387 0.9683 0.2076
vn 0.7420 0.6647 -0.0867
vn 0.7419 0.6648 -0.0867
vn -0.0841 0.9554 0.2831
vn -0.0841 0.9554 0.2830
vn -0.0840 0.9555 0.2829
vn -0.0839 0.9554 0.2832
vn 0.7212 0.6700 -0.1759
vn 0.7212 0.6700 -0.1761
vn 0.7213 0.6699 -0.1760
vn -0.0155 0.9377 0.3470
vn -0.0152 0.9378 0.3468
vn 0.6839 0.6817 -0.2598
vn 0.6839 0.6817 -0.2599
vn 0.0649 0.9156 0.3969
vn 0.0646 0.9156 0.3969
vn 0.0647 0.9156 0.3969
vn 0.2110 0.8421 -0.4963
vn 0.2109 0.8422 -0.4963
vn 0.2114 0.8419 -0.4965
vn 0.6310 0.6996 -0.3354
vn 0.6310 0.6995 -0.3355
vn 0.6311 0.6994 -0.3354
vn 0.6310 0.6996 -0.3353
vn 0.1534 0.8894 0.4307
vn 0.1534 0.8894 0.4306
vn 0.1535 0.8894 0.4305
vn 0.1191 0.8720 -0.4748
vn 0.1189 0.8722 -0.4745
vn 0.1189 0.8720 -0.4748
vn 0.1189 0.8721 -0.4747
vn 0.5642 0.7224 -0.3998
vn 0.5643 0.7223 -0.3999
vn 0.5641 0.7225 -0.3998
vn 0.5642 0.7225 -0.3997
vn 0.2469 0.8602 0.4462
vn 0.2469 0.8602 0.4463
vn 0.2468 0.8602 0.4462
vn 0.0330 0.8997 -0.4353
vn 0.0330 0.8997 -0.4354
vn 0.0332 0.8997 -0.4353
vn 0.0329 0.8997 -0.4353
vn 0.4856 0.7496 -0.4498
vn 0.4855 0.7496 -0.4500
vn 0.3411 0.8288 0.4435
vn 0.3410 0.8288 0.4436
vn -0.0432 0.9238 -0.3803
vn -0.0429 0.9239 -0.3802
vn -0.0432 0.9238 -0.3804
vn -0.0433 0.9238 -0.3803
vn 0.3982 0.7795 -0.4835
vn 0.3983 0.7795 -0.4835
vn 0.3980 0.7796 -0.4835
vn 0.9483 -0.3114 0.0613
vn 0.9483 -0.3113 0.0614
vn 0.9483 -0.3113 0.0612
vn -0.7993 -0.6009 -0.0104
vn -0.7991 -0.6012 -0.0103
vn -0.7991 -0.6011 -0.0103
vn 0.2317 -0.9369 0.2619
vn 0.2316 -0.9369 0.2618
vn 0.2317 -0.9369 0.2620
vn -0.7952 -0.5990 0.0941
vn -0.7951 -0.5991 0.0941
vn -0.7953 -0.5989 0.0941
vn 0.2682 -0.9495 0.1631
vn 0.2678 -0.9495 0.1632
vn 0.2681 -0.9495 0.1633
vn 0.2682 -0.9494 0.1632
vn -0.7719 -0.6047 0.1962
vn -0.7718 -0.6048 0.1962
vn 0.2849 -0.9567 0.0601
vn 0.2850 -0.9566 0.0601
vn 0.2850 -0.9566 0.0600
vn -0.7296 -0.6182 0.2925
vn -0.7296 -0.6181 0.2926
vn -0.7297 -0.6181 0.2924
vn 0.2810 -0.9587 -0.0451
vn 0.2807 -0.9587 -0.0449
vn 0.2809 -0.9587 -0.0450
vn -0.6696 -0.6385 0.3795
vn -0.6695 -0.6387 0.3794
vn -0.6694 -0.6388 0.3792
vn -0.6696 -0.6385 0.3794
vn 0.2562 -0.9554 -0.1470
vn 0.2562 -0.9554 -0.1468
vn 0.2559 -0.9555 -0.1467
vn 0.2562 -0.9554 -0.1467
vn -0.5933 -0.6650 0.4536
vn -0.5933 -0.6651 0.4535
vn -0.5933 -0.6652 0.4534
vn 0.2124 -0.9465 -0.2429
vn 0.2124 -0.9465 -0.2428
vn 0.2124 -0.9465 -0.2430
vn -0.5035 -0.6965 0.5113
vn -0.5031 -0.6964 0.5117
vn -0.5034 -0.6965 0.5113
vn -0.3379 -0.7878 -0.5149
vn -0.3379 -0.7879 -0.5149
vn -0.3378 -0.7878 -0.5150
vn 0.1503 -0.9321 -0.3296
vn 0.1501 -0.9321 -0.3297
vn 0.1503 -0.9321 -0.3295
vn -0.4033 -0.7310 0.5505
vn -0.4032 -0.7310 0.5505
vn -0.4429 -0.7509 -0.4899
vn -0.4430 -0.7510 -0.4897
vn -0.4429 -0.7509 -0.4898
vn -0.4430 -0.7508 -0.4899
vn 0.0719 -0.9121 -0.4036
vn 0.0716 -0.9121 -0.4036
vn 0.0718 -0.9121 -0.4036
vn 0.0719 -0.9122 -0.4034
vn -0.2965 -0.7671 0.5689
vn -0.2965 -0.7672 0.5688
vn -0.2965 -0.7671 0.5688
vn -0.5398 -0.7147 -0.4447
vn -0.5399 -0.7147 -0.4446
vn -0.5398 -0.7148 -0.4446
vn -0.0200 -0.8871 -0.4611
vn -0.0199 -0.8871 -0.4611
vn -0.1879 -0.8031 0.5655
vn -0.1879 -0.8032 0.5653
vn -0.1880 -0.8032 0.5653
vn -0.6251 -0.6812 -0.3811
vn -0.6251 -0.6812 -0.3812
vn -0.6251 -0.6811 -0.3812
vn -0.1217 -0.8574 -0.5001
vn -0.0822 -0.8375 0.5402
vn -0.0822 -0.8376 0.5401
vn -0.0823 -0.8376 0.5401
vn -0.6956 -0.6515 -0.3027
vn -0.6954 -0.6518 -0.3026
vn -0.6955 -0.6516 -0.3028
vn -0.2292 -0.8238 -0.5184
vn -0.2293 -0.8239 -0.5183
vn -0.2294 -0.8239 -0.5182
vn -0.2291 -0.8239 -0.5184
vn 0.0165 -0.8688 0.4949
vn 0.0165 -0.8688 0.4948
vn 0.0166 -0.8688 0.4949
vn -0.7487 -0.6280 -0.2123
vn -0.7487 -0.6279 -0.2123
vn -0.7487 -0.6282 -0.2119
vn -0.7488 -0.6279 -0.2124
vn 0.1037 -0.8961 0.4315
vn 0.1039 -0.8961 0.4315
vn 0.1036 -0.8961 0.4315
vn 0.1035 -0.8962 0.4315
vn -0.7837 -0.6107 -0.1137
vn -0.7837 -0.6106 -0.1137
vn 0.7337 0.6088 -0.3017
vn 0.7337 0.6090 -0.3013
vn -0.8319 0.2901 0.4730
vn -0.8320 0.2900 0.4729
vn -0.8321 0.2899 0.4729
vn 0.9413 -0.3151 -0.1215
vn 0.9413 -0.3150 -0.1214
vn 0.9412 -0.3151 -0.1215
vn -0.7302 0.2615 0.6313
vn -0.7300 0.2612 0.6315
vn -0.7301 0.2614 0.6313
vn -0.7301 0.2614 0.6314
vn -0.5980 0.2220 0.7702
vn 0.8320 -0.2901 -0.4729
vn -0.4386 0.1730 0.8819
vn -0.4386 0.1731 0.8819
vn -0.4387 0.1730 0.8818
vn -0.4386 0.1729 0.8819
vn -0.1375 0.0140 -0.9904
vn 0.7302 -0.2615 -0.6313
vn 0.7301 -0.2612 -0.6315
vn -0.2572 0.1157 0.9594
vn -0.2570 0.1153 0.9595
vn -0.3296 0.0794 -0.9408
vn 0.5978 -0.2220 -0.7703
vn 0.5979 -0.2220 -0.7702
vn 0.5978 -0.2219 -0.7703
vn -0.0616 0.0520 0.9967
vn -0.5047 0.1398 -0.8519
vn -0.5045 0.1399 -0.8520
vn 0.4386 -0.1729 -0.8819
vn 0.4386 -0.1730 -0.8819
vn 0.1376 -0.0141 0.9904
vn 0.1375 -0.0141 0.9904
vn 0.2572 -0.1156 -0.9594
vn 0.2570 -0.1154 -0.9595
vn 0.2571 -0.1153 -0.9595
vn 0.3297 -0.0793 0.9408
vn -0.7765 0.2382 -0.5834
vn -0.7764 0.2382 -0.5835
vn -0.7763 0.2380 -0.5837
vn -0.7764 0.2380 -0.5836
vn 0.0618 -0.0520 -0.9967
vn 0.5047 -0.1398 0.8519
vn 0.5048 -0.1397 0.8518
vn 0.5047 -0.1397 0.8519
vn -0.8660 0.2729 -0.4189
vn -0.8661 0.2728 -0.4187
vn 0.6552 -0.1935 0.7302
vn 0.6547 -0.1931 0.7308
vn 0.6551 -0.1934 0.7304
vn 0.6554 -0.1935 0.7301
vn -0.9232 0.2979 -0.2430
vn 0.7765 -0.2382 0.5834
vn -0.9483 0.3113 -0.0612
vn -0.9483 0.3114 -0.0613
vn 0.8660 -0.2729 0.4189
vn 0.8661 -0.2728 0.4189
vn -0.9413 0.3149 0.1214
vn -0.9414 0.3148 0.1213
vn 0.9232 -0.2975 0.2431
vn -0.9024 0.3083 0.3010
vn -0.9025 0.3078 0.3013
vn -0.9025 0.3078 0.3012
vn 0.1488 -0.9801 0.1314
vn 0.1489 -0.9801 0.1315
vn 0.1487 -0.9801 0.1316
vn 0.1001 0.9409 0.3234
vn 0.1002 0.9409 0.3234
vn 0.2070 0.8587 -0.4688
vn 0.2070 0.8587 -0.4687
vn 0.2069 0.8588 -0.4688
vn 0.2070 0.8588 -0.4687
vn 0.6651 0.6400 -0.3847
vn 0.6651 0.6400 -0.3848
vn 0.1634 0.9117 0.3771
vn 0.1633 0.9116 0.3771
vn 0.1635 0.9116 0.3771
vn 0.1328 0.8963 -0.4230
vn 0.1328 0.8964 -0.4230
vn 0.5812 0.6791 -0.4483
vn 0.2412 0.8754 0.4189
vn 0.2408 0.8757 0.4185
vn 0.0739 0.9278 -0.3658
vn 0.4872 0.7235 -0.4891
vn 0.3297 0.8341 0.4423
vn 0.3298 0.8341 0.4423
vn 0.3298 0.8340 0.4423
vn 0.0304 0.9528 -0.3021
vn 0.0303 0.9528 -0.3021
vn 0.3893 0.7702 -0.5052
vn 0.3892 0.7701 -0.5054
vn 0.4254 0.7883 0.4446
vn 0.4255 0.7883 0.4445
vn 0.4254 0.7883 0.4445
vn 0.0008 0.9716 -0.2364
vn 0.0008 0.9716 -0.2365
vn 0.0008 0.9716 -0.2366
vn 0.2939 0.8161 -0.4976
vn 0.5219 0.7409 0.4226
vn 0.5220 0.7409 0.4226
vn 0.5220 0.7409 0.4227
vn 0.5219 0.7409 0.4227
vn -0.0172 0.9850 -0.1716
vn -0.0172 0.9850 -0.1717
vn -0.0173 0.9850 -0.1718
vn 0.6127 0.6949 0.3766
vn 0.6127 0.6949 0.3765
vn -0.0265 0.9937 -0.1089
vn -0.0266 0.9937 -0.1088
vn 0.6916 0.6533 0.3082
vn 0.6915 0.6533 0.3083
vn 0.6915 0.6533 0.3082
vn -0.0295 0.9984 -0.0480
vn -0.0294 0.9984 -0.0480
vn 0.7536 0.6190 0.2210
vn 0.7537 0.6188 0.2215
vn 0.7536 0.6190 0.2214
vn -0.0272 0.9996 0.0120
vn -0.0271 0.9996 0.0120
vn -0.0272 0.9996 0.0119
vn 0.7954 0.5939 0.1211
vn 0.7954 0.5939 0.1212
vn 0.7953 0.5939 0.1212
vn 0.7954 0.5939 0.1213
vn -0.0196 0.9972 0.0726
vn -0.0197 0.9972 0.0725
vn 0.8144 0.5801 0.0133
vn 0.8146 0.5799 0.0133
vn 0.8144 0.5802 0.0133
vn 0.8145 0.5800 0.0131
vn -0.0056 0.9909 0.1348
vn -0.0055 0.9909 0.1348
vn 0.8105 0.5777 -0.0971
vn 0.8106 0.5776 -0.0969
vn 0.8105 0.5777 -0.0970
vn 0.8103 0.5778 -0.0972
vn 0.0173 0.9799 0.1985
vn 0.0174 0.9799 0.1985
vn 0.7830 0.5876 -0.2040
vn 0.7830 0.5876 -0.2041
vn 0.7830 0.5877 -0.2040
vn 0.0519 0.9636 0.2624
vn 0.0518 0.9636 0.2623
vn 0.0519 0.9636 0.2623
vn 0.0518 0.9636 0.2624
vn 0.9264 -0.2239 -0.3029
vn 0.9263 -0.2240 -0.3029
vn 0.9264 -0.2238 -0.3030
vn -0.6374 -0.7553 0.1522
vn -0.6374 -0.7554 0.1520
vn -0.6375 -0.7553 0.1523
vn 0.1623 -0.9853 0.0528
vn 0.1620 -0.9854 0.0526
vn 0.1620 -0.9854 0.0527
vn 0.1621 -0.9854 0.0526
vn -0.6059 -0.7639 0.2221
vn -0.6061 -0.7638 0.2221
vn -0.6063 -0.7636 0.2220
vn -0.6060 -0.7638 0.2221
vn 0.1587 -0.9869 -0.0272
vn 0.1591 -0.9869 -0.0271
vn 0.1591 -0.9869 -0.0272
vn -0.5618 -0.7765 0.2853
vn -0.5617 -0.7765 0.2856
vn -0.5617 -0.7765 0.2855
vn -0.5617 -0.7765 0.2854
vn 0.1393 -0.9847 -0.1046
vn 0.1398 -0.9846 -0.1048
vn 0.1397 -0.9846 -0.1051
vn -0.5055 -0.7930 0.3399
vn -0.5055 -0.7930 0.3401
vn -0.5055 -0.7931 0.3398
vn 0.1050 -0.9785 -0.1775
vn 0.1051 -0.9785 -0.1775
vn -0.4394 -0.8125 0.3831
vn -0.4392 -0.8128 0.3827
vn -0.4394 -0.8125 0.3830
vn -0.4395 -0.8126 0.3828
vn -0.3161 -0.8730 -0.3714
vn -0.3161 -0.8730 -0.3713
vn -0.3160 -0.8731 -0.3713
vn -0.3160 -0.8731 -0.3714
vn 0.0560 -0.9686 -0.2422
vn 0.0561 -0.9686 -0.2421
vn 0.0561 -0.9686 -0.2422
vn -0.3652 -0.8346 0.4124
vn -0.3651 -0.8346 0.4124
vn -0.3655 -0.8345 0.4123
vn -0.3653 -0.8345 0.4126
vn -0.3941 -0.8493 -0.3513
vn -0.3942 -0.8492 -0.3513
vn -0.3941 -0.8493 -0.3512
vn -0.3940 -0.8493 -0.3513
vn -0.0053 -0.9551 -0.2963
vn -0.0055 -0.9551 -0.2964
vn -0.0051 -0.9550 -0.2965
vn -0.0048 -0.9550 -0.2964
vn -0.2856 -0.8578 0.4274
vn -0.2854 -0.8577 0.4276
vn -0.2855 -0.8577 0.4276
vn -0.2862 -0.8578 0.4269
vn -0.4658 -0.8262 -0.3170
vn -0.4663 -0.8258 -0.3173
vn -0.4658 -0.8261 -0.3171
vn -0.4659 -0.8261 -0.3171
vn -0.0760 -0.9383 -0.3375
vn -0.0761 -0.9383 -0.3374
vn -0.0761 -0.9383 -0.3375
vn -0.0760 -0.9382 -0.3376
vn -0.2041 -0.8810 0.4267
vn -0.2042 -0.8811 0.4266
vn -0.2042 -0.8811 0.4267
vn -0.2041 -0.8811 0.4266
vn -0.5287 -0.8047 -0.2701
vn -0.5288 -0.8047 -0.2699
vn -0.5286 -0.8047 -0.2703
vn -0.1537 -0.9184 -0.3646
vn -0.1536 -0.9184 -0.3646
vn -0.1536 -0.9184 -0.3645
vn -0.1536 -0.9185 -0.3644
vn -0.1241 -0.9036 0.4100
vn -0.1240 -0.9036 0.4100
vn -0.5808 -0.7860 -0.2120
vn -0.5807 -0.7860 -0.2121
vn -0.5806 -0.7862 -0.2117
vn -0.2347 -0.8964 -0.3759
vn -0.2348 -0.8964 -0.3758
vn -0.2347 -0.8965 -0.3757
vn -0.2348 -0.8964 -0.3759
vn -0.0485 -0.9245 0.3782
vn -0.0484 -0.9244 0.3783
vn -0.0486 -0.9245 0.3781
vn -0.6204 -0.7706 -0.1459
vn -0.6201 -0.7708 -0.1460
vn -0.6199 -0.7710 -0.1460
vn 0.0191 -0.9430 0.3323
vn 0.0192 -0.9430 0.3322
vn 0.0189 -0.9430 0.3323
vn 0.0189 -0.9431 0.3320
vn -0.6460 -0.7598 -0.0740
vn -0.6460 -0.7597 -0.0741
vn 0.0758 -0.9587 0.2741
vn 0.0759 -0.9587 0.2742
vn 0.0757 -0.9587 0.2742
vn 0.0758 -0.9587 0.2740
vn -0.6575 -0.7535 0.0013
vn -0.6576 -0.7534 0.0014
vn -0.6575 -0.7534 0.0014
vn -0.6574 -0.7536 0.0012
vn 0.1197 -0.9712 0.2062
vn -0.6546 -0.7520 0.0774
vn -0.6546 -0.7520 0.0775
vn -0.6547 -0.7520 0.0774
vn -0.6547 -0.7519 0.0774
vn 0.5715 0.6728 -0.4697
vn 0.5717 0.6727 -0.4698
vn 0.5716 0.6728 -0.4698
vn -0.6152 0.1644 0.7710
vn -0.6151 0.1643 0.7711
vn -0.6153 0.1645 0.7710
vn 0.8546 -0.2119 -0.4741
vn 0.8545 -0.2118 -0.4743
vn 0.8544 -0.2120 -0.4744
vn -0.4518 0.1298 0.8826
vn -0.4517 0.1297 0.8827
vn -0.1405 0.0050 -0.9901
vn -0.1406 0.0050 -0.9901
vn -0.1406 0.0049 -0.9901
vn 0.7503 -0.1921 -0.6326
vn 0.7504 -0.1921 -0.6324
vn 0.7504 -0.1920 -0.6325
vn -0.2655 0.0887 0.9600
vn -0.2654 0.0886 0.9600
vn -0.2654 0.0886 0.9601
vn -0.3381 0.0524 -0.9397
vn -0.3377 0.0523 -0.9398
vn -0.3379 0.0524 -0.9397
vn -0.3384 0.0526 -0.9395
vn 0.6152 -0.1645 -0.7710
vn 0.6152 -0.1647 -0.7710
vn -0.0648 0.0430 0.9970
vn -0.0647 0.0430 0.9970
vn -0.0648 0.0429 0.9970
vn -0.5178 0.0967 -0.8500
vn -0.5179 0.0967 -0.8500
vn 0.4518 -0.1298 -0.8826
vn 0.4517 -0.1297 -0.8827
vn 0.1406 -0.0050 0.9901
vn 0.1405 -0.0050 0.9901
vn 0.1406 -0.0049 0.9901
vn -0.6724 0.1359 -0.7276
vn -0.6724 0.1358 -0.7276
vn 0.2658 -0.0887 -0.9600
vn 0.2654 -0.0886 -0.9601
vn 0.2658 -0.0886 -0.9600
vn 0.2659 -0.0888 -0.9599
vn 0.3382 -0.0523 0.9396
vn 0.3378 -0.0523 0.9398
vn 0.3379 -0.0523 0.9397
vn -0.7967 0.1692 -0.5802
vn -0.7967 0.1693 -0.5802
vn -0.7967 0.1695 -0.5801
vn -0.7967 0.1691 -0.5803
vn 0.0648 -0.0430 -0.9970
vn 0.0648 -0.0429 -0.9970
vn 0.0647 -0.0430 -0.9970
vn 0.5178 -0.0962 0.8501
vn 0.5178 -0.0966 0.8500
vn 0.5179 -0.0967 0.8500
vn -0.8884 0.1946 -0.4158
vn -0.8885 0.1950 -0.4154
vn -0.8884 0.1947 -0.4156
vn -0.8885 0.1945 -0.4157
vn 0.6724 -0.1358 0.7276
vn 0.6725 -0.1357 0.7276
vn -0.9470 0.2134 -0.2403
vn -0.9471 0.2134 -0.2399
vn -0.9470 0.2134 -0.2400
vn 0.7966 -0.1689 0.5805
vn 0.7966 -0.1689 0.5804
vn 0.7968 -0.1689 0.5801
vn 0.7967 -0.1691 0.5803
vn -0.9727 0.2246 -0.0586
vn -0.9727 0.2245 -0.0586
vn 0.8884 -0.1949 0.4157
vn 0.8885 -0.1948 0.4154
vn 0.8885 -0.1949 0.4154
vn -0.9656 0.2286 0.1239
vn -0.9656 0.2284 0.1241
vn -0.9657 0.2283 0.1239
vn -0.9658 0.2279 0.1238
vn 0.9469 -0.2134 0.2403
vn 0.9471 -0.2132 0.2399
vn 0.9470 -0.2133 0.2400
vn 0.9471 -0.2134 0.2399
vn -0.9262 0.2238 0.3034
vn -0.9263 0.2238 0.3031
vn -0.9264 0.2234 0.3030
vn 0.9727 -0.2243 0.0586
vn 0.9727 -0.2244 0.0586
vn 0.9728 -0.2242 0.0586
vn -0.8545 0.2117 0.4743
vn -0.8545 0.2115 0.4744
vn -0.8545 0.2117 0.4744
vn -0.8546 0.2121 0.4741
vn 0.9658 -0.2277 -0.1239
vn 0.9658 -0.2279 -0.1238
vn 0.9658 -0.2278 -0.1239
vn -0.7504 0.1922 0.6324
vn -0.7505 0.1922 0.6323
vn -0.7504 0.1928 0.6323
vn -0.1965 -0.8862 -0.4196
vn -0.1965 -0.8863 -0.4194
vn -0.1965 -0.8862 -0.4195
vn -0.1964 -0.8862 -0.4197
vn 0.2039 0.8631 0.4621
vn 0.2040 0.8631 0.4620
vn 0.2040 0.8631 0.4621
vn 0.2039 0.8631 0.4620
vn 0.0144 0.9153 -0.4026
vn 0.4727 0.7138 -0.5167
vn 0.4727 0.7138 -0.5168
vn 0.4725 0.7138 -0.5170
vn 0.4726 0.7138 -0.5168
vn 0.3024 0.8218 0.4830
vn 0.3025 0.8218 0.4829
vn -0.0372 0.9419 -0.3340
vn -0.0372 0.9418 -0.3340
vn 0.3677 0.7578 -0.5391
vn 0.3677 0.7579 -0.5389
vn 0.3676 0.7578 -0.5391
vn 0.4066 0.7774 0.4800
vn 0.4065 0.7774 0.4800
vn 0.4066 0.7773 0.4801
vn -0.0731 0.9624 -0.2618
vn -0.0730 0.9624 -0.2618
vn -0.0730 0.9624 -0.2617
vn 0.2637 0.8023 -0.5355
vn 0.2636 0.8023 -0.5356
vn 0.2637 0.8023 -0.5356
vn 0.5096 0.7322 0.4518
vn 0.5096 0.7323 0.4517
vn 0.5096 0.7323 0.4518
vn -0.0956 0.9773 -0.1893
vn -0.0956 0.9772 -0.1893
vn 0.6047 0.6892 0.3992
vn 0.6048 0.6893 0.3988
vn 0.6048 0.6893 0.3989
vn -0.1077 0.9871 -0.1184
vn 0.6864 0.6510 0.3242
vn 0.6864 0.6510 0.3241
vn -0.1116 0.9925 -0.0491
vn -0.1118 0.9925 -0.0491
vn -0.1118 0.9925 -0.0490
vn -0.1117 0.9925 -0.0491
vn 0.7499 0.6196 0.2319
vn 0.7498 0.6197 0.2319
vn -0.1091 0.9938 0.0195
vn -0.1093 0.9938 0.0195
vn -0.1096 0.9938 0.0195
vn 0.7921 0.5969 0.1273
vn 0.7920 0.5971 0.1270
vn -0.0998 0.9911 0.0885
vn -0.0998 0.9911 0.0884
vn 0.8114 0.5843 0.0149
vn 0.8113 0.5844 0.0151
vn 0.8115 0.5842 0.0147
vn 0.8113 0.5844 0.0150
vn -0.0824 0.9839 0.1586
vn 0.8070 0.5822 -0.0990
vn 0.8069 0.5823 -0.0991
vn 0.8070 0.5822 -0.0991
vn -0.0543 0.9718 0.2297
vn -0.0543 0.9718 0.2296
vn 0.7792 0.5906 -0.2099
vn 0.7792 0.5907 -0.2096
vn 0.7791 0.5907 -0.2100
vn 0.7792 0.5907 -0.2097
vn -0.0131 0.9540 0.2996
vn -0.0131 0.9540 0.2997
vn -0.0130 0.9540 0.2996
vn 0.7293 0.6091 -0.3117
vn 0.7291 0.6093 -0.3118
vn 0.7293 0.6090 -0.3117
vn 0.0437 0.9300 0.3650
vn 0.0437 0.9299 0.3651
vn 0.1671 0.8446 -0.5087
vn 0.1669 0.8445 -0.5088
vn 0.1669 0.8445 -0.5089
vn 0.6587 0.6372 -0.4002
vn 0.6588 0.6371 -0.4000
vn 0.6588 0.6371 -0.4001
vn 0.1164 0.8995 0.4211
vn 0.0826 0.8826 -0.4628
vn 0.0827 0.8826 -0.4627
vn 0.0827 0.8827 -0.4627
vn 0.9058 -0.1074 0.4098
vn 0.9058 -0.1074 0.4099
vn 0.9057 -0.1074 0.4101
vn 0.9058 -0.1072 0.4098
vn 0.0145 -0.9088 0.4169
vn -0.6170 -0.7707 -0.1593
vn -0.6170 -0.7707 -0.1592
vn -0.6170 -0.7706 -0.1593
vn -0.6171 -0.7706 -0.1592
vn 0.0925 -0.9257 0.3669
vn 0.0926 -0.9256 0.3670
vn 0.0928 -0.9256 0.3670
vn -0.6441 -0.7605 -0.0820
vn -0.6441 -0.7606 -0.0819
vn -0.6443 -0.7604 -0.0819
vn -0.6442 -0.7605 -0.0818
vn 0.1589 -0.9398 0.3027
vn 0.1588 -0.9398 0.3027
vn 0.1588 -0.9398 0.3026
vn -0.6562 -0.7545 -0.0012
vn -0.6563 -0.7545 -0.0014
vn -0.6563 -0.7545 -0.0013
vn -0.6562 -0.7546 -0.0012
vn 0.2102 -0.9510 0.2269
vn -0.6532 -0.7529 0.0801
vn -0.6532 -0.7529 0.0802
vn -0.6532 -0.7529 0.0800
vn 0.2446 -0.9591 0.1428
vn 0.2445 -0.9591 0.1427
vn 0.2445 -0.9591 0.1428
vn -0.6350 -0.7559 0.1595
vn -0.6350 -0.7559 0.1596
vn -0.6351 -0.7558 0.1595
vn -0.6350 -0.7558 0.1596
vn 0.2602 -0.9641 0.0536
vn 0.2601 -0.9641 0.0538
vn 0.2605 -0.9640 0.0535
vn 0.2603 -0.9640 0.0536
vn -0.6021 -0.7630 0.2350
vn -0.6021 -0.7631 0.2349
vn -0.6020 -0.7631 0.2350
vn 0.2568 -0.9658 -0.0363
vn 0.2567 -0.9658 -0.0363
vn 0.2570 -0.9657 -0.0365
vn 0.2568 -0.9658 -0.0365
vn -0.5545 -0.7746 0.3043
vn -0.5548 -0.7744 0.3040
vn -0.5544 -0.7747 0.3039
vn -0.5546 -0.7747 0.3037
vn 0.2343 -0.9642 -0.1241
vn 0.2342 -0.9642 -0.1242
vn 0.2343 -0.9642 -0.1243
vn 0.2343 -0.9642 -0.1244
vn -0.4948 -0.7893 0.3636
vn -0.4947 -0.7893 0.3637
vn -0.4947 -0.7893 0.3636
vn -0.4947 -0.7894 0.3636
vn 0.1937 -0.9592 -0.2058
vn 0.1937 -0.9592 -0.2060
vn 0.1935 -0.9593 -0.2059
vn 0.1935 -0.9593 -0.2057
vn -0.4230 -0.8071 0.4120
vn -0.4229 -0.8070 0.4121
vn -0.4229 -0.8071 0.4121
vn -0.4229 -0.8071 0.4119
vn -0.2872 -0.8649 -0.4117
vn -0.2873 -0.8648 -0.4118
vn 0.1366 -0.9509 -0.2777
vn 0.1364 -0.9511 -0.2772
vn 0.1367 -0.9509 -0.2778
vn -0.3416 -0.8271 0.4464
vn -0.3417 -0.8270 0.4464
vn -0.3415 -0.8271 0.4464
vn -0.3733 -0.8430 -0.3872
vn -0.3734 -0.8430 -0.3872
vn -0.3736 -0.8429 -0.3873
vn 0.0659 -0.9390 -0.3375
vn 0.0658 -0.9390 -0.3377
vn 0.0658 -0.9390 -0.3376
vn 0.0657 -0.9391 -0.3373
vn -0.2539 -0.8480 0.4652
vn -0.2538 -0.8480 0.4652
vn -0.4518 -0.8217 -0.3474
vn -0.4518 -0.8217 -0.3475
vn -0.4518 -0.8216 -0.3478
vn -0.0159 -0.9241 -0.3818
vn -0.0159 -0.9241 -0.3817
vn -0.1626 -0.8692 0.4669
vn -0.1627 -0.8692 0.4669
vn -0.5198 -0.8019 -0.2944
vn -0.5197 -0.8020 -0.2945
vn -0.5198 -0.8019 -0.2945
vn -0.5197 -0.8019 -0.2945
vn -0.1047 -0.9063 -0.4095
vn -0.1047 -0.9062 -0.4096
vn -0.1046 -0.9063 -0.4095
vn -0.0719 -0.8898 0.4507
vn -0.0719 -0.8898 0.4506
vn -0.0718 -0.8898 0.4508
vn -0.5750 -0.7848 -0.2312
vn -0.5756 -0.7844 -0.2312
vn -0.5752 -0.7847 -0.2311
vn -0.5750 -0.7849 -0.2310
vn 0.7231 0.6848 -0.0906
vn 0.7230 0.6848 -0.0906
vn -0.9835 0.1306 0.1255
vn -0.9835 0.1303 0.1256
vn -0.9835 0.1305 0.1255
vn -0.9835 0.1304 0.1255
vn 0.9646 -0.1195 0.2351
vn 0.9646 -0.1194 0.2350
vn -0.9440 0.1296 0.3033
vn -0.9441 0.1296 0.3031
vn -0.9441 0.1296 0.3032
vn 0.9904 -0.1271 0.0552
vn 0.9904 -0.1272 0.0550
vn 0.9904 -0.1269 0.0553
vn -0.8720 0.1244 0.4734
vn -0.8721 0.1242 0.4732
vn 0.9835 -0.1306 -0.1255
vn 0.9835 -0.1304 -0.1255
vn 0.9835 -0.1305 -0.1255
vn 0.9835 -0.1304 -0.1256
vn -0.7673 0.1145 0.6310
vn -0.7673 0.1143 0.6310
vn -0.7674 0.1144 0.6309
vn 0.9441 -0.1298 -0.3032
vn 0.9441 -0.1296 -0.3032
vn -0.6304 0.0998 0.7698
vn -0.6305 0.0997 0.7698
vn -0.6303 0.0999 0.7699
vn 0.8721 -0.1242 -0.4732
vn 0.8721 -0.1242 -0.4733
vn 0.8720 -0.1244 -0.4735
vn 0.8722 -0.1241 -0.4732
vn -0.4640 0.0813 0.8821
vn -0.4638 0.0810 0.8822
vn -0.1431 -0.0053 -0.9897
vn -0.1433 -0.0053 -0.9897
vn -0.1432 -0.0053 -0.9897
vn 0.7673 -0.1144 -0.6309
vn 0.7673 -0.1145 -0.6310
vn -0.2736 0.0586 0.9601
vn -0.2735 0.0585 0.9601
vn -0.3460 0.0223 -0.9380
vn -0.3459 0.0222 -0.9380
vn -0.3463 0.0225 -0.9378
vn 0.6304 -0.1000 -0.7698
vn 0.6303 -0.0997 -0.7699
vn 0.6304 -0.1002 -0.7698
vn -0.0672 0.0326 0.9972
vn -0.0669 0.0326 0.9972
vn -0.0675 0.0327 0.9972
vn -0.5299 0.0482 -0.8467
vn -0.5300 0.0482 -0.8466
vn -0.5301 0.0482 -0.8466
vn 0.4640 -0.0813 -0.8821
vn 0.4641 -0.0814 -0.8820
vn 0.1431 0.0053 0.9897
vn 0.1432 0.0053 0.9897
vn -0.6873 0.0713 -0.7229
vn -0.6873 0.0717 -0.7228
vn -0.6874 0.0714 -0.7228
vn 0.2740 -0.0585 -0.9599
vn 0.2737 -0.0585 -0.9600
vn 0.3464 -0.0222 0.9378
vn 0.3461 -0.0222 0.9379
vn -0.8133 0.0914 -0.5746
vn -0.8132 0.0915 -0.5747
vn 0.0673 -0.0327 -0.9972
vn 0.0674 -0.0327 -0.9972
vn 0.5298 -0.0480 0.8468
vn 0.5300 -0.0483 0.8466
vn 0.5297 -0.0480 0.8468
vn -0.9057 0.1075 -0.4101
vn -0.9058 0.1074 -0.4099
vn -0.9057 0.1074 -0.4100
vn 0.6873 -0.0712 0.7229
vn -0.9646 0.1195 -0.2353
vn -0.9646 0.1193 -0.2352
vn -0.9646 0.1195 -0.2352
vn -0.9645 0.1199 -0.2354
vn 0.8133 -0.0915 0.5747
vn 0.8133 -0.0914 0.5746
vn -0.9904 0.1266 -0.0551
vn -0.9904 0.1268 -0.0553
vn -0.9904 0.1271 -0.0552
vn -0.9904 0.1272 -0.0550
vn -0.2494 -0.8178 -0.5187
vn -0.2494 -0.8178 -0.5186
vn -0.2493 -0.8177 -0.5188
vn 0.0440 0.9913 0.1243
vn 0.6973 0.6919 -0.1871
vn 0.6972 0.6920 -0.1871
vn 0.6973 0.6920 -0.1871
vn 0.0561 0.9820 0.1804
vn 0.0564 0.9820 0.1804
vn 0.0563 0.9820 0.1803
vn 0.0564 0.9820 0.1803
vn 0.6506 0.7079 -0.2750
vn 0.6506 0.7080 -0.2749
vn 0.6505 0.7080 -0.2749
vn 0.0830 0.9673 0.2398
vn 0.0831 0.9672 0.2399
vn 0.0831 0.9673 0.2398
vn 0.1616 0.9050 -0.3934
vn 0.1617 0.9050 -0.3934
vn 0.5854 0.7319 -0.3489
vn 0.5854 0.7319 -0.3488
vn 0.1274 0.9463 0.2971
vn 0.1274 0.9463 0.2970
vn 0.1030 0.9341 -0.3417
vn 0.1030 0.9341 -0.3418
vn 0.5053 0.7624 -0.4043
vn 0.5053 0.7623 -0.4044
vn 0.5054 0.7623 -0.4044
vn 0.1898 0.9192 0.3451
vn 0.1899 0.9192 0.3451
vn 0.1899 0.9191 0.3452
vn 0.0632 0.9573 -0.2821
vn 0.0632 0.9573 -0.2822
vn 0.4161 0.7971 -0.4376
vn 0.4160 0.7973 -0.4373
vn 0.2678 0.8866 0.3771
vn 0.2678 0.8866 0.3772
vn 0.0411 0.9743 -0.2215
vn 0.0410 0.9743 -0.2215
vn 0.0409 0.9743 -0.2215
vn 0.3241 0.8344 -0.4457
vn 0.3242 0.8344 -0.4457
vn 0.3560 0.8504 0.3874
vn 0.3559 0.8504 0.3876
vn 0.3559 0.8504 0.3875
vn 0.0330 0.9857 -0.1650
vn 0.2370 0.8712 -0.4300
vn 0.2371 0.8712 -0.4300
vn 0.4469 0.8128 0.3736
vn 0.4469 0.8129 0.3735
vn 0.0337 0.9927 -0.1158
vn 0.0336 0.9927 -0.1158
vn 0.0337 0.9927 -0.1159
vn 0.5336 0.7765 0.3353
vn 0.5335 0.7764 0.3354
vn 0.5336 0.7764 0.3353
vn 0.0382 0.9965 -0.0742
vn 0.6091 0.7438 0.2751
vn 0.6092 0.7438 0.2751
vn 0.0422 0.9984 -0.0379
vn 0.0421 0.9984 -0.0378
vn 0.6686 0.7170 0.1974
vn 0.6686 0.7170 0.1973
vn 0.6683 0.7172 0.1973
vn 0.0435 0.9990 -0.0036
vn 0.0435 0.9990 -0.0035
vn 0.7085 0.6976 0.1069
vn 0.7084 0.6977 0.1072
vn 0.0423 0.9986 0.0330
vn 0.0423 0.9986 0.0329
vn 0.7270 0.6866 0.0088
vn 0.7269 0.6866 0.0091
vn 0.7269 0.6867 0.0091
vn 0.7268 0.6867 0.0091
vn 0.0410 0.9963 0.0750
vn 0.0410 0.9963 0.0749
vn -0.7007 -0.0160 -0.7133
vn 0.3078 -0.8769 -0.3692
vn 0.3078 -0.8769 -0.3691
vn -0.3176 -0.7805 0.5385
vn -0.3180 -0.7803 0.5386
vn -0.3179 -0.7803 0.5386
vn -0.3568 -0.7999 -0.4826
vn -0.3568 -0.7998 -0.4827
vn -0.3569 -0.7998 -0.4826
vn -0.3568 -0.7999 -0.4825
vn 0.2122 -0.8709 -0.4432
vn 0.2120 -0.8710 -0.4433
vn 0.2123 -0.8709 -0.4432
vn -0.2080 -0.7970 0.5670
vn -0.2080 -0.7971 0.5670
vn -0.2080 -0.7970 0.5671
vn -0.4526 -0.7818 -0.4288
vn -0.4524 -0.7819 -0.4289
vn -0.4527 -0.7818 -0.4288
vn -0.4528 -0.7818 -0.4287
vn 0.1032 -0.8618 -0.4966
vn 0.1031 -0.8618 -0.4967
vn -0.0914 -0.8135 0.5743
vn -0.0913 -0.8135 0.5744
vn -0.0914 -0.8136 0.5742
vn -0.0915 -0.8136 0.5742
vn -0.5335 -0.7650 -0.3608
vn -0.5334 -0.7650 -0.3609
vn -0.5335 -0.7650 -0.3609
vn -0.0138 -0.8496 -0.5273
vn -0.0140 -0.8497 -0.5271
vn -0.0138 -0.8495 -0.5274
vn -0.0141 -0.8496 -0.5272
vn 0.0277 -0.8288 0.5589
vn 0.0272 -0.8288 0.5588
vn 0.0273 -0.8288 0.5588
vn -0.5984 -0.7500 -0.2818
vn -0.5983 -0.7501 -0.2818
vn -0.5983 -0.7500 -0.2818
vn -0.1335 -0.8347 -0.5343
vn -0.1335 -0.8347 -0.5342
vn 0.1420 -0.8424 0.5198
vn 0.1421 -0.8424 0.5197
vn 0.1419 -0.8424 0.5198
vn 0.1419 -0.8424 0.5199
vn -0.6461 -0.7380 -0.1947
vn -0.6464 -0.7377 -0.1948
vn -0.6460 -0.7380 -0.1948
vn -0.6462 -0.7378 -0.1949
vn 0.2466 -0.8537 0.4587
vn 0.2465 -0.8537 0.4588
vn 0.2464 -0.8537 0.4588
vn -0.6773 -0.7286 -0.1025
vn -0.6772 -0.7286 -0.1025
vn -0.6772 -0.7286 -0.1026
vn 0.3363 -0.8627 0.3778
vn 0.3364 -0.8627 0.3777
vn 0.3364 -0.8627 0.3776
vn -0.6907 -0.7231 -0.0077
vn -0.6907 -0.7231 -0.0076
vn -0.6907 -0.7231 -0.0079
vn 0.4062 -0.8696 0.2809
vn 0.4063 -0.8696 0.2807
vn 0.4060 -0.8696 0.2810
vn -0.6870 -0.7213 0.0882
vn -0.6870 -0.7213 0.0881
vn -0.6869 -0.7213 0.0884
vn 0.4530 -0.8747 0.1722
vn 0.4531 -0.8747 0.1722
vn 0.4529 -0.8748 0.1723
vn -0.6664 -0.7232 0.1815
vn -0.6663 -0.7232 0.1816
vn -0.6663 -0.7233 0.1816
vn -0.6664 -0.7232 0.1814
vn 0.4746 -0.8784 0.0570
vn 0.4747 -0.8783 0.0570
vn 0.4745 -0.8784 0.0571
vn 0.4745 -0.8784 0.0572
vn -0.6286 -0.7288 0.2715
vn -0.6287 -0.7287 0.2715
vn -0.6284 -0.7291 0.2714
vn -0.6285 -0.7289 0.2715
vn 0.4702 -0.8806 -0.0596
vn 0.4702 -0.8805 -0.0596
vn 0.4701 -0.8806 -0.0597
vn -0.5741 -0.7379 0.3549
vn -0.5742 -0.7379 0.3548
vn -0.5741 -0.7378 0.3550
vn 0.4399 -0.8813 -0.1727
vn 0.4398 -0.8814 -0.1727
vn 0.4400 -0.8812 -0.1726
vn -0.5034 -0.7499 0.4293
vn -0.5034 -0.7498 0.4293
vn 0.3848 -0.8802 -0.2776
vn 0.3848 -0.8803 -0.2776
vn 0.3849 -0.8802 -0.2776
vn -0.4175 -0.7642 0.4916
vn -0.4174 -0.7642 0.4916
vn 0.0604 0.9965 -0.0586
vn 0.0604 0.9964 -0.0586
vn 0.2829 -0.0173 -0.9590
vn 0.2832 -0.0173 -0.9589
vn 0.3554 0.0189 0.9345
vn -0.8258 -0.0135 -0.5639
vn 0.0706 -0.0187 -0.9973
vn 0.5421 0.0177 0.8401
vn 0.5422 0.0178 0.8401
vn -0.9168 -0.0108 -0.3993
vn -0.9167 -0.0108 -0.3993
vn -0.9167 -0.0109 -0.3995
vn 0.7008 0.0160 0.7132
vn 0.7008 0.0160 0.7131
vn -0.9739 -0.0076 -0.2267
vn -0.9739 -0.0077 -0.2267
vn -0.9739 -0.0077 -0.2266
vn 0.8260 0.0136 0.5635
vn 0.8261 0.0136 0.5634
vn -0.9987 -0.0044 -0.0503
vn -0.9987 -0.0044 -0.0504
vn -0.9987 -0.0045 -0.0503
vn 0.9167 0.0108 0.3993
vn 0.9168 0.0108 0.3993
vn -0.9920 -0.0011 0.1263
vn -0.9920 -0.0010 0.1265
vn -0.9920 -0.0012 0.1262
vn -0.9920 -0.0009 0.1263
vn 0.9740 0.0077 0.2266
vn 0.9740 0.0077 0.2264
vn -0.9538 0.0023 0.3004
vn -0.9537 0.0025 0.3006
vn -0.9538 0.0020 0.3004
vn 0.9987 0.0045 0.0502
vn 0.9987 0.0045 0.0500
vn 0.9987 0.0044 0.0503
vn -0.8838 0.0060 0.4678
vn -0.8837 0.0057 0.4681
vn -0.8836 0.0057 0.4681
vn -0.8837 0.0058 0.4680
vn 0.9920 0.0008 -0.1266
vn 0.9920 0.0012 -0.1261
vn -0.7804 0.0093 0.6252
vn 0.9538 -0.0024 -0.3003
vn 0.9538 -0.0023 -0.3006
vn 0.9539 -0.0024 -0.3002
vn -0.6445 0.0123 0.7645
vn -0.6444 0.0123 0.7646
vn 0.8837 -0.0058 -0.4681
vn -0.4772 0.0151 0.8786
vn -0.4770 0.0150 0.8788
vn -0.4772 0.0152 0.8787
vn -0.1463 -0.0193 -0.9891
vn 0.7807 -0.0091 -0.6249
vn 0.7806 -0.0091 -0.6250
vn -0.2827 0.0173 0.9591
vn -0.2826 0.0173 0.9591
vn -0.2828 0.0173 0.9590
vn -0.3554 -0.0189 -0.9345
vn -0.3549 -0.0190 -0.9347
vn -0.3551 -0.0190 -0.9346
vn -0.3550 -0.0190 -0.9347
vn 0.6444 -0.0123 -0.7646
vn 0.6445 -0.0123 -0.7645
vn 0.6444 -0.0123 -0.7645
vn -0.0706 0.0187 0.9973
vn -0.0705 0.0187 0.9973
vn -0.5428 -0.0177 -0.8397
vn -0.5428 -0.0178 -0.8397
vn -0.5427 -0.0177 -0.8397
vn 0.4766 -0.0151 -0.8790
vn 0.4765 -0.0152 -0.8790
vn 0.1463 0.0193 0.9891
vn -0.4920 -0.8612 0.1275
vn -0.4923 -0.8611 0.1273
vn -0.4921 -0.8612 0.1272
vn -0.4920 -0.8612 0.1272
vn 0.4446 0.8811 0.1613
vn 0.4446 0.8811 0.1612
vn 0.0614 0.9975 -0.0335
vn 0.0614 0.9976 -0.0336
vn 0.0614 0.9976 -0.0335
vn 0.4845 0.8674 0.1133
vn 0.4845 0.8674 0.1134
vn 0.0624 0.9980 -0.0094
vn 0.0623 0.9980 -0.0094
vn 0.5118 0.8572 0.0570
vn 0.5116 0.8573 0.0569
vn 0.5119 0.8571 0.0570
vn 0.5117 0.8573 0.0569
vn 0.0633 0.9979 0.0157
vn 0.0632 0.9979 0.0157
vn 0.0632 0.9979 0.0158
vn 0.5245 0.8514 -0.0048
vn 0.5245 0.8514 -0.0047
vn 0.5244 0.8514 -0.0048
vn 0.0654 0.9969 0.0434
vn 0.0654 0.9969 0.0435
vn 0.5222 0.8502 -0.0675
vn 0.5221 0.8502 -0.0677
vn 0.5221 0.8502 -0.0676
vn 0.5220 0.8503 -0.0675
vn 0.0710 0.9947 0.0743
vn 0.0709 0.9947 0.0743
vn 0.0710 0.9947 0.0742
vn 0.5047 0.8537 -0.1285
vn 0.5046 0.8538 -0.1284
vn 0.5048 0.8536 -0.1284
vn 0.5046 0.8538 -0.1283
vn 0.0826 0.9907 0.1080
vn 0.4732 0.8617 -0.1830
vn 0.4732 0.8618 -0.1830
vn 0.1028 0.9844 0.1429
vn 0.1028 0.9844 0.1430
vn 0.1564 0.9547 -0.2530
vn 0.1565 0.9547 -0.2529
vn 0.1566 0.9547 -0.2529
vn 0.4297 0.8737 -0.2282
vn 0.4297 0.8737 -0.2281
vn 0.1332 0.9753 0.1760
vn 0.1332 0.9753 0.1761
vn 0.1332 0.9753 0.1762
vn 0.1177 0.9678 -0.2227
vn 0.1180 0.9677 -0.2228
vn 0.1179 0.9676 -0.2232
vn 0.3772 0.8885 -0.2613
vn 0.3772 0.8885 -0.2614
vn 0.3773 0.8885 -0.2613
vn 0.1737 0.9635 0.2038
vn 0.1740 0.9635 0.2036
vn 0.1738 0.9635 0.2037
vn 0.1739 0.9635 0.2037
vn 0.0901 0.9781 -0.1878
vn 0.0902 0.9781 -0.1878
vn 0.0901 0.9780 -0.1879
vn 0.3194 0.9052 -0.2803
vn 0.3193 0.9052 -0.2803
vn 0.3190 0.9053 -0.2805
vn 0.2240 0.9489 0.2221
vn 0.2238 0.9490 0.2222
vn 0.2239 0.9490 0.2221
vn 0.0727 0.9857 -0.1518
vn 0.0727 0.9857 -0.1517
vn 0.2604 0.9226 -0.2845
vn 0.2606 0.9226 -0.2845
vn 0.2799 0.9324 0.2285
vn 0.2800 0.9324 0.2284
vn 0.2800 0.9324 0.2285
vn 0.0637 0.9910 -0.1174
vn 0.0636 0.9910 -0.1174
vn 0.0635 0.9910 -0.1175
vn 0.2049 0.9395 -0.2746
vn 0.2046 0.9395 -0.2746
vn 0.3384 0.9148 0.2206
vn 0.3384 0.9148 0.2204
vn 0.3384 0.9148 0.2205
vn 0.0604 0.9945 -0.0861
vn 0.0605 0.9944 -0.0862
vn 0.0604 0.9944 -0.0863
vn 0.0605 0.9944 -0.0863
vn 0.3948 0.8973 0.1977
vn 0.3947 0.8973 0.1978
vn -0.6487 -0.0316 0.7604
vn -0.6485 -0.0313 0.7606
vn -0.6487 -0.0317 0.7603
vn -0.6488 -0.0318 0.7603
vn 0.2381 -0.9701 0.0465
vn 0.2382 -0.9701 0.0464
vn 0.2381 -0.9701 0.0464
vn -0.4666 -0.8650 0.1848
vn -0.4666 -0.8649 0.1850
vn -0.4666 -0.8649 0.1849
vn -0.4665 -0.8650 0.1848
vn 0.2352 -0.9715 -0.0276
vn 0.2353 -0.9715 -0.0272
vn 0.2354 -0.9715 -0.0273
vn -0.4301 -0.8708 0.2381
vn -0.4303 -0.8708 0.2379
vn -0.4299 -0.8709 0.2382
vn -0.4301 -0.8709 0.2378
vn 0.2158 -0.9714 -0.0989
vn 0.2157 -0.9714 -0.0989
vn -0.3835 -0.8786 0.2847
vn -0.3836 -0.8785 0.2847
vn 0.1808 -0.9696 -0.1648
vn 0.1806 -0.9696 -0.1649
vn 0.1809 -0.9696 -0.1648
vn -0.3275 -0.8879 0.3231
vn -0.3273 -0.8880 0.3229
vn -0.3273 -0.8881 0.3229
vn -0.3277 -0.8878 0.3232
vn -0.2197 -0.9226 -0.3170
vn -0.2196 -0.9226 -0.3173
vn -0.2196 -0.9226 -0.3172
vn 0.1316 -0.9661 -0.2220
vn 0.1315 -0.9661 -0.2221
vn -0.2636 -0.8984 0.3513
vn -0.2636 -0.8984 0.3514
vn -0.2635 -0.8985 0.3510
vn -0.2882 -0.9108 -0.2957
vn -0.2882 -0.9107 -0.2958
vn -0.2882 -0.9108 -0.2955
vn 0.0714 -0.9608 -0.2679
vn 0.0709 -0.9607 -0.2684
vn 0.0712 -0.9607 -0.2681
vn 0.0711 -0.9608 -0.2678
vn -0.1935 -0.9095 0.3678
vn -0.1934 -0.9094 0.3681
vn -0.1936 -0.9096 0.3677
vn -0.1935 -0.9095 0.3681
vn -0.3496 -0.8993 -0.2629
vn -0.3497 -0.8992 -0.2629
vn 0.0024 -0.9534 -0.3017
vn 0.0024 -0.9535 -0.3015
vn 0.0023 -0.9535 -0.3015
vn 0.0024 -0.9534 -0.3016
vn -0.1196 -0.9206 0.3716
vn -0.1197 -0.9206 0.3717
vn -0.1197 -0.9206 0.3716
vn -0.1198 -0.9206 0.3717
vn -0.4029 -0.8882 -0.2209
vn -0.4031 -0.8881 -0.2209
vn -0.4028 -0.8882 -0.2210
vn -0.0713 -0.9444 -0.3209
vn -0.0714 -0.9445 -0.3207
vn -0.0452 -0.9314 0.3613
vn -0.0453 -0.9314 0.3612
vn -0.0452 -0.9314 0.3612
vn -0.4462 -0.8784 -0.1712
vn -0.4464 -0.8783 -0.1713
vn -0.4461 -0.8785 -0.1713
vn -0.4458 -0.8786 -0.1712
vn -0.1462 -0.9340 -0.3260
vn -0.1463 -0.9340 -0.3259
vn -0.1463 -0.9340 -0.3260
vn 0.0266 -0.9413 0.3365
vn 0.0267 -0.9412 0.3368
vn 0.0267 -0.9412 0.3367
vn -0.4781 -0.8706 -0.1157
vn -0.4781 -0.8706 -0.1158
vn -0.4781 -0.8707 -0.1156
vn -0.4781 -0.8706 -0.1159
vn 0.0926 -0.9498 0.2987
vn 0.0928 -0.9499 0.2985
vn 0.0927 -0.9499 0.2986
vn -0.4989 -0.8648 -0.0562
vn -0.4989 -0.8648 -0.0565
vn -0.4990 -0.8648 -0.0564
vn -0.4991 -0.8647 -0.0563
vn 0.1494 -0.9571 0.2482
vn 0.1495 -0.9571 0.2481
vn -0.5084 -0.8611 0.0050
vn -0.5084 -0.8611 0.0049
vn -0.5083 -0.8611 0.0049
vn 0.1942 -0.9629 0.1872
vn 0.1941 -0.9629 0.1875
vn 0.1942 -0.9630 0.1869
vn -0.5060 -0.8600 0.0667
vn -0.5059 -0.8600 0.0668
vn -0.5060 -0.8599 0.0667
vn 0.2241 -0.9673 0.1192
vn 0.2240 -0.9673 0.1192
vn 0.2241 -0.9672 0.1192
vn 0.0960 0.8772 0.4704
vn 0.8844 0.0523 -0.4638
vn 0.8843 0.0523 -0.4640
vn 0.8843 0.0525 -0.4640
vn 0.8843 0.0523 -0.4639
vn -0.4815 -0.0182 0.8763
vn -0.4814 -0.0182 0.8763
vn -0.4815 -0.0182 0.8762
vn -0.4815 -0.0178 0.8763
vn -0.1477 -0.0264 -0.9887
vn -0.1476 -0.0264 -0.9887
vn -0.1478 -0.0264 -0.9887
vn 0.7833 0.0428 -0.6202
vn 0.7833 0.0425 -0.6202
vn 0.7833 0.0429 -0.6202
vn 0.7832 0.0429 -0.6202
vn -0.2862 -0.0036 0.9582
vn -0.3583 -0.0398 -0.9327
vn -0.3585 -0.0398 -0.9327
vn 0.6486 0.0315 -0.7605
vn 0.6484 0.0316 -0.7606
vn 0.6485 0.0316 -0.7606
vn 0.6487 0.0315 -0.7604
vn -0.0719 0.0116 0.9973
vn -0.0720 0.0116 0.9973
vn -0.0717 0.0116 0.9974
vn -0.5468 -0.0510 -0.8357
vn -0.5467 -0.0510 -0.8358
vn -0.5467 -0.0514 -0.8357
vn 0.4816 0.0182 -0.8762
vn 0.4815 0.0183 -0.8763
vn 0.4815 0.0183 -0.8762
vn 0.4814 0.0182 -0.8763
vn 0.1475 0.0264 0.9887
vn 0.1478 0.0264 0.9887
vn -0.7044 -0.0594 -0.7074
vn -0.7043 -0.0597 -0.7074
vn -0.7043 -0.0594 -0.7074
vn -0.7047 -0.0590 -0.7071
vn 0.2863 0.0036 -0.9581
vn 0.2865 0.0035 -0.9581
vn 0.3584 0.0398 0.9327
vn 0.3583 0.0398 0.9328
vn -0.8281 -0.0654 -0.5567
vn -0.8282 -0.0654 -0.5566
vn -0.8282 -0.0654 -0.5567
vn 0.0718 -0.0116 -0.9974
vn 0.0720 -0.0116 -0.9973
vn 0.0719 -0.0116 -0.9973
vn 0.0714 -0.0117 -0.9974
vn 0.5468 0.0510 0.8357
vn 0.5468 0.0505 0.8357
vn 0.5472 0.0509 0.8355
vn -0.9170 -0.0686 -0.3928
vn -0.9170 -0.0687 -0.3929
vn -0.9171 -0.0686 -0.3928
vn -0.9170 -0.0688 -0.3928
vn 0.7046 0.0596 0.7071
vn 0.7047 0.0596 0.7070
vn -0.9726 -0.0702 -0.2217
vn -0.9726 -0.0697 -0.2219
vn -0.9726 -0.0698 -0.2219
vn -0.9726 -0.0699 -0.2219
vn 0.8281 0.0654 0.5567
vn 0.8281 0.0652 0.5567
vn -0.9965 -0.0683 -0.0480
vn -0.9965 -0.0684 -0.0478
vn -0.9965 -0.0686 -0.0481
vn 0.9170 0.0686 0.3928
vn 0.9170 0.0688 0.3928
vn 0.9171 0.0686 0.3928
vn -0.9899 -0.0650 0.1263
vn -0.9898 -0.0653 0.1264
vn -0.9899 -0.0649 0.1263
vn -0.9899 -0.0649 0.1260
vn 0.9726 0.0697 0.2219
vn 0.9726 0.0698 0.2219
vn -0.9527 -0.0598 0.2978
vn -0.9528 -0.0600 0.2978
vn 0.9965 0.0683 0.0480
vn 0.9965 0.0686 0.0481
vn 0.9965 0.0683 0.0479
vn -0.8843 -0.0526 0.4640
vn -0.8842 -0.0525 0.4641
vn -0.8843 -0.0525 0.4639
vn 0.9899 0.0649 -0.1263
vn 0.9899 0.0651 -0.1262
vn 0.9899 0.0650 -0.1263
vn 0.9899 0.0651 -0.1261
vn -0.7832 -0.0428 0.6203
vn -0.7833 -0.0429 0.6201
vn -0.7832 -0.0427 0.6203
vn 0.9527 0.0598 -0.2978
vn 0.9528 0.0597 -0.2978
vn 0.0776 -0.9490 0.3055
vn 0.0775 -0.9490 0.3055
vn 0.0778 -0.9490 0.3056
vn -0.0643 0.9375 -0.3421
vn 0.4030 0.7301 -0.5518
vn 0.4031 0.7300 -0.5519
vn 0.2039 0.8340 0.5127
vn 0.2038 0.8339 0.5129
vn -0.0772 0.9651 -0.2504
vn -0.0771 0.9651 -0.2504
vn 0.2819 0.7698 -0.5727
vn 0.2820 0.7697 -0.5728
vn 0.2818 0.7698 -0.5727
vn 0.3236 0.7906 0.5198
vn 0.3237 0.7904 0.5200
vn 0.3237 0.7906 0.5198
vn -0.0659 0.9832 -0.1704
vn 0.1631 0.8135 -0.5582
vn 0.1630 0.8134 -0.5584
vn 0.1629 0.8134 -0.5584
vn 0.4428 0.7500 0.4913
vn 0.4429 0.7500 0.4913
vn -0.0427 0.9932 -0.1084
vn -0.0427 0.9932 -0.1083
vn 0.5507 0.7143 0.4319
vn 0.5508 0.7143 0.4318
vn -0.0195 0.9977 -0.0643
vn 0.6403 0.6846 0.3482
vn 0.6404 0.6846 0.3482
vn -0.0051 0.9995 -0.0327
vn -0.0051 0.9995 -0.0328
vn 0.7080 0.6615 0.2472
vn 0.7079 0.6616 0.2472
vn -0.0041 1.0000 -0.0052
vn -0.0042 1.0000 -0.0051
vn 0.7516 0.6455 0.1355
vn 0.7516 0.6456 0.1355
vn -0.0160 0.9995 0.0274
vn 0.7712 0.6364 0.0180
vn 0.7712 0.6363 0.0180
vn 0.7712 0.6364 0.0179
vn -0.0358 0.9967 0.0733
vn 0.7666 0.6341 -0.1009
vn 0.7665 0.6342 -0.1009
vn 0.7666 0.6341 -0.1007
vn -0.0542 0.9890 0.1373
vn 0.7381 0.6388 -0.2171
vn 0.7382 0.6388 -0.2168
vn 0.7381 0.6388 -0.2168
vn -0.0592 0.9740 0.2185
vn -0.0593 0.9740 0.2185
vn 0.6861 0.6507 -0.3255
vn 0.6860 0.6507 -0.3255
vn -0.0394 0.9499 0.3100
vn -0.0394 0.9499 0.3099
vn 0.0586 0.8585 -0.5095
vn 0.0587 0.8585 -0.5095
vn 0.6111 0.6698 -0.4218
vn 0.6110 0.6699 -0.4218
vn 0.0124 0.9170 0.3988
vn 0.0125 0.9170 0.3988
vn 0.0125 0.9170 0.3987
vn -0.0192 0.9011 -0.4333
vn 0.5152 0.6965 -0.4995
vn 0.9012 0.2224 0.3720
vn 0.9012 0.2225 0.3719
vn 0.9012 0.2223 0.3720
vn 0.9012 0.2221 0.3723
vn -0.3842 -0.9179 -0.0998
vn -0.3840 -0.9180 -0.0995
vn -0.3840 -0.9179 -0.0995
vn -0.3839 -0.9180 -0.0995
vn 0.1407 -0.9520 0.2720
vn 0.1406 -0.9520 0.2720
vn 0.1406 -0.9519 0.2721
vn -0.4024 -0.9142 -0.0477
vn -0.4024 -0.9142 -0.0479
vn -0.4029 -0.9140 -0.0477
vn -0.4028 -0.9141 -0.0475
vn 0.1954 -0.9542 0.2267
vn 0.1953 -0.9542 0.2267
vn -0.4106 -0.9118 0.0061
vn -0.4107 -0.9117 0.0061
vn 0.2387 -0.9558 0.1716
vn 0.2386 -0.9558 0.1715
vn -0.4088 -0.9107 0.0599
vn -0.4086 -0.9107 0.0601
vn -0.4087 -0.9107 0.0598
vn -0.4087 -0.9107 0.0596
vn 0.2684 -0.9571 0.1087
vn 0.2685 -0.9571 0.1087
vn 0.2683 -0.9572 0.1088
vn 0.2682 -0.9572 0.1088
vn -0.3964 -0.9111 0.1128
vn -0.3963 -0.9111 0.1129
vn -0.3963 -0.9111 0.1128
vn -0.3964 -0.9112 0.1127
vn 0.2820 -0.9585 0.0417
vn -0.3742 -0.9128 0.1635
vn -0.3741 -0.9129 0.1631
vn -0.3741 -0.9129 0.1634
vn -0.3739 -0.9129 0.1634
vn 0.2793 -0.9598 -0.0263
vn 0.2794 -0.9598 -0.0264
vn 0.2794 -0.9598 -0.0265
vn -0.3418 -0.9160 0.2103
vn -0.3416 -0.9160 0.2105
vn -0.3417 -0.9160 0.2103
vn -0.3418 -0.9160 0.2102
vn 0.2607 -0.9610 -0.0922
vn 0.2606 -0.9610 -0.0922
vn 0.2608 -0.9610 -0.0923
vn 0.2608 -0.9610 -0.0924
vn -0.3005 -0.9200 0.2518
vn -0.3004 -0.9200 0.2519
vn -0.3004 -0.9200 0.2517
vn -0.3002 -0.9200 0.2517
vn 0.2264 -0.9620 -0.1526
vn 0.2263 -0.9620 -0.1526
vn 0.2264 -0.9620 -0.1527
vn -0.2499 -0.9249 0.2866
vn -0.2500 -0.9248 0.2866
vn -0.2500 -0.9249 0.2866
vn -0.1513 -0.9473 -0.2825
vn -0.1512 -0.9473 -0.2825
vn 0.1789 -0.9624 -0.2042
vn 0.1789 -0.9624 -0.2043
vn 0.1790 -0.9624 -0.2042
vn -0.1919 -0.9302 0.3130
vn -0.1920 -0.9302 0.3129
vn -0.1920 -0.9302 0.3130
vn -0.1919 -0.9301 0.3131
vn -0.2139 -0.9412 -0.2617
vn -0.2139 -0.9412 -0.2616
vn 0.1211 -0.9618 -0.2454
vn 0.1209 -0.9618 -0.2456
vn 0.1210 -0.9618 -0.2454
vn 0.1209 -0.9619 -0.2453
vn -0.1279 -0.9356 0.3292
vn -0.1279 -0.9356 0.3291
vn -0.2698 -0.9348 -0.2312
vn -0.2697 -0.9348 -0.2312
vn 0.0555 -0.9601 -0.2741
vn 0.0556 -0.9601 -0.2741
vn 0.0554 -0.9601 -0.2741
vn -0.0598 -0.9407 0.3339
vn -0.0598 -0.9407 0.3338
vn -0.0598 -0.9407 0.3340
vn -0.3173 -0.9286 -0.1926
vn -0.3170 -0.9287 -0.1925
vn -0.3172 -0.9286 -0.1926
vn -0.3174 -0.9285 -0.1928
vn -0.0137 -0.9571 -0.2896
vn -0.0137 -0.9570 -0.2897
vn -0.0137 -0.9570 -0.2896
vn 0.0098 -0.9453 0.3261
vn 0.0098 -0.9453 0.3262
vn 0.0099 -0.9453 0.3261
vn -0.3554 -0.9228 -0.1486
vn -0.3555 -0.9228 -0.1485
vn -0.3555 -0.9228 -0.1484
vn -0.0837 -0.9527 -0.2923
vn -0.0837 -0.9526 -0.2923
vn 0.6310 0.7708 -0.0876
vn 0.6312 0.7706 -0.0878
vn 0.6312 0.7707 -0.0876
vn 0.6310 0.7708 -0.0877
vn -0.9646 -0.2327 0.1239
vn -0.9646 -0.2328 0.1237
vn 0.9504 0.2326 0.2067
vn 0.9503 0.2326 0.2068
vn -0.9314 -0.2231 0.2878
vn -0.9313 -0.2231 0.2879
vn -0.9314 -0.2230 0.2876
vn 0.9709 0.2358 0.0412
vn 0.9709 0.2358 0.0411
vn 0.9709 0.2358 0.0413
vn -0.8699 -0.2066 0.4479
vn -0.8699 -0.2065 0.4480
vn 0.9646 0.2327 -0.1241
vn 0.9646 0.2326 -0.1240
vn 0.9646 0.2326 -0.1241
vn -0.7771 -0.1826 0.6023
vn -0.7770 -0.1825 0.6024
vn -0.7771 -0.1827 0.6023
vn 0.9315 0.2231 -0.2873
vn 0.9315 0.2230 -0.2874
vn -0.6505 -0.1503 0.7445
vn -0.6504 -0.1503 0.7446
vn -0.6504 -0.1504 0.7446
vn 0.8699 0.2065 -0.4479
vn 0.8699 0.2065 -0.4480
vn 0.8698 0.2061 -0.4483
vn -0.4882 -0.1099 0.8658
vn -0.4881 -0.1099 0.8658
vn -0.4881 -0.1098 0.8658
vn -0.4882 -0.1098 0.8658
vn -0.1507 -0.0463 -0.9875
vn -0.1508 -0.0463 -0.9875
vn -0.1505 -0.0462 -0.9875
vn 0.7772 0.1824 -0.6022
vn 0.7772 0.1823 -0.6023
vn 0.7773 0.1825 -0.6021
vn -0.2936 -0.0618 0.9539
vn -0.2936 -0.0619 0.9539
vn -0.2935 -0.0618 0.9539
vn -0.3653 -0.0978 -0.9258
vn -0.3652 -0.0978 -0.9258
vn -0.3653 -0.0978 -0.9257
vn 0.6506 0.1505 -0.7444
vn 0.6504 0.1504 -0.7445
vn 0.6505 0.1506 -0.7444
vn -0.0748 -0.0083 0.9972
vn -0.0749 -0.0083 0.9972
vn -0.0751 -0.0083 0.9971
vn -0.5524 -0.1420 -0.8214
vn -0.5525 -0.1421 -0.8213
vn -0.5525 -0.1420 -0.8213
vn -0.5526 -0.1421 -0.8213
vn 0.4881 0.1098 -0.8659
vn 0.4882 0.1098 -0.8658
vn 0.4880 0.1098 -0.8659
vn 0.1507 0.0463 0.9875
vn 0.1506 0.0463 0.9875
vn -0.7050 -0.1777 -0.6866
vn -0.7051 -0.1777 -0.6865
vn 0.2934 0.0617 -0.9540
vn 0.2933 0.0617 -0.9540
vn 0.2936 0.0619 -0.9539
vn 0.3653 0.0978 0.9257
vn 0.3650 0.0977 0.9259
vn -0.8204 -0.2044 -0.5340
vn -0.8203 -0.2044 -0.5341
vn -0.8205 -0.2043 -0.5340
vn 0.0750 0.0083 -0.9972
vn 0.5525 0.1421 0.8213
vn 0.5524 0.1421 0.8214
vn -0.9012 -0.2223 -0.3721
vn -0.9012 -0.2222 -0.3722
vn -0.9012 -0.2225 -0.3719
vn 0.7049 0.1776 0.6868
vn 0.7047 0.1775 0.6869
vn 0.7049 0.1776 0.6867
vn -0.9502 -0.2326 -0.2074
vn -0.9501 -0.2327 -0.2077
vn 0.8208 0.2039 0.5336
vn 0.8205 0.2039 0.5340
vn 0.8205 0.2042 0.5339
vn -0.9709 -0.2359 -0.0410
vn -0.9709 -0.2358 -0.0411
vn 0.1163 -0.8621 0.4932
vn 0.1160 -0.8622 0.4932
vn 0.1165 -0.8621 0.4932
vn -0.1946 0.9595 0.2038
vn -0.1946 0.9595 0.2037
vn 0.6078 0.7728 -0.1830
vn 0.6076 0.7729 -0.1831
vn 0.6077 0.7728 -0.1831
vn -0.1624 0.9481 0.2734
vn 0.5644 0.7791 -0.2728
vn 0.5645 0.7790 -0.2730
vn 0.5645 0.7789 -0.2731
vn 0.5645 0.7790 -0.2729
vn -0.1106 0.9337 0.3406
vn -0.1107 0.9337 0.3406
vn 0.0172 0.8801 -0.4744
vn 0.5024 0.7890 -0.3536
vn 0.5024 0.7890 -0.3537
vn 0.5025 0.7890 -0.3536
vn -0.0383 0.9167 0.3978
vn -0.0698 0.9009 -0.4285
vn -0.0699 0.9009 -0.4285
vn 0.4229 0.8025 -0.4209
vn 0.4228 0.8025 -0.4209
vn 0.0520 0.8976 0.4378
vn -0.1376 0.9202 -0.3665
vn -0.1376 0.9202 -0.3666
vn 0.3286 0.8192 -0.4700
vn 0.1545 0.8771 0.4547
vn 0.1545 0.8772 0.4547
vn 0.1544 0.8772 0.4546
vn -0.1841 0.9372 -0.2963
vn -0.1841 0.9372 -0.2962
vn 0.2247 0.8383 -0.4967
vn 0.2607 0.8564 0.4458
vn 0.2606 0.8563 0.4458
vn -0.2109 0.9513 -0.2248
vn -0.2110 0.9513 -0.2249
vn 0.1181 0.8589 -0.4982
vn 0.1181 0.8589 -0.4983
vn 0.3622 0.8361 0.4120
vn 0.3623 0.8361 0.4120
vn -0.2232 0.9620 -0.1571
vn 0.4525 0.8174 0.3565
vn 0.4525 0.8174 0.3566
vn -0.2264 0.9694 -0.0952
vn 0.5267 0.8012 0.2839
vn 0.5267 0.8012 0.2840
vn 0.5266 0.8011 0.2844
vn -0.2257 0.9735 -0.0378
vn 0.5828 0.7878 0.1991
vn 0.5825 0.7880 0.1992
vn 0.5825 0.7880 0.1993
vn -0.2235 0.9745 0.0177
vn -0.2235 0.9746 0.0177
vn -0.2236 0.9745 0.0177
vn 0.6187 0.7784 0.1067
vn 0.6186 0.7784 0.1067
vn 0.6187 0.7784 0.1066
vn 0.6186 0.7784 0.1066
vn -0.2199 0.9726 0.0751
vn 0.6351 0.7724 0.0097
vn 0.6350 0.7725 0.0096
vn 0.6352 0.7723 0.0098
vn 0.6351 0.7724 0.0099
vn -0.2120 0.9676 0.1368
vn 0.8286 -0.0519 0.5575
vn 0.8286 -0.0519 0.5574
vn -0.5068 -0.8158 -0.2785
vn -0.5069 -0.8158 -0.2785
vn -0.5068 -0.8158 -0.2786
vn -0.0302 -0.8747 -0.4837
vn -0.0302 -0.8746 -0.4838
vn -0.0302 -0.8748 -0.4836
vn 0.2160 -0.8667 0.4496
vn 0.2161 -0.8667 0.4496
vn 0.2159 -0.8668 0.4495
vn -0.5609 -0.8047 -0.1946
vn -0.5610 -0.8046 -0.1946
vn 0.3038 -0.8695 0.3895
vn 0.3037 -0.8695 0.3895
vn 0.3037 -0.8695 0.3894
vn 0.3038 -0.8695 0.3894
vn -0.5962 -0.7961 -0.1039
vn -0.5962 -0.7961 -0.1038
vn 0.3762 -0.8711 0.3157
vn 0.3761 -0.8711 0.3158
vn -0.6121 -0.7907 -0.0088
vn -0.6119 -0.7909 -0.0090
vn -0.6122 -0.7907 -0.0089
vn -0.6123 -0.7906 -0.0091
vn 0.4311 -0.8721 0.2314
vn 0.4312 -0.8720 0.2317
vn 0.4314 -0.8720 0.2313
vn 0.4312 -0.8720 0.2316
vn -0.6088 -0.7887 0.0856
vn -0.6087 -0.7887 0.0860
vn -0.6086 -0.7888 0.0860
vn 0.4669 -0.8731 0.1407
vn 0.4669 -0.8730 0.1407
vn 0.4670 -0.8730 0.1404
vn 0.4670 -0.8730 0.1407
vn -0.5854 -0.7906 0.1793
vn -0.5854 -0.7907 0.1793
vn -0.5854 -0.7907 0.1792
vn 0.4833 -0.8742 0.0461
vn 0.4833 -0.8742 0.0460
vn 0.4831 -0.8743 0.0460
vn 0.4833 -0.8743 0.0460
vn -0.5433 -0.7958 0.2674
vn -0.5433 -0.7958 0.2673
vn 0.4793 -0.8763 -0.0492
vn 0.4797 -0.8761 -0.0493
vn 0.4798 -0.8760 -0.0490
vn 0.4796 -0.8761 -0.0493
vn -0.4830 -0.8038 0.3473
vn -0.4831 -0.8038 0.3472
vn -0.4830 -0.8038 0.3472
vn 0.4562 -0.8784 -0.1425
vn 0.4561 -0.8784 -0.1424
vn 0.4562 -0.8784 -0.1424
vn -0.4060 -0.8140 0.4155
vn -0.4061 -0.8139 0.4155
vn -0.4061 -0.8140 0.4154
vn 0.4136 -0.8809 -0.2300
vn 0.4135 -0.8810 -0.2301
vn 0.4137 -0.8808 -0.2302
vn 0.4136 -0.8808 -0.2304
vn -0.3148 -0.8252 0.4691
vn -0.3148 -0.8251 0.4691
vn -0.1413 -0.8660 -0.4797
vn -0.1412 -0.8660 -0.4797
vn 0.3522 -0.8831 -0.3100
vn 0.3523 -0.8831 -0.3099
vn 0.3523 -0.8831 -0.3100
vn -0.2123 -0.8363 0.5054
vn -0.2124 -0.8365 0.5052
vn -0.2124 -0.8364 0.5053
vn -0.2125 -0.8361 0.5057
vn -0.2489 -0.8547 -0.4555
vn -0.2488 -0.8547 -0.4555
vn -0.2490 -0.8548 -0.4554
vn 0.2744 -0.8843 -0.3778
vn 0.2745 -0.8842 -0.3779
vn 0.2746 -0.8842 -0.3779
vn -0.1032 -0.8468 0.5218
vn -0.1031 -0.8468 0.5218
vn -0.3484 -0.8420 -0.4119
vn -0.3484 -0.8420 -0.4120
vn -0.3483 -0.8420 -0.4119
vn 0.1825 -0.8835 -0.4313
vn 0.1824 -0.8836 -0.4313
vn 0.1825 -0.8836 -0.4313
vn 0.1826 -0.8835 -0.4313
vn 0.0080 -0.8555 0.5177
vn 0.0080 -0.8556 0.5177
vn -0.4354 -0.8286 -0.3520
vn -0.4353 -0.8286 -0.3520
vn -0.4353 -0.8286 -0.3519
vn -0.4352 -0.8287 -0.3519
vn 0.0796 -0.8805 -0.4673
vn 0.0798 -0.8804 -0.4674
vn 0.0797 -0.8805 -0.4674
vn 0.0795 -0.8805 -0.4673
vn 0.9255 0.3769 0.0374
vn 0.9255 0.3769 0.0373
vn -0.9958 0.0762 -0.0505
vn -0.9958 0.0760 -0.0506
vn -0.9958 0.0763 -0.0504
vn 0.9170 -0.0623 0.3941
vn 0.9171 -0.0626 0.3937
vn 0.9169 -0.0623 0.3941
vn -0.9892 0.0795 0.1232
vn -0.9892 0.0793 0.1231
vn -0.9892 0.0792 0.1232
vn -0.9892 0.0794 0.1233
vn 0.9722 -0.0704 0.2235
vn 0.9721 -0.0704 0.2236
vn -0.9524 0.0801 0.2942
vn -0.9524 0.0802 0.2942
vn -0.9524 0.0803 0.2941
vn 0.9958 -0.0759 0.0503
vn 0.9958 -0.0761 0.0504
vn 0.9958 -0.0762 0.0505
vn 0.9958 -0.0760 0.0504
vn -0.8844 0.0787 0.4600
vn -0.8844 0.0787 0.4601
vn -0.8844 0.0786 0.4601
vn -0.8845 0.0787 0.4599
vn 0.9892 -0.0795 -0.1232
vn 0.9892 -0.0794 -0.1233
vn 0.9892 -0.0793 -0.1231
vn -0.7839 0.0745 0.6164
vn -0.7839 0.0746 0.6164
vn -0.7840 0.0743 0.6163
vn 0.9524 -0.0803 -0.2940
vn 0.9524 -0.0803 -0.2941
vn 0.9525 -0.0803 -0.2939
vn 0.9524 -0.0803 -0.2942
vn -0.6497 0.0670 0.7573
vn -0.6497 0.0671 0.7573
vn -0.6495 0.0673 0.7573
vn 0.8845 -0.0789 -0.4599
vn 0.8846 -0.0790 -0.4597
vn 0.8845 -0.0788 -0.4599
vn 0.8844 -0.0786 -0.4601
vn -0.4827 0.0568 0.8739
vn -0.4826 0.0567 0.8740
vn -0.4827 0.0568 0.8740
vn -0.1481 -0.0104 -0.9889
vn -0.1482 -0.0104 -0.9889
vn 0.7838 -0.0744 -0.6165
vn 0.7839 -0.0743 -0.6165
vn 0.7838 -0.0743 -0.6165
vn 0.7839 -0.0742 -0.6165
vn -0.2869 0.0430 0.9570
vn -0.2870 0.0429 0.9570
vn -0.2872 0.0431 0.9569
vn -0.2870 0.0433 0.9569
vn -0.3592 0.0075 -0.9332
vn -0.3593 0.0072 -0.9332
vn -0.3593 0.0071 -0.9332
vn -0.3592 0.0072 -0.9332
vn 0.6497 -0.0670 -0.7572
vn -0.0724 0.0276 0.9970
vn -0.0721 0.0276 0.9970
vn -0.0725 0.0276 0.9970
vn -0.5478 0.0239 -0.8363
vn -0.5477 0.0238 -0.8363
vn -0.5478 0.0240 -0.8363
vn 0.4827 -0.0567 -0.8739
vn 0.4825 -0.0567 -0.8741
vn 0.4826 -0.0567 -0.8740
vn 0.4829 -0.0567 -0.8738
vn 0.1482 0.0103 0.9889
vn 0.1478 0.0103 0.9890
vn 0.1481 0.0103 0.9889
vn -0.7056 0.0390 -0.7075
vn -0.7055 0.0391 -0.7076
vn -0.7056 0.0390 -0.7076
vn 0.2874 -0.0435 -0.9568
vn 0.2871 -0.0434 -0.9569
vn 0.3595 -0.0074 0.9331
vn 0.3591 -0.0071 0.9333
vn 0.3592 -0.0072 0.9332
vn -0.8287 0.0520 -0.5573
vn -0.8286 0.0521 -0.5574
vn -0.8288 0.0519 -0.5572
vn 0.0724 -0.0276 -0.9970
vn 0.0725 -0.0276 -0.9970
vn 0.5478 -0.0240 0.8363
vn 0.5477 -0.0240 0.8363
vn -0.9170 0.0623 -0.3941
vn -0.9169 0.0623 -0.3941
vn -0.9170 0.0623 -0.3940
vn -0.9170 0.0624 -0.3939
vn 0.7056 -0.0390 0.7076
vn 0.7055 -0.0390 0.7076
vn -0.9721 0.0703 -0.2237
vn -0.9721 0.0704 -0.2235
vn -0.0597 0.9981 -0.0169
vn -0.0597 0.9981 -0.0168
vn -0.0598 0.9981 -0.0171
vn -0.0596 0.9981 -0.0169
vn -0.0599 0.9981 -0.0168
vn -0.0598 0.9981 -0.0167
vn -0.0599 0.9981 -0.0167
vn -0.0598 0.9981 -0.0165
vn -0.0598 0.9981 -0.0168
vn -0.0600 0.9981 -0.0167
vn -0.0596 0.9981 -0.0167
vn -0.0595 0.9981 -0.0168
vn -0.0596 0.9981 -0.0168
vn -0.0595 0.9981 -0.0170
vn -0.0596 0.9981 -0.0170
vn 0.1492 0.9847 -0.0905
vn 0.9195 0.3738 -0.1217
vn 0.9194 0.3738 -0.1221
vn 0.9194 0.3739 -0.1220
vn 0.0336 0.9988 -0.0362
vn 0.8812 0.3821 -0.2784
vn 0.8812 0.3822 -0.2783
vn -0.0737 0.9940 0.0803
vn 0.8103 0.4023 -0.4261
vn 0.8103 0.4025 -0.4260
vn 0.8103 0.4023 -0.4260
vn -0.1344 0.9602 0.2449
vn -0.1344 0.9602 0.2450
vn -0.0781 0.7947 -0.6020
vn -0.0781 0.7947 -0.6019
vn 0.7065 0.4352 -0.5581
vn 0.7064 0.4352 -0.5581
vn -0.1218 0.8979 0.4230
vn -0.1218 0.8979 0.4229
vn -0.1550 0.8813 -0.4464
vn -0.1550 0.8813 -0.4465
vn 0.5705 0.4820 -0.6650
vn 0.5706 0.4820 -0.6649
vn -0.0332 0.8172 0.5754
vn -0.1540 0.9503 -0.2704
vn -0.1541 0.9503 -0.2705
vn -0.1540 0.9503 -0.2705
vn 0.4080 0.5431 -0.7339
vn 0.4081 0.5430 -0.7339
vn 0.4080 0.5430 -0.7339
vn 0.1125 0.7300 0.6741
vn 0.1124 0.7300 0.6741
vn 0.1125 0.7301 0.6741
vn -0.0810 0.9904 -0.1123
vn -0.0810 0.9904 -0.1124
vn 0.2309 0.6178 -0.7517
vn 0.2866 0.6457 0.7078
vn 0.2865 0.6457 0.7078
vn 0.0348 0.9994 -0.0046
vn 0.0597 0.7036 -0.7081
vn 0.0598 0.7036 -0.7081
vn 0.4619 0.5701 0.6794
vn 0.4620 0.5700 0.6794
vn 0.4620 0.5701 0.6794
vn 0.1542 0.9872 0.0412
vn 0.6189 0.5061 0.6006
vn 0.6189 0.5062 0.6007
vn 0.6188 0.5062 0.6007
vn 0.2464 0.9685 0.0343
vn 0.2464 0.9686 0.0343
vn 0.7462 0.4552 0.4857
vn 0.7463 0.4552 0.4857
vn 0.7463 0.4551 0.4857
vn 0.2946 0.9556 -0.0050
vn 0.8398 0.4172 0.3474
vn 0.8398 0.4171 0.3475
vn 0.2927 0.9547 -0.0539
vn 0.2927 0.9547 -0.0540
vn 0.8993 0.3912 0.1957
vn 0.8993 0.3912 0.1956
vn 0.2417 0.9662 -0.0900
vn 0.2417 0.9662 -0.0899
vn 0.0848 -0.9963 0.0158
vn -0.6610 -0.0681 -0.7472
vn -0.7774 -0.6168 0.1233
vn -0.7774 -0.6168 0.1232
vn -0.7774 -0.6168 0.1231
vn 0.8514 -0.4766 0.2192
vn 0.8514 -0.4765 0.2193
vn -0.7395 -0.6110 0.2824
vn -0.7395 -0.6111 0.2825
vn -0.7396 -0.6110 0.2823
vn 0.8768 -0.4774 0.0578
vn 0.8769 -0.4772 0.0577
vn -0.6713 -0.6030 0.4310
vn -0.6712 -0.6031 0.4310
vn -0.6714 -0.6031 0.4307
vn -0.6713 -0.6030 0.4309
vn 0.8707 -0.4803 -0.1060
vn 0.8708 -0.4801 -0.1059
vn 0.8707 -0.4802 -0.1059
vn -0.5756 -0.5927 0.5634
vn -0.5756 -0.5926 0.5635
vn -0.5757 -0.5926 0.5634
vn 0.8328 -0.4860 -0.2650
vn 0.8326 -0.4863 -0.2651
vn -0.4560 -0.5807 0.6744
vn 0.7647 -0.4941 -0.4136
vn 0.7647 -0.4942 -0.4135
vn -0.3170 -0.5676 0.7598
vn -0.3172 -0.5676 0.7597
vn -0.3171 -0.5676 0.7598
vn -0.3171 -0.5674 0.7599
vn -0.0664 -0.5713 -0.8181
vn -0.0664 -0.5712 -0.8181
vn 0.6690 -0.5043 -0.5459
vn 0.6690 -0.5044 -0.5459
vn 0.6690 -0.5043 -0.5460
vn -0.1642 -0.5536 0.8164
vn -0.1641 -0.5535 0.8165
vn -0.1643 -0.5536 0.8164
vn -0.2252 -0.5842 -0.7798
vn -0.2250 -0.5841 -0.7799
vn -0.2256 -0.5842 -0.7796
vn 0.5494 -0.5162 -0.6570
vn 0.5495 -0.5162 -0.6570
vn -0.0030 -0.5395 0.8420
vn -0.0031 -0.5395 0.8420
vn -0.3731 -0.5958 -0.7113
vn -0.3731 -0.5957 -0.7113
vn -0.3731 -0.5957 -0.7112
vn -0.3729 -0.5959 -0.7112
vn 0.4103 -0.5295 -0.7425
vn 0.4104 -0.5294 -0.7425
vn 0.4104 -0.5295 -0.7424
vn 0.4104 -0.5296 -0.7423
vn 0.1597 -0.5257 0.8355
vn 0.1595 -0.5258 0.8355
vn 0.1598 -0.5257 0.8355
vn -0.5052 -0.6054 -0.6151
vn -0.5052 -0.6055 -0.6149
vn -0.5051 -0.6055 -0.6150
vn 0.2574 -0.5434 -0.7991
vn 0.2575 -0.5433 -0.7991
vn 0.2575 -0.5434 -0.7990
vn 0.2575 -0.5435 -0.7990
vn 0.3183 -0.5128 0.7973
vn 0.3184 -0.5128 0.7973
vn 0.3187 -0.5129 0.7971
vn -0.6159 -0.6130 -0.4949
vn -0.6161 -0.6128 -0.4949
vn -0.6160 -0.6129 -0.4949
vn 0.0967 -0.5578 -0.8243
vn 0.0967 -0.5579 -0.8243
vn 0.0965 -0.5575 -0.8246
vn 0.4666 -0.5010 0.7289
vn 0.4665 -0.5011 0.7289
vn 0.4666 -0.5012 0.7288
vn -0.7015 -0.6177 -0.3554
vn -0.7015 -0.6177 -0.3553
vn -0.7016 -0.6176 -0.3554
vn -0.7014 -0.6178 -0.3554
vn 0.5988 -0.4914 0.6324
vn 0.5986 -0.4916 0.6325
vn 0.5987 -0.4914 0.6325
vn 0.5989 -0.4915 0.6323
vn -0.7580 -0.6203 -0.2018
vn -0.7580 -0.6203 -0.2016
vn -0.7580 -0.6202 -0.2018
vn 0.7094 -0.4840 0.5123
vn 0.7094 -0.4841 0.5123
vn 0.7095 -0.4839 0.5123
vn -0.7836 -0.6200 -0.0400
vn -0.7836 -0.6199 -0.0401
vn 0.7947 -0.4791 0.3727
vn 0.7948 -0.4790 0.3727
vn -0.0848 0.9963 -0.0158
vn 0.2528 0.0062 -0.9675
vn 0.2529 0.0062 -0.9675
vn 0.2526 0.0061 -0.9676
vn 0.3256 0.0427 0.9445
vn 0.3255 0.0427 0.9446
vn 0.3257 0.0427 0.9445
vn -0.7939 -0.0772 -0.6032
vn 0.0600 -0.0107 -0.9981
vn 0.5028 0.0565 0.8625
vn 0.5029 0.0565 0.8625
vn -0.8961 -0.0832 -0.4360
vn 0.6610 0.0681 0.7472
vn -0.9638 -0.0861 -0.2523
vn -0.9638 -0.0861 -0.2522
vn 0.7939 0.0772 0.6032
vn 0.7937 0.0771 0.6034
vn 0.7939 0.0772 0.6031
vn -0.9946 -0.0856 -0.0584
vn -0.9946 -0.0856 -0.0585
vn 0.8961 0.0832 0.4360
vn -0.9872 -0.0819 0.1372
vn -0.9872 -0.0819 0.1371
vn -0.9871 -0.0819 0.1373
vn 0.9640 0.0861 0.2517
vn 0.9639 0.0861 0.2521
vn -0.9417 -0.0750 0.3281
vn -0.9416 -0.0750 0.3282
vn 0.9946 0.0856 0.0585
vn 0.9946 0.0856 0.0588
vn -0.8602 -0.0652 0.5058
vn 0.9871 0.0819 -0.1373
vn 0.9871 0.0818 -0.1376
vn -0.7455 -0.0529 0.6644
vn -0.7456 -0.0529 0.6643
vn -0.7454 -0.0529 0.6646
vn 0.9419 0.0750 -0.3274
vn 0.9417 0.0750 -0.3279
vn -0.6021 -0.0386 0.7975
vn 0.8602 0.0652 -0.5058
vn -0.4362 -0.0229 0.8996
vn -0.1358 -0.0273 -0.9904
vn 0.7455 0.0529 -0.6644
vn -0.2528 -0.0062 0.9675
vn -0.2529 -0.0062 0.9675
vn -0.3254 -0.0427 -0.9446
vn -0.3255 -0.0427 -0.9446
vn 0.6021 0.0386 -0.7975
vn -0.0596 0.0108 0.9982
vn -0.0595 0.0108 0.9982
vn -0.5029 -0.0565 -0.8625
vn -0.5028 -0.0565 -0.8626
vn -0.5027 -0.0565 -0.8626
vn 0.4357 0.0228 -0.8998
vn 0.4359 0.0228 -0.8997
vn 0.1354 0.0273 0.9904
vn 0.1354 0.0272 0.9904
vn -0.8026 -0.5570 -0.2134
vn -0.8026 -0.5571 -0.2130
vn -0.8026 -0.5571 -0.2133
vn -0.8026 -0.5570 -0.2133
vn 0.7361 -0.4142 0.5354
vn 0.7360 -0.4143 0.5354
vn 0.7361 -0.4142 0.5353
vn -0.8296 -0.5567 -0.0435
vn -0.8296 -0.5567 -0.0436
vn -0.8295 -0.5567 -0.0436
vn -0.8297 -0.5564 -0.0441
vn 0.8253 -0.4090 0.3892
vn 0.8254 -0.4088 0.3894
vn 0.8253 -0.4088 0.3895
vn 0.8253 -0.4090 0.3894
vn -0.8231 -0.5534 0.1275
vn -0.8230 -0.5534 0.1279
vn -0.8230 -0.5535 0.1276
vn 0.8847 -0.4064 0.2283
vn 0.8847 -0.4066 0.2282
vn 0.8847 -0.4064 0.2284
vn 0.8846 -0.4065 0.2284
vn -0.7833 -0.5474 0.2946
vn -0.7833 -0.5473 0.2949
vn -0.7833 -0.5473 0.2948
vn -0.7833 -0.5474 0.2947
vn 0.9116 -0.4069 0.0588
vn 0.9116 -0.4069 0.0586
vn -0.7118 -0.5389 0.4505
vn -0.7118 -0.5388 0.4505
vn -0.7120 -0.5388 0.4503
vn 0.9051 -0.4101 -0.1124
vn 0.9051 -0.4101 -0.1125
vn 0.9050 -0.4102 -0.1125
vn 0.9050 -0.4101 -0.1125
vn -0.6115 -0.5281 0.5892
vn -0.6115 -0.5281 0.5893
vn -0.6115 -0.5279 0.5894
vn 0.8652 -0.4162 -0.2795
vn 0.8653 -0.4162 -0.2795
vn 0.8653 -0.4162 -0.2794
vn -0.4861 -0.5156 0.7056
vn -0.4860 -0.5157 0.7056
vn -0.4857 -0.5159 0.7057
vn -0.4857 -0.5158 0.7057
vn 0.7939 -0.4248 -0.4350
vn 0.7939 -0.4247 -0.4352
vn 0.7939 -0.4249 -0.4350
vn 0.7939 -0.4249 -0.4349
vn -0.3406 -0.5020 0.7950
vn -0.3404 -0.5018 0.7952
vn -0.3402 -0.5018 0.7952
vn -0.3408 -0.5021 0.7948
vn -0.0778 -0.5055 -0.8593
vn -0.0776 -0.5056 -0.8592
vn -0.0773 -0.5056 -0.8593
vn -0.0776 -0.5056 -0.8593
vn 0.6934 -0.4354 -0.5742
vn 0.6934 -0.4353 -0.5742
vn 0.6935 -0.4353 -0.5741
vn 0.6935 -0.4355 -0.5740
vn -0.1799 -0.4871 0.8546
vn -0.1805 -0.4873 0.8544
vn -0.1801 -0.4872 0.8545
vn -0.1798 -0.4872 0.8546
vn -0.2436 -0.5191 -0.8193
vn -0.2438 -0.5192 -0.8191
vn -0.2440 -0.5190 -0.8192
vn -0.2439 -0.5192 -0.8191
vn 0.5681 -0.4480 -0.6903
vn 0.5681 -0.4481 -0.6903
vn 0.5679 -0.4478 -0.6907
vn -0.0111 -0.4724 0.8813
vn -0.0112 -0.4724 0.8813
vn -0.0113 -0.4724 0.8813
vn -0.3992 -0.5313 -0.7472
vn -0.3992 -0.5313 -0.7473
vn 0.4225 -0.4617 -0.7799
vn 0.4228 -0.4618 -0.7797
vn 0.4228 -0.4617 -0.7798
vn 0.4224 -0.4619 -0.7799
vn 0.1595 -0.4579 0.8745
vn 0.1596 -0.4579 0.8745
vn -0.5374 -0.5414 -0.6466
vn -0.5374 -0.5414 -0.6465
vn 0.2622 -0.4763 -0.8393
vn 0.2623 -0.4765 -0.8391
vn 0.2618 -0.4762 -0.8394
vn 0.2623 -0.4764 -0.8392
vn 0.3262 -0.4444 0.8343
vn 0.3258 -0.4444 0.8345
vn 0.3263 -0.4444 0.8343
vn 0.3262 -0.4445 0.8343
vn -0.6539 -0.5493 -0.5203
vn -0.6539 -0.5493 -0.5202
vn -0.6540 -0.5494 -0.5201
vn -0.6538 -0.5494 -0.5204
vn 0.0933 -0.4912 -0.8660
vn 0.0931 -0.4912 -0.8660
vn 0.0934 -0.4910 -0.8661
vn 0.4811 -0.4324 0.7626
vn 0.4812 -0.4324 0.7626
vn 0.4813 -0.4323 0.7626
vn 0.4812 -0.4323 0.7626
vn -0.7432 -0.5546 -0.3741
vn -0.7433 -0.5546 -0.3740
vn 0.6198 -0.4221 0.6616
vn 0.6198 -0.4221 0.6615
vn 0.6197 -0.4221 0.6616
vn 0.6199 -0.4221 0.6615
vn 0.9871 0.0819 -0.1374
vn 0.9872 0.0819 -0.1370
vn 0.2981 -0.8407 -0.4521
vn 0.2981 -0.8405 -0.4524
vn 0.2980 -0.8406 -0.4522
vn 0.2980 -0.8407 -0.4521
vn 0.1427 -0.8383 0.5263
vn 0.1427 -0.8381 0.5265
vn 0.1427 -0.8383 0.5262
vn 0.1427 -0.8384 0.5261
vn -0.2696 -0.8877 -0.3732
vn -0.2697 -0.8876 -0.3734
vn -0.2695 -0.8878 -0.3731
vn 0.2032 -0.8493 -0.4872
vn 0.2410 -0.8304 0.5023
vn 0.2410 -0.8304 0.5024
vn 0.2410 -0.8305 0.5023
vn -0.3383 -0.8924 -0.2986
vn -0.3382 -0.8924 -0.2986
vn -0.3384 -0.8924 -0.2986
vn 0.1034 -0.8580 -0.5031
vn 0.1034 -0.8580 -0.5032
vn 0.1034 -0.8579 -0.5033
vn 0.3329 -0.8232 0.4600
vn 0.3329 -0.8233 0.4598
vn 0.3329 -0.8232 0.4599
vn 0.3330 -0.8229 0.4603
vn -0.3913 -0.8955 -0.2122
vn -0.3912 -0.8955 -0.2122
vn 0.4147 -0.8172 0.4003
vn -0.4264 -0.8969 -0.1170
vn -0.4264 -0.8970 -0.1169
vn -0.4267 -0.8968 -0.1172
vn 0.4837 -0.8123 0.3258
vn 0.4833 -0.8127 0.3255
vn 0.4835 -0.8125 0.3256
vn 0.4838 -0.8123 0.3258
vn -0.4422 -0.8968 -0.0167
vn -0.4423 -0.8967 -0.0167
vn -0.4422 -0.8967 -0.0167
vn 0.5364 -0.8094 0.2393
vn 0.5366 -0.8092 0.2393
vn 0.5365 -0.8093 0.2394
vn 0.5365 -0.8092 0.2395
vn -0.4383 -0.8948 0.0846
vn -0.4384 -0.8948 0.0846
vn 0.5714 -0.8079 0.1440
vn 0.5713 -0.8080 0.1440
vn 0.5715 -0.8079 0.1440
vn 0.5716 -0.8078 0.1440
vn -0.4148 -0.8913 0.1832
vn -0.4150 -0.8912 0.1833
vn -0.4150 -0.8911 0.1834
vn 0.5873 -0.8082 0.0438
vn 0.5872 -0.8083 0.0438
vn 0.5874 -0.8081 0.0438
vn 0.5876 -0.8080 0.0438
vn -0.3725 -0.8862 0.2754
vn -0.3726 -0.8862 0.2754
vn 0.5837 -0.8099 -0.0575
vn 0.5836 -0.8100 -0.0575
vn 0.5838 -0.8099 -0.0576
vn -0.3133 -0.8798 0.3574
vn -0.3132 -0.8799 0.3573
vn -0.3132 -0.8799 0.3574
vn 0.5600 -0.8136 -0.1562
vn 0.5599 -0.8137 -0.1561
vn 0.5600 -0.8137 -0.1561
vn 0.5600 -0.8136 -0.1561
vn -0.2392 -0.8723 0.4265
vn -0.2392 -0.8723 0.4264
vn -0.2391 -0.8724 0.4263
vn 0.5178 -0.8186 -0.2484
vn 0.5177 -0.8187 -0.2483
vn 0.5179 -0.8186 -0.2483
vn -0.1533 -0.8640 0.4795
vn -0.1533 -0.8640 0.4796
vn -0.1533 -0.8641 0.4794
vn -0.1531 -0.8643 0.4792
vn 0.0025 -0.8665 -0.4992
vn 0.0025 -0.8665 -0.4991
vn 0.0025 -0.8666 -0.4990
vn 0.0024 -0.8664 -0.4994
vn 0.4584 -0.8251 -0.3303
vn 0.4583 -0.8251 -0.3303
vn 0.4584 -0.8251 -0.3302
vn -0.0581 -0.8556 0.5143
vn -0.0580 -0.8557 0.5143
vn -0.0958 -0.8746 -0.4753
vn -0.0957 -0.8746 -0.4753
vn 0.3846 -0.8324 -0.3991
vn 0.3845 -0.8324 -0.3990
vn 0.3844 -0.8324 -0.3992
vn 0.3842 -0.8325 -0.3992
vn 0.0417 -0.8469 0.5302
vn 0.0417 -0.8467 0.5304
vn 0.0417 -0.8468 0.5303
vn -0.1879 -0.8816 -0.4330
vn -0.1878 -0.8817 -0.4328
vn -0.1874 -0.8819 -0.4326
vn -0.1871 -0.8820 -0.4325
vn 0.8600 0.0652 -0.5061
vn -0.4360 -0.0228 0.8997
vn -0.1355 -0.0273 -0.9904
vn 0.7456 0.0529 -0.6643
vn -0.2525 -0.0061 0.9676
vn 0.6022 0.0386 -0.7974
vn -0.0597 0.0108 0.9982
vn -0.5024 -0.0565 -0.8628
vn 0.4355 0.0228 -0.8999
vn 0.4356 0.0228 -0.8998
vn 0.1356 0.0273 0.9904
vn -0.6610 -0.0681 -0.7473
vn -0.6609 -0.0681 -0.7474
vn 0.2525 0.0061 -0.9676
vn -0.7939 -0.0772 -0.6031
vn 0.0598 -0.0108 -0.9982
vn 0.0593 -0.0108 -0.9982
vn 0.5032 0.0565 0.8623
vn -0.8960 -0.0832 -0.4363
vn 0.6610 0.0681 0.7473
vn -0.9639 -0.0861 -0.2521
vn -0.9946 -0.0856 -0.0587
vn 0.8962 0.0832 0.4359
vn 0.9638 0.0861 0.2524
vn 0.9946 0.0856 0.0586
vn -0.8603 -0.0652 0.5057
vn 0.3890 0.0477 0.9200
vn 0.2026 0.0328 0.9787
vn 0.0083 0.0166 0.9998
vn -0.1862 -0.0003 0.9825
vn -0.3736 -0.0171 0.9275
vn -0.3735 -0.0171 0.9275
vn -0.3736 -0.0171 0.9274
vn -0.5466 -0.0332 0.8367
vn -0.5466 -0.0333 0.8367
vn -0.5467 -0.0333 0.8367
vn -0.6986 -0.0481 0.7139
vn -0.8238 -0.0612 0.5636
vn -0.9173 -0.0719 0.3916
vn -0.9173 -0.0719 0.3917
vn -0.9756 -0.0798 0.2046
vn -0.9756 -0.0798 0.2044
vn -0.9756 -0.0798 0.2045
vn -0.9964 -0.0847 0.0097
vn -0.9789 -0.0863 -0.1855
vn -0.9788 -0.0863 -0.1855
vn -0.9237 -0.0846 -0.3736
vn -0.9237 -0.0846 -0.3737
vn -0.8331 -0.0796 -0.5474
vn -0.7105 -0.0716 -0.7001
vn -0.7104 -0.0716 -0.7001
vn -0.5605 -0.0608 -0.8259
vn -0.3890 -0.0477 -0.9200
vn -0.3889 -0.0477 -0.9200
vn -0.2026 -0.0328 -0.9787
vn -0.0083 -0.0166 -0.9998
vn 0.1862 0.0003 -0.9825
vn 0.3736 0.0171 -0.9274
vn 0.5466 0.0332 -0.8368
vn 0.6986 0.0481 -0.7139
vn 0.8238 0.0612 -0.5635
vn 0.9173 0.0719 -0.3916
vn 0.9756 0.0798 -0.2046
vn 0.9964 0.0847 -0.0097
vn 0.9789 0.0863 0.1855
vn 0.9788 0.0863 0.1855
vn 0.9237 0.0846 0.3736
vn 0.9237 0.0846 0.3737
vn 0.8331 0.0796 0.5474
vn -0.8548 0.3949 0.3366
vn -0.8548 0.3949 0.3367
vn 0.7104 0.0716 0.7001
vn 0.7105 0.0716 0.7001
vn 0.5605 0.0608 0.8259
vn 0.5604 0.0608 0.8260
vn 0.0848 -0.9963 0.0159
vn 0.0848 -0.9963 0.0161
vn 0.0848 -0.9963 0.0157
vn 0.0848 -0.9963 0.0156
vn -0.0808 0.6310 0.7716
vn -0.0808 0.6309 0.7716
vn -0.0069 0.6927 -0.7212
vn -0.0070 0.6927 -0.7212
vn 0.0746 0.9875 -0.1386
vn 0.0747 0.9875 -0.1385
vn -0.3383 0.4378 0.8330
vn -0.7351 0.3911 -0.5538
vn -0.7351 0.3911 -0.5537
vn 0.0329 0.9990 -0.0303
vn 0.0329 0.9990 -0.0304
vn 0.4039 0.5776 0.7094
vn 0.4040 0.5776 0.7093
vn 0.4040 0.5777 0.7093
vn 0.5240 0.6591 0.5394
vn 0.5241 0.6591 0.5394
vn -0.9084 0.3854 0.1622
vn -0.9084 0.3854 0.1623
vn 0.1338 0.8129 -0.5668
vn 0.2083 0.9697 -0.1280
vn 0.2083 0.9697 -0.1279
vn 0.2082 0.9697 -0.1279
vn 0.2082 0.9697 -0.1280
vn -0.5063 0.4253 0.7502
vn -0.5871 0.4252 -0.6889
vn -0.5872 0.4252 -0.6888
vn -0.0206 0.9993 -0.0298
vn -0.0207 0.9993 -0.0298
vn 0.2345 0.5191 0.8219
vn 0.2344 0.5191 0.8219
vn -0.9258 0.3774 -0.0213
vn -0.9258 0.3774 -0.0212
vn 0.1911 0.9083 -0.3722
vn 0.1911 0.9082 -0.3723
vn 0.1910 0.9082 -0.3723
vn 0.3683 0.9286 -0.0462
vn 0.3683 0.9285 -0.0462
vn 0.3684 0.9285 -0.0463
vn 0.3683 0.9285 -0.0463
vn -0.6509 0.4148 0.6358
vn -0.6509 0.4148 0.6359
vn -0.4036 0.4853 -0.7756
vn -0.4037 0.4853 -0.7755
vn -0.4037 0.4853 -0.7756
vn -0.0383 0.9973 -0.0623
vn -0.0383 0.9973 -0.0622
vn -0.0384 0.9973 -0.0622
vn 0.0427 0.4801 0.8762
vn -0.9042 0.3731 -0.2076
vn -0.9042 0.3731 -0.2077
vn 0.1701 0.9653 -0.1981
vn 0.1700 0.9653 -0.1981
vn 0.5050 0.8554 0.1157
vn 0.5050 0.8553 0.1157
vn 0.5050 0.8553 0.1156
vn -0.7681 0.4048 0.4962
vn -0.2002 0.5763 -0.7923
vn -0.2003 0.5763 -0.7923
vn -0.0087 0.9942 -0.1068
vn -0.0087 0.9942 -0.1067
vn -0.1526 0.4547 0.8775
vn -0.8412 0.3760 -0.3887
vn -0.8411 0.3760 -0.3887
vn 0.1053 0.9910 -0.0823
vn 0.1052 0.9910 -0.0823
vn 0.5637 0.7580 0.3282
vn 0.5638 0.7579 0.3281
vn 0.8353 -0.3387 -0.4331
vn 0.8353 -0.3386 -0.4332
vn 0.8352 -0.3387 -0.4332
vn 0.8351 -0.3387 -0.4335
vn 0.8353 -0.3385 -0.4333
vn 0.8353 -0.3385 -0.4332
vn 0.8353 -0.3386 -0.4331
vn 0.8353 -0.3388 -0.4331
vn 0.8353 -0.3387 -0.4332
vn 0.8353 -0.3387 -0.4330
vn 0.8353 -0.3385 -0.4331
vn 0.8351 -0.3386 -0.4335
vn 0.8352 -0.3389 -0.4332
vn 0.8352 -0.3388 -0.4332
vn 0.8353 -0.3384 -0.4333
vn 0.9542 -0.0200 0.2985
vn 0.9543 -0.0200 0.2983
vn 0.9542 -0.0201 0.2983
vn 0.9542 -0.0200 0.2984
vn 0.2714 -0.0981 -0.9575
vn 0.2713 -0.0981 -0.9575
vn -0.1904 0.7283 0.6582
vn 0.6107 -0.0235 0.7915
vn 0.6107 -0.0236 0.7915
vn 0.6108 -0.0236 0.7915
vn 0.8494 0.4023 -0.3414
vn 0.8494 0.4023 -0.3415
vn 0.8495 0.4023 -0.3414
vn -0.2874 0.7943 0.5353
vn -0.2874 0.7943 0.5352
vn 0.7211 0.6913 0.0450
vn 0.7211 0.6913 0.0451
vn -0.3739 0.8328 0.4081
vn -0.3740 0.8328 0.4081
vn 0.5478 0.8289 0.1134
vn 0.5478 0.8288 0.1135
vn -0.4523 0.8472 0.2786
vn 0.4085 0.9094 0.0776
vn 0.4085 0.9094 0.0777
vn 0.4085 0.9095 0.0776
vn -0.5237 0.8391 0.1473
vn -0.5238 0.8390 0.1473
vn 0.2982 0.9545 -0.0010
vn 0.2983 0.9545 -0.0009
vn -0.5886 0.8083 0.0134
vn -0.5886 0.8083 0.0133
vn 0.2127 0.9718 -0.1016
vn 0.2128 0.9718 -0.1016
vn -0.6459 0.7533 -0.1240
vn 0.1504 0.9647 -0.2162
vn -0.6925 0.6710 -0.2650
vn -0.6925 0.6710 -0.2649
vn -0.6925 0.6709 -0.2651
vn 0.1137 0.9334 -0.3404
vn 0.1137 0.9334 -0.3405
vn -0.7226 0.5575 -0.4086
vn -0.7226 0.5576 -0.4085
vn 0.1102 0.8754 -0.4708
vn 0.1102 0.8753 -0.4708
vn 0.1102 0.8754 -0.4707
vn -0.7259 0.4106 -0.5517
vn -0.7259 0.4106 -0.5518
vn 0.3678 0.1461 0.9183
vn 0.3678 0.1461 0.9184
vn 0.3679 0.1461 0.9183
vn 0.1604 0.7846 -0.5989
vn 0.1604 0.7846 -0.5990
vn -0.6861 0.2327 -0.6892
vn -0.6861 0.2328 -0.6892
vn 0.1910 0.3330 0.9234
vn 0.1909 0.3331 0.9234
vn 0.1909 0.3330 0.9234
vn 0.3192 0.6454 -0.6939
vn 0.3192 0.6454 -0.6940
vn -0.5758 0.0382 -0.8167
vn -0.5757 0.0382 -0.8168
vn 0.0450 0.4987 0.8656
vn 0.0450 0.4988 0.8655
vn 0.7277 0.3884 -0.5654
vn 0.7277 0.3884 -0.5653
vn 0.7277 0.3885 -0.5653
vn -0.3284 -0.1309 -0.9354
vn -0.3284 -0.1310 -0.9354
vn -0.3283 -0.1309 -0.9354
vn -0.6850 -0.0468 0.7270
vn -0.8130 -0.0600 0.5791
vn -0.8131 -0.0600 0.5791
vn -0.9098 -0.0710 0.4090
vn -0.9716 -0.0792 0.2231
vn -0.9960 -0.0843 0.0287
vn -0.9822 -0.0863 -0.1669
vn -0.9307 -0.0849 -0.3559
vn -0.8433 -0.0802 -0.5314
vn -0.7235 -0.0725 -0.6865
vn -0.5760 -0.0620 -0.8151
vn -0.4063 -0.0491 -0.9124
vn -0.2211 -0.0343 -0.9747
vn -0.2210 -0.0343 -0.9747
vn -0.0273 -0.0182 -0.9995
vn 0.1676 -0.0014 -0.9859
vn 0.1677 -0.0014 -0.9858
vn 0.3559 0.0155 -0.9344
vn 0.5307 0.0317 -0.8469
vn 0.5307 0.0317 -0.8470
vn 0.6850 0.0468 -0.7270
vn 0.8130 0.0600 -0.5791
vn 0.9098 0.0710 -0.4090
vn 0.9716 0.0792 -0.2231
vn 0.9960 0.0843 -0.0287
vn 0.9822 0.0863 0.1669
vn 0.9306 0.0849 0.3559
vn 0.9307 0.0849 0.3559
vn 0.8433 0.0802 0.5314
vn 0.7235 0.0725 0.6865
vn 0.5760 0.0620 0.8151
vn 0.4064 0.0491 0.9124
vn 0.2210 0.0343 0.9747
vn 0.0273 0.0182 0.9995
vn -0.1676 0.0014 0.9859
vn -0.6786 0.3947 -0.6194
vn -0.6786 0.3947 -0.6195
vn -0.3559 -0.0155 0.9344
vn -0.3560 -0.0155 0.9344
vn -0.5307 -0.0317 0.8470
vn -0.7777 0.5637 0.2782
vn -0.7777 0.5638 0.2781
vn 0.6099 0.7527 -0.2477
vn 0.6099 0.7528 -0.2478
vn 0.6099 0.7527 -0.2478
vn 0.6100 0.7527 -0.2477
vn 0.0922 0.9925 0.0801
vn 0.0921 0.9925 0.0803
vn 0.0921 0.9925 0.0802
vn -0.9252 0.3755 0.0541
vn -0.9253 0.3755 0.0541
vn 0.1824 0.4643 -0.8667
vn 0.1825 0.4643 -0.8667
vn -0.0242 0.9960 0.0862
vn -0.5214 0.4986 0.6925
vn -0.3231 0.5902 0.7398
vn -0.3230 0.5902 0.7398
vn -0.5405 0.4024 -0.7389
vn -0.5405 0.4024 -0.7388
vn 0.5182 0.8539 -0.0491
vn 0.5182 0.8539 -0.0490
vn 0.1377 0.9689 0.2054
vn 0.1378 0.9689 0.2053
vn 0.1377 0.9690 0.2053
vn -0.9168 0.3763 -0.1334
vn -0.9168 0.3764 -0.1334
vn 0.3633 0.5046 -0.7832
vn 0.3632 0.5046 -0.7833
vn 0.3632 0.5046 -0.7832
vn -0.0463 0.9982 0.0374
vn -0.6888 0.4366 0.5787
vn -0.6887 0.4366 0.5788
vn -0.3796 0.4110 -0.8288
vn 0.3576 0.9298 0.0876
vn 0.3576 0.9298 0.0877
vn 0.1306 0.9151 0.3815
vn 0.1305 0.9151 0.3815
vn -0.8704 0.3811 -0.3119
vn -0.8704 0.3811 -0.3118
vn -0.8704 0.3810 -0.3119
vn 0.5126 0.5654 -0.6462
vn 0.5127 0.5654 -0.6461
vn 0.5126 0.5654 -0.6463
vn -0.0237 0.9997 0.0081
vn -0.8134 0.4000 0.4224
vn -0.8133 0.4000 0.4225
vn -0.2006 0.4223 -0.8840
vn 0.1866 0.9721 0.1421
vn 0.1865 0.9721 0.1420
vn 0.0430 0.8232 0.5662
vn 0.0430 0.8232 0.5661
vn 0.0431 0.8232 0.5662
vn -0.7897 0.3876 -0.4756
vn -0.7897 0.3875 -0.4756
vn -0.7897 0.3875 -0.4755
vn 0.6042 0.6501 -0.4608
vn 0.6043 0.6501 -0.4607
vn 0.0291 0.9994 0.0172
vn -0.8918 0.3817 0.2429
vn -0.0101 0.4387 -0.8986
vn -0.0101 0.4386 -0.8986
vn 0.0530 0.9900 0.1309
vn -0.1207 0.7056 0.6983
vn -0.1208 0.7056 0.6983
vn 0.7551 -0.3297 0.5667
vn 0.7551 -0.3295 0.5668
vn 0.7550 -0.3297 0.5668
vn 0.7551 -0.3296 0.5667
vn 0.7550 -0.3295 0.5669
vn 0.7551 -0.3296 0.5668
vn 0.7550 -0.3294 0.5670
vn 0.7550 -0.3298 0.5667
vn 0.7550 -0.3296 0.5669
vn 0.7552 -0.3296 0.5666
vn 0.7550 -0.3300 0.5666
vn 0.7551 -0.3297 0.5668
vn 0.7550 -0.3296 0.5668
vn 0.7552 -0.3297 0.5666
vn 0.7548 -0.3295 0.5672
vn 0.1150 -0.0805 0.9901
vn 0.1151 -0.0805 0.9901
vn 0.9896 -0.0240 -0.1421
vn -0.7250 0.6746 0.1391
vn -0.7250 0.6746 0.1390
vn -0.4735 -0.1146 0.8733
vn 0.6288 0.3996 0.6670
vn 0.6288 0.3995 0.6670
vn 0.6289 0.3996 0.6670
vn -0.6563 0.7545 0.0058
vn -0.6563 0.7545 0.0059
vn 0.2055 0.6583 0.7242
vn 0.2054 0.6583 0.7242
vn 0.2054 0.6582 0.7243
vn -0.5778 0.8071 -0.1214
vn -0.5778 0.8071 -0.1215
vn 0.0640 0.7954 0.6027
vn 0.0640 0.7955 0.6026
vn -0.4923 0.8355 -0.2439
vn -0.4923 0.8356 -0.2440
vn -0.4923 0.8355 -0.2440
vn 0.0351 0.8839 0.4664
vn 0.0350 0.8838 0.4665
vn -0.4009 0.8415 -0.3623
vn -0.4009 0.8414 -0.3623
vn 0.0593 0.9395 0.3374
vn -0.3029 0.8248 -0.4774
vn 0.1154 0.9686 0.2201
vn 0.1154 0.9687 0.2200
vn -0.1972 0.7841 -0.5885
vn -0.1973 0.7842 -0.5884
vn 0.1951 0.9738 0.1167
vn 0.1952 0.9738 0.1168
vn -0.0821 0.7161 -0.6931
vn -0.0822 0.7161 -0.6931
vn -0.0821 0.7161 -0.6932
vn 0.2957 0.9548 0.0314
vn 0.2957 0.9548 0.0313
vn 0.0442 0.6168 -0.7859
vn 0.0442 0.6168 -0.7858
vn 0.0441 0.6168 -0.7858
vn 0.4170 0.9085 -0.0279
vn 0.4169 0.9085 -0.0278
vn 0.4169 0.9085 -0.0277
vn 0.1831 0.4831 -0.8562
vn 0.1831 0.4832 -0.8562
vn 0.1830 0.4832 -0.8562
vn -0.6984 0.0520 0.7138
vn 0.5601 0.8275 -0.0396
vn 0.5600 0.8275 -0.0395
vn 0.5601 0.8275 -0.0397
vn 0.3361 0.3167 -0.8870
vn 0.3361 0.3168 -0.8870
vn 0.3362 0.3167 -0.8870
vn 0.3362 0.3166 -0.8870
vn -0.7868 0.2442 0.5668
vn -0.7868 0.2441 0.5669
vn -0.7868 0.2442 0.5669
vn -0.7869 0.2442 0.5667
vn 0.7200 0.6915 0.0580
vn 0.7201 0.6915 0.0580
vn 0.7201 0.6914 0.0580
vn 0.5097 0.1300 -0.8505
vn 0.5097 0.1301 -0.8505
vn -0.8040 0.4194 0.4215
vn -0.8039 0.4194 0.4216
vn -0.8040 0.4195 0.4215
vn 0.7848 0.4097 0.4651
vn 0.7847 0.4097 0.4651
vn 0.7290 -0.0370 -0.6835
vn 0.7290 -0.0369 -0.6835
vn 0.7291 -0.0369 -0.6834
vn -0.0219 0.0140 0.9997
vn -0.2158 -0.0029 0.9764
vn -0.4013 -0.0196 0.9157
vn -0.4016 -0.0197 0.9156
vn -0.5717 -0.0357 0.8197
vn -0.5716 -0.0356 0.8197
vn -0.7199 -0.0503 0.6923
vn -0.8405 -0.0630 0.5382
vn -0.9287 -0.0733 0.3635
vn -0.9813 -0.0808 0.1748
vn -0.9962 -0.0851 -0.0206
vn -0.9727 -0.0862 -0.2153
vn -0.9120 -0.0840 -0.4016
vn -0.8163 -0.0786 -0.5723
vn -0.6889 -0.0701 -0.7214
vn -0.5351 -0.0589 -0.8427
vn -0.5349 -0.0589 -0.8429
vn -0.5350 -0.0589 -0.8428
vn -0.5352 -0.0589 -0.8426
vn -0.3610 -0.0455 -0.9315
vn -0.1728 -0.0303 -0.9845
vn 0.0219 -0.0140 -0.9997
vn 0.2159 0.0029 -0.9764
vn 0.2158 0.0029 -0.9764
vn 0.4013 0.0196 -0.9157
vn 0.5716 0.0356 -0.8197
vn 0.7199 0.0503 -0.6923
vn 0.8405 0.0630 -0.5382
vn 0.9287 0.0733 -0.3635
vn 0.9813 0.0808 -0.1748
vn 0.9962 0.0851 0.0206
vn 0.9727 0.0862 0.2153
vn 0.9119 0.0840 0.4016
vn 0.8161 0.0786 0.5725
vn 0.6889 0.0701 0.7214
vn 0.5352 0.0589 0.8427
vn 0.5352 0.0589 0.8426
vn -0.9232 0.3833 -0.0296
vn 0.3610 0.0455 0.9315
vn 0.1729 0.0303 0.9845
vn -0.3980 0.6026 0.6917
vn -0.3981 0.6027 0.6916
vn 0.2790 0.7183 -0.6373
vn 0.2789 0.7184 -0.6373
vn 0.2789 0.7183 -0.6373
vn 0.1109 0.9918 -0.0628
vn 0.1110 0.9918 -0.0627
vn 0.1110 0.9918 -0.0629
vn -0.6555 0.4077 0.6357
vn -0.6554 0.4077 0.6358
vn -0.4498 0.4116 -0.7926
vn -0.4497 0.4117 -0.7927
vn -0.4497 0.4117 -0.7926
vn 0.0285 0.9994 0.0192
vn 0.0705 0.5512 0.8314
vn 0.0704 0.5512 0.8314
vn 0.2484 0.6387 0.7283
vn 0.2483 0.6387 0.7283
vn -0.9006 0.3801 -0.2107
vn 0.3426 0.8328 -0.4349
vn 0.2288 0.9735 0.0010
vn -0.7747 0.3983 0.4911
vn -0.7746 0.3984 0.4912
vn -0.7747 0.3984 0.4912
vn -0.2600 0.4504 -0.8541
vn -0.0206 0.9998 -0.0022
vn -0.1295 0.4888 0.8628
vn -0.1294 0.4888 0.8628
vn -0.8414 0.3788 -0.3856
vn -0.8414 0.3787 -0.3856
vn -0.8414 0.3788 -0.3855
vn 0.3138 0.9210 -0.2309
vn 0.3139 0.9210 -0.2308
vn 0.3139 0.9210 -0.2307
vn 0.3420 0.9293 0.1397
vn 0.3420 0.9293 0.1396
vn 0.3420 0.9293 0.1395
vn -0.8597 0.3921 0.3274
vn -0.8596 0.3921 0.3275
vn -0.8597 0.3921 0.3275
vn -0.0579 0.5134 -0.8562
vn -0.0579 0.5135 -0.8562
vn -0.0580 0.5135 -0.8561
vn -0.0234 0.9990 -0.0392
vn -0.0234 0.9990 -0.0391
vn -0.3261 0.4480 0.8325
vn -0.3260 0.4480 0.8325
vn -0.7454 0.3812 -0.5468
vn -0.7454 0.3812 -0.5469
vn 0.2227 0.9717 -0.0789
vn 0.2227 0.9717 -0.0788
vn 0.4016 0.8501 0.3407
vn 0.4016 0.8501 0.3408
vn -0.9094 0.3873 0.1518
vn 0.1333 0.6048 -0.7851
vn 0.1334 0.6048 -0.7851
vn 0.0219 0.9975 -0.0676
vn 0.0219 0.9975 -0.0677
vn -0.5044 0.4228 0.7529
vn -0.5043 0.4228 0.7529
vn -0.6139 0.3906 -0.6860
vn -0.6138 0.3906 -0.6860
vn 0.1159 0.9933 0.0011
vn 0.3697 0.7450 0.5552
vn 0.3697 0.7450 0.5553
vn 0.9440 -0.3236 -0.0646
vn 0.9440 -0.3237 -0.0647
vn 0.9440 -0.3236 -0.0645
vn 0.9440 -0.3234 -0.0648
vn 0.9440 -0.3235 -0.0645
vn 0.9440 -0.3237 -0.0646
vn 0.9440 -0.3235 -0.0646
vn 0.9439 -0.3238 -0.0645
vn 0.9441 -0.3234 -0.0643
vn 0.9440 -0.3236 -0.0643
vn 0.9440 -0.3234 -0.0652
vn 0.9440 -0.3237 -0.0644
vn 0.9440 -0.3237 -0.0645
vn 0.9441 -0.3234 -0.0646
vn 0.9440 -0.3234 -0.0646
vn 0.9440 -0.3236 -0.0644
vn 0.7490 -0.0317 0.6618
vn 0.6404 -0.0637 -0.7654
vn 0.6404 -0.0636 -0.7654
vn -0.4530 0.7042 0.5467
vn -0.4531 0.7042 0.5466
vn 0.2341 -0.0528 0.9708
vn 0.2340 -0.0528 0.9708
vn 0.9091 0.4136 0.0497
vn 0.9091 0.4137 0.0497
vn 0.9091 0.4136 0.0498
vn -0.4922 0.7746 0.3971
vn -0.4922 0.7746 0.3972
vn 0.6299 0.6886 0.3593
vn -0.5197 0.8179 0.2471
vn -0.5197 0.8179 0.2470
vn 0.4419 0.8237 0.3553
vn 0.4419 0.8237 0.3554
vn -0.5384 0.8370 0.0974
vn 0.3283 0.9057 0.2683
vn 0.3283 0.9056 0.2684
vn -0.5498 0.8337 -0.0519
vn 0.2593 0.9536 0.1531
vn 0.2593 0.9536 0.1530
vn -0.5538 0.8078 -0.2017
vn -0.5538 0.8079 -0.2016
vn -0.5538 0.8078 -0.2016
vn 0.2221 0.9747 0.0269
vn -0.5492 0.7579 -0.3522
vn -0.5492 0.7579 -0.3520
vn 0.2121 0.9718 -0.1034
vn 0.2122 0.9718 -0.1034
vn 0.2122 0.9717 -0.1034
vn -0.5329 0.6807 -0.5026
vn 0.2299 0.9450 -0.2328
vn 0.2299 0.9450 -0.2327
vn -0.5001 0.5727 -0.6496
vn -0.5001 0.5726 -0.6496
vn 0.2809 0.8918 -0.3548
vn 0.2808 0.8918 -0.3547
vn 0.2808 0.8917 -0.3549
vn 0.2808 0.8917 -0.3550
vn -0.4424 0.4311 -0.7864
vn -0.4424 0.4310 -0.7864
vn -0.0419 0.1124 0.9928
vn -0.0418 0.1124 0.9928
vn 0.3803 0.8056 -0.4543
vn -0.3475 0.2582 -0.9014
vn -0.3476 0.2583 -0.9014
vn -0.2081 0.2992 0.9312
vn -0.2080 0.2992 0.9313
vn 0.5659 0.6698 -0.4807
vn 0.5660 0.6698 -0.4807
vn -0.1918 0.0683 -0.9790
vn -0.1918 0.0683 -0.9791
vn -0.3198 0.4669 0.8244
vn -0.3198 0.4670 0.8244
vn 0.8897 0.4080 -0.2049
vn 0.8898 0.4078 -0.2049
vn 0.8897 0.4079 -0.2049
vn 0.8897 0.4080 -0.2048
vn 0.0847 -0.0967 -0.9917
vn 0.0846 -0.0966 -0.9917
vt 0.000000 0.000000
vt 1.000000 1.000000
vt 0.968800 1.000000
vt 0.968800 0.500000
vt 1.000000 0.500000
vt 0.937500 1.000000
vt 0.937500 0.500000
vt 0.906200 1.000000
vt 0.906200 0.500000
vt 0.875000 1.000000
vt 0.875000 0.500000
vt 0.843800 1.000000
vt 0.843800 0.500000
vt 0.812500 0.500000
vt 0.812500 1.000000
vt 0.781200 0.500000
vt 0.781200 1.000000
vt 0.750000 1.000000
vt 0.750000 0.500000
vt 0.718800 0.500000
vt 0.718800 1.000000
vt 0.687500 0.500000
vt 0.687500 1.000000
vt 0.656200 0.500000
vt 0.656200 1.000000
vt 0.625000 1.000000
vt 0.625000 0.500000
vt 0.593800 0.500000
vt 0.593800 1.000000
vt 0.562500 0.500000
vt 0.562500 1.000000
vt 0.531200 0.500000
vt 0.531200 1.000000
vt 0.500000 0.500000
vt 0.500000 1.000000
vt 0.468800 0.500000
vt 0.468800 1.000000
vt 0.437500 0.500000
vt 0.437500 1.000000
vt 0.406200 0.500000
vt 0.406200 1.000000
vt 0.375000 1.000000
vt 0.375000 0.500000
vt 0.343800 1.000000
vt 0.343800 0.500000
vt 0.312500 0.500000
vt 0.312500 1.000000
vt 0.281200 0.500000
vt 0.281200 1.000000
vt 0.250000 1.000000
vt 0.250000 0.500000
vt 0.218800 1.000000
vt 0.218800 0.500000
vt 0.187500 0.500000
vt 0.187500 1.000000
vt 0.156200 1.000000
vt 0.156200 0.500000
vt 0.125000 0.500000
vt 0.125000 1.000000
vt 0.093800 0.500000
vt 0.093800 1.000000
vt 0.062500 1.000000
vt 0.062500 0.500000
vt 0.031200 1.000000
vt 0.031200 0.500000
vt 0.000000 1.000000
vt 0.000000 0.500000
vt 0.796800 0.485400
vt 0.841800 0.471700
vt 0.883300 0.449600
vt 0.919700 0.419700
vt 0.949600 0.383300
vt 0.971700 0.341800
vt 0.985400 0.296800
vt 0.990000 0.250000
vt 0.985400 0.203200
vt 0.971700 0.158200
vt 0.949600 0.116700
vt 0.919700 0.080300
vt 0.883300 0.050400
vt 0.841800 0.028300
vt 0.796800 0.014600
vt 0.750000 0.010000
vt 0.703200 0.014600
vt 0.658200 0.028300
vt 0.616700 0.050400
vt 0.580300 0.080300
vt 0.550400 0.116700
vt 0.528300 0.158200
vt 0.514600 0.203200
vt 0.510000 0.250000
vt 0.514600 0.296800
vt 0.528300 0.341800
vt 0.550400 0.383300
vt 0.580300 0.419700
vt 0.616700 0.449600
vt 0.658200 0.471700
vt 0.750000 0.490000
vt 0.703200 0.485400
vt 0.296800 0.485400
vt 0.250000 0.490000
vt 0.203200 0.485400
vt 0.158200 0.471700
vt 0.116700 0.449600
vt 0.080300 0.419700
vt 0.050400 0.383300
vt 0.028300 0.341800
vt 0.014600 0.296800
vt 0.010000 0.250000
vt 0.014600 0.203200
vt 0.028300 0.158200
vt 0.050400 0.116700
vt 0.080300 0.080300
vt 0.116700 0.050400
vt 0.158200 0.028300
vt 0.203200 0.014600
vt 0.250000 0.010000
vt 0.296800 0.014600
vt 0.341800 0.028300
vt 0.383300 0.050400
vt 0.419700 0.080300
vt 0.449600 0.116700
vt 0.471700 0.158200
vt 0.485400 0.203200
vt 0.490000 0.250000
vt 0.485400 0.296800
vt 0.471700 0.341800
vt 0.449600 0.383300
vt 0.419700 0.419700
vt 0.383300 0.449600
vt 0.341800 0.471700
s 1
g off
g pataizqdelante_Goddard_None
usemtl Goddard_None
f 1/1/1 2/1/1 3/1/2
f 3/1/2 4/1/3 5/1/4
f 1/1/1 3/1/2 5/1/4
f 5/1/4 6/1/1 7/1/5
f 7/1/5 8/1/1 9/1/6
f 5/1/4 7/1/5 9/1/6
f 1/1/1 5/1/4 9/1/6
f 9/1/6 10/1/1 11/1/7
f 11/1/7 12/1/8 13/1/1
f 9/1/6 11/1/7 13/1/1
f 13/1/1 14/1/9 15/1/1
f 15/1/1 16/1/1 17/1/7
f 13/1/1 15/1/1 17/1/7
f 9/1/6 13/1/1 17/1/7
f 17/1/7 18/1/1 19/1/3
f 19/1/3 20/1/1 21/1/1
f 17/1/7 19/1/3 21/1/1
f 21/1/1 22/1/10 23/1/10
f 23/1/10 24/1/1 25/1/8
f 21/1/1 23/1/10 25/1/8
f 17/1/7 21/1/1 25/1/8
f 9/1/6 17/1/7 25/1/8
f 1/1/1 9/1/6 25/1/8
f 26/1/1 27/1/1 28/1/11
f 25/1/8 26/1/1 28/1/11
f 25/1/8 28/1/11 29/1/1
f 1/1/1 25/1/8 29/1/1
f 30/1/12 1/1/1 29/1/1
f 30/1/12 29/1/1 31/1/1
f 30/1/12 31/1/1 32/1/1
f 33/1/13 34/1/14 35/1/15
f 35/1/15 36/1/16 33/1/13
f 19/1/17 37/1/18 38/1/17
f 38/1/17 20/1/19 19/1/17
f 39/1/20 1/1/21 30/1/20
f 30/1/20 40/1/22 39/1/20
f 5/1/23 41/1/24 42/1/25
f 42/1/25 6/1/24 5/1/23
f 18/1/26 43/1/27 37/1/27
f 37/1/27 19/1/28 18/1/26
f 40/1/29 30/1/30 32/1/29
f 32/1/29 44/1/30 40/1/29
f 4/1/31 45/1/32 41/1/33
f 41/1/33 5/1/34 4/1/31
f 17/1/35 46/1/36 43/1/35
f 43/1/35 18/1/37 17/1/35
f 44/1/38 32/1/39 31/1/38
f 31/1/38 47/1/40 44/1/38
f 3/1/41 48/1/41 45/1/42
f 45/1/42 4/1/43 3/1/41
f 16/1/44 49/1/45 46/1/44
f 46/1/44 17/1/44 16/1/44
f 31/1/46 29/1/46 50/1/46
f 50/1/46 47/1/46 31/1/46
f 2/1/47 51/1/48 48/1/47
f 48/1/47 3/1/47 2/1/47
f 15/1/49 52/1/49 49/1/50
f 49/1/50 16/1/51 15/1/49
f 28/1/52 53/1/52 50/1/52
f 50/1/52 29/1/52 28/1/52
f 2/1/53 1/1/53 39/1/53
f 39/1/53 51/1/54 2/1/53
f 14/1/55 54/1/56 52/1/55
f 52/1/55 15/1/57 14/1/55
f 55/1/58 53/1/59 28/1/60
f 28/1/60 27/1/61 55/1/58
f 13/1/62 56/1/62 54/1/62
f 54/1/62 14/1/62 13/1/62
f 26/1/63 57/1/63 55/1/64
f 55/1/64 27/1/63 26/1/63
f 12/1/65 58/1/66 56/1/65
f 56/1/65 13/1/65 12/1/65
f 36/1/67 57/1/67 26/1/68
f 26/1/68 25/1/67 36/1/67
f 11/1/69 59/1/70 58/1/71
f 58/1/71 12/1/72 11/1/69
f 36/1/73 25/1/74 24/1/73
f 24/1/73 33/1/75 36/1/73
f 10/1/76 60/1/77 59/1/76
f 59/1/76 11/1/78 10/1/76
f 24/1/79 23/1/79 61/1/79
f 61/1/79 33/1/79 24/1/79
f 9/1/80 62/1/81 60/1/82
f 60/1/82 10/1/83 9/1/80
f 22/1/84 63/1/85 61/1/86
f 61/1/86 23/1/87 22/1/84
f 8/1/88 64/1/89 62/1/90
f 62/1/90 9/1/91 8/1/88
f 21/1/92 65/1/92 63/1/92
f 63/1/92 22/1/92 21/1/92
f 7/1/93 66/1/93 64/1/94
f 64/1/94 8/1/94 7/1/93
f 20/1/95 38/1/96 65/1/95
f 65/1/95 21/1/95 20/1/95
f 6/1/97 42/1/97 66/1/97
f 66/1/97 7/1/98 6/1/97
f 67/1/99 68/1/99 69/1/100
f 69/1/100 70/1/99 67/1/99
f 60/1/101 71/1/102 72/1/103
f 72/1/103 59/1/104 60/1/101
f 61/1/105 73/1/106 34/1/106
f 34/1/106 33/1/106 61/1/105
f 62/1/107 74/1/108 71/1/108
f 71/1/108 60/1/109 62/1/107
f 63/1/110 70/1/111 73/1/110
f 73/1/110 61/1/110 63/1/110
f 64/1/112 75/1/112 74/1/112
f 74/1/112 62/1/112 64/1/112
f 65/1/113 67/1/114 70/1/115
f 70/1/115 63/1/115 65/1/113
f 66/1/116 76/1/117 75/1/118
f 75/1/118 64/1/119 66/1/116
f 38/1/120 77/1/121 67/1/122
f 67/1/122 65/1/123 38/1/120
f 42/1/124 78/1/125 76/1/124
f 76/1/124 66/1/124 42/1/124
f 37/1/126 79/1/127 77/1/128
f 77/1/128 38/1/129 37/1/126
f 40/1/130 80/1/131 81/1/132
f 81/1/132 39/1/132 40/1/130
f 41/1/133 82/1/134 78/1/135
f 78/1/135 42/1/134 41/1/133
f 43/1/136 83/1/137 79/1/136
f 79/1/136 37/1/138 43/1/136
f 44/1/139 84/1/140 80/1/141
f 80/1/141 40/1/142 44/1/139
f 45/1/143 85/1/144 82/1/145
f 82/1/145 41/1/146 45/1/143
f 46/1/147 86/1/148 83/1/149
f 83/1/149 43/1/147 46/1/147
f 47/1/150 87/1/151 84/1/152
f 84/1/152 44/1/153 47/1/150
f 48/1/154 88/1/155 85/1/156
f 85/1/156 45/1/155 48/1/154
f 49/1/157 89/1/158 86/1/159
f 86/1/159 46/1/157 49/1/157
f 50/1/160 90/1/161 87/1/162
f 87/1/162 47/1/163 50/1/160
f 51/1/164 91/1/165 88/1/164
f 88/1/164 48/1/166 51/1/164
f 52/1/167 92/1/168 89/1/169
f 89/1/169 49/1/170 52/1/167
f 53/1/171 93/1/172 90/1/173
f 90/1/173 50/1/174 53/1/171
f 51/1/175 39/1/175 81/1/175
f 81/1/175 91/1/176 51/1/175
f 54/1/177 94/1/177 92/1/177
f 92/1/177 52/1/177 54/1/177
f 55/1/178 95/1/178 93/1/179
f 93/1/179 53/1/179 55/1/178
f 56/1/180 96/1/181 94/1/182
f 94/1/182 54/1/181 56/1/180
f 57/1/183 97/1/183 95/1/183
f 95/1/183 55/1/183 57/1/183
f 58/1/184 98/1/185 96/1/186
f 96/1/186 56/1/187 58/1/184
f 36/1/188 35/1/188 97/1/188
f 97/1/188 57/1/188 36/1/188
f 59/1/189 72/1/190 98/1/189
f 98/1/189 58/1/191 59/1/189
f 99/1/27 100/1/28 101/1/27
f 101/1/27 102/1/192 99/1/27
f 76/1/193 103/1/194 104/1/195
f 104/1/195 75/1/195 76/1/193
f 77/1/196 105/1/197 68/1/198
f 68/1/198 67/1/199 77/1/196
f 78/1/200 106/1/201 103/1/201
f 103/1/201 76/1/201 78/1/200
f 79/1/202 99/1/203 105/1/204
f 105/1/204 77/1/205 79/1/202
f 80/1/206 107/1/207 108/1/207
f 108/1/207 81/1/208 80/1/206
f 82/1/209 109/1/210 106/1/211
f 106/1/211 78/1/212 82/1/209
f 83/1/213 100/1/214 99/1/213
f 99/1/213 79/1/215 83/1/213
f 84/1/216 110/1/216 107/1/216
f 107/1/216 80/1/217 84/1/216
f 85/1/218 111/1/219 109/1/220
f 109/1/220 82/1/218 85/1/218
f 86/1/221 112/1/222 100/1/223
f 100/1/223 83/1/224 86/1/221
f 87/1/225 113/1/225 110/1/226
f 110/1/226 84/1/225 87/1/225
f 88/1/227 114/1/228 111/1/227
f 111/1/227 85/1/229 88/1/227
f 89/1/230 115/1/231 112/1/232
f 112/1/232 86/1/233 89/1/230
f 90/1/234 116/1/234 113/1/235
f 113/1/235 87/1/236 90/1/234
f 91/1/237 117/1/238 114/1/237
f 114/1/237 88/1/238 91/1/237
f 92/1/239 118/1/240 115/1/241
f 115/1/241 89/1/241 92/1/239
f 93/1/242 119/1/243 116/1/243
f 116/1/243 90/1/244 93/1/242
f 91/1/245 81/1/246 108/1/247
f 108/1/247 117/1/248 91/1/245
f 94/1/249 120/1/250 118/1/250
f 118/1/250 92/1/249 94/1/249
f 95/1/251 121/1/252 119/1/251
f 119/1/251 93/1/253 95/1/251
f 96/1/254 122/1/255 120/1/255
f 120/1/255 94/1/255 96/1/254
f 97/1/256 123/1/257 121/1/258
f 121/1/258 95/1/259 97/1/256
f 98/1/260 124/1/261 122/1/262
f 122/1/262 96/1/262 98/1/260
f 35/1/263 125/1/264 123/1/265
f 123/1/265 97/1/263 35/1/263
f 72/1/266 126/1/267 124/1/268
f 124/1/268 98/1/269 72/1/266
f 34/1/270 127/1/270 125/1/270
f 125/1/270 35/1/271 34/1/270
f 71/1/272 128/1/272 126/1/272
f 126/1/272 72/1/272 71/1/272
f 73/1/273 129/1/274 127/1/275
f 127/1/275 34/1/276 73/1/273
f 74/1/277 130/1/278 128/1/277
f 128/1/277 71/1/277 74/1/277
f 70/1/279 69/1/280 129/1/280
f 129/1/280 73/1/280 70/1/279
f 75/1/281 104/1/282 130/1/283
f 130/1/283 74/1/282 75/1/281
f 131/1/284 132/1/285 133/1/286
f 133/1/286 134/1/287 131/1/284
f 110/1/30 135/1/29 136/1/30
f 136/1/30 107/1/30 110/1/30
f 137/1/288 138/1/289 109/1/290
f 109/1/290 111/1/291 137/1/288
f 100/1/292 112/1/293 139/1/294
f 139/1/294 101/1/295 100/1/292
f 113/1/296 140/1/40 135/1/40
f 135/1/40 110/1/297 113/1/296
f 111/1/298 114/1/299 141/1/298
f 141/1/298 137/1/300 111/1/298
f 112/1/301 115/1/302 134/1/301
f 134/1/301 139/1/303 112/1/301
f 116/1/304 142/1/305 140/1/306
f 140/1/306 113/1/304 116/1/304
f 114/1/47 117/1/47 143/1/48
f 143/1/48 141/1/47 114/1/47
f 115/1/307 118/1/49 131/1/50
f 131/1/50 134/1/50 115/1/307
f 119/1/308 144/1/309 142/1/308
f 142/1/308 116/1/310 119/1/308
f 143/1/311 117/1/312 108/1/313
f 108/1/313 145/1/314 143/1/311
f 118/1/315 120/1/316 146/1/317
f 146/1/317 131/1/56 118/1/315
f 121/1/318 147/1/319 144/1/320
f 144/1/320 119/1/321 121/1/318
f 148/1/62 146/1/62 120/1/62
f 120/1/62 122/1/62 148/1/62
f 123/1/322 149/1/323 147/1/324
f 147/1/324 121/1/325 123/1/322
f 122/1/326 124/1/327 150/1/326
f 150/1/326 148/1/328 122/1/326
f 123/1/68 125/1/68 151/1/68
f 151/1/68 149/1/68 123/1/68
f 124/1/329 126/1/71 152/1/330
f 152/1/330 150/1/331 124/1/329
f 125/1/332 127/1/332 153/1/332
f 153/1/332 151/1/332 125/1/332
f 154/1/76 152/1/333 126/1/334
f 126/1/334 128/1/335 154/1/76
f 153/1/336 127/1/337 129/1/338
f 129/1/338 155/1/339 153/1/336
f 128/1/340 130/1/340 156/1/340
f 156/1/340 154/1/340 128/1/340
f 129/1/341 69/1/342 157/1/341
f 157/1/341 155/1/343 129/1/341
f 130/1/91 104/1/91 158/1/91
f 158/1/91 156/1/91 130/1/91
f 157/1/344 69/1/345 68/1/344
f 68/1/344 159/1/346 157/1/344
f 160/1/347 158/1/348 104/1/349
f 104/1/349 103/1/347 160/1/347
f 159/1/350 68/1/96 105/1/96
f 105/1/96 161/1/96 159/1/350
f 103/1/351 106/1/352 162/1/352
f 162/1/352 160/1/353 103/1/351
f 102/1/354 161/1/355 105/1/356
f 105/1/356 99/1/357 102/1/354
f 107/1/358 136/1/358 145/1/358
f 145/1/358 108/1/20 107/1/358
f 106/1/359 109/1/360 138/1/361
f 138/1/361 162/1/24 106/1/359
f 163/1/362 164/1/363 165/1/362
f 165/1/362 166/1/364 163/1/362
f 144/1/365 167/1/366 168/1/367
f 168/1/367 142/1/368 144/1/365
f 169/1/369 143/1/370 145/1/369
f 145/1/369 170/1/371 169/1/369
f 132/1/372 131/1/373 146/1/372
f 146/1/372 171/1/374 132/1/372
f 172/1/375 167/1/376 144/1/377
f 144/1/377 147/1/378 172/1/375
f 148/1/379 166/1/380 171/1/381
f 171/1/381 146/1/382 148/1/379
f 149/1/383 173/1/384 172/1/385
f 172/1/385 147/1/384 149/1/383
f 150/1/386 163/1/387 166/1/387
f 166/1/387 148/1/386 150/1/386
f 151/1/388 174/1/388 173/1/388
f 173/1/388 149/1/389 151/1/388
f 175/1/390 163/1/390 150/1/390
f 150/1/390 152/1/390 175/1/390
f 153/1/391 176/1/392 174/1/391
f 174/1/391 151/1/393 153/1/391
f 154/1/394 177/1/395 175/1/394
f 175/1/394 152/1/396 154/1/394
f 178/1/397 176/1/398 153/1/399
f 153/1/399 155/1/400 178/1/397
f 156/1/401 179/1/402 177/1/401
f 177/1/401 154/1/403 156/1/401
f 157/1/404 180/1/405 178/1/406
f 178/1/406 155/1/406 157/1/404
f 181/1/407 179/1/408 156/1/408
f 156/1/408 158/1/408 181/1/407
f 159/1/409 182/1/410 180/1/411
f 180/1/411 157/1/412 159/1/409
f 160/1/413 183/1/414 181/1/414
f 181/1/414 158/1/415 160/1/413
f 184/1/416 182/1/417 159/1/416
f 159/1/416 161/1/416 184/1/416
f 162/1/418 185/1/419 183/1/419
f 183/1/419 160/1/419 162/1/418
f 102/1/420 186/1/421 184/1/422
f 184/1/422 161/1/422 102/1/420
f 136/1/423 187/1/424 170/1/423
f 170/1/423 145/1/425 136/1/423
f 185/1/426 162/1/427 138/1/428
f 138/1/428 188/1/429 185/1/426
f 101/1/430 189/1/431 186/1/431
f 186/1/431 102/1/432 101/1/430
f 135/1/433 190/1/434 187/1/435
f 187/1/435 136/1/436 135/1/433
f 137/1/437 191/1/438 188/1/439
f 188/1/439 138/1/440 137/1/437
f 192/1/441 189/1/442 101/1/441
f 101/1/441 139/1/443 192/1/441
f 193/1/444 190/1/445 135/1/446
f 135/1/446 140/1/447 193/1/444
f 141/1/448 194/1/449 191/1/448
f 191/1/448 137/1/448 141/1/448
f 134/1/450 133/1/451 192/1/450
f 192/1/450 139/1/450 134/1/450
f 142/1/452 168/1/453 193/1/454
f 193/1/454 140/1/455 142/1/452
f 169/1/456 194/1/456 141/1/457
f 141/1/457 143/1/458 169/1/456
f 195/1/459 196/1/460 197/1/459
f 197/1/459 198/1/461 195/1/459
f 199/1/462 173/1/463 174/1/464
f 174/1/464 200/1/462 199/1/462
f 175/1/465 201/1/466 164/1/465
f 164/1/465 163/1/467 175/1/465
f 176/1/468 202/1/469 200/1/468
f 200/1/468 174/1/470 176/1/468
f 201/1/471 175/1/472 177/1/473
f 177/1/473 197/1/474 201/1/471
f 178/1/475 203/1/476 202/1/475
f 202/1/475 176/1/475 178/1/475
f 179/1/477 198/1/477 197/1/478
f 197/1/478 177/1/479 179/1/477
f 204/1/480 203/1/481 178/1/481
f 178/1/481 180/1/482 204/1/480
f 181/1/483 205/1/484 198/1/485
f 198/1/485 179/1/485 181/1/483
f 182/1/486 206/1/487 204/1/488
f 204/1/488 180/1/489 182/1/486
f 205/1/490 181/1/491 183/1/492
f 183/1/492 207/1/493 205/1/490
f 184/1/494 208/1/494 206/1/495
f 206/1/495 182/1/496 184/1/494
f 185/1/497 209/1/498 207/1/498
f 207/1/498 183/1/499 185/1/497
f 210/1/500 208/1/500 184/1/501
f 184/1/501 186/1/502 210/1/500
f 170/1/503 187/1/504 211/1/505
f 211/1/505 212/1/505 170/1/503
f 188/1/506 213/1/507 209/1/508
f 209/1/508 185/1/508 188/1/506
f 189/1/509 214/1/510 210/1/510
f 210/1/510 186/1/510 189/1/509
f 190/1/511 215/1/512 211/1/513
f 211/1/513 187/1/514 190/1/511
f 216/1/515 213/1/516 188/1/517
f 188/1/517 191/1/518 216/1/515
f 192/1/519 217/1/520 214/1/519
f 214/1/519 189/1/521 192/1/519
f 193/1/522 218/1/523 215/1/524
f 215/1/524 190/1/523 193/1/522
f 194/1/525 219/1/526 216/1/525
f 216/1/525 191/1/525 194/1/525
f 217/1/527 192/1/528 133/1/529
f 133/1/529 220/1/529 217/1/527
f 168/1/530 221/1/531 218/1/532
f 218/1/532 193/1/531 168/1/530
f 169/1/533 222/1/533 219/1/533
f 219/1/533 194/1/533 169/1/533
f 132/1/534 223/1/535 220/1/534
f 220/1/534 133/1/536 132/1/534
f 221/1/537 168/1/538 167/1/537
f 167/1/537 224/1/539 221/1/537
f 212/1/540 222/1/541 169/1/542
f 169/1/542 170/1/543 212/1/540
f 171/1/544 225/1/545 223/1/546
f 223/1/546 132/1/546 171/1/544
f 172/1/547 226/1/548 224/1/549
f 224/1/549 167/1/550 172/1/547
f 225/1/551 171/1/552 166/1/553
f 166/1/553 165/1/554 225/1/551
f 173/1/555 199/1/556 226/1/556
f 226/1/556 172/1/556 173/1/555
f 227/1/557 228/1/557 229/1/558
f 229/1/558 230/1/557 227/1/557
f 204/1/559 231/1/559 232/1/560
f 232/1/560 203/1/561 204/1/559
f 205/1/562 233/1/563 195/1/91
f 195/1/91 198/1/564 205/1/562
f 234/1/565 231/1/566 204/1/567
f 204/1/567 206/1/568 234/1/565
f 207/1/347 230/1/347 233/1/93
f 233/1/93 205/1/93 207/1/347
f 208/1/569 235/1/96 234/1/569
f 234/1/569 206/1/96 208/1/569
f 227/1/351 230/1/351 207/1/570
f 207/1/570 209/1/570 227/1/351
f 210/1/571 236/1/572 235/1/573
f 235/1/573 208/1/574 210/1/571
f 212/1/575 211/1/22 237/1/22
f 237/1/22 238/1/22 212/1/575
f 213/1/576 239/1/577 227/1/23
f 227/1/23 209/1/24 213/1/576
f 240/1/578 236/1/579 210/1/578
f 210/1/578 214/1/578 240/1/578
f 237/1/580 211/1/30 215/1/580
f 215/1/580 241/1/30 237/1/580
f 216/1/581 242/1/32 239/1/582
f 239/1/582 213/1/583 216/1/581
f 217/1/584 243/1/584 240/1/294
f 240/1/294 214/1/294 217/1/584
f 241/1/585 215/1/585 218/1/585
f 218/1/585 244/1/586 241/1/585
f 245/1/587 242/1/587 216/1/41
f 216/1/41 219/1/588 245/1/587
f 220/1/589 246/1/301 243/1/590
f 243/1/590 217/1/589 220/1/589
f 221/1/305 247/1/305 244/1/305
f 244/1/305 218/1/305 221/1/305
f 222/1/591 248/1/592 245/1/593
f 245/1/593 219/1/591 222/1/591
f 249/1/594 246/1/307 220/1/594
f 220/1/594 223/1/594 249/1/594
f 224/1/595 250/1/596 247/1/597
f 247/1/597 221/1/598 224/1/595
f 238/1/599 248/1/54 222/1/599
f 222/1/599 212/1/599 238/1/599
f 225/1/600 251/1/601 249/1/600
f 249/1/600 223/1/602 225/1/600
f 250/1/603 224/1/319 226/1/319
f 226/1/319 252/1/604 250/1/603
f 165/1/605 253/1/606 251/1/607
f 251/1/607 225/1/608 165/1/605
f 199/1/609 254/1/609 252/1/609
f 252/1/609 226/1/609 199/1/609
f 255/1/610 253/1/326 165/1/610
f 165/1/610 164/1/65 255/1/610
f 200/1/611 256/1/611 254/1/612
f 254/1/612 199/1/611 200/1/611
f 201/1/613 257/1/614 255/1/613
f 255/1/613 164/1/71 201/1/613
f 258/1/615 256/1/616 200/1/75
f 200/1/75 202/1/75 258/1/615
f 197/1/76 196/1/617 257/1/76
f 257/1/76 201/1/617 197/1/76
f 203/1/79 232/1/618 258/1/619
f 258/1/619 202/1/620 203/1/79
f 259/1/621 260/1/622 261/1/623
f 261/1/623 262/1/621 259/1/621
f 236/1/624 263/1/625 264/1/624
f 264/1/624 235/1/625 236/1/624
f 265/1/626 266/1/627 238/1/628
f 238/1/628 237/1/629 265/1/626
f 267/1/630 228/1/630 227/1/631
f 227/1/631 239/1/630 267/1/630
f 240/1/632 268/1/633 263/1/634
f 263/1/634 236/1/633 240/1/632
f 241/1/635 269/1/635 265/1/635
f 265/1/635 237/1/636 241/1/635
f 242/1/637 270/1/637 267/1/637
f 267/1/637 239/1/637 242/1/637
f 271/1/638 268/1/639 240/1/639
f 240/1/639 243/1/639 271/1/638
f 244/1/640 272/1/640 269/1/640
f 269/1/640 241/1/640 244/1/640
f 245/1/641 273/1/641 270/1/641
f 270/1/641 242/1/641 245/1/641
f 246/1/642 274/1/643 271/1/644
f 271/1/644 243/1/643 246/1/642
f 275/1/645 272/1/646 244/1/646
f 244/1/646 247/1/646 275/1/645
f 273/1/647 245/1/648 248/1/648
f 248/1/648 276/1/648 273/1/647
f 249/1/649 277/1/649 274/1/650
f 274/1/650 246/1/651 249/1/649
f 250/1/652 278/1/653 275/1/654
f 275/1/654 247/1/653 250/1/652
f 266/1/655 276/1/655 248/1/655
f 248/1/655 238/1/655 266/1/655
f 277/1/656 249/1/657 251/1/658
f 251/1/658 279/1/659 277/1/656
f 252/1/660 280/1/661 278/1/662
f 278/1/662 250/1/661 252/1/660
f 253/1/663 281/1/664 279/1/664
f 279/1/664 251/1/664 253/1/663
f 282/1/665 280/1/665 252/1/666
f 252/1/666 254/1/665 282/1/665
f 255/1/667 283/1/668 281/1/669
f 281/1/669 253/1/669 255/1/667
f 256/1/670 284/1/671 282/1/670
f 282/1/670 254/1/671 256/1/670
f 261/1/672 283/1/673 255/1/674
f 255/1/674 257/1/673 261/1/672
f 258/1/675 285/1/676 284/1/677
f 284/1/677 256/1/676 258/1/675
f 196/1/678 262/1/679 261/1/680
f 261/1/680 257/1/681 196/1/678
f 285/1/682 258/1/682 232/1/683
f 232/1/683 286/1/682 285/1/682
f 195/1/684 287/1/685 262/1/686
f 262/1/686 196/1/687 195/1/684
f 231/1/688 288/1/688 286/1/689
f 286/1/689 232/1/689 231/1/688
f 287/1/690 195/1/691 233/1/692
f 233/1/692 289/1/693 287/1/690
f 234/1/694 290/1/695 288/1/695
f 288/1/695 231/1/695 234/1/694
f 230/1/696 229/1/696 289/1/697
f 289/1/697 233/1/698 230/1/696
f 264/1/699 290/1/700 234/1/701
f 234/1/701 235/1/702 264/1/699
f 291/1/703 292/1/704 293/1/703
f 293/1/703 294/1/705 291/1/703
f 286/1/706 295/1/707 296/1/706
f 296/1/706 285/1/708 286/1/706
f 287/1/709 297/1/710 259/1/711
f 259/1/711 262/1/712 287/1/709
f 298/1/713 295/1/714 286/1/715
f 286/1/715 288/1/716 298/1/713
f 289/1/717 294/1/718 297/1/719
f 297/1/719 287/1/718 289/1/717
f 290/1/720 299/1/721 298/1/722
f 298/1/722 288/1/723 290/1/720
f 294/1/724 289/1/725 229/1/726
f 229/1/726 291/1/725 294/1/724
f 264/1/727 300/1/728 299/1/727
f 299/1/727 290/1/729 264/1/727
f 228/1/730 301/1/730 291/1/731
f 291/1/731 229/1/731 228/1/730
f 300/1/732 264/1/733 263/1/734
f 263/1/734 302/1/735 300/1/732
f 266/1/736 265/1/737 303/1/738
f 303/1/738 304/1/739 266/1/736
f 267/1/740 305/1/741 301/1/740
f 301/1/740 228/1/742 267/1/740
f 268/1/743 306/1/744 302/1/745
f 302/1/745 263/1/746 268/1/743
f 269/1/747 307/1/748 303/1/749
f 303/1/749 265/1/750 269/1/747
f 308/1/751 305/1/752 267/1/753
f 267/1/753 270/1/754 308/1/751
f 271/1/755 309/1/756 306/1/757
f 306/1/757 268/1/758 271/1/755
f 272/1/759 310/1/760 307/1/761
f 307/1/761 269/1/762 272/1/759
f 273/1/763 311/1/764 308/1/765
f 308/1/765 270/1/766 273/1/763
f 312/1/767 309/1/768 271/1/769
f 271/1/769 274/1/770 312/1/767
f 275/1/771 313/1/772 310/1/771
f 310/1/771 272/1/773 275/1/771
f 276/1/774 314/1/775 311/1/776
f 311/1/776 273/1/777 276/1/774
f 277/1/778 315/1/779 312/1/779
f 312/1/779 274/1/778 277/1/778
f 313/1/780 275/1/781 278/1/782
f 278/1/782 316/1/781 313/1/780
f 304/1/783 314/1/784 276/1/785
f 276/1/785 266/1/786 304/1/783
f 279/1/787 317/1/788 315/1/789
f 315/1/789 277/1/789 279/1/787
f 280/1/790 318/1/791 316/1/792
f 316/1/792 278/1/791 280/1/790
f 317/1/793 279/1/794 281/1/795
f 281/1/795 319/1/796 317/1/793
f 282/1/797 320/1/797 318/1/798
f 318/1/798 280/1/798 282/1/797
f 283/1/799 321/1/800 319/1/801
f 319/1/801 281/1/802 283/1/799
f 322/1/803 320/1/804 282/1/805
f 282/1/805 284/1/806 322/1/803
f 261/1/807 260/1/807 321/1/807
f 321/1/807 283/1/807 261/1/807
f 285/1/808 296/1/809 322/1/810
f 322/1/810 284/1/811 285/1/808
f 323/1/812 324/1/813 325/1/814
f 325/1/814 326/1/813 323/1/812
f 300/1/815 327/1/816 328/1/815
f 328/1/815 299/1/817 300/1/815
f 291/1/818 301/1/819 329/1/818
f 329/1/818 292/1/820 291/1/818
f 302/1/821 330/1/822 327/1/821
f 327/1/821 300/1/822 302/1/821
f 304/1/823 303/1/823 331/1/824
f 331/1/824 332/1/825 304/1/823
f 329/1/826 301/1/827 305/1/826
f 305/1/826 324/1/828 329/1/826
f 302/1/829 306/1/830 333/1/831
f 333/1/831 330/1/831 302/1/829
f 331/1/832 303/1/833 307/1/834
f 307/1/834 334/1/835 331/1/832
f 308/1/836 325/1/836 324/1/836
f 324/1/836 305/1/837 308/1/836
f 333/1/838 306/1/839 309/1/838
f 309/1/838 335/1/840 333/1/838
f 334/1/841 307/1/841 310/1/842
f 310/1/842 336/1/842 334/1/841
f 308/1/843 311/1/844 337/1/843
f 337/1/843 325/1/844 308/1/843
f 312/1/845 338/1/846 335/1/846
f 335/1/846 309/1/847 312/1/845
f 313/1/848 339/1/849 336/1/848
f 336/1/848 310/1/848 313/1/848
f 337/1/850 311/1/851 314/1/852
f 314/1/852 340/1/853 337/1/850
f 312/1/854 315/1/855 341/1/856
f 341/1/856 338/1/856 312/1/854
f 316/1/857 342/1/858 339/1/859
f 339/1/859 313/1/860 316/1/857
f 314/1/861 304/1/862 332/1/861
f 332/1/861 340/1/863 314/1/861
f 341/1/864 315/1/865 317/1/866
f 317/1/866 343/1/865 341/1/864
f 342/1/867 316/1/868 318/1/869
f 318/1/869 344/1/870 342/1/867
f 319/1/871 345/1/871 343/1/871
f 343/1/871 317/1/872 319/1/871
f 320/1/873 346/1/874 344/1/875
f 344/1/875 318/1/874 320/1/873
f 319/1/876 321/1/877 347/1/878
f 347/1/878 345/1/879 319/1/876
f 322/1/880 348/1/881 346/1/880
f 346/1/880 320/1/881 322/1/880
f 347/1/882 321/1/883 260/1/884
f 260/1/884 349/1/882 347/1/882
f 322/1/885 296/1/886 350/1/887
f 350/1/887 348/1/888 322/1/885
f 259/1/889 351/1/890 349/1/891
f 349/1/891 260/1/892 259/1/889
f 350/1/893 296/1/894 295/1/893
f 295/1/893 352/1/895 350/1/893
f 259/1/896 297/1/897 353/1/898
f 353/1/898 351/1/898 259/1/896
f 354/1/899 352/1/900 295/1/901
f 295/1/901 298/1/902 354/1/899
f 353/1/903 297/1/904 294/1/905
f 294/1/905 293/1/903 353/1/903
f 354/1/906 298/1/907 299/1/906
f 299/1/906 328/1/908 354/1/906
f 355/1/909 356/1/910 357/1/911
f 357/1/911 358/1/912 355/1/909
f 335/1/913 359/1/914 360/1/915
f 360/1/915 333/1/916 335/1/913
f 336/1/917 361/1/917 362/1/917
f 362/1/917 334/1/917 336/1/917
f 337/1/918 363/1/919 326/1/920
f 326/1/920 325/1/921 337/1/918
f 359/1/922 335/1/923 338/1/923
f 338/1/923 364/1/923 359/1/922
f 336/1/924 339/1/925 365/1/925
f 365/1/925 361/1/925 336/1/924
f 340/1/926 357/1/927 363/1/928
f 363/1/928 337/1/927 340/1/926
f 341/1/929 366/1/930 364/1/931
f 364/1/931 338/1/930 341/1/929
f 365/1/932 339/1/933 342/1/934
f 342/1/934 367/1/934 365/1/932
f 358/1/935 357/1/936 340/1/936
f 340/1/936 332/1/937 358/1/935
f 343/1/938 368/1/939 366/1/940
f 366/1/940 341/1/939 343/1/938
f 344/1/941 369/1/941 367/1/941
f 367/1/941 342/1/942 344/1/941
f 368/1/943 343/1/944 345/1/944
f 345/1/944 370/1/945 368/1/943
f 344/1/946 346/1/946 371/1/946
f 371/1/946 369/1/946 344/1/946
f 347/1/947 372/1/948 370/1/948
f 370/1/948 345/1/948 347/1/947
f 371/1/949 346/1/950 348/1/951
f 348/1/951 373/1/952 371/1/949
f 349/1/953 374/1/954 372/1/953
f 372/1/953 347/1/954 349/1/953
f 350/1/955 375/1/956 373/1/957
f 373/1/957 348/1/955 350/1/955
f 374/1/958 349/1/959 351/1/959
f 351/1/959 376/1/959 374/1/958
f 352/1/960 377/1/961 375/1/961
f 375/1/961 350/1/960 352/1/960
f 353/1/962 378/1/963 376/1/964
f 376/1/964 351/1/965 353/1/962
f 352/1/966 354/1/966 379/1/966
f 379/1/966 377/1/966 352/1/966
f 293/1/967 380/1/968 378/1/967
f 378/1/967 353/1/969 293/1/967
f 381/1/970 379/1/971 354/1/971
f 354/1/971 328/1/971 381/1/970
f 380/1/972 293/1/973 292/1/974
f 292/1/974 382/1/975 380/1/972
f 381/1/976 328/1/976 327/1/977
f 327/1/977 383/1/978 381/1/976
f 329/1/979 384/1/980 382/1/981
f 382/1/981 292/1/980 329/1/979
f 383/1/982 327/1/983 330/1/983
f 330/1/983 385/1/983 383/1/982
f 331/1/984 386/1/985 358/1/985
f 358/1/985 332/1/986 331/1/984
f 324/1/987 323/1/988 384/1/989
f 384/1/989 329/1/988 324/1/987
f 333/1/990 360/1/990 385/1/990
f 385/1/990 330/1/990 333/1/990
f 386/1/991 331/1/992 334/1/992
f 334/1/992 362/1/993 386/1/991
f 387/1/994 388/1/995 389/1/996
f 389/1/996 390/1/997 387/1/994
f 368/1/998 391/1/998 392/1/998
f 392/1/998 366/1/998 368/1/998
f 393/1/999 367/1/1000 369/1/1001
f 369/1/1001 394/1/1002 393/1/999
f 370/1/1003 395/1/1004 391/1/1004
f 391/1/1004 368/1/1005 370/1/1003
f 371/1/1006 396/1/1007 394/1/1008
f 394/1/1008 369/1/1009 371/1/1006
f 395/1/1010 370/1/1011 372/1/1012
f 372/1/1012 390/1/1010 395/1/1010
f 373/1/1013 397/1/1014 396/1/1015
f 396/1/1015 371/1/1016 373/1/1013
f 374/1/1017 387/1/1017 390/1/1017
f 390/1/1017 372/1/1017 374/1/1017
f 397/1/1018 373/1/1019 375/1/1018
f 375/1/1018 398/1/1020 397/1/1018
f 376/1/1021 399/1/1022 387/1/1023
f 387/1/1023 374/1/1022 376/1/1021
f 377/1/1024 400/1/1025 398/1/1026
f 398/1/1026 375/1/1027 377/1/1024
f 399/1/1028 376/1/1029 378/1/1030
f 378/1/1030 401/1/1031 399/1/1028
f 379/1/1032 402/1/1033 400/1/1032
f 400/1/1032 377/1/1034 379/1/1032
f 380/1/1035 403/1/1036 401/1/1037
f 401/1/1037 378/1/1038 380/1/1035
f 402/1/1039 379/1/1040 381/1/1041
f 381/1/1041 404/1/1042 402/1/1039
f 382/1/1043 405/1/1044 403/1/1045
f 403/1/1045 380/1/1046 382/1/1043
f 383/1/1047 406/1/1048 404/1/1049
f 404/1/1049 381/1/1050 383/1/1047
f 405/1/1051 382/1/1052 384/1/1053
f 384/1/1053 407/1/1054 405/1/1051
f 385/1/1055 408/1/1056 406/1/1057
f 406/1/1057 383/1/1058 385/1/1055
f 358/1/1059 386/1/1060 409/1/1060
f 409/1/1060 355/1/1060 358/1/1059
f 323/1/1061 410/1/1062 407/1/1061
f 407/1/1061 384/1/1063 323/1/1061
f 408/1/1064 385/1/1065 360/1/1065
f 360/1/1065 411/1/1066 408/1/1064
f 362/1/1067 412/1/1068 409/1/1067
f 409/1/1067 386/1/1069 362/1/1067
f 326/1/1070 413/1/1071 410/1/1072
f 410/1/1072 323/1/1073 326/1/1070
f 359/1/1074 414/1/1075 411/1/1074
f 411/1/1074 360/1/1074 359/1/1074
f 412/1/1076 362/1/1077 361/1/1078
f 361/1/1078 415/1/1076 412/1/1076
f 413/1/1079 326/1/1079 363/1/1080
f 363/1/1080 416/1/1080 413/1/1079
f 364/1/1081 417/1/1082 414/1/1081
f 414/1/1081 359/1/1081 364/1/1081
f 365/1/1083 418/1/1084 415/1/1085
f 415/1/1085 361/1/1086 365/1/1083
f 357/1/1087 356/1/1088 416/1/1087
f 416/1/1087 363/1/1089 357/1/1087
f 417/1/1090 364/1/1091 366/1/1090
f 366/1/1090 392/1/1092 417/1/1090
f 367/1/1093 393/1/1094 418/1/1095
f 418/1/1095 365/1/1096 367/1/1093
f 419/1/1097 420/1/1098 421/1/1097
f 421/1/1097 422/1/1098 419/1/1097
f 423/1/1099 424/1/1100 397/1/1101
f 397/1/1101 398/1/1102 423/1/1099
f 399/1/1103 425/1/1104 388/1/1103
f 388/1/1103 387/1/1104 399/1/1103
f 400/1/1105 426/1/1106 423/1/1107
f 423/1/1107 398/1/1107 400/1/1105
f 420/1/1108 425/1/1109 399/1/1108
f 399/1/1108 401/1/1110 420/1/1108
f 402/1/1111 427/1/1112 426/1/1111
f 426/1/1111 400/1/1111 402/1/1111
f 403/1/1113 421/1/1114 420/1/1115
f 420/1/1115 401/1/1116 403/1/1113
f 428/1/1117 427/1/1118 402/1/1119
f 402/1/1119 404/1/1117 428/1/1117
f 405/1/1120 429/1/1120 421/1/1120
f 421/1/1120 403/1/1121 405/1/1120
f 406/1/1122 430/1/1123 428/1/1122
f 428/1/1122 404/1/1124 406/1/1122
f 431/1/1125 429/1/1126 405/1/1127
f 405/1/1127 407/1/1128 431/1/1125
f 408/1/1129 432/1/1129 430/1/1129
f 430/1/1129 406/1/1130 408/1/1129
f 433/1/1131 355/1/1132 409/1/1133
f 409/1/1133 434/1/1133 433/1/1131
f 410/1/1134 435/1/1135 431/1/1135
f 431/1/1135 407/1/1135 410/1/1134
f 436/1/1136 432/1/1137 408/1/1137
f 408/1/1137 411/1/1137 436/1/1136
f 434/1/1138 409/1/1139 412/1/1139
f 412/1/1139 437/1/1140 434/1/1138
f 413/1/1141 438/1/1142 435/1/1142
f 435/1/1142 410/1/1143 413/1/1141
f 414/1/1144 439/1/1145 436/1/1144
f 436/1/1144 411/1/1146 414/1/1144
f 415/1/1147 440/1/1148 437/1/1147
f 437/1/1147 412/1/1149 415/1/1147
f 441/1/1150 438/1/1151 413/1/1150
f 413/1/1150 416/1/1151 441/1/1150
f 417/1/1152 442/1/1153 439/1/1152
f 439/1/1152 414/1/1152 417/1/1152
f 440/1/1154 415/1/1155 418/1/1154
f 418/1/1154 443/1/1156 440/1/1154
f 356/1/1157 444/1/1157 441/1/1157
f 441/1/1157 416/1/1158 356/1/1157
f 445/1/1159 442/1/1159 417/1/1160
f 417/1/1160 392/1/1160 445/1/1159
f 393/1/1161 446/1/1162 443/1/1161
f 443/1/1161 418/1/1162 393/1/1161
f 433/1/1163 444/1/1163 356/1/1164
f 356/1/1164 355/1/1164 433/1/1163
f 391/1/1165 447/1/1166 445/1/1165
f 445/1/1165 392/1/1167 391/1/1165
f 394/1/1168 448/1/1169 446/1/1170
f 446/1/1170 393/1/1168 394/1/1168
f 395/1/1171 449/1/1171 447/1/1171
f 447/1/1171 391/1/1171 395/1/1171
f 448/1/1172 394/1/1173 396/1/1174
f 396/1/1174 450/1/1175 448/1/1172
f 389/1/1176 449/1/1176 395/1/1177
f 395/1/1177 390/1/1176 389/1/1176
f 397/1/1178 424/1/1179 450/1/1180
f 450/1/1180 396/1/1181 397/1/1178
f 451/1/1182 452/1/1183 453/1/1183
f 453/1/1183 454/1/1184 451/1/1182
f 428/1/1185 455/1/1185 456/1/1185
f 456/1/1185 427/1/1185 428/1/1185
f 429/1/1186 457/1/1187 422/1/1188
f 422/1/1188 421/1/1188 429/1/1186
f 458/1/1189 455/1/1190 428/1/1191
f 428/1/1191 430/1/1192 458/1/1189
f 431/1/1193 459/1/1194 457/1/1195
f 457/1/1195 429/1/1194 431/1/1193
f 432/1/1196 460/1/1196 458/1/1197
f 458/1/1197 430/1/1198 432/1/1196
f 452/1/1199 451/1/1200 433/1/1200
f 433/1/1200 434/1/1200 452/1/1199
f 461/1/1201 459/1/1201 431/1/1202
f 431/1/1202 435/1/1201 461/1/1201
f 436/1/1203 462/1/1204 460/1/1204
f 460/1/1204 432/1/1204 436/1/1203
f 437/1/1205 463/1/1206 452/1/1206
f 452/1/1206 434/1/1206 437/1/1205
f 438/1/1207 464/1/1208 461/1/1209
f 461/1/1209 435/1/1208 438/1/1207
f 465/1/1210 462/1/1211 436/1/1212
f 436/1/1212 439/1/1210 465/1/1210
f 440/1/1213 466/1/1214 463/1/1213
f 463/1/1213 437/1/1214 440/1/1213
f 441/1/1215 467/1/1216 464/1/1216
f 464/1/1216 438/1/1216 441/1/1215
f 442/1/1217 468/1/1217 465/1/1218
f 465/1/1218 439/1/1217 442/1/1217
f 469/1/1219 466/1/1220 440/1/1221
f 440/1/1221 443/1/1219 469/1/1219
f 470/1/1222 467/1/1223 441/1/1223
f 441/1/1223 444/1/1222 470/1/1222
f 445/1/1224 471/1/1225 468/1/1225
f 468/1/1225 442/1/1226 445/1/1224
f 446/1/1227 472/1/1227 469/1/1227
f 469/1/1227 443/1/1227 446/1/1227
f 470/1/1228 444/1/1228 433/1/1229
f 433/1/1229 451/1/1228 470/1/1228
f 471/1/1230 445/1/1230 447/1/1231
f 447/1/1231 473/1/1230 471/1/1230
f 448/1/1232 474/1/1232 472/1/1233
f 472/1/1233 446/1/1234 448/1/1232
f 449/1/1235 475/1/1236 473/1/1236
f 473/1/1236 447/1/1237 449/1/1235
f 476/1/1238 474/1/1238 448/1/1238
f 448/1/1238 450/1/1238 476/1/1238
f 389/1/1239 477/1/1240 475/1/1240
f 475/1/1240 449/1/1240 389/1/1239
f 424/1/1241 478/1/1241 476/1/1242
f 476/1/1242 450/1/1241 424/1/1241
f 477/1/1243 389/1/1244 388/1/1245
f 388/1/1245 479/1/1244 477/1/1243
f 423/1/1246 480/1/1246 478/1/1247
f 478/1/1247 424/1/1247 423/1/1246
f 425/1/1248 481/1/1248 479/1/1249
f 479/1/1249 388/1/1248 425/1/1248
f 482/1/1250 480/1/1251 423/1/1251
f 423/1/1251 426/1/1251 482/1/1250
f 420/1/1252 419/1/1253 481/1/1254
f 481/1/1254 425/1/1255 420/1/1252
f 427/1/1256 456/1/1256 482/1/1257
f 482/1/1257 426/1/1256 427/1/1256
f 483/1/1258 484/1/1258 485/1/1258
f 485/1/1258 486/1/1258 483/1/1258
f 461/1/1259 487/1/1259 488/1/1259
f 488/1/1259 459/1/1260 461/1/1259
f 462/1/1261 489/1/1262 490/1/1262
f 490/1/1262 460/1/1263 462/1/1261
f 463/1/1264 491/1/1265 453/1/1266
f 453/1/1266 452/1/1267 463/1/1264
f 492/1/1268 487/1/1269 461/1/1268
f 461/1/1268 464/1/1270 492/1/1268
f 465/1/1271 493/1/1272 489/1/1271
f 489/1/1271 462/1/1273 465/1/1271
f 466/1/1274 486/1/1275 491/1/1276
f 491/1/1276 463/1/1277 466/1/1274
f 467/1/1278 494/1/1279 492/1/1278
f 492/1/1278 464/1/1278 467/1/1278
f 493/1/1280 465/1/1281 468/1/1282
f 468/1/1282 495/1/1283 493/1/1280
f 469/1/1284 483/1/1285 486/1/1284
f 486/1/1284 466/1/1286 469/1/1284
f 470/1/1287 496/1/1288 494/1/1289
f 494/1/1289 467/1/1290 470/1/1287
f 471/1/1291 497/1/1292 495/1/1292
f 495/1/1292 468/1/1293 471/1/1291
f 483/1/1294 469/1/1294 472/1/1295
f 472/1/1295 498/1/1296 483/1/1294
f 496/1/1297 470/1/1298 451/1/1298
f 451/1/1298 454/1/1298 496/1/1297
f 473/1/1299 499/1/1300 497/1/1301
f 497/1/1301 471/1/1302 473/1/1299
f 474/1/1303 500/1/1304 498/1/1305
f 498/1/1305 472/1/1306 474/1/1303
f 501/1/1307 499/1/1307 473/1/1308
f 473/1/1308 475/1/1309 501/1/1307
f 476/1/1310 502/1/1311 500/1/1311
f 500/1/1311 474/1/1312 476/1/1310
f 477/1/1313 503/1/1313 501/1/1314
f 501/1/1314 475/1/1315 477/1/1313
f 504/1/1316 502/1/1316 476/1/1317
f 476/1/1317 478/1/1318 504/1/1316
f 479/1/1319 505/1/1320 503/1/1319
f 503/1/1319 477/1/1321 479/1/1319
f 480/1/1322 506/1/1322 504/1/1323
f 504/1/1323 478/1/1324 480/1/1322
f 505/1/1325 479/1/1326 481/1/1325
f 481/1/1325 507/1/1327 505/1/1325
f 482/1/1328 508/1/1329 506/1/1330
f 506/1/1330 480/1/1331 482/1/1328
f 419/1/1332 509/1/1333 507/1/1334
f 507/1/1334 481/1/1335 419/1/1332
f 510/1/1336 508/1/1337 482/1/1338
f 482/1/1338 456/1/1339 510/1/1336
f 422/1/1340 511/1/1340 509/1/1341
f 509/1/1341 419/1/1342 422/1/1340
f 455/1/1343 512/1/1344 510/1/1343
f 510/1/1343 456/1/1345 455/1/1343
f 513/1/1346 511/1/1347 422/1/1346
f 422/1/1346 457/1/1348 513/1/1346
f 458/1/1349 514/1/1349 512/1/1350
f 512/1/1350 455/1/1350 458/1/1349
f 459/1/1351 488/1/1352 513/1/1353
f 513/1/1353 457/1/1353 459/1/1351
f 514/1/1354 458/1/1355 460/1/1354
f 460/1/1354 490/1/1355 514/1/1354
f 515/1/1356 516/1/1356 517/1/1356
f 517/1/1356 518/1/1357 515/1/1356
f 496/1/1358 519/1/1358 520/1/1359
f 520/1/1359 494/1/1358 496/1/1358
f 521/1/1360 522/1/1360 495/1/1360
f 495/1/1360 497/1/1360 521/1/1360
f 498/1/1361 523/1/1361 484/1/1361
f 484/1/1361 483/1/1361 498/1/1361
f 524/1/1362 519/1/1362 496/1/1362
f 496/1/1362 454/1/1362 524/1/1362
f 499/1/1363 525/1/1363 521/1/1363
f 521/1/1363 497/1/1364 499/1/1363
f 523/1/1365 498/1/1366 500/1/1367
f 500/1/1367 517/1/1366 523/1/1365
f 501/1/1368 526/1/1368 525/1/1368
f 525/1/1368 499/1/1369 501/1/1368
f 502/1/1370 518/1/1371 517/1/1370
f 517/1/1370 500/1/1372 502/1/1370
f 527/1/1373 526/1/1373 501/1/1374
f 501/1/1374 503/1/1373 527/1/1373
f 504/1/1375 528/1/1376 518/1/1377
f 518/1/1377 502/1/1375 504/1/1375
f 505/1/1378 529/1/1378 527/1/1379
f 527/1/1379 503/1/1379 505/1/1378
f 530/1/1380 528/1/1381 504/1/1382
f 504/1/1382 506/1/1383 530/1/1380
f 507/1/1384 531/1/1385 529/1/1384
f 529/1/1384 505/1/1385 507/1/1384
f 508/1/1386 532/1/1387 530/1/1388
f 530/1/1388 506/1/1386 508/1/1386
f 533/1/1389 531/1/1390 507/1/1389
f 507/1/1389 509/1/1391 533/1/1389
f 510/1/1392 534/1/1393 532/1/1394
f 532/1/1394 508/1/1395 510/1/1392
f 511/1/1396 535/1/1397 533/1/1396
f 533/1/1396 509/1/1396 511/1/1396
f 536/1/1398 534/1/1398 510/1/1398
f 510/1/1398 512/1/1398 536/1/1398
f 513/1/1399 537/1/1400 535/1/1399
f 535/1/1399 511/1/1401 513/1/1399
f 514/1/1402 538/1/1403 536/1/1403
f 536/1/1403 512/1/1403 514/1/1402
f 539/1/1404 537/1/1404 513/1/1404
f 513/1/1404 488/1/1404 539/1/1404
f 490/1/1405 540/1/1406 538/1/1405
f 538/1/1405 514/1/1407 490/1/1405
f 454/1/1408 453/1/1408 541/1/1408
f 541/1/1408 524/1/1408 454/1/1408
f 487/1/1409 542/1/1409 539/1/1409
f 539/1/1409 488/1/1410 487/1/1409
f 543/1/1411 540/1/1412 490/1/1413
f 490/1/1413 489/1/1411 543/1/1411
f 544/1/1414 541/1/1415 453/1/1416
f 453/1/1416 491/1/1417 544/1/1414
f 492/1/1418 545/1/1419 542/1/1418
f 542/1/1418 487/1/1420 492/1/1418
f 493/1/1421 546/1/1421 543/1/1421
f 543/1/1421 489/1/1422 493/1/1421
f 485/1/1423 544/1/1424 491/1/1423
f 491/1/1423 486/1/1425 485/1/1423
f 520/1/1426 545/1/1427 492/1/1426
f 492/1/1426 494/1/1426 520/1/1426
f 495/1/1428 522/1/1428 546/1/1428
f 546/1/1428 493/1/1428 495/1/1428
f 547/1/1429 548/1/1430 549/1/1431
f 549/1/1431 550/1/1432 547/1/1429
f 527/1/1433 551/1/1433 552/1/1433
f 552/1/1433 526/1/1434 527/1/1433
f 528/1/1435 553/1/1436 515/1/1435
f 515/1/1435 518/1/1437 528/1/1435
f 551/1/1438 527/1/1438 529/1/1439
f 529/1/1439 554/1/1439 551/1/1438
f 530/1/1440 550/1/1441 553/1/1440
f 553/1/1440 528/1/1441 530/1/1440
f 531/1/1442 555/1/1443 554/1/1444
f 554/1/1444 529/1/1445 531/1/1442
f 547/1/1446 550/1/1446 530/1/1447
f 530/1/1447 532/1/1448 547/1/1446
f 533/1/1449 556/1/1450 555/1/1449
f 555/1/1449 531/1/1451 533/1/1449
f 534/1/1452 557/1/1452 547/1/1453
f 547/1/1453 532/1/1452 534/1/1452
f 558/1/1454 556/1/1455 533/1/1456
f 533/1/1456 535/1/1457 558/1/1454
f 536/1/1458 559/1/1459 557/1/1460
f 557/1/1460 534/1/1458 536/1/1458
f 537/1/1461 560/1/1462 558/1/1463
f 558/1/1463 535/1/1464 537/1/1461
f 561/1/1465 559/1/1465 536/1/1465
f 536/1/1465 538/1/1465 561/1/1465
f 539/1/1466 562/1/1466 560/1/1467
f 560/1/1467 537/1/1466 539/1/1466
f 540/1/1468 563/1/1468 561/1/1469
f 561/1/1469 538/1/1468 540/1/1468
f 564/1/1470 565/1/1471 524/1/1470
f 524/1/1470 541/1/1472 564/1/1470
f 566/1/1473 562/1/1473 539/1/1473
f 539/1/1473 542/1/1474 566/1/1473
f 543/1/1475 567/1/1476 563/1/1477
f 563/1/1477 540/1/1475 543/1/1475
f 544/1/1478 568/1/1479 564/1/1480
f 564/1/1480 541/1/1479 544/1/1478
f 545/1/1481 569/1/1481 566/1/1482
f 566/1/1482 542/1/1483 545/1/1481
f 567/1/1484 543/1/1485 546/1/1486
f 546/1/1486 570/1/1487 567/1/1484
f 485/1/1488 571/1/1489 568/1/1490
f 568/1/1490 544/1/1489 485/1/1488
f 520/1/1491 572/1/1492 569/1/1493
f 569/1/1493 545/1/1492 520/1/1491
f 522/1/1494 573/1/1495 570/1/1496
f 570/1/1496 546/1/1495 522/1/1494
f 574/1/1497 571/1/1498 485/1/1498
f 485/1/1498 484/1/1498 574/1/1497
f 575/1/1499 572/1/1499 520/1/1500
f 520/1/1500 519/1/1499 575/1/1499
f 521/1/1501 576/1/1502 573/1/1503
f 573/1/1503 522/1/1502 521/1/1501
f 523/1/1504 577/1/1505 574/1/1506
f 574/1/1506 484/1/1505 523/1/1504
f 565/1/1507 575/1/1507 519/1/1508
f 519/1/1508 524/1/1507 565/1/1507
f 576/1/1509 521/1/1510 525/1/1511
f 525/1/1511 578/1/1510 576/1/1509
f 517/1/1512 516/1/1513 577/1/1514
f 577/1/1514 523/1/1515 517/1/1512
f 526/1/1516 552/1/1516 578/1/1517
f 578/1/1517 525/1/1516 526/1/1516
f 579/1/1518 580/1/1519 581/1/1520
f 581/1/1520 582/1/1521 579/1/1518
f 556/1/1522 583/1/1523 584/1/1524
f 584/1/1524 555/1/1523 556/1/1522
f 585/1/1525 548/1/1526 547/1/1527
f 547/1/1527 557/1/1528 585/1/1525
f 558/1/1529 586/1/1530 583/1/1531
f 583/1/1531 556/1/1531 558/1/1529
f 559/1/1532 582/1/1533 585/1/1534
f 585/1/1534 557/1/1535 559/1/1532
f 586/1/1536 558/1/1536 560/1/1537
f 560/1/1537 587/1/1536 586/1/1536
f 561/1/1538 579/1/1539 582/1/1538
f 582/1/1538 559/1/1539 561/1/1538
f 562/1/1540 588/1/1541 587/1/1540
f 587/1/1540 560/1/1542 562/1/1540
f 579/1/1543 561/1/1544 563/1/1545
f 563/1/1545 589/1/1546 579/1/1543
f 565/1/1547 564/1/1548 590/1/1549
f 590/1/1549 591/1/1548 565/1/1547
f 566/1/1550 592/1/1551 588/1/1551
f 588/1/1551 562/1/1551 566/1/1550
f 567/1/1552 593/1/1553 589/1/1552
f 589/1/1552 563/1/1554 567/1/1552
f 568/1/1555 594/1/1556 590/1/1555
f 590/1/1555 564/1/1557 568/1/1555
f 595/1/1558 592/1/1559 566/1/1560
f 566/1/1560 569/1/1561 595/1/1558
f 570/1/1562 596/1/1563 593/1/1564
f 593/1/1564 567/1/1565 570/1/1562
f 571/1/1566 597/1/1567 594/1/1566
f 594/1/1566 568/1/1566 571/1/1566
f 572/1/1568 598/1/1569 595/1/1570
f 595/1/1570 569/1/1571 572/1/1568
f 599/1/1572 596/1/1573 570/1/1574
f 570/1/1574 573/1/1575 599/1/1572
f 574/1/1576 600/1/1577 597/1/1578
f 597/1/1578 571/1/1576 574/1/1576
f 575/1/1579 601/1/1580 598/1/1579
f 598/1/1579 572/1/1579 575/1/1579
f 576/1/1581 602/1/1582 599/1/1582
f 599/1/1582 573/1/1583 576/1/1581
f 600/1/1584 574/1/1585 577/1/1586
f 577/1/1586 603/1/1587 600/1/1584
f 591/1/1588 601/1/1589 575/1/1590
f 575/1/1590 565/1/1588 591/1/1588
f 578/1/1591 604/1/1592 602/1/1593
f 602/1/1593 576/1/1593 578/1/1591
f 516/1/1594 605/1/1595 603/1/1596
f 603/1/1596 577/1/1597 516/1/1594
f 606/1/1598 604/1/1599 578/1/1600
f 578/1/1600 552/1/1600 606/1/1598
f 515/1/1601 607/1/1602 605/1/1603
f 605/1/1603 516/1/1604 515/1/1601
f 551/1/1605 608/1/1606 606/1/1605
f 606/1/1605 552/1/1605 551/1/1605
f 609/1/1607 607/1/1608 515/1/1609
f 515/1/1609 553/1/1609 609/1/1607
f 554/1/1610 610/1/1611 608/1/1610
f 608/1/1610 551/1/1612 554/1/1610
f 550/1/1613 549/1/1613 609/1/1614
f 609/1/1614 553/1/1615 550/1/1613
f 610/1/1616 554/1/1616 555/1/1617
f 555/1/1617 584/1/1618 610/1/1616
f 611/1/1619 612/1/1619 613/1/1619
f 613/1/1619 614/1/1619 611/1/1619
f 587/1/1620 588/1/1621 615/1/1622
f 615/1/1622 616/1/1623 587/1/1620
f 589/1/1624 617/1/1625 580/1/1626
f 580/1/1626 579/1/1627 589/1/1624
f 591/1/1628 590/1/1629 618/1/1629
f 618/1/1629 619/1/1630 591/1/1628
f 615/1/1631 588/1/1632 592/1/1633
f 592/1/1633 620/1/1634 615/1/1631
f 589/1/1635 593/1/1635 614/1/1635
f 614/1/1635 617/1/1635 589/1/1635
f 618/1/1636 590/1/1636 594/1/1637
f 594/1/1637 621/1/1637 618/1/1636
f 595/1/1638 622/1/1639 620/1/1640
f 620/1/1640 592/1/1641 595/1/1638
f 614/1/1642 593/1/1643 596/1/1643
f 596/1/1643 611/1/1644 614/1/1642
f 623/1/1645 621/1/1646 594/1/1645
f 594/1/1645 597/1/1647 623/1/1645
f 595/1/1648 598/1/1649 624/1/1650
f 624/1/1650 622/1/1651 595/1/1648
f 599/1/1652 625/1/1653 611/1/1653
f 611/1/1653 596/1/1653 599/1/1652
f 600/1/1654 626/1/1655 623/1/1656
f 623/1/1656 597/1/1657 600/1/1654
f 624/1/1658 598/1/1658 601/1/1658
f 601/1/1658 627/1/1659 624/1/1658
f 599/1/1660 602/1/1660 628/1/1661
f 628/1/1661 625/1/1660 599/1/1660
f 603/1/1662 629/1/1662 626/1/1663
f 626/1/1663 600/1/1664 603/1/1662
f 601/1/1665 591/1/1666 619/1/1667
f 619/1/1667 627/1/1668 601/1/1665
f 628/1/1669 602/1/1670 604/1/1671
f 604/1/1671 630/1/1669 628/1/1669
f 631/1/1672 629/1/1673 603/1/1674
f 603/1/1674 605/1/1675 631/1/1672
f 606/1/1676 632/1/1677 630/1/1677
f 630/1/1677 604/1/1677 606/1/1676
f 607/1/1678 633/1/1679 631/1/1680
f 631/1/1680 605/1/1681 607/1/1678
f 606/1/1682 608/1/1683 634/1/1682
f 634/1/1682 632/1/1682 606/1/1682
f 609/1/1684 635/1/1685 633/1/1684
f 633/1/1684 607/1/1686 609/1/1684
f 634/1/1687 608/1/1688 610/1/1689
f 610/1/1689 636/1/1688 634/1/1687
f 609/1/1690 549/1/1691 637/1/1692
f 637/1/1692 635/1/1693 609/1/1690
f 584/1/1694 638/1/1695 636/1/1694
f 636/1/1694 610/1/1695 584/1/1694
f 637/1/1696 549/1/1697 548/1/1696
f 548/1/1696 639/1/1697 637/1/1696
f 584/1/1698 583/1/1699 640/1/1698
f 640/1/1698 638/1/1700 584/1/1698
f 641/1/1701 639/1/1702 548/1/1703
f 548/1/1703 585/1/1703 641/1/1701
f 640/1/1704 583/1/1705 586/1/1706
f 586/1/1706 642/1/1707 640/1/1704
f 641/1/1708 585/1/1709 582/1/1708
f 582/1/1708 581/1/1710 641/1/1708
f 587/1/1711 616/1/1712 642/1/1711
f 642/1/1711 586/1/1711 587/1/1711
f 643/1/1713 644/1/1714 645/1/1713
f 645/1/1713 646/1/1715 643/1/1713
f 623/1/1716 647/1/1716 648/1/1716
f 648/1/1716 621/1/1716 623/1/1716
f 624/1/1717 649/1/1718 650/1/1718
f 650/1/1718 622/1/1718 624/1/1717
f 612/1/1719 611/1/1720 625/1/1720
f 625/1/1720 651/1/1720 612/1/1719
f 623/1/1721 626/1/1722 652/1/1722
f 652/1/1722 647/1/1721 623/1/1721
f 627/1/1723 653/1/1724 649/1/1725
f 649/1/1725 624/1/1724 627/1/1723
f 628/1/1726 646/1/1726 651/1/1727
f 651/1/1727 625/1/1728 628/1/1726
f 652/1/1729 626/1/1729 629/1/1729
f 629/1/1729 654/1/1729 652/1/1729
f 655/1/1730 653/1/1731 627/1/1732
f 627/1/1732 619/1/1731 655/1/1730
f 630/1/1733 643/1/1733 646/1/1734
f 646/1/1734 628/1/1733 630/1/1733
f 631/1/1735 656/1/1736 654/1/1735
f 654/1/1735 629/1/1735 631/1/1735
f 643/1/1737 630/1/1738 632/1/1737
f 632/1/1737 657/1/1737 643/1/1737
f 631/1/1739 633/1/1739 658/1/1739
f 658/1/1739 656/1/1739 631/1/1739
f 634/1/1740 659/1/1741 657/1/1741
f 657/1/1741 632/1/1741 634/1/1740
f 658/1/1742 633/1/1742 635/1/1743
f 635/1/1743 660/1/1742 658/1/1742
f 636/1/1744 661/1/1745 659/1/1745
f 659/1/1745 634/1/1745 636/1/1744
f 637/1/1746 662/1/1746 660/1/1747
f 660/1/1747 635/1/1746 637/1/1746
f 661/1/1748 636/1/1749 638/1/1749
f 638/1/1749 663/1/1749 661/1/1748
f 639/1/1750 664/1/1750 662/1/1750
f 662/1/1750 637/1/1750 639/1/1750
f 640/1/1751 665/1/1752 663/1/1753
f 663/1/1753 638/1/1751 640/1/1751
f 639/1/1754 641/1/1754 666/1/1754
f 666/1/1754 664/1/1754 639/1/1754
f 642/1/1755 667/1/1756 665/1/1757
f 665/1/1757 640/1/1755 642/1/1755
f 668/1/1758 666/1/1758 641/1/1758
f 641/1/1758 581/1/1758 668/1/1758
f 667/1/1759 642/1/1760 616/1/1760
f 616/1/1760 669/1/1761 667/1/1759
f 668/1/1762 581/1/1762 580/1/1763
f 580/1/1763 670/1/1763 668/1/1762
f 615/1/1764 671/1/1764 669/1/1765
f 669/1/1765 616/1/1764 615/1/1764
f 670/1/1766 580/1/1767 617/1/1766
f 617/1/1766 672/1/1766 670/1/1766
f 618/1/1768 673/1/1768 655/1/1769
f 655/1/1769 619/1/1769 618/1/1768
f 620/1/1770 674/1/1771 671/1/1771
f 671/1/1771 615/1/1770 620/1/1770
f 614/1/1772 613/1/1773 672/1/1774
f 672/1/1774 617/1/1773 614/1/1772
f 673/1/1775 618/1/1775 621/1/1775
f 621/1/1775 648/1/1775 673/1/1775
f 674/1/1776 620/1/1776 622/1/1776
f 622/1/1776 650/1/1776 674/1/1776
f 675/1/1777 676/1/1778 677/1/1779
f 677/1/1779 678/1/1780 675/1/1777
f 679/1/1781 654/1/1782 656/1/1783
f 656/1/1783 680/1/1784 679/1/1781
f 657/1/1785 681/1/1786 644/1/1787
f 644/1/1787 643/1/1785 657/1/1785
f 658/1/1788 682/1/1789 680/1/1790
f 680/1/1790 656/1/1791 658/1/1788
f 681/1/1792 657/1/1792 659/1/1792
f 659/1/1792 678/1/1793 681/1/1792
f 660/1/1794 683/1/1794 682/1/1795
f 682/1/1795 658/1/1794 660/1/1794
f 661/1/1796 675/1/1797 678/1/1797
f 678/1/1797 659/1/1797 661/1/1796
f 683/1/1798 660/1/1799 662/1/1800
f 662/1/1800 684/1/1801 683/1/1798
f 663/1/1802 685/1/1803 675/1/1804
f 675/1/1804 661/1/1805 663/1/1802
f 664/1/1806 686/1/1807 684/1/1808
f 684/1/1808 662/1/1809 664/1/1806
f 685/1/1810 663/1/1810 665/1/1810
f 665/1/1810 687/1/1810 685/1/1810
f 666/1/1811 688/1/1812 686/1/1813
f 686/1/1813 664/1/1814 666/1/1811
f 667/1/1815 689/1/1815 687/1/1816
f 687/1/1816 665/1/1817 667/1/1815
f 688/1/1818 666/1/1819 668/1/1820
f 668/1/1820 690/1/1821 688/1/1818
f 669/1/1822 691/1/1823 689/1/1824
f 689/1/1824 667/1/1825 669/1/1822
f 670/1/1826 692/1/1827 690/1/1828
f 690/1/1828 668/1/1829 670/1/1826
f 691/1/1830 669/1/1831 671/1/1831
f 671/1/1831 693/1/1832 691/1/1830
f 672/1/1833 694/1/1833 692/1/1834
f 692/1/1834 670/1/1835 672/1/1833
f 655/1/1836 673/1/1836 695/1/1837
f 695/1/1837 696/1/1837 655/1/1836
f 674/1/1838 697/1/1839 693/1/1840
f 693/1/1840 671/1/1840 674/1/1838
f 694/1/1841 672/1/1842 613/1/1843
f 613/1/1843 698/1/1844 694/1/1841
f 648/1/1845 699/1/1846 695/1/1846
f 695/1/1846 673/1/1846 648/1/1845
f 650/1/1847 700/1/1848 697/1/1849
f 697/1/1849 674/1/1850 650/1/1847
f 612/1/1851 701/1/1852 698/1/1851
f 698/1/1851 613/1/1851 612/1/1851
f 699/1/1853 648/1/1854 647/1/1854
f 647/1/1854 702/1/1854 699/1/1853
f 700/1/1855 650/1/1856 649/1/1855
f 649/1/1855 703/1/1857 700/1/1855
f 651/1/1858 704/1/1859 701/1/1858
f 701/1/1858 612/1/1860 651/1/1858
f 652/1/1861 705/1/1862 702/1/1863
f 702/1/1863 647/1/1864 652/1/1861
f 653/1/1865 706/1/1866 703/1/1865
f 703/1/1865 649/1/1867 653/1/1865
f 704/1/1868 651/1/1869 646/1/1868
f 646/1/1868 645/1/1870 704/1/1868
f 654/1/1871 679/1/1872 705/1/1873
f 705/1/1873 652/1/1872 654/1/1871
f 696/1/1874 706/1/1875 653/1/1874
f 653/1/1874 655/1/1874 696/1/1874
f 707/1/1876 708/1/1877 709/1/1878
f 709/1/1878 710/1/1879 707/1/1876
f 684/1/1880 711/1/1881 712/1/1881
f 712/1/1881 683/1/1880 684/1/1880
f 685/1/1882 713/1/1883 676/1/1882
f 676/1/1882 675/1/1882 685/1/1882
f 686/1/1884 714/1/1885 711/1/1884
f 711/1/1884 684/1/1886 686/1/1884
f 687/1/1887 710/1/1888 713/1/1887
f 713/1/1887 685/1/1889 687/1/1887
f 715/1/1890 714/1/1891 686/1/1891
f 686/1/1891 688/1/1891 715/1/1890
f 689/1/1892 707/1/1893 710/1/1894
f 710/1/1894 687/1/1894 689/1/1892
f 690/1/1895 716/1/1896 715/1/1895
f 715/1/1895 688/1/1897 690/1/1895
f 717/1/1898 707/1/1898 689/1/1898
f 689/1/1898 691/1/1899 717/1/1898
f 716/1/1900 690/1/1901 692/1/1900
f 692/1/1900 718/1/1902 716/1/1900
f 719/1/1903 717/1/1904 691/1/1905
f 691/1/1905 693/1/1904 719/1/1903
f 694/1/1906 720/1/1907 718/1/1908
f 718/1/1908 692/1/1909 694/1/1906
f 721/1/1910 696/1/1910 695/1/1911
f 695/1/1911 722/1/1912 721/1/1910
f 723/1/1913 719/1/1914 693/1/1913
f 693/1/1913 697/1/1915 723/1/1913
f 698/1/1916 724/1/1917 720/1/1916
f 720/1/1916 694/1/1918 698/1/1916
f 722/1/1919 695/1/1920 699/1/1919
f 699/1/1919 725/1/1921 722/1/1919
f 723/1/1922 697/1/1923 700/1/1922
f 700/1/1922 726/1/1924 723/1/1922
f 701/1/1925 727/1/1925 724/1/1926
f 724/1/1926 698/1/1927 701/1/1925
f 702/1/1928 728/1/1929 725/1/1930
f 725/1/1930 699/1/1931 702/1/1928
f 703/1/1932 729/1/1933 726/1/1933
f 726/1/1933 700/1/1934 703/1/1932
f 704/1/1935 730/1/1935 727/1/1936
f 727/1/1936 701/1/1935 704/1/1935
f 728/1/1937 702/1/1937 705/1/1938
f 705/1/1938 731/1/1937 728/1/1937
f 706/1/1939 732/1/1940 729/1/1941
f 729/1/1941 703/1/1941 706/1/1939
f 645/1/1942 733/1/1943 730/1/1942
f 730/1/1942 704/1/1942 645/1/1942
f 679/1/1944 734/1/1945 731/1/1944
f 731/1/1944 705/1/1946 679/1/1944
f 721/1/1947 732/1/1947 706/1/1947
f 706/1/1947 696/1/1947 721/1/1947
f 644/1/1948 735/1/1949 733/1/1948
f 733/1/1948 645/1/1948 644/1/1948
f 680/1/1950 736/1/1951 734/1/1950
f 734/1/1950 679/1/1952 680/1/1950
f 681/1/1953 737/1/1954 735/1/1955
f 735/1/1955 644/1/1955 681/1/1953
f 736/1/1956 680/1/1957 682/1/1957
f 682/1/1957 738/1/1957 736/1/1956
f 678/1/1958 677/1/1959 737/1/1958
f 737/1/1958 681/1/1960 678/1/1958
f 712/1/1961 738/1/1961 682/1/1961
f 682/1/1961 683/1/1962 712/1/1961
f 739/1/1963 740/1/1964 741/1/1963
f 741/1/1963 742/1/1965 739/1/1963
f 743/1/1966 744/1/1967 715/1/1966
f 715/1/1966 716/1/1966 743/1/1966
f 745/1/1968 708/1/1969 707/1/1970
f 707/1/1970 717/1/1969 745/1/1968
f 718/1/1971 746/1/1971 743/1/1971
f 743/1/1971 716/1/1971 718/1/1971
f 747/1/1972 745/1/1973 717/1/1974
f 717/1/1974 719/1/1975 747/1/1972
f 720/1/1976 748/1/1977 746/1/1976
f 746/1/1976 718/1/1977 720/1/1976
f 721/1/1978 722/1/1978 749/1/1978
f 749/1/1978 750/1/1978 721/1/1978
f 723/1/1979 751/1/1980 747/1/1981
f 747/1/1981 719/1/1979 723/1/1979
f 748/1/1982 720/1/1982 724/1/1982
f 724/1/1982 752/1/1982 748/1/1982
f 725/1/1983 753/1/1984 749/1/1983
f 749/1/1983 722/1/1983 725/1/1983
f 751/1/1985 723/1/1985 726/1/1986
f 726/1/1986 754/1/1985 751/1/1985
f 727/1/1987 755/1/1987 752/1/1987
f 752/1/1987 724/1/1987 727/1/1987
f 728/1/1988 756/1/1989 753/1/1989
f 753/1/1989 725/1/1989 728/1/1988
f 757/1/1990 754/1/1990 726/1/1990
f 726/1/1990 729/1/1990 757/1/1990
f 740/1/1991 755/1/1992 727/1/1993
f 727/1/1993 730/1/1992 740/1/1991
f 731/1/1994 758/1/1995 756/1/1994
f 756/1/1994 728/1/1994 731/1/1994
f 732/1/1996 759/1/1996 757/1/1996
f 757/1/1996 729/1/1996 732/1/1996
f 740/1/1997 730/1/1998 733/1/1998
f 733/1/1998 741/1/1998 740/1/1997
f 734/1/1999 760/1/1999 758/1/2000
f 758/1/2000 731/1/1999 734/1/1999
f 750/1/2001 759/1/2002 732/1/2002
f 732/1/2002 721/1/2002 750/1/2001
f 735/1/2003 761/1/2003 741/1/2004
f 741/1/2004 733/1/2003 735/1/2003
f 760/1/2005 734/1/2005 736/1/2005
f 736/1/2005 762/1/2005 760/1/2005
f 761/1/2006 735/1/2007 737/1/2007
f 737/1/2007 763/1/2007 761/1/2006
f 738/1/2008 764/1/2008 762/1/2008
f 762/1/2008 736/1/2008 738/1/2008
f 763/1/2009 737/1/2010 677/1/2011
f 677/1/2011 765/1/2010 763/1/2009
f 766/1/2012 764/1/2012 738/1/2012
f 738/1/2012 712/1/2012 766/1/2012
f 767/1/2013 765/1/2014 677/1/2015
f 677/1/2015 676/1/2014 767/1/2013
f 768/1/2016 766/1/2016 712/1/2017
f 712/1/2017 711/1/2018 768/1/2016
f 713/1/2019 769/1/2020 767/1/2021
f 767/1/2021 676/1/2022 713/1/2019
f 714/1/2023 770/1/2023 768/1/2023
f 768/1/2023 711/1/2023 714/1/2023
f 769/1/2024 713/1/2025 710/1/2026
f 710/1/2026 709/1/2027 769/1/2024
f 714/1/2028 715/1/2028 744/1/2028
f 744/1/2028 770/1/2028 714/1/2028
f 771/1/2029 772/1/2030 773/1/2030
f 773/1/2030 774/1/2030 771/1/2029
f 760/1/2031 775/1/2032 776/1/2033
f 776/1/2033 758/1/2033 760/1/2031
f 759/1/2034 750/1/2035 777/1/2034
f 777/1/2034 778/1/2036 759/1/2034
f 779/1/2037 742/1/2038 741/1/2039
f 741/1/2039 761/1/2037 779/1/2037
f 760/1/2040 762/1/2040 780/1/2040
f 780/1/2040 775/1/2041 760/1/2040
f 763/1/2042 772/1/2043 779/1/2044
f 779/1/2044 761/1/2045 763/1/2042
f 781/1/2046 780/1/2046 762/1/2046
f 762/1/2046 764/1/2047 781/1/2046
f 765/1/2048 773/1/2048 772/1/2048
f 772/1/2048 763/1/2049 765/1/2048
f 766/1/2050 782/1/2051 781/1/2052
f 781/1/2052 764/1/2053 766/1/2050
f 773/1/2054 765/1/2055 767/1/2056
f 767/1/2056 783/1/2057 773/1/2054
f 768/1/2058 784/1/2059 782/1/2060
f 782/1/2060 766/1/2060 768/1/2058
f 769/1/2061 785/1/2062 783/1/2063
f 783/1/2063 767/1/2064 769/1/2061
f 768/1/2065 770/1/2066 786/1/2066
f 786/1/2066 784/1/2067 768/1/2065
f 769/1/2068 709/1/2069 787/1/2070
f 787/1/2070 785/1/2071 769/1/2068
f 744/1/2072 788/1/2073 786/1/2073
f 786/1/2073 770/1/2073 744/1/2072
f 789/1/2074 787/1/2075 709/1/2076
f 709/1/2076 708/1/2077 789/1/2074
f 790/1/2078 788/1/2079 744/1/2080
f 744/1/2080 743/1/2080 790/1/2078
f 789/1/2081 708/1/2082 745/1/2083
f 745/1/2083 791/1/2082 789/1/2081
f 792/1/2084 790/1/2085 743/1/2084
f 743/1/2084 746/1/2086 792/1/2084
f 747/1/2087 793/1/2088 791/1/2089
f 791/1/2089 745/1/2090 747/1/2087
f 746/1/2091 748/1/2091 794/1/2091
f 794/1/2091 792/1/2092 746/1/2091
f 795/1/2093 777/1/2093 750/1/2093
f 750/1/2093 749/1/2094 795/1/2093
f 747/1/2095 751/1/2096 796/1/2096
f 796/1/2096 793/1/2097 747/1/2095
f 794/1/2098 748/1/2099 752/1/2100
f 752/1/2100 797/1/2101 794/1/2098
f 795/1/2102 749/1/2103 753/1/2102
f 753/1/2102 798/1/2104 795/1/2102
f 754/1/2105 799/1/2106 796/1/2107
f 796/1/2107 751/1/2106 754/1/2105
f 752/1/2108 755/1/2109 800/1/2109
f 800/1/2109 797/1/2109 752/1/2108
f 753/1/2110 756/1/2111 801/1/2112
f 801/1/2112 798/1/2112 753/1/2110
f 802/1/2113 799/1/2114 754/1/2115
f 754/1/2115 757/1/2116 802/1/2113
f 740/1/2117 739/1/2118 800/1/2117
f 800/1/2117 755/1/2117 740/1/2117
f 776/1/2119 801/1/2120 756/1/2121
f 756/1/2121 758/1/2122 776/1/2119
f 778/1/2123 802/1/2124 757/1/2125
f 757/1/2125 759/1/2126 778/1/2123
f 803/1/2127 804/1/2128 805/1/2127
f 805/1/2127 806/1/2127 803/1/2127
f 807/1/2129 781/1/2130 782/1/2129
f 782/1/2129 808/1/2131 807/1/2129
f 773/1/2132 783/1/2133 809/1/2132
f 809/1/2132 774/1/2134 773/1/2132
f 810/1/2135 808/1/2136 782/1/2137
f 782/1/2137 784/1/2138 810/1/2135
f 804/1/2139 809/1/2140 783/1/2139
f 783/1/2139 785/1/2139 804/1/2139
f 784/1/2141 786/1/2142 811/1/2142
f 811/1/2142 810/1/2143 784/1/2141
f 787/1/2144 805/1/2145 804/1/2146
f 804/1/2146 785/1/2147 787/1/2144
f 812/1/2148 811/1/2149 786/1/2150
f 786/1/2150 788/1/2151 812/1/2148
f 789/1/2152 813/1/2153 805/1/2152
f 805/1/2152 787/1/2154 789/1/2152
f 790/1/2155 814/1/2156 812/1/2155
f 812/1/2155 788/1/2157 790/1/2155
f 813/1/2158 789/1/2159 791/1/2160
f 791/1/2160 815/1/2161 813/1/2158
f 792/1/2162 816/1/2162 814/1/2163
f 814/1/2163 790/1/2164 792/1/2162
f 815/1/2165 791/1/2166 793/1/2167
f 793/1/2167 817/1/2168 815/1/2165
f 816/1/2169 792/1/2170 794/1/2170
f 794/1/2170 818/1/2171 816/1/2169
f 819/1/2172 820/1/2173 777/1/2173
f 777/1/2173 795/1/2173 819/1/2172
f 793/1/2174 796/1/2175 821/1/2176
f 821/1/2176 817/1/2177 793/1/2174
f 822/1/2178 818/1/2179 794/1/2180
f 794/1/2180 797/1/2181 822/1/2178
f 823/1/2182 819/1/2183 795/1/2184
f 795/1/2184 798/1/2185 823/1/2182
f 824/1/2186 821/1/2186 796/1/2186
f 796/1/2186 799/1/2186 824/1/2186
f 797/1/2187 800/1/2188 825/1/2189
f 825/1/2189 822/1/2187 797/1/2187
f 801/1/2190 826/1/2191 823/1/2192
f 823/1/2192 798/1/2192 801/1/2190
f 802/1/2193 827/1/2194 824/1/2195
f 824/1/2195 799/1/2196 802/1/2193
f 828/1/2197 825/1/2198 800/1/2197
f 800/1/2197 739/1/2199 828/1/2197
f 826/1/2200 801/1/2201 776/1/2202
f 776/1/2202 829/1/2200 826/1/2200
f 778/1/2203 830/1/2204 827/1/2203
f 827/1/2203 802/1/2203 778/1/2203
f 742/1/2205 831/1/2206 828/1/2207
f 828/1/2207 739/1/2207 742/1/2205
f 832/1/2208 829/1/2209 776/1/2208
f 776/1/2208 775/1/2210 832/1/2208
f 830/1/2211 778/1/2211 777/1/2212
f 777/1/2212 820/1/2211 830/1/2211
f 779/1/2213 833/1/2214 831/1/2213
f 831/1/2213 742/1/2213 779/1/2213
f 780/1/2215 834/1/2216 832/1/2217
f 832/1/2217 775/1/2218 780/1/2215
f 833/1/2219 779/1/2219 772/1/2220
f 772/1/2220 771/1/2219 833/1/2219
f 781/1/2221 807/1/2222 834/1/2221
f 834/1/2221 780/1/2221 781/1/2221
f 835/1/2223 836/1/2224 837/1/2224
f 835/1/2223 837/1/2224 838/1/2225
f 838/1/2225 839/1/2224 840/1/2224
f 838/1/2225 840/1/2224 841/1/2226
f 835/1/2223 838/1/2225 841/1/2226
f 841/1/2226 842/1/2224 843/1/2227
f 841/1/2226 843/1/2227 844/1/2228
f 845/1/2224 846/1/2224 847/1/2229
f 844/1/2228 845/1/2224 847/1/2229
f 841/1/2226 844/1/2228 847/1/2229
f 835/1/2223 841/1/2226 847/1/2229
f 847/1/2229 848/1/2224 849/1/2224
f 847/1/2229 849/1/2224 850/1/2230
f 851/1/2231 852/1/2232 853/1/2233
f 850/1/2230 851/1/2231 853/1/2233
f 847/1/2229 850/1/2230 853/1/2233
f 835/1/2223 847/1/2229 853/1/2233
f 853/1/2233 854/1/2234 855/1/2235
f 853/1/2233 855/1/2235 856/1/2235
f 853/1/2233 856/1/2235 803/1/2236
f 835/1/2223 853/1/2233 803/1/2236
f 857/1/2224 858/1/2224 859/1/2224
f 806/1/2224 857/1/2224 859/1/2224
f 803/1/2236 806/1/2224 859/1/2224
f 803/1/2236 859/1/2224 860/1/2228
f 835/1/2223 803/1/2236 860/1/2228
f 860/1/2228 861/1/2224 862/1/2224
f 860/1/2228 862/1/2224 863/1/2237
f 860/1/2228 863/1/2237 864/1/2224
f 835/1/2223 860/1/2228 864/1/2224
f 812/1/2238 845/1/2238 844/1/2238
f 844/1/2238 811/1/2238 812/1/2238
f 857/1/2239 806/1/2240 805/1/2240
f 805/1/2240 813/1/2241 857/1/2239
f 845/1/2242 812/1/2242 814/1/2242
f 814/1/2242 846/1/2242 845/1/2242
f 813/1/2243 815/1/2244 858/1/2244
f 858/1/2244 857/1/2244 813/1/2243
f 847/1/2245 846/1/2245 814/1/2245
f 814/1/2245 816/1/2245 847/1/2245
f 859/1/2246 858/1/2246 815/1/2247
f 815/1/2247 817/1/2248 859/1/2246
f 816/1/2249 818/1/2250 848/1/2249
f 848/1/2249 847/1/2249 816/1/2249
f 835/1/2251 864/1/2251 820/1/2251
f 820/1/2251 819/1/2252 835/1/2251
f 821/1/2253 860/1/2253 859/1/2254
f 859/1/2254 817/1/2253 821/1/2253
f 849/1/2255 848/1/2255 818/1/2256
f 818/1/2256 822/1/2255 849/1/2255
f 819/1/2257 823/1/2257 836/1/2257
f 836/1/2257 835/1/2258 819/1/2257
f 824/1/2259 861/1/2260 860/1/2260
f 860/1/2260 821/1/2260 824/1/2259
f 825/1/2261 850/1/2261 849/1/2261
f 849/1/2261 822/1/2261 825/1/2261
f 837/1/2262 836/1/2263 823/1/2264
f 823/1/2264 826/1/2262 837/1/2262
f 861/1/2265 824/1/2266 827/1/2266
f 827/1/2266 862/1/2267 861/1/2265
f 828/1/2268 851/1/2269 850/1/2270
f 850/1/2270 825/1/2270 828/1/2268
f 829/1/2271 838/1/2271 837/1/2272
f 837/1/2272 826/1/2271 829/1/2271
f 863/1/2273 862/1/2273 827/1/2273
f 827/1/2273 830/1/2273 863/1/2273
f 851/1/2274 828/1/2274 831/1/2275
f 831/1/2275 852/1/2275 851/1/2274
f 832/1/2276 839/1/2276 838/1/2276
f 838/1/2276 829/1/2276 832/1/2276
f 820/1/2277 864/1/2277 863/1/2277
f 863/1/2277 830/1/2278 820/1/2277
f 853/1/2279 852/1/2279 831/1/2280
f 831/1/2280 833/1/2281 853/1/2279
f 839/1/2282 832/1/2282 834/1/2282
f 834/1/2282 840/1/2282 839/1/2282
f 833/1/2283 771/1/2284 854/1/2285
f 854/1/2285 853/1/2284 833/1/2283
f 841/1/2286 840/1/2287 834/1/2287
f 834/1/2287 807/1/2286 841/1/2286
f 855/1/2288 854/1/2289 771/1/2290
f 771/1/2290 774/1/2289 855/1/2288
f 807/1/2291 808/1/2291 842/1/2291
f 842/1/2291 841/1/2291 807/1/2291
f 809/1/2292 856/1/2293 855/1/2293
f 855/1/2293 774/1/2293 809/1/2292
f 843/1/2294 842/1/2294 808/1/2295
f 808/1/2295 810/1/2294 843/1/2294
f 804/1/2296 803/1/2297 856/1/2297
f 856/1/2297 809/1/2296 804/1/2296
f 811/1/2298 844/1/2298 843/1/2298
f 843/1/2298 810/1/2299 811/1/2298
f 865/1/2300 866/1/2300 867/1/2300
f 867/1/2300 868/1/2300 869/1/2300
f 865/1/2300 867/1/2300 869/1/2300
f 869/1/2300 870/1/2300 871/1/2300
f 871/1/2300 872/1/2300 873/1/2300
f 869/1/2300 871/1/2300 873/1/2300
f 865/1/2300 869/1/2300 873/1/2300
f 873/1/2300 874/1/2300 875/1/2300
f 875/1/2300 876/1/2300 877/1/2300
f 873/1/2300 875/1/2300 877/1/2300
f 877/1/2300 878/1/2300 879/1/2300
f 879/1/2300 880/1/2300 881/1/2300
f 877/1/2300 879/1/2300 881/1/2300
f 873/1/2300 877/1/2300 881/1/2300
f 881/1/2300 882/1/2300 883/1/2300
f 883/1/2300 884/1/2300 885/1/2300
f 881/1/2300 883/1/2300 885/1/2300
f 885/1/2300 886/1/2300 887/1/2300
f 887/1/2300 888/1/2300 889/1/2300
f 885/1/2300 887/1/2300 889/1/2300
f 881/1/2300 885/1/2300 889/1/2300
f 873/1/2300 881/1/2300 889/1/2300
f 865/1/2300 873/1/2300 889/1/2300
f 890/1/2300 891/1/2300 892/1/2300
f 889/1/2300 890/1/2300 892/1/2300
f 889/1/2300 892/1/2300 893/1/2300
f 865/1/2300 889/1/2300 893/1/2300
f 894/1/2300 865/1/2300 893/1/2300
f 894/1/2300 893/1/2300 895/1/2300
f 894/1/2300 895/1/2300 896/1/2300
f 897/1/2301 898/1/2301 899/1/2301
f 899/1/2301 900/1/2301 897/1/2301
f 901/1/2302 889/1/2302 888/1/2303
f 888/1/2303 902/1/2304 901/1/2302
f 874/1/2305 903/1/2306 904/1/2305
f 904/1/2305 875/1/2305 874/1/2305
f 888/1/2307 887/1/2307 905/1/2308
f 905/1/2308 902/1/2309 888/1/2307
f 873/1/2310 906/1/2311 903/1/2310
f 903/1/2310 874/1/2310 873/1/2310
f 886/1/2312 907/1/2313 905/1/2314
f 905/1/2314 887/1/2315 886/1/2312
f 872/1/2316 908/1/2317 906/1/2318
f 906/1/2318 873/1/2316 872/1/2316
f 885/1/2319 909/1/2319 907/1/2320
f 907/1/2320 886/1/2321 885/1/2319
f 871/1/2322 910/1/2322 908/1/2322
f 908/1/2322 872/1/2323 871/1/2322
f 884/1/2324 911/1/2324 909/1/2324
f 909/1/2324 885/1/2324 884/1/2324
f 870/1/2325 912/1/2326 910/1/2325
f 910/1/2325 871/1/2325 870/1/2325
f 883/1/2327 913/1/2328 911/1/2329
f 911/1/2329 884/1/2330 883/1/2327
f 914/1/2331 865/1/2332 894/1/2331
f 894/1/2331 915/1/2332 914/1/2331
f 869/1/2333 916/1/2334 912/1/2335
f 912/1/2335 870/1/2335 869/1/2333
f 882/1/2336 917/1/2337 913/1/2338
f 913/1/2338 883/1/2338 882/1/2336
f 915/1/2339 894/1/2340 896/1/2339
f 896/1/2339 918/1/2341 915/1/2339
f 868/1/2342 919/1/2342 916/1/2342
f 916/1/2342 869/1/2343 868/1/2342
f 881/1/2344 920/1/2345 917/1/2344
f 917/1/2344 882/1/2345 881/1/2344
f 918/1/2346 896/1/2347 895/1/2348
f 895/1/2348 900/1/2349 918/1/2346
f 867/1/2350 921/1/2351 919/1/2352
f 919/1/2352 868/1/2353 867/1/2350
f 880/1/2354 922/1/2355 920/1/2356
f 920/1/2356 881/1/2354 880/1/2354
f 895/1/2357 893/1/2358 897/1/2359
f 897/1/2359 900/1/2359 895/1/2357
f 866/1/2360 923/1/2361 921/1/2362
f 921/1/2362 867/1/2363 866/1/2360
f 879/1/2364 924/1/2365 922/1/2366
f 922/1/2366 880/1/2365 879/1/2364
f 892/1/2367 925/1/2368 897/1/2369
f 897/1/2369 893/1/2367 892/1/2367
f 866/1/2370 865/1/2371 914/1/2371
f 914/1/2371 923/1/2372 866/1/2370
f 878/1/2373 926/1/2374 924/1/2375
f 924/1/2375 879/1/2375 878/1/2373
f 927/1/2376 925/1/2377 892/1/2378
f 892/1/2378 891/1/2379 927/1/2376
f 877/1/2380 928/1/2381 926/1/2382
f 926/1/2382 878/1/2383 877/1/2380
f 890/1/2384 929/1/2385 927/1/2386
f 927/1/2386 891/1/2384 890/1/2384
f 876/1/2387 930/1/2388 928/1/2387
f 928/1/2387 877/1/2389 876/1/2387
f 901/1/2390 929/1/2391 890/1/2391
f 890/1/2391 889/1/2391 901/1/2390
f 875/1/2392 904/1/2393 930/1/2392
f 930/1/2392 876/1/2392 875/1/2392
f 931/1/2394 932/1/2394 899/1/2394
f 899/1/2394 898/1/2394 933/1/2394
f 931/1/2394 899/1/2394 933/1/2394
f 933/1/2394 934/1/2394 935/1/2394
f 933/1/2394 935/1/2394 936/1/2394
f 931/1/2394 933/1/2394 936/1/2394
f 931/1/2394 936/1/2394 937/1/2394
f 937/1/2394 938/1/2394 939/1/2394
f 939/1/2394 940/1/2394 941/1/2394
f 937/1/2394 939/1/2394 941/1/2394
f 941/1/2394 942/1/2394 943/1/2394
f 943/1/2394 944/1/2394 945/1/2394
f 941/1/2394 943/1/2394 945/1/2394
f 937/1/2394 941/1/2394 945/1/2394
f 945/1/2394 946/1/2394 947/1/2394
f 947/1/2394 948/1/2394 949/1/2394
f 945/1/2394 947/1/2394 949/1/2394
f 949/1/2394 950/1/2394 951/1/2394
f 951/1/2394 952/1/2394 953/1/2394
f 949/1/2394 951/1/2394 953/1/2394
f 945/1/2394 949/1/2394 953/1/2394
f 937/1/2394 945/1/2394 953/1/2394
f 953/1/2394 954/1/2394 955/1/2394
f 955/1/2394 956/1/2394 957/1/2394
f 953/1/2394 955/1/2394 957/1/2394
f 957/1/2394 958/1/2394 959/1/2394
f 957/1/2394 959/1/2394 960/1/2394
f 953/1/2394 957/1/2394 960/1/2394
f 937/1/2394 953/1/2394 960/1/2394
f 931/1/2394 937/1/2394 960/1/2394
f 923/1/2395 959/1/2395 958/1/2396
f 958/1/2396 921/1/2397 923/1/2395
f 924/1/2398 946/1/2399 945/1/2400
f 945/1/2400 922/1/2400 924/1/2398
f 925/1/2401 933/1/2401 898/1/2401
f 898/1/2401 897/1/2401 925/1/2401
f 923/1/2402 914/1/2402 960/1/2402
f 960/1/2402 959/1/2402 923/1/2402
f 926/1/2403 947/1/2403 946/1/2404
f 946/1/2404 924/1/2404 926/1/2403
f 927/1/2405 934/1/2405 933/1/2405
f 933/1/2405 925/1/2405 927/1/2405
f 928/1/2406 948/1/2406 947/1/2406
f 947/1/2406 926/1/2406 928/1/2406
f 929/1/2407 935/1/2408 934/1/2407
f 934/1/2407 927/1/2408 929/1/2407
f 930/1/2409 949/1/2410 948/1/2409
f 948/1/2409 928/1/2411 930/1/2409
f 901/1/2412 936/1/2412 935/1/2412
f 935/1/2412 929/1/2413 901/1/2412
f 904/1/2414 950/1/2414 949/1/2414
f 949/1/2414 930/1/2414 904/1/2414
f 902/1/2415 937/1/2416 936/1/2415
f 936/1/2415 901/1/2417 902/1/2415
f 903/1/2418 951/1/2418 950/1/2418
f 950/1/2418 904/1/2419 903/1/2418
f 905/1/2420 938/1/2421 937/1/2420
f 937/1/2420 902/1/2421 905/1/2420
f 906/1/2422 952/1/2422 951/1/2422
f 951/1/2422 903/1/2423 906/1/2422
f 907/1/2424 939/1/2424 938/1/2424
f 938/1/2424 905/1/2424 907/1/2424
f 908/1/2425 953/1/2425 952/1/2425
f 952/1/2425 906/1/2426 908/1/2425
f 909/1/2427 940/1/2428 939/1/2427
f 939/1/2427 907/1/2429 909/1/2427
f 910/1/2430 954/1/2430 953/1/2430
f 953/1/2430 908/1/2431 910/1/2430
f 911/1/2432 941/1/2432 940/1/2432
f 940/1/2432 909/1/2432 911/1/2432
f 912/1/2433 955/1/2433 954/1/2433
f 954/1/2433 910/1/2433 912/1/2433
f 913/1/2434 942/1/2434 941/1/2434
f 941/1/2434 911/1/2434 913/1/2434
f 915/1/2435 931/1/2435 960/1/2435
f 960/1/2435 914/1/2435 915/1/2435
f 916/1/2436 956/1/2436 955/1/2436
f 955/1/2436 912/1/2436 916/1/2436
f 917/1/2437 943/1/2438 942/1/2438
f 942/1/2438 913/1/2438 917/1/2437
f 918/1/2439 932/1/2440 931/1/2440
f 931/1/2440 915/1/2439 918/1/2439
f 919/1/2441 957/1/2441 956/1/2441
f 956/1/2441 916/1/2441 919/1/2441
f 920/1/2442 944/1/2443 943/1/2442
f 943/1/2442 917/1/2443 920/1/2442
f 900/1/2444 899/1/2445 932/1/2444
f 932/1/2444 918/1/2446 900/1/2444
f 921/1/2447 958/1/2448 957/1/2447
f 957/1/2447 919/1/2448 921/1/2447
f 922/1/2449 945/1/2450 944/1/2449
f 944/1/2449 920/1/2450 922/1/2449
f 961/1/2300 962/1/2300 963/1/2300
f 963/1/2300 964/1/2300 965/1/2300
f 961/1/2300 963/1/2300 965/1/2300
f 965/1/2300 966/1/2300 967/1/2300
f 967/1/2300 968/1/2300 969/1/2300
f 965/1/2300 967/1/2300 969/1/2300
f 961/1/2300 965/1/2300 969/1/2300
f 969/1/2300 970/1/2300 971/1/2300
f 971/1/2300 972/1/2300 973/1/2300
f 969/1/2300 971/1/2300 973/1/2300
f 973/1/2300 974/1/2300 975/1/2300
f 975/1/2300 976/1/2300 977/1/2300
f 973/1/2300 975/1/2300 977/1/2300
f 969/1/2300 973/1/2300 977/1/2300
f 977/1/2300 978/1/2300 979/1/2300
f 979/1/2300 980/1/2300 981/1/2300
f 977/1/2300 979/1/2300 981/1/2300
f 981/1/2300 982/1/2300 983/1/2300
f 983/1/2300 984/1/2300 985/1/2300
f 981/1/2300 983/1/2300 985/1/2300
f 977/1/2300 981/1/2300 985/1/2300
f 969/1/2300 977/1/2300 985/1/2300
f 961/1/2300 969/1/2300 985/1/2300
f 986/1/2300 987/1/2300 988/1/2300
f 985/1/2300 986/1/2300 988/1/2300
f 985/1/2300 988/1/2300 989/1/2300
f 961/1/2300 985/1/2300 989/1/2300
f 990/1/2300 961/1/2300 989/1/2300
f 990/1/2300 989/1/2300 991/1/2300
f 990/1/2300 991/1/2300 992/1/2300
f 993/1/2394 994/1/2394 995/1/2394
f 995/1/2394 996/1/2394 997/1/2394
f 993/1/2394 995/1/2394 997/1/2394
f 997/1/2394 998/1/2394 999/1/2394
f 999/1/2394 1000/1/2394 1001/1/2394
f 997/1/2394 999/1/2394 1001/1/2394
f 993/1/2394 997/1/2394 1001/1/2394
f 1001/1/2394 1002/1/2394 1003/1/2394
f 1003/1/2394 1004/1/2394 1005/1/2394
f 1001/1/2394 1003/1/2394 1005/1/2394
f 1005/1/2394 1006/1/2394 1007/1/2394
f 1007/1/2394 1008/1/2394 1009/1/2394
f 1005/1/2394 1007/1/2394 1009/1/2394
f 1001/1/2394 1005/1/2394 1009/1/2394
f 993/1/2394 1001/1/2394 1009/1/2394
f 1009/1/2394 1010/1/2394 1011/1/2394
f 1011/1/2394 1012/1/2394 1013/1/2394
f 1009/1/2394 1011/1/2394 1013/1/2394
f 1013/1/2394 1014/1/2394 1015/1/2394
f 1015/1/2394 1016/1/2394 1017/1/2394
f 1013/1/2394 1015/1/2394 1017/1/2394
f 1009/1/2394 1013/1/2394 1017/1/2394
f 1017/1/2394 1018/1/2394 1019/1/2394
f 1019/1/2394 1020/1/2394 1021/1/2394
f 1017/1/2394 1019/1/2394 1021/1/2394
f 1021/1/2394 1022/1/2394 1023/1/2394
f 1021/1/2394 1023/1/2394 1024/1/2394
f 1017/1/2394 1021/1/2394 1024/1/2394
f 1009/1/2394 1017/1/2394 1024/1/2394
f 993/1/2394 1009/1/2394 1024/1/2394
f 986/1/2451 999/1/2452 998/1/2453
f 998/1/2453 987/1/2454 986/1/2451
f 972/1/2455 1013/1/2456 1012/1/2456
f 1012/1/2456 973/1/2457 972/1/2455
f 1000/1/2458 999/1/2459 986/1/2460
f 986/1/2460 985/1/2461 1000/1/2458
f 971/1/2462 1014/1/2463 1013/1/2464
f 1013/1/2464 972/1/2465 971/1/2462
f 1000/1/2466 985/1/2467 984/1/2467
f 984/1/2467 1001/1/2468 1000/1/2466
f 970/1/2469 1015/1/2470 1014/1/2471
f 1014/1/2471 971/1/2472 970/1/2469
f 984/1/2473 983/1/2474 1002/1/2475
f 1002/1/2475 1001/1/2476 984/1/2473
f 969/1/2477 1016/1/2478 1015/1/2477
f 1015/1/2477 970/1/2477 969/1/2477
f 982/1/2479 1003/1/2480 1002/1/2479
f 1002/1/2479 983/1/2481 982/1/2479
f 968/1/2482 1017/1/2483 1016/1/2484
f 1016/1/2484 969/1/2485 968/1/2482
f 981/1/2486 1004/1/2487 1003/1/2488
f 1003/1/2488 982/1/2486 981/1/2486
f 967/1/2489 1018/1/2490 1017/1/2491
f 1017/1/2491 968/1/2491 967/1/2489
f 980/1/2492 1005/1/2493 1004/1/2494
f 1004/1/2494 981/1/2495 980/1/2492
f 966/1/2496 1019/1/2497 1018/1/2498
f 1018/1/2498 967/1/2499 966/1/2496
f 979/1/2500 1006/1/2501 1005/1/2502
f 1005/1/2502 980/1/2503 979/1/2500
f 1024/1/2504 961/1/2505 990/1/2506
f 990/1/2506 993/1/2507 1024/1/2504
f 965/1/2508 1020/1/2509 1019/1/2510
f 1019/1/2510 966/1/2511 965/1/2508
f 978/1/2512 1007/1/2513 1006/1/2514
f 1006/1/2514 979/1/2515 978/1/2512
f 993/1/2516 990/1/2517 992/1/2518
f 992/1/2518 994/1/2519 993/1/2516
f 964/1/2520 1021/1/2520 1020/1/2521
f 1020/1/2521 965/1/2522 964/1/2520
f 977/1/2523 1008/1/2524 1007/1/2525
f 1007/1/2525 978/1/2524 977/1/2523
f 994/1/2526 992/1/2526 991/1/2526
f 991/1/2526 995/1/2527 994/1/2526
f 963/1/2528 1022/1/2529 1021/1/2530
f 1021/1/2530 964/1/2531 963/1/2528
f 976/1/2532 1009/1/2533 1008/1/2532
f 1008/1/2532 977/1/2533 976/1/2532
f 991/1/2534 989/1/2534 996/1/2534
f 996/1/2534 995/1/2535 991/1/2534
f 962/1/2536 1023/1/2537 1022/1/2538
f 1022/1/2538 963/1/2539 962/1/2536
f 975/1/2540 1010/1/2541 1009/1/2542
f 1009/1/2542 976/1/2543 975/1/2540
f 988/1/2544 997/1/2545 996/1/2546
f 996/1/2546 989/1/2547 988/1/2544
f 962/1/2548 961/1/2549 1024/1/2550
f 1024/1/2550 1023/1/2548 962/1/2548
f 974/1/2551 1011/1/2552 1010/1/2553
f 1010/1/2553 975/1/2554 974/1/2551
f 998/1/2555 997/1/2556 988/1/2556
f 988/1/2556 987/1/2556 998/1/2555
f 973/1/2557 1012/1/2558 1011/1/2559
f 1011/1/2559 974/1/2560 973/1/2557
f 1025/1/2300 1026/1/2300 1027/1/2300
f 1027/1/2300 1028/1/2300 1029/1/2300
f 1025/1/2300 1027/1/2300 1029/1/2300
f 1029/1/2300 1030/1/2300 1031/1/2300
f 1031/1/2300 1032/1/2300 1033/1/2300
f 1029/1/2300 1031/1/2300 1033/1/2300
f 1025/1/2300 1029/1/2300 1033/1/2300
f 1033/1/2300 1034/1/2300 1035/1/2300
f 1035/1/2300 1036/1/2300 1037/1/2300
f 1033/1/2300 1035/1/2300 1037/1/2300
f 1037/1/2300 1038/1/2300 1039/1/2300
f 1039/1/2300 1040/1/2300 1041/1/2300
f 1037/1/2300 1039/1/2300 1041/1/2300
f 1033/1/2300 1037/1/2300 1041/1/2300
f 1041/1/2300 1042/1/2300 1043/1/2300
f 1043/1/2300 1044/1/2300 1045/1/2300
f 1041/1/2300 1043/1/2300 1045/1/2300
f 1045/1/2300 1046/1/2300 1047/1/2300
f 1047/1/2300 1048/1/2300 1049/1/2300
f 1045/1/2300 1047/1/2300 1049/1/2300
f 1041/1/2300 1045/1/2300 1049/1/2300
f 1033/1/2300 1041/1/2300 1049/1/2300
f 1025/1/2300 1033/1/2300 1049/1/2300
f 1050/1/2300 1051/1/2300 1052/1/2300
f 1049/1/2300 1050/1/2300 1052/1/2300
f 1049/1/2300 1052/1/2300 1053/1/2300
f 1025/1/2300 1049/1/2300 1053/1/2300
f 1054/1/2300 1025/1/2300 1053/1/2300
f 1054/1/2300 1053/1/2300 1055/1/2300
f 1054/1/2300 1055/1/2300 1056/1/2300
f 1057/1/2561 1058/1/2561 1059/1/2561
f 1059/1/2561 1060/1/2562 1057/1/2561
f 1027/1/2563 1061/1/2564 1062/1/2565
f 1062/1/2565 1028/1/2566 1027/1/2563
f 1040/1/2567 1063/1/2568 1064/1/2569
f 1064/1/2569 1041/1/2570 1040/1/2567
f 1055/1/2571 1053/1/2572 1065/1/2572
f 1065/1/2572 1066/1/2573 1055/1/2571
f 1026/1/2574 1067/1/2574 1061/1/2574
f 1061/1/2574 1027/1/2574 1026/1/2574
f 1039/1/2575 1068/1/2576 1063/1/2576
f 1063/1/2576 1040/1/2577 1039/1/2575
f 1052/1/2578 1069/1/2579 1065/1/2579
f 1065/1/2579 1053/1/2580 1052/1/2578
f 1026/1/2581 1025/1/2582 1070/1/2581
f 1070/1/2581 1067/1/2583 1026/1/2581
f 1038/1/2584 1071/1/2585 1068/1/2586
f 1068/1/2586 1039/1/2587 1038/1/2584
f 1072/1/2588 1069/1/2589 1052/1/2589
f 1052/1/2589 1051/1/2589 1072/1/2588
f 1037/1/2590 1073/1/2590 1071/1/2590
f 1071/1/2590 1038/1/2590 1037/1/2590
f 1050/1/2591 1074/1/2592 1072/1/2591
f 1072/1/2591 1051/1/2593 1050/1/2591
f 1036/1/2594 1075/1/2595 1073/1/2596
f 1073/1/2596 1037/1/2597 1036/1/2594
f 1076/1/2598 1074/1/2599 1050/1/2598
f 1050/1/2598 1049/1/2600 1076/1/2598
f 1035/1/2601 1077/1/2602 1075/1/2603
f 1075/1/2603 1036/1/2604 1035/1/2601
f 1076/1/2605 1049/1/2606 1048/1/2606
f 1048/1/2606 1078/1/2606 1076/1/2605
f 1034/1/2607 1079/1/2608 1077/1/2609
f 1077/1/2609 1035/1/2610 1034/1/2607
f 1048/1/2611 1047/1/2611 1080/1/2612
f 1080/1/2612 1078/1/2613 1048/1/2611
f 1033/1/2614 1060/1/2615 1079/1/2616
f 1079/1/2616 1034/1/2617 1033/1/2614
f 1046/1/2618 1081/1/2618 1080/1/2619
f 1080/1/2619 1047/1/2618 1046/1/2618
f 1032/1/2620 1057/1/2621 1060/1/2622
f 1060/1/2622 1033/1/2621 1032/1/2620
f 1045/1/2623 1082/1/2624 1081/1/2624
f 1081/1/2624 1046/1/2625 1045/1/2623
f 1031/1/2626 1083/1/2627 1057/1/2628
f 1057/1/2628 1032/1/2629 1031/1/2626
f 1044/1/2630 1084/1/2631 1082/1/2632
f 1082/1/2632 1045/1/2630 1044/1/2630
f 1030/1/2633 1085/1/2634 1083/1/2633
f 1083/1/2633 1031/1/2635 1030/1/2633
f 1043/1/2636 1086/1/2637 1084/1/2638
f 1084/1/2638 1044/1/2639 1043/1/2636
f 1070/1/2640 1025/1/2641 1054/1/2642
f 1054/1/2642 1087/1/2643 1070/1/2640
f 1029/1/2644 1088/1/2645 1085/1/2644
f 1085/1/2644 1030/1/2646 1029/1/2644
f 1042/1/2647 1089/1/2647 1086/1/2647
f 1086/1/2647 1043/1/2648 1042/1/2647
f 1087/1/2649 1054/1/2650 1056/1/2649
f 1056/1/2649 1090/1/2649 1087/1/2649
f 1028/1/2651 1062/1/2652 1088/1/2653
f 1088/1/2653 1029/1/2654 1028/1/2651
f 1041/1/2655 1064/1/2656 1089/1/2657
f 1089/1/2657 1042/1/2655 1041/1/2655
f 1090/1/2658 1056/1/2659 1055/1/2660
f 1055/1/2660 1066/1/2661 1090/1/2658
f 1091/1/2394 1092/1/2394 1093/1/2394
f 1093/1/2394 1094/1/2394 1095/1/2394
f 1091/1/2394 1093/1/2394 1095/1/2394
f 1095/1/2394 1096/1/2394 1097/1/2394
f 1095/1/2394 1097/1/2394 1098/1/2394
f 1091/1/2394 1095/1/2394 1098/1/2394
f 1091/1/2394 1098/1/2394 1099/1/2394
f 1099/1/2394 1100/1/2394 1101/1/2394
f 1101/1/2394 1102/1/2394 1103/1/2394
f 1099/1/2394 1101/1/2394 1103/1/2394
f 1103/1/2394 1104/1/2394 1105/1/2394
f 1105/1/2394 1106/1/2394 1107/1/2394
f 1103/1/2394 1105/1/2394 1107/1/2394
f 1099/1/2394 1103/1/2394 1107/1/2394
f 1107/1/2394 1108/1/2394 1109/1/2394
f 1109/1/2394 1110/1/2394 1111/1/2394
f 1107/1/2394 1109/1/2394 1111/1/2394
f 1111/1/2394 1112/1/2394 1113/1/2394
f 1113/1/2394 1059/1/2394 1058/1/2394
f 1111/1/2394 1113/1/2394 1058/1/2394
f 1107/1/2394 1111/1/2394 1058/1/2394
f 1099/1/2394 1107/1/2394 1058/1/2394
f 1058/1/2394 1114/1/2394 1115/1/2394
f 1115/1/2394 1116/1/2394 1117/1/2394
f 1058/1/2394 1115/1/2394 1117/1/2394
f 1117/1/2394 1118/1/2394 1119/1/2394
f 1117/1/2394 1119/1/2394 1120/1/2394
f 1058/1/2394 1117/1/2394 1120/1/2394
f 1099/1/2394 1058/1/2394 1120/1/2394
f 1091/1/2394 1099/1/2394 1120/1/2394
f 1082/1/2428 1102/1/2428 1101/1/2428
f 1101/1/2428 1081/1/2428 1082/1/2428
f 1083/1/2431 1114/1/2431 1058/1/2431
f 1058/1/2431 1057/1/2431 1083/1/2431
f 1084/1/2432 1103/1/2432 1102/1/2432
f 1102/1/2432 1082/1/2432 1084/1/2432
f 1085/1/2662 1115/1/2662 1114/1/2662
f 1114/1/2662 1083/1/2662 1085/1/2662
f 1086/1/2663 1104/1/2663 1103/1/2663
f 1103/1/2663 1084/1/2663 1086/1/2663
f 1087/1/2664 1091/1/2664 1120/1/2664
f 1120/1/2664 1070/1/2664 1087/1/2664
f 1088/1/2665 1116/1/2665 1115/1/2665
f 1115/1/2665 1085/1/2665 1088/1/2665
f 1089/1/2666 1105/1/2666 1104/1/2666
f 1104/1/2666 1086/1/2666 1089/1/2666
f 1090/1/2440 1092/1/2440 1091/1/2440
f 1091/1/2440 1087/1/2440 1090/1/2440
f 1062/1/2667 1117/1/2667 1116/1/2667
f 1116/1/2667 1088/1/2667 1062/1/2667
f 1064/1/2668 1106/1/2668 1105/1/2668
f 1105/1/2668 1089/1/2668 1064/1/2668
f 1066/1/2669 1093/1/2669 1092/1/2446
f 1092/1/2446 1090/1/2669 1066/1/2669
f 1061/1/2447 1118/1/2670 1117/1/2447
f 1117/1/2447 1062/1/2671 1061/1/2447
f 1063/1/2672 1107/1/2672 1106/1/2672
f 1106/1/2672 1064/1/2672 1063/1/2672
f 1065/1/2673 1094/1/2674 1093/1/2673
f 1093/1/2673 1066/1/2674 1065/1/2673
f 1067/1/2675 1119/1/2675 1118/1/2675
f 1118/1/2675 1061/1/2675 1067/1/2675
f 1068/1/2399 1108/1/2399 1107/1/2399
f 1107/1/2399 1063/1/2399 1068/1/2399
f 1069/1/2676 1095/1/2676 1094/1/2676
f 1094/1/2676 1065/1/2676 1069/1/2676
f 1067/1/2677 1070/1/2677 1120/1/2677
f 1120/1/2677 1119/1/2678 1067/1/2677
f 1071/1/2679 1109/1/2679 1108/1/2679
f 1108/1/2679 1068/1/2679 1071/1/2679
f 1072/1/2680 1096/1/2680 1095/1/2680
f 1095/1/2680 1069/1/2680 1072/1/2680
f 1073/1/2681 1110/1/2681 1109/1/2681
f 1109/1/2681 1071/1/2681 1073/1/2681
f 1074/1/2682 1097/1/2682 1096/1/2682
f 1096/1/2682 1072/1/2682 1074/1/2682
f 1075/1/2411 1111/1/2411 1110/1/2411
f 1110/1/2411 1073/1/2411 1075/1/2411
f 1076/1/2683 1098/1/2683 1097/1/2683
f 1097/1/2683 1074/1/2683 1076/1/2683
f 1077/1/2684 1112/1/2684 1111/1/2684
f 1111/1/2684 1075/1/2684 1077/1/2684
f 1078/1/2417 1099/1/2417 1098/1/2417
f 1098/1/2417 1076/1/2417 1078/1/2417
f 1079/1/2685 1113/1/2685 1112/1/2685
f 1112/1/2685 1077/1/2685 1079/1/2685
f 1080/1/2420 1100/1/2420 1099/1/2420
f 1099/1/2420 1078/1/2420 1080/1/2420
f 1060/1/2686 1059/1/2686 1113/1/2686
f 1113/1/2686 1079/1/2686 1060/1/2686
f 1081/1/2687 1101/1/2687 1100/1/2687
f 1100/1/2687 1080/1/2687 1081/1/2687
f 1121/2/2688 1122/3/2688 1123/4/2688
f 1123/4/2688 1124/5/2688 1121/2/2688
f 1122/3/2689 1125/6/2689 1126/7/2689
f 1126/7/2689 1123/4/2689 1122/3/2689
f 1125/6/2690 1127/8/2690 1128/9/2690
f 1128/9/2690 1126/7/2690 1125/6/2690
f 1127/8/2691 1129/10/2691 1130/11/2691
f 1130/11/2691 1128/9/2691 1127/8/2691
f 1131/12/2692 1132/13/2693 1130/11/2693
f 1130/11/2693 1129/10/2694 1131/12/2692
f 1133/14/2695 1132/13/2696 1131/12/2695
f 1131/12/2695 1134/15/2697 1133/14/2695
f 1135/16/2698 1133/14/2698 1134/15/2698
f 1134/15/2698 1136/17/2698 1135/16/2698
f 1137/18/2699 1138/19/2699 1135/16/2699
f 1135/16/2699 1136/17/2699 1137/18/2699
f 1139/20/2700 1138/19/2700 1137/18/2700
f 1137/18/2700 1140/21/2701 1139/20/2700
f 1141/22/2702 1139/20/2703 1140/21/2704
f 1140/21/2704 1142/23/2702 1141/22/2702
f 1143/24/2705 1141/22/2705 1142/23/2705
f 1142/23/2705 1144/25/2705 1143/24/2705
f 1145/26/2706 1146/27/2706 1143/24/2706
f 1143/24/2706 1144/25/2707 1145/26/2706
f 1147/28/2708 1146/27/2708 1145/26/2709
f 1145/26/2709 1148/29/2708 1147/28/2708
f 1149/30/2710 1147/28/2710 1148/29/2710
f 1148/29/2710 1150/31/2710 1149/30/2710
f 1151/32/2711 1149/30/2711 1150/31/2712
f 1150/31/2712 1152/33/2712 1151/32/2711
f 1153/34/2713 1151/32/2713 1152/33/2713
f 1152/33/2713 1154/35/2713 1153/34/2713
f 1155/36/2714 1153/34/2714 1154/35/2715
f 1154/35/2715 1156/37/2714 1155/36/2714
f 1157/38/2716 1155/36/2716 1156/37/2716
f 1156/37/2716 1158/39/2716 1157/38/2716
f 1159/40/2717 1157/38/2717 1158/39/2717
f 1158/39/2717 1160/41/2717 1159/40/2717
f 1161/42/2718 1162/43/2718 1159/40/2718
f 1159/40/2718 1160/41/2718 1161/42/2718
f 1161/42/2719 1163/44/2719 1164/45/2719
f 1164/45/2719 1162/43/2719 1161/42/2719
f 1165/46/2720 1164/45/2720 1163/44/2720
f 1163/44/2720 1166/47/2720 1165/46/2720
f 1167/48/2721 1165/46/2721 1166/47/2721
f 1166/47/2721 1168/49/2721 1167/48/2721
f 1169/50/2722 1170/51/2722 1167/48/2722
f 1167/48/2722 1168/49/2722 1169/50/2722
f 1171/52/2723 1172/53/2723 1170/51/2723
f 1170/51/2723 1169/50/2723 1171/52/2723
f 1173/54/2724 1172/53/2724 1171/52/2724
f 1171/52/2724 1174/55/2724 1173/54/2724
f 1175/56/2725 1176/57/2725 1173/54/2725
f 1173/54/2725 1174/55/2725 1175/56/2725
f 1177/58/2726 1176/57/2727 1175/56/2726
f 1175/56/2726 1178/59/2726 1177/58/2726
f 1179/60/2728 1177/58/2728 1178/59/2729
f 1178/59/2729 1180/61/2728 1179/60/2728
f 1181/62/2730 1182/63/2730 1179/60/2730
f 1179/60/2730 1180/61/2730 1181/62/2730
f 1137/18/2731 1183/18/2732 1184/21/2732
f 1184/21/2732 1140/21/2732 1137/18/2731
f 1185/64/2733 1186/65/2734 1182/63/2734
f 1182/63/2734 1181/62/2733 1185/64/2733
f 1186/65/2735 1185/64/2735 1121/66/2735
f 1121/66/2735 1124/67/2736 1186/65/2735
f 1123/68/2300 1126/69/2300 1128/70/2737
f 1123/68/2300 1128/70/2737 1130/71/2300
f 1130/71/2300 1132/72/2300 1133/73/2300
f 1133/73/2300 1135/74/2300 1138/75/2300
f 1138/75/2300 1139/76/2737 1141/77/2300
f 1133/73/2300 1138/75/2300 1141/77/2300
f 1130/71/2300 1133/73/2300 1141/77/2300
f 1141/77/2300 1143/78/2300 1146/79/2300
f 1146/79/2300 1147/80/2737 1149/81/2300
f 1141/77/2300 1146/79/2300 1149/81/2300
f 1149/81/2300 1151/82/2738 1153/83/2300
f 1153/83/2300 1155/84/2300 1157/85/2300
f 1149/81/2300 1153/83/2300 1157/85/2300
f 1157/85/2300 1159/86/2300 1162/87/2300
f 1162/87/2300 1164/88/2300 1165/89/2300
f 1157/85/2300 1162/87/2300 1165/89/2300
f 1165/89/2300 1167/90/2739 1170/91/2300
f 1170/91/2300 1172/92/2300 1173/93/2300
f 1165/89/2300 1170/91/2300 1173/93/2300
f 1157/85/2300 1165/89/2300 1173/93/2300
f 1149/81/2300 1157/85/2300 1173/93/2300
f 1141/77/2300 1149/81/2300 1173/93/2300
f 1130/71/2300 1141/77/2300 1173/93/2300
f 1173/93/2300 1176/94/2300 1177/95/2300
f 1177/95/2300 1179/96/2739 1182/97/2300
f 1173/93/2300 1177/95/2300 1182/97/2300
f 1130/71/2300 1173/93/2300 1182/97/2300
f 1123/68/2300 1130/71/2300 1182/97/2300
f 1124/98/2300 1123/68/2300 1182/97/2300
f 1124/98/2300 1182/97/2300 1186/99/2740
f 1187/8/2741 1188/8/2742 1189/10/2742
f 1189/10/2742 1190/10/2742 1187/8/2741
f 1191/39/2743 1158/39/2744 1156/37/2744
f 1156/37/2744 1192/37/2743 1191/39/2743
f 1193/56/2745 1175/56/2746 1174/55/2746
f 1174/55/2746 1194/55/2745 1193/56/2745
f 1195/12/2747 1131/12/2747 1129/10/2747
f 1129/10/2747 1190/10/2747 1195/12/2747
f 1196/31/2748 1150/31/2749 1148/29/2749
f 1148/29/2749 1197/29/2748 1196/31/2748
f 1198/49/2750 1168/49/2751 1166/47/2751
f 1166/47/2751 1199/47/2751 1198/49/2750
f 1122/3/2752 1121/2/2752 1200/2/2753
f 1200/2/2753 1201/3/2754 1122/3/2752
f 1185/64/2755 1202/64/2756 1200/66/2756
f 1200/66/2756 1121/66/2755 1185/64/2755
f 1203/23/2757 1142/23/2758 1140/21/2758
f 1140/21/2758 1184/21/2757 1203/23/2757
f 1204/41/2759 1160/41/2759 1158/39/2759
f 1158/39/2759 1191/39/2759 1204/41/2759
f 1193/56/2760 1205/59/2761 1178/59/2762
f 1178/59/2762 1175/56/2763 1193/56/2760
f 1206/15/2764 1134/15/2764 1131/12/2764
f 1131/12/2764 1195/12/2764 1206/15/2764
f 1207/33/2765 1152/33/2766 1150/31/2766
f 1150/31/2766 1196/31/2765 1207/33/2765
f 1208/50/2767 1169/50/2768 1168/49/2768
f 1168/49/2768 1198/49/2767 1208/50/2767
f 1201/3/2769 1209/6/2769 1125/6/2769
f 1125/6/2769 1122/3/2770 1201/3/2769
f 1210/25/2771 1144/25/2772 1142/23/2772
f 1142/23/2772 1203/23/2771 1210/25/2771
f 1204/41/2773 1211/42/2773 1161/42/2774
f 1161/42/2774 1160/41/2775 1204/41/2773
f 1180/61/2776 1178/59/2777 1205/59/2778
f 1205/59/2778 1212/61/2779 1180/61/2776
f 1213/17/2780 1136/17/2781 1134/15/2780
f 1134/15/2780 1206/15/2781 1213/17/2780
f 1214/35/2782 1154/35/2783 1152/33/2784
f 1152/33/2784 1207/33/2782 1214/35/2782
f 1215/52/2785 1171/52/2786 1169/50/2787
f 1169/50/2787 1208/50/2785 1215/52/2785
f 1187/8/2788 1127/8/2788 1125/6/2788
f 1125/6/2788 1209/6/2788 1187/8/2788
f 1216/26/2789 1145/26/2789 1144/25/2790
f 1144/25/2790 1210/25/2790 1216/26/2789
f 1217/44/2791 1163/44/2792 1161/42/2791
f 1161/42/2791 1211/42/2791 1217/44/2791
f 1181/62/2793 1180/61/2794 1212/61/2795
f 1212/61/2795 1218/62/2794 1181/62/2793
f 1136/17/2796 1213/17/2796 1183/18/2796
f 1183/18/2796 1137/18/2796 1136/17/2796
f 1192/37/2797 1156/37/2797 1154/35/2798
f 1154/35/2798 1214/35/2797 1192/37/2797
f 1194/55/2799 1174/55/2799 1171/52/2800
f 1171/52/2800 1215/52/2799 1194/55/2799
f 1129/10/2801 1127/8/2801 1187/8/2801
f 1187/8/2801 1190/10/2801 1129/10/2801
f 1197/29/2802 1148/29/2803 1145/26/2803
f 1145/26/2803 1216/26/2803 1197/29/2802
f 1199/47/2804 1166/47/2805 1163/44/2805
f 1163/44/2805 1217/44/2804 1199/47/2804
f 1185/64/2806 1181/62/2806 1218/62/2807
f 1218/62/2807 1202/64/2807 1185/64/2806
f 1219/100/2808 1220/101/2809 1221/102/2810
f 1221/102/2810 1222/103/2808 1223/104/2808
f 1219/100/2808 1221/102/2810 1223/104/2808
f 1223/104/2808 1224/105/2811 1225/106/2808
f 1225/106/2808 1226/107/2810 1227/108/2808
f 1223/104/2808 1225/106/2808 1227/108/2808
f 1227/108/2808 1228/109/2812 1229/110/2810
f 1229/110/2810 1230/111/2813 1231/112/2814
f 1227/108/2808 1229/110/2810 1231/112/2814
f 1223/104/2808 1227/108/2808 1231/112/2814
f 1231/112/2814 1232/113/2815 1233/114/2816
f 1233/114/2816 1234/115/2817 1235/116/2816
f 1231/112/2814 1233/114/2816 1235/116/2816
f 1235/116/2816 1236/117/2818 1237/118/2816
f 1237/118/2816 1238/119/2819 1239/120/2820
f 1235/116/2816 1237/118/2816 1239/120/2820
f 1231/112/2814 1235/116/2816 1239/120/2820
f 1223/104/2808 1231/112/2814 1239/120/2820
f 1239/120/2820 1240/121/2808 1241/122/2814
f 1241/122/2814 1242/123/2812 1243/124/2809
f 1239/120/2820 1241/122/2814 1243/124/2809
f 1239/120/2820 1243/124/2809 1244/125/2808
f 1223/104/2808 1239/120/2820 1244/125/2808
f 1244/125/2808 1245/126/2817 1246/127/2821
f 1246/127/2821 1247/128/2808 1189/129/2808
f 1244/125/2808 1246/127/2821 1189/129/2808
f 1223/104/2808 1244/125/2808 1189/129/2808
f 1219/100/2808 1223/104/2808 1189/129/2808
f 1219/100/2808 1189/129/2808 1188/130/2814
f 1219/100/2808 1188/130/2814 1248/131/2822
f 1218/62/2823 1222/62/2824 1221/64/2825
f 1221/64/2825 1202/64/2826 1218/62/2823
f 1192/37/2827 1235/37/2828 1234/39/2828
f 1234/39/2828 1191/39/2827 1192/37/2827
f 1190/10/2829 1189/10/2829 1247/12/2829
f 1247/12/2829 1195/12/2829 1190/10/2829
f 1202/64/2830 1221/64/2831 1220/66/2832
f 1220/66/2832 1200/66/2831 1202/64/2830
f 1191/39/2833 1234/39/2834 1233/41/2835
f 1233/41/2835 1204/41/2835 1191/39/2833
f 1195/12/2836 1247/12/2837 1246/15/2837
f 1246/15/2837 1206/15/2836 1195/12/2836
f 1204/41/2838 1233/41/2839 1232/42/2839
f 1232/42/2839 1211/42/2839 1204/41/2838
f 1206/15/2840 1246/15/2840 1245/17/2841
f 1245/17/2841 1213/17/2840 1206/15/2840
f 1211/42/2842 1232/42/2843 1231/44/2843
f 1231/44/2843 1217/44/2842 1211/42/2842
f 1183/18/2844 1213/17/2844 1245/17/2844
f 1245/17/2844 1244/18/2844 1183/18/2844
f 1217/44/2845 1231/44/2846 1230/47/2846
f 1230/47/2846 1199/47/2847 1217/44/2845
f 1183/18/2848 1244/18/2849 1243/21/2849
f 1243/21/2849 1184/21/2848 1183/18/2848
f 1199/47/2850 1230/47/2851 1229/49/2851
f 1229/49/2851 1198/49/2850 1199/47/2850
f 1184/21/2852 1243/21/2852 1242/23/2852
f 1242/23/2852 1203/23/2853 1184/21/2852
f 1198/49/2854 1229/49/2855 1228/50/2854
f 1228/50/2854 1208/50/2854 1198/49/2854
f 1203/23/2856 1242/23/2856 1241/25/2856
f 1241/25/2856 1210/25/2856 1203/23/2856
f 1208/50/2857 1228/50/2857 1227/52/2857
f 1227/52/2857 1215/52/2857 1208/50/2857
f 1210/25/2858 1241/25/2859 1240/26/2859
f 1240/26/2859 1216/26/2860 1210/25/2858
f 1215/52/2861 1227/52/2862 1226/55/2862
f 1226/55/2862 1194/55/2861 1215/52/2861
f 1216/26/2863 1240/26/2864 1239/29/2864
f 1239/29/2864 1197/29/2863 1216/26/2863
f 1194/55/2865 1226/55/2866 1225/56/2866
f 1225/56/2866 1193/56/2867 1194/55/2865
f 1197/29/2868 1239/29/2869 1238/31/2869
f 1238/31/2869 1196/31/2868 1197/29/2868
f 1200/2/2870 1220/2/2871 1219/3/2870
f 1219/3/2870 1201/3/2872 1200/2/2870
f 1193/56/2873 1225/56/2874 1224/59/2874
f 1224/59/2874 1205/59/2873 1193/56/2873
f 1196/31/2875 1238/31/2876 1237/33/2876
f 1237/33/2876 1207/33/2875 1196/31/2875
f 1201/3/2877 1219/3/2878 1248/6/2878
f 1248/6/2878 1209/6/2879 1201/3/2877
f 1205/59/2880 1224/59/2881 1223/61/2881
f 1223/61/2881 1212/61/2880 1205/59/2880
f 1207/33/2882 1237/33/2883 1236/35/2883
f 1236/35/2883 1214/35/2882 1207/33/2882
f 1209/6/2884 1248/6/2885 1188/8/2885
f 1188/8/2885 1187/8/2884 1209/6/2884
f 1212/61/2886 1223/61/2887 1222/62/2887
f 1222/62/2887 1218/62/2888 1212/61/2886
f 1214/35/2889 1236/35/2890 1235/37/2891
f 1235/37/2891 1192/37/2889 1214/35/2889
f 1249/3/2892 1250/4/2892 1251/5/2892
f 1251/5/2892 1252/2/2892 1249/3/2892
f 1253/7/2893 1250/4/2893 1249/3/2893
f 1249/3/2893 1254/6/2894 1253/7/2893
f 1255/8/2895 1256/9/2895 1253/7/2895
f 1253/7/2895 1254/6/2895 1255/8/2895
f 1257/11/2896 1256/9/2896 1255/8/2896
f 1255/8/2896 1258/10/2896 1257/11/2896
f 1259/12/2897 1260/13/2897 1257/11/2897
f 1257/11/2897 1258/10/2897 1259/12/2897
f 1261/14/2898 1260/13/2898 1259/12/2898
f 1259/12/2898 1262/15/2898 1261/14/2898
f 1263/16/2899 1261/14/2899 1262/15/2899
f 1262/15/2899 1264/17/2899 1263/16/2899
f 1265/18/2900 1266/19/2900 1263/16/2900
f 1263/16/2900 1264/17/2900 1265/18/2900
f 1267/20/2901 1266/19/2901 1265/18/2901
f 1265/18/2901 1268/21/2901 1267/20/2901
f 1269/23/2902 1270/22/2902 1267/20/2902
f 1267/20/2902 1268/21/2902 1269/23/2902
f 1271/25/2903 1272/24/2903 1270/22/2903
f 1270/22/2903 1269/23/2903 1271/25/2903
f 1273/27/2904 1272/24/2904 1271/25/2905
f 1271/25/2905 1274/26/2905 1273/27/2904
f 1275/29/2906 1276/28/2906 1273/27/2906
f 1273/27/2906 1274/26/2906 1275/29/2906
f 1277/31/2907 1278/30/2908 1276/28/2908
f 1276/28/2908 1275/29/2908 1277/31/2907
f 1279/32/2909 1278/30/2909 1277/31/2909
f 1277/31/2909 1280/33/2909 1279/32/2909
f 1280/33/2910 1281/35/2910 1282/34/2911
f 1282/34/2911 1279/32/2910 1280/33/2910
f 1283/37/2912 1284/36/2912 1282/34/2912
f 1282/34/2912 1281/35/2912 1283/37/2912
f 1285/38/2913 1284/36/2913 1283/37/2913
f 1283/37/2913 1286/39/2913 1285/38/2913
f 1287/40/2914 1285/38/2914 1286/39/2914
f 1286/39/2914 1288/41/2914 1287/40/2914
f 1289/42/2915 1290/43/2915 1287/40/2915
f 1287/40/2915 1288/41/2915 1289/42/2915
f 1291/45/2916 1290/43/2916 1289/42/2916
f 1289/42/2916 1292/44/2916 1291/45/2916
f 1293/47/2917 1294/46/2917 1291/45/2917
f 1291/45/2917 1292/44/2917 1293/47/2917
f 1295/49/2918 1296/48/2919 1294/46/2918
f 1294/46/2918 1293/47/2919 1295/49/2918
f 1297/51/2920 1296/48/2920 1295/49/2920
f 1295/49/2920 1298/50/2920 1297/51/2920
f 1299/53/2921 1297/51/2921 1298/50/2921
f 1298/50/2921 1300/52/2921 1299/53/2921
f 1301/55/2922 1302/54/2922 1299/53/2922
f 1299/53/2922 1300/52/2922 1301/55/2922
f 1303/57/2923 1302/54/2923 1301/55/2923
f 1301/55/2923 1304/56/2923 1303/57/2923
f 1305/59/2924 1306/58/2924 1303/57/2924
f 1303/57/2924 1304/56/2924 1305/59/2924
f 1307/61/2925 1308/60/2925 1306/58/2925
f 1306/58/2925 1305/59/2925 1307/61/2925
f 1309/63/2926 1308/60/2926 1307/61/2926
f 1307/61/2926 1310/62/2926 1309/63/2926
f 1311/21/2927 1268/21/2928 1265/18/2928
f 1265/18/2928 1312/18/2927 1311/21/2927
f 1313/64/2929 1314/65/2930 1309/63/2930
f 1309/63/2930 1310/62/2929 1313/64/2929
f 1313/64/2931 1252/66/2931 1251/67/2931
f 1251/67/2931 1314/65/2931 1313/64/2931
f 1251/98/2300 1250/68/2300 1253/69/2300
f 1253/69/2300 1256/70/2737 1257/71/2300
f 1251/98/2300 1253/69/2300 1257/71/2300
f 1260/72/2300 1261/73/2739 1263/74/2300
f 1257/71/2300 1260/72/2300 1263/74/2300
f 1257/71/2300 1263/74/2300 1266/75/2300
f 1266/75/2300 1267/76/2738 1270/77/2300
f 1257/71/2300 1266/75/2300 1270/77/2300
f 1257/71/2300 1270/77/2300 1272/78/2300
f 1272/78/2300 1273/79/2300 1276/80/2300
f 1257/71/2300 1272/78/2300 1276/80/2300
f 1257/71/2300 1276/80/2300 1278/81/2300
f 1278/81/2300 1279/82/2300 1282/83/2300
f 1257/71/2300 1278/81/2300 1282/83/2300
f 1257/71/2300 1282/83/2300 1284/84/2300
f 1284/84/2300 1285/85/2300 1287/86/2300
f 1257/71/2300 1284/84/2300 1287/86/2300
f 1257/71/2300 1287/86/2300 1290/87/2300
f 1290/87/2300 1291/88/2300 1294/89/2300
f 1257/71/2300 1290/87/2300 1294/89/2300
f 1257/71/2300 1294/89/2300 1296/90/2300
f 1296/90/2300 1297/91/2300 1299/92/2300
f 1257/71/2300 1296/90/2300 1299/92/2300
f 1257/71/2300 1299/92/2300 1302/93/2300
f 1302/93/2300 1303/94/2300 1306/95/2300
f 1257/71/2300 1302/93/2300 1306/95/2300
f 1257/71/2300 1306/95/2300 1308/96/2300
f 1251/98/2300 1257/71/2300 1308/96/2300
f 1251/98/2300 1308/96/2300 1309/97/2737
f 1251/98/2300 1309/97/2737 1314/99/2300
f 1315/10/2932 1316/8/2932 1317/8/2933
f 1317/8/2933 1318/10/2933 1315/10/2932
f 1319/39/2934 1286/39/2935 1283/37/2936
f 1283/37/2936 1320/37/2937 1319/39/2934
f 1321/56/2938 1304/56/2939 1301/55/2940
f 1301/55/2940 1322/55/2938 1321/56/2938
f 1258/10/2941 1315/10/2942 1323/12/2942
f 1323/12/2942 1259/12/2941 1258/10/2941
f 1275/29/2943 1324/29/2943 1325/31/2944
f 1325/31/2944 1277/31/2943 1275/29/2943
f 1295/49/2945 1293/47/2945 1326/47/2945
f 1326/47/2945 1327/49/2945 1295/49/2945
f 1252/2/2946 1328/2/2946 1329/3/2946
f 1329/3/2946 1249/3/2946 1252/2/2946
f 1252/66/2947 1313/64/2947 1330/64/2947
f 1330/64/2947 1328/66/2948 1252/66/2947
f 1311/21/2949 1331/23/2950 1269/23/2949
f 1269/23/2949 1268/21/2949 1311/21/2949
f 1319/39/2951 1332/41/2951 1288/41/2952
f 1288/41/2952 1286/39/2952 1319/39/2951
f 1321/56/2953 1333/59/2954 1305/59/2955
f 1305/59/2955 1304/56/2955 1321/56/2953
f 1334/15/2956 1262/15/2957 1259/12/2956
f 1259/12/2956 1323/12/2956 1334/15/2956
f 1335/33/2958 1280/33/2959 1277/31/2959
f 1277/31/2959 1325/31/2960 1335/33/2958
f 1336/50/2961 1298/50/2961 1295/49/2961
f 1295/49/2961 1327/49/2961 1336/50/2961
f 1337/6/2962 1254/6/2962 1249/3/2962
f 1249/3/2962 1329/3/2963 1337/6/2962
f 1269/23/2964 1331/23/2964 1338/25/2964
f 1338/25/2964 1271/25/2964 1269/23/2964
f 1289/42/2965 1288/41/2965 1332/41/2966
f 1332/41/2966 1339/42/2966 1289/42/2965
f 1307/61/2967 1305/59/2968 1333/59/2967
f 1333/59/2967 1340/61/2967 1307/61/2967
f 1334/15/2969 1341/17/2970 1264/17/2969
f 1264/17/2969 1262/15/2971 1334/15/2969
f 1335/33/2972 1342/35/2973 1281/35/2972
f 1281/35/2972 1280/33/2974 1335/33/2972
f 1336/50/2975 1343/52/2975 1300/52/2975
f 1300/52/2975 1298/50/2975 1336/50/2975
f 1254/6/2976 1337/6/2977 1316/8/2976
f 1316/8/2976 1255/8/2976 1254/6/2976
f 1344/26/2978 1274/26/2978 1271/25/2978
f 1271/25/2978 1338/25/2978 1344/26/2978
f 1345/44/2979 1292/44/2980 1289/42/2980
f 1289/42/2980 1339/42/2979 1345/44/2979
f 1346/62/2981 1310/62/2982 1307/61/2982
f 1307/61/2982 1340/61/2983 1346/62/2981
f 1264/17/2984 1341/17/2984 1312/18/2985
f 1312/18/2985 1265/18/2986 1264/17/2984
f 1281/35/2987 1342/35/2988 1320/37/2988
f 1320/37/2988 1283/37/2987 1281/35/2987
f 1301/55/2989 1300/52/2989 1343/52/2989
f 1343/52/2989 1322/55/2989 1301/55/2989
f 1315/10/2990 1258/10/2990 1255/8/2990
f 1255/8/2990 1316/8/2990 1315/10/2990
f 1344/26/2991 1324/29/2991 1275/29/2992
f 1275/29/2992 1274/26/2992 1344/26/2991
f 1345/44/2993 1326/47/2993 1293/47/2993
f 1293/47/2993 1292/44/2993 1345/44/2993
f 1346/62/2994 1330/64/2994 1313/64/2995
f 1313/64/2995 1310/62/2995 1346/62/2994
f 1347/102/2996 1348/103/2997 1349/104/2998
f 1347/102/2996 1349/104/2998 1350/105/2999
f 1350/105/2999 1351/106/3000 1352/107/3001
f 1347/102/2996 1350/105/2999 1352/107/3001
f 1347/102/2996 1352/107/3001 1353/108/3001
f 1353/108/3001 1354/109/3002 1355/110/2998
f 1347/102/2996 1353/108/3001 1355/110/2998
f 1347/102/2996 1355/110/2998 1356/111/3001
f 1356/111/3001 1357/112/3003 1358/113/2999
f 1347/102/2996 1356/111/3001 1358/113/2999
f 1347/102/2996 1358/113/2999 1359/114/3001
f 1359/114/3001 1360/115/3004 1361/116/2998
f 1347/102/2996 1359/114/3001 1361/116/2998
f 1347/102/2996 1361/116/2998 1362/117/3001
f 1362/117/3001 1363/118/3005 1364/119/3001
f 1347/102/2996 1362/117/3001 1364/119/3001
f 1347/102/2996 1364/119/3001 1365/120/2999
f 1365/120/2999 1366/121/3000 1367/122/3001
f 1347/102/2996 1365/120/2999 1367/122/3001
f 1347/102/2996 1367/122/3001 1368/123/3001
f 1368/123/3001 1369/124/3006 1370/125/3007
f 1347/102/2996 1368/123/3001 1370/125/3007
f 1370/125/3007 1371/126/2996 1372/127/3008
f 1370/125/3007 1372/127/3008 1373/128/3001
f 1347/102/2996 1370/125/3007 1373/128/3001
f 1347/102/2996 1373/128/3001 1318/129/2999
f 1318/129/2999 1317/130/3009 1374/131/3008
f 1347/102/2996 1318/129/2999 1374/131/3008
f 1375/101/3009 1347/102/2996 1374/131/3008
f 1376/100/3010 1375/101/3009 1374/131/3008
f 1330/64/3011 1346/62/3011 1348/62/3012
f 1348/62/3012 1347/64/3012 1330/64/3011
f 1361/37/3013 1360/39/3013 1319/39/3013
f 1319/39/3013 1320/37/3013 1361/37/3013
f 1323/12/3014 1315/10/3014 1318/10/3015
f 1318/10/3015 1373/12/3015 1323/12/3014
f 1328/66/3016 1330/64/3016 1347/64/3016
f 1347/64/3016 1375/66/3016 1328/66/3016
f 1332/41/3017 1319/39/3017 1360/39/3018
f 1360/39/3018 1359/41/3019 1332/41/3017
f 1372/15/3020 1334/15/3021 1323/12/3021
f 1323/12/3021 1373/12/3020 1372/15/3020
f 1339/42/3022 1332/41/3022 1359/41/3023
f 1359/41/3023 1358/42/3024 1339/42/3022
f 1341/17/3025 1334/15/3025 1372/15/3026
f 1372/15/3026 1371/17/3026 1341/17/3025
f 1358/42/3027 1357/44/3027 1345/44/3028
f 1345/44/3028 1339/42/3028 1358/42/3027
f 1312/18/3029 1341/17/3030 1371/17/3031
f 1371/17/3031 1370/18/3031 1312/18/3029
f 1326/47/3032 1345/44/3032 1357/44/3033
f 1357/44/3033 1356/47/3033 1326/47/3032
f 1370/18/3034 1369/21/3034 1311/21/3035
f 1311/21/3035 1312/18/3035 1370/18/3034
f 1327/49/3036 1326/47/3036 1356/47/3036
f 1356/47/3036 1355/49/3036 1327/49/3036
f 1331/23/3037 1311/21/3037 1369/21/3037
f 1369/21/3037 1368/23/3037 1331/23/3037
f 1355/49/3038 1354/50/3038 1336/50/3039
f 1336/50/3039 1327/49/3039 1355/49/3038
f 1338/25/3040 1331/23/3040 1368/23/3041
f 1368/23/3041 1367/25/3041 1338/25/3040
f 1343/52/3042 1336/50/3042 1354/50/3043
f 1354/50/3043 1353/52/3043 1343/52/3042
f 1367/25/3044 1366/26/3045 1344/26/3046
f 1344/26/3046 1338/25/3046 1367/25/3044
f 1322/55/3047 1343/52/3047 1353/52/3048
f 1353/52/3048 1352/55/3048 1322/55/3047
f 1324/29/3049 1344/26/3049 1366/26/3050
f 1366/26/3050 1365/29/3051 1324/29/3049
f 1352/55/3052 1351/56/3052 1321/56/3053
f 1321/56/3053 1322/55/3054 1352/55/3052
f 1325/31/3055 1324/29/3056 1365/29/3057
f 1365/29/3057 1364/31/3057 1325/31/3055
f 1328/2/3058 1375/2/3058 1376/3/3058
f 1376/3/3058 1329/3/3058 1328/2/3058
f 1333/59/3059 1321/56/3060 1351/56/3059
f 1351/56/3059 1350/59/3061 1333/59/3059
f 1364/31/3062 1363/33/3063 1335/33/3064
f 1335/33/3064 1325/31/3065 1364/31/3062
f 1374/6/3066 1337/6/3067 1329/3/3068
f 1329/3/3068 1376/3/3069 1374/6/3066
f 1340/61/3070 1333/59/3071 1350/59/3071
f 1350/59/3071 1349/61/3072 1340/61/3070
f 1342/35/3073 1335/33/3073 1363/33/3074
f 1363/33/3074 1362/35/3074 1342/35/3073
f 1317/8/3075 1316/8/3076 1337/6/3076
f 1337/6/3076 1374/6/3077 1317/8/3075
f 1349/61/3078 1348/62/3079 1346/62/3079
f 1346/62/3079 1340/61/3078 1349/61/3078
f 1320/37/3080 1342/35/3081 1362/35/3080
f 1362/35/3080 1361/37/3082 1320/37/3080
f 1377/3/3083 1378/4/3083 1379/5/3083
f 1379/5/3083 1380/2/3083 1377/3/3083
f 1381/7/3084 1378/4/3084 1377/3/3084
f 1377/3/3084 1382/6/3084 1381/7/3084
f 1383/8/3085 1384/9/3086 1381/7/3085
f 1381/7/3085 1382/6/3086 1383/8/3085
f 1385/10/3087 1386/11/3087 1384/9/3087
f 1384/9/3087 1383/8/3088 1385/10/3087
f 1387/13/3089 1386/11/3089 1385/10/3089
f 1385/10/3089 1388/12/3089 1387/13/3089
f 1389/15/3090 1390/14/3090 1387/13/3090
f 1387/13/3090 1388/12/3090 1389/15/3090
f 1391/17/3091 1392/16/3091 1390/14/3091
f 1390/14/3091 1389/15/3091 1391/17/3091
f 1393/19/3092 1392/16/3092 1391/17/3092
f 1391/17/3092 1394/18/3092 1393/19/3092
f 1395/21/3093 1396/20/3093 1393/19/3093
f 1393/19/3093 1394/18/3093 1395/21/3093
f 1397/23/3094 1398/22/3094 1396/20/3094
f 1396/20/3094 1395/21/3094 1397/23/3094
f 1399/24/3095 1398/22/3095 1397/23/3095
f 1397/23/3095 1400/25/3095 1399/24/3095
f 1401/26/3096 1402/27/3096 1399/24/3096
f 1399/24/3096 1400/25/3096 1401/26/3096
f 1403/29/3097 1404/28/3097 1402/27/3097
f 1402/27/3097 1401/26/3097 1403/29/3097
f 1405/30/3098 1404/28/3099 1403/29/3100
f 1403/29/3100 1406/31/3101 1405/30/3098
f 1407/32/3102 1405/30/3102 1406/31/3102
f 1406/31/3102 1408/33/3102 1407/32/3102
f 1409/35/3103 1410/34/3103 1407/32/3103
f 1407/32/3103 1408/33/3103 1409/35/3103
f 1411/36/3104 1410/34/3104 1409/35/3104
f 1409/35/3104 1412/37/3104 1411/36/3104
f 1413/38/3105 1411/36/3105 1412/37/3106
f 1412/37/3106 1414/39/3106 1413/38/3105
f 1415/41/3107 1416/40/3107 1413/38/3107
f 1413/38/3107 1414/39/3107 1415/41/3107
f 1417/43/3108 1416/40/3108 1415/41/3108
f 1415/41/3108 1418/42/3108 1417/43/3108
f 1419/44/3109 1420/45/3109 1417/43/3109
f 1417/43/3109 1418/42/3109 1419/44/3109
f 1421/47/3110 1422/46/3110 1420/45/3110
f 1420/45/3110 1419/44/3110 1421/47/3110
f 1423/48/3111 1422/46/3111 1421/47/3111
f 1421/47/3111 1424/49/3111 1423/48/3111
f 1425/51/3112 1423/48/3112 1424/49/3112
f 1424/49/3112 1426/50/3112 1425/51/3112
f 1427/52/3113 1428/53/3113 1425/51/3113
f 1425/51/3113 1426/50/3113 1427/52/3113
f 1429/54/3114 1428/53/3114 1427/52/3114
f 1427/52/3114 1430/55/3114 1429/54/3114
f 1431/56/3115 1432/57/3115 1429/54/3115
f 1429/54/3115 1430/55/3115 1431/56/3115
f 1433/59/3116 1434/58/3116 1432/57/3116
f 1432/57/3116 1431/56/3116 1433/59/3116
f 1435/60/3117 1434/58/3117 1433/59/3117
f 1433/59/3117 1436/61/3117 1435/60/3117
f 1437/62/3118 1438/63/3119 1435/60/3118
f 1435/60/3118 1436/61/3119 1437/62/3118
f 1394/18/3120 1439/18/3120 1440/21/3120
f 1440/21/3120 1395/21/3120 1394/18/3120
f 1441/64/3121 1442/65/3121 1438/63/3121
f 1438/63/3121 1437/62/3121 1441/64/3121
f 1441/64/3122 1380/66/3122 1379/67/3122
f 1379/67/3122 1442/65/3122 1441/64/3122
f 1378/68/2300 1381/69/2300 1384/70/2300
f 1379/98/2300 1378/68/2300 1384/70/2300
f 1379/98/2300 1384/70/2300 1386/71/2300
f 1386/71/2300 1387/72/2739 1390/73/2300
f 1379/98/2300 1386/71/2300 1390/73/2300
f 1379/98/2300 1390/73/2300 1392/74/2300
f 1392/74/2300 1393/75/2300 1396/76/2300
f 1379/98/2300 1392/74/2300 1396/76/2300
f 1379/98/2300 1396/76/2300 1398/77/2300
f 1398/77/2300 1399/78/2300 1402/79/2300
f 1379/98/2300 1398/77/2300 1402/79/2300
f 1379/98/2300 1402/79/2300 1404/80/2300
f 1404/80/2300 1405/81/2300 1407/82/2300
f 1379/98/2300 1404/80/2300 1407/82/2300
f 1379/98/2300 1407/82/2300 1410/83/2300
f 1410/83/2300 1411/84/2300 1413/85/2300
f 1379/98/2300 1410/83/2300 1413/85/2300
f 1379/98/2300 1413/85/2300 1416/86/2300
f 1416/86/2300 1417/87/2737 1420/88/2300
f 1379/98/2300 1416/86/2300 1420/88/2300
f 1379/98/2300 1420/88/2300 1422/89/2300
f 1422/89/2300 1423/90/2300 1425/91/2300
f 1379/98/2300 1422/89/2300 1425/91/2300
f 1379/98/2300 1425/91/2300 1428/92/2300
f 1428/92/2300 1429/93/2737 1432/94/2300
f 1379/98/2300 1428/92/2300 1432/94/2300
f 1379/98/2300 1432/94/2300 1434/95/2300
f 1434/95/2300 1435/96/2740 1438/97/2737
f 1379/98/2300 1434/95/2300 1438/97/2737
f 1379/98/2300 1438/97/2737 1442/99/2300
f 1443/8/3123 1444/8/3124 1445/10/3124
f 1445/10/3124 1446/10/3123 1443/8/3123
f 1447/39/3125 1414/39/3126 1412/37/3127
f 1412/37/3127 1448/37/3125 1447/39/3125
f 1449/56/3128 1431/56/3129 1430/55/3129
f 1430/55/3129 1450/55/3130 1449/56/3128
f 1385/10/3131 1446/10/3131 1451/12/3132
f 1451/12/3132 1388/12/3131 1385/10/3131
f 1406/31/3133 1403/29/3133 1452/29/3134
f 1452/29/3134 1453/31/3135 1406/31/3133
f 1424/49/3136 1421/47/3136 1454/47/3136
f 1454/47/3136 1455/49/3136 1424/49/3136
f 1456/3/3137 1377/3/3138 1380/2/3138
f 1380/2/3138 1457/2/3137 1456/3/3137
f 1458/64/3139 1457/66/3139 1380/66/3140
f 1380/66/3140 1441/64/3139 1458/64/3139
f 1395/21/3141 1440/21/3141 1459/23/3141
f 1459/23/3141 1397/23/3141 1395/21/3141
f 1460/41/3142 1415/41/3142 1414/39/3142
f 1414/39/3142 1447/39/3142 1460/41/3142
f 1461/59/3143 1433/59/3143 1431/56/3143
f 1431/56/3143 1449/56/3143 1461/59/3143
f 1388/12/3144 1451/12/3145 1462/15/3145
f 1462/15/3145 1389/15/3146 1388/12/3144
f 1463/33/3147 1408/33/3147 1406/31/3147
f 1406/31/3147 1453/31/3147 1463/33/3147
f 1464/50/3148 1426/50/3148 1424/49/3148
f 1424/49/3148 1455/49/3148 1464/50/3148
f 1377/3/3149 1456/3/3150 1465/6/3150
f 1465/6/3150 1382/6/3150 1377/3/3149
f 1459/23/3151 1466/25/3152 1400/25/3153
f 1400/25/3153 1397/23/3153 1459/23/3151
f 1418/42/3154 1415/41/3154 1460/41/3155
f 1460/41/3155 1467/42/3156 1418/42/3154
f 1436/61/3157 1433/59/3157 1461/59/3158
f 1461/59/3158 1468/61/3159 1436/61/3157
f 1389/15/3160 1462/15/3161 1469/17/3161
f 1469/17/3161 1391/17/3162 1389/15/3160
f 1470/35/3163 1409/35/3164 1408/33/3165
f 1408/33/3165 1463/33/3163 1470/35/3163
f 1471/52/3166 1427/52/3167 1426/50/3167
f 1426/50/3167 1464/50/3166 1471/52/3166
f 1382/6/3168 1465/6/3169 1443/8/3169
f 1443/8/3169 1383/8/3168 1382/6/3168
f 1466/25/3170 1472/26/3170 1401/26/3170
f 1401/26/3170 1400/25/3171 1466/25/3170
f 1473/44/3172 1419/44/3173 1418/42/3172
f 1418/42/3172 1467/42/3172 1473/44/3172
f 1474/62/3174 1437/62/3174 1436/61/3174
f 1436/61/3174 1468/61/3175 1474/62/3174
f 1391/17/3176 1469/17/3176 1439/18/3176
f 1439/18/3176 1394/18/3176 1391/17/3176
f 1412/37/3177 1409/35/3177 1470/35/3178
f 1470/35/3178 1448/37/3177 1412/37/3177
f 1430/55/3179 1427/52/3179 1471/52/3180
f 1471/52/3180 1450/55/3180 1430/55/3179
f 1383/8/3181 1443/8/3182 1446/10/3182
f 1446/10/3182 1385/10/3181 1383/8/3181
f 1403/29/3183 1401/26/3183 1472/26/3184
f 1472/26/3184 1452/29/3183 1403/29/3183
f 1454/47/3185 1421/47/3185 1419/44/3185
f 1419/44/3185 1473/44/3185 1454/47/3185
f 1458/64/3186 1441/64/3187 1437/62/3187
f 1437/62/3187 1474/62/3186 1458/64/3186
f 1475/100/3188 1476/101/3189 1477/102/3190
f 1477/102/3190 1478/103/3191 1479/104/3188
f 1475/100/3188 1477/102/3190 1479/104/3188
f 1480/105/3192 1481/106/3193 1482/107/3188
f 1479/104/3188 1480/105/3192 1482/107/3188
f 1475/100/3188 1479/104/3188 1482/107/3188
f 1483/108/3194 1484/109/3188 1485/110/3190
f 1482/107/3188 1483/108/3194 1485/110/3190
f 1486/111/3190 1487/112/3195 1488/113/3190
f 1485/110/3190 1486/111/3190 1488/113/3190
f 1482/107/3188 1485/110/3190 1488/113/3190
f 1475/100/3188 1482/107/3188 1488/113/3190
f 1489/114/3188 1490/115/3196 1491/116/3190
f 1488/113/3190 1489/114/3188 1491/116/3190
f 1492/117/3197 1493/118/3198 1494/119/3188
f 1491/116/3190 1492/117/3197 1494/119/3188
f 1488/113/3190 1491/116/3190 1494/119/3188
f 1495/120/3191 1496/121/3199 1497/122/3190
f 1494/119/3188 1495/120/3191 1497/122/3190
f 1498/123/3200 1499/124/3201 1500/125/3190
f 1497/122/3190 1498/123/3200 1500/125/3190
f 1494/119/3188 1497/122/3190 1500/125/3190
f 1488/113/3190 1494/119/3188 1500/125/3190
f 1475/100/3188 1488/113/3190 1500/125/3190
f 1501/126/3202 1502/127/3190 1503/128/3190
f 1500/125/3190 1501/126/3202 1503/128/3190
f 1445/129/3203 1444/130/3188 1504/131/3190
f 1503/128/3190 1445/129/3203 1504/131/3190
f 1500/125/3190 1503/128/3190 1504/131/3190
f 1475/100/3188 1500/125/3190 1504/131/3190
f 1474/62/3204 1478/62/3204 1477/64/3204
f 1477/64/3204 1458/64/3204 1474/62/3204
f 1447/39/3205 1448/37/3206 1491/37/3206
f 1491/37/3206 1490/39/3206 1447/39/3205
f 1503/12/3207 1451/12/3208 1446/10/3208
f 1446/10/3208 1445/10/3207 1503/12/3207
f 1477/64/3209 1476/66/3209 1457/66/3210
f 1457/66/3210 1458/64/3210 1477/64/3209
f 1447/39/3211 1490/39/3212 1489/41/3211
f 1489/41/3211 1460/41/3213 1447/39/3211
f 1462/15/3214 1451/12/3215 1503/12/3214
f 1503/12/3214 1502/15/3214 1462/15/3214
f 1488/42/3216 1467/42/3216 1460/41/3216
f 1460/41/3216 1489/41/3216 1488/42/3216
f 1462/15/3217 1502/15/3218 1501/17/3218
f 1501/17/3218 1469/17/3217 1462/15/3217
f 1473/44/3219 1467/42/3219 1488/42/3220
f 1488/42/3220 1487/44/3220 1473/44/3219
f 1500/18/3221 1439/18/3221 1469/17/3221
f 1469/17/3221 1501/17/3221 1500/18/3221
f 1473/44/3222 1487/44/3223 1486/47/3223
f 1486/47/3223 1454/47/3222 1473/44/3222
f 1440/21/3224 1439/18/3224 1500/18/3224
f 1500/18/3224 1499/21/3224 1440/21/3224
f 1485/49/3225 1455/49/3226 1454/47/3226
f 1454/47/3226 1486/47/3225 1485/49/3225
f 1440/21/3227 1499/21/3228 1498/23/3229
f 1498/23/3229 1459/23/3227 1440/21/3227
f 1464/50/3230 1455/49/3230 1485/49/3230
f 1485/49/3230 1484/50/3230 1464/50/3230
f 1459/23/3231 1498/23/3232 1497/25/3232
f 1497/25/3232 1466/25/3231 1459/23/3231
f 1464/50/3233 1484/50/3234 1483/52/3234
f 1483/52/3234 1471/52/3235 1464/50/3233
f 1497/25/3236 1496/26/3236 1472/26/3236
f 1472/26/3236 1466/25/3236 1497/25/3236
f 1482/55/3237 1450/55/3238 1471/52/3238
f 1471/52/3238 1483/52/3237 1482/55/3237
f 1495/29/3239 1452/29/3240 1472/26/3240
f 1472/26/3240 1496/26/3239 1495/29/3239
f 1449/56/3241 1450/55/3242 1482/55/3243
f 1482/55/3243 1481/56/3244 1449/56/3241
f 1494/31/3245 1453/31/3246 1452/29/3246
f 1452/29/3246 1495/29/3245 1494/31/3245
f 1456/3/3247 1457/2/3247 1476/2/3248
f 1476/2/3248 1475/3/3248 1456/3/3247
f 1449/56/3249 1481/56/3249 1480/59/3249
f 1480/59/3249 1461/59/3249 1449/56/3249
f 1463/33/3250 1453/31/3250 1494/31/3251
f 1494/31/3251 1493/33/3251 1463/33/3250
f 1504/6/3252 1465/6/3253 1456/3/3253
f 1456/3/3253 1475/3/3252 1504/6/3252
f 1479/61/3254 1468/61/3254 1461/59/3254
f 1461/59/3254 1480/59/3255 1479/61/3254
f 1463/33/3256 1493/33/3257 1492/35/3257
f 1492/35/3257 1470/35/3257 1463/33/3256
f 1443/8/3258 1465/6/3258 1504/6/3259
f 1504/6/3259 1444/8/3259 1443/8/3258
f 1474/62/3260 1468/61/3261 1479/61/3262
f 1479/61/3262 1478/62/3263 1474/62/3260
f 1491/37/3264 1448/37/3265 1470/35/3264
f 1470/35/3264 1492/35/3264 1491/37/3264
