# Blender 5.0.1
# www.blender.org
mtllib pataderatras.mtl
g pataizqatras_Mesh
v -0.167030 -1.253014 0.499343
v -0.260530 -1.253014 0.490143
v -0.350430 -1.253014 0.462843
v -0.433330 -1.253014 0.418643
v -0.505930 -1.253014 0.358943
v -0.565530 -1.253014 0.286343
v -0.609830 -1.253014 0.203443
v -0.637130 -1.253014 0.113543
v -0.646330 -1.253014 0.020043
v -0.637130 -1.253014 -0.073457
v -0.609830 -1.253014 -0.163357
v -0.565530 -1.253014 -0.246257
v -0.505930 -1.253014 -0.318957
v -0.433330 -1.253014 -0.378557
v -0.350430 -1.253014 -0.422857
v -0.260530 -1.253014 -0.450057
v -0.167030 -1.253014 -0.459257
v -0.073430 -1.253014 -0.450057
v 0.016470 -1.253014 -0.422857
v 0.099270 -1.253014 -0.378557
v 0.171970 -1.253014 -0.318957
v 0.231570 -1.253014 -0.246257
v 0.275870 -1.253014 -0.163357
v 0.303170 -1.253014 -0.073457
v 0.312370 -1.253014 0.020043
v 0.303170 -1.253014 0.113543
v 0.275870 -1.253014 0.203443
v 0.231570 -1.253014 0.286343
v 0.171970 -1.253014 0.358943
v -0.073430 -1.253014 0.490143
v 0.099270 -1.253014 0.418643
v 0.016470 -1.253014 0.462843
v -0.671930 -1.274414 0.120443
v -0.671930 -1.375214 0.120443
v -0.681830 -1.375214 0.020043
v -0.681830 -1.274414 0.020043
v -0.364030 -1.274414 0.495743
v -0.453030 -1.274414 0.448143
v -0.267430 -1.274414 -0.484957
v -0.167030 -1.274414 -0.494857
v 0.197070 -1.274414 0.384143
v 0.119070 -1.274414 0.448143
v -0.267430 -1.274414 0.525043
v -0.364030 -1.274414 -0.455657
v 0.261070 -1.274414 0.306043
v -0.167030 -1.274414 0.534943
v -0.453030 -1.274414 -0.408057
v 0.308670 -1.274414 0.217043
v -0.531030 -1.274414 -0.344057
v 0.337970 -1.274414 0.120443
v -0.595030 -1.274414 -0.265957
v 0.347870 -1.274414 0.020043
v -0.642630 -1.274414 -0.176957
v 0.337970 -1.274414 -0.080357
v -0.671930 -1.274414 -0.080357
v 0.308670 -1.274414 -0.176957
v 0.261070 -1.274414 -0.265957
v 0.197070 -1.274414 -0.344057
v -0.642630 -1.274414 0.217043
v 0.119070 -1.274414 -0.408057
v -0.595030 -1.274414 0.306043
v 0.030070 -1.274414 -0.455657
v -0.066530 -1.274414 0.525043
v -0.531030 -1.274414 0.384143
v -0.066530 -1.274414 -0.484957
v 0.030070 -1.274414 0.495743
v -0.066530 -1.375214 0.525043
v 0.030070 -1.375214 0.495743
v 0.119070 -1.375214 0.448143
v 0.197070 -1.375214 0.384143
v 0.261070 -1.375214 0.306043
v 0.308670 -1.375214 0.217043
v 0.337970 -1.375214 0.120443
v 0.347870 -1.375214 0.020043
v 0.337970 -1.375214 -0.080357
v 0.308670 -1.375214 -0.176957
v 0.261070 -1.375214 -0.265957
v 0.197070 -1.375214 -0.344057
v 0.119070 -1.375214 -0.408057
v 0.030070 -1.375214 -0.455657
v -0.066530 -1.375214 -0.484957
v -0.167030 -1.375214 -0.494857
v -0.267430 -1.375214 -0.484957
v -0.364030 -1.375214 -0.455657
v -0.453030 -1.375214 -0.408057
v -0.531030 -1.375214 -0.344057
v -0.595030 -1.375214 -0.265957
v -0.642630 -1.375214 -0.176957
v -0.671930 -1.375214 -0.080357
v -0.642630 -1.375214 0.217043
v -0.595030 -1.375214 0.306043
v -0.531030 -1.375214 0.384143
v -0.453030 -1.375214 0.448143
v -0.364030 -1.375214 0.495743
v -0.267430 -1.375214 0.525043
v -0.167030 -1.375214 0.534943
v 0.023370 -0.010114 0.412343
v -0.043730 0.018686 0.404643
v -0.108330 0.046286 0.381843
v -0.167730 0.071686 0.344843
v -0.219830 0.093986 0.294943
v -0.262630 0.112286 0.234243
v -0.294430 0.125886 0.164943
v -0.313930 0.134286 0.089743
v -0.320630 0.137086 0.011543
v -0.313930 0.134286 -0.066657
v -0.294430 0.125886 -0.141857
v -0.262630 0.112286 -0.211157
v -0.219830 0.093986 -0.271957
v -0.167730 0.071686 -0.321757
v -0.108330 0.046286 -0.358857
v -0.043730 0.018686 -0.381657
v 0.023370 -0.010114 -0.389357
v 0.090370 -0.038814 -0.381657
v 0.154970 -0.066414 -0.358857
v 0.214370 -0.091814 -0.321757
v 0.266470 -0.114114 -0.271957
v 0.309270 -0.132414 -0.211157
v 0.341070 -0.146014 -0.141857
v 0.360670 -0.154414 -0.066657
v 0.367270 -0.157214 0.011543
v 0.360670 -0.154414 0.089743
v 0.341070 -0.146014 0.164943
v 0.309270 -0.132414 0.234243
v 0.266470 -0.114114 0.294943
v 0.090370 -0.038814 0.404643
v 0.214370 -0.091814 0.344843
v 0.154970 -0.066414 0.381843
v 0.332570 -0.219914 -0.066657
v 0.294670 -0.224914 -0.059657
v 0.300670 -0.227414 0.011543
v 0.339170 -0.222714 0.011543
v 0.126870 -0.131914 -0.358857
v 0.186370 -0.157314 -0.321757
v -0.004730 -0.075614 0.412343
v 0.062370 -0.104314 0.404643
v -0.247930 0.028486 0.294943
v -0.290630 0.046786 0.234243
v 0.062370 -0.104314 -0.381657
v 0.126870 -0.131914 0.381843
v -0.195730 0.006186 0.344843
v -0.004730 -0.075614 -0.389357
v 0.186370 -0.157314 0.344843
v -0.136330 -0.019314 0.381843
v -0.071830 -0.046914 -0.381657
v 0.238470 -0.179614 0.294943
v -0.071830 -0.046914 0.404643
v -0.136330 -0.019314 -0.358857
v 0.281270 -0.197914 0.234243
v -0.195730 0.006186 -0.321757
v 0.312970 -0.211514 0.164943
v -0.247930 0.028486 -0.271957
v 0.332570 -0.219914 0.089743
v -0.290630 0.046786 -0.211157
v -0.322430 0.060386 -0.141857
v -0.342030 0.068686 -0.066657
v 0.312970 -0.211514 -0.141857
v -0.348630 0.071486 0.011543
v 0.281270 -0.197914 -0.211157
v -0.342030 0.068686 0.089743
v 0.238470 -0.179614 -0.271957
v -0.322430 0.060386 0.164943
v 0.208970 -0.188214 -0.246557
v 0.222770 -0.205514 -0.267457
v 0.264870 -0.223614 -0.207657
v 0.247870 -0.204914 -0.191257
v -0.319430 0.037886 -0.059657
v -0.301630 0.030186 -0.128157
v 0.276870 -0.217314 -0.128157
v -0.325430 0.040386 0.011543
v -0.319430 0.037886 0.082743
v -0.301630 0.030186 0.151143
v 0.161570 -0.167914 -0.291857
v -0.272730 0.017886 0.214243
v 0.107470 -0.144814 -0.325657
v 0.048670 -0.119614 0.369443
v -0.012430 -0.093514 0.376443
v -0.233730 0.001186 0.269543
v 0.048670 -0.119614 -0.346357
v 0.107470 -0.144814 0.348643
v -0.186330 -0.019114 0.314943
v -0.012430 -0.093514 -0.353357
v 0.161570 -0.167914 0.314943
v -0.132230 -0.042314 0.348643
v -0.073430 -0.067414 -0.346357
v 0.208970 -0.188214 0.269543
v -0.073430 -0.067414 0.369443
v -0.132230 -0.042314 -0.325657
v 0.247870 -0.204914 0.214243
v -0.186330 -0.019114 -0.291857
v 0.276870 -0.217314 0.151143
v -0.233730 0.001186 -0.246557
v 0.294670 -0.224914 0.082743
v -0.272730 0.017886 -0.191257
v 0.112970 -0.158614 -0.352957
v 0.049470 -0.131414 -0.375357
v 0.017170 -0.207014 -0.375357
v 0.080670 -0.234114 -0.352957
v -0.329130 0.030586 0.162443
v -0.348430 0.038786 0.088443
v 0.171470 -0.183614 -0.316457
v -0.297930 0.017186 0.230643
v 0.049470 -0.131414 0.398343
v -0.016530 -0.103214 0.405943
v -0.255830 -0.000814 0.290443
v 0.112970 -0.158614 0.375943
v -0.204530 -0.022714 0.339443
v -0.016530 -0.103214 -0.382957
v 0.171470 -0.183614 0.339443
v -0.146030 -0.047814 0.375943
v -0.082530 -0.074914 -0.375357
v 0.222770 -0.205514 0.290443
v -0.082530 -0.074914 0.398343
v -0.146030 -0.047814 -0.352957
v 0.264870 -0.223614 0.230643
v -0.204530 -0.022714 -0.316457
v 0.296170 -0.236914 0.162443
v -0.255830 -0.000814 -0.267457
v 0.315370 -0.245214 0.088443
v -0.297930 0.017186 -0.207657
v 0.321870 -0.248014 0.011543
v -0.329130 0.030586 -0.139457
v 0.315370 -0.245214 -0.065457
v -0.348430 0.038786 -0.065457
v 0.296170 -0.236914 -0.139457
v -0.354930 0.041586 0.011543
v -0.178330 -0.123314 -0.352957
v -0.173430 -0.150014 -0.313957
v -0.116730 -0.174314 -0.333957
v -0.114830 -0.150514 -0.375357
v 0.080670 -0.234114 0.375943
v 0.017170 -0.207014 0.398343
v -0.236830 -0.098314 0.339443
v -0.288130 -0.076414 0.290443
v -0.048830 -0.178714 -0.382957
v 0.139170 -0.259214 0.339443
v -0.178330 -0.123314 0.375943
v 0.190470 -0.281114 0.290443
v -0.114830 -0.150514 0.398343
v 0.232570 -0.299114 0.230643
v -0.048830 -0.178714 0.405943
v -0.236830 -0.098314 -0.316457
v 0.263770 -0.312514 0.162443
v -0.288130 -0.076414 -0.267457
v 0.283070 -0.320714 0.088443
v -0.330230 -0.058314 -0.207657
v 0.289570 -0.323514 0.011543
v -0.361530 -0.045014 -0.139457
v 0.283070 -0.320714 -0.065457
v -0.380730 -0.036714 -0.065457
v 0.263770 -0.312514 -0.139457
v -0.387230 -0.033914 0.011543
v 0.232570 -0.299114 -0.207657
v -0.380730 -0.036714 0.088443
v 0.190470 -0.281114 -0.267457
v -0.361530 -0.045014 0.162443
v 0.139170 -0.259214 -0.316457
v -0.330230 -0.058314 0.230643
v -0.309030 -0.092014 -0.184157
v -0.348830 -0.103914 -0.207057
v -0.306930 -0.121914 -0.266657
v -0.271430 -0.108114 -0.237557
v 0.193570 -0.307014 0.207243
v 0.155970 -0.290914 0.260643
v -0.116730 -0.174314 0.357043
v -0.057730 -0.199514 0.363743
v -0.225630 -0.127714 -0.281357
v 0.221470 -0.319014 0.146343
v 0.238670 -0.326314 0.080243
v 0.244470 -0.328814 0.011543
v -0.336930 -0.080114 -0.123257
v 0.238670 -0.326314 -0.057257
v -0.354130 -0.072714 -0.057257
v 0.221470 -0.319014 -0.123257
v -0.359930 -0.070214 0.011543
v 0.193570 -0.307014 -0.184157
v -0.354130 -0.072714 0.080243
v 0.155970 -0.290914 -0.237557
v -0.336930 -0.080114 0.146343
v 0.110170 -0.271314 -0.281357
v -0.309030 -0.092014 0.207243
v 0.057870 -0.249014 -0.313957
v 0.001270 -0.224714 0.357043
v -0.271430 -0.108114 0.260643
v 0.001270 -0.224714 -0.333957
v 0.057870 -0.249014 0.336943
v -0.225630 -0.127714 0.304443
v -0.057730 -0.199514 -0.340757
v 0.110170 -0.271314 0.304443
v -0.173430 -0.150014 0.336943
v -0.437730 -0.154314 0.011543
v -0.431230 -0.157014 -0.065257
v -0.399230 -0.082414 -0.065257
v -0.405730 -0.079614 0.011543
v 0.262870 -0.365614 0.088243
v 0.269370 -0.368414 0.011543
v -0.380030 -0.090614 -0.139057
v 0.262870 -0.365614 -0.065257
v 0.243670 -0.357414 -0.139057
v 0.212470 -0.344114 -0.207057
v -0.399230 -0.082414 0.088243
v 0.170470 -0.326114 -0.266657
v -0.380030 -0.090614 0.162043
v 0.119270 -0.304214 -0.315657
v -0.348830 -0.103914 0.230043
v 0.060970 -0.279314 -0.351957
v -0.002330 -0.252214 0.397343
v -0.068230 -0.224014 0.404943
v -0.306930 -0.121914 0.289743
v -0.002330 -0.252214 -0.374357
v 0.060970 -0.279314 0.374943
v -0.255730 -0.143814 0.338643
v -0.068230 -0.224014 -0.381957
v 0.119270 -0.304214 0.338643
v -0.197330 -0.168714 0.374943
v -0.134030 -0.195814 -0.374357
v 0.170470 -0.326114 0.289743
v -0.134030 -0.195814 0.397343
v -0.197330 -0.168714 -0.351957
v 0.212470 -0.344114 0.230043
v -0.255730 -0.143814 -0.315657
v 0.243670 -0.357414 0.162043
v -0.380830 -0.178614 0.230043
v -0.355530 -0.229014 0.199443
v -0.382630 -0.218414 0.140943
v -0.412030 -0.165214 0.162043
v 0.180470 -0.418714 -0.207057
v 0.211670 -0.432114 -0.139057
v -0.431230 -0.157014 0.088243
v 0.138570 -0.400814 -0.266657
v 0.087370 -0.378914 -0.315657
v 0.028970 -0.353914 -0.351957
v -0.034330 -0.326814 0.397343
v -0.100130 -0.298714 0.404943
v -0.338830 -0.196514 0.289743
v -0.034330 -0.326814 -0.374357
v 0.028970 -0.353914 0.374943
v -0.287630 -0.218414 0.338643
v -0.100130 -0.298714 -0.381957
v 0.087370 -0.378914 0.338643
v -0.229330 -0.243414 0.374943
v -0.166030 -0.270514 -0.374357
v 0.138570 -0.400814 0.289743
v -0.166030 -0.270514 0.397343
v -0.229330 -0.243414 -0.351957
v 0.180470 -0.418714 0.230043
v -0.287630 -0.218414 -0.315657
v 0.211670 -0.432114 0.162043
v -0.338830 -0.196514 -0.266657
v 0.230870 -0.440314 0.088243
v -0.380830 -0.178614 -0.207057
v 0.237370 -0.443114 0.011543
v -0.412030 -0.165214 -0.139057
v 0.230870 -0.440314 -0.065257
v -0.449830 -0.216114 -0.064457
v -0.430530 -0.223714 -0.137557
v -0.382630 -0.218414 -0.117957
v -0.399330 -0.211914 -0.054457
v 0.001070 -0.368814 -0.301057
v 0.051870 -0.388714 -0.269857
v -0.054030 -0.347214 0.343343
v -0.111330 -0.324714 0.349843
v -0.318930 -0.243414 0.250743
v -0.054030 -0.347214 -0.320357
v 0.001070 -0.368814 0.324143
v -0.274430 -0.260814 0.292843
v -0.111330 -0.324714 -0.326857
v 0.051870 -0.388714 0.292843
v -0.223730 -0.280714 0.324143
v -0.168630 -0.302314 -0.320357
v 0.096370 -0.406114 0.250743
v -0.168630 -0.302314 0.343343
v -0.223730 -0.280714 -0.301057
v 0.132870 -0.420514 0.199443
v -0.274430 -0.260814 -0.269857
v 0.160070 -0.431114 0.140943
v -0.318930 -0.243414 -0.227757
v 0.176770 -0.437614 0.077543
v -0.355530 -0.229014 -0.176457
v 0.182370 -0.439814 0.011543
v 0.176770 -0.437614 -0.054457
v 0.160070 -0.431114 -0.117957
v -0.405030 -0.209614 0.011543
v 0.132870 -0.420514 -0.176457
v -0.399330 -0.211914 0.077543
v 0.096370 -0.406114 -0.227757
v -0.430530 -0.223714 0.160543
v -0.454130 -0.296314 0.160543
v -0.473330 -0.288814 0.087443
v -0.449830 -0.216114 0.087443
v 0.194070 -0.468514 -0.137557
v 0.213370 -0.476014 -0.064457
v -0.456330 -0.213614 0.011543
v 0.162870 -0.456214 -0.204857
v 0.120870 -0.439814 -0.263857
v 0.069570 -0.419714 -0.312357
v -0.399330 -0.235914 0.227843
v 0.011170 -0.396814 -0.348357
v -0.052230 -0.371914 0.393543
v -0.118230 -0.346114 0.400943
v -0.357230 -0.252414 0.286943
v -0.052230 -0.371914 -0.370457
v 0.011170 -0.396814 0.371343
v -0.306030 -0.272514 0.335343
v -0.118230 -0.346114 -0.377957
v 0.069570 -0.419714 0.335343
v -0.247630 -0.295414 0.371343
v -0.184130 -0.320214 -0.370457
v 0.120870 -0.439814 0.286943
v -0.184130 -0.320214 0.393543
v -0.247630 -0.295414 -0.348357
v 0.162870 -0.456214 0.227843
v -0.306030 -0.272514 -0.312357
v 0.194070 -0.468514 0.160543
v -0.357230 -0.252414 -0.263857
v 0.213370 -0.476014 0.087443
v -0.399330 -0.235914 -0.204857
v 0.219870 -0.478614 0.011543
v -0.358330 -0.376514 0.247343
v -0.380830 -0.325014 0.286943
v -0.329630 -0.345114 0.335343
v -0.314030 -0.392114 0.288743
v 0.046070 -0.492314 -0.312357
v 0.097270 -0.512414 -0.263857
v -0.422830 -0.308614 0.227843
v -0.012430 -0.469414 -0.348357
v -0.075830 -0.444614 0.393543
v -0.141730 -0.418714 0.400943
v -0.075830 -0.444614 -0.370457
v -0.012430 -0.469414 0.371343
v -0.141730 -0.418714 -0.377957
v 0.046070 -0.492314 0.335343
v -0.271130 -0.368014 0.371343
v -0.207730 -0.392914 -0.370457
v 0.097270 -0.512414 0.286943
v -0.207730 -0.392914 0.393543
v -0.271130 -0.368014 -0.348357
v 0.139270 -0.528914 0.227843
v -0.329630 -0.345114 -0.312357
v 0.170570 -0.541114 0.160543
v -0.380830 -0.325014 -0.263857
v 0.189770 -0.548714 0.087443
v -0.422830 -0.308614 -0.204857
v 0.196270 -0.551214 0.011543
v -0.454130 -0.296314 -0.137557
v 0.189770 -0.548714 -0.064457
v -0.473330 -0.288814 -0.064457
v 0.170570 -0.541114 -0.137557
v -0.479830 -0.286214 0.011543
v 0.139270 -0.528914 -0.204857
v -0.156330 -0.470614 0.388643
v -0.220830 -0.447914 0.381443
v -0.208730 -0.429314 0.338543
v -0.151730 -0.449414 0.344943
v -0.151730 -0.449414 -0.321957
v -0.094730 -0.469614 -0.315557
v 0.010670 -0.506714 0.288743
v -0.039930 -0.488914 0.319543
v -0.263530 -0.410014 0.319543
v -0.208730 -0.429314 -0.315557
v 0.054870 -0.522414 0.247343
v -0.263530 -0.410014 -0.296557
v 0.091270 -0.535214 0.196743
v -0.314030 -0.392114 -0.265757
v 0.118270 -0.544714 0.139143
v -0.358330 -0.376514 -0.224257
v 0.134870 -0.550614 0.076543
v -0.394730 -0.363714 -0.173757
v 0.140470 -0.552614 0.011543
v -0.421730 -0.354114 -0.116057
v 0.134870 -0.550614 -0.053557
v -0.438330 -0.348314 -0.053557
v 0.118270 -0.544714 -0.116057
v -0.443930 -0.346314 0.011543
v 0.091270 -0.535214 -0.173757
v -0.438330 -0.348314 0.076543
v 0.054870 -0.522414 -0.224257
v -0.421730 -0.354114 0.139143
v 0.010670 -0.506714 -0.265757
v -0.394730 -0.363714 0.196743
v -0.039930 -0.488914 -0.296557
v -0.094730 -0.469614 0.338543
v -0.461630 -0.362814 -0.132857
v -0.476730 -0.432114 -0.132857
v -0.446130 -0.442914 -0.198057
v -0.431130 -0.373614 -0.198057
v -0.339930 -0.405814 -0.302057
v -0.282830 -0.426014 -0.336957
v 0.118470 -0.567614 0.221043
v 0.148970 -0.578414 0.155843
v -0.390030 -0.388114 -0.255157
v 0.167870 -0.585014 0.085043
v 0.174170 -0.587314 0.011543
v 0.167870 -0.585014 -0.062057
v -0.480430 -0.356214 -0.062057
v 0.148970 -0.578414 -0.132857
v -0.486830 -0.354014 0.011543
v 0.118470 -0.567614 -0.198057
v -0.480430 -0.356214 0.085043
v 0.077370 -0.553114 -0.255157
v -0.461630 -0.362814 0.155843
v 0.027270 -0.535414 -0.302057
v -0.431130 -0.373614 0.221043
v -0.029830 -0.515214 -0.336957
v -0.091830 -0.493414 0.381443
v -0.390030 -0.388114 0.278143
v -0.091830 -0.493414 -0.358357
v -0.029830 -0.515214 0.359943
v -0.339930 -0.405814 0.325043
v -0.156330 -0.470614 -0.365657
v 0.027270 -0.535414 0.325043
v -0.282830 -0.426014 0.359943
v -0.220830 -0.447914 -0.358357
v 0.077370 -0.553114 0.278143
v -0.455530 -0.481614 0.011543
v -0.501830 -0.423214 0.011543
v -0.495530 -0.425514 0.085043
v -0.450130 -0.483214 0.073043
v 0.152770 -0.654314 -0.062057
v 0.159170 -0.656514 0.011543
v -0.495530 -0.425514 -0.062057
v 0.133970 -0.647614 -0.132857
v 0.103470 -0.636914 -0.198057
v 0.062370 -0.622314 -0.255157
v -0.476730 -0.432114 0.155843
v 0.012270 -0.604714 -0.302057
v -0.446130 -0.442914 0.221043
v -0.044930 -0.584514 -0.336957
v -0.171330 -0.539914 0.388643
v -0.106930 -0.562614 0.381443
v -0.405030 -0.457414 0.278143
v -0.106930 -0.562614 -0.358357
v -0.044930 -0.584514 0.359943
v -0.354930 -0.475114 0.325043
v -0.171330 -0.539914 -0.365657
v 0.012270 -0.604714 0.325043
v -0.297830 -0.495214 0.359943
v -0.235830 -0.517114 -0.358357
v 0.062370 -0.622314 0.278143
v -0.235830 -0.517114 0.381443
v -0.297830 -0.495214 -0.336957
v 0.103470 -0.636914 0.221043
v -0.354930 -0.475114 -0.302057
v 0.133970 -0.647614 0.155843
v -0.405030 -0.457414 -0.255157
v 0.152770 -0.654314 0.085043
v -0.176830 -0.565314 0.327143
v -0.122530 -0.581614 0.321043
v -0.116730 -0.617114 0.369143
v -0.179530 -0.598214 0.376243
v 0.020170 -0.624514 -0.211657
v 0.054770 -0.634914 -0.163857
v -0.434330 -0.487914 0.132243
v -0.022030 -0.611814 -0.250957
v -0.408530 -0.495714 0.186843
v -0.070230 -0.597314 -0.280057
v -0.373930 -0.506114 0.234643
v -0.122530 -0.581614 -0.298057
v -0.070230 -0.597314 0.303043
v -0.331630 -0.518814 0.273943
v -0.176830 -0.565314 -0.304057
v -0.022030 -0.611814 0.273943
v -0.283530 -0.533214 0.303043
v -0.231230 -0.548914 -0.298057
v 0.020170 -0.624514 0.234643
v -0.231230 -0.548914 0.321043
v -0.283530 -0.533214 -0.280057
v 0.054770 -0.634914 0.186843
v -0.331630 -0.518814 -0.250957
v 0.080570 -0.642614 0.132243
v -0.373930 -0.506114 -0.211657
v 0.096370 -0.647414 0.073043
v -0.408530 -0.495714 -0.163857
v 0.101770 -0.649014 0.011543
v -0.434330 -0.487914 -0.109257
v 0.096370 -0.647414 -0.050057
v -0.450130 -0.483214 -0.050057
v 0.080570 -0.642614 -0.109257
v 0.048070 -0.666614 0.269343
v 0.042170 -0.738714 0.269343
v -0.006630 -0.724014 0.314743
v -0.000730 -0.652014 0.314743
v -0.407230 -0.529814 0.269343
v -0.447230 -0.517814 0.214143
v -0.116730 -0.617114 -0.346157
v -0.056330 -0.635214 -0.325457
v -0.056330 -0.635214 0.348443
v -0.358430 -0.544514 0.314743
v -0.179530 -0.598214 -0.353157
v -0.302730 -0.561214 0.348443
v -0.242330 -0.579314 -0.346157
v -0.242330 -0.579314 0.369143
v -0.302730 -0.561214 -0.325457
v 0.088170 -0.678614 0.214143
v -0.358430 -0.544514 -0.291757
v 0.117870 -0.687614 0.151043
v -0.407230 -0.529814 -0.246357
v 0.136170 -0.693114 0.082643
v -0.447230 -0.517814 -0.191057
v 0.142370 -0.694914 0.011543
v -0.477030 -0.508814 -0.128057
v 0.136170 -0.693114 -0.059657
v -0.495330 -0.503314 -0.059657
v 0.117870 -0.687614 -0.128057
v -0.501530 -0.501514 0.011543
v 0.088170 -0.678614 -0.191057
v -0.495330 -0.503314 0.082643
v 0.048070 -0.666614 -0.246357
v -0.477030 -0.508814 0.151043
v -0.000730 -0.652014 -0.291757
v 0.078370 -0.757714 0.071143
v 0.062970 -0.753514 0.128443
v 0.111970 -0.759614 0.151043
v 0.130370 -0.765114 0.082643
v -0.248230 -0.651414 0.369143
v -0.308630 -0.633314 0.348443
v -0.308630 -0.633314 -0.325457
v -0.248230 -0.651414 -0.346157
v 0.082270 -0.750714 0.214143
v -0.185430 -0.670314 0.376243
v -0.364330 -0.616514 -0.291757
v -0.413130 -0.601914 -0.246357
v -0.453130 -0.589814 -0.191057
v 0.136470 -0.767014 0.011543
v -0.482930 -0.580914 -0.128057
v 0.130370 -0.765114 -0.059657
v -0.501230 -0.575414 -0.059657
v 0.111970 -0.759614 -0.128057
v -0.507430 -0.573514 0.011543
v 0.082270 -0.750714 -0.191057
v -0.501230 -0.575414 0.082643
v 0.042170 -0.738714 -0.246357
v -0.482930 -0.580914 0.151043
v -0.006630 -0.724014 -0.291757
v -0.453130 -0.589814 0.214143
v -0.062230 -0.707314 -0.325457
v -0.122630 -0.689114 0.369143
v -0.413130 -0.601914 0.269343
v -0.122630 -0.689114 -0.346157
v -0.062230 -0.707314 0.348443
v -0.364330 -0.616514 0.314743
v -0.185430 -0.670314 -0.353157
v 0.062970 -0.753514 -0.105457
v 0.103570 -0.783814 -0.124657
v 0.121470 -0.788714 -0.057857
v 0.078370 -0.757714 -0.048157
v -0.411330 -0.623414 -0.158357
v -0.377730 -0.632714 -0.204657
v 0.083570 -0.759114 0.011543
v -0.436330 -0.616614 -0.105457
v -0.451730 -0.612414 -0.048157
v -0.456830 -0.611014 0.011543
v 0.037970 -0.746614 -0.158357
v -0.451730 -0.612414 0.071143
v 0.004370 -0.737414 -0.204657
v -0.436330 -0.616614 0.128443
v -0.036530 -0.726214 -0.242657
v -0.411330 -0.623414 0.181343
v -0.083230 -0.713414 -0.270957
v -0.133930 -0.699514 0.311343
v -0.186630 -0.685014 0.317243
v -0.377730 -0.632714 0.227643
v -0.133930 -0.699514 -0.288257
v -0.083230 -0.713414 0.293943
v -0.336830 -0.643914 0.265643
v -0.186630 -0.685014 -0.294157
v -0.036530 -0.726214 0.265643
v -0.290030 -0.656714 0.293943
v -0.239330 -0.670614 -0.288257
v 0.004370 -0.737414 0.227643
v -0.239330 -0.670614 0.311343
v -0.290030 -0.656714 -0.270957
v 0.037970 -0.746614 0.181343
v -0.336830 -0.643914 -0.242657
v -0.012230 -0.752014 -0.284357
v -0.013530 -0.824214 -0.284357
v 0.034170 -0.837314 -0.240057
v 0.035370 -0.765114 -0.240057
v -0.501530 -0.617914 0.011543
v -0.495430 -0.619614 -0.057857
v 0.074570 -0.775814 -0.186157
v -0.495430 -0.619614 0.080943
v -0.477530 -0.624514 0.147643
v -0.448530 -0.632414 0.209143
v -0.066630 -0.737114 -0.317257
v -0.125630 -0.720914 0.360443
v -0.187030 -0.704114 0.367343
v -0.409430 -0.643214 0.263143
v -0.125630 -0.720914 -0.337457
v -0.066630 -0.737114 0.340243
v -0.361730 -0.656214 0.307343
v -0.187030 -0.704114 -0.344257
v -0.012230 -0.752014 0.307343
v -0.307330 -0.671114 0.340243
v -0.248330 -0.687314 -0.337457
v 0.035370 -0.765114 0.263143
v -0.248330 -0.687314 0.360443
v -0.307330 -0.671114 -0.317257
v 0.074570 -0.775814 0.209143
v -0.361730 -0.656214 -0.284357
v 0.103570 -0.783814 0.147643
v -0.409430 -0.643214 -0.240057
v 0.121470 -0.788714 0.080943
v -0.448530 -0.632414 -0.186157
v 0.127570 -0.790314 0.011543
v -0.477530 -0.624514 -0.124657
v -0.188230 -0.776314 -0.344257
v -0.188730 -0.804514 -0.298557
v -0.135530 -0.815114 -0.292557
v -0.126830 -0.793214 -0.337457
v -0.449730 -0.704714 0.209143
v -0.478830 -0.696714 0.147643
v -0.067830 -0.809314 -0.317257
v -0.126830 -0.793214 0.360443
v -0.188230 -0.776314 0.367343
v -0.410630 -0.715414 0.263143
v -0.067830 -0.809314 0.340243
v -0.362930 -0.728414 0.307343
v -0.013530 -0.824214 0.307343
v -0.308630 -0.743314 0.340243
v -0.249630 -0.759514 -0.337457
v 0.034170 -0.837314 0.263143
v -0.249630 -0.759514 0.360443
v -0.308630 -0.743314 -0.317257
v 0.073270 -0.848014 0.209143
v -0.362930 -0.728414 -0.284357
v 0.102370 -0.856014 0.147643
v -0.410630 -0.715414 -0.240057
v 0.120270 -0.860914 0.080943
v -0.449730 -0.704714 -0.186157
v 0.126270 -0.862514 0.011543
v -0.478830 -0.696714 -0.124657
v 0.120270 -0.860914 -0.057857
v -0.496730 -0.691814 -0.057857
v 0.102370 -0.856014 -0.124657
v -0.502730 -0.690114 0.011543
v 0.073270 -0.848014 -0.186157
v -0.496730 -0.691814 0.080943
v -0.340130 -0.774314 -0.246257
v -0.358030 -0.784414 -0.280357
v -0.304630 -0.795014 -0.312757
v -0.293030 -0.783714 -0.274957
v -0.037230 -0.834714 0.269343
v -0.084330 -0.825314 0.297943
v -0.293030 -0.783714 0.297943
v -0.340130 -0.774314 0.269343
v -0.241930 -0.793914 -0.292557
v 0.004070 -0.843014 0.230743
v -0.241930 -0.793914 0.315643
v 0.037970 -0.849814 0.183743
v -0.188730 -0.804514 0.321543
v 0.063170 -0.854814 0.130143
v -0.381530 -0.766114 -0.207757
v 0.078670 -0.857914 0.072043
v -0.415430 -0.759314 -0.160757
v 0.083870 -0.858914 0.011543
v -0.440630 -0.754314 -0.107157
v 0.078670 -0.857914 -0.048957
v -0.456130 -0.751214 -0.048957
v 0.063170 -0.854814 -0.107157
v -0.461330 -0.750114 0.011543
v 0.037970 -0.849814 -0.160757
v -0.456130 -0.751214 0.072043
v 0.004070 -0.843014 -0.207757
v -0.440630 -0.754314 0.130143
v -0.037230 -0.834714 -0.246257
v -0.415430 -0.759314 0.183743
v -0.084330 -0.825314 -0.274957
v -0.135530 -0.815114 0.315643
v -0.381530 -0.766114 0.230743
v -0.471730 -0.761714 -0.122857
v -0.460430 -0.834814 -0.122857
v -0.431930 -0.840514 -0.183557
v -0.443130 -0.767414 -0.183557
v 0.070070 -0.869814 0.206543
v 0.098570 -0.875514 0.145843
v -0.404830 -0.775014 -0.236657
v 0.116170 -0.879014 0.079943
v 0.122070 -0.880214 0.011543
v 0.116170 -0.879014 -0.056957
v -0.489230 -0.758214 -0.056957
v 0.098570 -0.875514 -0.122857
v -0.495230 -0.757014 0.011543
v 0.070070 -0.869814 -0.183557
v -0.489230 -0.758214 0.079943
v 0.031670 -0.862114 -0.236657
v -0.471730 -0.761714 0.145843
v -0.015030 -0.852814 -0.280357
v -0.443130 -0.767414 0.206543
v -0.068430 -0.842114 -0.312757
v -0.126330 -0.830614 0.355743
v -0.186530 -0.818614 0.362543
v -0.404830 -0.775014 0.259743
v -0.126330 -0.830614 -0.332757
v -0.068430 -0.842114 0.335843
v -0.358030 -0.784414 0.303343
v -0.186530 -0.818614 -0.339557
v -0.015030 -0.852814 0.303343
v -0.304630 -0.795014 0.335843
v -0.246730 -0.806614 -0.332757
v 0.031670 -0.862114 0.259743
v -0.246730 -0.806614 0.355743
v -0.477930 -0.831314 0.079943
v -0.439230 -0.869514 0.072443
v -0.444430 -0.868614 0.011543
v -0.483930 -0.830114 0.011543
v 0.127470 -0.952114 -0.056957
v 0.133370 -0.953314 0.011543
v -0.477930 -0.831314 -0.056957
v 0.109870 -0.948614 -0.122857
v 0.081370 -0.942914 -0.183557
v 0.042970 -0.935314 -0.236657
v -0.460430 -0.834814 0.145843
v -0.003830 -0.925914 -0.280357
v -0.431930 -0.840514 0.206543
v -0.057130 -0.915314 -0.312757
v -0.175230 -0.891714 0.362543
v -0.115030 -0.903714 0.355743
v -0.393530 -0.848214 0.259743
v -0.115030 -0.903714 -0.332757
v -0.057130 -0.915314 0.335843
v -0.346730 -0.857514 0.303343
v -0.175230 -0.891714 -0.339557
v -0.003830 -0.925914 0.303343
v -0.293330 -0.868114 0.335843
v -0.235430 -0.879714 -0.332757
v 0.042970 -0.935314 0.259743
v -0.235430 -0.879714 0.355743
v -0.293330 -0.868114 -0.312757
v 0.081370 -0.942914 0.206543
v -0.346730 -0.857514 -0.280357
v 0.109870 -0.948614 0.145843
v -0.393530 -0.848214 -0.236657
v 0.127470 -0.952114 0.079943
v -0.235430 -0.925814 -0.332857
v -0.225130 -0.904514 -0.294657
v -0.276230 -0.896214 -0.276857
v -0.292930 -0.916414 -0.312857
v 0.020770 -0.944814 -0.209257
v 0.054670 -0.950314 -0.161957
v -0.423730 -0.872014 0.130943
v -0.020530 -0.938014 -0.248057
v -0.398530 -0.876114 0.184943
v -0.067630 -0.930314 -0.276857
v -0.118730 -0.922014 0.317643
v -0.171930 -0.913214 0.323643
v -0.364630 -0.881714 0.232243
v -0.118730 -0.922014 -0.294657
v -0.067630 -0.930314 0.299943
v -0.323330 -0.888514 0.271043
v -0.171930 -0.913214 -0.300657
v -0.020530 -0.938014 0.271043
v -0.276230 -0.896214 0.299943
v 0.020770 -0.944814 0.232243
v -0.225130 -0.904514 0.317643
v 0.054670 -0.950314 0.184943
v -0.323330 -0.888514 -0.248057
v 0.079870 -0.954514 0.130943
v -0.364630 -0.881714 -0.209257
v 0.095370 -0.957014 0.072443
v -0.398530 -0.876114 -0.161957
v 0.100570 -0.957914 0.011543
v -0.423730 -0.872014 -0.107957
v 0.095370 -0.957014 -0.049357
v -0.439230 -0.869514 -0.049357
v 0.079870 -0.954514 -0.107957
v -0.400830 -0.951914 -0.236757
v -0.392330 -0.900114 -0.236757
v -0.430530 -0.893814 -0.183557
v -0.438930 -0.945714 -0.183557
v 0.079270 -0.977314 0.206543
v 0.041170 -0.971114 0.259843
v -0.175630 -0.935614 0.362643
v -0.235430 -0.925814 0.355943
v -0.345930 -0.907714 -0.280457
v 0.107570 -0.982014 0.145843
v 0.125070 -0.984814 0.080043
v 0.130970 -0.985814 0.011543
v -0.458830 -0.889214 -0.122857
v 0.125070 -0.984814 -0.056957
v -0.476230 -0.886314 -0.056957
v 0.107570 -0.982014 -0.122857
v -0.482130 -0.885414 0.011543
v 0.079270 -0.977314 -0.183557
v -0.476230 -0.886314 0.080043
v 0.041170 -0.971114 -0.236757
v -0.458830 -0.889214 0.145843
v -0.005330 -0.963514 -0.280457
v -0.430530 -0.893814 0.206543
v -0.058330 -0.954814 -0.312857
v -0.115830 -0.945414 0.355943
v -0.392330 -0.900114 0.259843
v -0.115830 -0.945414 -0.332857
v -0.058330 -0.954814 0.335943
v -0.345930 -0.907714 0.303443
v -0.175630 -0.935614 -0.339657
v -0.005330 -0.963514 0.303443
v -0.292930 -0.916414 0.335943
v -0.462730 -1.010314 -0.050057
v -0.484730 -0.938214 -0.056957
v -0.490630 -0.937214 0.011543
v -0.468030 -1.010114 0.011543
v 0.116570 -1.036714 0.080043
v 0.122470 -1.037614 0.011543
v -0.467330 -0.941014 -0.122857
v 0.116570 -1.036714 -0.056957
v 0.099170 -1.033814 -0.122857
v 0.070770 -1.029214 -0.183557
v -0.484730 -0.938214 0.080043
v 0.032670 -1.022914 -0.236757
v -0.467330 -0.941014 0.145843
v -0.013730 -1.015314 -0.280457
v -0.438930 -0.945714 0.206543
v -0.066730 -1.006614 -0.312857
v -0.124330 -0.997214 0.355943
v -0.184130 -0.987414 0.362643
v -0.400830 -0.951914 0.259843
v -0.124330 -0.997214 -0.332857
v -0.066730 -1.006614 0.335943
v -0.354430 -0.959514 0.303443
v -0.184130 -0.987414 -0.339657
v -0.013730 -1.015314 0.303443
v -0.301430 -0.968214 0.335943
v -0.243930 -0.977614 -0.332857
v 0.032670 -1.022914 0.259843
v -0.243930 -0.977614 0.355943
v -0.301430 -0.968214 -0.312857
v 0.070770 -1.029214 0.206543
v -0.354430 -0.959514 -0.280457
v 0.099170 -1.033814 0.145843
v -0.134530 -1.018514 0.321043
v -0.082130 -1.019914 0.303143
v -0.033930 -1.021114 0.273943
v 0.008370 -1.022114 0.234643
v 0.043170 -1.023014 0.186843
v 0.068870 -1.023714 0.132243
v 0.084770 -1.024114 0.073043
v 0.090170 -1.024214 0.011543
v 0.084770 -1.024114 -0.050057
v 0.068870 -1.023714 -0.109257
v 0.043170 -1.023014 -0.163857
v 0.008370 -1.022114 -0.211657
v -0.033930 -1.021114 -0.250957
v -0.082130 -1.019914 -0.280057
v -0.134530 -1.018514 -0.298057
v -0.188930 -1.017214 -0.304157
v -0.243430 -1.015814 -0.298057
v -0.295730 -1.014514 -0.280057
v -0.344030 -1.013314 -0.250957
v -0.386330 -1.012214 -0.211657
v -0.421030 -1.011314 -0.163857
v -0.446830 -1.010714 -0.109257
v -0.462730 -1.010314 0.073043
v -0.446830 -1.010714 0.132243
v -0.421030 -1.011314 0.186843
v -0.386330 -1.012214 0.234643
v -0.344030 -1.013314 0.273943
v -0.295730 -1.014514 0.303143
v -0.243430 -1.015814 0.321043
v -0.188930 -1.017214 0.327143
v -0.165730 -1.075114 0.397743
v -0.239330 -1.075114 0.390543
v -0.310130 -1.075114 0.369043
v -0.375430 -1.075114 0.334143
v -0.432630 -1.075114 0.287243
v -0.479530 -1.075114 0.230043
v -0.514430 -1.075114 0.164843
v -0.535830 -1.075114 0.094043
v -0.543130 -1.075114 0.020443
v -0.535830 -1.075114 -0.053257
v -0.514430 -1.075114 -0.124057
v -0.479530 -1.075114 -0.189257
v -0.432630 -1.075114 -0.246457
v -0.375430 -1.075114 -0.293357
v -0.310130 -1.075114 -0.328257
v -0.239330 -1.075114 -0.349757
v -0.165730 -1.075114 -0.356957
v -0.092130 -1.075114 -0.349757
v -0.021330 -1.075114 -0.328257
v 0.043870 -1.075114 -0.293357
v 0.101070 -1.075114 -0.246457
v 0.148070 -1.075114 -0.189257
v 0.182870 -1.075114 -0.124057
v 0.204370 -1.075114 -0.053257
v 0.211670 -1.075114 0.020443
v 0.204370 -1.075114 0.094043
v 0.182870 -1.075114 0.164843
v 0.148070 -1.075114 0.230043
v 0.101070 -1.075114 0.287243
v -0.092130 -1.075114 0.390543
v 0.043870 -1.075114 0.334143
v -0.021330 -1.075114 0.369043
v -0.072730 -1.254314 0.488143
v 0.016770 -1.254314 0.460943
v 0.099170 -1.254314 0.416943
v 0.171470 -1.254314 0.357543
v 0.230770 -1.254314 0.285343
v 0.274770 -1.254314 0.202843
v 0.301970 -1.254314 0.113443
v 0.311070 -1.254314 0.020443
v 0.301970 -1.254314 -0.072657
v 0.274770 -1.254314 -0.162057
v 0.230770 -1.254314 -0.244557
v 0.171470 -1.254314 -0.316757
v 0.099170 -1.254314 -0.376057
v 0.016770 -1.254314 -0.420157
v -0.072730 -1.254314 -0.447257
v -0.165730 -1.254314 -0.456457
v -0.258730 -1.254314 -0.447257
v -0.348230 -1.254314 -0.420157
v -0.430630 -1.254314 -0.376057
v -0.502930 -1.254314 -0.316757
v -0.562230 -1.254314 -0.244557
v -0.606330 -1.254314 -0.162057
v -0.633430 -1.254314 -0.072657
v -0.642630 -1.254314 0.020443
v -0.633430 -1.254314 0.113443
v -0.606330 -1.254314 0.202843
v -0.562230 -1.254314 0.285343
v -0.502930 -1.254314 0.357543
v -0.430630 -1.254314 0.416943
v -0.348230 -1.254314 0.460943
v -0.258730 -1.254314 0.488143
v -0.165730 -1.254314 0.497243
v -0.166330 -1.010514 0.380243
v -0.236230 -1.010514 0.373343
v -0.303430 -1.010514 0.352943
v -0.365330 -1.010514 0.319843
v -0.419630 -1.010514 0.275343
v -0.464130 -1.010514 0.221043
v -0.497230 -1.010514 0.159143
v -0.517630 -1.010514 0.091943
v -0.524530 -1.010514 0.022043
v -0.517630 -1.010514 -0.047757
v -0.497230 -1.010514 -0.114957
v -0.464130 -1.010514 -0.176957
v -0.419630 -1.010514 -0.231157
v -0.365330 -1.010514 -0.275757
v -0.303430 -1.010514 -0.308857
v -0.236230 -1.010514 -0.329257
v -0.166330 -1.010514 -0.336057
v -0.096430 -1.010514 -0.329257
v -0.029330 -1.010514 -0.308857
v 0.032670 -1.010514 -0.275757
v 0.086870 -1.010514 -0.231157
v 0.131470 -1.010514 -0.176957
v 0.164570 -1.010514 -0.114957
v 0.184970 -1.010514 -0.047757
v 0.191770 -1.010514 0.022043
v 0.184970 -1.010514 0.091943
v 0.164570 -1.010514 0.159143
v 0.131470 -1.010514 0.221043
v 0.086870 -1.010514 0.275343
v -0.096430 -1.010514 0.373343
v 0.032670 -1.010514 0.319843
v -0.029330 -1.010514 0.352943
v 0.101370 -1.041414 0.289843
v 0.101370 -1.076214 0.289843
v 0.043970 -1.076214 0.336943
v 0.043970 -1.041414 0.336943
v 0.212270 -1.041414 0.022043
v 0.205070 -1.041414 -0.051757
v -0.537730 -1.041414 -0.051757
v -0.516230 -1.041414 -0.122857
v 0.183470 -1.041414 -0.122857
v -0.545030 -1.041414 0.022043
v 0.148470 -1.041414 -0.188257
v -0.537730 -1.041414 0.095943
v 0.101370 -1.041414 -0.245657
v -0.516230 -1.041414 0.166943
v 0.043970 -1.041414 -0.292757
v -0.481230 -1.041414 0.232443
v -0.021430 -1.041414 -0.327757
v -0.166330 -1.041414 0.400743
v -0.092430 -1.041414 0.393443
v -0.434130 -1.041414 0.289843
v -0.092430 -1.041414 -0.349257
v -0.021430 -1.041414 0.371943
v -0.376730 -1.041414 0.336943
v -0.166330 -1.041414 -0.356557
v -0.311230 -1.041414 0.371943
v -0.240230 -1.041414 -0.349257
v -0.240230 -1.041414 0.393443
v -0.311230 -1.041414 -0.327757
v 0.148470 -1.041414 0.232443
v -0.376730 -1.041414 -0.292757
v 0.183470 -1.041414 0.166943
v -0.434130 -1.041414 -0.245657
v 0.205070 -1.041414 0.095943
v -0.481230 -1.041414 -0.188257
v -0.092430 -1.076214 0.393443
v -0.021430 -1.076214 0.371943
v 0.148470 -1.076214 0.232443
v 0.183470 -1.076214 0.166943
v 0.205070 -1.076214 0.095943
v 0.212270 -1.076214 0.022043
v 0.205070 -1.076214 -0.051757
v 0.183470 -1.076214 -0.122857
v 0.148470 -1.076214 -0.188257
v 0.101370 -1.076214 -0.245657
v 0.043970 -1.076214 -0.292757
v -0.021430 -1.076214 -0.327757
v -0.092430 -1.076214 -0.349257
v -0.166330 -1.076214 -0.356557
v -0.240230 -1.076214 -0.349257
v -0.311230 -1.076214 -0.327757
v -0.376730 -1.076214 -0.292757
v -0.434130 -1.076214 -0.245657
v -0.481230 -1.076214 -0.188257
v -0.516230 -1.076214 -0.122857
v -0.537730 -1.076214 -0.051757
v -0.545030 -1.076214 0.022043
v -0.537730 -1.076214 0.095943
v -0.516230 -1.076214 0.166943
v -0.481230 -1.076214 0.232443
v -0.434130 -1.076214 0.289843
v -0.376730 -1.076214 0.336943
v -0.311230 -1.076214 0.371943
v -0.240230 -1.076214 0.393443
v -0.166330 -1.076214 0.400743
v -0.614530 -1.302114 0.280143
v -0.618430 -1.302114 0.281643
v -0.618430 -1.376514 0.281643
v -0.614530 -1.376514 0.280143
v -0.622530 -1.302114 0.282343
v -0.622530 -1.376514 0.282343
v -0.626730 -1.302114 0.282243
v -0.626730 -1.376514 0.282243
v -0.630830 -1.302114 0.281243
v -0.630830 -1.376514 0.281243
v -0.634630 -1.302114 0.279543
v -0.634630 -1.376514 0.279543
v -0.638030 -1.376514 0.277143
v -0.638030 -1.302114 0.277143
v -0.640930 -1.376514 0.274043
v -0.640930 -1.302114 0.274043
v -0.643130 -1.302114 0.270543
v -0.643130 -1.376514 0.270543
v -0.644630 -1.376514 0.266643
v -0.644630 -1.302114 0.266643
v -0.645330 -1.376514 0.262543
v -0.645330 -1.302114 0.262543
v -0.645130 -1.376514 0.258343
v -0.645130 -1.302114 0.258343
v -0.644230 -1.302114 0.254243
v -0.644230 -1.376514 0.254243
v -0.642530 -1.376514 0.250443
v -0.642530 -1.302114 0.250443
v -0.640030 -1.376514 0.247043
v -0.640030 -1.302114 0.247043
v -0.637030 -1.376514 0.244143
v -0.637030 -1.302114 0.244143
v -0.633530 -1.376514 0.241943
v -0.633530 -1.302114 0.241943
v -0.629530 -1.376514 0.240443
v -0.629530 -1.302114 0.240443
v -0.625430 -1.376514 0.239743
v -0.625430 -1.302114 0.239743
v -0.621230 -1.376514 0.239843
v -0.621230 -1.302114 0.239843
v -0.617230 -1.302114 0.240843
v -0.617230 -1.376514 0.240843
v -0.613330 -1.302114 0.242543
v -0.613330 -1.376514 0.242543
v -0.609930 -1.376514 0.244943
v -0.609930 -1.302114 0.244943
v -0.607130 -1.376514 0.248043
v -0.607130 -1.302114 0.248043
v -0.604830 -1.302114 0.251543
v -0.604830 -1.376514 0.251543
v -0.603430 -1.302114 0.255443
v -0.603430 -1.376514 0.255443
v -0.602730 -1.376514 0.259543
v -0.602730 -1.302114 0.259543
v -0.602830 -1.302114 0.263743
v -0.602830 -1.376514 0.263743
v -0.603730 -1.376514 0.267843
v -0.603730 -1.302114 0.267843
v -0.605430 -1.376514 0.271643
v -0.605430 -1.302114 0.271643
v -0.607930 -1.302114 0.275043
v -0.607930 -1.376514 0.275043
v -0.634530 -1.283714 0.266343
v -0.635630 -1.283914 0.263643
v -0.610930 -1.302114 0.277943
v -0.610930 -1.376514 0.277943
v -0.624430 -1.287714 0.274943
v -0.610030 -1.276914 0.267843
v -0.610030 -1.274914 0.265843
v -0.626830 -1.286414 0.274143
v -0.626030 -1.296114 0.246843
v -0.628330 -1.294414 0.247043
v -0.611530 -1.300114 0.264043
v -0.611730 -1.300914 0.261243
v -0.629130 -1.285214 0.272743
v -0.634130 -1.289214 0.250843
v -0.635330 -1.287714 0.252943
v -0.614930 -1.301414 0.253343
v -0.616730 -1.300914 0.251143
v -0.617430 -1.292614 0.274343
v -0.619630 -1.290914 0.275043
v -0.615430 -1.294414 0.273043
v -0.636230 -1.284414 0.260843
v -0.623630 -1.297614 0.247143
v -0.611830 -1.298914 0.266743
v -0.631230 -1.284414 0.270943
v -0.632530 -1.290914 0.249043
v -0.613430 -1.301614 0.255843
v -0.621930 -1.289214 0.275343
v -0.636430 -1.285214 0.258043
v -0.621130 -1.298914 0.247943
v -0.612630 -1.297614 0.269143
v -0.633130 -1.283914 0.268743
v -0.630530 -1.292614 0.247843
v -0.612330 -1.301414 0.258443
v -0.636130 -1.286414 0.255443
v -0.618830 -1.300114 0.249343
v -0.613830 -1.296114 0.271243
v -0.610930 -1.281814 0.270743
v -0.611830 -1.284514 0.271543
v -0.613030 -1.287114 0.271843
v -0.614430 -1.289614 0.271543
v -0.615930 -1.292014 0.270743
v -0.617530 -1.294014 0.269543
v -0.619230 -1.295714 0.267843
v -0.620830 -1.297014 0.265843
v -0.622430 -1.297714 0.263443
v -0.623730 -1.298014 0.260943
v -0.624930 -1.297714 0.258343
v -0.625930 -1.297014 0.255643
v -0.626530 -1.295714 0.253143
v -0.626830 -1.294014 0.250843
v -0.626930 -1.292014 0.248743
v -0.626530 -1.289614 0.247043
v -0.625930 -1.287114 0.245843
v -0.625030 -1.284514 0.245043
v -0.623830 -1.281814 0.244743
v -0.622530 -1.279314 0.245043
v -0.620930 -1.276914 0.245843
v -0.619330 -1.274914 0.247043
v -0.617730 -1.273214 0.248743
v -0.616030 -1.271914 0.250743
v -0.614530 -1.271214 0.253143
v -0.613130 -1.270914 0.255643
v -0.611930 -1.271214 0.258343
v -0.611030 -1.271914 0.260943
v -0.610430 -1.273214 0.263443
v -0.610330 -1.279314 0.269543
v -0.655830 -1.302114 -0.177957
v -0.655830 -1.376514 -0.177957
v -0.652930 -1.376514 -0.174957
v -0.652930 -1.302114 -0.174957
v -0.658130 -1.376514 -0.181457
v -0.658130 -1.302114 -0.181457
v -0.659630 -1.302114 -0.185357
v -0.659630 -1.376514 -0.185357
v -0.660430 -1.376514 -0.189457
v -0.660430 -1.302114 -0.189457
v -0.660330 -1.302114 -0.193657
v -0.660330 -1.376514 -0.193657
v -0.659530 -1.376514 -0.197657
v -0.659530 -1.302114 -0.197657
v -0.657830 -1.376514 -0.201557
v -0.657830 -1.302114 -0.201557
v -0.655530 -1.302114 -0.204957
v -0.655530 -1.376514 -0.204957
v -0.652530 -1.376514 -0.207957
v -0.652530 -1.302114 -0.207957
v -0.649030 -1.302114 -0.210257
v -0.649030 -1.376514 -0.210257
v -0.645130 -1.302114 -0.211757
v -0.645130 -1.376514 -0.211757
v -0.641030 -1.376514 -0.212557
v -0.641030 -1.302114 -0.212557
v -0.636830 -1.302114 -0.212457
v -0.636830 -1.376514 -0.212457
v -0.632730 -1.302114 -0.211657
v -0.632730 -1.376514 -0.211657
v -0.628930 -1.376514 -0.209957
v -0.628930 -1.302114 -0.209957
v -0.625430 -1.302114 -0.207657
v -0.625430 -1.376514 -0.207657
v -0.622530 -1.302114 -0.204657
v -0.622530 -1.376514 -0.204657
v -0.620230 -1.376514 -0.201157
v -0.620230 -1.302114 -0.201157
v -0.618630 -1.376514 -0.197257
v -0.618630 -1.302114 -0.197257
v -0.617930 -1.302114 -0.193157
v -0.617930 -1.376514 -0.193157
v -0.617930 -1.376514 -0.188957
v -0.617930 -1.302114 -0.188957
v -0.618830 -1.302114 -0.184857
v -0.618830 -1.376514 -0.184857
v -0.620430 -1.302114 -0.181057
v -0.620430 -1.376514 -0.181057
v -0.622830 -1.376514 -0.177557
v -0.622830 -1.302114 -0.177557
v -0.625830 -1.376514 -0.174657
v -0.625830 -1.302114 -0.174657
v -0.629330 -1.302114 -0.172357
v -0.629330 -1.376514 -0.172357
v -0.633230 -1.376514 -0.170757
v -0.633230 -1.302114 -0.170757
v -0.637330 -1.302114 -0.170057
v -0.637330 -1.376514 -0.170057
v -0.641530 -1.302114 -0.170057
v -0.641530 -1.376514 -0.170057
v -0.645530 -1.376514 -0.170957
v -0.645530 -1.302114 -0.170957
v -0.646130 -1.283914 -0.200957
v -0.648230 -1.283714 -0.198857
v -0.649430 -1.302114 -0.172557
v -0.649430 -1.376514 -0.172557
v -0.652330 -1.286414 -0.188657
v -0.652130 -1.287714 -0.186057
v -0.639830 -1.276914 -0.175757
v -0.637930 -1.274914 -0.176557
v -0.626930 -1.296114 -0.198857
v -0.628030 -1.294414 -0.200957
v -0.636930 -1.300114 -0.178657
v -0.634430 -1.300914 -0.179957
v -0.651930 -1.285214 -0.191257
v -0.636330 -1.287714 -0.204957
v -0.633830 -1.289214 -0.204657
v -0.627130 -1.300914 -0.188557
v -0.628430 -1.301414 -0.186057
v -0.648630 -1.292614 -0.179957
v -0.650230 -1.290914 -0.181657
v -0.646730 -1.294414 -0.178657
v -0.643930 -1.284414 -0.202657
v -0.626230 -1.297614 -0.196457
v -0.639530 -1.298914 -0.177857
v -0.651130 -1.284414 -0.193957
v -0.631630 -1.290914 -0.203857
v -0.630130 -1.301614 -0.183657
v -0.651430 -1.289214 -0.183757
v -0.641430 -1.285214 -0.203857
v -0.626030 -1.298914 -0.193957
v -0.642030 -1.297614 -0.177657
v -0.649930 -1.283914 -0.196557
v -0.629630 -1.292614 -0.202657
v -0.632130 -1.301414 -0.181657
v -0.638830 -1.286414 -0.204657
v -0.626330 -1.300114 -0.191257
v -0.644530 -1.296114 -0.177957
v -0.644630 -1.287114 -0.176957
v -0.644930 -1.289614 -0.178257
v -0.644830 -1.292014 -0.180057
v -0.644330 -1.294014 -0.181957
v -0.643530 -1.295714 -0.184157
v -0.642230 -1.297014 -0.186457
v -0.640730 -1.297714 -0.188857
v -0.638930 -1.298014 -0.191157
v -0.637030 -1.297714 -0.193257
v -0.635030 -1.297014 -0.195157
v -0.632930 -1.295714 -0.196757
v -0.630930 -1.294014 -0.198057
v -0.629030 -1.292014 -0.198857
v -0.627430 -1.289614 -0.199257
v -0.626030 -1.287114 -0.199157
v -0.624930 -1.284514 -0.198657
v -0.624230 -1.281814 -0.197657
v -0.623930 -1.279314 -0.196357
v -0.624030 -1.276914 -0.194657
v -0.624530 -1.274914 -0.192657
v -0.625330 -1.273214 -0.190457
v -0.626630 -1.271914 -0.188157
v -0.628130 -1.271214 -0.185757
v -0.629930 -1.270914 -0.183457
v -0.631830 -1.271214 -0.181357
v -0.633830 -1.271914 -0.179457
v -0.635930 -1.273214 -0.177857
v -0.641430 -1.279314 -0.175357
v -0.643930 -1.284514 -0.175957
v -0.642830 -1.281814 -0.175457
v -0.687430 -1.302114 0.060343
v -0.687430 -1.376514 0.060343
v -0.683230 -1.376514 0.060543
v -0.683230 -1.302114 0.060543
v -0.691530 -1.376514 0.059243
v -0.691530 -1.302114 0.059243
v -0.695230 -1.302114 0.057443
v -0.695230 -1.376514 0.057443
v -0.698630 -1.302114 0.054843
v -0.698630 -1.376514 0.054843
v -0.701330 -1.376514 0.051743
v -0.701330 -1.302114 0.051743
v -0.703430 -1.302114 0.048143
v -0.703430 -1.376514 0.048143
v -0.704830 -1.302114 0.044143
v -0.704830 -1.376514 0.044143
v -0.705430 -1.376514 0.040043
v -0.705430 -1.302114 0.040043
v -0.705130 -1.302114 0.035843
v -0.705130 -1.376514 0.035843
v -0.704130 -1.302114 0.031843
v -0.704130 -1.376514 0.031843
v -0.702230 -1.376514 0.028043
v -0.702230 -1.302114 0.028043
v -0.699730 -1.302114 0.024743
v -0.699730 -1.376514 0.024743
v -0.696630 -1.302114 0.021943
v -0.696630 -1.376514 0.021943
v -0.693030 -1.376514 0.019843
v -0.693030 -1.302114 0.019843
v -0.689030 -1.376514 0.018443
v -0.689030 -1.302114 0.018443
v -0.684930 -1.302114 0.017943
v -0.684930 -1.376514 0.017943
v -0.680730 -1.376514 0.018143
v -0.680730 -1.302114 0.018143
v -0.676630 -1.376514 0.019243
v -0.676630 -1.302114 0.019243
v -0.672930 -1.302114 0.021043
v -0.672930 -1.376514 0.021043
v -0.669530 -1.376514 0.023543
v -0.669530 -1.302114 0.023543
v -0.666830 -1.302114 0.026743
v -0.666830 -1.376514 0.026743
v -0.664730 -1.302114 0.030343
v -0.664730 -1.376514 0.030343
v -0.663330 -1.376514 0.034243
v -0.663330 -1.302114 0.034243
v -0.662730 -1.376514 0.038443
v -0.662730 -1.302114 0.038443
v -0.663030 -1.302114 0.042643
v -0.663030 -1.376514 0.042643
v -0.664030 -1.376514 0.046643
v -0.664030 -1.302114 0.046643
v -0.665930 -1.302114 0.050443
v -0.665930 -1.376514 0.050443
v -0.668430 -1.302114 0.053743
v -0.668430 -1.376514 0.053743
v -0.671530 -1.376514 0.056543
v -0.671530 -1.302114 0.056543
v -0.675130 -1.302114 0.058643
v -0.675130 -1.376514 0.058643
v -0.695930 -1.283714 0.039643
v -0.695730 -1.283914 0.036743
v -0.679130 -1.302114 0.059943
v -0.679130 -1.376514 0.059943
v -0.690130 -1.287714 0.051743
v -0.674130 -1.276914 0.051143
v -0.673330 -1.274914 0.049243
v -0.692030 -1.286414 0.050043
v -0.680130 -1.296114 0.025443
v -0.682330 -1.294414 0.024643
v -0.673930 -1.300114 0.047043
v -0.672930 -1.300914 0.044443
v -0.693630 -1.285214 0.047843
v -0.691130 -1.287714 0.027143
v -0.689130 -1.289214 0.025743
v -0.673430 -1.300914 0.033143
v -0.672630 -1.301414 0.035943
v -0.685830 -1.290914 0.053843
v -0.683530 -1.292614 0.054043
v -0.681230 -1.294414 0.053643
v -0.695230 -1.284414 0.033943
v -0.678030 -1.297614 0.026643
v -0.675330 -1.298914 0.049343
v -0.694730 -1.284414 0.045343
v -0.686930 -1.290914 0.024843
v -0.672330 -1.301614 0.038743
v -0.688130 -1.289214 0.053043
v -0.694230 -1.285214 0.031343
v -0.676130 -1.298914 0.028443
v -0.677030 -1.297614 0.051243
v -0.695530 -1.283914 0.042543
v -0.684630 -1.292614 0.024443
v -0.672430 -1.301414 0.041643
v -0.692830 -1.286414 0.029043
v -0.674630 -1.300114 0.030643
v -0.679030 -1.296114 0.052743
v -0.676230 -1.281814 0.053443
v -0.677330 -1.284514 0.053743
v -0.678530 -1.287114 0.053543
v -0.679630 -1.289614 0.052743
v -0.680730 -1.292014 0.051443
v -0.681730 -1.294014 0.049643
v -0.682530 -1.295714 0.047343
v -0.683230 -1.297014 0.044843
v -0.683630 -1.297714 0.042143
v -0.683830 -1.298014 0.039243
v -0.683830 -1.297714 0.036343
v -0.683630 -1.297014 0.033543
v -0.683130 -1.295714 0.030943
v -0.682530 -1.294014 0.028743
v -0.681630 -1.292014 0.026843
v -0.680730 -1.289614 0.025443
v -0.679630 -1.287114 0.024543
v -0.678430 -1.284514 0.024243
v -0.677330 -1.281814 0.024443
v -0.676130 -1.279314 0.025243
v -0.675130 -1.276914 0.026543
v -0.674130 -1.274914 0.028343
v -0.673330 -1.273214 0.030643
v -0.672630 -1.271914 0.033143
v -0.672230 -1.271214 0.035843
v -0.671930 -1.270914 0.038743
v -0.672030 -1.271214 0.041643
v -0.672230 -1.271914 0.044443
v -0.672630 -1.273214 0.047043
v -0.675130 -1.279314 0.052543
vn -0.0000 -1.0000 -0.0000
vn 0.9952 -0.0000 -0.0981
vn 0.9952 -0.0000 -0.0977
vn 0.2439 -0.8557 -0.4563
vn 0.2439 -0.8559 -0.4560
vn 0.2440 -0.8556 -0.4565
vn 0.2440 -0.8557 -0.4564
vn 0.0507 -0.8557 0.5150
vn 0.0507 -0.8556 0.5152
vn 0.0506 -0.8560 0.5145
vn -0.3284 -0.8556 -0.4001
vn -0.3283 -0.8558 -0.3998
vn -0.3283 -0.8557 -0.3999
vn -0.3284 -0.8556 -0.4002
vn 0.1502 -0.8558 -0.4950
vn 0.1502 -0.8558 -0.4951
vn 0.1502 -0.8557 -0.4952
vn 0.1502 -0.8555 0.4956
vn 0.1502 -0.8557 0.4953
vn 0.1503 -0.8556 0.4953
vn 0.1502 -0.8556 0.4953
vn -0.4001 -0.8556 -0.3283
vn -0.4000 -0.8557 -0.3283
vn -0.4002 -0.8556 -0.3284
vn -0.3999 -0.8557 -0.3283
vn 0.0507 -0.8559 -0.5147
vn 0.0507 -0.8557 -0.5149
vn 0.0508 -0.8557 -0.5150
vn 0.0508 -0.8558 -0.5147
vn 0.2441 -0.8555 0.4566
vn 0.2442 -0.8555 0.4566
vn 0.2441 -0.8555 0.4567
vn 0.2440 -0.8556 0.4566
vn -0.4564 -0.8557 -0.2440
vn -0.4565 -0.8556 -0.2440
vn 0.3284 -0.8556 0.4001
vn 0.3283 -0.8556 0.4001
vn 0.3284 -0.8556 0.4002
vn -0.4956 -0.8555 -0.1503
vn -0.4955 -0.8555 -0.1502
vn -0.4955 -0.8555 -0.1503
vn -0.4954 -0.8555 -0.1503
vn 0.4001 -0.8556 0.3283
vn 0.4000 -0.8557 0.3283
vn 0.3999 -0.8557 0.3283
vn -0.5151 -0.8556 -0.0507
vn -0.5152 -0.8556 -0.0507
vn -0.5156 -0.8553 -0.0507
vn 0.4565 -0.8556 0.2440
vn 0.4568 -0.8554 0.2443
vn 0.4566 -0.8555 0.2441
vn 0.4564 -0.8557 0.2440
vn -0.5153 -0.8555 0.0507
vn -0.5156 -0.8553 0.0507
vn -0.5152 -0.8556 0.0507
vn -0.5151 -0.8556 0.0507
vn 0.4954 -0.8556 0.1503
vn 0.4953 -0.8557 0.1502
vn 0.4953 -0.8556 0.1503
vn -0.4953 -0.8556 0.1502
vn -0.4954 -0.8555 0.1503
vn -0.4954 -0.8556 0.1503
vn 0.5153 -0.8555 0.0507
vn 0.5151 -0.8556 0.0507
vn -0.4564 -0.8557 0.2440
vn -0.4569 -0.8554 0.2441
vn 0.5152 -0.8556 -0.0507
vn 0.5151 -0.8556 -0.0507
vn -0.4000 -0.8557 0.3283
vn -0.4001 -0.8556 0.3283
vn 0.4953 -0.8556 -0.1502
vn 0.4952 -0.8557 -0.1502
vn 0.4954 -0.8556 -0.1503
vn -0.3284 -0.8555 0.4003
vn -0.3284 -0.8556 0.4002
vn -0.3283 -0.8555 0.4003
vn 0.4566 -0.8556 -0.2441
vn 0.4563 -0.8557 -0.2440
vn 0.4565 -0.8556 -0.2440
vn 0.4569 -0.8554 -0.2441
vn -0.2441 -0.8556 0.4565
vn -0.2443 -0.8554 0.4568
vn -0.2443 -0.8554 0.4567
vn -0.2441 -0.8556 0.4564
vn -0.0507 -0.8557 -0.5150
vn -0.0507 -0.8557 -0.5149
vn -0.0507 -0.8555 -0.5153
vn 0.4001 -0.8557 -0.3281
vn 0.4003 -0.8557 -0.3280
vn 0.4000 -0.8557 -0.3282
vn -0.1501 -0.8557 0.4953
vn -0.1502 -0.8558 0.4951
vn -0.1502 -0.8557 0.4952
vn -0.1502 -0.8557 0.4953
vn -0.1502 -0.8557 -0.4952
vn -0.1502 -0.8556 -0.4953
vn -0.1501 -0.8559 -0.4948
vn -0.1502 -0.8558 -0.4950
vn 0.3284 -0.8557 -0.3998
vn 0.3283 -0.8556 -0.4001
vn 0.3286 -0.8556 -0.3999
vn 0.3285 -0.8558 -0.3995
vn -0.0507 -0.8559 0.5146
vn -0.0507 -0.8558 0.5148
vn -0.0506 -0.8559 0.5147
vn -0.0506 -0.8558 0.5148
vn -0.2441 -0.8556 -0.4565
vn -0.2439 -0.8557 -0.4564
vn -0.2438 -0.8558 -0.4562
vn -0.2439 -0.8558 -0.4563
vn -0.0000 1.0000 -0.0000
vn -0.7729 -0.0000 0.6346
vn 0.9569 -0.0000 -0.2903
vn -0.6343 -0.0000 0.7731
vn 0.8818 -0.0000 -0.4716
vn -0.4716 -0.0000 0.8818
vn -0.0980 -0.0000 -0.9952
vn 0.7730 -0.0000 -0.6343
vn 0.7735 -0.0000 -0.6338
vn 0.7732 -0.0000 -0.6342
vn -0.2903 -0.0000 0.9569
vn -0.2903 -0.0000 -0.9569
vn 0.6343 -0.0000 -0.7731
vn -0.0980 -0.0000 0.9952
vn -0.4716 -0.0000 -0.8818
vn 0.4716 -0.0000 -0.8818
vn 0.0978 -0.0000 0.9952
vn 0.0977 -0.0000 0.9952
vn -0.6343 -0.0000 -0.7731
vn 0.2903 -0.0000 -0.9569
vn 0.2903 -0.0000 0.9569
vn -0.7730 -0.0000 -0.6343
vn -0.7735 -0.0000 -0.6338
vn -0.7732 -0.0000 -0.6342
vn 0.0981 -0.0000 -0.9952
vn 0.0977 -0.0000 -0.9952
vn 0.4716 -0.0000 0.8818
vn -0.8818 -0.0000 -0.4716
vn 0.6343 -0.0000 0.7731
vn -0.9569 -0.0000 -0.2903
vn 0.7729 -0.0000 0.6346
vn -0.9952 -0.0000 -0.0981
vn 0.8818 -0.0000 0.4716
vn -0.9952 -0.0000 0.0981
vn 0.9569 -0.0000 0.2903
vn -0.9569 -0.0000 0.2903
vn 0.9952 -0.0000 0.0978
vn 0.9952 -0.0000 0.0977
vn -0.8818 -0.0000 0.4716
vn -0.3933 -0.9194 -0.0001
vn -0.3933 -0.9194 -0.0000
vn -0.3931 -0.9195 -0.0001
vn -0.3930 -0.9195 -0.0001
vn -0.3934 -0.9194 0.0001
vn -0.3934 -0.9194 -0.0000
vn -0.3931 -0.9195 -0.0000
vn -0.3930 -0.9195 0.0001
vn -0.3935 -0.9193 -0.0001
vn -0.3933 -0.9194 0.0001
vn -0.3935 -0.9193 -0.0000
vn -0.1219 0.9915 0.0461
vn -0.1218 0.9915 0.0461
vn -0.1218 0.9915 0.0460
vn -0.4571 0.1956 0.8676
vn -0.4572 0.1961 0.8675
vn -0.4572 0.1957 0.8676
vn -0.4573 0.1956 0.8676
vn -0.0965 0.0413 -0.9945
vn -0.0964 0.0411 -0.9945
vn -0.0965 0.0412 -0.9945
vn 0.7297 -0.3125 -0.6081
vn 0.7299 -0.3123 -0.6080
vn 0.7297 -0.3125 -0.6082
vn 0.7297 -0.3119 -0.6085
vn -0.2840 0.1216 0.9511
vn -0.2842 0.1215 0.9510
vn -0.2839 0.1216 0.9511
vn -0.2837 0.1217 0.9512
vn -0.2839 0.1216 -0.9511
vn -0.2839 0.1213 -0.9512
vn -0.2840 0.1216 -0.9511
vn -0.2840 0.1219 -0.9510
vn 0.6072 -0.2600 -0.7508
vn 0.6071 -0.2595 -0.7511
vn 0.6072 -0.2601 -0.7508
vn 0.6072 -0.2601 -0.7507
vn -0.0965 0.0413 0.9945
vn -0.0964 0.0414 0.9945
vn -0.0966 0.0413 0.9945
vn -0.4566 0.1956 -0.8679
vn -0.4570 0.1955 -0.8677
vn -0.4569 0.1955 -0.8678
vn -0.4568 0.1954 -0.8678
vn 0.4570 -0.1955 -0.8677
vn 0.4570 -0.1954 -0.8678
vn 0.0964 -0.0413 0.9945
vn -0.6077 0.2598 -0.7505
vn -0.6074 0.2598 -0.7507
vn 0.2840 -0.1214 -0.9511
vn 0.2841 -0.1217 -0.9510
vn 0.2842 -0.1217 -0.9510
vn 0.2842 -0.1216 -0.9510
vn 0.2840 -0.1214 0.9511
vn 0.2843 -0.1213 0.9510
vn 0.2838 -0.1216 0.9512
vn -0.7298 0.3122 -0.6082
vn -0.7299 0.3123 -0.6080
vn 0.0964 -0.0413 -0.9945
vn 0.4570 -0.1955 0.8677
vn 0.4571 -0.1955 0.8677
vn -0.8227 0.3524 -0.4461
vn -0.8229 0.3520 -0.4460
vn -0.8228 0.3523 -0.4461
vn -0.8227 0.3521 -0.4463
vn 0.6072 -0.2598 0.7509
vn 0.6071 -0.2598 0.7509
vn -0.8846 0.3786 -0.2724
vn -0.8846 0.3785 -0.2724
vn -0.8845 0.3787 -0.2725
vn 0.7299 -0.3124 0.6079
vn 0.7299 -0.3123 0.6080
vn 0.7299 -0.3124 0.6080
vn -0.9156 0.3917 -0.0915
vn -0.9155 0.3918 -0.0915
vn -0.9155 0.3917 -0.0915
vn 0.8227 -0.3517 0.4466
vn 0.8227 -0.3521 0.4463
vn -0.9156 0.3916 0.0915
vn -0.9156 0.3917 0.0915
vn -0.9155 0.3917 0.0915
vn 0.8846 -0.3785 0.2724
vn 0.8846 -0.3786 0.2724
vn 0.8846 -0.3784 0.2725
vn -0.8847 0.3784 0.2724
vn -0.8846 0.3785 0.2724
vn -0.8847 0.3783 0.2724
vn 0.9156 -0.3915 0.0918
vn 0.9155 -0.3917 0.0915
vn 0.9156 -0.3915 0.0919
vn 0.9155 -0.3917 0.0917
vn -0.8228 0.3523 0.4461
vn -0.8229 0.3520 0.4461
vn -0.8228 0.3520 0.4462
vn -0.8227 0.3520 0.4463
vn 0.9156 -0.3915 -0.0918
vn 0.9156 -0.3915 -0.0916
vn 0.9156 -0.3915 -0.0919
vn 0.9155 -0.3917 -0.0915
vn -0.7301 0.3121 0.6079
vn 0.8847 -0.3783 -0.2724
vn 0.8847 -0.3782 -0.2723
vn 0.8847 -0.3784 -0.2723
vn 0.8846 -0.3784 -0.2725
vn -0.6072 0.2598 0.7509
vn -0.6071 0.2597 0.7510
vn 0.8227 -0.3517 -0.4466
vn 0.8227 -0.3521 -0.4463
vn -0.6235 -0.7524 0.2123
vn -0.6235 -0.7524 0.2124
vn -0.6235 -0.7524 0.2122
vn 0.7844 0.6049 0.1368
vn 0.7844 0.6050 0.1368
vn 0.7845 0.6048 0.1368
vn -0.1042 0.9851 0.1368
vn 0.8012 0.5966 0.0461
vn 0.8012 0.5967 0.0461
vn 0.8011 0.5967 0.0461
vn -0.0695 0.9724 0.2226
vn 0.8011 0.5967 -0.0461
vn 0.8012 0.5966 -0.0461
vn 0.8010 0.5969 -0.0461
vn -0.0190 0.9535 0.3006
vn -0.0188 0.9535 0.3008
vn -0.0190 0.9536 0.3006
vn -0.0190 0.9536 0.3005
vn 0.7846 0.6048 -0.1368
vn 0.7845 0.6048 -0.1368
vn 0.7844 0.6050 -0.1369
vn 0.7844 0.6049 -0.1368
vn 0.0460 0.9289 0.3674
vn 0.0460 0.9289 0.3673
vn 0.0460 0.9290 0.3672
vn 0.7513 0.6213 -0.2226
vn 0.7513 0.6212 -0.2226
vn 0.1227 0.8990 0.4204
vn 0.1226 0.8990 0.4204
vn 0.2991 0.8268 -0.4764
vn 0.2991 0.8269 -0.4761
vn 0.2989 0.8270 -0.4762
vn 0.2990 0.8268 -0.4764
vn 0.7028 0.6447 -0.3007
vn 0.7025 0.6451 -0.3006
vn 0.7026 0.6449 -0.3006
vn 0.7027 0.6449 -0.3005
vn 0.2082 0.8646 0.4574
vn 0.2083 0.8646 0.4572
vn 0.2083 0.8646 0.4573
vn 0.2082 0.8645 0.4575
vn 0.2084 0.8647 -0.4571
vn 0.2083 0.8646 -0.4573
vn 0.2085 0.8646 -0.4572
vn 0.2085 0.8647 -0.4570
vn 0.6402 0.6747 -0.3674
vn 0.6401 0.6747 -0.3674
vn 0.6402 0.6746 -0.3676
vn 0.6403 0.6747 -0.3672
vn 0.2991 0.8269 0.4762
vn 0.1222 0.8991 -0.4203
vn 0.1222 0.8992 -0.4201
vn 0.1225 0.8991 -0.4202
vn 0.1226 0.8990 -0.4205
vn 0.5655 0.7096 -0.4204
vn 0.5655 0.7095 -0.4204
vn 0.3915 0.7876 0.4759
vn 0.3915 0.7875 0.4761
vn 0.0457 0.9289 -0.3675
vn 0.0457 0.9289 -0.3676
vn 0.0458 0.9289 -0.3674
vn 0.0462 0.9289 -0.3675
vn 0.4815 0.7477 -0.4573
vn 0.4814 0.7478 -0.4573
vn 0.4816 0.7477 -0.4572
vn 0.4815 0.7477 0.4573
vn 0.4816 0.7477 0.4572
vn 0.4815 0.7477 0.4572
vn -0.0190 0.9535 -0.3007
vn -0.0189 0.9536 -0.3006
vn -0.0190 0.9535 -0.3008
vn 0.3915 0.7873 -0.4764
vn 0.3914 0.7873 -0.4765
vn 0.3914 0.7873 -0.4764
vn 0.3915 0.7873 -0.4763
vn 0.5655 0.7095 0.4204
vn 0.5655 0.7096 0.4204
vn -0.0696 0.9724 -0.2226
vn -0.0695 0.9724 -0.2226
vn -0.0697 0.9724 -0.2226
vn 0.6401 0.6748 0.3673
vn 0.6401 0.6748 0.3674
vn 0.6401 0.6747 0.3675
vn -0.1041 0.9851 -0.1368
vn -0.1042 0.9851 -0.1368
vn 0.7027 0.6449 0.3005
vn 0.7028 0.6448 0.3005
vn -0.1218 0.9915 -0.0461
vn -0.1218 0.9915 -0.0460
vn 0.7513 0.6213 0.2226
vn -0.2841 0.1215 0.9511
vn -0.2840 0.1214 0.9511
vn -0.2840 0.1215 0.9511
vn -0.0526 -0.9939 -0.0970
vn -0.0527 -0.9939 -0.0969
vn -0.0528 -0.9939 -0.0969
vn -0.5787 -0.7732 0.2593
vn -0.5785 -0.7735 0.2590
vn -0.5787 -0.7732 0.2592
vn -0.0776 -0.9844 -0.1576
vn -0.0776 -0.9845 -0.1576
vn -0.0776 -0.9845 -0.1575
vn -0.5257 -0.7974 0.2962
vn -0.5257 -0.7974 0.2963
vn -0.5257 -0.7975 0.2962
vn -0.4029 -0.8518 -0.3349
vn -0.4029 -0.8518 -0.3348
vn -0.4029 -0.8518 -0.3350
vn -0.1136 -0.9706 -0.2124
vn -0.1134 -0.9706 -0.2124
vn -0.1135 -0.9706 -0.2124
vn -0.4663 -0.8240 0.3218
vn -0.4663 -0.8240 0.3217
vn -0.4664 -0.8240 0.3219
vn -0.4664 -0.8240 -0.3218
vn -0.4663 -0.8240 -0.3217
vn -0.1596 -0.9525 -0.2593
vn -0.1596 -0.9525 -0.2594
vn -0.1594 -0.9525 -0.2593
vn -0.1596 -0.9525 -0.2592
vn -0.4025 -0.8519 0.3351
vn -0.4029 -0.8518 0.3348
vn -0.4029 -0.8518 0.3349
vn -0.4028 -0.8518 0.3350
vn -0.5257 -0.7974 -0.2963
vn -0.5257 -0.7974 -0.2964
vn -0.2138 -0.9309 -0.2962
vn -0.2140 -0.9309 -0.2962
vn -0.2139 -0.9309 -0.2962
vn -0.3379 -0.8796 0.3349
vn -0.3379 -0.8796 0.3348
vn -0.3381 -0.8796 0.3347
vn -0.3379 -0.8795 0.3350
vn -0.5786 -0.7733 -0.2593
vn -0.5788 -0.7732 -0.2592
vn -0.5787 -0.7732 -0.2592
vn -0.2740 -0.9063 -0.3217
vn -0.2740 -0.9063 0.3218
vn -0.2740 -0.9064 0.3217
vn -0.2740 -0.9063 0.3219
vn -0.6235 -0.7524 -0.2124
vn -0.3380 -0.8796 -0.3348
vn -0.3379 -0.8796 -0.3348
vn -0.3379 -0.8796 -0.3349
vn -0.3381 -0.8796 -0.3348
vn -0.2138 -0.9309 0.2962
vn -0.2139 -0.9309 0.2961
vn -0.6585 -0.7359 -0.1576
vn -0.1595 -0.9526 0.2591
vn -0.1593 -0.9526 0.2592
vn -0.1596 -0.9526 0.2592
vn -0.1596 -0.9525 0.2592
vn -0.6824 -0.7245 -0.0969
vn -0.1135 -0.9706 0.2124
vn -0.1136 -0.9706 0.2124
vn -0.1135 -0.9705 0.2125
vn -0.1136 -0.9706 0.2123
vn -0.6945 -0.7187 -0.0327
vn -0.6946 -0.7187 -0.0327
vn -0.0776 -0.9845 0.1576
vn -0.0776 -0.9844 0.1576
vn -0.0775 -0.9845 0.1576
vn -0.0774 -0.9845 0.1576
vn -0.6947 -0.7186 0.0327
vn -0.6948 -0.7185 0.0327
vn -0.6946 -0.7186 0.0327
vn -0.0529 -0.9939 0.0969
vn -0.0528 -0.9939 0.0969
vn -0.6824 -0.7245 0.0969
vn -0.6825 -0.7245 0.0967
vn -0.6825 -0.7244 0.0969
vn -0.0399 -0.9987 0.0327
vn -0.0402 -0.9987 0.0327
vn -0.6585 -0.7359 0.1576
vn -0.0402 -0.9987 -0.0327
vn -0.0403 -0.9987 -0.0328
vn 0.4812 0.7505 0.4530
vn 0.4814 0.7503 0.4532
vn 0.4813 0.7504 0.4530
vn -0.2841 0.1215 -0.9511
vn -0.2837 0.1214 -0.9512
vn -0.2842 0.1216 -0.9510
vn -0.2840 0.1214 -0.9511
vn 0.6071 -0.2597 -0.7510
vn 0.6072 -0.2598 -0.7509
vn 0.6072 -0.2598 -0.7508
vn -0.0968 0.0414 0.9944
vn -0.0968 0.0413 0.9944
vn -0.4571 0.1955 -0.8677
vn -0.4575 0.1956 -0.8675
vn -0.4575 0.1957 -0.8674
vn 0.4575 -0.1956 -0.8675
vn 0.4573 -0.1956 -0.8675
vn 0.4572 -0.1955 -0.8676
vn 0.4573 -0.1955 -0.8675
vn 0.0965 -0.0413 0.9945
vn 0.0962 -0.0413 0.9945
vn 0.0963 -0.0412 0.9945
vn 0.0964 -0.0412 0.9945
vn -0.6071 0.2596 -0.7510
vn -0.6072 0.2598 -0.7509
vn -0.6069 0.2593 -0.7513
vn 0.2841 -0.1215 -0.9511
vn 0.2840 -0.1215 0.9511
vn 0.2842 -0.1216 0.9510
vn -0.7299 0.3121 -0.6081
vn -0.7300 0.3123 -0.6079
vn -0.7300 0.3121 -0.6081
vn -0.7299 0.3119 -0.6083
vn 0.0965 -0.0413 -0.9945
vn 0.0961 -0.0412 -0.9945
vn 0.0963 -0.0412 -0.9945
vn 0.4572 -0.1955 0.8676
vn -0.8228 0.3521 -0.4462
vn -0.8227 0.3520 -0.4463
vn -0.8228 0.3520 -0.4463
vn 0.6071 -0.2597 0.7510
vn 0.6070 -0.2596 0.7511
vn -0.8846 0.3785 -0.2725
vn -0.8846 0.3784 -0.2726
vn -0.8845 0.3787 -0.2723
vn -0.8847 0.3784 -0.2725
vn 0.7300 -0.3121 0.6081
vn 0.7300 -0.3123 0.6079
vn 0.7299 -0.3121 0.6081
vn 0.7299 -0.3125 0.6080
vn -0.9155 0.3917 -0.0916
vn 0.8227 -0.3519 0.4464
vn 0.8227 -0.3520 0.4463
vn 0.8228 -0.3520 0.4463
vn 0.8845 -0.3788 0.2723
vn 0.8845 -0.3791 0.2720
vn 0.8845 -0.3787 0.2723
vn 0.8846 -0.3784 0.2726
vn -0.8845 0.3788 0.2723
vn -0.8847 0.3785 0.2720
vn -0.8845 0.3787 0.2723
vn -0.8227 0.3520 0.4464
vn -0.8228 0.3520 0.4463
vn -0.8228 0.3526 0.4457
vn 0.9155 -0.3918 -0.0912
vn 0.9155 -0.3917 -0.0916
vn 0.9155 -0.3918 -0.0913
vn 0.9155 -0.3919 -0.0910
vn -0.7300 0.3121 0.6081
vn -0.7298 0.3122 0.6083
vn -0.7299 0.3121 0.6081
vn -0.7299 0.3123 0.6080
vn 0.8845 -0.3787 -0.2723
vn 0.8847 -0.3785 -0.2720
vn 0.8845 -0.3788 -0.2723
vn 0.8843 -0.3790 -0.2726
vn -0.6070 0.2596 0.7511
vn 0.8228 -0.3523 -0.4460
vn 0.8227 -0.3520 -0.4463
vn 0.8226 -0.3525 -0.4463
vn -0.4571 0.1955 0.8677
vn -0.4570 0.1955 0.8677
vn -0.0968 0.0414 -0.9944
vn -0.0968 0.0413 -0.9944
vn 0.7299 -0.3124 -0.6080
vn 0.7299 -0.3121 -0.6081
vn 0.7298 -0.3122 -0.6083
vn 0.0840 -0.9362 0.3414
vn 0.0843 -0.9362 0.3413
vn 0.0840 -0.9361 0.3414
vn -0.0149 0.9546 -0.2976
vn -0.0148 0.9546 -0.2974
vn -0.0148 0.9545 -0.2978
vn -0.0146 0.9545 -0.2978
vn 0.3921 0.7898 -0.4717
vn 0.3921 0.7897 -0.4719
vn 0.3920 0.7898 -0.4718
vn 0.3920 0.7898 -0.4717
vn 0.5645 0.7127 0.4165
vn 0.5644 0.7127 0.4165
vn 0.5646 0.7125 0.4167
vn 0.5646 0.7125 0.4166
vn -0.0649 0.9732 -0.2207
vn -0.0648 0.9732 -0.2205
vn -0.0649 0.9732 -0.2205
vn 0.6384 0.6782 0.3640
vn 0.6383 0.6782 0.3642
vn -0.0990 0.9858 -0.1357
vn -0.0991 0.9858 -0.1355
vn -0.0991 0.9858 -0.1356
vn -0.0992 0.9858 -0.1356
vn 0.7004 0.6486 0.2977
vn 0.7004 0.6487 0.2978
vn 0.7004 0.6486 0.2978
vn -0.1166 0.9921 -0.0460
vn -0.1166 0.9921 -0.0459
vn -0.1166 0.9921 -0.0456
vn 0.7486 0.6252 0.2205
vn 0.7486 0.6252 0.2206
vn -0.1166 0.9921 0.0459
vn -0.1167 0.9921 0.0459
vn -0.1167 0.9921 0.0456
vn 0.7815 0.6090 0.1356
vn 0.7815 0.6089 0.1356
vn 0.7814 0.6091 0.1354
vn -0.0992 0.9858 0.1355
vn -0.0991 0.9858 0.1356
vn 0.7981 0.6007 0.0457
vn 0.7981 0.6008 0.0457
vn 0.7982 0.6006 0.0457
vn -0.0649 0.9732 0.2207
vn -0.0648 0.9732 0.2206
vn -0.0650 0.9732 0.2206
vn -0.0649 0.9731 0.2209
vn 0.7984 0.6004 -0.0456
vn 0.7981 0.6008 -0.0457
vn 0.7984 0.6003 -0.0456
vn -0.0146 0.9545 0.2978
vn 0.7815 0.6091 -0.1356
vn 0.7814 0.6091 -0.1355
vn 0.7814 0.6091 -0.1356
vn 0.7815 0.6090 -0.1356
vn 0.0497 0.9301 0.3640
vn 0.0498 0.9301 0.3639
vn 0.7486 0.6251 -0.2211
vn 0.7486 0.6253 -0.2206
vn 0.7485 0.6253 -0.2208
vn 0.1258 0.9004 0.4165
vn 0.1257 0.9004 0.4165
vn 0.1258 0.9004 0.4164
vn 0.3004 0.8290 -0.4717
vn 0.3005 0.8290 -0.4717
vn 0.7004 0.6487 -0.2977
vn 0.7004 0.6486 -0.2978
vn 0.7007 0.6484 -0.2976
vn 0.7004 0.6487 -0.2976
vn 0.2105 0.8663 0.4530
vn 0.2103 0.8663 0.4531
vn 0.2103 0.8663 0.4532
vn 0.2104 0.8662 -0.4533
vn 0.2105 0.8662 -0.4533
vn 0.2104 0.8664 -0.4529
vn 0.2105 0.8663 -0.4529
vn 0.6384 0.6781 -0.3643
vn 0.6384 0.6781 -0.3641
vn 0.6383 0.6782 -0.3642
vn 0.6383 0.6783 -0.3641
vn 0.3005 0.8290 0.4717
vn 0.1255 0.9004 -0.4165
vn 0.1257 0.9004 -0.4165
vn 0.1258 0.9004 -0.4164
vn 0.5644 0.7127 -0.4166
vn 0.5644 0.7127 -0.4165
vn 0.5644 0.7126 -0.4166
vn 0.5645 0.7125 -0.4167
vn 0.3918 0.7898 0.4720
vn 0.3917 0.7898 0.4720
vn 0.3918 0.7898 0.4719
vn 0.0498 0.9301 -0.3639
vn 0.0501 0.9301 -0.3639
vn 0.0498 0.9301 -0.3640
vn 0.0497 0.9301 -0.3639
vn 0.4812 0.7504 -0.4531
vn 0.4812 0.7505 -0.4530
vn 0.9155 -0.3918 0.0915
vn 0.9156 -0.3917 0.0915
vn -0.8459 -0.5308 -0.0523
vn -0.8458 -0.5309 -0.0522
vn -0.8458 -0.5309 -0.0523
vn 0.1415 -0.9572 0.2526
vn 0.1415 -0.9571 0.2527
vn -0.8459 -0.5308 0.0523
vn -0.8459 -0.5307 0.0523
vn -0.8460 -0.5307 0.0523
vn 0.1804 -0.9713 0.1552
vn 0.1804 -0.9713 0.1551
vn 0.1807 -0.9712 0.1553
vn 0.1805 -0.9713 0.1551
vn -0.8272 -0.5401 0.1551
vn 0.2005 -0.9783 0.0523
vn 0.2004 -0.9783 0.0523
vn 0.2005 -0.9783 0.0524
vn -0.7899 -0.5587 0.2527
vn -0.7899 -0.5588 0.2526
vn 0.2009 -0.9782 -0.0527
vn 0.2006 -0.9783 -0.0524
vn 0.2009 -0.9782 -0.0526
vn 0.2008 -0.9782 -0.0525
vn -0.7353 -0.5856 0.3413
vn -0.7353 -0.5855 0.3413
vn -0.7351 -0.5859 0.3411
vn 0.1808 -0.9711 -0.1555
vn 0.1805 -0.9713 -0.1551
vn 0.1806 -0.9712 -0.1552
vn -0.6645 -0.6196 0.4177
vn -0.6644 -0.6197 0.4177
vn -0.6645 -0.6197 0.4176
vn -0.6645 -0.6198 0.4175
vn 0.1415 -0.9572 -0.2524
vn 0.1415 -0.9572 -0.2527
vn 0.1415 -0.9572 -0.2526
vn 0.1415 -0.9572 -0.2525
vn -0.5799 -0.6594 0.4785
vn -0.5799 -0.6593 0.4785
vn -0.5796 -0.6595 0.4787
vn -0.5800 -0.6593 0.4784
vn -0.3822 -0.7481 -0.5424
vn -0.3823 -0.7481 -0.5424
vn -0.3823 -0.7482 -0.5423
vn -0.3821 -0.7483 -0.5423
vn 0.0842 -0.9361 -0.3414
vn 0.0841 -0.9362 -0.3413
vn 0.0842 -0.9361 -0.3415
vn -0.4848 -0.7027 0.5207
vn -0.4848 -0.7028 0.5206
vn -0.4847 -0.7028 0.5207
vn -0.4849 -0.7027 -0.5207
vn -0.4850 -0.7026 -0.5207
vn -0.4848 -0.7028 -0.5207
vn 0.0108 -0.9084 -0.4179
vn 0.0106 -0.9084 -0.4179
vn 0.0107 -0.9084 -0.4179
vn 0.0108 -0.9085 -0.4177
vn -0.3824 -0.7479 0.5426
vn -0.3826 -0.7480 0.5423
vn -0.3824 -0.7480 0.5425
vn -0.3823 -0.7482 0.5423
vn -0.5800 -0.6593 -0.4784
vn -0.5801 -0.6592 -0.4785
vn -0.5801 -0.6593 -0.4784
vn -0.0764 -0.8748 -0.4784
vn -0.0762 -0.8748 -0.4784
vn -0.0758 -0.8749 -0.4784
vn -0.0763 -0.8748 -0.4784
vn -0.2771 -0.7931 0.5424
vn -0.2770 -0.7932 0.5423
vn -0.2771 -0.7932 0.5422
vn -0.6645 -0.6196 -0.4177
vn -0.6644 -0.6194 -0.4182
vn -0.6646 -0.6195 -0.4178
vn -0.6646 -0.6196 -0.4177
vn -0.1737 -0.8360 -0.5206
vn -0.1737 -0.8359 -0.5206
vn -0.1737 -0.8360 0.5206
vn -0.1738 -0.8360 0.5205
vn -0.1737 -0.8359 0.5206
vn -0.7353 -0.5855 -0.3413
vn -0.2772 -0.7932 -0.5423
vn -0.2773 -0.7932 -0.5422
vn -0.2772 -0.7931 -0.5423
vn -0.0762 -0.8748 0.4785
vn -0.0762 -0.8748 0.4784
vn -0.7899 -0.5587 -0.2527
vn -0.7898 -0.5588 -0.2527
vn -0.7901 -0.5585 -0.2525
vn -0.7900 -0.5586 -0.2527
vn 0.0106 -0.9086 0.4175
vn 0.0103 -0.9087 0.4174
vn 0.0107 -0.9086 0.4175
vn 0.0109 -0.9086 0.4175
vn -0.8272 -0.5401 -0.1551
vn 0.7937 0.5491 -0.2618
vn 0.7937 0.5491 -0.2617
vn -0.8226 0.3521 0.4464
vn -0.8228 0.3519 0.4463
vn 0.9156 -0.3916 -0.0914
vn 0.9156 -0.3916 -0.0915
vn 0.9156 -0.3917 -0.0915
vn -0.7300 0.3125 0.6079
vn -0.7300 0.3124 0.6079
vn -0.7299 0.3122 0.6081
vn 0.8846 -0.3785 -0.2724
vn 0.8846 -0.3784 -0.2724
vn 0.8227 -0.3520 -0.4464
vn 0.8226 -0.3522 -0.4465
vn 0.8226 -0.3521 -0.4464
vn 0.8228 -0.3518 -0.4463
vn -0.4569 0.1954 0.8678
vn -0.4569 0.1955 0.8678
vn -0.4570 0.1952 0.8678
vn -0.0966 0.0414 -0.9945
vn -0.0964 0.0413 -0.9945
vn -0.0966 0.0413 -0.9945
vn 0.7300 -0.3123 -0.6079
vn 0.7301 -0.3123 -0.6078
vn 0.7300 -0.3124 -0.6078
vn -0.2843 0.1220 0.9509
vn -0.2842 0.1214 0.9511
vn -0.2842 0.1216 0.9510
vn -0.2843 0.1220 -0.9509
vn 0.6070 -0.2596 -0.7511
vn -0.0966 0.0414 0.9945
vn -0.4570 0.1956 -0.8677
vn -0.4567 0.1959 -0.8678
vn 0.4568 -0.1954 -0.8679
vn 0.4567 -0.1954 -0.8679
vn 0.4569 -0.1955 -0.8678
vn 0.0966 -0.0413 0.9945
vn 0.0966 -0.0414 0.9945
vn 0.2844 -0.1218 -0.9509
vn 0.2844 -0.1218 0.9509
vn 0.2842 -0.1215 0.9510
vn 0.0969 -0.0415 -0.9944
vn 0.0965 -0.0414 -0.9945
vn 0.4569 -0.1955 0.8678
vn -0.8226 0.3521 -0.4464
vn -0.8227 0.3522 -0.4463
vn -0.8226 0.3522 -0.4464
vn -0.8227 0.3521 -0.4464
vn 0.6074 -0.2597 0.7507
vn -0.8846 0.3783 -0.2725
vn 0.7300 -0.3124 0.6079
vn -0.9156 0.3916 -0.0914
vn -0.9155 0.3918 -0.0916
vn -0.9156 0.3915 -0.0913
vn 0.8226 -0.3521 0.4464
vn 0.8226 -0.3522 0.4464
vn -0.9156 0.3916 0.0914
vn -0.9156 0.3915 0.0914
vn -0.8845 0.3789 0.2722
vn 0.0604 -0.9912 0.1181
vn 0.0605 -0.9911 0.1182
vn 0.0603 -0.9911 0.1183
vn 0.1661 0.9238 0.3449
vn 0.2969 0.8454 -0.4440
vn 0.7313 0.5873 -0.3468
vn 0.7313 0.5873 -0.3469
vn 0.2244 0.8884 0.4004
vn 0.2246 0.8884 0.4004
vn 0.2244 0.8885 -0.4004
vn 0.2244 0.8884 -0.4004
vn 0.6536 0.6344 -0.4128
vn 0.6535 0.6342 -0.4131
vn 0.2970 0.8454 0.4440
vn 0.2969 0.8454 0.4440
vn 0.1661 0.9238 -0.3449
vn 0.1661 0.9238 -0.3450
vn 0.5654 0.6871 -0.4564
vn 0.5653 0.6872 -0.4563
vn 0.3811 0.7960 0.4704
vn 0.3810 0.7960 0.4704
vn 0.1223 0.9514 -0.2825
vn 0.1222 0.9514 -0.2825
vn 0.4723 0.7422 -0.4754
vn 0.4722 0.7423 -0.4754
vn 0.4723 0.7422 0.4755
vn 0.4723 0.7422 0.4754
vn 0.4724 0.7422 0.4753
vn 0.0919 0.9717 -0.2177
vn 0.3810 0.7960 -0.4704
vn 0.5652 0.6872 0.4564
vn 0.5653 0.6872 0.4563
vn 0.0725 0.9855 -0.1533
vn 0.0725 0.9855 -0.1534
vn 0.6536 0.6344 0.4128
vn 0.6537 0.6342 0.4128
vn 0.0615 0.9940 -0.0908
vn 0.7313 0.5873 0.3468
vn 0.7314 0.5872 0.3468
vn 0.0566 0.9979 -0.0300
vn 0.7937 0.5491 0.2617
vn 0.7937 0.5491 0.2618
vn 0.7936 0.5492 0.2618
vn 0.0566 0.9979 0.0300
vn 0.0565 0.9979 0.0300
vn 0.8371 0.5223 0.1627
vn 0.8371 0.5223 0.1628
vn 0.8372 0.5222 0.1628
vn 0.0615 0.9940 0.0908
vn 0.8592 0.5086 0.0553
vn 0.8593 0.5085 0.0554
vn 0.8593 0.5085 0.0552
vn 0.0724 0.9855 0.1534
vn 0.0725 0.9855 0.1534
vn 0.0726 0.9855 0.1534
vn 0.8594 0.5084 -0.0551
vn 0.8595 0.5082 -0.0549
vn 0.8594 0.5083 -0.0550
vn 0.8593 0.5085 -0.0552
vn 0.0919 0.9717 0.2177
vn 0.8371 0.5222 -0.1627
vn 0.8371 0.5223 -0.1628
vn 0.8372 0.5222 -0.1627
vn 0.1223 0.9514 0.2826
vn 0.1223 0.9514 0.2825
vn 0.9155 -0.2968 -0.2717
vn 0.9155 -0.2967 -0.2717
vn -0.7042 -0.7009 0.1132
vn -0.7042 -0.7010 0.1131
vn -0.7042 -0.7009 0.1131
vn -0.7042 -0.7010 0.1130
vn 0.0766 -0.9963 0.0401
vn 0.0763 -0.9963 0.0399
vn 0.0764 -0.9963 0.0399
vn -0.6766 -0.7129 0.1842
vn -0.6766 -0.7130 0.1841
vn -0.6765 -0.7130 0.1842
vn 0.0765 -0.9963 -0.0398
vn 0.0764 -0.9963 -0.0399
vn -0.6359 -0.7305 0.2491
vn -0.6359 -0.7303 0.2494
vn 0.0601 -0.9912 -0.1181
vn 0.0604 -0.9912 -0.1181
vn 0.0604 -0.9911 -0.1184
vn 0.0605 -0.9911 -0.1182
vn -0.5836 -0.7525 0.3054
vn -0.5835 -0.7525 0.3053
vn -0.5835 -0.7526 0.3051
vn 0.0293 -0.9810 -0.1920
vn -0.5207 -0.7785 0.3504
vn -0.5208 -0.7785 0.3502
vn -0.5207 -0.7786 0.3502
vn -0.5208 -0.7785 0.3503
vn -0.3735 -0.8371 -0.3996
vn -0.3735 -0.8372 -0.3996
vn -0.3734 -0.8371 -0.3997
vn -0.0162 -0.9659 -0.2584
vn -0.0161 -0.9659 -0.2583
vn -0.0162 -0.9659 -0.2585
vn -0.0160 -0.9659 -0.2584
vn -0.4500 -0.8071 0.3821
vn -0.4501 -0.8072 0.3818
vn -0.4502 -0.8072 0.3817
vn -0.4499 -0.8071 -0.3822
vn -0.4501 -0.8070 -0.3823
vn -0.4500 -0.8072 -0.3822
vn -0.4499 -0.8072 -0.3822
vn -0.0739 -0.9464 -0.3145
vn -0.0737 -0.9464 -0.3144
vn -0.0737 -0.9465 -0.3143
vn -0.0736 -0.9464 -0.3144
vn -0.3734 -0.8371 0.3999
vn -0.3734 -0.8371 0.3998
vn -0.3734 -0.8370 0.4000
vn -0.3733 -0.8371 0.3998
vn -0.5208 -0.7786 -0.3501
vn -0.5212 -0.7781 -0.3505
vn -0.5209 -0.7785 -0.3502
vn -0.5208 -0.7785 -0.3504
vn -0.1413 -0.9230 -0.3580
vn -0.1412 -0.9229 -0.3581
vn -0.1414 -0.9230 -0.3579
vn -0.2942 -0.8672 0.4017
vn -0.2943 -0.8672 0.4016
vn -0.2943 -0.8673 0.4015
vn -0.5835 -0.7525 -0.3053
vn -0.5835 -0.7526 -0.3052
vn -0.2158 -0.8962 -0.3877
vn -0.2158 -0.8962 -0.3876
vn -0.2158 -0.8961 -0.3877
vn -0.2158 -0.8960 -0.3880
vn -0.2158 -0.8962 0.3876
vn -0.2157 -0.8963 0.3876
vn -0.2156 -0.8964 0.3872
vn -0.2158 -0.8964 0.3871
vn -0.6359 -0.7305 -0.2490
vn -0.6359 -0.7305 -0.2491
vn -0.6359 -0.7305 -0.2489
vn -0.2945 -0.8671 -0.4017
vn -0.2943 -0.8672 -0.4016
vn -0.1412 -0.9229 0.3582
vn -0.1411 -0.9229 0.3583
vn -0.1412 -0.9228 0.3585
vn -0.1414 -0.9229 0.3582
vn -0.6766 -0.7130 -0.1841
vn -0.6766 -0.7129 -0.1842
vn -0.6762 -0.7133 -0.1842
vn -0.6765 -0.7130 -0.1842
vn -0.0738 -0.9464 0.3143
vn -0.0737 -0.9464 0.3144
vn -0.0738 -0.9465 0.3143
vn -0.7042 -0.7009 -0.1131
vn -0.7042 -0.7009 -0.1132
vn -0.7042 -0.7010 -0.1131
vn -0.0160 -0.9659 0.2585
vn -0.0157 -0.9658 0.2589
vn -0.0160 -0.9659 0.2584
vn -0.0161 -0.9659 0.2584
vn -0.7181 -0.6949 -0.0381
vn -0.7180 -0.6950 -0.0382
vn -0.7182 -0.6948 -0.0380
vn 0.0295 -0.9810 0.1920
vn 0.0293 -0.9810 0.1920
vn 0.0294 -0.9810 0.1920
vn -0.7182 -0.6948 0.0380
vn -0.7183 -0.6947 0.0379
vn -0.7180 -0.6950 0.0381
vn 0.6444 0.6291 -0.4347
vn -0.6292 0.2039 0.7500
vn 0.8518 -0.2760 -0.4454
vn 0.8518 -0.2759 -0.4453
vn 0.8516 -0.2760 -0.4457
vn 0.8517 -0.2760 -0.4454
vn -0.4738 0.1537 0.8671
vn -0.4737 0.1537 0.8672
vn -0.4738 0.1536 0.8671
vn -0.1001 0.0324 -0.9945
vn -0.1000 0.0324 -0.9945
vn -0.1001 0.0324 -0.9944
vn 0.7560 -0.2449 -0.6070
vn 0.7560 -0.2450 -0.6070
vn -0.2946 0.0956 0.9508
vn -0.2945 0.0956 0.9509
vn -0.2944 0.0956 0.9509
vn -0.2949 0.0957 -0.9507
vn -0.2948 0.0956 -0.9508
vn 0.6289 -0.2044 -0.7502
vn 0.6291 -0.2040 -0.7500
vn -0.1003 0.0325 0.9944
vn -0.1003 0.0326 0.9944
vn -0.1004 0.0325 0.9944
vn -0.4738 0.1537 -0.8671
vn -0.4738 0.1536 -0.8672
vn -0.4739 0.1537 -0.8671
vn 0.4738 -0.1537 -0.8671
vn 0.4738 -0.1536 -0.8671
vn 0.1003 -0.0325 0.9944
vn 0.1003 -0.0326 0.9944
vn 0.1004 -0.0325 0.9944
vn -0.6292 0.2039 -0.7500
vn 0.2949 -0.0955 -0.9508
vn 0.2951 -0.0955 -0.9507
vn 0.2951 -0.0957 -0.9507
vn 0.2946 -0.0956 -0.9508
vn 0.2947 -0.0956 0.9508
vn 0.2948 -0.0956 0.9508
vn 0.2946 -0.0956 0.9508
vn -0.7560 0.2450 -0.6070
vn 0.1001 -0.0324 -0.9944
vn 0.1001 -0.0324 -0.9945
vn 0.4738 -0.1534 0.8672
vn 0.4738 -0.1536 0.8671
vn 0.4738 -0.1537 0.8671
vn -0.8517 0.2760 -0.4454
vn -0.8516 0.2765 -0.4453
vn -0.8516 0.2760 -0.4457
vn -0.8516 0.2759 -0.4456
vn 0.6292 -0.2039 0.7500
vn -0.9155 0.2968 -0.2717
vn -0.9155 0.2967 -0.2717
vn -0.9155 0.2966 -0.2719
vn 0.7559 -0.2450 0.6071
vn 0.7560 -0.2451 0.6069
vn 0.7559 -0.2451 0.6071
vn 0.7560 -0.2450 0.6070
vn -0.9472 0.3072 -0.0914
vn -0.9473 0.3070 -0.0913
vn -0.9471 0.3075 -0.0916
vn 0.8516 -0.2760 0.4457
vn 0.8517 -0.2760 0.4454
vn -0.9472 0.3073 0.0914
vn -0.9471 0.3075 0.0915
vn -0.9471 0.3077 0.0913
vn -0.9473 0.3070 0.0913
vn 0.9155 -0.2968 0.2717
vn 0.9155 -0.2967 0.2717
vn 0.9154 -0.2969 0.2719
vn -0.9156 0.2966 0.2715
vn -0.9155 0.2967 0.2717
vn -0.9157 0.2964 0.2713
vn 0.9473 -0.3070 0.0913
vn 0.9473 -0.3072 0.0913
vn 0.9474 -0.3069 0.0913
vn -0.8516 0.2760 0.4457
vn -0.8515 0.2756 0.4460
vn -0.8517 0.2760 0.4454
vn 0.9474 -0.3068 -0.0913
vn 0.9474 -0.3067 -0.0912
vn 0.9475 -0.3065 -0.0914
vn 0.9474 -0.3068 -0.0914
vn -0.7560 0.2452 0.6069
vn -0.7560 0.2451 0.6070
vn -0.7560 0.2452 0.6070
vn -0.2534 -0.8596 -0.4436
vn -0.2534 -0.8596 -0.4437
vn -0.2531 -0.8596 -0.4439
vn -0.2533 -0.8596 -0.4437
vn 0.2574 0.8352 0.4859
vn 0.2574 0.8353 0.4859
vn 0.1073 0.9170 -0.3842
vn 0.5510 0.6794 -0.4846
vn 0.5511 0.6792 -0.4847
vn 0.5511 0.6793 -0.4847
vn 0.3512 0.7854 0.5097
vn 0.0554 0.9468 -0.3171
vn 0.4511 0.7327 -0.5095
vn 0.4512 0.7324 -0.5099
vn 0.4512 0.7325 -0.5098
vn 0.4511 0.7323 0.5101
vn 0.4512 0.7324 0.5099
vn 0.4512 0.7324 0.5100
vn 0.0186 0.9691 -0.2459
vn 0.3512 0.7854 -0.5097
vn 0.5510 0.6792 0.4848
vn 0.5511 0.6792 0.4847
vn 0.5510 0.6792 0.4849
vn -0.0055 0.9847 -0.1741
vn 0.6444 0.6292 0.4347
vn 0.6444 0.6291 0.4347
vn 0.6444 0.6292 0.4346
vn -0.0196 0.9944 -0.1035
vn -0.0195 0.9944 -0.1035
vn 0.7254 0.5852 0.3624
vn 0.7254 0.5853 0.3624
vn -0.0258 0.9991 -0.0343
vn 0.7897 0.5498 0.2722
vn 0.7895 0.5501 0.2721
vn 0.7897 0.5498 0.2721
vn -0.0258 0.9991 0.0343
vn -0.0259 0.9991 0.0343
vn 0.8338 0.5256 0.1687
vn 0.8338 0.5257 0.1685
vn 0.8338 0.5257 0.1684
vn -0.0195 0.9944 0.1035
vn 0.8564 0.5132 0.0571
vn 0.8564 0.5132 0.0570
vn -0.0055 0.9847 0.1741
vn 0.8565 0.5130 -0.0568
vn 0.8564 0.5132 -0.0571
vn 0.0186 0.9691 0.2459
vn 0.8338 0.5256 -0.1685
vn 0.8338 0.5257 -0.1685
vn 0.8338 0.5257 -0.1686
vn 0.0554 0.9468 0.3171
vn 0.7896 0.5499 -0.2723
vn 0.7895 0.5501 -0.2721
vn 0.1072 0.9170 0.3843
vn 0.1073 0.9170 0.3842
vn 0.2573 0.8353 -0.4859
vn 0.2574 0.8353 -0.4859
vn 0.2575 0.8352 -0.4859
vn 0.7252 0.5852 -0.3628
vn 0.7254 0.5852 -0.3624
vn 0.1749 0.8796 0.4423
vn 0.1745 0.8796 0.4425
vn 0.1749 0.8796 -0.4423
vn 0.8765 -0.1904 0.4422
vn 0.8766 -0.1903 0.4420
vn 0.8766 -0.1903 0.4419
vn 0.8766 -0.1902 0.4421
vn -0.0785 -0.9133 0.3997
vn -0.0786 -0.9133 0.3997
vn -0.6730 -0.7129 -0.1974
vn -0.6729 -0.7130 -0.1973
vn -0.6729 -0.7129 -0.1973
vn -0.6730 -0.7129 -0.1973
vn -0.0003 -0.9359 0.3524
vn -0.0002 -0.9358 0.3526
vn 0.0001 -0.9358 0.3525
vn -0.0002 -0.9358 0.3525
vn -0.7022 -0.7017 -0.1207
vn -0.7022 -0.7017 -0.1208
vn -0.7021 -0.7017 -0.1208
vn 0.0668 -0.9546 0.2903
vn 0.0670 -0.9546 0.2904
vn 0.0670 -0.9545 0.2905
vn -0.7169 -0.6960 -0.0407
vn -0.7169 -0.6960 -0.0406
vn -0.7168 -0.6961 -0.0407
vn 0.1199 -0.9689 0.2166
vn 0.1200 -0.9688 0.2166
vn 0.1202 -0.9688 0.2166
vn 0.1203 -0.9688 0.2165
vn -0.7169 -0.6960 0.0407
vn -0.7169 -0.6960 0.0406
vn 0.1571 -0.9785 0.1336
vn 0.1571 -0.9785 0.1337
vn 0.1571 -0.9785 0.1338
vn -0.7021 -0.7017 0.1208
vn -0.7019 -0.7019 0.1209
vn 0.1758 -0.9834 0.0451
vn 0.1754 -0.9835 0.0453
vn 0.1761 -0.9833 0.0449
vn 0.1761 -0.9834 0.0450
vn -0.6731 -0.7128 0.1972
vn -0.6732 -0.7128 0.1968
vn -0.6730 -0.7128 0.1972
vn -0.6729 -0.7129 0.1973
vn 0.1758 -0.9834 -0.0450
vn 0.1759 -0.9834 -0.0451
vn 0.1761 -0.9833 -0.0452
vn -0.6295 -0.7294 0.2678
vn -0.6296 -0.7293 0.2678
vn -0.6296 -0.7293 0.2677
vn -0.6296 -0.7294 0.2677
vn 0.1572 -0.9785 -0.1334
vn 0.1574 -0.9785 -0.1333
vn 0.1572 -0.9785 -0.1335
vn 0.1571 -0.9785 -0.1336
vn -0.5734 -0.7502 0.3294
vn -0.5733 -0.7502 0.3294
vn -0.5733 -0.7502 0.3295
vn 0.1204 -0.9688 -0.2165
vn 0.1203 -0.9688 -0.2165
vn -0.5053 -0.7749 0.3799
vn -0.5053 -0.7747 0.3801
vn -0.5051 -0.7748 0.3802
vn -0.5052 -0.7747 0.3801
vn -0.3426 -0.8307 -0.4389
vn -0.3425 -0.8307 -0.4389
vn -0.3425 -0.8306 -0.4390
vn -0.3426 -0.8306 -0.4390
vn 0.0671 -0.9545 -0.2906
vn 0.0670 -0.9545 -0.2906
vn 0.0670 -0.9545 -0.2904
vn 0.0671 -0.9545 -0.2905
vn -0.4274 -0.8021 0.4171
vn -0.4275 -0.8021 0.4170
vn -0.4274 -0.8020 0.4171
vn -0.4273 -0.8021 0.4172
vn -0.4275 -0.8020 -0.4172
vn -0.4275 -0.8020 -0.4171
vn -0.0000 -0.9357 -0.3529
vn -0.0002 -0.9358 -0.3525
vn -0.0000 -0.9357 -0.3528
vn -0.0001 -0.9358 -0.3525
vn -0.3427 -0.8306 0.4389
vn -0.3425 -0.8307 0.4389
vn -0.5053 -0.7747 -0.3801
vn -0.5053 -0.7748 -0.3799
vn -0.5054 -0.7747 -0.3801
vn -0.0785 -0.9133 -0.3996
vn -0.0785 -0.9133 -0.3997
vn -0.2534 -0.8596 0.4436
vn -0.2535 -0.8596 0.4436
vn -0.2533 -0.8596 0.4437
vn -0.5733 -0.7502 -0.3293
vn -0.5732 -0.7504 -0.3292
vn -0.5733 -0.7502 -0.3294
vn -0.1642 -0.8875 -0.4305
vn -0.1643 -0.8875 -0.4305
vn -0.1643 -0.8876 -0.4304
vn -0.1641 -0.8877 -0.4303
vn -0.1642 -0.8875 0.4306
vn -0.1641 -0.8874 0.4308
vn -0.1643 -0.8875 0.4304
vn -0.6293 -0.7295 -0.2679
vn -0.6295 -0.7294 -0.2679
vn -0.6292 -0.7296 -0.2679
vn -0.6294 -0.7295 -0.2678
vn 0.7811 0.6224 -0.0499
vn 0.7813 0.6222 -0.0497
vn -0.9732 0.2115 0.0904
vn -0.9732 0.2112 0.0905
vn -0.9732 0.2113 0.0904
vn 0.9411 -0.2045 0.2692
vn 0.9411 -0.2043 0.2694
vn 0.9411 -0.2047 0.2691
vn -0.9410 0.2045 0.2697
vn -0.9411 0.2043 0.2693
vn -0.9411 0.2044 0.2694
vn 0.9732 -0.2115 0.0904
vn 0.9732 -0.2113 0.0904
vn 0.9732 -0.2113 0.0906
vn -0.8765 0.1903 0.4422
vn -0.8766 0.1903 0.4420
vn 0.9732 -0.2115 -0.0905
vn 0.9732 -0.2114 -0.0903
vn 0.9732 -0.2115 -0.0906
vn 0.9732 -0.2113 -0.0906
vn -0.7792 0.1691 0.6035
vn -0.7793 0.1693 0.6033
vn -0.7791 0.1689 0.6037
vn 0.9411 -0.2046 -0.2692
vn 0.9411 -0.2044 -0.2694
vn -0.6495 0.1412 0.7471
vn -0.6497 0.1410 0.7470
vn -0.6496 0.1410 0.7471
vn -0.6496 0.1408 0.7471
vn 0.8765 -0.1903 -0.4422
vn 0.8766 -0.1903 -0.4420
vn 0.8765 -0.1904 -0.4422
vn -0.4900 0.1063 0.8652
vn -0.4901 0.1062 0.8652
vn -0.4901 0.1064 0.8651
vn -0.4902 0.1064 0.8651
vn -0.1038 0.0225 -0.9943
vn -0.1040 0.0225 -0.9943
vn 0.7793 -0.1691 -0.6035
vn 0.7792 -0.1690 -0.6035
vn 0.7793 -0.1692 -0.6034
vn -0.3053 0.0663 0.9499
vn -0.3053 0.0663 0.9500
vn -0.3054 0.0663 0.9499
vn -0.3055 0.0664 -0.9499
vn -0.3054 0.0663 -0.9499
vn -0.3058 0.0666 -0.9498
vn 0.6497 -0.1406 -0.7471
vn 0.6497 -0.1411 -0.7470
vn -0.1039 0.0225 0.9943
vn -0.1038 0.0225 0.9943
vn -0.4903 0.1063 -0.8650
vn -0.4903 0.1061 -0.8651
vn -0.4905 0.1065 -0.8649
vn -0.4901 0.1064 -0.8651
vn 0.4902 -0.1064 -0.8651
vn 0.4901 -0.1064 -0.8651
vn 0.4900 -0.1064 -0.8652
vn 0.1039 -0.0225 0.9943
vn 0.1038 -0.0225 0.9943
vn 0.1040 -0.0225 0.9943
vn -0.6497 0.1407 -0.7470
vn -0.6497 0.1406 -0.7471
vn -0.6498 0.1408 -0.7470
vn 0.3059 -0.0663 -0.9497
vn 0.3056 -0.0663 -0.9498
vn 0.3052 -0.0662 0.9500
vn 0.3046 -0.0660 0.9502
vn 0.3052 -0.0663 0.9500
vn -0.7792 0.1690 -0.6036
vn -0.7793 0.1693 -0.6033
vn -0.7792 0.1691 -0.6035
vn -0.7791 0.1689 -0.6037
vn 0.1038 -0.0225 -0.9943
vn 0.1039 -0.0225 -0.9943
vn 0.4901 -0.1064 0.8651
vn 0.4901 -0.1064 0.8652
vn -0.8765 0.1903 -0.4422
vn -0.8765 0.1903 -0.4421
vn -0.8766 0.1902 -0.4421
vn 0.6497 -0.1406 0.7471
vn -0.9411 0.2046 -0.2691
vn -0.9411 0.2044 -0.2693
vn -0.9411 0.2045 -0.2693
vn -0.9410 0.2050 -0.2693
vn 0.7793 -0.1692 0.6034
vn 0.7793 -0.1691 0.6035
vn -0.9732 0.2112 -0.0903
vn -0.9732 0.2111 -0.0908
vn -0.9732 0.2112 -0.0904
vn -0.9732 0.2115 -0.0903
vn -0.2966 -0.7854 -0.5433
vn 0.1223 0.9819 0.1448
vn 0.1222 0.9819 0.1447
vn 0.7598 0.6333 -0.1471
vn 0.7598 0.6332 -0.1471
vn 0.7599 0.6332 -0.1471
vn 0.1315 0.9707 0.2011
vn 0.1316 0.9707 0.2011
vn 0.1316 0.9707 0.2010
vn 0.7182 0.6545 -0.2363
vn 0.7181 0.6545 -0.2363
vn 0.1543 0.9528 0.2613
vn 0.1546 0.9528 0.2612
vn 0.1546 0.9528 0.2613
vn 0.2527 0.8942 -0.3696
vn 0.2525 0.8943 -0.3694
vn 0.6582 0.6850 -0.3124
vn 0.6582 0.6850 -0.3123
vn 0.6584 0.6850 -0.3121
vn 0.1946 0.9273 0.3197
vn 0.1947 0.9273 0.3197
vn 0.1948 0.9273 0.3197
vn 0.1947 0.9273 -0.3197
vn 0.5834 0.7229 -0.3702
vn 0.5833 0.7230 -0.3702
vn 0.2527 0.8942 0.3696
vn 0.1546 0.9528 -0.2611
vn 0.1546 0.9528 -0.2612
vn 0.4987 0.7657 -0.4061
vn 0.4986 0.7660 -0.4058
vn 0.3264 0.8546 0.4039
vn 0.3263 0.8546 0.4039
vn 0.3263 0.8546 0.4040
vn 0.1315 0.9707 -0.2011
vn 0.1316 0.9707 -0.2011
vn 0.4106 0.8109 -0.4170
vn 0.4106 0.8109 -0.4169
vn 0.4106 0.8109 0.4169
vn 0.4106 0.8109 0.4170
vn 0.1223 0.9819 -0.1448
vn 0.1223 0.9819 -0.1447
vn 0.3263 0.8546 -0.4039
vn 0.3264 0.8546 -0.4039
vn 0.4986 0.7660 0.4058
vn 0.4986 0.7660 0.4057
vn 0.1217 0.9880 -0.0955
vn 0.1218 0.9880 -0.0955
vn 0.5833 0.7230 0.3701
vn 0.5833 0.7230 0.3702
vn 0.1248 0.9907 -0.0536
vn 0.1247 0.9907 -0.0536
vn 0.6582 0.6850 0.3123
vn 0.6582 0.6850 0.3124
vn 0.1275 0.9917 -0.0172
vn 0.1274 0.9917 -0.0171
vn 0.7182 0.6545 0.2364
vn 0.7182 0.6545 0.2363
vn 0.7180 0.6548 0.2361
vn 0.1275 0.9917 0.0172
vn 0.7599 0.6332 0.1471
vn 0.7599 0.6332 0.1470
vn 0.1248 0.9907 0.0536
vn 0.7812 0.6223 0.0496
vn 0.7811 0.6224 0.0499
vn 0.7814 0.6221 0.0499
vn 0.1217 0.9880 0.0955
vn 0.1218 0.9880 0.0954
vn -0.6712 0.0550 -0.7392
vn -0.6712 0.0549 -0.7392
vn -0.6709 0.0548 -0.7395
vn 0.2473 -0.8939 -0.3739
vn 0.2473 -0.8940 -0.3737
vn 0.2473 -0.8939 -0.3738
vn -0.4034 -0.7590 0.5111
vn -0.4033 -0.7589 0.5112
vn -0.4032 -0.7592 0.5110
vn -0.4036 -0.7588 0.5112
vn -0.4035 -0.7589 -0.5111
vn -0.4036 -0.7590 -0.5110
vn -0.4036 -0.7589 -0.5111
vn -0.4037 -0.7587 -0.5113
vn 0.1553 -0.8787 -0.4513
vn 0.1556 -0.8787 -0.4514
vn 0.1555 -0.8787 -0.4513
vn -0.2969 -0.7853 0.5432
vn -0.2966 -0.7854 0.5433
vn -0.2964 -0.7855 0.5433
vn -0.2967 -0.7854 0.5432
vn -0.4995 -0.7337 -0.4606
vn -0.4994 -0.7338 -0.4607
vn -0.4998 -0.7336 -0.4605
vn 0.0497 -0.8595 -0.5087
vn 0.0502 -0.8594 -0.5088
vn 0.0502 -0.8595 -0.5086
vn 0.0500 -0.8595 -0.5086
vn -0.1822 -0.8117 0.5549
vn -0.1820 -0.8118 0.5548
vn -0.1824 -0.8116 0.5550
vn -0.5812 -0.7112 -0.3955
vn -0.5811 -0.7112 -0.3955
vn -0.0643 -0.8369 -0.5436
vn -0.0647 -0.8369 -0.5435
vn -0.0649 -0.8369 -0.5435
vn -0.0648 -0.8369 0.5435
vn -0.0645 -0.8369 0.5435
vn -0.0646 -0.8369 0.5435
vn -0.0647 -0.8369 0.5435
vn -0.6476 -0.6921 -0.3187
vn -0.6476 -0.6921 -0.3188
vn -0.6477 -0.6920 -0.3187
vn -0.1821 -0.8119 -0.5546
vn -0.1824 -0.8116 -0.5550
vn -0.1820 -0.8120 -0.5546
vn 0.0497 -0.8595 0.5088
vn 0.0496 -0.8594 0.5088
vn 0.0499 -0.8595 0.5087
vn 0.0500 -0.8595 0.5087
vn -0.6979 -0.6773 -0.2330
vn -0.6979 -0.6771 -0.2334
vn -0.6978 -0.6772 -0.2333
vn -0.6977 -0.6773 -0.2334
vn 0.1553 -0.8787 0.4513
vn 0.1553 -0.8787 0.4515
vn 0.1556 -0.8787 0.4514
vn -0.7315 -0.6669 -0.1421
vn -0.7316 -0.6668 -0.1421
vn -0.7315 -0.6669 -0.1422
vn 0.2473 -0.8939 0.3738
vn 0.2472 -0.8939 0.3738
vn 0.2473 -0.8939 0.3739
vn -0.7482 -0.6617 -0.0477
vn -0.7482 -0.6617 -0.0476
vn -0.7482 -0.6617 -0.0480
vn -0.7481 -0.6618 -0.0485
vn 0.3201 -0.9052 0.2795
vn 0.3200 -0.9052 0.2796
vn 0.3201 -0.9052 0.2796
vn 0.3200 -0.9052 0.2798
vn -0.7482 -0.6617 0.0481
vn -0.7482 -0.6617 0.0484
vn -0.7482 -0.6618 0.0484
vn 0.3707 -0.9126 0.1727
vn 0.3707 -0.9125 0.1728
vn 0.3706 -0.9126 0.1726
vn 0.3705 -0.9126 0.1727
vn -0.7316 -0.6668 0.1421
vn -0.7316 -0.6667 0.1422
vn -0.7315 -0.6669 0.1421
vn 0.3964 -0.9162 0.0583
vn 0.3965 -0.9162 0.0582
vn 0.3964 -0.9162 0.0584
vn -0.6978 -0.6772 0.2332
vn -0.6979 -0.6771 0.2334
vn -0.6979 -0.6772 0.2332
vn -0.6978 -0.6772 0.2334
vn 0.3964 -0.9162 -0.0585
vn 0.3966 -0.9162 -0.0584
vn 0.3965 -0.9162 -0.0585
vn 0.3964 -0.9162 -0.0586
vn -0.6478 -0.6920 0.3187
vn -0.6477 -0.6920 0.3187
vn 0.3707 -0.9125 -0.1727
vn 0.3707 -0.9126 -0.1726
vn 0.3708 -0.9125 -0.1725
vn -0.5813 -0.7111 0.3955
vn -0.5813 -0.7110 0.3956
vn -0.5812 -0.7112 0.3955
vn 0.3200 -0.9052 -0.2796
vn 0.3201 -0.9052 -0.2795
vn 0.3201 -0.9052 -0.2796
vn -0.4995 -0.7337 0.4606
vn -0.4994 -0.7338 0.4607
vn -0.4993 -0.7338 0.4607
vn 0.1463 0.9885 -0.0372
vn 0.3176 -0.0260 -0.9479
vn 0.3178 -0.0260 0.9478
vn -0.8012 0.0654 -0.5948
vn -0.8013 0.0654 -0.5947
vn -0.8011 0.0654 -0.5950
vn 0.1082 -0.0088 -0.9941
vn 0.5080 -0.0416 0.8603
vn 0.5083 -0.0415 0.8602
vn 0.5081 -0.0416 0.8603
vn -0.8979 0.0733 -0.4340
vn -0.8979 0.0733 -0.4341
vn -0.8980 0.0733 -0.4339
vn 0.6712 -0.0550 0.7392
vn 0.6713 -0.0549 0.7392
vn 0.6709 -0.0548 0.7395
vn -0.9614 0.0787 -0.2637
vn -0.9614 0.0785 -0.2638
vn -0.9614 0.0786 -0.2637
vn -0.9614 0.0788 -0.2636
vn 0.8014 -0.0655 0.5945
vn 0.8013 -0.0654 0.5947
vn -0.9928 0.0811 -0.0884
vn -0.9928 0.0810 -0.0884
vn 0.8979 -0.0733 0.4340
vn 0.8979 -0.0733 0.4341
vn -0.9928 0.0811 0.0884
vn -0.9928 0.0811 0.0886
vn -0.9928 0.0810 0.0884
vn 0.9614 -0.0787 0.2636
vn -0.9614 0.0783 0.2639
vn -0.9614 0.0785 0.2639
vn -0.9615 0.0780 0.2636
vn 0.9927 -0.0813 0.0886
vn 0.9927 -0.0812 0.0886
vn 0.9928 -0.0808 0.0884
vn 0.9928 -0.0810 0.0884
vn -0.8980 0.0735 0.4338
vn -0.8978 0.0732 0.4343
vn -0.8978 0.0733 0.4342
vn -0.8980 0.0736 0.4338
vn 0.9927 -0.0813 -0.0887
vn 0.9928 -0.0811 -0.0883
vn 0.9928 -0.0812 -0.0884
vn 0.9927 -0.0813 -0.0886
vn -0.8010 0.0655 0.5951
vn 0.9614 -0.0787 -0.2636
vn -0.6712 0.0550 0.7392
vn -0.6712 0.0550 0.7393
vn -0.6709 0.0548 0.7395
vn 0.8977 -0.0735 -0.4344
vn 0.8977 -0.0735 -0.4343
vn 0.8977 -0.0736 -0.4344
vn -0.5084 0.0416 0.8601
vn -0.5083 0.0415 0.8602
vn -0.5087 0.0417 0.8599
vn -0.5086 0.0417 0.8600
vn -0.1083 0.0088 -0.9941
vn -0.1082 0.0088 -0.9941
vn 0.8011 -0.0656 -0.5949
vn 0.8012 -0.0657 -0.5948
vn -0.3177 0.0260 0.9478
vn -0.3176 0.0260 0.9479
vn -0.3177 0.0260 0.9479
vn -0.3178 0.0260 0.9478
vn -0.3176 0.0260 -0.9479
vn -0.3174 0.0260 -0.9479
vn -0.3178 0.0260 -0.9478
vn 0.6712 -0.0550 -0.7392
vn 0.6709 -0.0548 -0.7395
vn 0.6712 -0.0549 -0.7392
vn -0.1081 0.0089 0.9941
vn -0.1082 0.0089 0.9941
vn -0.5087 0.0417 -0.8599
vn -0.5087 0.0416 -0.8599
vn -0.5086 0.0417 -0.8600
vn 0.5080 -0.0416 -0.8603
vn 0.5080 -0.0416 -0.8604
vn 0.5081 -0.0416 -0.8603
vn 0.1081 -0.0088 0.9941
vn -0.5674 -0.8183 0.0922
vn -0.5673 -0.8184 0.0920
vn -0.5674 -0.8182 0.0923
vn -0.5674 -0.8183 0.0921
vn 0.5104 0.8376 0.1949
vn 0.5104 0.8375 0.1949
vn 0.1464 0.9891 -0.0121
vn 0.1464 0.9892 -0.0121
vn 0.5509 0.8213 0.1482
vn 0.5509 0.8213 0.1483
vn 0.1464 0.9892 0.0121
vn 0.5793 0.8098 0.0927
vn 0.5792 0.8099 0.0926
vn 0.1463 0.9885 0.0372
vn 0.5940 0.8039 0.0315
vn 0.5940 0.8039 0.0314
vn 0.1472 0.9870 0.0649
vn 0.1473 0.9870 0.0649
vn 0.1473 0.9870 0.0651
vn 0.5941 0.8038 -0.0314
vn 0.5940 0.8038 -0.0315
vn 0.5940 0.8039 -0.0314
vn 0.1514 0.9838 0.0959
vn 0.5793 0.8098 -0.0927
vn 0.5795 0.8097 -0.0929
vn 0.1613 0.9783 0.1299
vn 0.1613 0.9783 0.1300
vn 0.5508 0.8213 -0.1484
vn 0.5509 0.8213 -0.1483
vn 0.1795 0.9697 0.1655
vn 0.1796 0.9697 0.1655
vn 0.2462 0.9419 -0.2285
vn 0.2461 0.9419 -0.2286
vn 0.5105 0.8375 -0.1948
vn 0.5104 0.8376 -0.1949
vn 0.5103 0.8376 -0.1950
vn 0.2077 0.9576 0.1996
vn 0.2075 0.9576 -0.1997
vn 0.2077 0.9576 -0.1996
vn 0.2077 0.9576 -0.1997
vn 0.4607 0.8573 -0.2298
vn 0.4607 0.8573 -0.2297
vn 0.2462 0.9419 0.2285
vn 0.2461 0.9419 0.2286
vn 0.1795 0.9698 -0.1654
vn 0.1795 0.9697 -0.1655
vn 0.1792 0.9697 -0.1658
vn 0.4051 0.8793 -0.2505
vn 0.4052 0.8792 -0.2506
vn 0.4049 0.8794 -0.2505
vn 0.2939 0.9229 0.2486
vn 0.1613 0.9783 -0.1300
vn 0.1614 0.9783 -0.1300
vn 0.3482 0.9016 -0.2567
vn 0.3483 0.9016 -0.2566
vn 0.3483 0.9016 0.2567
vn 0.3482 0.9016 0.2567
vn 0.1514 0.9838 -0.0959
vn 0.1515 0.9838 -0.0958
vn 0.2940 0.9229 -0.2485
vn 0.2939 0.9229 -0.2486
vn 0.4052 0.8792 0.2507
vn 0.4052 0.8792 0.2506
vn 0.1472 0.9870 -0.0648
vn 0.1473 0.9870 -0.0649
vn 0.1472 0.9870 -0.0649
vn 0.4607 0.8573 0.2297
vn 0.4607 0.8573 0.2298
vn -0.6785 0.0119 0.7345
vn -0.6787 0.0122 0.7344
vn -0.6786 0.0119 0.7344
vn -0.6786 0.0116 0.7344
vn 0.1537 -0.9874 0.0369
vn 0.1538 -0.9874 0.0369
vn -0.5447 -0.8250 0.1505
vn -0.5447 -0.8250 0.1504
vn -0.5447 -0.8250 0.1506
vn 0.1536 -0.9874 -0.0372
vn 0.1537 -0.9874 -0.0368
vn 0.1537 -0.9874 -0.0369
vn -0.5109 -0.8349 0.2048
vn -0.5111 -0.8347 0.2049
vn -0.5109 -0.8349 0.2049
vn -0.5107 -0.8350 0.2047
vn 0.1370 -0.9845 -0.1091
vn 0.1371 -0.9845 -0.1091
vn 0.1369 -0.9846 -0.1091
vn -0.4672 -0.8472 0.2529
vn -0.4671 -0.8472 0.2530
vn -0.4672 -0.8472 0.2530
vn -0.4674 -0.8469 0.2534
vn 0.1048 -0.9787 -0.1763
vn -0.4136 -0.8619 0.2933
vn -0.4137 -0.8619 0.2934
vn -0.4137 -0.8618 0.2934
vn -0.2838 -0.8954 -0.3430
vn -0.2837 -0.8955 -0.3430
vn -0.2837 -0.8954 -0.3431
vn 0.0585 -0.9702 -0.2353
vn -0.3518 -0.8783 0.3238
vn -0.3519 -0.8782 0.3239
vn -0.3519 -0.8782 0.3240
vn -0.3516 -0.8784 0.3238
vn -0.3519 -0.8784 -0.3234
vn -0.3519 -0.8783 -0.3237
vn 0.0006 -0.9589 -0.2837
vn 0.0007 -0.9590 -0.2834
vn 0.0006 -0.9589 -0.2836
vn 0.0006 -0.9589 -0.2838
vn -0.2837 -0.8955 0.3430
vn -0.2837 -0.8955 0.3429
vn -0.4137 -0.8619 -0.2931
vn -0.4136 -0.8619 -0.2933
vn -0.4137 -0.8620 -0.2930
vn -0.4138 -0.8620 -0.2929
vn -0.0659 -0.9453 -0.3194
vn -0.0659 -0.9453 -0.3195
vn -0.2113 -0.9130 0.3491
vn -0.2113 -0.9130 0.3489
vn -0.2114 -0.9129 0.3491
vn -0.4670 -0.8472 -0.2531
vn -0.4670 -0.8473 -0.2531
vn -0.4671 -0.8473 -0.2530
vn -0.4671 -0.8472 -0.2530
vn -0.1377 -0.9298 -0.3414
vn -0.1380 -0.9297 -0.3415
vn -0.1378 -0.9298 -0.3412
vn -0.1378 -0.9298 0.3414
vn -0.1379 -0.9298 0.3413
vn -0.5113 -0.8347 -0.2048
vn -0.5111 -0.8347 -0.2050
vn -0.5111 -0.8347 -0.2049
vn -0.5111 -0.8348 -0.2048
vn -0.2112 -0.9129 -0.3492
vn -0.2112 -0.9130 -0.3491
vn -0.2113 -0.9129 -0.3491
vn -0.0659 -0.9453 0.3195
vn -0.0659 -0.9453 0.3194
vn -0.5447 -0.8250 -0.1504
vn -0.5447 -0.8250 -0.1505
vn 0.0005 -0.9589 0.2837
vn 0.0006 -0.9589 0.2837
vn 0.0005 -0.9589 0.2838
vn 0.0009 -0.9589 0.2836
vn -0.5673 -0.8183 -0.0920
vn -0.5673 -0.8184 -0.0918
vn -0.5673 -0.8183 -0.0922
vn 0.0585 -0.9702 0.2353
vn 0.0585 -0.9701 0.2354
vn -0.5788 -0.8149 -0.0309
vn -0.5788 -0.8149 -0.0308
vn 0.1048 -0.9787 0.1763
vn 0.1049 -0.9787 0.1762
vn -0.5787 -0.8149 0.0310
vn -0.5788 -0.8149 0.0311
vn -0.5788 -0.8149 0.0309
vn -0.5787 -0.8149 0.0309
vn 0.1372 -0.9845 0.1091
vn 0.1370 -0.9845 0.1091
vn 0.1375 -0.9845 0.1091
vn 0.1508 0.8584 0.4904
vn 0.9033 -0.0156 -0.4287
vn 0.9032 -0.0155 -0.4289
vn 0.9033 -0.0153 -0.4288
vn 0.9033 -0.0154 -0.4287
vn -0.5156 0.0088 0.8568
vn -0.5155 0.0088 0.8568
vn -0.5157 0.0088 0.8568
vn -0.5156 0.0089 0.8568
vn -0.1103 0.0019 -0.9939
vn -0.1102 0.0019 -0.9939
vn 0.8079 -0.0139 -0.5891
vn 0.8079 -0.0139 -0.5892
vn -0.3231 0.0055 0.9463
vn -0.3232 0.0055 0.9463
vn -0.3230 0.0055 0.9464
vn -0.3229 0.0055 -0.9464
vn -0.3230 0.0055 -0.9464
vn 0.6786 -0.0116 -0.7344
vn -0.1101 0.0019 0.9939
vn -0.5157 0.0087 -0.8567
vn -0.5155 0.0088 -0.8568
vn -0.5158 0.0088 -0.8567
vn -0.5156 0.0084 -0.8568
vn 0.5157 -0.0089 -0.8567
vn 0.5156 -0.0088 -0.8568
vn 0.5157 -0.0088 -0.8567
vn 0.5155 -0.0088 -0.8569
vn 0.1101 -0.0019 0.9939
vn -0.6786 0.0116 -0.7344
vn -0.6786 0.0119 -0.7344
vn 0.3232 -0.0055 -0.9463
vn 0.3232 -0.0055 0.9463
vn 0.3231 -0.0056 0.9464
vn -0.8079 0.0139 -0.5891
vn -0.8080 0.0139 -0.5890
vn -0.8080 0.0139 -0.5891
vn 0.1102 -0.0019 -0.9939
vn 0.1104 -0.0019 -0.9939
vn 0.1103 -0.0019 -0.9939
vn 0.5157 -0.0087 0.8567
vn 0.5156 -0.0086 0.8568
vn 0.5156 -0.0087 0.8568
vn 0.5157 -0.0088 0.8568
vn -0.9033 0.0157 -0.4287
vn -0.9033 0.0154 -0.4287
vn -0.9033 0.0156 -0.4287
vn -0.9033 0.0155 -0.4287
vn 0.6788 -0.0113 0.7342
vn -0.9654 0.0166 -0.2601
vn -0.9654 0.0160 -0.2603
vn -0.9654 0.0165 -0.2602
vn 0.8080 -0.0141 0.5890
vn 0.8080 -0.0139 0.5890
vn 0.8080 -0.0140 0.5890
vn -0.9960 0.0172 -0.0872
vn -0.9961 0.0171 -0.0871
vn -0.9960 0.0173 -0.0872
vn -0.9960 0.0169 -0.0874
vn 0.9033 -0.0156 0.4287
vn 0.9032 -0.0155 0.4289
vn 0.9032 -0.0154 0.4289
vn 0.9033 -0.0155 0.4288
vn -0.9960 0.0172 0.0872
vn -0.9960 0.0169 0.0874
vn -0.9960 0.0173 0.0872
vn -0.9961 0.0172 0.0870
vn 0.9654 -0.0166 0.2601
vn 0.9654 -0.0165 0.2601
vn 0.9654 -0.0169 0.2601
vn -0.9654 0.0167 0.2601
vn -0.9654 0.0166 0.2601
vn -0.9654 0.0165 0.2601
vn 0.9960 -0.0172 0.0873
vn 0.9961 -0.0171 0.0871
vn 0.9960 -0.0173 0.0872
vn -0.9033 0.0156 0.4287
vn -0.9033 0.0155 0.4288
vn -0.9033 0.0157 0.4287
vn 0.9960 -0.0173 -0.0872
vn 0.9960 -0.0170 -0.0872
vn 0.9960 -0.0172 -0.0873
vn 0.9961 -0.0171 -0.0871
vn -0.8080 0.0139 0.5890
vn -0.8081 0.0139 0.5889
vn 0.9654 -0.0167 -0.2602
vn 0.9654 -0.0168 -0.2601
vn 0.9654 -0.0168 -0.2602
vn -0.0147 -0.9569 0.2901
vn -0.0146 -0.9569 0.2901
vn 0.0284 0.9448 -0.3263
vn 0.4847 0.7018 -0.5221
vn 0.4846 0.7019 -0.5221
vn 0.2529 0.8055 0.5360
vn 0.2528 0.8054 0.5361
vn 0.0143 0.9720 -0.2347
vn 0.3682 0.7520 -0.5468
vn 0.3681 0.7520 -0.5468
vn 0.3682 0.7520 0.5467
vn 0.3682 0.7520 0.5468
vn 0.3679 0.7520 0.5470
vn 0.0238 0.9878 -0.1540
vn 0.2529 0.8055 -0.5360
vn 0.2528 0.8054 -0.5361
vn 0.4846 0.7019 0.5220
vn 0.4846 0.7019 0.5221
vn 0.0453 0.9948 -0.0909
vn 0.5914 0.6581 0.4661
vn 0.0671 0.9967 -0.0459
vn 0.6815 0.6222 0.3853
vn 0.6814 0.6222 0.3853
vn 0.6814 0.6222 0.3854
vn 0.0802 0.9967 -0.0138
vn 0.0803 0.9967 -0.0138
vn 0.7508 0.5951 0.2866
vn 0.7507 0.5952 0.2866
vn 0.0803 0.9967 0.0138
vn 0.0801 0.9967 0.0138
vn 0.7973 0.5772 0.1763
vn 0.7973 0.5773 0.1763
vn 0.7974 0.5772 0.1762
vn 0.0671 0.9967 0.0459
vn 0.8207 0.5683 0.0595
vn 0.8207 0.5682 0.0595
vn 0.0453 0.9948 0.0909
vn 0.8206 0.5683 -0.0594
vn 0.8206 0.5684 -0.0595
vn 0.8207 0.5683 -0.0593
vn 0.8206 0.5683 -0.0595
vn 0.0238 0.9878 0.1540
vn 0.7972 0.5773 -0.1765
vn 0.7973 0.5773 -0.1763
vn 0.7974 0.5772 -0.1763
vn 0.0143 0.9720 0.2347
vn 0.7508 0.5951 -0.2867
vn 0.7507 0.5952 -0.2866
vn 0.0284 0.9448 0.3263
vn 0.1508 0.8584 -0.4904
vn 0.6816 0.6221 -0.3852
vn 0.6814 0.6222 -0.3853
vn 0.6814 0.6223 -0.3853
vn 0.6815 0.6222 -0.3853
vn 0.0738 0.9062 0.4164
vn 0.0738 0.9062 -0.4164
vn 0.5913 0.6581 -0.4661
vn 0.5914 0.6581 -0.4661
vn 0.9012 0.1390 0.4105
vn 0.9011 0.1387 0.4108
vn -0.4556 -0.8804 -0.1317
vn -0.4556 -0.8804 -0.1316
vn -0.4555 -0.8804 -0.1316
vn 0.0493 -0.9646 0.2590
vn 0.0492 -0.9647 0.2589
vn 0.0492 -0.9646 0.2591
vn -0.4760 -0.8757 -0.0805
vn -0.4758 -0.8758 -0.0806
vn -0.4761 -0.8757 -0.0804
vn -0.4763 -0.8756 -0.0804
vn 0.1052 -0.9708 0.2157
vn 0.1053 -0.9708 0.2157
vn 0.1051 -0.9708 0.2158
vn -0.4858 -0.8736 -0.0271
vn -0.4858 -0.8737 -0.0270
vn -0.4858 -0.8736 -0.0272
vn -0.4858 -0.8736 -0.0273
vn 0.1506 -0.9752 0.1623
vn 0.1504 -0.9752 0.1622
vn 0.1505 -0.9752 0.1622
vn 0.1506 -0.9752 0.1622
vn -0.4859 -0.8736 0.0268
vn -0.4859 -0.8736 0.0270
vn -0.4862 -0.8734 0.0269
vn -0.4859 -0.8736 0.0265
vn 0.1824 -0.9781 0.1005
vn 0.1819 -0.9781 0.1007
vn 0.1820 -0.9781 0.1006
vn -0.4758 -0.8759 0.0802
vn -0.4762 -0.8756 0.0807
vn -0.4760 -0.8758 0.0803
vn -0.4758 -0.8759 0.0801
vn 0.1986 -0.9795 0.0342
vn 0.1985 -0.9795 0.0340
vn 0.1986 -0.9795 0.0341
vn 0.1988 -0.9794 0.0342
vn -0.4556 -0.8804 0.1316
vn -0.4556 -0.8804 0.1315
vn -0.4558 -0.8803 0.1318
vn 0.1985 -0.9795 -0.0341
vn 0.1983 -0.9795 -0.0339
vn 0.1987 -0.9795 -0.0343
vn -0.4258 -0.8868 0.1795
vn -0.4257 -0.8869 0.1796
vn -0.4258 -0.8869 0.1791
vn -0.4259 -0.8868 0.1794
vn 0.1821 -0.9781 -0.1008
vn 0.1821 -0.9781 -0.1009
vn 0.1822 -0.9781 -0.1007
vn 0.1823 -0.9781 -0.1007
vn -0.3866 -0.8950 0.2226
vn -0.3864 -0.8950 0.2226
vn -0.3866 -0.8950 0.2225
vn -0.3863 -0.8951 0.2225
vn 0.1507 -0.9752 -0.1621
vn 0.1504 -0.9752 -0.1622
vn -0.3382 -0.9047 0.2592
vn -0.3384 -0.9046 0.2593
vn -0.3380 -0.9048 0.2591
vn -0.2191 -0.9264 -0.3061
vn -0.2191 -0.9264 -0.3062
vn 0.1053 -0.9708 -0.2156
vn 0.1053 -0.9708 -0.2157
vn 0.1052 -0.9708 -0.2157
vn -0.2818 -0.9154 0.2876
vn -0.2817 -0.9153 0.2878
vn -0.2818 -0.9154 0.2875
vn -0.2817 -0.9154 -0.2876
vn -0.2815 -0.9154 -0.2877
vn -0.2817 -0.9154 -0.2875
vn -0.2818 -0.9154 -0.2875
vn 0.0492 -0.9647 -0.2589
vn 0.0492 -0.9646 -0.2591
vn 0.0492 -0.9646 -0.2589
vn -0.2191 -0.9264 0.3062
vn -0.2191 -0.9264 0.3061
vn -0.3381 -0.9047 -0.2592
vn -0.3380 -0.9047 -0.2593
vn -0.3380 -0.9048 -0.2592
vn -0.3380 -0.9048 -0.2591
vn -0.0145 -0.9569 -0.2901
vn -0.0146 -0.9569 -0.2901
vn -0.0144 -0.9569 -0.2901
vn -0.1520 -0.9374 0.3133
vn -0.1519 -0.9374 0.3134
vn -0.3867 -0.8950 -0.2225
vn -0.3862 -0.8952 -0.2225
vn -0.3863 -0.8951 -0.2225
vn -0.0827 -0.9477 -0.3082
vn -0.0827 -0.9478 -0.3081
vn -0.0827 -0.9477 0.3082
vn -0.0827 -0.9477 0.3081
vn -0.0826 -0.9478 0.3081
vn -0.4257 -0.8869 -0.1795
vn -0.4257 -0.8869 -0.1796
vn -0.1519 -0.9374 -0.3133
vn -0.1519 -0.9374 -0.3134
vn 0.6967 0.7157 -0.0488
vn 0.6968 0.7156 -0.0489
vn 0.6967 0.7157 -0.0489
vn 0.6966 0.7158 -0.0488
vn -0.9849 -0.1520 0.0824
vn -0.9849 -0.1520 0.0825
vn 0.9576 0.1477 0.2474
vn 0.9576 0.1477 0.2475
vn -0.9574 -0.1480 0.2478
vn 0.9849 0.1520 0.0830
vn 0.9849 0.1520 0.0831
vn 0.9849 0.1519 0.0829
vn -0.9012 -0.1390 0.4105
vn -0.9012 -0.1391 0.4105
vn -0.9013 -0.1393 0.4101
vn 0.9849 0.1520 -0.0828
vn 0.9849 0.1521 -0.0832
vn 0.9849 0.1519 -0.0827
vn -0.8129 -0.1254 0.5687
vn -0.8128 -0.1255 0.5689
vn 0.9576 0.1477 -0.2474
vn 0.9576 0.1477 -0.2475
vn -0.6899 -0.1063 0.7161
vn -0.6897 -0.1064 0.7162
vn -0.6898 -0.1062 0.7162
vn 0.9013 0.1392 -0.4103
vn 0.9013 0.1393 -0.4101
vn 0.9013 0.1392 -0.4102
vn 0.9012 0.1390 -0.4105
vn -0.5295 -0.0816 0.8444
vn -0.5295 -0.0817 0.8443
vn -0.5296 -0.0817 0.8443
vn -0.1150 -0.0177 -0.9932
vn -0.1152 -0.0178 -0.9932
vn -0.1151 -0.0177 -0.9932
vn 0.8133 0.1250 -0.5683
vn 0.8130 0.1252 -0.5686
vn 0.8130 0.1254 -0.5686
vn 0.8131 0.1254 -0.5685
vn -0.3353 -0.0518 0.9407
vn -0.3352 -0.0517 0.9407
vn -0.3348 -0.0517 -0.9409
vn -0.3347 -0.0517 -0.9409
vn 0.6896 0.1064 -0.7163
vn 0.6897 0.1064 -0.7162
vn 0.6895 0.1064 -0.7164
vn -0.1148 -0.0177 0.9932
vn -0.1149 -0.0177 0.9932
vn -0.5296 -0.0817 -0.8443
vn -0.5294 -0.0817 -0.8445
vn 0.5296 0.0817 -0.8443
vn 0.1148 0.0177 0.9932
vn 0.1151 0.0177 0.9932
vn -0.6897 -0.1063 -0.7163
vn -0.6897 -0.1063 -0.7162
vn -0.6898 -0.1065 -0.7161
vn -0.6898 -0.1064 -0.7161
vn 0.3348 0.0517 -0.9409
vn 0.3350 0.0517 -0.9408
vn 0.3345 0.0517 -0.9410
vn 0.3353 0.0518 0.9407
vn -0.8129 -0.1256 -0.5687
vn -0.8128 -0.1257 -0.5688
vn -0.8130 -0.1255 -0.5686
vn 0.1147 0.0177 -0.9932
vn 0.1146 0.0177 -0.9933
vn 0.1148 0.0177 -0.9932
vn 0.5296 0.0817 0.8443
vn -0.9012 -0.1390 -0.4105
vn -0.9012 -0.1391 -0.4104
vn 0.6899 0.1066 0.7160
vn 0.6898 0.1065 0.7161
vn 0.6900 0.1067 0.7160
vn -0.9574 -0.1480 -0.2478
vn 0.8130 0.1255 0.5685
vn 0.8130 0.1254 0.5686
vn 0.8131 0.1255 0.5685
vn -0.9849 -0.1520 -0.0825
vn -0.9849 -0.1519 -0.0827
vn 0.0237 -0.8766 0.4807
vn 0.0235 -0.8766 0.4807
vn 0.0238 -0.8765 0.4807
vn 0.0239 -0.8765 0.4807
vn -0.1211 0.9692 0.2145
vn 0.6773 0.7213 -0.1449
vn 0.6772 0.7213 -0.1450
vn 0.6773 0.7213 -0.1450
vn 0.6772 0.7214 -0.1449
vn -0.0927 0.9540 0.2851
vn 0.6384 0.7325 -0.2363
vn 0.6384 0.7325 -0.2366
vn -0.0451 0.9342 0.3539
vn 0.1100 0.8829 -0.4565
vn 0.5806 0.7491 -0.3191
vn 0.5806 0.7490 -0.3191
vn 0.5807 0.7490 -0.3190
vn 0.0232 0.9102 0.4135
vn 0.0232 0.9102 -0.4135
vn 0.5053 0.7702 -0.3892
vn 0.5052 0.7703 -0.3891
vn 0.1100 0.8829 0.4565
vn -0.0451 0.9342 -0.3539
vn 0.4147 0.7957 -0.4414
vn 0.2096 0.8536 0.4769
vn -0.0927 0.9540 -0.2851
vn 0.3139 0.8240 -0.4717
vn 0.3139 0.8240 0.4717
vn -0.1211 0.9692 -0.2145
vn 0.2096 0.8536 -0.4769
vn 0.4147 0.7957 0.4414
vn 0.4149 0.7957 0.4413
vn -0.1351 0.9799 -0.1471
vn -0.1351 0.9798 -0.1471
vn 0.5052 0.7703 0.3891
vn -0.1401 0.9865 -0.0852
vn 0.5806 0.7490 0.3191
vn 0.5806 0.7489 0.3194
vn -0.1413 0.9896 -0.0278
vn -0.1414 0.9896 -0.0278
vn 0.6386 0.7325 0.2359
vn 0.6384 0.7325 0.2363
vn -0.1413 0.9896 0.0278
vn -0.1412 0.9896 0.0278
vn 0.6773 0.7213 0.1450
vn 0.6772 0.7213 0.1450
vn -0.1401 0.9865 0.0852
vn 0.6967 0.7157 0.0488
vn 0.6968 0.7156 0.0485
vn 0.6970 0.7154 0.0487
vn 0.6968 0.7156 0.0488
vn -0.1351 0.9799 0.1471
vn -0.1351 0.9798 0.1471
vn 0.7985 -0.1306 0.5876
vn 0.7986 -0.1308 0.5875
vn 0.7986 -0.1306 0.5875
vn -0.5623 -0.7653 -0.3132
vn -0.5623 -0.7654 -0.3131
vn -0.5623 -0.7654 -0.3132
vn -0.5622 -0.7654 -0.3132
vn -0.0845 -0.8611 -0.5013
vn -0.0845 -0.8612 -0.5012
vn 0.1239 -0.8890 0.4408
vn 0.1239 -0.8888 0.4413
vn 0.1242 -0.8889 0.4409
vn 0.1243 -0.8890 0.4408
vn -0.6185 -0.7510 -0.2312
vn 0.2141 -0.8981 0.3842
vn 0.2139 -0.8982 0.3840
vn 0.2141 -0.8982 0.3839
vn -0.6565 -0.7409 -0.1417
vn 0.2888 -0.9047 0.3131
vn 0.2888 -0.9048 0.3130
vn -0.6757 -0.7356 -0.0476
vn -0.6757 -0.7356 -0.0477
vn -0.6758 -0.7356 -0.0475
vn -0.6758 -0.7356 -0.0476
vn 0.3469 -0.9090 0.2311
vn 0.3467 -0.9090 0.2312
vn 0.3468 -0.9090 0.2312
vn -0.6757 -0.7356 0.0476
vn -0.6757 -0.7356 0.0477
vn -0.6756 -0.7357 0.0475
vn 0.3858 -0.9116 0.1417
vn 0.3859 -0.9116 0.1417
vn 0.3860 -0.9116 0.1414
vn -0.6565 -0.7409 0.1417
vn -0.6565 -0.7409 0.1418
vn 0.4058 -0.9127 0.0477
vn 0.4057 -0.9128 0.0477
vn -0.6185 -0.7510 0.2312
vn 0.4059 -0.9127 -0.0478
vn 0.4056 -0.9128 -0.0479
vn 0.4057 -0.9128 -0.0479
vn 0.4058 -0.9127 -0.0477
vn -0.5623 -0.7654 0.3131
vn 0.3860 -0.9115 -0.1418
vn 0.3859 -0.9116 -0.1417
vn 0.3858 -0.9116 -0.1419
vn 0.3862 -0.9114 -0.1423
vn -0.4892 -0.7831 0.3840
vn 0.3469 -0.9090 -0.2310
vn 0.3468 -0.9090 -0.2311
vn 0.3467 -0.9090 -0.2312
vn -0.4014 -0.8028 0.4409
vn -0.1947 -0.8431 -0.5012
vn -0.1946 -0.8431 -0.5012
vn -0.1946 -0.8432 -0.5012
vn 0.2888 -0.9048 -0.3130
vn 0.2888 -0.9048 -0.3129
vn -0.3018 -0.8232 0.4809
vn -0.3018 -0.8232 0.4808
vn -0.3019 -0.8230 0.4812
vn -0.3017 -0.8233 -0.4807
vn -0.3018 -0.8233 -0.4807
vn -0.3017 -0.8233 -0.4808
vn 0.2138 -0.8982 -0.3840
vn 0.2136 -0.8984 -0.3838
vn 0.2138 -0.8982 -0.3842
vn -0.1945 -0.8432 0.5012
vn -0.1946 -0.8432 0.5012
vn -0.1944 -0.8432 0.5012
vn -0.4014 -0.8028 -0.4409
vn 0.1245 -0.8889 -0.4409
vn 0.1244 -0.8889 -0.4409
vn 0.1245 -0.8891 -0.4405
vn 0.1248 -0.8889 -0.4408
vn -0.0845 -0.8612 0.5012
vn -0.0845 -0.8612 0.5013
vn -0.4892 -0.7830 -0.3841
vn -0.4892 -0.7831 -0.3840
vn 0.0238 -0.8765 -0.4807
vn 0.0236 -0.8766 -0.4807
vn 0.9518 0.2964 0.0794
vn 0.9517 0.2964 0.0798
vn 0.9517 0.2964 0.0797
vn -0.9831 0.1611 -0.0869
vn -0.9831 0.1610 -0.0870
vn -0.9831 0.1612 -0.0869
vn -0.9831 0.1613 -0.0868
vn 0.8921 -0.1462 0.4274
vn 0.8923 -0.1464 0.4271
vn 0.8921 -0.1461 0.4275
vn -0.9832 0.1608 0.0869
vn -0.9831 0.1610 0.0868
vn -0.9831 0.1612 0.0869
vn -0.9831 0.1610 0.0870
vn 0.9531 -0.1561 0.2592
vn 0.9531 -0.1561 0.2591
vn 0.9532 -0.1562 0.2589
vn 0.9532 -0.1561 0.2590
vn -0.9531 0.1561 0.2591
vn -0.9531 0.1562 0.2592
vn -0.9532 0.1561 0.2591
vn -0.9532 0.1561 0.2590
vn 0.9831 -0.1612 0.0869
vn 0.9831 -0.1609 0.0868
vn 0.9832 -0.1607 0.0867
vn 0.9831 -0.1610 0.0868
vn -0.8922 0.1461 0.4274
vn -0.8921 0.1461 0.4275
vn -0.8922 0.1461 0.4273
vn 0.9831 -0.1611 -0.0869
vn 0.9831 -0.1610 -0.0870
vn 0.9831 -0.1609 -0.0869
vn 0.9831 -0.1610 -0.0868
vn -0.7987 0.1309 0.5874
vn -0.7986 0.1310 0.5874
vn -0.7987 0.1309 0.5873
vn -0.7987 0.1308 0.5873
vn 0.9532 -0.1562 -0.2588
vn 0.9532 -0.1561 -0.2589
vn 0.9532 -0.1563 -0.2588
vn 0.9532 -0.1564 -0.2587
vn -0.6711 0.1100 0.7331
vn -0.6712 0.1099 0.7331
vn -0.6710 0.1101 0.7332
vn 0.8922 -0.1462 -0.4273
vn 0.8923 -0.1464 -0.4271
vn 0.8922 -0.1463 -0.4273
vn 0.8921 -0.1461 -0.4275
vn -0.5103 0.0836 0.8559
vn -0.5103 0.0835 0.8560
vn -0.1093 0.0179 -0.9938
vn -0.1092 0.0179 -0.9939
vn 0.7985 -0.1310 -0.5876
vn 0.7984 -0.1310 -0.5877
vn 0.7986 -0.1308 -0.5875
vn -0.3202 0.0523 0.9459
vn -0.3201 0.0524 0.9459
vn -0.3201 0.0525 0.9459
vn -0.3202 0.0522 -0.9459
vn -0.3199 0.0525 -0.9460
vn -0.3202 0.0523 -0.9459
vn -0.3201 0.0524 -0.9459
vn 0.6710 -0.1101 -0.7333
vn 0.6712 -0.1099 -0.7331
vn -0.1092 0.0179 0.9939
vn -0.5103 0.0837 -0.8559
vn -0.5104 0.0836 -0.8559
vn 0.5103 -0.0836 -0.8559
vn 0.5104 -0.0836 -0.8558
vn 0.5105 -0.0837 -0.8558
vn 0.1092 -0.0179 0.9939
vn -0.6711 0.1098 -0.7332
vn -0.6712 0.1099 -0.7331
vn 0.3201 -0.0524 -0.9459
vn 0.3199 -0.0523 -0.9460
vn 0.3204 -0.0526 0.9458
vn 0.3201 -0.0524 0.9459
vn -0.7987 0.1308 -0.5873
vn -0.7986 0.1308 -0.5875
vn -0.7986 0.1308 -0.5874
vn 0.1093 -0.0179 -0.9938
vn 0.1092 -0.0179 -0.9939
vn 0.5105 -0.0836 0.8558
vn -0.8922 0.1461 -0.4274
vn -0.8921 0.1461 -0.4275
vn -0.8922 0.1460 -0.4275
vn -0.8922 0.1461 -0.4273
vn 0.6712 -0.1099 0.7330
vn 0.6712 -0.1099 0.7331
vn -0.9532 0.1562 -0.2590
vn -0.9532 0.1561 -0.2589
vn -0.9532 0.1561 -0.2591
vn -0.9531 0.1560 -0.2593
vn 0.0252 0.9997 -0.0000
vn 0.0253 0.9997 -0.0001
vn 0.0250 0.9997 -0.0000
vn 0.0251 0.9997 0.0002
vn 0.0253 0.9997 -0.0000
vn 0.0251 0.9997 0.0001
vn 0.0249 0.9997 -0.0000
vn 0.0253 0.9997 0.0001
vn 0.0255 0.9997 -0.0000
vn 0.0256 0.9997 0.0002
vn 0.0254 0.9997 -0.0002
vn 0.0252 0.9997 -0.0001
vn 0.2350 0.9698 -0.0659
vn 0.9517 0.2964 -0.0799
vn 0.9517 0.2964 -0.0798
vn 0.9517 0.2964 -0.0797
vn 0.1189 0.9928 -0.0158
vn 0.9205 0.3104 -0.2372
vn 0.0071 0.9953 0.0964
vn 0.8575 0.3388 -0.3871
vn 0.8575 0.3390 -0.3870
vn -0.0627 0.9641 0.2579
vn 0.0129 0.8079 -0.5892
vn 0.7621 0.3825 -0.5224
vn -0.0625 0.8982 0.4351
vn -0.0625 0.8982 -0.4351
vn 0.6350 0.4423 -0.6334
vn 0.0129 0.8079 0.5892
vn -0.0627 0.9641 -0.2579
vn 0.4810 0.5180 -0.7073
vn 0.4809 0.5181 -0.7073
vn 0.1467 0.7071 0.6917
vn 0.0071 0.9953 -0.0964
vn 0.3116 0.6078 -0.7304
vn 0.3116 0.6078 0.7304
vn 0.1189 0.9928 0.0158
vn 0.1467 0.7071 -0.6917
vn 0.4810 0.5180 0.7073
vn 0.2350 0.9698 0.0659
vn 0.6350 0.4423 0.6334
vn 0.3255 0.9435 0.0622
vn 0.7621 0.3825 0.5224
vn 0.3739 0.9271 0.0245
vn 0.8575 0.3390 0.3870
vn 0.8575 0.3388 0.3871
vn 0.8575 0.3388 0.3872
vn 0.3739 0.9272 -0.0245
vn 0.3739 0.9271 -0.0245
vn 0.9205 0.3104 0.2373
vn 0.9205 0.3104 0.2372
vn 0.9205 0.3105 0.2372
vn 0.3255 0.9435 -0.0622
vn -0.8376 -0.4835 -0.2541
vn -0.8376 -0.4836 -0.2541
vn -0.8376 -0.4835 -0.2542
vn -0.8376 -0.4835 -0.2544
vn 0.6766 -0.4836 0.5553
vn 0.6765 -0.4835 0.5554
vn -0.8711 -0.4836 -0.0855
vn -0.8711 -0.4836 -0.0856
vn -0.8711 -0.4835 -0.0858
vn -0.8711 -0.4836 -0.0858
vn 0.7718 -0.4836 0.4130
vn 0.7719 -0.4837 0.4126
vn 0.7718 -0.4838 0.4127
vn 0.7717 -0.4836 0.4131
vn -0.8711 -0.4836 0.0857
vn -0.8711 -0.4836 0.0858
vn 0.8376 -0.4837 0.2540
vn 0.8376 -0.4837 0.2539
vn 0.8375 -0.4837 0.2542
vn 0.8376 -0.4836 0.2541
vn -0.8376 -0.4836 0.2541
vn -0.8376 -0.4835 0.2544
vn -0.8375 -0.4836 0.2544
vn 0.8711 -0.4836 0.0858
vn 0.8711 -0.4836 0.0856
vn 0.8711 -0.4836 0.0857
vn -0.7720 -0.4836 0.4125
vn -0.7719 -0.4836 0.4127
vn 0.8711 -0.4836 -0.0859
vn 0.8710 -0.4837 -0.0862
vn 0.8711 -0.4836 -0.0858
vn -0.6766 -0.4836 0.5553
vn -0.6764 -0.4836 0.5555
vn 0.8376 -0.4836 -0.2541
vn 0.8376 -0.4836 -0.2542
vn -0.5550 -0.4836 0.6768
vn -0.5551 -0.4836 0.6768
vn -0.5553 -0.4836 0.6766
vn 0.7718 -0.4835 -0.4130
vn 0.7719 -0.4836 -0.4126
vn 0.7719 -0.4835 -0.4127
vn 0.7719 -0.4835 -0.4128
vn -0.4126 -0.4836 0.7719
vn -0.4127 -0.4836 0.7719
vn -0.4126 -0.4836 0.7720
vn -0.0857 -0.4836 -0.8711
vn -0.0858 -0.4836 -0.8711
vn -0.0860 -0.4836 -0.8711
vn 0.6765 -0.4836 -0.5554
vn 0.6767 -0.4837 -0.5552
vn 0.6766 -0.4838 -0.5552
vn 0.6764 -0.4836 -0.5555
vn -0.2539 -0.4837 0.8376
vn -0.2540 -0.4836 0.8376
vn -0.2541 -0.4837 0.8375
vn -0.2539 -0.4836 0.8377
vn -0.2540 -0.4837 -0.8376
vn -0.2543 -0.4837 -0.8375
vn -0.2544 -0.4836 -0.8375
vn -0.2541 -0.4836 -0.8376
vn 0.5554 -0.4837 -0.6764
vn 0.5556 -0.4836 -0.6763
vn 0.5555 -0.4836 -0.6764
vn 0.5551 -0.4833 -0.6770
vn -0.0859 -0.4835 0.8711
vn -0.0862 -0.4836 0.8710
vn -0.0860 -0.4836 0.8711
vn -0.0852 -0.4833 0.8713
vn -0.4124 -0.4838 -0.7719
vn -0.4126 -0.4836 -0.7719
vn -0.4128 -0.4837 -0.7718
vn 0.4125 -0.4837 -0.7719
vn 0.4126 -0.4836 -0.7719
vn 0.4126 -0.4837 -0.7719
vn 0.0858 -0.4836 0.8711
vn 0.0860 -0.4834 0.8712
vn -0.5551 -0.4836 -0.6767
vn -0.5550 -0.4836 -0.6769
vn -0.5554 -0.4838 -0.6763
vn -0.5555 -0.4839 -0.6762
vn 0.2544 -0.4836 -0.8375
vn 0.2545 -0.4837 -0.8374
vn 0.2545 -0.4836 -0.8375
vn 0.2543 -0.4836 -0.8375
vn 0.2542 -0.4834 0.8377
vn 0.2541 -0.4836 0.8376
vn 0.2543 -0.4834 0.8376
vn 0.2544 -0.4833 0.8377
vn -0.6767 -0.4836 -0.5551
vn -0.6767 -0.4836 -0.5552
vn -0.6768 -0.4836 -0.5551
vn 0.0858 -0.4836 -0.8711
vn 0.0855 -0.4836 -0.8711
vn 0.0857 -0.4836 -0.8711
vn 0.4127 -0.4836 0.7719
vn 0.4131 -0.4834 0.7718
vn 0.4130 -0.4835 0.7718
vn 0.4126 -0.4836 0.7720
vn -0.7720 -0.4836 -0.4125
vn -0.7719 -0.4836 -0.4127
vn 0.5554 -0.4837 0.6764
vn 0.5554 -0.4837 0.6765
vn 0.5553 -0.4836 0.6765
vn -0.8308 -0.5505 0.0817
vn -0.8308 -0.5506 0.0817
vn -0.8308 -0.5506 0.0816
vn -0.8308 -0.5506 0.0815
vn 0.7989 -0.5505 0.2423
vn -0.7989 -0.5505 0.2423
vn -0.7989 -0.5505 0.2422
vn -0.7987 -0.5507 0.2425
vn 0.8308 -0.5505 0.0817
vn 0.8308 -0.5506 0.0818
vn 0.8309 -0.5505 0.0817
vn -0.7363 -0.5504 0.3936
vn -0.7364 -0.5504 0.3934
vn -0.7362 -0.5506 0.3935
vn 0.8307 -0.5507 -0.0819
vn 0.8305 -0.5509 -0.0820
vn 0.8308 -0.5506 -0.0819
vn 0.8308 -0.5505 -0.0818
vn -0.6451 -0.5505 0.5298
vn -0.6452 -0.5508 0.5295
vn -0.6453 -0.5505 0.5297
vn 0.7989 -0.5505 -0.2423
vn 0.7989 -0.5504 -0.2423
vn -0.5296 -0.5506 0.6452
vn -0.5296 -0.5505 0.6453
vn -0.5296 -0.5506 0.6453
vn -0.5297 -0.5506 0.6452
vn 0.7362 -0.5506 -0.3935
vn 0.7361 -0.5507 -0.3935
vn 0.7362 -0.5507 -0.3935
vn -0.3937 -0.5504 0.7362
vn -0.3935 -0.5506 0.7362
vn -0.3936 -0.5506 0.7361
vn -0.3935 -0.5505 0.7362
vn -0.0820 -0.5509 -0.8305
vn -0.0820 -0.5510 -0.8305
vn -0.0819 -0.5507 -0.8307
vn -0.0818 -0.5505 -0.8308
vn 0.6453 -0.5506 -0.5296
vn 0.6452 -0.5508 -0.5295
vn 0.6453 -0.5505 -0.5296
vn -0.2423 -0.5505 0.7989
vn -0.2424 -0.5505 0.7989
vn -0.2428 -0.5506 0.7987
vn -0.2423 -0.5504 -0.7990
vn -0.2423 -0.5505 -0.7989
vn 0.5296 -0.5505 -0.6453
vn 0.5295 -0.5507 -0.6453
vn -0.0817 -0.5504 0.8309
vn -0.0820 -0.5510 0.8305
vn -0.0818 -0.5505 0.8308
vn -0.3935 -0.5505 -0.7362
vn -0.3935 -0.5506 -0.7362
vn -0.3935 -0.5504 -0.7363
vn 0.3935 -0.5507 -0.7362
vn 0.3935 -0.5506 -0.7362
vn 0.0818 -0.5504 0.8309
vn 0.0818 -0.5505 0.8308
vn 0.0815 -0.5505 0.8309
vn -0.5295 -0.5508 -0.6452
vn -0.5296 -0.5506 -0.6453
vn -0.5295 -0.5507 -0.6452
vn -0.5295 -0.5507 -0.6453
vn 0.2422 -0.5505 -0.7989
vn 0.2421 -0.5507 -0.7988
vn 0.2423 -0.5505 -0.7989
vn 0.2423 -0.5505 0.7989
vn -0.6452 -0.5506 -0.5296
vn -0.6454 -0.5505 -0.5296
vn -0.6453 -0.5505 -0.5296
vn 0.0818 -0.5506 -0.8308
vn 0.0818 -0.5505 -0.8308
vn 0.3936 -0.5502 0.7364
vn 0.3935 -0.5503 0.7364
vn 0.3935 -0.5504 0.7363
vn 0.3936 -0.5505 0.7363
vn -0.7365 -0.5500 -0.3937
vn -0.7364 -0.5503 -0.3935
vn -0.7364 -0.5502 -0.3936
vn -0.7363 -0.5505 -0.3936
vn 0.5299 -0.5503 0.6453
vn 0.5296 -0.5505 0.6453
vn 0.5298 -0.5503 0.6454
vn 0.5299 -0.5504 0.6452
vn -0.7989 -0.5505 -0.2424
vn -0.7989 -0.5505 -0.2423
vn -0.7991 -0.5500 -0.2426
vn 0.6454 -0.5503 0.5297
vn 0.6455 -0.5503 0.5297
vn 0.6455 -0.5503 0.5296
vn -0.8308 -0.5505 -0.0817
vn -0.8308 -0.5505 -0.0816
vn -0.8308 -0.5506 -0.0816
vn 0.7362 -0.5507 0.3934
vn 0.7362 -0.5506 0.3935
vn 0.7362 -0.5508 0.3933
vn 0.2898 -0.0000 -0.9571
vn 0.2898 -0.0000 0.9571
vn -0.7731 -0.0000 -0.6343
vn 0.0983 -0.0000 -0.9952
vn 0.4713 -0.0000 0.8820
vn -0.8820 -0.0000 -0.4713
vn -0.9569 -0.0000 -0.2905
vn 0.7731 -0.0000 0.6343
vn -0.9952 -0.0000 -0.0979
vn -0.9952 -0.0000 -0.0980
vn 0.8817 -0.0000 0.4718
vn -0.9952 -0.0000 0.0979
vn -0.9952 -0.0000 0.0980
vn -0.9952 -0.0000 0.0978
vn -0.9569 -0.0000 0.2904
vn -0.9568 -0.0000 0.2907
vn 0.9952 -0.0000 0.0981
vn 0.9952 -0.0000 0.0980
vn -0.8817 -0.0000 0.4718
vn -0.8817 -0.0000 0.4719
vn 0.9952 -0.0000 -0.0980
vn -0.7731 -0.0000 0.6343
vn 0.9571 -0.0000 -0.2898
vn 0.9570 -0.0000 -0.2901
vn 0.8820 -0.0000 -0.4713
vn -0.4718 -0.0000 0.8817
vn -0.4713 -0.0000 0.8820
vn -0.0983 -0.0000 -0.9952
vn 0.7731 -0.0000 -0.6343
vn -0.2901 -0.0000 -0.9570
vn -0.0983 -0.0000 0.9952
vn -0.4718 -0.0000 -0.8817
vn -0.4713 -0.0000 -0.8820
vn 0.4713 -0.0000 -0.8820
vn 0.0983 -0.0000 0.9952
vn 0.3549 -0.0000 0.9349
vn 0.3548 -0.0000 0.9349
vn 0.3550 -0.0000 0.9349
vn 0.1658 -0.0000 0.9862
vn 0.1657 -0.0000 0.9862
vn -0.0299 -0.0000 0.9996
vn -0.2243 -0.0000 0.9745
vn -0.4101 -0.0000 0.9121
vn -0.5801 -0.0000 0.8145
vn -0.5802 -0.0000 0.8145
vn -0.7279 -0.0000 0.6857
vn -0.8477 -0.0000 0.5305
vn -0.9349 -0.0000 0.3549
vn -0.9862 -0.0000 0.1657
vn -0.9996 -0.0000 -0.0299
vn -0.9745 -0.0000 -0.2243
vn -0.9120 -0.0000 -0.4101
vn -0.9121 -0.0000 -0.4100
vn -0.8145 -0.0000 -0.5802
vn -0.6857 -0.0000 -0.7279
vn -0.5305 -0.0000 -0.8477
vn -0.3549 -0.0000 -0.9349
vn -0.1657 -0.0000 -0.9862
vn 0.0299 -0.0000 -0.9996
vn 0.2243 -0.0000 -0.9745
vn 0.4101 -0.0000 -0.9120
vn 0.5802 -0.0000 -0.8145
vn 0.7279 -0.0000 -0.6857
vn 0.8477 -0.0000 -0.5305
vn 0.9349 -0.0000 -0.3549
vn 0.9862 -0.0000 -0.1657
vn 0.9996 -0.0000 0.0299
vn 0.9745 -0.0000 0.2243
vn 0.9121 -0.0000 0.4101
vn 0.9120 -0.0000 0.4101
vn 0.8145 -0.0000 0.5802
vn -0.8312 0.4606 0.3113
vn 0.6857 -0.0000 0.7279
vn 0.5305 -0.0000 0.8477
vn -0.0000 -1.0000 0.0003
vn -0.0000 -1.0000 0.0001
vn -0.0000 -1.0000 -0.0003
vn -0.0000 -1.0000 -0.0001
vn -0.0000 -1.0000 -0.0002
vn -0.0579 0.6232 0.7799
vn -0.0580 0.6233 0.7798
vn -0.0580 0.6233 0.7799
vn 0.0799 0.7021 -0.7076
vn 0.1629 0.9797 -0.1168
vn 0.1629 0.9797 -0.1167
vn -0.3330 0.4517 0.8277
vn -0.6771 0.4608 -0.5738
vn 0.1180 0.9930 -0.0100
vn 0.4226 0.5300 0.7352
vn 0.4227 0.5300 0.7351
vn 0.4227 0.5300 0.7352
vn 0.5558 0.6037 0.5715
vn 0.5559 0.6037 0.5714
vn 0.5559 0.6037 0.5715
vn -0.8784 0.4584 0.1349
vn 0.2241 0.8075 -0.5456
vn 0.2940 0.9504 -0.1014
vn -0.4980 0.4548 0.7383
vn -0.5215 0.4843 -0.7025
vn -0.5216 0.4843 -0.7025
vn -0.5216 0.4843 -0.7024
vn 0.0647 0.9978 -0.0115
vn 0.2446 0.4843 0.8400
vn -0.8892 0.4548 -0.0493
vn 0.2814 0.8946 -0.3472
vn 0.2814 0.8945 -0.3472
vn 0.2814 0.8945 -0.3473
vn 0.2814 0.8945 -0.3474
vn 0.4467 0.8946 -0.0144
vn -0.6383 0.4584 0.6184
vn -0.3304 0.5300 -0.7810
vn 0.0482 0.9978 -0.0446
vn 0.0482 0.4608 0.8862
vn -0.8607 0.4517 -0.2348
vn 0.2585 0.9504 -0.1730
vn 0.2584 0.9504 -0.1730
vn 0.5702 0.8075 0.1511
vn 0.5702 0.8075 0.1512
vn -0.7503 0.4606 0.4742
vn -0.7503 0.4606 0.4743
vn -0.1195 0.6037 -0.7882
vn 0.0792 0.9930 -0.0880
vn 0.0792 0.9930 -0.0879
vn -0.1484 0.4521 0.8795
vn -0.1485 0.4521 0.8795
vn -0.1484 0.4520 0.8796
vn -0.7905 0.4521 -0.4132
vn 0.1914 0.9797 -0.0593
vn 0.6121 0.7021 0.3638
vn 0.6121 0.7021 0.3639
vn 0.6122 0.7021 0.3637
vn 0.8203 -0.4014 -0.4074
vn 0.8203 -0.4015 -0.4073
vn 0.8202 -0.4015 -0.4075
vn 0.8204 -0.4015 -0.4071
vn 0.8203 -0.4014 -0.4075
vn 0.8202 -0.4015 -0.4076
vn 0.8204 -0.4013 -0.4074
vn 0.8201 -0.4018 -0.4074
vn 0.8200 -0.4014 -0.4079
vn 0.8201 -0.4013 -0.4078
vn 0.8201 -0.4017 -0.4075
vn 0.8203 -0.4014 -0.4073
vn 0.8202 -0.4015 -0.4074
vn 0.8205 -0.4012 -0.4073
vn 0.9366 -0.1056 0.3341
vn 0.9366 -0.1055 0.3340
vn 0.9366 -0.1057 0.3341
vn 0.2996 -0.1056 -0.9482
vn 0.2997 -0.1054 -0.9482
vn -0.1544 0.7314 0.6643
vn -0.1544 0.7313 0.6643
vn 0.5747 -0.0878 0.8136
vn 0.5746 -0.0877 0.8137
vn 0.5748 -0.0878 0.8136
vn 0.8931 0.3342 -0.3010
vn 0.8931 0.3342 -0.3011
vn 0.8932 0.3341 -0.3010
vn -0.2405 0.8072 0.5390
vn 0.7744 0.6269 0.0856
vn 0.7744 0.6269 0.0857
vn -0.3184 0.8550 0.4094
vn 0.6107 0.7775 0.1500
vn 0.6107 0.7775 0.1502
vn -0.3901 0.8780 0.2773
vn 0.4802 0.8702 0.1104
vn 0.4802 0.8702 0.1105
vn -0.4567 0.8780 0.1432
vn -0.4567 0.8780 0.1433
vn 0.3773 0.9256 0.0287
vn -0.5186 0.8550 0.0063
vn -0.5186 0.8550 0.0064
vn 0.2976 0.9518 -0.0749
vn -0.5748 0.8072 -0.1341
vn 0.2395 0.9518 -0.1917
vn 0.2395 0.9518 -0.1919
vn 0.2395 0.9518 -0.1918
vn -0.6226 0.7314 -0.2784
vn -0.6226 0.7314 -0.2783
vn 0.2052 0.9256 -0.3180
vn -0.6564 0.6232 -0.4251
vn -0.6565 0.6233 -0.4250
vn 0.2020 0.8702 -0.4494
vn 0.2021 0.8702 -0.4494
vn -0.6664 0.4794 -0.5711
vn -0.6664 0.4794 -0.5710
vn 0.3422 0.0998 0.9343
vn 0.3423 0.0998 0.9343
vn 0.2494 0.7775 -0.5773
vn 0.2493 0.7775 -0.5774
vn -0.6362 0.3010 -0.7104
vn -0.6362 0.3011 -0.7103
vn -0.6362 0.3010 -0.7103
vn 0.1817 0.3010 0.9362
vn 0.1815 0.3010 0.9362
vn 0.1816 0.3010 0.9362
vn 0.3996 0.6270 -0.6687
vn 0.3996 0.6269 -0.6688
vn -0.5377 0.0998 -0.8372
vn -0.5378 0.0999 -0.8371
vn -0.5378 0.0998 -0.8371
vn 0.0526 0.4794 0.8760
vn 0.0523 0.4795 0.8760
vn 0.0524 0.4794 0.8760
vn 0.7796 0.3341 -0.5298
vn 0.7796 0.3341 -0.5297
vn 0.7796 0.3342 -0.5297
vn -0.3010 -0.0878 -0.9496
vn -0.3009 -0.0878 -0.9496
vn -0.7148 -0.0000 0.6994
vn -0.7147 -0.0000 0.6994
vn -0.7148 -0.0000 0.6993
vn -0.8375 -0.0000 0.5465
vn -0.8375 -0.0000 0.5464
vn -0.9280 -0.0000 0.3726
vn -0.9829 -0.0000 0.1844
vn -0.9999 -0.0000 -0.0109
vn -0.9786 -0.0000 -0.2058
vn -0.9197 -0.0000 -0.3927
vn -0.8254 -0.0000 -0.5646
vn -0.8253 -0.0000 -0.5646
vn -0.6993 -0.0000 -0.7148
vn -0.5465 -0.0000 -0.8375
vn -0.3725 -0.0000 -0.9280
vn -0.3726 -0.0000 -0.9280
vn -0.1844 -0.0000 -0.9829
vn 0.0109 -0.0000 -0.9999
vn 0.2058 -0.0000 -0.9786
vn 0.2057 -0.0000 -0.9786
vn 0.3927 -0.0000 -0.9197
vn 0.3926 -0.0000 -0.9197
vn 0.5646 -0.0000 -0.8253
vn 0.7148 -0.0000 -0.6994
vn 0.7148 -0.0000 -0.6993
vn 0.7147 -0.0000 -0.6994
vn 0.8375 -0.0000 -0.5465
vn 0.9280 -0.0000 -0.3726
vn 0.9829 -0.0000 -0.1844
vn 0.9999 -0.0000 0.0109
vn 0.9786 -0.0000 0.2058
vn 0.9197 -0.0000 0.3927
vn 0.9197 -0.0000 0.3926
vn 0.8253 -0.0000 0.5647
vn 0.8252 -0.0000 0.5648
vn 0.6993 -0.0000 0.7148
vn 0.6994 -0.0000 0.7148
vn 0.5464 -0.0000 0.8375
vn 0.5465 -0.0000 0.8374
vn 0.3726 -0.0000 0.9280
vn 0.1844 -0.0000 0.9829
vn -0.0109 -0.0000 0.9999
vn -0.2058 -0.0000 0.9786
vn -0.6179 0.4606 -0.6372
vn -0.3927 -0.0000 0.9197
vn -0.5645 -0.0000 0.8254
vn -0.5645 -0.0000 0.8255
vn -0.7379 0.6232 0.2591
vn -0.7379 0.6232 0.2590
vn 0.6804 0.7021 -0.2099
vn 0.1721 0.9797 0.1026
vn -0.8918 0.4517 0.0260
vn 0.2549 0.4608 -0.8501
vn 0.2550 0.4608 -0.8501
vn 0.0563 0.9930 0.1041
vn -0.5046 0.5300 0.6815
vn -0.5046 0.5300 0.6816
vn -0.3013 0.6037 0.7381
vn -0.3012 0.6037 0.7381
vn -0.4751 0.4584 -0.7511
vn 0.5897 0.8075 -0.0129
vn 0.5897 0.8075 -0.0130
vn 0.2106 0.9504 0.2289
vn 0.2105 0.9504 0.2289
vn -0.8759 0.4548 -0.1610
vn 0.4350 0.4843 -0.7591
vn 0.0364 0.9978 0.0548
vn 0.0364 0.9978 0.0547
vn -0.6720 0.4843 0.5603
vn -0.3106 0.4548 -0.8347
vn -0.3107 0.4548 -0.8347
vn 0.4308 0.8946 0.1189
vn 0.1919 0.8946 0.4036
vn 0.1918 0.8946 0.4036
vn -0.8222 0.4584 -0.3375
vn -0.8222 0.4584 -0.3374
vn 0.5836 0.5300 -0.6152
vn 0.5835 0.5300 -0.6153
vn 0.0602 0.9978 0.0263
vn 0.0602 0.9978 0.0264
vn -0.7929 0.4608 0.3987
vn -0.7929 0.4608 0.3988
vn -0.1292 0.4517 -0.8828
vn -0.1293 0.4517 -0.8828
vn 0.2619 0.9504 0.1676
vn 0.2620 0.9504 0.1677
vn 0.0898 0.8075 0.5830
vn 0.0896 0.8075 0.5830
vn 0.0897 0.8075 0.5830
vn -0.7348 0.4606 -0.4978
vn -0.7349 0.4606 -0.4978
vn 0.6746 0.6037 -0.4249
vn 0.1124 0.9930 0.0374
vn -0.8654 0.4521 0.2160
vn 0.0624 0.4521 -0.8898
vn 0.1309 0.9797 0.1518
vn 0.1309 0.9797 0.1517
vn -0.0885 0.7021 0.7066
vn -0.0885 0.7021 0.7065
vn -0.0886 0.7021 0.7065
vn 0.7016 -0.4014 0.5887
vn 0.7014 -0.4015 0.5889
vn 0.7018 -0.4014 0.5886
vn 0.7016 -0.4015 0.5887
vn 0.7018 -0.4010 0.5888
vn 0.7014 -0.4012 0.5891
vn 0.7019 -0.4013 0.5885
vn 0.7016 -0.4013 0.5888
vn 0.7019 -0.4009 0.5887
vn 0.7014 -0.4016 0.5889
vn 0.7018 -0.4016 0.5883
vn 0.7017 -0.4014 0.5887
vn 0.7015 -0.4014 0.5888
vn 0.7017 -0.4013 0.5887
vn 0.0687 -0.1057 0.9920
vn 0.0686 -0.1056 0.9920
vn 0.0687 -0.1056 0.9920
vn 0.0687 -0.1055 0.9920
vn 0.9889 -0.1056 -0.1048
vn 0.9889 -0.1056 -0.1047
vn -0.6706 0.7313 0.1243
vn -0.6706 0.7314 0.1243
vn -0.6706 0.7314 0.1241
vn -0.5157 -0.0878 0.8523
vn 0.6333 0.3342 0.6980
vn 0.6334 0.3342 0.6980
vn 0.6334 0.3342 0.6979
vn -0.5902 0.8072 -0.0047
vn -0.5903 0.8072 -0.0047
vn 0.2314 0.6269 0.7439
vn 0.2313 0.6269 0.7440
vn -0.5026 0.8550 -0.1279
vn -0.5025 0.8550 -0.1279
vn -0.5026 0.8550 -0.1280
vn 0.1067 0.7775 0.6198
vn 0.1068 0.7775 0.6197
vn -0.4102 0.8781 -0.2465
vn -0.4102 0.8780 -0.2466
vn 0.0908 0.8702 0.4843
vn -0.3141 0.8780 -0.3612
vn -0.3142 0.8780 -0.3612
vn -0.3140 0.8780 -0.3612
vn 0.1247 0.9256 0.3574
vn 0.1247 0.9256 0.3573
vn -0.2133 0.8550 -0.4727
vn 0.1877 0.9518 0.2428
vn 0.1877 0.9518 0.2427
vn -0.1071 0.8072 -0.5804
vn -0.1072 0.8072 -0.5804
vn -0.1072 0.8072 -0.5805
vn 0.2716 0.9518 0.1427
vn 0.0059 0.7313 -0.6820
vn 0.0059 0.7314 -0.6820
vn 0.0059 0.7314 -0.6819
vn 0.3735 0.9256 0.0608
vn 0.1270 0.6232 -0.7717
vn 0.1269 0.6233 -0.7716
vn 0.4927 0.8702 0.0053
vn 0.4927 0.8702 0.0055
vn 0.2568 0.4794 -0.8392
vn -0.7193 0.0998 0.6875
vn -0.7194 0.0997 0.6874
vn -0.7193 0.0997 0.6875
vn 0.6288 0.7775 -0.0024
vn 0.6288 0.7775 -0.0023
vn 0.6289 0.7775 -0.0024
vn 0.6289 0.7775 -0.0025
vn 0.3964 0.3010 -0.8673
vn -0.7853 0.3010 0.5410
vn 0.7728 0.6270 0.0986
vn 0.7728 0.6269 0.0986
vn 0.7738 0.6254 0.1004
vn 0.5522 0.0998 -0.8277
vn 0.5524 0.0997 -0.8276
vn -0.7819 0.4794 0.3985
vn -0.7819 0.4794 0.3986
vn 0.7974 0.3342 0.5024
vn 0.7974 0.3342 0.5025
vn 0.7499 -0.0878 -0.6557
vn 0.7498 -0.0878 -0.6558
vn 0.7500 -0.0878 -0.6556
vn -0.0602 -0.0000 0.9982
vn -0.2538 -0.0000 0.9673
vn -0.4375 -0.0000 0.8992
vn -0.6047 -0.0000 0.7965
vn -0.6046 -0.0000 0.7966
vn -0.6046 -0.0000 0.7965
vn -0.6047 -0.0000 0.7964
vn -0.7484 -0.0000 0.6633
vn -0.8634 -0.0000 0.5044
vn -0.8634 -0.0000 0.5045
vn -0.9452 -0.0000 0.3264
vn -0.9452 -0.0000 0.3265
vn -0.9907 -0.0000 0.1357
vn -0.9982 -0.0000 -0.0602
vn -0.9673 -0.0000 -0.2538
vn -0.8992 -0.0000 -0.4376
vn -0.7967 -0.0000 -0.6044
vn -0.7965 -0.0000 -0.6046
vn -0.6633 -0.0000 -0.7484
vn -0.5045 -0.0000 -0.8634
vn -0.5044 -0.0000 -0.8635
vn -0.3264 -0.0000 -0.9452
vn -0.1356 -0.0000 -0.9908
vn -0.1357 -0.0000 -0.9907
vn -0.1357 -0.0000 -0.9908
vn 0.0602 -0.0000 -0.9982
vn 0.0601 -0.0000 -0.9982
vn 0.2538 -0.0000 -0.9673
vn 0.4375 -0.0000 -0.8992
vn 0.6046 -0.0000 -0.7965
vn 0.7484 -0.0000 -0.6633
vn 0.8634 -0.0000 -0.5044
vn 0.8634 -0.0000 -0.5045
vn 0.9452 -0.0000 -0.3264
vn 0.9907 -0.0000 -0.1357
vn 0.9982 -0.0000 0.0602
vn 0.9673 -0.0000 0.2538
vn 0.8992 -0.0000 0.4376
vn 0.7966 -0.0000 0.6045
vn 0.7965 -0.0000 0.6046
vn 0.7967 -0.0000 0.6044
vn 0.6633 -0.0000 0.7484
vn 0.6632 -0.0000 0.7484
vn 0.5044 -0.0000 0.8635
vn 0.5045 -0.0000 0.8634
vn -0.8857 0.4606 -0.0574
vn -0.8858 0.4606 -0.0574
vn 0.3264 -0.0000 0.9452
vn 0.1357 -0.0000 0.9908
vn 0.1357 -0.0000 0.9907
vn -0.3730 0.6232 0.6874
vn -0.3731 0.6233 0.6873
vn -0.3731 0.6232 0.6873
vn -0.3730 0.6231 0.6874
vn 0.3634 0.7021 -0.6124
vn 0.3633 0.7021 -0.6124
vn 0.1964 0.9797 -0.0395
vn 0.1964 0.9797 -0.0394
vn 0.1964 0.9797 -0.0396
vn -0.6435 0.4517 0.6180
vn -0.6434 0.4517 0.6180
vn -0.3818 0.4608 -0.8012
vn 0.1117 0.9930 0.0394
vn 0.0836 0.5300 0.8439
vn 0.2722 0.6037 0.7493
vn -0.8564 0.4584 -0.2376
vn -0.8564 0.4584 -0.2377
vn 0.4284 0.8075 -0.4055
vn 0.3097 0.9504 0.0283
vn -0.7572 0.4548 0.4688
vn -0.1871 0.4843 -0.8547
vn -0.1872 0.4843 -0.8546
vn -0.1872 0.4843 -0.8547
vn 0.0637 0.9978 0.0161
vn -0.1219 0.4843 0.8664
vn -0.7906 0.4548 -0.4100
vn 0.3991 0.8946 -0.2011
vn 0.3991 0.8946 -0.2012
vn 0.4132 0.8946 0.1703
vn -0.8359 0.4584 0.3019
vn 0.0194 0.5300 -0.8478
vn 0.0193 0.5300 -0.8478
vn 0.0623 0.9978 -0.0209
vn -0.3199 0.4608 0.8279
vn -0.3198 0.4608 0.8279
vn -0.3200 0.4608 0.8278
vn -0.6884 0.4517 -0.5675
vn -0.6885 0.4517 -0.5674
vn 0.3067 0.9504 -0.0517
vn 0.3066 0.9504 -0.0517
vn 0.4579 0.8075 0.3719
vn -0.8788 0.4606 0.1244
vn 0.2146 0.6037 -0.7678
vn 0.1084 0.9930 -0.0477
vn -0.4964 0.4521 0.7411
vn -0.5512 0.4521 -0.7013
vn -0.5511 0.4521 -0.7013
vn 0.1989 0.9797 0.0245
vn 0.1989 0.9797 0.0246
vn 0.4088 0.7021 0.5831
vn 0.9152 -0.4014 -0.0347
vn 0.9154 -0.4011 -0.0345
vn 0.9151 -0.4016 -0.0350
vn 0.9152 -0.4014 -0.0346
vn 0.9153 -0.4013 -0.0347
vn 0.9152 -0.4015 -0.0347
vn 0.9153 -0.4014 -0.0347
vn 0.9151 -0.4016 -0.0346
vn 0.9152 -0.4015 -0.0348
vn 0.9153 -0.4014 -0.0345
vn 0.9152 -0.4016 -0.0348
vn 0.9152 -0.4016 -0.0346
vn 0.9151 -0.4018 -0.0347
vn 0.7169 -0.1056 0.6891
vn 0.7169 -0.1056 0.6892
vn 0.6625 -0.1056 -0.7416
vn 0.6626 -0.1055 -0.7415
vn 0.6627 -0.1056 -0.7414
vn -0.4135 0.7314 0.5423
vn 0.1903 -0.0878 0.9778
vn 0.1900 -0.0878 0.9778
vn 0.9380 0.3342 0.0923
vn 0.9380 0.3343 0.0922
vn 0.9380 0.3342 0.0922
vn -0.4406 0.8072 0.3929
vn -0.4406 0.8072 0.3928
vn -0.4406 0.8072 0.3927
vn 0.6709 0.6269 0.3961
vn 0.6709 0.6269 0.3962
vn -0.4584 0.8550 0.2426
vn 0.4952 0.7775 0.3876
vn -0.4695 0.8780 0.0928
vn 0.3925 0.8702 0.2978
vn 0.3925 0.8702 0.2980
vn 0.3925 0.8702 0.2979
vn -0.4752 0.8780 -0.0569
vn 0.3323 0.9256 0.1810
vn -0.4755 0.8550 -0.2072
vn -0.4755 0.8550 -0.2071
vn 0.3021 0.9518 0.0538
vn 0.3021 0.9518 0.0539
vn 0.3021 0.9517 0.0540
vn -0.4691 0.8072 -0.3582
vn 0.2971 0.9518 -0.0765
vn 0.2971 0.9518 -0.0766
vn -0.4535 0.7314 -0.5094
vn -0.4535 0.7313 -0.5094
vn -0.4534 0.7314 -0.5094
vn 0.3176 0.9256 -0.2057
vn 0.3176 0.9256 -0.2058
vn -0.4240 0.6232 -0.6572
vn -0.4240 0.6232 -0.6571
vn 0.3687 0.8702 -0.3267
vn 0.3687 0.8703 -0.3266
vn 0.3687 0.8702 -0.3268
vn 0.3687 0.8702 -0.3269
vn -0.3731 0.4795 -0.7943
vn -0.3731 0.4794 -0.7944
vn -0.0715 0.0998 0.9924
vn -0.0716 0.0998 0.9924
vn 0.4644 0.7776 -0.4239
vn 0.4644 0.7775 -0.4241
vn -0.2886 0.3010 -0.9089
vn -0.2886 0.3011 -0.9089
vn -0.2188 0.3010 0.9282
vn 0.6390 0.6268 -0.4458
vn 0.6390 0.6269 -0.4458
vn 0.6390 0.6269 -0.4457
vn -0.1465 0.0998 -0.9842
vn -0.3118 0.4793 0.8204
vn 0.9283 0.3342 -0.1630
vn 0.9283 0.3342 -0.1629
vn 0.1154 -0.0879 -0.9894
vn 0.1155 -0.0878 -0.9894
vt 0.000000 0.000000
vt 1.000000 1.000000
vt 0.968800 1.000000
vt 0.968800 0.500000
vt 1.000000 0.500000
vt 0.937500 1.000000
vt 0.937500 0.500000
vt 0.906200 1.000000
vt 0.906200 0.500000
vt 0.875000 1.000000
vt 0.875000 0.500000
vt 0.843800 1.000000
vt 0.843800 0.500000
vt 0.812500 0.500000
vt 0.812500 1.000000
vt 0.781200 0.500000
vt 0.781200 1.000000
vt 0.750000 1.000000
vt 0.750000 0.500000
vt 0.718800 0.500000
vt 0.718800 1.000000
vt 0.687500 0.500000
vt 0.687500 1.000000
vt 0.656200 0.500000
vt 0.656200 1.000000
vt 0.625000 1.000000
vt 0.625000 0.500000
vt 0.593800 0.500000
vt 0.593800 1.000000
vt 0.562500 0.500000
vt 0.562500 1.000000
vt 0.531200 0.500000
vt 0.531200 1.000000
vt 0.500000 0.500000
vt 0.500000 1.000000
vt 0.468800 0.500000
vt 0.468800 1.000000
vt 0.437500 0.500000
vt 0.437500 1.000000
vt 0.406200 0.500000
vt 0.406200 1.000000
vt 0.375000 1.000000
vt 0.375000 0.500000
vt 0.343800 1.000000
vt 0.343800 0.500000
vt 0.312500 0.500000
vt 0.312500 1.000000
vt 0.281200 0.500000
vt 0.281200 1.000000
vt 0.250000 1.000000
vt 0.250000 0.500000
vt 0.218800 1.000000
vt 0.218800 0.500000
vt 0.187500 0.500000
vt 0.187500 1.000000
vt 0.156200 1.000000
vt 0.156200 0.500000
vt 0.125000 0.500000
vt 0.125000 1.000000
vt 0.093800 0.500000
vt 0.093800 1.000000
vt 0.062500 1.000000
vt 0.062500 0.500000
vt 0.031200 1.000000
vt 0.031200 0.500000
vt 0.000000 1.000000
vt 0.000000 0.500000
vt 0.796800 0.485400
vt 0.841800 0.471700
vt 0.883300 0.449600
vt 0.919700 0.419700
vt 0.949600 0.383300
vt 0.971700 0.341800
vt 0.985400 0.296800
vt 0.990000 0.250000
vt 0.985400 0.203200
vt 0.971700 0.158200
vt 0.949600 0.116700
vt 0.919700 0.080300
vt 0.883300 0.050400
vt 0.841800 0.028300
vt 0.796800 0.014600
vt 0.750000 0.010000
vt 0.703200 0.014600
vt 0.658200 0.028300
vt 0.616700 0.050400
vt 0.580300 0.080300
vt 0.550400 0.116700
vt 0.528300 0.158200
vt 0.514600 0.203200
vt 0.510000 0.250000
vt 0.514600 0.296800
vt 0.528300 0.341800
vt 0.550400 0.383300
vt 0.580300 0.419700
vt 0.616700 0.449600
vt 0.658200 0.471700
vt 0.750000 0.490000
vt 0.703200 0.485400
vt 0.296800 0.485400
vt 0.250000 0.490000
vt 0.203200 0.485400
vt 0.158200 0.471700
vt 0.116700 0.449600
vt 0.080300 0.419700
vt 0.050400 0.383300
vt 0.028300 0.341800
vt 0.014600 0.296800
vt 0.010000 0.250000
vt 0.014600 0.203200
vt 0.028300 0.158200
vt 0.050400 0.116700
vt 0.080300 0.080300
vt 0.116700 0.050400
vt 0.158200 0.028300
vt 0.203200 0.014600
vt 0.250000 0.010000
vt 0.296800 0.014600
vt 0.341800 0.028300
vt 0.383300 0.050400
vt 0.419700 0.080300
vt 0.449600 0.116700
vt 0.471700 0.158200
vt 0.485400 0.203200
vt 0.490000 0.250000
vt 0.485400 0.296800
vt 0.471700 0.341800
vt 0.449600 0.383300
vt 0.419700 0.419700
vt 0.383300 0.449600
vt 0.341800 0.471700
s 1
g off
g pataizqatras_Goddard_None
usemtl Goddard_None
f 1/1/1 2/1/1 3/1/1
f 3/1/1 4/1/1 5/1/1
f 1/1/1 3/1/1 5/1/1
f 5/1/1 6/1/1 7/1/1
f 7/1/1 8/1/1 9/1/1
f 5/1/1 7/1/1 9/1/1
f 1/1/1 5/1/1 9/1/1
f 9/1/1 10/1/1 11/1/1
f 11/1/1 12/1/1 13/1/1
f 9/1/1 11/1/1 13/1/1
f 13/1/1 14/1/1 15/1/1
f 15/1/1 16/1/1 17/1/1
f 13/1/1 15/1/1 17/1/1
f 9/1/1 13/1/1 17/1/1
f 17/1/1 18/1/1 19/1/1
f 19/1/1 20/1/1 21/1/1
f 17/1/1 19/1/1 21/1/1
f 21/1/1 22/1/1 23/1/1
f 23/1/1 24/1/1 25/1/1
f 21/1/1 23/1/1 25/1/1
f 17/1/1 21/1/1 25/1/1
f 9/1/1 17/1/1 25/1/1
f 1/1/1 9/1/1 25/1/1
f 26/1/1 27/1/1 28/1/1
f 25/1/1 26/1/1 28/1/1
f 25/1/1 28/1/1 29/1/1
f 1/1/1 25/1/1 29/1/1
f 30/1/1 1/1/1 29/1/1
f 30/1/1 29/1/1 31/1/1
f 30/1/1 31/1/1 32/1/1
f 33/1/2 34/1/2 35/1/2
f 35/1/2 36/1/3 33/1/2
f 3/1/4 37/1/5 38/1/6
f 38/1/6 4/1/7 3/1/4
f 16/1/8 39/1/9 40/1/9
f 40/1/9 17/1/10 16/1/8
f 31/1/11 29/1/12 41/1/13
f 41/1/13 42/1/14 31/1/11
f 2/1/15 43/1/16 37/1/17
f 37/1/17 3/1/17 2/1/15
f 15/1/18 44/1/19 39/1/20
f 39/1/20 16/1/21 15/1/18
f 28/1/22 45/1/23 41/1/24
f 41/1/24 29/1/25 28/1/22
f 2/1/26 1/1/27 46/1/28
f 46/1/28 43/1/29 2/1/26
f 14/1/30 47/1/31 44/1/32
f 44/1/32 15/1/33 14/1/30
f 48/1/34 45/1/35 28/1/34
f 28/1/34 27/1/34 48/1/34
f 13/1/36 49/1/37 47/1/38
f 47/1/38 14/1/36 13/1/36
f 26/1/39 50/1/40 48/1/41
f 48/1/41 27/1/42 26/1/39
f 12/1/43 51/1/44 49/1/44
f 49/1/44 13/1/45 12/1/43
f 52/1/46 50/1/46 26/1/47
f 26/1/47 25/1/48 52/1/46
f 11/1/49 53/1/50 51/1/51
f 51/1/51 12/1/52 11/1/49
f 52/1/53 25/1/54 24/1/55
f 24/1/55 54/1/56 52/1/53
f 10/1/57 55/1/58 53/1/57
f 53/1/57 11/1/59 10/1/57
f 24/1/60 23/1/61 56/1/62
f 56/1/62 54/1/60 24/1/60
f 9/1/63 36/1/64 55/1/64
f 55/1/64 10/1/63 9/1/63
f 22/1/65 57/1/65 56/1/65
f 56/1/65 23/1/66 22/1/65
f 8/1/67 33/1/68 36/1/68
f 36/1/68 9/1/67 8/1/67
f 21/1/69 58/1/69 57/1/70
f 57/1/70 22/1/69 21/1/69
f 7/1/71 59/1/72 33/1/73
f 33/1/73 8/1/72 7/1/71
f 20/1/74 60/1/75 58/1/74
f 58/1/74 21/1/76 20/1/74
f 6/1/77 61/1/78 59/1/79
f 59/1/79 7/1/80 6/1/77
f 19/1/81 62/1/82 60/1/83
f 60/1/83 20/1/84 19/1/81
f 46/1/85 1/1/86 30/1/85
f 30/1/85 63/1/87 46/1/85
f 5/1/88 64/1/89 61/1/88
f 61/1/88 6/1/90 5/1/88
f 18/1/91 65/1/92 62/1/93
f 62/1/93 19/1/94 18/1/91
f 63/1/95 30/1/96 32/1/97
f 32/1/97 66/1/98 63/1/95
f 4/1/99 38/1/100 64/1/101
f 64/1/101 5/1/102 4/1/99
f 17/1/103 40/1/104 65/1/105
f 65/1/105 18/1/106 17/1/103
f 66/1/107 32/1/108 31/1/109
f 31/1/109 42/1/110 66/1/107
f 67/1/111 68/1/111 69/1/111
f 69/1/111 70/1/111 71/1/111
f 67/1/111 69/1/111 71/1/111
f 71/1/111 72/1/111 73/1/111
f 71/1/111 73/1/111 74/1/111
f 67/1/111 71/1/111 74/1/111
f 67/1/111 74/1/111 75/1/111
f 75/1/111 76/1/111 77/1/111
f 77/1/111 78/1/111 79/1/111
f 75/1/111 77/1/111 79/1/111
f 79/1/111 80/1/111 81/1/111
f 81/1/111 82/1/111 83/1/111
f 79/1/111 81/1/111 83/1/111
f 75/1/111 79/1/111 83/1/111
f 83/1/111 84/1/111 85/1/111
f 85/1/111 86/1/111 87/1/111
f 83/1/111 85/1/111 87/1/111
f 87/1/111 88/1/111 89/1/111
f 89/1/111 35/1/111 34/1/111
f 87/1/111 89/1/111 34/1/111
f 83/1/111 87/1/111 34/1/111
f 75/1/111 83/1/111 34/1/111
f 34/1/111 90/1/111 91/1/111
f 91/1/111 92/1/111 93/1/111
f 34/1/111 91/1/111 93/1/111
f 93/1/111 94/1/111 95/1/111
f 93/1/111 95/1/111 96/1/111
f 34/1/111 93/1/111 96/1/111
f 75/1/111 34/1/111 96/1/111
f 67/1/111 75/1/111 96/1/111
f 58/1/112 78/1/112 77/1/112
f 77/1/112 57/1/112 58/1/112
f 59/1/113 90/1/113 34/1/113
f 34/1/113 33/1/113 59/1/113
f 60/1/114 79/1/114 78/1/114
f 78/1/114 58/1/114 60/1/114
f 61/1/115 91/1/115 90/1/115
f 90/1/115 59/1/115 61/1/115
f 62/1/116 80/1/116 79/1/116
f 79/1/116 60/1/116 62/1/116
f 63/1/117 67/1/117 96/1/117
f 96/1/117 46/1/117 63/1/117
f 64/1/118 92/1/119 91/1/118
f 91/1/118 61/1/120 64/1/118
f 65/1/121 81/1/121 80/1/121
f 80/1/121 62/1/121 65/1/121
f 66/1/122 68/1/122 67/1/122
f 67/1/122 63/1/122 66/1/122
f 38/1/123 93/1/123 92/1/123
f 92/1/123 64/1/123 38/1/123
f 40/1/124 82/1/124 81/1/124
f 81/1/124 65/1/124 40/1/124
f 42/1/125 69/1/125 68/1/125
f 68/1/125 66/1/125 42/1/125
f 37/1/126 94/1/126 93/1/126
f 93/1/126 38/1/126 37/1/126
f 39/1/127 83/1/128 82/1/127
f 82/1/127 40/1/128 39/1/127
f 41/1/129 70/1/129 69/1/129
f 69/1/129 42/1/129 41/1/129
f 43/1/130 95/1/130 94/1/130
f 94/1/130 37/1/130 43/1/130
f 44/1/131 84/1/131 83/1/131
f 83/1/131 39/1/131 44/1/131
f 45/1/132 71/1/133 70/1/132
f 70/1/132 41/1/134 45/1/132
f 43/1/135 46/1/136 96/1/135
f 96/1/135 95/1/135 43/1/135
f 47/1/137 85/1/137 84/1/137
f 84/1/137 44/1/137 47/1/137
f 48/1/138 72/1/138 71/1/138
f 71/1/138 45/1/138 48/1/138
f 49/1/139 86/1/139 85/1/139
f 85/1/139 47/1/139 49/1/139
f 50/1/140 73/1/140 72/1/140
f 72/1/140 48/1/140 50/1/140
f 51/1/141 87/1/141 86/1/141
f 86/1/141 49/1/141 51/1/141
f 52/1/142 74/1/142 73/1/142
f 73/1/142 50/1/142 52/1/142
f 53/1/143 88/1/143 87/1/143
f 87/1/143 51/1/143 53/1/143
f 54/1/144 75/1/144 74/1/144
f 74/1/144 52/1/144 54/1/144
f 55/1/145 89/1/145 88/1/145
f 88/1/145 53/1/145 55/1/145
f 56/1/146 76/1/146 75/1/146
f 75/1/146 54/1/146 56/1/146
f 36/1/147 35/1/148 89/1/147
f 89/1/147 55/1/148 36/1/147
f 57/1/149 77/1/149 76/1/149
f 76/1/149 56/1/149 57/1/149
f 97/1/150 98/1/151 99/1/151
f 99/1/151 100/1/151 101/1/152
f 97/1/150 99/1/151 101/1/152
f 101/1/152 102/1/153 103/1/154
f 103/1/154 104/1/151 105/1/155
f 101/1/152 103/1/154 105/1/155
f 97/1/150 101/1/152 105/1/155
f 105/1/155 106/1/151 107/1/156
f 107/1/156 108/1/157 109/1/151
f 105/1/155 107/1/156 109/1/151
f 109/1/151 110/1/151 111/1/151
f 111/1/151 112/1/151 113/1/158
f 109/1/151 111/1/151 113/1/158
f 105/1/155 109/1/151 113/1/158
f 113/1/158 114/1/151 115/1/159
f 115/1/159 116/1/151 117/1/151
f 113/1/158 115/1/159 117/1/151
f 117/1/151 118/1/153 119/1/153
f 119/1/153 120/1/151 121/1/160
f 117/1/151 119/1/153 121/1/160
f 113/1/158 117/1/151 121/1/160
f 105/1/155 113/1/158 121/1/160
f 97/1/150 105/1/155 121/1/160
f 122/1/151 123/1/151 124/1/156
f 121/1/160 122/1/151 124/1/156
f 121/1/160 124/1/156 125/1/151
f 97/1/150 121/1/160 125/1/151
f 126/1/151 97/1/150 125/1/151
f 126/1/151 125/1/151 127/1/151
f 126/1/151 127/1/151 128/1/151
f 129/1/161 130/1/162 131/1/163
f 131/1/163 132/1/162 129/1/161
f 115/1/164 133/1/165 134/1/166
f 134/1/166 116/1/167 115/1/164
f 135/1/168 97/1/169 126/1/168
f 126/1/168 136/1/170 135/1/168
f 101/1/171 137/1/172 138/1/173
f 138/1/173 102/1/174 101/1/171
f 114/1/175 139/1/176 133/1/177
f 133/1/177 115/1/178 114/1/175
f 136/1/179 126/1/180 128/1/181
f 128/1/181 140/1/182 136/1/179
f 100/1/183 141/1/184 137/1/185
f 137/1/185 101/1/186 100/1/183
f 113/1/187 142/1/188 139/1/187
f 139/1/187 114/1/189 113/1/187
f 140/1/190 128/1/191 127/1/192
f 127/1/192 143/1/193 140/1/190
f 99/1/194 144/1/194 141/1/194
f 141/1/194 100/1/195 99/1/194
f 112/1/196 145/1/196 142/1/196
f 142/1/196 113/1/196 112/1/196
f 127/1/197 125/1/197 146/1/198
f 146/1/198 143/1/197 127/1/197
f 98/1/199 147/1/200 144/1/201
f 144/1/201 99/1/202 98/1/199
f 111/1/203 148/1/204 145/1/203
f 145/1/203 112/1/205 111/1/203
f 124/1/206 149/1/207 146/1/207
f 146/1/207 125/1/207 124/1/206
f 98/1/208 97/1/208 135/1/208
f 135/1/208 147/1/208 98/1/208
f 110/1/209 150/1/209 148/1/210
f 148/1/210 111/1/209 110/1/209
f 151/1/211 149/1/212 124/1/213
f 124/1/213 123/1/214 151/1/211
f 109/1/215 152/1/215 150/1/216
f 150/1/216 110/1/215 109/1/215
f 122/1/217 153/1/218 151/1/217
f 151/1/217 123/1/219 122/1/217
f 108/1/220 154/1/221 152/1/222
f 152/1/222 109/1/222 108/1/220
f 132/1/223 153/1/223 122/1/224
f 122/1/224 121/1/225 132/1/223
f 107/1/226 155/1/227 154/1/227
f 154/1/227 108/1/227 107/1/226
f 132/1/228 121/1/228 120/1/229
f 120/1/229 129/1/230 132/1/228
f 106/1/231 156/1/232 155/1/233
f 155/1/233 107/1/231 106/1/231
f 120/1/234 119/1/235 157/1/234
f 157/1/234 129/1/236 120/1/234
f 105/1/237 158/1/238 156/1/239
f 156/1/239 106/1/240 105/1/237
f 118/1/241 159/1/242 157/1/243
f 157/1/243 119/1/244 118/1/241
f 104/1/245 160/1/246 158/1/247
f 158/1/247 105/1/248 104/1/245
f 117/1/249 161/1/249 159/1/249
f 159/1/249 118/1/249 117/1/249
f 103/1/250 162/1/251 160/1/252
f 160/1/252 104/1/253 103/1/250
f 116/1/254 134/1/254 161/1/255
f 161/1/255 117/1/254 116/1/254
f 102/1/256 138/1/257 162/1/256
f 162/1/256 103/1/256 102/1/256
f 163/1/258 164/1/259 165/1/259
f 165/1/259 166/1/260 163/1/258
f 156/1/261 167/1/262 168/1/262
f 168/1/262 155/1/263 156/1/261
f 157/1/264 169/1/264 130/1/264
f 130/1/264 129/1/264 157/1/264
f 158/1/265 170/1/265 167/1/266
f 167/1/266 156/1/267 158/1/265
f 159/1/268 166/1/268 169/1/268
f 169/1/268 157/1/268 159/1/268
f 160/1/269 171/1/270 170/1/269
f 170/1/269 158/1/271 160/1/269
f 161/1/272 163/1/273 166/1/274
f 166/1/274 159/1/275 161/1/272
f 162/1/276 172/1/277 171/1/278
f 171/1/278 160/1/279 162/1/276
f 134/1/280 173/1/280 163/1/281
f 163/1/281 161/1/282 134/1/280
f 138/1/283 174/1/283 172/1/283
f 172/1/283 162/1/284 138/1/283
f 133/1/285 175/1/285 173/1/286
f 173/1/286 134/1/285 133/1/285
f 136/1/287 176/1/288 177/1/289
f 177/1/289 135/1/290 136/1/287
f 137/1/291 178/1/292 174/1/293
f 174/1/293 138/1/294 137/1/291
f 139/1/295 179/1/296 175/1/297
f 175/1/297 133/1/298 139/1/295
f 140/1/299 180/1/300 176/1/301
f 176/1/301 136/1/302 140/1/299
f 141/1/303 181/1/304 178/1/305
f 178/1/305 137/1/306 141/1/303
f 142/1/307 182/1/307 179/1/307
f 179/1/307 139/1/307 142/1/307
f 143/1/308 183/1/309 180/1/310
f 180/1/310 140/1/311 143/1/308
f 144/1/312 184/1/313 181/1/312
f 181/1/312 141/1/313 144/1/312
f 145/1/314 185/1/315 182/1/314
f 182/1/314 142/1/314 145/1/314
f 146/1/316 186/1/317 183/1/318
f 183/1/318 143/1/319 146/1/316
f 147/1/320 187/1/321 184/1/320
f 184/1/320 144/1/322 147/1/320
f 148/1/323 188/1/324 185/1/325
f 185/1/325 145/1/324 148/1/323
f 149/1/326 189/1/327 186/1/326
f 186/1/326 146/1/328 149/1/326
f 147/1/329 135/1/330 177/1/331
f 177/1/331 187/1/332 147/1/329
f 150/1/333 190/1/334 188/1/334
f 188/1/334 148/1/333 150/1/333
f 151/1/335 191/1/336 189/1/335
f 189/1/335 149/1/337 151/1/335
f 152/1/338 192/1/339 190/1/339
f 190/1/339 150/1/340 152/1/338
f 153/1/341 193/1/341 191/1/341
f 191/1/341 151/1/342 153/1/341
f 154/1/343 194/1/343 192/1/344
f 192/1/344 152/1/343 154/1/343
f 132/1/345 131/1/345 193/1/346
f 193/1/346 153/1/345 132/1/345
f 155/1/347 168/1/347 194/1/347
f 194/1/347 154/1/347 155/1/347
f 195/1/348 196/1/349 197/1/348
f 197/1/348 198/1/350 195/1/348
f 172/1/351 199/1/352 200/1/353
f 200/1/353 171/1/353 172/1/351
f 173/1/354 201/1/354 164/1/355
f 164/1/355 163/1/356 173/1/354
f 174/1/357 202/1/358 199/1/359
f 199/1/359 172/1/358 174/1/357
f 175/1/360 195/1/361 201/1/360
f 201/1/360 173/1/362 175/1/360
f 176/1/363 203/1/364 204/1/364
f 204/1/364 177/1/365 176/1/363
f 178/1/366 205/1/367 202/1/368
f 202/1/368 174/1/366 178/1/366
f 179/1/369 196/1/370 195/1/371
f 195/1/371 175/1/370 179/1/369
f 180/1/372 206/1/373 203/1/373
f 203/1/373 176/1/373 180/1/372
f 181/1/374 207/1/375 205/1/376
f 205/1/376 178/1/377 181/1/374
f 182/1/378 208/1/379 196/1/380
f 196/1/380 179/1/381 182/1/378
f 183/1/382 209/1/382 206/1/383
f 206/1/383 180/1/383 183/1/382
f 184/1/384 210/1/384 207/1/385
f 207/1/385 181/1/386 184/1/384
f 185/1/387 211/1/388 208/1/389
f 208/1/389 182/1/390 185/1/387
f 186/1/391 212/1/392 209/1/392
f 209/1/392 183/1/393 186/1/391
f 187/1/394 213/1/394 210/1/394
f 210/1/394 184/1/394 187/1/394
f 188/1/395 214/1/396 211/1/395
f 211/1/395 185/1/397 188/1/395
f 189/1/398 215/1/398 212/1/398
f 212/1/398 186/1/398 189/1/398
f 187/1/399 177/1/400 204/1/401
f 204/1/401 213/1/402 187/1/399
f 190/1/403 216/1/403 214/1/404
f 214/1/404 188/1/403 190/1/403
f 191/1/405 217/1/405 215/1/405
f 215/1/405 189/1/405 191/1/405
f 192/1/406 218/1/407 216/1/408
f 216/1/408 190/1/409 192/1/406
f 193/1/410 219/1/410 217/1/410
f 217/1/410 191/1/410 193/1/410
f 194/1/411 220/1/412 218/1/413
f 218/1/413 192/1/414 194/1/411
f 131/1/415 221/1/415 219/1/416
f 219/1/416 193/1/415 131/1/415
f 168/1/417 222/1/418 220/1/419
f 220/1/419 194/1/420 168/1/417
f 130/1/421 223/1/422 221/1/423
f 221/1/423 131/1/423 130/1/421
f 167/1/424 224/1/425 222/1/425
f 222/1/425 168/1/425 167/1/424
f 169/1/426 225/1/426 223/1/427
f 223/1/427 130/1/428 169/1/426
f 170/1/429 226/1/430 224/1/430
f 224/1/430 167/1/430 170/1/429
f 166/1/431 165/1/431 225/1/431
f 225/1/431 169/1/431 166/1/431
f 171/1/432 200/1/432 226/1/433
f 226/1/433 170/1/432 171/1/432
f 227/1/434 228/1/435 229/1/436
f 229/1/436 230/1/434 227/1/434
f 206/1/437 231/1/438 232/1/439
f 232/1/439 203/1/440 206/1/437
f 233/1/441 234/1/442 205/1/442
f 205/1/442 207/1/443 233/1/441
f 196/1/444 208/1/187 235/1/444
f 235/1/444 197/1/445 196/1/444
f 209/1/446 236/1/191 231/1/447
f 231/1/447 206/1/448 209/1/446
f 207/1/449 210/1/450 237/1/451
f 237/1/451 233/1/452 207/1/449
f 208/1/453 211/1/454 230/1/455
f 230/1/455 235/1/456 208/1/453
f 212/1/457 238/1/458 236/1/457
f 236/1/457 209/1/459 212/1/457
f 210/1/460 213/1/202 239/1/202
f 239/1/202 237/1/202 210/1/460
f 211/1/461 214/1/461 227/1/462
f 227/1/462 230/1/462 211/1/461
f 215/1/463 240/1/464 238/1/465
f 238/1/465 212/1/466 215/1/463
f 239/1/467 213/1/468 204/1/469
f 204/1/469 241/1/467 239/1/467
f 214/1/470 216/1/209 242/1/470
f 242/1/470 227/1/210 214/1/470
f 217/1/471 243/1/472 240/1/472
f 240/1/472 215/1/473 217/1/471
f 244/1/474 242/1/215 216/1/474
f 216/1/474 218/1/475 244/1/474
f 219/1/476 245/1/477 243/1/478
f 243/1/478 217/1/479 219/1/476
f 218/1/480 220/1/481 246/1/482
f 246/1/482 244/1/483 218/1/480
f 219/1/484 221/1/484 247/1/484
f 247/1/484 245/1/484 219/1/484
f 220/1/485 222/1/486 248/1/486
f 248/1/486 246/1/487 220/1/485
f 221/1/230 223/1/230 249/1/230
f 249/1/230 247/1/230 221/1/230
f 250/1/488 248/1/489 222/1/490
f 222/1/490 224/1/491 250/1/488
f 249/1/492 223/1/493 225/1/494
f 225/1/494 251/1/235 249/1/492
f 224/1/238 226/1/238 252/1/238
f 252/1/238 250/1/238 224/1/238
f 225/1/495 165/1/496 253/1/244
f 253/1/244 251/1/497 225/1/495
f 226/1/498 200/1/499 254/1/500
f 254/1/500 252/1/501 226/1/498
f 253/1/502 165/1/503 164/1/504
f 164/1/504 255/1/505 253/1/502
f 256/1/506 254/1/507 200/1/508
f 200/1/508 199/1/509 256/1/506
f 255/1/510 164/1/510 201/1/255
f 201/1/255 257/1/255 255/1/510
f 199/1/511 202/1/512 258/1/511
f 258/1/511 256/1/513 199/1/511
f 198/1/514 257/1/515 201/1/514
f 201/1/514 195/1/514 198/1/514
f 203/1/516 232/1/517 241/1/516
f 241/1/516 204/1/168 203/1/516
f 202/1/173 205/1/518 234/1/519
f 234/1/519 258/1/520 202/1/173
f 259/1/521 260/1/522 261/1/522
f 261/1/522 262/1/523 259/1/521
f 240/1/524 263/1/525 264/1/526
f 264/1/526 238/1/527 240/1/524
f 265/1/528 239/1/529 241/1/530
f 241/1/530 266/1/531 265/1/528
f 228/1/532 227/1/533 242/1/534
f 242/1/534 267/1/535 228/1/532
f 268/1/536 263/1/537 240/1/538
f 240/1/538 243/1/536 268/1/536
f 244/1/539 262/1/539 267/1/539
f 267/1/539 242/1/540 244/1/539
f 245/1/541 269/1/542 268/1/543
f 268/1/543 243/1/544 245/1/541
f 246/1/545 259/1/546 262/1/546
f 262/1/546 244/1/547 246/1/545
f 247/1/548 270/1/549 269/1/550
f 269/1/550 245/1/550 247/1/548
f 271/1/551 259/1/552 246/1/551
f 246/1/551 248/1/552 271/1/551
f 249/1/553 272/1/554 270/1/555
f 270/1/555 247/1/553 249/1/553
f 250/1/556 273/1/557 271/1/556
f 271/1/556 248/1/558 250/1/556
f 274/1/559 272/1/560 249/1/560
f 249/1/560 251/1/560 274/1/559
f 252/1/561 275/1/562 273/1/561
f 273/1/561 250/1/563 252/1/561
f 253/1/564 276/1/565 274/1/566
f 274/1/566 251/1/567 253/1/564
f 277/1/568 275/1/569 252/1/569
f 252/1/569 254/1/570 277/1/568
f 255/1/571 278/1/571 276/1/571
f 276/1/571 253/1/571 255/1/571
f 256/1/572 279/1/573 277/1/574
f 277/1/574 254/1/575 256/1/572
f 280/1/576 278/1/576 255/1/577
f 255/1/577 257/1/576 280/1/576
f 258/1/578 281/1/579 279/1/580
f 279/1/580 256/1/580 258/1/578
f 198/1/581 282/1/582 280/1/583
f 280/1/583 257/1/581 198/1/581
f 232/1/584 283/1/585 266/1/584
f 266/1/584 241/1/585 232/1/584
f 281/1/586 258/1/587 234/1/588
f 234/1/588 284/1/589 281/1/586
f 197/1/590 285/1/590 282/1/591
f 282/1/591 198/1/592 197/1/590
f 231/1/593 286/1/594 283/1/595
f 283/1/595 232/1/596 231/1/593
f 233/1/597 287/1/598 284/1/599
f 284/1/599 234/1/600 233/1/597
f 288/1/601 285/1/601 197/1/601
f 197/1/601 235/1/601 288/1/601
f 289/1/602 286/1/603 231/1/604
f 231/1/604 236/1/603 289/1/602
f 237/1/605 290/1/606 287/1/607
f 287/1/607 233/1/608 237/1/605
f 230/1/609 229/1/610 288/1/609
f 288/1/609 235/1/611 230/1/609
f 238/1/612 264/1/613 289/1/614
f 289/1/614 236/1/615 238/1/612
f 265/1/616 290/1/617 237/1/617
f 237/1/617 239/1/617 265/1/616
f 291/1/238 292/1/618 293/1/618
f 293/1/618 294/1/619 291/1/238
f 295/1/620 269/1/621 270/1/620
f 270/1/620 296/1/622 295/1/620
f 271/1/623 297/1/623 260/1/623
f 260/1/623 259/1/624 271/1/623
f 272/1/625 298/1/625 296/1/626
f 296/1/626 270/1/627 272/1/625
f 297/1/628 271/1/629 273/1/630
f 273/1/630 293/1/631 297/1/628
f 274/1/632 299/1/632 298/1/632
f 298/1/632 272/1/632 274/1/632
f 275/1/633 294/1/634 293/1/635
f 293/1/635 273/1/634 275/1/633
f 300/1/636 299/1/636 274/1/637
f 274/1/637 276/1/636 300/1/636
f 277/1/638 301/1/639 294/1/640
f 294/1/640 275/1/641 277/1/638
f 278/1/642 302/1/643 300/1/642
f 300/1/642 276/1/644 278/1/642
f 301/1/645 277/1/646 279/1/647
f 279/1/647 303/1/646 301/1/645
f 280/1/648 304/1/649 302/1/650
f 302/1/650 278/1/651 280/1/648
f 281/1/652 305/1/653 303/1/654
f 303/1/654 279/1/655 281/1/652
f 306/1/656 304/1/657 280/1/658
f 280/1/658 282/1/659 306/1/656
f 266/1/660 283/1/661 307/1/662
f 307/1/662 308/1/663 266/1/660
f 284/1/664 309/1/665 305/1/664
f 305/1/664 281/1/666 284/1/664
f 285/1/667 310/1/668 306/1/667
f 306/1/667 282/1/669 285/1/667
f 286/1/670 311/1/671 307/1/670
f 307/1/670 283/1/672 286/1/670
f 312/1/673 309/1/674 284/1/675
f 284/1/675 287/1/676 312/1/673
f 288/1/677 313/1/678 310/1/679
f 310/1/679 285/1/680 288/1/677
f 289/1/681 314/1/682 311/1/683
f 311/1/683 286/1/681 289/1/681
f 290/1/684 315/1/685 312/1/686
f 312/1/686 287/1/687 290/1/684
f 313/1/688 288/1/689 229/1/690
f 229/1/690 316/1/690 313/1/688
f 264/1/691 317/1/692 314/1/693
f 314/1/693 289/1/694 264/1/691
f 265/1/695 318/1/695 315/1/695
f 315/1/695 290/1/696 265/1/695
f 228/1/697 319/1/697 316/1/698
f 316/1/698 229/1/699 228/1/697
f 317/1/700 264/1/700 263/1/700
f 263/1/700 320/1/700 317/1/700
f 308/1/701 318/1/702 265/1/702
f 265/1/702 266/1/703 308/1/701
f 267/1/704 321/1/705 319/1/705
f 319/1/705 228/1/705 267/1/704
f 268/1/706 322/1/707 320/1/708
f 320/1/708 263/1/709 268/1/706
f 321/1/710 267/1/711 262/1/712
f 262/1/712 261/1/713 321/1/710
f 269/1/714 295/1/714 322/1/714
f 322/1/714 268/1/714 269/1/714
f 323/1/715 324/1/715 325/1/716
f 325/1/716 326/1/715 323/1/715
f 300/1/717 327/1/244 328/1/244
f 328/1/244 299/1/718 300/1/717
f 301/1/719 329/1/720 291/1/721
f 291/1/721 294/1/248 301/1/719
f 330/1/722 327/1/505 300/1/723
f 300/1/723 302/1/724 330/1/722
f 303/1/725 326/1/726 329/1/725
f 329/1/725 301/1/725 303/1/725
f 304/1/254 331/1/254 330/1/254
f 330/1/254 302/1/254 304/1/254
f 323/1/727 326/1/728 303/1/729
f 303/1/729 305/1/730 323/1/727
f 306/1/731 332/1/732 331/1/731
f 331/1/731 304/1/733 306/1/731
f 308/1/168 307/1/734 333/1/735
f 333/1/735 334/1/736 308/1/168
f 309/1/737 335/1/738 323/1/737
f 323/1/737 305/1/739 309/1/737
f 336/1/740 332/1/741 306/1/742
f 306/1/742 310/1/742 336/1/740
f 333/1/439 307/1/439 311/1/743
f 311/1/743 337/1/439 333/1/439
f 312/1/441 338/1/442 335/1/441
f 335/1/441 309/1/744 312/1/441
f 313/1/187 339/1/187 336/1/187
f 336/1/187 310/1/745 313/1/187
f 337/1/746 311/1/747 314/1/192
f 314/1/192 340/1/191 337/1/746
f 341/1/748 338/1/194 312/1/749
f 312/1/749 315/1/750 341/1/748
f 316/1/751 342/1/752 339/1/453
f 339/1/453 313/1/196 316/1/751
f 317/1/458 343/1/458 340/1/458
f 340/1/458 314/1/458 317/1/458
f 318/1/753 344/1/202 341/1/753
f 341/1/753 315/1/753 318/1/753
f 345/1/754 342/1/462 316/1/755
f 316/1/755 319/1/754 345/1/754
f 320/1/207 346/1/207 343/1/207
f 343/1/207 317/1/207 320/1/207
f 334/1/208 344/1/756 318/1/757
f 318/1/757 308/1/208 334/1/208
f 321/1/758 347/1/209 345/1/209
f 345/1/209 319/1/209 321/1/758
f 346/1/759 320/1/760 322/1/761
f 322/1/761 348/1/762 346/1/759
f 261/1/763 349/1/763 347/1/763
f 347/1/763 321/1/763 261/1/763
f 295/1/217 350/1/218 348/1/217
f 348/1/217 322/1/764 295/1/217
f 351/1/765 349/1/482 261/1/765
f 261/1/765 260/1/221 351/1/765
f 296/1/766 352/1/767 350/1/766
f 350/1/766 295/1/768 296/1/766
f 297/1/769 353/1/486 351/1/770
f 351/1/770 260/1/227 297/1/769
f 354/1/771 352/1/230 296/1/230
f 296/1/230 298/1/772 354/1/771
f 293/1/231 292/1/231 353/1/231
f 353/1/231 297/1/231 293/1/231
f 299/1/235 328/1/773 354/1/235
f 354/1/235 298/1/235 299/1/235
f 355/1/774 356/1/775 357/1/776
f 357/1/776 358/1/775 355/1/774
f 332/1/777 359/1/777 360/1/777
f 360/1/777 331/1/777 332/1/777
f 361/1/778 362/1/778 334/1/778
f 334/1/778 333/1/778 361/1/778
f 363/1/779 324/1/779 323/1/780
f 323/1/780 335/1/779 363/1/779
f 336/1/781 364/1/781 359/1/782
f 359/1/782 332/1/781 336/1/781
f 337/1/783 365/1/784 361/1/784
f 361/1/784 333/1/784 337/1/783
f 338/1/785 366/1/785 363/1/786
f 363/1/786 335/1/785 338/1/785
f 367/1/787 364/1/788 336/1/788
f 336/1/788 339/1/788 367/1/787
f 340/1/789 368/1/789 365/1/790
f 365/1/790 337/1/789 340/1/789
f 341/1/791 369/1/792 366/1/792
f 366/1/792 338/1/792 341/1/791
f 342/1/793 370/1/794 367/1/794
f 367/1/794 339/1/794 342/1/793
f 371/1/795 368/1/795 340/1/796
f 340/1/796 343/1/795 371/1/795
f 369/1/797 341/1/797 344/1/798
f 344/1/798 372/1/797 369/1/797
f 345/1/799 373/1/800 370/1/801
f 370/1/801 342/1/800 345/1/799
f 346/1/802 374/1/802 371/1/802
f 371/1/802 343/1/802 346/1/802
f 362/1/803 372/1/803 344/1/803
f 344/1/803 334/1/803 362/1/803
f 373/1/804 345/1/805 347/1/805
f 347/1/805 375/1/805 373/1/804
f 348/1/806 376/1/807 374/1/807
f 374/1/807 346/1/807 348/1/806
f 349/1/808 377/1/808 375/1/809
f 375/1/809 347/1/808 349/1/808
f 378/1/810 376/1/810 348/1/810
f 348/1/810 350/1/810 378/1/810
f 351/1/811 379/1/811 377/1/812
f 377/1/812 349/1/811 351/1/811
f 352/1/813 380/1/813 378/1/813
f 378/1/813 350/1/813 352/1/813
f 357/1/814 379/1/815 351/1/816
f 351/1/816 353/1/815 357/1/814
f 354/1/817 381/1/817 380/1/818
f 380/1/818 352/1/817 354/1/817
f 292/1/819 358/1/820 357/1/821
f 357/1/821 353/1/820 292/1/819
f 381/1/822 354/1/822 328/1/822
f 328/1/822 382/1/822 381/1/822
f 291/1/823 383/1/824 358/1/823
f 358/1/823 292/1/825 291/1/823
f 327/1/826 384/1/827 382/1/828
f 382/1/828 328/1/827 327/1/826
f 383/1/829 291/1/830 329/1/831
f 329/1/831 385/1/832 383/1/829
f 330/1/833 386/1/833 384/1/833
f 384/1/833 327/1/833 330/1/833
f 326/1/834 325/1/835 385/1/836
f 385/1/836 329/1/835 326/1/834
f 360/1/837 386/1/838 330/1/838
f 330/1/838 331/1/838 360/1/837
f 387/1/839 388/1/840 389/1/839
f 389/1/839 390/1/840 387/1/839
f 382/1/841 391/1/842 392/1/843
f 392/1/843 381/1/844 382/1/841
f 383/1/845 393/1/846 355/1/847
f 355/1/847 358/1/847 383/1/845
f 394/1/848 391/1/848 382/1/849
f 382/1/849 384/1/850 394/1/848
f 385/1/851 390/1/852 393/1/852
f 393/1/852 383/1/852 385/1/851
f 386/1/853 395/1/854 394/1/853
f 394/1/853 384/1/853 386/1/853
f 390/1/855 385/1/856 325/1/857
f 325/1/857 387/1/858 390/1/855
f 360/1/859 396/1/860 395/1/860
f 395/1/860 386/1/861 360/1/859
f 324/1/862 397/1/862 387/1/862
f 387/1/862 325/1/862 324/1/862
f 396/1/863 360/1/864 359/1/865
f 359/1/865 398/1/866 396/1/863
f 362/1/867 361/1/868 399/1/867
f 399/1/867 400/1/869 362/1/867
f 363/1/870 401/1/871 397/1/872
f 397/1/872 324/1/873 363/1/870
f 364/1/874 402/1/875 398/1/875
f 398/1/875 359/1/876 364/1/874
f 365/1/877 403/1/878 399/1/879
f 399/1/879 361/1/880 365/1/877
f 404/1/881 401/1/882 363/1/883
f 363/1/883 366/1/884 404/1/881
f 367/1/885 405/1/886 402/1/887
f 402/1/887 364/1/888 367/1/885
f 368/1/889 406/1/890 403/1/891
f 403/1/891 365/1/892 368/1/889
f 369/1/893 407/1/894 404/1/894
f 404/1/894 366/1/895 369/1/893
f 408/1/896 405/1/897 367/1/898
f 367/1/898 370/1/897 408/1/896
f 371/1/899 409/1/900 406/1/899
f 406/1/899 368/1/899 371/1/899
f 372/1/901 410/1/902 407/1/903
f 407/1/903 369/1/904 372/1/901
f 373/1/905 411/1/906 408/1/907
f 408/1/907 370/1/908 373/1/905
f 409/1/909 371/1/910 374/1/911
f 374/1/911 412/1/910 409/1/909
f 400/1/912 410/1/913 372/1/913
f 372/1/913 362/1/913 400/1/912
f 375/1/914 413/1/915 411/1/916
f 411/1/916 373/1/917 375/1/914
f 376/1/918 414/1/919 412/1/920
f 412/1/920 374/1/921 376/1/918
f 413/1/922 375/1/923 377/1/922
f 377/1/922 415/1/924 413/1/922
f 378/1/925 416/1/926 414/1/926
f 414/1/926 376/1/927 378/1/925
f 379/1/928 417/1/929 415/1/930
f 415/1/930 377/1/931 379/1/928
f 418/1/932 416/1/933 378/1/932
f 378/1/932 380/1/934 418/1/932
f 357/1/935 356/1/936 417/1/937
f 417/1/937 379/1/935 357/1/935
f 381/1/938 392/1/939 418/1/939
f 418/1/939 380/1/940 381/1/938
f 419/1/941 420/1/941 421/1/941
f 421/1/941 422/1/941 419/1/941
f 396/1/942 423/1/942 424/1/942
f 424/1/942 395/1/942 396/1/942
f 387/1/943 397/1/944 425/1/945
f 425/1/945 388/1/946 387/1/943
f 398/1/947 426/1/948 423/1/947
f 423/1/947 396/1/949 398/1/947
f 400/1/950 399/1/951 427/1/950
f 427/1/950 428/1/952 400/1/950
f 425/1/953 397/1/953 401/1/954
f 401/1/954 420/1/954 425/1/953
f 398/1/955 402/1/955 429/1/956
f 429/1/956 426/1/957 398/1/955
f 427/1/958 399/1/959 403/1/958
f 403/1/958 430/1/959 427/1/958
f 404/1/960 421/1/960 420/1/961
f 420/1/961 401/1/960 404/1/960
f 429/1/962 402/1/963 405/1/962
f 405/1/962 431/1/964 429/1/962
f 430/1/965 403/1/966 406/1/965
f 406/1/965 432/1/967 430/1/965
f 404/1/968 407/1/969 433/1/968
f 433/1/968 421/1/969 404/1/968
f 408/1/970 434/1/971 431/1/970
f 431/1/970 405/1/972 408/1/970
f 409/1/973 435/1/973 432/1/973
f 432/1/973 406/1/973 409/1/973
f 433/1/974 407/1/975 410/1/976
f 410/1/976 436/1/977 433/1/974
f 408/1/978 411/1/979 437/1/978
f 437/1/978 434/1/980 408/1/978
f 412/1/981 438/1/981 435/1/981
f 435/1/981 409/1/981 412/1/981
f 410/1/982 400/1/982 428/1/983
f 428/1/983 436/1/982 410/1/982
f 437/1/984 411/1/985 413/1/986
f 413/1/986 439/1/985 437/1/984
f 438/1/987 412/1/988 414/1/989
f 414/1/989 440/1/990 438/1/987
f 415/1/991 441/1/991 439/1/991
f 439/1/991 413/1/991 415/1/991
f 416/1/992 442/1/993 440/1/992
f 440/1/992 414/1/994 416/1/992
f 415/1/995 417/1/996 443/1/997
f 443/1/997 441/1/998 415/1/995
f 418/1/999 444/1/1000 442/1/999
f 442/1/999 416/1/1001 418/1/999
f 443/1/1002 417/1/1003 356/1/1002
f 356/1/1002 445/1/1003 443/1/1002
f 418/1/1004 392/1/1005 446/1/1006
f 446/1/1006 444/1/1007 418/1/1004
f 355/1/1008 447/1/1009 445/1/1008
f 445/1/1008 356/1/1010 355/1/1008
f 446/1/1011 392/1/1012 391/1/1011
f 391/1/1011 448/1/1013 446/1/1011
f 355/1/1014 393/1/1015 449/1/1014
f 449/1/1014 447/1/1016 355/1/1014
f 450/1/1017 448/1/1018 391/1/1017
f 391/1/1017 394/1/1019 450/1/1017
f 449/1/1020 393/1/1021 390/1/1022
f 390/1/1022 389/1/1023 449/1/1020
f 450/1/1024 394/1/1024 395/1/1025
f 395/1/1025 424/1/1026 450/1/1024
f 451/1/1027 452/1/1028 453/1/1029
f 453/1/1029 454/1/1030 451/1/1027
f 431/1/1031 455/1/1032 456/1/1031
f 456/1/1031 429/1/1032 431/1/1031
f 432/1/1033 457/1/1033 458/1/1033
f 458/1/1033 430/1/1033 432/1/1033
f 433/1/1034 459/1/1035 422/1/1036
f 422/1/1036 421/1/1035 433/1/1034
f 455/1/1037 431/1/1037 434/1/1037
f 434/1/1037 460/1/1037 455/1/1037
f 432/1/1038 435/1/1038 461/1/1038
f 461/1/1038 457/1/1038 432/1/1038
f 436/1/1039 453/1/1040 459/1/1041
f 459/1/1041 433/1/1040 436/1/1039
f 437/1/1042 462/1/1043 460/1/1044
f 460/1/1044 434/1/1043 437/1/1042
f 461/1/1045 435/1/1045 438/1/1045
f 438/1/1045 463/1/1045 461/1/1045
f 454/1/1046 453/1/1046 436/1/1046
f 436/1/1046 428/1/1046 454/1/1046
f 439/1/1047 464/1/1048 462/1/1049
f 462/1/1049 437/1/1048 439/1/1047
f 440/1/1050 465/1/1050 463/1/1050
f 463/1/1050 438/1/1050 440/1/1050
f 464/1/1051 439/1/1052 441/1/1053
f 441/1/1053 466/1/1052 464/1/1051
f 440/1/1054 442/1/1055 467/1/1055
f 467/1/1055 465/1/1055 440/1/1054
f 443/1/1056 468/1/1056 466/1/1056
f 466/1/1056 441/1/1057 443/1/1056
f 467/1/1058 442/1/1058 444/1/1058
f 444/1/1058 469/1/1058 467/1/1058
f 445/1/1059 470/1/1060 468/1/1061
f 468/1/1061 443/1/1060 445/1/1059
f 446/1/1062 471/1/1062 469/1/1063
f 469/1/1063 444/1/1062 446/1/1062
f 470/1/1064 445/1/1065 447/1/1066
f 447/1/1066 472/1/1065 470/1/1064
f 448/1/1067 473/1/1067 471/1/1067
f 471/1/1067 446/1/1067 448/1/1067
f 449/1/1068 474/1/1068 472/1/1068
f 472/1/1068 447/1/1069 449/1/1068
f 448/1/1070 450/1/1070 475/1/1070
f 475/1/1070 473/1/1070 448/1/1070
f 389/1/1071 476/1/1072 474/1/1072
f 474/1/1072 449/1/1072 389/1/1071
f 477/1/1073 475/1/1073 450/1/1073
f 450/1/1073 424/1/1073 477/1/1073
f 476/1/1074 389/1/1075 388/1/1076
f 388/1/1076 478/1/1075 476/1/1074
f 477/1/1077 424/1/1077 423/1/1077
f 423/1/1077 479/1/1077 477/1/1077
f 425/1/1078 480/1/1079 478/1/1078
f 478/1/1078 388/1/1079 425/1/1078
f 479/1/1080 423/1/1081 426/1/1081
f 426/1/1081 481/1/1081 479/1/1080
f 427/1/1082 482/1/1083 454/1/1084
f 454/1/1084 428/1/1083 427/1/1082
f 420/1/1085 419/1/1086 480/1/1086
f 480/1/1086 425/1/1086 420/1/1085
f 429/1/1087 456/1/1087 481/1/1088
f 481/1/1088 426/1/1087 429/1/1087
f 482/1/1089 427/1/1089 430/1/1089
f 430/1/1089 458/1/1089 482/1/1089
f 483/1/1090 484/1/1091 485/1/1092
f 485/1/1092 486/1/1093 483/1/1090
f 464/1/1094 487/1/1094 488/1/1095
f 488/1/1095 462/1/1094 464/1/1094
f 489/1/1096 463/1/1097 465/1/1098
f 465/1/1098 490/1/1099 489/1/1096
f 466/1/1100 491/1/1101 487/1/1102
f 487/1/1102 464/1/1103 466/1/1100
f 467/1/1104 492/1/1105 490/1/1105
f 490/1/1105 465/1/1106 467/1/1104
f 491/1/1107 466/1/1108 468/1/1109
f 468/1/1109 486/1/1109 491/1/1107
f 469/1/1110 493/1/1111 492/1/1110
f 492/1/1110 467/1/1112 469/1/1110
f 470/1/1113 483/1/1114 486/1/1115
f 486/1/1115 468/1/1116 470/1/1113
f 493/1/1117 469/1/1118 471/1/1117
f 471/1/1117 494/1/1117 493/1/1117
f 472/1/1119 495/1/1120 483/1/1121
f 483/1/1121 470/1/1121 472/1/1119
f 473/1/1122 496/1/1122 494/1/1123
f 494/1/1123 471/1/1122 473/1/1122
f 495/1/1124 472/1/1125 474/1/1126
f 474/1/1126 497/1/1127 495/1/1124
f 475/1/1128 498/1/1129 496/1/1130
f 496/1/1130 473/1/1131 475/1/1128
f 476/1/1132 499/1/1133 497/1/1134
f 497/1/1134 474/1/1133 476/1/1132
f 498/1/1135 475/1/1136 477/1/1137
f 477/1/1137 500/1/1138 498/1/1135
f 478/1/1139 501/1/1140 499/1/1141
f 499/1/1141 476/1/1142 478/1/1139
f 479/1/1143 502/1/1144 500/1/1145
f 500/1/1145 477/1/1144 479/1/1143
f 501/1/1146 478/1/1147 480/1/1147
f 480/1/1147 503/1/1146 501/1/1146
f 481/1/1148 504/1/1149 502/1/1150
f 502/1/1150 479/1/1151 481/1/1148
f 454/1/1152 482/1/1153 505/1/1154
f 505/1/1154 451/1/1155 454/1/1152
f 419/1/1156 506/1/1157 503/1/1158
f 503/1/1158 480/1/1159 419/1/1156
f 504/1/1160 481/1/1161 456/1/1162
f 456/1/1162 507/1/1163 504/1/1160
f 458/1/1164 508/1/1164 505/1/1165
f 505/1/1165 482/1/1164 458/1/1164
f 422/1/1166 509/1/1167 506/1/1168
f 506/1/1168 419/1/1169 422/1/1166
f 455/1/1170 510/1/1170 507/1/1170
f 507/1/1170 456/1/1171 455/1/1170
f 508/1/1172 458/1/1172 457/1/1173
f 457/1/1173 511/1/1174 508/1/1172
f 509/1/1175 422/1/1175 459/1/1176
f 459/1/1176 512/1/1176 509/1/1175
f 460/1/1177 513/1/1178 510/1/1178
f 510/1/1178 455/1/1179 460/1/1177
f 461/1/1180 514/1/1181 511/1/1180
f 511/1/1180 457/1/1182 461/1/1180
f 453/1/1183 452/1/1184 512/1/1185
f 512/1/1185 459/1/1186 453/1/1183
f 513/1/1187 460/1/1187 462/1/1188
f 462/1/1188 488/1/1189 513/1/1187
f 463/1/1190 489/1/1191 514/1/1192
f 514/1/1192 461/1/1193 463/1/1190
f 515/1/1194 516/1/1194 517/1/1195
f 517/1/1195 518/1/1194 515/1/1194
f 519/1/1196 520/1/1197 493/1/1196
f 493/1/1196 494/1/1198 519/1/1196
f 495/1/1199 521/1/1200 484/1/1199
f 484/1/1199 483/1/1201 495/1/1199
f 496/1/1202 522/1/1203 519/1/1203
f 519/1/1203 494/1/1204 496/1/1202
f 516/1/1205 521/1/1206 495/1/1205
f 495/1/1205 497/1/1207 516/1/1205
f 498/1/1208 523/1/1209 522/1/1209
f 522/1/1209 496/1/1209 498/1/1208
f 499/1/1210 517/1/1211 516/1/1212
f 516/1/1212 497/1/1213 499/1/1210
f 524/1/1214 523/1/1215 498/1/1214
f 498/1/1214 500/1/1216 524/1/1214
f 501/1/1217 525/1/1217 517/1/1217
f 517/1/1217 499/1/1218 501/1/1217
f 502/1/1219 526/1/1220 524/1/1221
f 524/1/1221 500/1/1222 502/1/1219
f 527/1/1223 525/1/1224 501/1/1225
f 501/1/1225 503/1/1225 527/1/1223
f 504/1/1226 528/1/1227 526/1/1228
f 526/1/1228 502/1/1229 504/1/1226
f 529/1/1230 451/1/1231 505/1/1230
f 505/1/1230 530/1/1230 529/1/1230
f 506/1/1232 531/1/1233 527/1/1234
f 527/1/1234 503/1/1234 506/1/1232
f 532/1/1235 528/1/1236 504/1/1235
f 504/1/1235 507/1/1237 532/1/1235
f 530/1/1238 505/1/1239 508/1/1238
f 508/1/1238 533/1/1240 530/1/1238
f 509/1/1241 534/1/1242 531/1/1242
f 531/1/1242 506/1/1241 509/1/1241
f 510/1/1243 535/1/1244 532/1/1244
f 532/1/1244 507/1/1244 510/1/1243
f 511/1/1245 536/1/1246 533/1/1247
f 533/1/1247 508/1/1248 511/1/1245
f 537/1/1249 534/1/1250 509/1/1251
f 509/1/1251 512/1/1250 537/1/1249
f 513/1/1252 538/1/1253 535/1/1254
f 535/1/1254 510/1/1254 513/1/1252
f 536/1/1255 511/1/1256 514/1/1255
f 514/1/1255 539/1/1257 536/1/1255
f 452/1/1258 540/1/1258 537/1/1258
f 537/1/1258 512/1/1259 452/1/1258
f 541/1/1260 538/1/1261 513/1/1260
f 513/1/1260 488/1/1262 541/1/1260
f 489/1/1263 542/1/1264 539/1/1265
f 539/1/1265 514/1/1266 489/1/1263
f 529/1/1267 540/1/1268 452/1/1268
f 452/1/1268 451/1/1267 529/1/1267
f 487/1/1269 543/1/1270 541/1/1269
f 541/1/1269 488/1/1269 487/1/1269
f 490/1/1271 544/1/1272 542/1/1271
f 542/1/1271 489/1/1273 490/1/1271
f 491/1/1274 545/1/1274 543/1/1274
f 543/1/1274 487/1/1274 491/1/1274
f 544/1/1275 490/1/1276 492/1/1277
f 492/1/1277 546/1/1278 544/1/1275
f 485/1/1279 545/1/1279 491/1/1279
f 491/1/1279 486/1/1280 485/1/1279
f 493/1/1281 520/1/1282 546/1/1283
f 546/1/1283 492/1/1284 493/1/1281
f 547/1/1285 548/1/1285 549/1/1285
f 549/1/1285 550/1/1285 547/1/1285
f 524/1/1286 551/1/1286 552/1/1287
f 552/1/1287 523/1/1286 524/1/1286
f 525/1/1288 553/1/1289 518/1/1288
f 518/1/1288 517/1/1290 525/1/1288
f 554/1/1291 551/1/1292 524/1/1293
f 524/1/1293 526/1/1292 554/1/1291
f 527/1/1294 555/1/1294 553/1/1295
f 553/1/1295 525/1/1294 527/1/1294
f 528/1/1296 556/1/1297 554/1/1298
f 554/1/1298 526/1/1297 528/1/1296
f 548/1/1299 547/1/1299 529/1/1300
f 529/1/1300 530/1/1299 548/1/1299
f 557/1/1301 555/1/1302 527/1/1303
f 527/1/1303 531/1/1302 557/1/1301
f 532/1/1304 558/1/1305 556/1/1306
f 556/1/1306 528/1/1305 532/1/1304
f 533/1/1307 559/1/1307 548/1/1307
f 548/1/1307 530/1/1307 533/1/1307
f 534/1/1308 560/1/1309 557/1/1309
f 557/1/1309 531/1/1309 534/1/1308
f 561/1/1310 558/1/1310 532/1/1310
f 532/1/1310 535/1/1310 561/1/1310
f 536/1/1311 562/1/1312 559/1/1311
f 559/1/1311 533/1/1312 536/1/1311
f 537/1/1313 563/1/1314 560/1/1314
f 560/1/1314 534/1/1314 537/1/1313
f 538/1/1315 564/1/1316 561/1/1317
f 561/1/1317 535/1/1316 538/1/1315
f 565/1/1318 562/1/1319 536/1/1319
f 536/1/1319 539/1/1319 565/1/1318
f 566/1/1320 563/1/1320 537/1/1321
f 537/1/1321 540/1/1320 566/1/1320
f 541/1/1322 567/1/1323 564/1/1323
f 564/1/1323 538/1/1323 541/1/1322
f 542/1/1324 568/1/1324 565/1/1325
f 565/1/1325 539/1/1324 542/1/1324
f 566/1/1326 540/1/1326 529/1/1327
f 529/1/1327 547/1/1326 566/1/1326
f 567/1/1328 541/1/1328 543/1/1329
f 543/1/1329 569/1/1328 567/1/1328
f 544/1/1330 570/1/1330 568/1/1331
f 568/1/1331 542/1/1330 544/1/1330
f 545/1/1332 571/1/1333 569/1/1333
f 569/1/1333 543/1/1333 545/1/1332
f 572/1/1334 570/1/1334 544/1/1335
f 544/1/1335 546/1/1334 572/1/1334
f 485/1/1336 573/1/1336 571/1/1337
f 571/1/1337 545/1/1336 485/1/1336
f 520/1/1338 574/1/1338 572/1/1339
f 572/1/1339 546/1/1338 520/1/1338
f 573/1/1340 485/1/1341 484/1/1342
f 484/1/1342 575/1/1341 573/1/1340
f 519/1/1343 576/1/1343 574/1/1343
f 574/1/1343 520/1/1343 519/1/1343
f 521/1/1344 577/1/1344 575/1/1345
f 575/1/1345 484/1/1344 521/1/1344
f 578/1/1346 576/1/1346 519/1/1346
f 519/1/1346 522/1/1346 578/1/1346
f 516/1/1347 515/1/1348 577/1/1349
f 577/1/1349 521/1/1348 516/1/1347
f 523/1/1350 552/1/1350 578/1/1351
f 578/1/1351 522/1/1350 523/1/1350
f 579/1/1352 580/1/1353 581/1/1352
f 581/1/1352 582/1/1354 579/1/1352
f 557/1/1355 583/1/1355 584/1/1356
f 584/1/1356 555/1/1357 557/1/1355
f 558/1/1358 585/1/1359 586/1/1360
f 586/1/1360 556/1/1361 558/1/1358
f 559/1/1362 587/1/1363 549/1/1364
f 549/1/1364 548/1/1365 559/1/1362
f 588/1/1366 583/1/1367 557/1/1367
f 557/1/1367 560/1/1368 588/1/1366
f 561/1/1369 589/1/1370 585/1/1371
f 585/1/1371 558/1/1372 561/1/1369
f 562/1/1373 582/1/1374 587/1/1375
f 587/1/1375 559/1/1374 562/1/1373
f 563/1/1376 590/1/1377 588/1/1378
f 588/1/1378 560/1/1379 563/1/1376
f 589/1/1380 561/1/1381 564/1/1380
f 564/1/1380 591/1/1382 589/1/1380
f 565/1/1383 579/1/1383 582/1/1384
f 582/1/1384 562/1/1384 565/1/1383
f 566/1/1385 592/1/1386 590/1/1385
f 590/1/1385 563/1/1387 566/1/1385
f 567/1/1388 593/1/1389 591/1/1390
f 591/1/1390 564/1/1391 567/1/1388
f 579/1/1392 565/1/1393 568/1/1393
f 568/1/1393 594/1/1394 579/1/1392
f 592/1/1395 566/1/1396 547/1/1395
f 547/1/1395 550/1/1397 592/1/1395
f 569/1/1398 595/1/1399 593/1/1400
f 593/1/1400 567/1/1401 569/1/1398
f 570/1/1402 596/1/1403 594/1/1404
f 594/1/1404 568/1/1405 570/1/1402
f 597/1/1406 595/1/1407 569/1/1406
f 569/1/1406 571/1/1408 597/1/1406
f 572/1/1409 598/1/1409 596/1/1410
f 596/1/1410 570/1/1411 572/1/1409
f 573/1/1412 599/1/1413 597/1/1412
f 597/1/1412 571/1/1414 573/1/1412
f 600/1/1415 598/1/1416 572/1/1417
f 572/1/1417 574/1/1418 600/1/1415
f 575/1/1419 601/1/1420 599/1/1421
f 599/1/1421 573/1/1422 575/1/1419
f 576/1/1423 602/1/1424 600/1/1425
f 600/1/1425 574/1/1423 576/1/1423
f 601/1/1426 575/1/1427 577/1/1428
f 577/1/1428 603/1/1429 601/1/1426
f 578/1/1430 604/1/1431 602/1/1430
f 602/1/1430 576/1/1432 578/1/1430
f 515/1/1433 605/1/1434 603/1/1433
f 603/1/1433 577/1/1435 515/1/1433
f 606/1/1436 604/1/1437 578/1/1438
f 578/1/1438 552/1/1439 606/1/1436
f 518/1/1440 607/1/1441 605/1/1442
f 605/1/1442 515/1/1443 518/1/1440
f 551/1/1444 608/1/1445 606/1/1445
f 606/1/1445 552/1/1445 551/1/1444
f 609/1/1446 607/1/1446 518/1/1447
f 518/1/1447 553/1/1448 609/1/1446
f 554/1/1449 610/1/1450 608/1/1449
f 608/1/1449 551/1/1451 554/1/1449
f 555/1/1452 584/1/1452 609/1/1453
f 609/1/1453 553/1/1454 555/1/1452
f 610/1/1455 554/1/1456 556/1/1457
f 556/1/1457 586/1/1456 610/1/1455
f 611/1/1458 612/1/1458 613/1/1458
f 613/1/1458 614/1/1458 611/1/1458
f 592/1/1459 615/1/1459 616/1/1459
f 616/1/1459 590/1/1459 592/1/1459
f 617/1/1460 618/1/1460 591/1/1460
f 591/1/1460 593/1/1460 617/1/1460
f 594/1/1461 619/1/1462 580/1/1461
f 580/1/1461 579/1/1463 594/1/1461
f 620/1/1464 615/1/1464 592/1/1464
f 592/1/1464 550/1/1464 620/1/1464
f 595/1/1465 621/1/1466 617/1/1465
f 617/1/1465 593/1/1467 595/1/1465
f 619/1/1468 594/1/1469 596/1/1469
f 596/1/1469 613/1/1470 619/1/1468
f 597/1/1471 622/1/1472 621/1/1471
f 621/1/1471 595/1/1473 597/1/1471
f 598/1/1474 614/1/1475 613/1/1476
f 613/1/1476 596/1/1477 598/1/1474
f 623/1/1478 622/1/1479 597/1/1478
f 597/1/1478 599/1/1478 623/1/1478
f 600/1/1480 624/1/1480 614/1/1481
f 614/1/1481 598/1/1480 600/1/1480
f 601/1/1482 625/1/1483 623/1/1482
f 623/1/1482 599/1/1482 601/1/1482
f 626/1/1484 624/1/1485 600/1/1486
f 600/1/1486 602/1/1484 626/1/1484
f 603/1/1487 627/1/1487 625/1/1487
f 625/1/1487 601/1/1487 603/1/1487
f 604/1/1488 628/1/1489 626/1/1488
f 626/1/1488 602/1/1490 604/1/1488
f 629/1/1491 627/1/1492 603/1/1493
f 603/1/1493 605/1/1494 629/1/1491
f 606/1/1495 630/1/1496 628/1/1497
f 628/1/1497 604/1/1498 606/1/1495
f 607/1/1499 631/1/1500 629/1/1501
f 629/1/1501 605/1/1502 607/1/1499
f 632/1/1503 630/1/1503 606/1/1503
f 606/1/1503 608/1/1503 632/1/1503
f 609/1/1504 633/1/1504 631/1/1504
f 631/1/1504 607/1/1504 609/1/1504
f 610/1/1505 634/1/1506 632/1/1505
f 632/1/1505 608/1/1507 610/1/1505
f 635/1/1508 633/1/1509 609/1/1508
f 609/1/1508 584/1/1510 635/1/1508
f 586/1/1511 636/1/1512 634/1/1513
f 634/1/1513 610/1/1514 586/1/1511
f 550/1/1515 549/1/1516 637/1/1515
f 637/1/1515 620/1/1516 550/1/1515
f 583/1/1517 638/1/1517 635/1/1517
f 635/1/1517 584/1/1518 583/1/1517
f 639/1/1519 636/1/1520 586/1/1521
f 586/1/1521 585/1/1522 639/1/1519
f 640/1/1523 637/1/1524 549/1/1523
f 549/1/1523 587/1/1525 640/1/1523
f 588/1/1526 641/1/1527 638/1/1526
f 638/1/1526 583/1/1528 588/1/1526
f 589/1/1529 642/1/1530 639/1/1529
f 639/1/1529 585/1/1529 589/1/1529
f 581/1/1531 640/1/1532 587/1/1531
f 587/1/1531 582/1/1533 581/1/1531
f 616/1/1534 641/1/1535 588/1/1534
f 588/1/1534 590/1/1536 616/1/1534
f 591/1/1537 618/1/1537 642/1/1537
f 642/1/1537 589/1/1537 591/1/1537
f 643/1/1538 644/1/1539 645/1/1540
f 645/1/1540 646/1/1541 643/1/1538
f 623/1/1542 647/1/1542 648/1/1543
f 648/1/1543 622/1/1542 623/1/1542
f 624/1/1544 649/1/1545 611/1/1544
f 611/1/1544 614/1/1544 624/1/1544
f 647/1/1546 623/1/1547 625/1/1547
f 625/1/1547 650/1/1547 647/1/1546
f 626/1/1548 646/1/1548 649/1/1548
f 649/1/1548 624/1/1548 626/1/1548
f 627/1/1549 651/1/1549 650/1/1550
f 650/1/1550 625/1/1549 627/1/1549
f 643/1/1551 646/1/1551 626/1/1551
f 626/1/1551 628/1/1551 643/1/1551
f 629/1/1552 652/1/1552 651/1/1552
f 651/1/1552 627/1/1553 629/1/1552
f 630/1/1554 653/1/1555 643/1/1556
f 643/1/1556 628/1/1555 630/1/1554
f 654/1/1557 652/1/1558 629/1/1557
f 629/1/1557 631/1/1559 654/1/1557
f 632/1/1560 655/1/1560 653/1/1560
f 653/1/1560 630/1/1560 632/1/1560
f 633/1/1561 656/1/1561 654/1/1562
f 654/1/1562 631/1/1561 633/1/1561
f 657/1/1563 655/1/1564 632/1/1564
f 632/1/1564 634/1/1564 657/1/1563
f 635/1/1565 658/1/1566 656/1/1566
f 656/1/1566 633/1/1566 635/1/1565
f 636/1/1567 659/1/1567 657/1/1568
f 657/1/1568 634/1/1567 636/1/1567
f 660/1/1569 661/1/1569 620/1/1570
f 620/1/1570 637/1/1569 660/1/1569
f 662/1/1571 658/1/1572 635/1/1573
f 635/1/1573 638/1/1572 662/1/1571
f 639/1/1574 663/1/1574 659/1/1574
f 659/1/1574 636/1/1574 639/1/1574
f 640/1/1575 664/1/1576 660/1/1577
f 660/1/1577 637/1/1576 640/1/1575
f 641/1/1578 665/1/1579 662/1/1579
f 662/1/1579 638/1/1579 641/1/1578
f 663/1/1580 639/1/1580 642/1/1581
f 642/1/1581 666/1/1580 663/1/1580
f 581/1/1582 667/1/1583 664/1/1584
f 664/1/1584 640/1/1583 581/1/1582
f 616/1/1585 668/1/1586 665/1/1587
f 665/1/1587 641/1/1586 616/1/1585
f 618/1/1588 669/1/1588 666/1/1588
f 666/1/1588 642/1/1588 618/1/1588
f 670/1/1589 667/1/1589 581/1/1590
f 581/1/1590 580/1/1589 670/1/1589
f 671/1/1591 668/1/1591 616/1/1592
f 616/1/1592 615/1/1591 671/1/1591
f 617/1/1593 672/1/1594 669/1/1594
f 669/1/1594 618/1/1594 617/1/1593
f 619/1/1595 673/1/1595 670/1/1596
f 670/1/1596 580/1/1595 619/1/1595
f 661/1/1597 671/1/1598 615/1/1597
f 615/1/1597 620/1/1598 661/1/1597
f 672/1/1599 617/1/1600 621/1/1599
f 621/1/1599 674/1/1600 672/1/1599
f 613/1/1601 612/1/1602 673/1/1603
f 673/1/1603 619/1/1602 613/1/1601
f 622/1/1604 648/1/1604 674/1/1605
f 674/1/1605 621/1/1604 622/1/1604
f 675/1/1606 676/1/1607 677/1/1608
f 677/1/1608 678/1/1609 675/1/1606
f 652/1/1610 679/1/1610 680/1/1610
f 680/1/1610 651/1/1611 652/1/1610
f 681/1/1612 644/1/1612 643/1/1613
f 643/1/1613 653/1/1614 681/1/1612
f 654/1/1615 682/1/1616 679/1/1617
f 679/1/1617 652/1/1617 654/1/1615
f 655/1/1618 678/1/1619 681/1/1620
f 681/1/1620 653/1/1621 655/1/1618
f 682/1/1622 654/1/1623 656/1/1622
f 656/1/1622 683/1/1624 682/1/1622
f 657/1/1625 675/1/1626 678/1/1627
f 678/1/1627 655/1/1628 657/1/1625
f 658/1/1629 684/1/1629 683/1/1629
f 683/1/1629 656/1/1629 658/1/1629
f 675/1/1630 657/1/1630 659/1/1631
f 659/1/1631 685/1/1632 675/1/1630
f 661/1/1633 660/1/1634 686/1/1633
f 686/1/1633 687/1/1635 661/1/1633
f 662/1/1636 688/1/1636 684/1/1636
f 684/1/1636 658/1/1636 662/1/1636
f 663/1/1637 689/1/1638 685/1/1639
f 685/1/1639 659/1/1640 663/1/1637
f 664/1/1641 690/1/1641 686/1/1641
f 686/1/1641 660/1/1642 664/1/1641
f 691/1/1643 688/1/1644 662/1/1645
f 662/1/1645 665/1/1646 691/1/1643
f 666/1/1647 692/1/1647 689/1/1648
f 689/1/1648 663/1/1647 666/1/1647
f 667/1/1649 693/1/1650 690/1/1651
f 690/1/1651 664/1/1652 667/1/1649
f 668/1/1653 694/1/1654 691/1/1654
f 691/1/1654 665/1/1653 668/1/1653
f 695/1/1655 692/1/1656 666/1/1655
f 666/1/1655 669/1/1657 695/1/1655
f 670/1/1658 696/1/1659 693/1/1660
f 693/1/1660 667/1/1661 670/1/1658
f 671/1/1662 697/1/1663 694/1/1662
f 694/1/1662 668/1/1664 671/1/1662
f 672/1/1665 698/1/1666 695/1/1665
f 695/1/1665 669/1/1666 672/1/1665
f 696/1/1667 670/1/1668 673/1/1669
f 673/1/1669 699/1/1670 696/1/1667
f 687/1/1671 697/1/1672 671/1/1673
f 671/1/1673 661/1/1673 687/1/1671
f 674/1/1674 700/1/1674 698/1/1675
f 698/1/1675 672/1/1674 674/1/1674
f 612/1/1676 701/1/1677 699/1/1677
f 699/1/1677 673/1/1677 612/1/1676
f 702/1/1678 700/1/1679 674/1/1680
f 674/1/1680 648/1/1681 702/1/1678
f 611/1/1682 703/1/1683 701/1/1682
f 701/1/1682 612/1/1684 611/1/1682
f 647/1/1685 704/1/1686 702/1/1686
f 702/1/1686 648/1/1685 647/1/1685
f 705/1/1687 703/1/1688 611/1/1688
f 611/1/1688 649/1/1687 705/1/1687
f 650/1/1689 706/1/1689 704/1/1690
f 704/1/1690 647/1/1689 650/1/1689
f 646/1/1691 645/1/1692 705/1/1693
f 705/1/1693 649/1/1694 646/1/1691
f 706/1/1695 650/1/1696 651/1/1695
f 651/1/1695 680/1/1697 706/1/1695
f 707/1/1698 708/1/1698 709/1/1698
f 709/1/1698 710/1/1698 707/1/1698
f 683/1/1699 684/1/1700 711/1/1701
f 711/1/1701 712/1/1702 683/1/1699
f 685/1/1703 713/1/1704 676/1/1705
f 676/1/1705 675/1/1706 685/1/1703
f 687/1/1707 686/1/1707 714/1/1707
f 714/1/1707 715/1/1708 687/1/1707
f 711/1/1709 684/1/1710 688/1/1710
f 688/1/1710 716/1/1709 711/1/1709
f 685/1/1711 689/1/1712 710/1/1712
f 710/1/1712 713/1/1713 685/1/1711
f 714/1/1714 686/1/1715 690/1/1714
f 690/1/1714 717/1/1715 714/1/1714
f 691/1/1716 718/1/1716 716/1/1716
f 716/1/1716 688/1/1716 691/1/1716
f 710/1/1717 689/1/1717 692/1/1717
f 692/1/1717 707/1/1717 710/1/1717
f 719/1/1718 717/1/1719 690/1/1720
f 690/1/1720 693/1/1721 719/1/1718
f 691/1/1722 694/1/1723 720/1/1724
f 720/1/1724 718/1/1725 691/1/1722
f 695/1/1726 721/1/1726 707/1/1726
f 707/1/1726 692/1/1726 695/1/1726
f 696/1/1727 722/1/1727 719/1/1727
f 719/1/1727 693/1/1728 696/1/1727
f 720/1/1729 694/1/1729 697/1/1729
f 697/1/1729 723/1/1729 720/1/1729
f 695/1/1730 698/1/1730 724/1/1730
f 724/1/1730 721/1/1731 695/1/1730
f 699/1/1732 725/1/1733 722/1/1734
f 722/1/1734 696/1/1733 699/1/1732
f 697/1/1735 687/1/1736 715/1/1737
f 715/1/1737 723/1/1735 697/1/1735
f 724/1/1738 698/1/1739 700/1/1740
f 700/1/1740 726/1/1741 724/1/1738
f 727/1/1742 725/1/1743 699/1/1744
f 699/1/1744 701/1/1745 727/1/1742
f 702/1/1746 728/1/1746 726/1/1746
f 726/1/1746 700/1/1746 702/1/1746
f 703/1/1747 729/1/1748 727/1/1749
f 727/1/1749 701/1/1747 703/1/1747
f 702/1/1750 704/1/1751 730/1/1752
f 730/1/1752 728/1/1751 702/1/1750
f 705/1/1753 731/1/1754 729/1/1755
f 729/1/1755 703/1/1756 705/1/1753
f 730/1/1757 704/1/1758 706/1/1759
f 706/1/1759 732/1/1760 730/1/1757
f 705/1/1761 645/1/1762 733/1/1763
f 733/1/1763 731/1/1764 705/1/1761
f 680/1/1765 734/1/1766 732/1/1765
f 732/1/1765 706/1/1767 680/1/1765
f 733/1/1768 645/1/1769 644/1/1770
f 644/1/1770 735/1/1769 733/1/1768
f 680/1/1771 679/1/1772 736/1/1773
f 736/1/1773 734/1/1772 680/1/1771
f 737/1/1774 735/1/1775 644/1/1776
f 644/1/1776 681/1/1775 737/1/1774
f 736/1/1777 679/1/1778 682/1/1779
f 682/1/1779 738/1/1780 736/1/1777
f 737/1/1781 681/1/1781 678/1/1782
f 678/1/1782 677/1/1781 737/1/1781
f 683/1/1783 712/1/1784 738/1/1783
f 738/1/1783 682/1/1785 683/1/1783
f 739/1/1786 740/1/1786 741/1/1786
f 741/1/1786 742/1/1787 739/1/1786
f 719/1/1788 743/1/1788 744/1/1788
f 744/1/1788 717/1/1788 719/1/1788
f 720/1/1789 745/1/1790 746/1/1790
f 746/1/1790 718/1/1790 720/1/1789
f 708/1/1791 707/1/1792 721/1/1792
f 721/1/1792 747/1/1792 708/1/1791
f 719/1/1793 722/1/1793 748/1/1793
f 748/1/1793 743/1/1793 719/1/1793
f 723/1/1794 749/1/1794 745/1/1795
f 745/1/1795 720/1/1794 723/1/1794
f 724/1/1796 742/1/1797 747/1/1798
f 747/1/1798 721/1/1797 724/1/1796
f 748/1/1799 722/1/1799 725/1/1799
f 725/1/1799 750/1/1799 748/1/1799
f 751/1/1800 749/1/1801 723/1/1801
f 723/1/1801 715/1/1801 751/1/1800
f 726/1/1802 739/1/1803 742/1/1803
f 742/1/1803 724/1/1803 726/1/1802
f 727/1/1804 752/1/1804 750/1/1804
f 750/1/1804 725/1/1804 727/1/1804
f 739/1/1805 726/1/1805 728/1/1805
f 728/1/1805 753/1/1805 739/1/1805
f 727/1/1806 729/1/1806 754/1/1806
f 754/1/1806 752/1/1806 727/1/1806
f 730/1/1807 755/1/1808 753/1/1809
f 753/1/1809 728/1/1808 730/1/1807
f 754/1/1810 729/1/1811 731/1/1811
f 731/1/1811 756/1/1811 754/1/1810
f 732/1/1812 757/1/1813 755/1/1813
f 755/1/1813 730/1/1813 732/1/1812
f 733/1/1814 758/1/1814 756/1/1815
f 756/1/1815 731/1/1814 733/1/1814
f 757/1/1816 732/1/1817 734/1/1818
f 734/1/1818 759/1/1817 757/1/1816
f 735/1/1819 760/1/1819 758/1/1819
f 758/1/1819 733/1/1819 735/1/1819
f 736/1/1820 761/1/1821 759/1/1820
f 759/1/1820 734/1/1820 736/1/1820
f 735/1/1822 737/1/1822 762/1/1822
f 762/1/1822 760/1/1822 735/1/1822
f 738/1/1823 763/1/1824 761/1/1825
f 761/1/1825 736/1/1826 738/1/1823
f 764/1/1827 762/1/1827 737/1/1827
f 737/1/1827 677/1/1827 764/1/1827
f 763/1/1828 738/1/1829 712/1/1830
f 712/1/1830 765/1/1829 763/1/1828
f 764/1/1831 677/1/1831 676/1/1831
f 676/1/1831 766/1/1831 764/1/1831
f 711/1/1832 767/1/1833 765/1/1833
f 765/1/1833 712/1/1833 711/1/1832
f 766/1/1834 676/1/1834 713/1/1834
f 713/1/1834 768/1/1834 766/1/1834
f 714/1/1835 769/1/1835 751/1/1835
f 751/1/1835 715/1/1835 714/1/1835
f 716/1/1836 770/1/1837 767/1/1838
f 767/1/1838 711/1/1839 716/1/1836
f 710/1/1840 709/1/1840 768/1/1840
f 768/1/1840 713/1/1840 710/1/1840
f 769/1/1841 714/1/1841 717/1/1841
f 717/1/1841 744/1/1841 769/1/1841
f 770/1/1842 716/1/1843 718/1/1843
f 718/1/1843 746/1/1842 770/1/1842
f 771/1/1844 772/1/1844 773/1/1845
f 773/1/1845 774/1/1844 771/1/1844
f 775/1/1846 750/1/1847 752/1/1848
f 752/1/1848 776/1/1847 775/1/1846
f 753/1/1849 777/1/1850 740/1/1851
f 740/1/1851 739/1/1849 753/1/1849
f 754/1/1852 778/1/1853 776/1/1854
f 776/1/1854 752/1/1855 754/1/1852
f 777/1/1856 753/1/1857 755/1/1858
f 755/1/1858 774/1/1856 777/1/1856
f 756/1/1859 779/1/1860 778/1/1861
f 778/1/1861 754/1/1862 756/1/1859
f 757/1/1863 771/1/1864 774/1/1865
f 774/1/1865 755/1/1866 757/1/1863
f 779/1/1867 756/1/1868 758/1/1869
f 758/1/1869 780/1/1870 779/1/1867
f 759/1/1871 781/1/1872 771/1/1872
f 771/1/1872 757/1/1873 759/1/1871
f 760/1/1874 782/1/1875 780/1/1876
f 780/1/1876 758/1/1877 760/1/1874
f 781/1/1878 759/1/1879 761/1/1880
f 761/1/1880 783/1/1881 781/1/1878
f 762/1/1882 784/1/1883 782/1/1884
f 782/1/1884 760/1/1882 762/1/1882
f 763/1/1885 785/1/1886 783/1/1885
f 783/1/1885 761/1/1887 763/1/1885
f 784/1/1888 762/1/1889 764/1/1890
f 764/1/1890 786/1/1891 784/1/1888
f 765/1/1892 787/1/1893 785/1/1894
f 785/1/1894 763/1/1895 765/1/1892
f 766/1/1896 788/1/1897 786/1/1898
f 786/1/1898 764/1/1899 766/1/1896
f 787/1/1900 765/1/1901 767/1/1901
f 767/1/1901 789/1/1901 787/1/1900
f 768/1/1902 790/1/1903 788/1/1902
f 788/1/1902 766/1/1904 768/1/1902
f 751/1/1905 769/1/1905 791/1/1906
f 791/1/1906 792/1/1906 751/1/1905
f 770/1/1907 793/1/1908 789/1/1909
f 789/1/1909 767/1/1908 770/1/1907
f 790/1/1910 768/1/1911 709/1/1910
f 709/1/1910 794/1/1912 790/1/1910
f 744/1/1913 795/1/1914 791/1/1915
f 791/1/1915 769/1/1916 744/1/1913
f 746/1/1917 796/1/1918 793/1/1919
f 793/1/1919 770/1/1917 746/1/1917
f 708/1/1920 797/1/1921 794/1/1920
f 794/1/1920 709/1/1921 708/1/1920
f 795/1/1922 744/1/1923 743/1/1924
f 743/1/1924 798/1/1925 795/1/1922
f 796/1/1926 746/1/1927 745/1/1927
f 745/1/1927 799/1/1928 796/1/1926
f 747/1/1929 800/1/1929 797/1/1930
f 797/1/1930 708/1/1930 747/1/1929
f 748/1/1931 801/1/1932 798/1/1933
f 798/1/1933 743/1/1933 748/1/1931
f 749/1/1934 802/1/1934 799/1/1935
f 799/1/1935 745/1/1934 749/1/1934
f 800/1/1936 747/1/1937 742/1/1936
f 742/1/1936 741/1/1938 800/1/1936
f 750/1/1939 775/1/1940 801/1/1939
f 801/1/1939 748/1/1939 750/1/1939
f 792/1/1941 802/1/1942 749/1/1942
f 749/1/1942 751/1/1941 792/1/1941
f 803/1/1943 804/1/1944 805/1/1945
f 805/1/1945 806/1/1946 803/1/1943
f 780/1/1947 807/1/1948 808/1/1948
f 808/1/1948 779/1/1947 780/1/1947
f 781/1/1949 809/1/1949 772/1/1949
f 772/1/1949 771/1/1950 781/1/1949
f 782/1/1951 810/1/1951 807/1/1951
f 807/1/1951 780/1/1951 782/1/1951
f 783/1/1952 806/1/1953 809/1/1954
f 809/1/1954 781/1/1954 783/1/1952
f 811/1/1955 810/1/1956 782/1/1957
f 782/1/1957 784/1/1955 811/1/1955
f 785/1/1958 803/1/1959 806/1/1958
f 806/1/1958 783/1/1960 785/1/1958
f 786/1/1961 812/1/1961 811/1/1961
f 811/1/1961 784/1/1962 786/1/1961
f 813/1/1963 803/1/1963 785/1/1963
f 785/1/1963 787/1/1964 813/1/1963
f 812/1/1965 786/1/1966 788/1/1966
f 788/1/1966 814/1/1967 812/1/1965
f 815/1/1968 813/1/1969 787/1/1970
f 787/1/1970 789/1/1971 815/1/1968
f 790/1/1972 816/1/1973 814/1/1974
f 814/1/1974 788/1/1974 790/1/1972
f 817/1/1975 792/1/1976 791/1/1975
f 791/1/1975 818/1/1977 817/1/1975
f 819/1/1978 815/1/1979 789/1/1980
f 789/1/1980 793/1/1981 819/1/1978
f 794/1/1982 820/1/1982 816/1/1982
f 816/1/1982 790/1/1983 794/1/1982
f 818/1/1984 791/1/1984 795/1/1984
f 795/1/1984 821/1/1985 818/1/1984
f 819/1/1986 793/1/1987 796/1/1987
f 796/1/1987 822/1/1988 819/1/1986
f 797/1/1989 823/1/1989 820/1/1990
f 820/1/1990 794/1/1989 797/1/1989
f 798/1/1991 824/1/1991 821/1/1991
f 821/1/1991 795/1/1992 798/1/1991
f 799/1/1993 825/1/1993 822/1/1993
f 822/1/1993 796/1/1993 799/1/1993
f 800/1/1994 826/1/1994 823/1/1994
f 823/1/1994 797/1/1995 800/1/1994
f 824/1/1996 798/1/1997 801/1/1998
f 801/1/1998 827/1/1999 824/1/1996
f 802/1/2000 828/1/2001 825/1/2000
f 825/1/2000 799/1/2002 802/1/2000
f 741/1/2003 829/1/2003 826/1/2003
f 826/1/2003 800/1/2003 741/1/2003
f 775/1/2004 830/1/2005 827/1/2004
f 827/1/2004 801/1/2006 775/1/2004
f 817/1/2007 828/1/2008 802/1/2007
f 802/1/2007 792/1/2009 817/1/2007
f 740/1/2010 831/1/2010 829/1/2010
f 829/1/2010 741/1/2010 740/1/2010
f 776/1/2011 832/1/2011 830/1/2012
f 830/1/2012 775/1/2011 776/1/2011
f 777/1/2013 833/1/2014 831/1/2013
f 831/1/2013 740/1/2015 777/1/2013
f 832/1/2016 776/1/2016 778/1/2016
f 778/1/2016 834/1/2016 832/1/2016
f 774/1/2017 773/1/2018 833/1/2018
f 833/1/2018 777/1/2019 774/1/2017
f 808/1/2020 834/1/2021 778/1/2021
f 778/1/2021 779/1/2021 808/1/2020
f 835/1/2022 836/1/2023 837/1/2024
f 837/1/2024 838/1/2025 835/1/2022
f 839/1/2026 840/1/2026 811/1/2026
f 811/1/2026 812/1/2026 839/1/2026
f 841/1/2027 804/1/2028 803/1/2029
f 803/1/2029 813/1/2030 841/1/2027
f 814/1/2031 842/1/2031 839/1/2031
f 839/1/2031 812/1/2031 814/1/2031
f 843/1/2032 841/1/2032 813/1/2033
f 813/1/2033 815/1/2032 843/1/2032
f 816/1/2034 844/1/2034 842/1/2034
f 842/1/2034 814/1/2034 816/1/2034
f 817/1/2035 818/1/2035 845/1/2035
f 845/1/2035 846/1/2035 817/1/2035
f 819/1/2036 847/1/2037 843/1/2038
f 843/1/2038 815/1/2037 819/1/2036
f 844/1/2039 816/1/2039 820/1/2039
f 820/1/2039 848/1/2039 844/1/2039
f 821/1/2040 849/1/2040 845/1/2040
f 845/1/2040 818/1/2040 821/1/2040
f 847/1/2041 819/1/2042 822/1/2042
f 822/1/2042 850/1/2042 847/1/2041
f 823/1/2043 851/1/2043 848/1/2043
f 848/1/2043 820/1/2043 823/1/2043
f 824/1/2044 852/1/2044 849/1/2044
f 849/1/2044 821/1/2044 824/1/2044
f 853/1/2045 850/1/2045 822/1/2045
f 822/1/2045 825/1/2045 853/1/2045
f 836/1/2046 851/1/2046 823/1/2046
f 823/1/2046 826/1/2046 836/1/2046
f 827/1/2047 854/1/2047 852/1/2047
f 852/1/2047 824/1/2047 827/1/2047
f 828/1/2048 855/1/2048 853/1/2048
f 853/1/2048 825/1/2048 828/1/2048
f 836/1/2049 826/1/2049 829/1/2049
f 829/1/2049 837/1/2049 836/1/2049
f 830/1/2050 856/1/2050 854/1/2050
f 854/1/2050 827/1/2050 830/1/2050
f 846/1/2051 855/1/2051 828/1/2051
f 828/1/2051 817/1/2051 846/1/2051
f 831/1/2052 857/1/2052 837/1/2053
f 837/1/2053 829/1/2052 831/1/2052
f 856/1/2054 830/1/2055 832/1/2054
f 832/1/2054 858/1/2054 856/1/2054
f 857/1/2056 831/1/2056 833/1/2056
f 833/1/2056 859/1/2056 857/1/2056
f 834/1/2057 860/1/2057 858/1/2057
f 858/1/2057 832/1/2057 834/1/2057
f 859/1/2058 833/1/2058 773/1/2059
f 773/1/2059 861/1/2058 859/1/2058
f 862/1/2060 860/1/2060 834/1/2061
f 834/1/2061 808/1/2060 862/1/2060
f 863/1/2062 861/1/2063 773/1/2063
f 773/1/2063 772/1/2063 863/1/2062
f 864/1/2064 862/1/2064 808/1/2065
f 808/1/2065 807/1/2064 864/1/2064
f 809/1/2066 865/1/2067 863/1/2067
f 863/1/2067 772/1/2067 809/1/2066
f 810/1/2068 866/1/2068 864/1/2068
f 864/1/2068 807/1/2068 810/1/2068
f 865/1/2069 809/1/2070 806/1/2071
f 806/1/2071 805/1/2072 865/1/2069
f 810/1/2073 811/1/2074 840/1/2073
f 840/1/2073 866/1/2073 810/1/2073
f 867/1/2075 868/1/2076 869/1/2076
f 869/1/2076 870/1/2077 867/1/2075
f 856/1/2078 871/1/2079 872/1/2080
f 872/1/2080 854/1/2081 856/1/2078
f 855/1/2082 846/1/2083 873/1/2083
f 873/1/2083 874/1/2083 855/1/2082
f 875/1/2084 838/1/2085 837/1/2086
f 837/1/2086 857/1/2087 875/1/2084
f 856/1/2088 858/1/2088 876/1/2088
f 876/1/2088 871/1/2088 856/1/2088
f 859/1/2089 868/1/2090 875/1/2091
f 875/1/2091 857/1/2090 859/1/2089
f 877/1/2092 876/1/2092 858/1/2092
f 858/1/2092 860/1/2092 877/1/2092
f 861/1/2093 869/1/2094 868/1/2094
f 868/1/2094 859/1/2093 861/1/2093
f 862/1/2095 878/1/2096 877/1/2097
f 877/1/2097 860/1/2098 862/1/2095
f 869/1/2099 861/1/2100 863/1/2101
f 863/1/2101 879/1/2099 869/1/2099
f 864/1/2102 880/1/2103 878/1/2102
f 878/1/2102 862/1/2104 864/1/2102
f 865/1/2105 881/1/2106 879/1/2107
f 879/1/2107 863/1/2106 865/1/2105
f 864/1/2108 866/1/2108 882/1/2109
f 882/1/2109 880/1/2109 864/1/2108
f 865/1/2110 805/1/2110 883/1/2111
f 883/1/2111 881/1/2110 865/1/2110
f 840/1/2112 884/1/2112 882/1/2112
f 882/1/2112 866/1/2112 840/1/2112
f 885/1/2113 883/1/2114 805/1/2115
f 805/1/2115 804/1/2116 885/1/2113
f 886/1/2117 884/1/2117 840/1/2117
f 840/1/2117 839/1/2117 886/1/2117
f 885/1/2118 804/1/2119 841/1/2120
f 841/1/2120 887/1/2121 885/1/2118
f 888/1/2122 886/1/2122 839/1/2122
f 839/1/2122 842/1/2122 888/1/2122
f 843/1/2123 889/1/2124 887/1/2124
f 887/1/2124 841/1/2125 843/1/2123
f 842/1/2126 844/1/2126 890/1/2126
f 890/1/2126 888/1/2126 842/1/2126
f 891/1/2127 873/1/2128 846/1/2128
f 846/1/2128 845/1/2129 891/1/2127
f 843/1/2130 847/1/2130 892/1/2130
f 892/1/2130 889/1/2131 843/1/2130
f 890/1/2132 844/1/2133 848/1/2133
f 848/1/2133 893/1/2134 890/1/2132
f 891/1/2135 845/1/2136 849/1/2137
f 849/1/2137 894/1/2136 891/1/2135
f 850/1/2138 895/1/2139 892/1/2138
f 892/1/2138 847/1/2140 850/1/2138
f 848/1/2141 851/1/2142 896/1/2141
f 896/1/2141 893/1/2143 848/1/2141
f 849/1/2144 852/1/2144 897/1/2144
f 897/1/2144 894/1/2144 849/1/2144
f 898/1/2145 895/1/2146 850/1/2147
f 850/1/2147 853/1/2148 898/1/2145
f 836/1/2149 835/1/2149 896/1/2149
f 896/1/2149 851/1/2150 836/1/2149
f 872/1/2151 897/1/2152 852/1/2152
f 852/1/2152 854/1/2152 872/1/2151
f 874/1/2153 898/1/2154 853/1/2154
f 853/1/2154 855/1/2154 874/1/2153
f 899/1/2155 900/1/2156 901/1/2157
f 901/1/2157 902/1/2156 899/1/2155
f 903/1/2158 877/1/2159 878/1/2160
f 878/1/2160 904/1/2161 903/1/2158
f 869/1/2162 879/1/2163 905/1/2164
f 905/1/2164 870/1/2164 869/1/2162
f 906/1/2165 904/1/2166 878/1/2167
f 878/1/2167 880/1/2168 906/1/2165
f 900/1/2169 905/1/2170 879/1/2171
f 879/1/2171 881/1/2172 900/1/2169
f 880/1/2173 882/1/2174 907/1/2175
f 907/1/2175 906/1/2176 880/1/2173
f 883/1/2177 901/1/2178 900/1/2179
f 900/1/2179 881/1/2180 883/1/2177
f 908/1/2181 907/1/2182 882/1/2181
f 882/1/2181 884/1/2183 908/1/2181
f 885/1/2184 909/1/2185 901/1/2186
f 901/1/2186 883/1/2187 885/1/2184
f 886/1/2188 910/1/2189 908/1/2190
f 908/1/2190 884/1/2191 886/1/2188
f 909/1/2192 885/1/2193 887/1/2194
f 887/1/2194 911/1/2195 909/1/2192
f 888/1/2196 912/1/2197 910/1/2197
f 910/1/2197 886/1/2198 888/1/2196
f 911/1/2199 887/1/2200 889/1/2201
f 889/1/2201 913/1/2202 911/1/2199
f 912/1/2203 888/1/2203 890/1/2204
f 890/1/2204 914/1/2203 912/1/2203
f 915/1/2205 916/1/2206 873/1/2206
f 873/1/2206 891/1/2205 915/1/2205
f 889/1/2207 892/1/2208 917/1/2209
f 917/1/2209 913/1/2209 889/1/2207
f 918/1/2210 914/1/2211 890/1/2212
f 890/1/2212 893/1/2211 918/1/2210
f 919/1/2213 915/1/2214 891/1/2215
f 891/1/2215 894/1/2216 919/1/2213
f 920/1/2217 917/1/2218 892/1/2217
f 892/1/2217 895/1/2217 920/1/2217
f 893/1/2219 896/1/2219 921/1/2219
f 921/1/2219 918/1/2219 893/1/2219
f 897/1/2220 922/1/2220 919/1/2221
f 919/1/2221 894/1/2221 897/1/2220
f 898/1/2222 923/1/2223 920/1/2224
f 920/1/2224 895/1/2222 898/1/2222
f 924/1/2225 921/1/2225 896/1/2225
f 896/1/2225 835/1/2225 924/1/2225
f 922/1/2226 897/1/2227 872/1/2226
f 872/1/2226 925/1/2227 922/1/2226
f 874/1/2228 926/1/2228 923/1/2228
f 923/1/2228 898/1/2229 874/1/2228
f 838/1/2230 927/1/2231 924/1/2230
f 924/1/2230 835/1/2231 838/1/2230
f 928/1/2232 925/1/2233 872/1/2234
f 872/1/2234 871/1/2232 928/1/2232
f 926/1/2235 874/1/2236 873/1/2235
f 873/1/2235 916/1/2236 926/1/2235
f 875/1/2237 929/1/2237 927/1/2237
f 927/1/2237 838/1/2237 875/1/2237
f 876/1/2238 930/1/2239 928/1/2240
f 928/1/2240 871/1/2241 876/1/2238
f 929/1/2242 875/1/2242 868/1/2242
f 868/1/2242 867/1/2243 929/1/2242
f 877/1/2244 903/1/2245 930/1/2246
f 930/1/2246 876/1/2247 877/1/2244
f 931/1/2248 932/1/2248 933/1/2248
f 931/1/2248 933/1/2248 934/1/2248
f 934/1/2248 935/1/2248 936/1/2248
f 934/1/2248 936/1/2248 937/1/2249
f 931/1/2248 934/1/2248 937/1/2249
f 937/1/2249 938/1/2248 939/1/2250
f 937/1/2249 939/1/2250 940/1/2251
f 941/1/2248 942/1/2248 943/1/2252
f 940/1/2251 941/1/2248 943/1/2252
f 937/1/2249 940/1/2251 943/1/2252
f 931/1/2248 937/1/2249 943/1/2252
f 943/1/2252 944/1/2248 945/1/2248
f 943/1/2252 945/1/2248 946/1/2253
f 947/1/2253 948/1/2254 949/1/2255
f 946/1/2253 947/1/2253 949/1/2255
f 943/1/2252 946/1/2253 949/1/2255
f 931/1/2248 943/1/2252 949/1/2255
f 949/1/2255 950/1/2256 951/1/2248
f 949/1/2255 951/1/2248 952/1/2257
f 949/1/2255 952/1/2257 899/1/2258
f 931/1/2248 949/1/2255 899/1/2258
f 953/1/2248 954/1/2248 955/1/2248
f 902/1/2248 953/1/2248 955/1/2248
f 899/1/2258 902/1/2248 955/1/2248
f 899/1/2258 955/1/2248 956/1/2253
f 931/1/2248 899/1/2258 956/1/2253
f 956/1/2253 957/1/2248 958/1/2253
f 956/1/2253 958/1/2253 959/1/2259
f 956/1/2253 959/1/2259 960/1/2248
f 931/1/2248 956/1/2253 960/1/2248
f 908/1/2260 941/1/2260 940/1/2260
f 940/1/2260 907/1/2260 908/1/2260
f 953/1/2261 902/1/2262 901/1/2263
f 901/1/2263 909/1/2262 953/1/2261
f 941/1/2264 908/1/2264 910/1/2264
f 910/1/2264 942/1/2264 941/1/2264
f 909/1/2265 911/1/2265 954/1/2265
f 954/1/2265 953/1/2265 909/1/2265
f 943/1/2266 942/1/2266 910/1/2266
f 910/1/2266 912/1/2266 943/1/2266
f 955/1/2267 954/1/2267 911/1/2268
f 911/1/2268 913/1/2267 955/1/2267
f 912/1/2269 914/1/2269 944/1/2269
f 944/1/2269 943/1/2269 912/1/2269
f 931/1/2270 960/1/2270 916/1/2270
f 916/1/2270 915/1/2270 931/1/2270
f 917/1/2271 956/1/2271 955/1/2271
f 955/1/2271 913/1/2271 917/1/2271
f 945/1/2272 944/1/2272 914/1/2272
f 914/1/2272 918/1/2272 945/1/2272
f 915/1/2273 919/1/2273 932/1/2273
f 932/1/2273 931/1/2273 915/1/2273
f 920/1/2274 957/1/2274 956/1/2274
f 956/1/2274 917/1/2274 920/1/2274
f 921/1/2275 946/1/2275 945/1/2275
f 945/1/2275 918/1/2275 921/1/2275
f 933/1/2276 932/1/2276 919/1/2276
f 919/1/2276 922/1/2276 933/1/2276
f 957/1/2277 920/1/2277 923/1/2278
f 923/1/2278 958/1/2277 957/1/2277
f 924/1/2279 947/1/2279 946/1/2279
f 946/1/2279 921/1/2279 924/1/2279
f 925/1/2280 934/1/2280 933/1/2280
f 933/1/2280 922/1/2280 925/1/2280
f 959/1/2281 958/1/2281 923/1/2281
f 923/1/2281 926/1/2281 959/1/2281
f 947/1/2282 924/1/2282 927/1/2282
f 927/1/2282 948/1/2282 947/1/2282
f 928/1/2283 935/1/2283 934/1/2283
f 934/1/2283 925/1/2283 928/1/2283
f 916/1/2284 960/1/2284 959/1/2284
f 959/1/2284 926/1/2284 916/1/2284
f 949/1/2285 948/1/2285 927/1/2285
f 927/1/2285 929/1/2285 949/1/2285
f 935/1/2286 928/1/2286 930/1/2286
f 930/1/2286 936/1/2286 935/1/2286
f 929/1/2287 867/1/2287 950/1/2287
f 950/1/2287 949/1/2287 929/1/2287
f 937/1/2288 936/1/2288 930/1/2288
f 930/1/2288 903/1/2288 937/1/2288
f 951/1/2289 950/1/2289 867/1/2289
f 867/1/2289 870/1/2289 951/1/2289
f 903/1/2290 904/1/2290 938/1/2290
f 938/1/2290 937/1/2290 903/1/2290
f 905/1/2291 952/1/2292 951/1/2293
f 951/1/2293 870/1/2292 905/1/2291
f 939/1/2294 938/1/2295 904/1/2294
f 904/1/2294 906/1/2294 939/1/2294
f 900/1/2296 899/1/2297 952/1/2298
f 952/1/2298 905/1/2297 900/1/2296
f 907/1/2299 940/1/2299 939/1/2299
f 939/1/2299 906/1/2299 907/1/2299
f 961/1/1 962/1/1 963/1/1
f 963/1/1 964/1/1 965/1/1
f 961/1/1 963/1/1 965/1/1
f 965/1/1 966/1/1 967/1/1
f 967/1/1 968/1/1 969/1/1
f 965/1/1 967/1/1 969/1/1
f 961/1/1 965/1/1 969/1/1
f 969/1/1 970/1/1 971/1/1
f 971/1/1 972/1/1 973/1/1
f 969/1/1 971/1/1 973/1/1
f 973/1/1 974/1/1 975/1/1
f 975/1/1 976/1/1 977/1/1
f 973/1/1 975/1/1 977/1/1
f 969/1/1 973/1/1 977/1/1
f 977/1/1 978/1/1 979/1/1
f 979/1/1 980/1/1 981/1/1
f 977/1/1 979/1/1 981/1/1
f 981/1/1 982/1/1 983/1/1
f 983/1/1 984/1/1 985/1/1
f 981/1/1 983/1/1 985/1/1
f 977/1/1 981/1/1 985/1/1
f 969/1/1 977/1/1 985/1/1
f 961/1/1 969/1/1 985/1/1
f 986/1/1 987/1/1 988/1/1
f 985/1/1 986/1/1 988/1/1
f 985/1/1 988/1/1 989/1/1
f 961/1/1 985/1/1 989/1/1
f 990/1/1 961/1/1 989/1/1
f 990/1/1 989/1/1 991/1/1
f 990/1/1 991/1/1 992/1/1
f 993/1/111 994/1/111 995/1/111
f 995/1/111 996/1/111 997/1/111
f 993/1/111 995/1/111 997/1/111
f 997/1/111 998/1/111 999/1/111
f 999/1/111 1000/1/111 1001/1/111
f 997/1/111 999/1/111 1001/1/111
f 993/1/111 997/1/111 1001/1/111
f 1001/1/111 1002/1/111 1003/1/111
f 1003/1/111 1004/1/111 1005/1/111
f 1001/1/111 1003/1/111 1005/1/111
f 1005/1/111 1006/1/111 1007/1/111
f 1007/1/111 1008/1/111 1009/1/111
f 1005/1/111 1007/1/111 1009/1/111
f 1001/1/111 1005/1/111 1009/1/111
f 993/1/111 1001/1/111 1009/1/111
f 1009/1/111 1010/1/111 1011/1/111
f 1011/1/111 1012/1/111 1013/1/111
f 1009/1/111 1011/1/111 1013/1/111
f 1013/1/111 1014/1/111 1015/1/111
f 1015/1/111 1016/1/111 1017/1/111
f 1013/1/111 1015/1/111 1017/1/111
f 1009/1/111 1013/1/111 1017/1/111
f 1017/1/111 1018/1/111 1019/1/111
f 1019/1/111 1020/1/111 1021/1/111
f 1017/1/111 1019/1/111 1021/1/111
f 1021/1/111 1022/1/111 1023/1/111
f 1021/1/111 1023/1/111 1024/1/111
f 1017/1/111 1021/1/111 1024/1/111
f 1009/1/111 1017/1/111 1024/1/111
f 993/1/111 1009/1/111 1024/1/111
f 986/1/2300 999/1/2301 998/1/2302
f 998/1/2302 987/1/2303 986/1/2300
f 972/1/2304 1013/1/2304 1012/1/2305
f 1012/1/2305 973/1/2304 972/1/2304
f 1000/1/2306 999/1/2307 986/1/2308
f 986/1/2308 985/1/2309 1000/1/2306
f 971/1/2310 1014/1/2311 1013/1/2312
f 1013/1/2312 972/1/2313 971/1/2310
f 1000/1/2314 985/1/2315 984/1/2315
f 984/1/2315 1001/1/2315 1000/1/2314
f 970/1/2316 1015/1/2317 1014/1/2318
f 1014/1/2318 971/1/2319 970/1/2316
f 984/1/2320 983/1/2321 1002/1/2322
f 1002/1/2322 1001/1/2320 984/1/2320
f 969/1/2323 1016/1/2324 1015/1/2325
f 1015/1/2325 970/1/2323 969/1/2323
f 982/1/2326 1003/1/2327 1002/1/2326
f 1002/1/2326 983/1/2326 982/1/2326
f 968/1/2328 1017/1/2329 1016/1/2329
f 1016/1/2329 969/1/2330 968/1/2328
f 981/1/2331 1004/1/2332 1003/1/2331
f 1003/1/2331 982/1/2331 981/1/2331
f 967/1/2333 1018/1/2334 1017/1/2333
f 1017/1/2333 968/1/2334 967/1/2333
f 980/1/2335 1005/1/2336 1004/1/2336
f 1004/1/2336 981/1/2337 980/1/2335
f 966/1/2338 1019/1/2339 1018/1/2340
f 1018/1/2340 967/1/2341 966/1/2338
f 979/1/2342 1006/1/2342 1005/1/2343
f 1005/1/2343 980/1/2344 979/1/2342
f 1024/1/2345 961/1/2346 990/1/2345
f 990/1/2345 993/1/2347 1024/1/2345
f 965/1/2348 1020/1/2349 1019/1/2350
f 1019/1/2350 966/1/2351 965/1/2348
f 978/1/2352 1007/1/2353 1006/1/2354
f 1006/1/2354 979/1/2355 978/1/2352
f 993/1/2356 990/1/2357 992/1/2358
f 992/1/2358 994/1/2359 993/1/2356
f 964/1/2360 1021/1/2361 1020/1/2362
f 1020/1/2362 965/1/2363 964/1/2360
f 977/1/2364 1008/1/2365 1007/1/2366
f 1007/1/2366 978/1/2367 977/1/2364
f 994/1/2368 992/1/2369 991/1/2370
f 991/1/2370 995/1/2369 994/1/2368
f 963/1/2371 1022/1/2372 1021/1/2373
f 1021/1/2373 964/1/2371 963/1/2371
f 976/1/2374 1009/1/2374 1008/1/2375
f 1008/1/2375 977/1/2374 976/1/2374
f 991/1/2376 989/1/2377 996/1/2378
f 996/1/2378 995/1/2379 991/1/2376
f 962/1/2380 1023/1/2381 1022/1/2382
f 1022/1/2382 963/1/2383 962/1/2380
f 975/1/2384 1010/1/2385 1009/1/2386
f 1009/1/2386 976/1/2387 975/1/2384
f 988/1/2388 997/1/2389 996/1/2389
f 996/1/2389 989/1/2390 988/1/2388
f 962/1/2391 961/1/2392 1024/1/2393
f 1024/1/2393 1023/1/2391 962/1/2391
f 974/1/2394 1011/1/2395 1010/1/2396
f 1010/1/2396 975/1/2397 974/1/2394
f 998/1/2398 997/1/2399 988/1/2399
f 988/1/2399 987/1/2398 998/1/2398
f 973/1/2400 1012/1/2401 1011/1/2402
f 1011/1/2402 974/1/2401 973/1/2400
f 1025/1/1 1026/1/1 1027/1/1
f 1027/1/1 1028/1/1 1029/1/1
f 1025/1/1 1027/1/1 1029/1/1
f 1029/1/1 1030/1/1 1031/1/1
f 1031/1/1 1032/1/1 1033/1/1
f 1029/1/1 1031/1/1 1033/1/1
f 1025/1/1 1029/1/1 1033/1/1
f 1033/1/1 1034/1/1 1035/1/1
f 1035/1/1 1036/1/1 1037/1/1
f 1033/1/1 1035/1/1 1037/1/1
f 1037/1/1 1038/1/1 1039/1/1
f 1039/1/1 1040/1/1 1041/1/1
f 1037/1/1 1039/1/1 1041/1/1
f 1033/1/1 1037/1/1 1041/1/1
f 1041/1/1 1042/1/1 1043/1/1
f 1043/1/1 1044/1/1 1045/1/1
f 1041/1/1 1043/1/1 1045/1/1
f 1045/1/1 1046/1/1 1047/1/1
f 1047/1/1 1048/1/1 1049/1/1
f 1045/1/1 1047/1/1 1049/1/1
f 1041/1/1 1045/1/1 1049/1/1
f 1033/1/1 1041/1/1 1049/1/1
f 1025/1/1 1033/1/1 1049/1/1
f 1050/1/1 1051/1/1 1052/1/1
f 1049/1/1 1050/1/1 1052/1/1
f 1049/1/1 1052/1/1 1053/1/1
f 1025/1/1 1049/1/1 1053/1/1
f 1054/1/1 1025/1/1 1053/1/1
f 1054/1/1 1053/1/1 1055/1/1
f 1054/1/1 1055/1/1 1056/1/1
f 1057/1/129 1058/1/129 1059/1/129
f 1059/1/129 1060/1/129 1057/1/129
f 1061/1/2403 1049/1/2404 1048/1/2405
f 1048/1/2405 1062/1/2406 1061/1/2403
f 1034/1/2407 1063/1/2407 1064/1/2407
f 1064/1/2407 1035/1/2407 1034/1/2407
f 1048/1/2408 1047/1/2409 1065/1/2410
f 1065/1/2410 1062/1/2408 1048/1/2408
f 1033/1/2411 1066/1/2412 1063/1/2411
f 1063/1/2411 1034/1/2413 1033/1/2411
f 1046/1/2414 1067/1/2414 1065/1/2415
f 1065/1/2415 1047/1/2416 1046/1/2414
f 1032/1/2417 1068/1/2418 1066/1/2419
f 1066/1/2419 1033/1/2420 1032/1/2417
f 1045/1/2421 1069/1/2422 1067/1/2423
f 1067/1/2423 1046/1/2423 1045/1/2421
f 1031/1/2424 1070/1/2424 1068/1/2425
f 1068/1/2425 1032/1/2424 1031/1/2424
f 1044/1/2426 1071/1/2427 1069/1/2428
f 1069/1/2428 1045/1/2429 1044/1/2426
f 1030/1/2430 1072/1/2430 1070/1/2431
f 1070/1/2431 1031/1/2432 1030/1/2430
f 1043/1/2433 1073/1/2434 1071/1/2435
f 1071/1/2435 1044/1/2436 1043/1/2433
f 1074/1/2437 1025/1/2438 1054/1/2439
f 1054/1/2439 1075/1/2440 1074/1/2437
f 1029/1/2441 1076/1/2442 1072/1/2443
f 1072/1/2443 1030/1/2443 1029/1/2441
f 1042/1/2444 1077/1/2444 1073/1/2445
f 1073/1/2445 1043/1/2446 1042/1/2444
f 1075/1/2447 1054/1/2448 1056/1/2448
f 1056/1/2448 1078/1/2448 1075/1/2447
f 1028/1/2449 1079/1/2449 1076/1/2449
f 1076/1/2449 1029/1/2450 1028/1/2449
f 1041/1/2451 1080/1/2452 1077/1/2453
f 1077/1/2453 1042/1/2453 1041/1/2451
f 1078/1/2454 1056/1/2455 1055/1/2455
f 1055/1/2455 1060/1/2456 1078/1/2454
f 1027/1/2457 1081/1/2458 1079/1/2458
f 1079/1/2458 1028/1/2457 1027/1/2457
f 1040/1/2459 1082/1/2460 1080/1/2461
f 1080/1/2461 1041/1/2460 1040/1/2459
f 1055/1/2462 1053/1/2463 1057/1/2464
f 1057/1/2464 1060/1/2465 1055/1/2462
f 1026/1/2466 1083/1/2467 1081/1/2468
f 1081/1/2468 1027/1/2468 1026/1/2466
f 1039/1/2469 1084/1/2469 1082/1/2469
f 1082/1/2469 1040/1/2469 1039/1/2469
f 1052/1/2470 1085/1/2471 1057/1/2472
f 1057/1/2472 1053/1/2470 1052/1/2470
f 1026/1/2473 1025/1/2474 1074/1/2473
f 1074/1/2473 1083/1/2474 1026/1/2473
f 1038/1/2475 1086/1/2476 1084/1/2477
f 1084/1/2477 1039/1/2478 1038/1/2475
f 1087/1/2479 1085/1/2480 1052/1/2481
f 1052/1/2481 1051/1/2482 1087/1/2479
f 1037/1/2483 1088/1/2484 1086/1/2485
f 1086/1/2485 1038/1/2486 1037/1/2483
f 1050/1/2487 1089/1/2488 1087/1/2488
f 1087/1/2488 1051/1/2489 1050/1/2487
f 1036/1/2490 1090/1/2490 1088/1/2491
f 1088/1/2491 1037/1/2492 1036/1/2490
f 1061/1/2493 1089/1/2494 1050/1/2493
f 1050/1/2493 1049/1/2495 1061/1/2493
f 1035/1/2496 1064/1/2497 1090/1/2497
f 1090/1/2497 1036/1/2498 1035/1/2496
f 1091/1/111 1092/1/111 1059/1/111
f 1059/1/111 1058/1/111 1093/1/111
f 1091/1/111 1059/1/111 1093/1/111
f 1093/1/111 1094/1/111 1095/1/111
f 1093/1/111 1095/1/111 1096/1/111
f 1091/1/111 1093/1/111 1096/1/111
f 1091/1/111 1096/1/111 1097/1/111
f 1097/1/111 1098/1/111 1099/1/111
f 1099/1/111 1100/1/111 1101/1/111
f 1097/1/111 1099/1/111 1101/1/111
f 1101/1/111 1102/1/111 1103/1/111
f 1103/1/111 1104/1/111 1105/1/111
f 1101/1/111 1103/1/111 1105/1/111
f 1097/1/111 1101/1/111 1105/1/111
f 1105/1/111 1106/1/111 1107/1/111
f 1107/1/111 1108/1/111 1109/1/111
f 1105/1/111 1107/1/111 1109/1/111
f 1109/1/111 1110/1/111 1111/1/111
f 1111/1/111 1112/1/111 1113/1/111
f 1109/1/111 1111/1/111 1113/1/111
f 1105/1/111 1109/1/111 1113/1/111
f 1097/1/111 1105/1/111 1113/1/111
f 1113/1/111 1114/1/111 1115/1/111
f 1115/1/111 1116/1/111 1117/1/111
f 1113/1/111 1115/1/111 1117/1/111
f 1117/1/111 1118/1/111 1119/1/111
f 1117/1/111 1119/1/111 1120/1/111
f 1113/1/111 1117/1/111 1120/1/111
f 1097/1/111 1113/1/111 1120/1/111
f 1091/1/111 1097/1/111 1120/1/111
f 1083/1/2499 1119/1/2499 1118/1/2499
f 1118/1/2499 1081/1/2499 1083/1/2499
f 1084/1/2500 1106/1/2500 1105/1/2500
f 1105/1/2500 1082/1/2500 1084/1/2500
f 1085/1/2501 1093/1/2501 1058/1/2501
f 1058/1/2501 1057/1/2501 1085/1/2501
f 1083/1/2502 1074/1/2502 1120/1/2502
f 1120/1/2502 1119/1/2502 1083/1/2502
f 1086/1/2503 1107/1/2503 1106/1/2503
f 1106/1/2503 1084/1/2503 1086/1/2503
f 1087/1/2504 1094/1/2504 1093/1/2504
f 1093/1/2504 1085/1/2504 1087/1/2504
f 1088/1/139 1108/1/139 1107/1/139
f 1107/1/139 1086/1/139 1088/1/139
f 1089/1/2505 1095/1/140 1094/1/2505
f 1094/1/2505 1087/1/2505 1089/1/2505
f 1090/1/2506 1109/1/2506 1108/1/2506
f 1108/1/2506 1088/1/2506 1090/1/2506
f 1061/1/2507 1096/1/2507 1095/1/2507
f 1095/1/2507 1089/1/2508 1061/1/2507
f 1064/1/2509 1110/1/2509 1109/1/2509
f 1109/1/2509 1090/1/2509 1064/1/2509
f 1062/1/2510 1097/1/2510 1096/1/2511
f 1096/1/2511 1061/1/2512 1062/1/2510
f 1063/1/145 1111/1/145 1110/1/145
f 1110/1/145 1064/1/145 1063/1/145
f 1065/1/2513 1098/1/2514 1097/1/2513
f 1097/1/2513 1062/1/2514 1065/1/2513
f 1066/1/2515 1112/1/2516 1111/1/2515
f 1111/1/2515 1063/1/2516 1066/1/2515
f 1067/1/2517 1099/1/2518 1098/1/2517
f 1098/1/2517 1065/1/2517 1067/1/2517
f 1068/1/2519 1113/1/2519 1112/1/2519
f 1112/1/2519 1066/1/2519 1068/1/2519
f 1069/1/2520 1100/1/2520 1099/1/2520
f 1099/1/2520 1067/1/2520 1069/1/2520
f 1070/1/2521 1114/1/113 1113/1/2522
f 1113/1/2522 1068/1/2521 1070/1/2521
f 1071/1/114 1101/1/114 1100/1/114
f 1100/1/114 1069/1/114 1071/1/114
f 1072/1/2523 1115/1/2523 1114/1/2523
f 1114/1/2523 1070/1/2523 1072/1/2523
f 1073/1/116 1102/1/2524 1101/1/2524
f 1101/1/2524 1071/1/2525 1073/1/116
f 1075/1/2526 1091/1/2526 1120/1/2526
f 1120/1/2526 1074/1/2526 1075/1/2526
f 1076/1/2527 1116/1/2527 1115/1/2527
f 1115/1/2527 1072/1/2527 1076/1/2527
f 1077/1/121 1103/1/121 1102/1/121
f 1102/1/121 1073/1/121 1077/1/121
f 1078/1/2528 1092/1/122 1091/1/2528
f 1091/1/2528 1075/1/122 1078/1/2528
f 1079/1/123 1117/1/123 1116/1/123
f 1116/1/123 1076/1/123 1079/1/123
f 1080/1/2529 1104/1/2529 1103/1/2529
f 1103/1/2529 1077/1/2529 1080/1/2529
f 1060/1/125 1059/1/2530 1092/1/2530
f 1092/1/2530 1078/1/2531 1060/1/125
f 1081/1/2532 1118/1/2532 1117/1/2532
f 1117/1/2532 1079/1/2532 1081/1/2532
f 1082/1/2533 1105/1/2533 1104/1/2533
f 1104/1/2533 1080/1/2533 1082/1/2533
f 1121/2/2534 1122/3/2535 1123/4/2534
f 1123/4/2534 1124/5/2536 1121/2/2534
f 1122/3/2537 1125/6/2538 1126/7/2538
f 1126/7/2538 1123/4/2538 1122/3/2537
f 1125/6/2539 1127/8/2539 1128/9/2539
f 1128/9/2539 1126/7/2539 1125/6/2539
f 1127/8/2540 1129/10/2540 1130/11/2540
f 1130/11/2540 1128/9/2540 1127/8/2540
f 1131/12/2541 1132/13/2541 1130/11/2541
f 1130/11/2541 1129/10/2541 1131/12/2541
f 1133/14/2542 1132/13/2542 1131/12/2543
f 1131/12/2543 1134/15/2543 1133/14/2542
f 1135/16/2544 1133/14/2544 1134/15/2544
f 1134/15/2544 1136/17/2544 1135/16/2544
f 1137/18/2545 1138/19/2545 1135/16/2545
f 1135/16/2545 1136/17/2545 1137/18/2545
f 1139/20/2546 1138/19/2546 1137/18/2546
f 1137/18/2546 1140/21/2546 1139/20/2546
f 1141/22/2547 1139/20/2547 1140/21/2547
f 1140/21/2547 1142/23/2547 1141/22/2547
f 1143/24/2548 1141/22/2548 1142/23/2548
f 1142/23/2548 1144/25/2548 1143/24/2548
f 1145/26/2549 1146/27/2549 1143/24/2549
f 1143/24/2549 1144/25/2549 1145/26/2549
f 1147/28/2550 1146/27/2550 1145/26/2551
f 1145/26/2551 1148/29/2550 1147/28/2550
f 1149/30/2552 1147/28/2552 1148/29/2552
f 1148/29/2552 1150/31/2552 1149/30/2552
f 1151/32/2553 1149/30/2553 1150/31/2553
f 1150/31/2553 1152/33/2553 1151/32/2553
f 1153/34/2554 1151/32/2554 1152/33/2554
f 1152/33/2554 1154/35/2554 1153/34/2554
f 1155/36/2555 1153/34/2555 1154/35/2555
f 1154/35/2555 1156/37/2555 1155/36/2555
f 1157/38/2556 1155/36/2556 1156/37/2556
f 1156/37/2556 1158/39/2556 1157/38/2556
f 1159/40/2557 1157/38/2557 1158/39/2557
f 1158/39/2557 1160/41/2557 1159/40/2557
f 1161/42/2558 1162/43/2558 1159/40/2558
f 1159/40/2558 1160/41/2558 1161/42/2558
f 1161/42/2559 1163/44/2559 1164/45/2559
f 1164/45/2559 1162/43/2559 1161/42/2559
f 1165/46/2560 1164/45/2560 1163/44/2560
f 1163/44/2560 1166/47/2560 1165/46/2560
f 1167/48/2561 1165/46/2561 1166/47/2561
f 1166/47/2561 1168/49/2561 1167/48/2561
f 1169/50/2562 1170/51/2562 1167/48/2562
f 1167/48/2562 1168/49/2562 1169/50/2562
f 1171/52/2563 1172/53/2563 1170/51/2563
f 1170/51/2563 1169/50/2563 1171/52/2563
f 1173/54/2564 1172/53/2564 1171/52/2564
f 1171/52/2564 1174/55/2564 1173/54/2564
f 1175/56/2565 1176/57/2565 1173/54/2565
f 1173/54/2565 1174/55/2565 1175/56/2565
f 1177/58/2566 1176/57/2566 1175/56/2566
f 1175/56/2566 1178/59/2566 1177/58/2566
f 1179/60/2567 1177/58/2568 1178/59/2568
f 1178/59/2568 1180/61/2568 1179/60/2567
f 1181/62/2569 1182/63/2569 1179/60/2569
f 1179/60/2569 1180/61/2569 1181/62/2569
f 1137/18/2570 1183/18/2570 1184/21/2570
f 1184/21/2570 1140/21/2570 1137/18/2570
f 1185/64/2571 1186/65/2571 1182/63/2571
f 1182/63/2571 1181/62/2571 1185/64/2571
f 1186/65/2572 1185/64/2572 1121/66/2572
f 1121/66/2572 1124/67/2572 1186/65/2572
f 1123/68/1 1126/69/2573 1128/70/1
f 1123/68/1 1128/70/1 1130/71/1
f 1130/71/1 1132/72/1 1133/73/1
f 1133/73/1 1135/74/2574 1138/75/1
f 1138/75/1 1139/76/1 1141/77/1
f 1133/73/1 1138/75/1 1141/77/1
f 1130/71/1 1133/73/1 1141/77/1
f 1141/77/1 1143/78/1 1146/79/1
f 1146/79/1 1147/80/2574 1149/81/1
f 1141/77/1 1146/79/1 1149/81/1
f 1149/81/1 1151/82/1 1153/83/1
f 1153/83/1 1155/84/2575 1157/85/1
f 1149/81/1 1153/83/1 1157/85/1
f 1157/85/1 1159/86/1 1162/87/2574
f 1162/87/2574 1164/88/2575 1165/89/1
f 1157/85/1 1162/87/2574 1165/89/1
f 1165/89/1 1167/90/1 1170/91/1
f 1170/91/1 1172/92/2576 1173/93/1
f 1165/89/1 1170/91/1 1173/93/1
f 1157/85/1 1165/89/1 1173/93/1
f 1149/81/1 1157/85/1 1173/93/1
f 1141/77/1 1149/81/1 1173/93/1
f 1130/71/1 1141/77/1 1173/93/1
f 1173/93/1 1176/94/1 1177/95/1
f 1177/95/1 1179/96/2576 1182/97/1
f 1173/93/1 1177/95/1 1182/97/1
f 1130/71/1 1173/93/1 1182/97/1
f 1123/68/1 1130/71/1 1182/97/1
f 1124/98/1 1123/68/1 1182/97/1
f 1124/98/1 1182/97/1 1186/99/2577
f 1187/8/2578 1188/8/2579 1189/10/2580
f 1189/10/2580 1190/10/2578 1187/8/2578
f 1191/39/2581 1158/39/2581 1156/37/2581
f 1156/37/2581 1192/37/2581 1191/39/2581
f 1193/56/2582 1175/56/2583 1174/55/2583
f 1174/55/2583 1194/55/2582 1193/56/2582
f 1195/12/2584 1131/12/2584 1129/10/2584
f 1129/10/2584 1190/10/2584 1195/12/2584
f 1196/31/2585 1150/31/2585 1148/29/2585
f 1148/29/2585 1197/29/2585 1196/31/2585
f 1198/49/2586 1168/49/2586 1166/47/2586
f 1166/47/2586 1199/47/2586 1198/49/2586
f 1122/3/2587 1121/2/2587 1200/2/2588
f 1200/2/2588 1201/3/2589 1122/3/2587
f 1185/64/2590 1202/64/2591 1200/66/2592
f 1200/66/2592 1121/66/2590 1185/64/2590
f 1203/23/2593 1142/23/2593 1140/21/2593
f 1140/21/2593 1184/21/2593 1203/23/2593
f 1204/41/2594 1160/41/2594 1158/39/2594
f 1158/39/2594 1191/39/2594 1204/41/2594
f 1193/56/2595 1205/59/2595 1178/59/2595
f 1178/59/2595 1175/56/2595 1193/56/2595
f 1206/15/2596 1134/15/2596 1131/12/2596
f 1131/12/2596 1195/12/2596 1206/15/2596
f 1207/33/2597 1152/33/2598 1150/31/2599
f 1150/31/2599 1196/31/2597 1207/33/2597
f 1208/50/2600 1169/50/2600 1168/49/2600
f 1168/49/2600 1198/49/2600 1208/50/2600
f 1201/3/2601 1209/6/2601 1125/6/2601
f 1125/6/2601 1122/3/2601 1201/3/2601
f 1210/25/2602 1144/25/2602 1142/23/2602
f 1142/23/2602 1203/23/2602 1210/25/2602
f 1204/41/2603 1211/42/2604 1161/42/2605
f 1161/42/2605 1160/41/2606 1204/41/2603
f 1180/61/2607 1178/59/2607 1205/59/2607
f 1205/59/2607 1212/61/2607 1180/61/2607
f 1213/17/2608 1136/17/2608 1134/15/2608
f 1134/15/2608 1206/15/2608 1213/17/2608
f 1214/35/2609 1154/35/2609 1152/33/2609
f 1152/33/2609 1207/33/2609 1214/35/2609
f 1215/52/2610 1171/52/2610 1169/50/2610
f 1169/50/2610 1208/50/2610 1215/52/2610
f 1187/8/2611 1127/8/2611 1125/6/2611
f 1125/6/2611 1209/6/2611 1187/8/2611
f 1216/26/2612 1145/26/2612 1144/25/2612
f 1144/25/2612 1210/25/2612 1216/26/2612
f 1217/44/2613 1163/44/2614 1161/42/2614
f 1161/42/2614 1211/42/2613 1217/44/2613
f 1181/62/2615 1180/61/2616 1212/61/2615
f 1212/61/2615 1218/62/2615 1181/62/2615
f 1136/17/2617 1213/17/2618 1183/18/2618
f 1183/18/2618 1137/18/2617 1136/17/2617
f 1192/37/2619 1156/37/2619 1154/35/2619
f 1154/35/2619 1214/35/2619 1192/37/2619
f 1194/55/2620 1174/55/2620 1171/52/2620
f 1171/52/2620 1215/52/2621 1194/55/2620
f 1129/10/2622 1127/8/2623 1187/8/2622
f 1187/8/2622 1190/10/2624 1129/10/2622
f 1197/29/2625 1148/29/2625 1145/26/2625
f 1145/26/2625 1216/26/2625 1197/29/2625
f 1199/47/2626 1166/47/2626 1163/44/2626
f 1163/44/2626 1217/44/2626 1199/47/2626
f 1185/64/2627 1181/62/2628 1218/62/2627
f 1218/62/2627 1202/64/2629 1185/64/2627
f 1219/100/2630 1220/101/2631 1221/102/2630
f 1221/102/2630 1222/103/2632 1223/104/2630
f 1219/100/2630 1221/102/2630 1223/104/2630
f 1223/104/2630 1224/105/2633 1225/106/2634
f 1225/106/2634 1226/107/2632 1227/108/2630
f 1223/104/2630 1225/106/2634 1227/108/2630
f 1227/108/2630 1228/109/2635 1229/110/2634
f 1229/110/2634 1230/111/2636 1231/112/2630
f 1227/108/2630 1229/110/2634 1231/112/2630
f 1223/104/2630 1227/108/2630 1231/112/2630
f 1231/112/2630 1232/113/2637 1233/114/2630
f 1233/114/2630 1234/115/2631 1235/116/2630
f 1231/112/2630 1233/114/2630 1235/116/2630
f 1235/116/2630 1236/117/2638 1237/118/2630
f 1237/118/2630 1238/119/2639 1239/120/2640
f 1235/116/2630 1237/118/2630 1239/120/2640
f 1231/112/2630 1235/116/2630 1239/120/2640
f 1223/104/2630 1231/112/2630 1239/120/2640
f 1239/120/2640 1240/121/2631 1241/122/2641
f 1241/122/2641 1242/123/2634 1243/124/2634
f 1239/120/2640 1241/122/2641 1243/124/2634
f 1239/120/2640 1243/124/2634 1244/125/2630
f 1223/104/2630 1239/120/2640 1244/125/2630
f 1244/125/2630 1245/126/2642 1246/127/2630
f 1246/127/2630 1247/128/2631 1189/129/2630
f 1244/125/2630 1246/127/2630 1189/129/2630
f 1223/104/2630 1244/125/2630 1189/129/2630
f 1219/100/2630 1223/104/2630 1189/129/2630
f 1219/100/2630 1189/129/2630 1188/130/2630
f 1219/100/2630 1188/130/2630 1248/131/2643
f 1218/62/2644 1222/62/2645 1221/64/2646
f 1221/64/2646 1202/64/2644 1218/62/2644
f 1192/37/2647 1235/37/2648 1234/39/2647
f 1234/39/2647 1191/39/2647 1192/37/2647
f 1190/10/2649 1189/10/2650 1247/12/2650
f 1247/12/2650 1195/12/2650 1190/10/2649
f 1202/64/2651 1221/64/2652 1220/66/2653
f 1220/66/2653 1200/66/2651 1202/64/2651
f 1191/39/2654 1234/39/2655 1233/41/2655
f 1233/41/2655 1204/41/2656 1191/39/2654
f 1195/12/2657 1247/12/2657 1246/15/2657
f 1246/15/2657 1206/15/2657 1195/12/2657
f 1204/41/2658 1233/41/2659 1232/42/2659
f 1232/42/2659 1211/42/2659 1204/41/2658
f 1206/15/2660 1246/15/2660 1245/17/2660
f 1245/17/2660 1213/17/2660 1206/15/2660
f 1211/42/2661 1232/42/2662 1231/44/2662
f 1231/44/2662 1217/44/2661 1211/42/2661
f 1183/18/2663 1213/17/2663 1245/17/2663
f 1245/17/2663 1244/18/2663 1183/18/2663
f 1217/44/2664 1231/44/2665 1230/47/2665
f 1230/47/2665 1199/47/2664 1217/44/2664
f 1183/18/2666 1244/18/2666 1243/21/2666
f 1243/21/2666 1184/21/2667 1183/18/2666
f 1199/47/2668 1230/47/2668 1229/49/2668
f 1229/49/2668 1198/49/2668 1199/47/2668
f 1184/21/2669 1243/21/2670 1242/23/2670
f 1242/23/2670 1203/23/2669 1184/21/2669
f 1198/49/2671 1229/49/2671 1228/50/2671
f 1228/50/2671 1208/50/2671 1198/49/2671
f 1203/23/2672 1242/23/2672 1241/25/2672
f 1241/25/2672 1210/25/2672 1203/23/2672
f 1208/50/2673 1228/50/2674 1227/52/2675
f 1227/52/2675 1215/52/2673 1208/50/2673
f 1210/25/2676 1241/25/2677 1240/26/2677
f 1240/26/2677 1216/26/2676 1210/25/2676
f 1215/52/2678 1227/52/2678 1226/55/2678
f 1226/55/2678 1194/55/2678 1215/52/2678
f 1216/26/2679 1240/26/2680 1239/29/2680
f 1239/29/2680 1197/29/2679 1216/26/2679
f 1194/55/2681 1226/55/2681 1225/56/2681
f 1225/56/2681 1193/56/2682 1194/55/2681
f 1197/29/2683 1239/29/2683 1238/31/2684
f 1238/31/2684 1196/31/2683 1197/29/2683
f 1200/2/2685 1220/2/2685 1219/3/2685
f 1219/3/2685 1201/3/2686 1200/2/2685
f 1193/56/2687 1225/56/2688 1224/59/2687
f 1224/59/2687 1205/59/2687 1193/56/2687
f 1196/31/2689 1238/31/2690 1237/33/2691
f 1237/33/2691 1207/33/2689 1196/31/2689
f 1201/3/2692 1219/3/2693 1248/6/2694
f 1248/6/2694 1209/6/2692 1201/3/2692
f 1205/59/2695 1224/59/2696 1223/61/2696
f 1223/61/2696 1212/61/2696 1205/59/2695
f 1207/33/2697 1237/33/2698 1236/35/2699
f 1236/35/2699 1214/35/2697 1207/33/2697
f 1209/6/2700 1248/6/2701 1188/8/2702
f 1188/8/2702 1187/8/2700 1209/6/2700
f 1212/61/2703 1223/61/2704 1222/62/2705
f 1222/62/2705 1218/62/2705 1212/61/2703
f 1214/35/2706 1236/35/2707 1235/37/2706
f 1235/37/2706 1192/37/2706 1214/35/2706
f 1249/3/2708 1250/4/2709 1251/5/2710
f 1251/5/2710 1252/2/2709 1249/3/2708
f 1253/7/2711 1250/4/2712 1249/3/2711
f 1249/3/2711 1254/6/2711 1253/7/2711
f 1255/8/2713 1256/9/2713 1253/7/2713
f 1253/7/2713 1254/6/2713 1255/8/2713
f 1257/11/2714 1256/9/2714 1255/8/2714
f 1255/8/2714 1258/10/2714 1257/11/2714
f 1259/12/2715 1260/13/2715 1257/11/2715
f 1257/11/2715 1258/10/2715 1259/12/2715
f 1261/14/2716 1260/13/2716 1259/12/2716
f 1259/12/2716 1262/15/2716 1261/14/2716
f 1263/16/2717 1261/14/2717 1262/15/2717
f 1262/15/2717 1264/17/2717 1263/16/2717
f 1265/18/2718 1266/19/2718 1263/16/2718
f 1263/16/2718 1264/17/2719 1265/18/2718
f 1267/20/2720 1266/19/2720 1265/18/2720
f 1265/18/2720 1268/21/2720 1267/20/2720
f 1269/23/2721 1270/22/2721 1267/20/2721
f 1267/20/2721 1268/21/2721 1269/23/2721
f 1271/25/2722 1272/24/2723 1270/22/2723
f 1270/22/2723 1269/23/2723 1271/25/2722
f 1273/27/2724 1272/24/2724 1271/25/2724
f 1271/25/2724 1274/26/2724 1273/27/2724
f 1275/29/2725 1276/28/2725 1273/27/2725
f 1273/27/2725 1274/26/2725 1275/29/2725
f 1277/31/2726 1278/30/2727 1276/28/2727
f 1276/28/2727 1275/29/2726 1277/31/2726
f 1279/32/2728 1278/30/2728 1277/31/2729
f 1277/31/2729 1280/33/2729 1279/32/2728
f 1280/33/2730 1281/35/2730 1282/34/2730
f 1282/34/2730 1279/32/2730 1280/33/2730
f 1283/37/2731 1284/36/2732 1282/34/2732
f 1282/34/2732 1281/35/2733 1283/37/2731
f 1285/38/2734 1284/36/2734 1283/37/2734
f 1283/37/2734 1286/39/2734 1285/38/2734
f 1287/40/2735 1285/38/2735 1286/39/2735
f 1286/39/2735 1288/41/2735 1287/40/2735
f 1289/42/2736 1290/43/2736 1287/40/2736
f 1287/40/2736 1288/41/2736 1289/42/2736
f 1291/45/2737 1290/43/2737 1289/42/2737
f 1289/42/2737 1292/44/2737 1291/45/2737
f 1293/47/2738 1294/46/2738 1291/45/2738
f 1291/45/2738 1292/44/2738 1293/47/2738
f 1295/49/2739 1296/48/2740 1294/46/2739
f 1294/46/2739 1293/47/2739 1295/49/2739
f 1297/51/2741 1296/48/2742 1295/49/2741
f 1295/49/2741 1298/50/2742 1297/51/2741
f 1299/53/2743 1297/51/2744 1298/50/2743
f 1298/50/2743 1300/52/2743 1299/53/2743
f 1301/55/2745 1302/54/2746 1299/53/2746
f 1299/53/2746 1300/52/2745 1301/55/2745
f 1303/57/2747 1302/54/2747 1301/55/2747
f 1301/55/2747 1304/56/2747 1303/57/2747
f 1305/59/2748 1306/58/2748 1303/57/2748
f 1303/57/2748 1304/56/2748 1305/59/2748
f 1307/61/2749 1308/60/2749 1306/58/2749
f 1306/58/2749 1305/59/2749 1307/61/2749
f 1309/63/2750 1308/60/2750 1307/61/2750
f 1307/61/2750 1310/62/2750 1309/63/2750
f 1311/21/2751 1268/21/2751 1265/18/2751
f 1265/18/2751 1312/18/2751 1311/21/2751
f 1313/64/2752 1314/65/2752 1309/63/2752
f 1309/63/2752 1310/62/2752 1313/64/2752
f 1313/64/2753 1252/66/2754 1251/67/2753
f 1251/67/2753 1314/65/2753 1313/64/2753
f 1251/98/1 1250/68/1 1253/69/1
f 1253/69/1 1256/70/2574 1257/71/1
f 1251/98/1 1253/69/1 1257/71/1
f 1260/72/1 1261/73/2576 1263/74/1
f 1257/71/1 1260/72/1 1263/74/1
f 1257/71/1 1263/74/1 1266/75/1
f 1266/75/1 1267/76/1 1270/77/1
f 1257/71/1 1266/75/1 1270/77/1
f 1257/71/1 1270/77/1 1272/78/1
f 1272/78/1 1273/79/2577 1276/80/1
f 1257/71/1 1272/78/1 1276/80/1
f 1257/71/1 1276/80/1 1278/81/1
f 1278/81/1 1279/82/1 1282/83/1
f 1257/71/1 1278/81/1 1282/83/1
f 1257/71/1 1282/83/1 1284/84/1
f 1284/84/1 1285/85/2576 1287/86/1
f 1257/71/1 1284/84/1 1287/86/1
f 1257/71/1 1287/86/1 1290/87/1
f 1290/87/1 1291/88/1 1294/89/1
f 1257/71/1 1290/87/1 1294/89/1
f 1257/71/1 1294/89/1 1296/90/1
f 1296/90/1 1297/91/2575 1299/92/1
f 1257/71/1 1296/90/1 1299/92/1
f 1257/71/1 1299/92/1 1302/93/1
f 1302/93/1 1303/94/1 1306/95/1
f 1257/71/1 1302/93/1 1306/95/1
f 1257/71/1 1306/95/1 1308/96/1
f 1251/98/1 1257/71/1 1308/96/1
f 1251/98/1 1308/96/1 1309/97/2574
f 1251/98/1 1309/97/2574 1314/99/2577
f 1315/10/2755 1316/8/2755 1317/8/2756
f 1317/8/2756 1318/10/2756 1315/10/2755
f 1319/39/2757 1286/39/2757 1283/37/2757
f 1283/37/2757 1320/37/2757 1319/39/2757
f 1321/56/2758 1304/56/2758 1301/55/2758
f 1301/55/2758 1322/55/2758 1321/56/2758
f 1258/10/2759 1315/10/2759 1323/12/2759
f 1323/12/2759 1259/12/2759 1258/10/2759
f 1275/29/2760 1324/29/2761 1325/31/2761
f 1325/31/2761 1277/31/2760 1275/29/2760
f 1295/49/2762 1293/47/2762 1326/47/2762
f 1326/47/2762 1327/49/2762 1295/49/2762
f 1252/2/2763 1328/2/2764 1329/3/2763
f 1329/3/2763 1249/3/2763 1252/2/2763
f 1252/66/2765 1313/64/2765 1330/64/2766
f 1330/64/2766 1328/66/2766 1252/66/2765
f 1311/21/2767 1331/23/2767 1269/23/2767
f 1269/23/2767 1268/21/2767 1311/21/2767
f 1319/39/2768 1332/41/2768 1288/41/2768
f 1288/41/2768 1286/39/2769 1319/39/2768
f 1321/56/2770 1333/59/2770 1305/59/2771
f 1305/59/2771 1304/56/2771 1321/56/2770
f 1334/15/2772 1262/15/2772 1259/12/2772
f 1259/12/2772 1323/12/2772 1334/15/2772
f 1335/33/2773 1280/33/2773 1277/31/2773
f 1277/31/2773 1325/31/2773 1335/33/2773
f 1336/50/2774 1298/50/2775 1295/49/2775
f 1295/49/2775 1327/49/2774 1336/50/2774
f 1337/6/2776 1254/6/2776 1249/3/2776
f 1249/3/2776 1329/3/2776 1337/6/2776
f 1269/23/2777 1331/23/2778 1338/25/2777
f 1338/25/2777 1271/25/2777 1269/23/2777
f 1289/42/2779 1288/41/2779 1332/41/2779
f 1332/41/2779 1339/42/2779 1289/42/2779
f 1307/61/2780 1305/59/2781 1333/59/2780
f 1333/59/2780 1340/61/2780 1307/61/2780
f 1334/15/2782 1341/17/2783 1264/17/2782
f 1264/17/2782 1262/15/2782 1334/15/2782
f 1335/33/2784 1342/35/2784 1281/35/2785
f 1281/35/2785 1280/33/2785 1335/33/2784
f 1336/50/2786 1343/52/2786 1300/52/2786
f 1300/52/2786 1298/50/2787 1336/50/2786
f 1254/6/2788 1337/6/2789 1316/8/2788
f 1316/8/2788 1255/8/2788 1254/6/2788
f 1344/26/2790 1274/26/2791 1271/25/2791
f 1271/25/2791 1338/25/2790 1344/26/2790
f 1345/44/2792 1292/44/2792 1289/42/2792
f 1289/42/2792 1339/42/2793 1345/44/2792
f 1346/62/2794 1310/62/2795 1307/61/2796
f 1307/61/2796 1340/61/2794 1346/62/2794
f 1264/17/2797 1341/17/2798 1312/18/2798
f 1312/18/2798 1265/18/2797 1264/17/2797
f 1281/35/2799 1342/35/2799 1320/37/2799
f 1320/37/2799 1283/37/2799 1281/35/2799
f 1301/55/2800 1300/52/2800 1343/52/2800
f 1343/52/2800 1322/55/2800 1301/55/2800
f 1315/10/2801 1258/10/2801 1255/8/2801
f 1255/8/2801 1316/8/2801 1315/10/2801
f 1344/26/2802 1324/29/2802 1275/29/2802
f 1275/29/2802 1274/26/2802 1344/26/2802
f 1345/44/2803 1326/47/2803 1293/47/2804
f 1293/47/2804 1292/44/2804 1345/44/2803
f 1346/62/2805 1330/64/2806 1313/64/2806
f 1313/64/2806 1310/62/2807 1346/62/2805
f 1347/102/2808 1348/103/2809 1349/104/2810
f 1347/102/2808 1349/104/2810 1350/105/2811
f 1350/105/2811 1351/106/2812 1352/107/2808
f 1347/102/2808 1350/105/2811 1352/107/2808
f 1347/102/2808 1352/107/2808 1353/108/2808
f 1353/108/2808 1354/109/2813 1355/110/2808
f 1347/102/2808 1353/108/2808 1355/110/2808
f 1347/102/2808 1355/110/2808 1356/111/2811
f 1356/111/2811 1357/112/2814 1358/113/2808
f 1347/102/2808 1356/111/2811 1358/113/2808
f 1347/102/2808 1358/113/2808 1359/114/2808
f 1359/114/2808 1360/115/2809 1361/116/2808
f 1347/102/2808 1359/114/2808 1361/116/2808
f 1347/102/2808 1361/116/2808 1362/117/2808
f 1362/117/2808 1363/118/2815 1364/119/2808
f 1347/102/2808 1362/117/2808 1364/119/2808
f 1347/102/2808 1364/119/2808 1365/120/2808
f 1365/120/2808 1366/121/2816 1367/122/2808
f 1347/102/2808 1365/120/2808 1367/122/2808
f 1347/102/2808 1367/122/2808 1368/123/2808
f 1368/123/2808 1369/124/2817 1370/125/2808
f 1347/102/2808 1368/123/2808 1370/125/2808
f 1370/125/2808 1371/126/2818 1372/127/2815
f 1370/125/2808 1372/127/2815 1373/128/2819
f 1347/102/2808 1370/125/2808 1373/128/2819
f 1347/102/2808 1373/128/2819 1318/129/2808
f 1318/129/2808 1317/130/2815 1374/131/2808
f 1347/102/2808 1318/129/2808 1374/131/2808
f 1375/101/2820 1347/102/2808 1374/131/2808
f 1376/100/2821 1375/101/2820 1374/131/2808
f 1330/64/2822 1346/62/2823 1348/62/2824
f 1348/62/2824 1347/64/2825 1330/64/2822
f 1361/37/2826 1360/39/2827 1319/39/2827
f 1319/39/2827 1320/37/2827 1361/37/2826
f 1323/12/2828 1315/10/2829 1318/10/2830
f 1318/10/2830 1373/12/2830 1323/12/2828
f 1328/66/2831 1330/64/2831 1347/64/2831
f 1347/64/2831 1375/66/2831 1328/66/2831
f 1332/41/2832 1319/39/2833 1360/39/2834
f 1360/39/2834 1359/41/2833 1332/41/2832
f 1372/15/2835 1334/15/2836 1323/12/2835
f 1323/12/2835 1373/12/2835 1372/15/2835
f 1339/42/2837 1332/41/2838 1359/41/2838
f 1359/41/2838 1358/42/2838 1339/42/2837
f 1341/17/2839 1334/15/2840 1372/15/2841
f 1372/15/2841 1371/17/2841 1341/17/2839
f 1358/42/2842 1357/44/2842 1345/44/2843
f 1345/44/2843 1339/42/2843 1358/42/2842
f 1312/18/2844 1341/17/2845 1371/17/2844
f 1371/17/2844 1370/18/2844 1312/18/2844
f 1326/47/2846 1345/44/2846 1357/44/2846
f 1357/44/2846 1356/47/2846 1326/47/2846
f 1370/18/2847 1369/21/2848 1311/21/2849
f 1311/21/2849 1312/18/2849 1370/18/2847
f 1327/49/2850 1326/47/2850 1356/47/2850
f 1356/47/2850 1355/49/2851 1327/49/2850
f 1331/23/2852 1311/21/2852 1369/21/2852
f 1369/21/2852 1368/23/2852 1331/23/2852
f 1355/49/2853 1354/50/2853 1336/50/2854
f 1336/50/2854 1327/49/2854 1355/49/2853
f 1338/25/2855 1331/23/2855 1368/23/2856
f 1368/23/2856 1367/25/2857 1338/25/2855
f 1343/52/2858 1336/50/2858 1354/50/2858
f 1354/50/2858 1353/52/2858 1343/52/2858
f 1367/25/2859 1366/26/2859 1344/26/2860
f 1344/26/2860 1338/25/2861 1367/25/2859
f 1322/55/2862 1343/52/2862 1353/52/2862
f 1353/52/2862 1352/55/2862 1322/55/2862
f 1324/29/2863 1344/26/2863 1366/26/2864
f 1366/26/2864 1365/29/2864 1324/29/2863
f 1352/55/2865 1351/56/2865 1321/56/2866
f 1321/56/2866 1322/55/2866 1352/55/2865
f 1325/31/2867 1324/29/2867 1365/29/2867
f 1365/29/2867 1364/31/2867 1325/31/2867
f 1328/2/2868 1375/2/2869 1376/3/2870
f 1376/3/2870 1329/3/2868 1328/2/2868
f 1333/59/2871 1321/56/2872 1351/56/2873
f 1351/56/2873 1350/59/2874 1333/59/2871
f 1364/31/2875 1363/33/2875 1335/33/2875
f 1335/33/2875 1325/31/2875 1364/31/2875
f 1374/6/2876 1337/6/2876 1329/3/2876
f 1329/3/2876 1376/3/2876 1374/6/2876
f 1340/61/2877 1333/59/2878 1350/59/2879
f 1350/59/2879 1349/61/2878 1340/61/2877
f 1342/35/2880 1335/33/2880 1363/33/2880
f 1363/33/2880 1362/35/2881 1342/35/2880
f 1317/8/2882 1316/8/2883 1337/6/2883
f 1337/6/2883 1374/6/2882 1317/8/2882
f 1349/61/2884 1348/62/2884 1346/62/2884
f 1346/62/2884 1340/61/2885 1349/61/2884
f 1320/37/2886 1342/35/2887 1362/35/2887
f 1362/35/2887 1361/37/2888 1320/37/2886
f 1377/3/2889 1378/4/2889 1379/5/2889
f 1379/5/2889 1380/2/2889 1377/3/2889
f 1381/7/2890 1378/4/2890 1377/3/2890
f 1377/3/2890 1382/6/2890 1381/7/2890
f 1383/8/2891 1384/9/2891 1381/7/2891
f 1381/7/2891 1382/6/2891 1383/8/2891
f 1385/10/2892 1386/11/2893 1384/9/2894
f 1384/9/2894 1383/8/2895 1385/10/2892
f 1387/13/2896 1386/11/2896 1385/10/2896
f 1385/10/2896 1388/12/2896 1387/13/2896
f 1389/15/2897 1390/14/2898 1387/13/2898
f 1387/13/2898 1388/12/2898 1389/15/2897
f 1391/17/2899 1392/16/2900 1390/14/2899
f 1390/14/2899 1389/15/2899 1391/17/2899
f 1393/19/2901 1392/16/2901 1391/17/2901
f 1391/17/2901 1394/18/2901 1393/19/2901
f 1395/21/2902 1396/20/2902 1393/19/2902
f 1393/19/2902 1394/18/2902 1395/21/2902
f 1397/23/2903 1398/22/2903 1396/20/2903
f 1396/20/2903 1395/21/2903 1397/23/2903
f 1399/24/2904 1398/22/2904 1397/23/2904
f 1397/23/2904 1400/25/2904 1399/24/2904
f 1401/26/2905 1402/27/2906 1399/24/2905
f 1399/24/2905 1400/25/2905 1401/26/2905
f 1403/29/2907 1404/28/2907 1402/27/2907
f 1402/27/2907 1401/26/2907 1403/29/2907
f 1405/30/2908 1404/28/2908 1403/29/2909
f 1403/29/2909 1406/31/2908 1405/30/2908
f 1407/32/2910 1405/30/2910 1406/31/2910
f 1406/31/2910 1408/33/2910 1407/32/2910
f 1409/35/2911 1410/34/2912 1407/32/2913
f 1407/32/2913 1408/33/2913 1409/35/2911
f 1411/36/2914 1410/34/2915 1409/35/2914
f 1409/35/2914 1412/37/2914 1411/36/2914
f 1413/38/2916 1411/36/2916 1412/37/2916
f 1412/37/2916 1414/39/2916 1413/38/2916
f 1415/41/2917 1416/40/2917 1413/38/2917
f 1413/38/2917 1414/39/2917 1415/41/2917
f 1417/43/2918 1416/40/2918 1415/41/2918
f 1415/41/2918 1418/42/2918 1417/43/2918
f 1419/44/2919 1420/45/2919 1417/43/2919
f 1417/43/2919 1418/42/2919 1419/44/2919
f 1421/47/2920 1422/46/2920 1420/45/2920
f 1420/45/2920 1419/44/2921 1421/47/2920
f 1423/48/2922 1422/46/2922 1421/47/2922
f 1421/47/2922 1424/49/2922 1423/48/2922
f 1425/51/2923 1423/48/2923 1424/49/2923
f 1424/49/2923 1426/50/2923 1425/51/2923
f 1427/52/2924 1428/53/2924 1425/51/2924
f 1425/51/2924 1426/50/2924 1427/52/2924
f 1429/54/2925 1428/53/2925 1427/52/2925
f 1427/52/2925 1430/55/2925 1429/54/2925
f 1431/56/2926 1432/57/2926 1429/54/2926
f 1429/54/2926 1430/55/2926 1431/56/2926
f 1433/59/2927 1434/58/2928 1432/57/2927
f 1432/57/2927 1431/56/2929 1433/59/2927
f 1435/60/2930 1434/58/2930 1433/59/2931
f 1433/59/2931 1436/61/2931 1435/60/2930
f 1437/62/2932 1438/63/2933 1435/60/2933
f 1435/60/2933 1436/61/2933 1437/62/2932
f 1394/18/2934 1439/18/2935 1440/21/2935
f 1440/21/2935 1395/21/2934 1394/18/2934
f 1441/64/2936 1442/65/2936 1438/63/2936
f 1438/63/2936 1437/62/2936 1441/64/2936
f 1441/64/2937 1380/66/2937 1379/67/2938
f 1379/67/2938 1442/65/2938 1441/64/2937
f 1378/68/1 1381/69/2573 1384/70/2576
f 1379/98/1 1378/68/1 1384/70/2576
f 1379/98/1 1384/70/2576 1386/71/1
f 1386/71/1 1387/72/2574 1390/73/1
f 1379/98/1 1386/71/1 1390/73/1
f 1379/98/1 1390/73/1 1392/74/1
f 1392/74/1 1393/75/1 1396/76/1
f 1379/98/1 1392/74/1 1396/76/1
f 1379/98/1 1396/76/1 1398/77/1
f 1398/77/1 1399/78/1 1402/79/1
f 1379/98/1 1398/77/1 1402/79/1
f 1379/98/1 1402/79/1 1404/80/1
f 1404/80/1 1405/81/2573 1407/82/1
f 1379/98/1 1404/80/1 1407/82/1
f 1379/98/1 1407/82/1 1410/83/1
f 1410/83/1 1411/84/2577 1413/85/1
f 1379/98/1 1410/83/1 1413/85/1
f 1379/98/1 1413/85/1 1416/86/1
f 1416/86/1 1417/87/1 1420/88/1
f 1379/98/1 1416/86/1 1420/88/1
f 1379/98/1 1420/88/1 1422/89/1
f 1422/89/1 1423/90/2576 1425/91/1
f 1379/98/1 1422/89/1 1425/91/1
f 1379/98/1 1425/91/1 1428/92/1
f 1428/92/1 1429/93/2576 1432/94/1
f 1379/98/1 1428/92/1 1432/94/1
f 1379/98/1 1432/94/1 1434/95/1
f 1434/95/1 1435/96/1 1438/97/2576
f 1379/98/1 1434/95/1 1438/97/2576
f 1379/98/1 1438/97/2576 1442/99/2573
f 1443/8/2939 1444/8/2940 1445/10/2941
f 1445/10/2941 1446/10/2942 1443/8/2939
f 1447/39/2943 1414/39/2944 1412/37/2944
f 1412/37/2944 1448/37/2944 1447/39/2943
f 1449/56/2945 1431/56/2946 1430/55/2946
f 1430/55/2946 1450/55/2947 1449/56/2945
f 1385/10/2948 1446/10/2949 1451/12/2948
f 1451/12/2948 1388/12/2948 1385/10/2948
f 1406/31/2950 1403/29/2950 1452/29/2950
f 1452/29/2950 1453/31/2950 1406/31/2950
f 1424/49/2951 1421/47/2951 1454/47/2951
f 1454/47/2951 1455/49/2951 1424/49/2951
f 1456/3/2952 1377/3/2952 1380/2/2952
f 1380/2/2952 1457/2/2952 1456/3/2952
f 1458/64/2953 1457/66/2953 1380/66/2953
f 1380/66/2953 1441/64/2953 1458/64/2953
f 1395/21/2954 1440/21/2955 1459/23/2954
f 1459/23/2954 1397/23/2954 1395/21/2954
f 1460/41/2956 1415/41/2956 1414/39/2956
f 1414/39/2956 1447/39/2956 1460/41/2956
f 1461/59/2957 1433/59/2957 1431/56/2957
f 1431/56/2957 1449/56/2957 1461/59/2957
f 1388/12/2958 1451/12/2958 1462/15/2958
f 1462/15/2958 1389/15/2958 1388/12/2958
f 1463/33/2959 1408/33/2960 1406/31/2961
f 1406/31/2961 1453/31/2959 1463/33/2959
f 1464/50/2962 1426/50/2962 1424/49/2962
f 1424/49/2962 1455/49/2962 1464/50/2962
f 1377/3/2963 1456/3/2963 1465/6/2963
f 1465/6/2963 1382/6/2963 1377/3/2963
f 1459/23/2964 1466/25/2964 1400/25/2964
f 1400/25/2964 1397/23/2964 1459/23/2964
f 1418/42/2965 1415/41/2966 1460/41/2965
f 1460/41/2965 1467/42/2965 1418/42/2965
f 1436/61/2967 1433/59/2967 1461/59/2967
f 1461/59/2967 1468/61/2967 1436/61/2967
f 1389/15/2968 1462/15/2968 1469/17/2968
f 1469/17/2968 1391/17/2968 1389/15/2968
f 1470/35/2969 1409/35/2970 1408/33/2970
f 1408/33/2970 1463/33/2969 1470/35/2969
f 1471/52/2971 1427/52/2971 1426/50/2971
f 1426/50/2971 1464/50/2971 1471/52/2971
f 1382/6/2972 1465/6/2973 1443/8/2973
f 1443/8/2973 1383/8/2974 1382/6/2972
f 1466/25/2975 1472/26/2975 1401/26/2976
f 1401/26/2976 1400/25/2976 1466/25/2975
f 1473/44/2977 1419/44/2978 1418/42/2978
f 1418/42/2978 1467/42/2977 1473/44/2977
f 1474/62/2979 1437/62/2979 1436/61/2979
f 1436/61/2979 1468/61/2979 1474/62/2979
f 1391/17/2980 1469/17/2980 1439/18/2980
f 1439/18/2980 1394/18/2980 1391/17/2980
f 1412/37/2981 1409/35/2981 1470/35/2981
f 1470/35/2981 1448/37/2981 1412/37/2981
f 1430/55/2982 1427/52/2982 1471/52/2982
f 1471/52/2982 1450/55/2982 1430/55/2982
f 1383/8/2983 1443/8/2983 1446/10/2983
f 1446/10/2983 1385/10/2983 1383/8/2983
f 1403/29/2984 1401/26/2985 1472/26/2984
f 1472/26/2984 1452/29/2984 1403/29/2984
f 1454/47/2986 1421/47/2986 1419/44/2986
f 1419/44/2986 1473/44/2987 1454/47/2986
f 1458/64/2988 1441/64/2988 1437/62/2988
f 1437/62/2988 1474/62/2988 1458/64/2988
f 1475/100/2989 1476/101/2990 1477/102/2989
f 1477/102/2989 1478/103/2991 1479/104/2989
f 1475/100/2989 1477/102/2989 1479/104/2989
f 1480/105/2992 1481/106/2993 1482/107/2989
f 1479/104/2989 1480/105/2992 1482/107/2989
f 1475/100/2989 1479/104/2989 1482/107/2989
f 1483/108/2994 1484/109/2993 1485/110/2995
f 1482/107/2989 1483/108/2994 1485/110/2995
f 1486/111/2989 1487/112/2996 1488/113/2989
f 1485/110/2995 1486/111/2989 1488/113/2989
f 1482/107/2989 1485/110/2995 1488/113/2989
f 1475/100/2989 1482/107/2989 1488/113/2989
f 1489/114/2992 1490/115/2997 1491/116/2994
f 1488/113/2989 1489/114/2992 1491/116/2994
f 1492/117/2989 1493/118/2998 1494/119/2989
f 1491/116/2994 1492/117/2989 1494/119/2989
f 1488/113/2989 1491/116/2994 1494/119/2989
f 1495/120/2995 1496/121/2999 1497/122/2989
f 1494/119/2989 1495/120/2995 1497/122/2989
f 1498/123/2994 1499/124/3000 1500/125/2995
f 1497/122/2989 1498/123/2994 1500/125/2995
f 1494/119/2989 1497/122/2989 1500/125/2995
f 1488/113/2989 1494/119/2989 1500/125/2995
f 1475/100/2989 1488/113/2989 1500/125/2995
f 1501/126/2993 1502/127/3001 1503/128/2989
f 1500/125/2995 1501/126/2993 1503/128/2989
f 1445/129/2993 1444/130/2994 1504/131/2994
f 1503/128/2989 1445/129/2993 1504/131/2994
f 1500/125/2995 1503/128/2989 1504/131/2994
f 1475/100/2989 1500/125/2995 1504/131/2994
f 1474/62/3002 1478/62/3002 1477/64/3003
f 1477/64/3003 1458/64/3002 1474/62/3002
f 1447/39/3004 1448/37/3004 1491/37/3005
f 1491/37/3005 1490/39/3006 1447/39/3004
f 1503/12/3007 1451/12/3007 1446/10/3007
f 1446/10/3007 1445/10/3007 1503/12/3007
f 1477/64/3008 1476/66/3008 1457/66/3009
f 1457/66/3009 1458/64/3009 1477/64/3008
f 1447/39/3010 1490/39/3011 1489/41/3012
f 1489/41/3012 1460/41/3010 1447/39/3010
f 1462/15/3013 1451/12/3014 1503/12/3015
f 1503/12/3015 1502/15/3015 1462/15/3013
f 1488/42/3016 1467/42/3017 1460/41/3016
f 1460/41/3016 1489/41/3016 1488/42/3016
f 1462/15/3018 1502/15/3018 1501/17/3018
f 1501/17/3018 1469/17/3018 1462/15/3018
f 1473/44/3019 1467/42/3019 1488/42/3019
f 1488/42/3019 1487/44/3019 1473/44/3019
f 1500/18/3020 1439/18/3020 1469/17/3020
f 1469/17/3020 1501/17/3020 1500/18/3020
f 1473/44/3021 1487/44/3022 1486/47/3023
f 1486/47/3023 1454/47/3021 1473/44/3021
f 1440/21/3024 1439/18/3024 1500/18/3024
f 1500/18/3024 1499/21/3024 1440/21/3024
f 1485/49/3025 1455/49/3025 1454/47/3025
f 1454/47/3025 1486/47/3025 1485/49/3025
f 1440/21/3026 1499/21/3027 1498/23/3027
f 1498/23/3027 1459/23/3026 1440/21/3026
f 1464/50/3028 1455/49/3028 1485/49/3029
f 1485/49/3029 1484/50/3030 1464/50/3028
f 1459/23/3031 1498/23/3031 1497/25/3031
f 1497/25/3031 1466/25/3031 1459/23/3031
f 1464/50/3032 1484/50/3033 1483/52/3033
f 1483/52/3033 1471/52/3033 1464/50/3032
f 1497/25/3034 1496/26/3035 1472/26/3036
f 1472/26/3036 1466/25/3036 1497/25/3034
f 1482/55/3037 1450/55/3038 1471/52/3037
f 1471/52/3037 1483/52/3037 1482/55/3037
f 1495/29/3039 1452/29/3040 1472/26/3039
f 1472/26/3039 1496/26/3039 1495/29/3039
f 1449/56/3041 1450/55/3042 1482/55/3043
f 1482/55/3043 1481/56/3044 1449/56/3041
f 1494/31/3045 1453/31/3046 1452/29/3046
f 1452/29/3046 1495/29/3045 1494/31/3045
f 1456/3/3047 1457/2/3047 1476/2/3048
f 1476/2/3048 1475/3/3048 1456/3/3047
f 1449/56/3049 1481/56/3050 1480/59/3050
f 1480/59/3050 1461/59/3049 1449/56/3049
f 1463/33/3051 1453/31/3051 1494/31/3051
f 1494/31/3051 1493/33/3052 1463/33/3051
f 1504/6/3053 1465/6/3053 1456/3/3053
f 1456/3/3053 1475/3/3053 1504/6/3053
f 1479/61/3054 1468/61/3055 1461/59/3056
f 1461/59/3056 1480/59/3055 1479/61/3054
f 1463/33/3057 1493/33/3057 1492/35/3057
f 1492/35/3057 1470/35/3057 1463/33/3057
f 1443/8/3058 1465/6/3058 1504/6/3058
f 1504/6/3058 1444/8/3058 1443/8/3058
f 1474/62/3059 1468/61/3059 1479/61/3059
f 1479/61/3059 1478/62/3060 1474/62/3059
f 1491/37/3061 1448/37/3062 1470/35/3062
f 1470/35/3062 1492/35/3061 1491/37/3061
